index,image_id,filename,image_path,image_match,category,mean_human_complexity_rating,human_rating_count,human_rating_variance,human_rating_sd,text.no_text,text.axes_labels,text.axes_text,text.titles,text.annotations,text.captions,text.legend_text,text.legend_title,text.text_only,color.black_and_white,color.background_color,color.color_count,data.quantitative,data.categorical,design.chart_count,design.chart_types_count,design.multi_panel,design.area,design.bar,design.circle,design.diagram,design.distribution,design.grid_or_matrix,design.line,design.map,design.point,design.table,design.text,design.trees_or_networks
0,0.png,v487_n7408_11_f2.png,data/science/v487_n7408_11_f2.png,exact,S,75.6,10,321.59999999999997,17.933209417167916,0,1,1,0,1,0,0,0,0,0,0,2,2,0,2,1,1,1,0,0,0,0,0,0,0,0,0,0,0
1,1.png,v488_n7412_16_f2.png,data/science/v488_n7412_16_f2.png,exact,S,71.8,10,1016.6222222222223,31.884513830733287,0,1,1,0,1,0,0,0,0,0,1,4,1,4,1,1,1,0,1,0,0,0,0,0,0,0,0,0,0
2,2.png,economist_daily_chart_293.png,data/news/economist_daily_chart_293.png,exact,N,47.3,10,616.4555555555555,24.82852302404546,0,0,1,1,1,1,0,0,0,0,1,2,2,3,2,2,1,0,1,0,0,0,0,1,0,0,0,0,0
3,3.png,wsj463.png,data/news/wsj463.png,exact,N,27.1,10,487.2111111111111,22.07285915125431,0,0,0,1,1,1,0,0,1,1,0,2,1,2,1,1,0,0,0,0,0,0,0,0,0,0,1,0,0
4,4.png,visMost451.png,data/vis1/visMost451.png,exact,I,44.9,10,613.2111111111111,24.763099788013438,0,0,1,1,0,0,0,0,0,0,0,13,0,2,1,1,0,0,0,0,0,0,0,0,0,0,1,0,0
5,5.png,visMost337.png,data/vis1/visMost337.png,exact,I,68.8,10,419.06666666666666,20.471117865584837,0,0,0,0,0,0,0,0,1,0,0,6,0,1,1,1,0,0,0,0,1,0,0,0,0,0,0,0,0
6,6.png,v490_n7420_16_f3.png,data/science/v490_n7420_16_f3.png,exact,S,60.0,10,751.7777777777778,27.418566296905055,0,1,1,0,0,0,1,0,0,0,0,7,2,4,5,3,1,1,1,0,0,0,0,1,0,0,0,0,0
7,7.png,vis262.png,data/vis2/vis262.png,exact,I,67.5,10,526.9444444444445,22.95527051560152,0,0,0,1,1,1,0,0,0,0,1,5,1,1,17,2,1,0,1,0,0,1,0,0,0,0,0,0,0
8,8.png,whoH02_3.png,data/government/whoH02_3.png,exact,G,23.2,10,326.4,18.066543665017942,0,1,1,1,1,0,1,0,0,0,0,3,2,1,1,1,1,0,1,0,0,0,0,0,0,0,0,0,0
9,9.png,wsj305.png,data/news/wsj305.png,exact,N,30.1,10,1204.1000000000001,34.70014409191985,0,0,0,0,0,1,1,0,0,0,1,3,0,1,1,1,0,0,0,0,0,0,0,0,1,0,0,0,0
10,10.png,v487_n7406_20_f1.png,data/science/v487_n7406_20_f1.png,exact,S,78.4,10,298.7111111111111,17.283261009170438,0,1,1,0,1,0,1,0,0,0,0,6,2,3,3,3,1,0,1,0,0,1,0,1,0,0,0,0,0
11,11.png,wsj311.png,data/news/wsj311.png,exact,N,14.6,10,216.04444444444442,14.698450409633134,0,0,0,0,0,0,0,0,1,0,1,3,0,0,0,1,0,0,0,0,0,0,0,0,0,0,1,0,0
12,12.png,visMost323.png,data/vis1/visMost323.png,exact,I,70.1,10,372.76666666666665,19.30716619979915,0,0,1,1,1,1,0,0,0,0,0,1,1,2,4,3,1,1,0,0,1,0,0,0,1,0,0,0,0
13,13.png,vis276.png,data/vis2/vis276.png,exact,I,47.3,10,1147.7888888888888,33.87903317523817,0,0,0,1,1,1,0,0,0,0,1,4,0,1,4,3,1,0,1,1,0,1,0,0,0,0,0,0,0
14,14.png,v484_n7393_16_f4.png,data/science/v484_n7393_16_f4.png,exact,S,90.2,10,91.5111111111111,9.566144004305555,0,1,1,1,0,0,1,1,0,0,0,8,6,4,15,4,1,0,1,0,0,0,1,1,0,1,0,0,0
15,15.png,vis510.png,data/vis3/vis510.png,exact,I,57.5,10,985.8333333333334,31.397982950077118,0,0,0,1,1,1,0,0,0,0,1,7,0,1,4,1,0,0,0,0,0,0,0,0,0,0,1,0,0
16,16.png,v486_n7401_14_f4.png,data/science/v486_n7401_14_f4.png,exact,S,77.4,10,156.26666666666668,12.500666648889837,0,1,1,0,1,0,1,0,0,0,0,6,2,2,5,2,1,0,1,0,0,0,0,0,0,0,1,0,0
17,17.png,whoI06.png,data/government/whoI06.png,exact,G,57.3,10,500.4555555555555,22.370863987686203,0,1,1,0,1,1,0,0,0,1,0,0,2,0,1,1,0,0,0,0,0,0,0,1,0,0,0,0,0
18,18.png,visMost445.png,data/vis1/visMost445.png,exact,I,61.0,10,964.4444444444445,31.055505863605642,0,0,1,1,1,1,0,0,0,0,1,10,1,0,1,1,0,0,0,0,1,0,0,0,0,0,0,0,0
19,19.png,economist_daily_chart_287.png,data/news/economist_daily_chart_287.png,exact,N,32.1,10,970.3222222222223,31.149995541287357,0,1,1,1,0,1,1,1,0,0,1,3,1,1,1,1,0,0,1,0,0,0,0,0,0,0,0,0,0
20,20.png,wsj477.png,data/news/wsj477.png,exact,N,30.7,10,400.23333333333335,20.00583248288692,0,0,0,1,1,1,0,0,0,0,1,7,1,1,1,1,1,0,0,0,0,1,0,0,0,0,0,0,0
21,21.png,vis538.png,data/vis3/vis538.png,exact,I,54.9,10,991.6555555555556,31.490562960283125,0,0,0,1,1,1,0,0,0,0,1,5,0,1,6,3,1,0,1,1,0,0,0,1,0,0,0,0,0
22,22.png,vis89.png,data/vis2/vis89.png,exact,I,46.8,10,835.5111111111112,28.905209065341687,0,0,0,1,1,0,1,0,0,0,1,6,0,1,3,3,1,0,1,1,0,0,0,0,0,0,0,0,1
23,23.png,v484_n7393_18_f1.png,data/science/v484_n7393_18_f1.png,exact,S,77.2,10,580.8444444444444,24.10071460443537,0,0,0,0,1,0,0,0,0,0,0,5,0,3,8,1,1,0,0,0,1,0,0,0,0,0,0,0,0
24,24.png,wsj339.png,data/news/wsj339.png,exact,N,44.7,10,625.3444444444444,25.006887940014536,0,0,0,1,1,1,0,0,0,0,0,4,1,1,5,2,1,0,0,1,0,0,0,0,1,0,0,0,0
25,25.png,visMost479.png,data/vis1/visMost479.png,exact,I,79.4,10,547.8222222222222,23.40560236828401,0,0,0,1,1,0,0,0,0,0,1,5,0,2,1,1,0,0,0,0,1,0,0,0,0,0,0,0,0
26,26.png,vis76.png,data/vis2/vis76.png,exact,I,40.8,10,786.4,28.042824394129774,0,1,1,1,1,1,0,0,0,0,1,3,2,0,1,1,0,0,1,0,0,0,0,0,0,0,0,0,0
27,27.png,whoQ52_1.png,data/government/whoQ52_1.png,exact,G,20.4,10,292.26666666666665,17.095808453146248,0,0,1,1,0,0,0,0,0,0,0,1,1,1,1,1,0,0,1,0,0,0,0,0,0,0,0,0,0
28,28.png,visMost492.png,data/vis1/visMost492.png,exact,I,74.7,10,602.4555555555555,24.544970066299847,0,0,1,1,1,1,0,0,0,0,1,8,0,1,2,2,1,0,0,0,1,0,0,0,1,0,0,0,0
29,29.png,whoG09.png,data/government/whoG09.png,exact,G,35.4,10,662.9333333333334,25.747491787227226,0,1,1,1,0,0,1,0,0,0,0,3,1,1,1,1,1,0,1,0,0,0,0,0,0,0,0,0,0
30,30.png,economist_daily_chart_250.png,data/news/economist_daily_chart_250.png,exact,N,36.6,10,668.9333333333333,25.863745539525656,0,1,1,1,0,1,1,0,0,0,1,4,2,1,1,1,0,0,1,0,0,0,0,0,0,0,0,0,0
31,31.png,v485_n7396_15_f3.png,data/science/v485_n7396_15_f3.png,exact,S,54.1,10,754.1,27.460881267723366,0,1,1,0,0,0,1,0,0,0,0,3,4,2,4,1,1,0,0,0,0,0,0,1,0,0,0,0,0
32,32.png,np_27.png,data/news/np_27.png,exact,N,64.3,10,689.3444444444444,26.255369821132675,0,0,1,1,1,0,1,0,0,0,0,2,5,2,11,4,1,0,1,1,0,1,0,0,1,0,0,0,0
33,33.png,v483_n7387_14_f5.png,data/science/v483_n7387_14_f5.png,exact,S,81.5,10,242.27777777777777,15.565274741480723,0,1,1,0,0,1,1,0,0,0,0,3,4,5,6,3,1,0,1,0,0,1,0,1,0,0,0,0,0
34,34.png,whoQ17_1.png,data/government/whoQ17_1.png,exact,G,70.5,10,516.9444444444445,22.736412303713276,0,1,1,1,0,1,0,0,0,0,0,1,1,1,1,1,0,0,1,0,0,0,0,0,0,0,0,0,0
35,35.png,v490_n7419_9_f2.png,data/science/v490_n7419_9_f2.png,exact,S,75.6,10,627.6,25.051946032194785,0,1,1,0,0,0,1,1,0,0,1,7,3,0,2,2,1,0,0,0,0,0,0,0,1,1,0,0,0
36,36.png,treasuryA13.png,data/government/treasuryA13.png,exact,G,52.8,10,540.6222222222221,23.251284313392716,0,1,1,1,1,1,0,0,0,0,0,7,2,3,3,2,1,1,0,0,0,0,0,1,0,0,0,0,0
37,37.png,economist_daily_chart_522.png,data/news/economist_daily_chart_522.png,exact,N,36.4,10,1027.3777777777777,32.05273432607237,0,0,1,1,1,1,0,0,0,0,1,2,2,0,1,1,0,0,0,0,0,1,0,0,0,0,0,0,0
38,38.png,economist_daily_chart_244.png,data/news/economist_daily_chart_244.png,exact,N,28.9,10,819.6555555555555,28.629627233960896,0,0,0,1,0,1,0,0,1,0,1,2,1,2,1,1,0,0,0,0,0,0,0,0,0,0,1,0,0
39,39.png,v489_n7416_8_f3.png,data/science/v489_n7416_8_f3.png,exact,S,70.0,10,904.6666666666666,30.077677215281547,0,1,1,0,1,0,0,0,0,0,0,8,2,1,3,2,1,0,0,0,1,0,0,1,0,0,0,0,0
40,40.png,v490_n7420_1_f2.png,data/science/v490_n7420_1_f2.png,exact,S,83.4,10,171.15555555555557,13.082643293904928,0,1,1,0,0,0,0,0,0,0,0,4,11,5,12,3,1,0,1,0,1,0,0,0,0,1,0,0,0
41,41.png,vis62.png,data/vis2/vis62.png,exact,I,44.4,10,1034.0444444444445,32.15656145243836,0,0,1,1,1,1,0,0,0,0,1,6,0,2,3,1,1,0,0,0,0,0,0,1,0,0,0,0,0
42,42.png,visMost486.png,data/vis1/visMost486.png,exact,I,41.0,10,1150.4444444444443,33.91820225844,0,0,0,1,1,0,0,0,1,0,1,5,1,1,1,1,1,0,1,0,0,0,0,0,0,0,0,0,0
43,43.png,v487_n7405_11_f1.png,data/science/v487_n7405_11_f1.png,exact,S,65.4,10,1135.1555555555556,33.69206962410525,0,0,0,0,0,0,0,0,1,0,0,1,0,0,3,1,1,0,0,0,1,0,0,0,0,0,0,0,0
44,44.png,v485_n7397_13_f1.png,data/science/v485_n7397_13_f1.png,exact,S,81.0,10,188.0,13.711309200802088,0,1,1,0,0,0,1,0,0,0,0,5,2,2,9,1,1,1,0,0,0,0,0,0,0,0,0,0,0
45,45.png,whoP04.png,data/government/whoP04.png,exact,G,49.5,10,637.1666666666666,25.242160499186014,0,1,1,0,0,1,0,0,0,0,0,1,2,0,1,1,0,0,0,0,0,0,0,1,0,0,0,0,0
46,46.png,v483_n7391_21_f2.png,data/science/v483_n7391_21_f2.png,exact,S,84.3,10,156.23333333333332,12.499333315554606,0,0,0,0,1,0,0,0,0,0,0,8,0,4,4,1,1,0,0,0,1,0,0,0,0,0,0,0,0
47,47.png,v485_n7399_8_f1.png,data/science/v485_n7399_8_f1.png,exact,S,74.9,10,241.2111111111111,15.530972638927386,0,0,1,0,1,0,0,0,0,0,0,4,0,1,2,1,1,0,0,0,1,0,0,0,0,0,0,0,0
48,48.png,treasuryA2.png,data/government/treasuryA2.png,exact,G,42.3,10,674.0111111111111,25.961723962616794,0,0,1,1,1,1,0,0,0,0,0,3,2,2,2,1,1,0,0,0,0,0,0,1,0,0,0,0,0
49,49.png,whoN16_2.png,data/government/whoN16_2.png,exact,G,31.3,10,591.7888888888889,24.326711427747256,0,0,0,1,0,1,0,0,0,0,1,7,1,1,1,1,0,0,0,1,0,0,0,0,0,0,0,0,0
50,50.png,vis289.png,data/vis2/vis289.png,exact,I,59.0,10,517.3333333333334,22.744962812309307,0,0,0,0,0,0,0,0,1,0,0,1,0,0,1,1,0,0,0,0,0,0,0,0,0,0,1,0,0
51,51.png,v482_n7386_14_f3.png,data/science/v482_n7386_14_f3.png,exact,S,81.3,10,260.23333333333335,16.131749233524967,0,0,1,0,0,0,1,0,0,0,0,5,2,3,12,1,1,0,0,0,1,0,0,0,0,0,0,0,0
52,52.png,economist_daily_chart_278.png,data/news/economist_daily_chart_278.png,exact,N,39.4,10,1142.7111111111112,33.804010281490434,0,1,1,1,0,1,1,0,0,0,1,3,2,2,1,1,0,0,1,0,0,0,0,0,0,0,0,0,0
53,53.png,whoP10.png,data/government/whoP10.png,exact,G,41.3,10,848.6777777777778,29.132074724910648,0,0,0,1,0,1,0,0,1,0,0,2,0,1,1,1,0,0,0,0,0,0,0,0,0,0,1,0,0
54,54.png,wsj488.png,data/news/wsj488.png,exact,N,33.5,10,799.6111111111111,28.277395762536393,0,0,0,1,0,1,0,0,0,0,1,3,0,0,0,1,0,0,0,0,0,0,0,0,0,0,1,0,0
55,55.png,v488_n7410_17_f1.png,data/science/v488_n7410_17_f1.png,exact,S,77.8,10,282.4,16.804761230080004,0,1,1,0,0,0,1,0,0,0,0,1,4,5,8,2,1,0,1,0,1,0,0,0,0,0,0,0,0
56,56.png,v485_n7398_12_f1.png,data/science/v485_n7398_12_f1.png,exact,S,56.7,10,599.3444444444444,24.481512298966425,0,0,1,1,0,0,1,0,0,0,0,6,2,0,2,2,1,1,0,0,0,0,0,0,1,0,0,0,0
57,57.png,economist_daily_chart_95.png,data/news/economist_daily_chart_95.png,exact,N,53.1,10,479.2111111111111,21.890891053383623,0,0,0,1,1,0,1,1,0,0,0,6,1,1,1,1,0,0,0,0,0,0,0,0,1,0,0,0,0
58,58.png,wsj107.png,data/news/wsj107.png,exact,N,38.3,10,700.0111111111111,26.45772309007544,0,0,1,1,1,1,0,0,0,0,0,3,2,0,1,1,1,0,1,0,0,0,0,0,0,0,0,0,0
59,59.png,visMost135.png,data/vis1/visMost135.png,exact,I,33.5,10,675.3888888888889,25.98824520603284,0,0,0,1,0,0,1,0,0,0,0,7,0,1,1,1,0,0,0,0,0,0,0,0,1,0,0,0,0
60,60.png,visMost653.png,data/vis1/visMost653.png,exact,I,17.1,10,195.65555555555554,13.987693003335309,0,0,0,1,0,1,0,0,0,0,1,7,1,1,1,1,0,0,1,0,0,0,0,0,0,0,0,0,0
61,61.png,v483_n7390_5_f2.png,data/science/v483_n7390_5_f2.png,exact,S,74.8,10,235.2888888888889,15.33912933933634,0,1,1,1,0,0,0,0,0,0,0,3,3,1,3,3,1,0,0,0,1,1,0,1,0,0,0,0,0
62,62.png,whoK10.png,data/government/whoK10.png,exact,G,38.7,10,663.1222222222223,25.751159628689003,0,0,0,1,0,0,1,0,0,0,0,4,1,0,2,1,1,0,0,0,0,0,0,0,1,0,0,0,0
63,63.png,vis706.png,data/vis3/vis706.png,exact,I,71.7,10,884.2333333333333,29.736061160371147,0,0,1,1,1,0,0,0,0,0,1,20,5,2,2,3,1,0,0,1,0,0,0,1,0,0,0,0,1
64,64.png,v484_n7394_2_f2.png,data/science/v484_n7394_2_f2.png,exact,S,64.5,10,833.8333333333334,28.87617241487059,0,1,1,1,0,0,1,0,0,0,0,6,4,4,5,4,1,1,1,0,0,1,0,1,0,0,0,0,0
65,65.png,treasuryD07_2.png,data/government/treasuryD07_2.png,exact,G,28.8,10,488.62222222222226,22.104800886283105,0,0,0,1,0,1,0,0,1,0,1,3,4,1,1,1,0,0,0,0,0,0,0,0,0,0,1,0,0
66,66.png,v485_n7396_23_f2.png,data/science/v485_n7396_23_f2.png,exact,S,63.6,10,464.93333333333334,21.562312801119766,0,1,1,0,1,0,1,0,0,0,0,6,3,2,3,2,1,0,1,0,0,0,0,1,0,0,0,0,0
67,67.png,v483_n7387_7_f1.png,data/science/v483_n7387_7_f1.png,exact,S,73.0,10,383.1111111111111,19.573224341204263,0,1,1,1,1,0,0,0,0,0,0,9,2,2,2,2,1,0,0,0,0,0,0,1,0,1,0,0,0
68,68.png,visMost647.png,data/vis1/visMost647.png,exact,I,51.9,10,636.1,25.221022976873876,0,0,0,1,0,1,0,0,0,0,0,7,0,0,1,1,0,0,0,0,0,1,0,0,0,0,0,0,0
69,69.png,vis712.png,data/vis3/vis712.png,exact,I,26.1,10,267.2111111111111,16.34659325704017,0,0,0,1,0,0,0,0,0,0,0,2,0,0,1,1,1,0,0,0,0,0,0,0,0,0,1,0,0
70,70.png,v484_n7395_2_f2.png,data/science/v484_n7395_2_f2.png,exact,S,78.8,10,749.5111111111111,27.377200571115942,0,1,1,1,1,0,0,0,0,0,1,9,2,1,2,1,1,0,0,0,0,0,0,0,0,1,0,0,0
71,71.png,visMost121.png,data/vis1/visMost121.png,exact,I,36.6,10,556.7111111111111,23.594726341093917,0,0,0,1,1,1,0,0,0,0,0,7,0,1,1,1,0,0,0,0,0,0,0,0,0,0,1,0,0
72,72.png,v483_n7391_5_f2.png,data/science/v483_n7391_5_f2.png,exact,S,83.3,10,152.9,12.365273955719704,0,1,1,1,1,0,0,0,0,0,0,3,1,1,11,1,1,0,0,0,0,0,0,0,0,1,0,0,0
73,73.png,economist_daily_chart_81.png,data/news/economist_daily_chart_81.png,exact,N,35.5,10,695.8333333333334,26.378652985574025,0,0,1,1,0,1,0,0,0,0,0,2,2,1,1,1,0,0,1,0,0,0,0,0,0,0,0,0,0
74,74.png,wsj113.png,data/news/wsj113.png,exact,N,26.6,10,241.6,15.543487382180357,0,0,0,1,0,1,0,0,0,0,1,2,1,1,1,1,0,0,0,0,0,0,0,0,0,0,1,0,0
75,75.png,visMost109.png,data/vis1/visMost109.png,exact,I,45.7,10,1002.6777777777778,31.665087679931943,0,0,0,1,1,0,0,0,0,0,1,5,3,3,6,4,1,0,1,1,1,1,0,0,0,0,0,0,0
76,76.png,v489_n7414_5_f4.png,data/science/v489_n7414_5_f4.png,exact,S,77.3,10,407.34444444444443,20.182775935050273,0,1,1,0,1,0,0,0,0,0,0,7,8,0,4,3,1,0,0,0,0,1,0,1,0,1,0,0,0
77,77.png,v488_n7411_11_f3.png,data/science/v488_n7411_11_f3.png,exact,S,80.3,10,237.34444444444443,15.405987292103172,0,1,1,1,0,0,1,1,0,0,0,9,3,0,4,1,1,1,0,0,0,0,0,0,0,0,0,0,0
78,78.png,visMost12.png,data/vis1/visMost12.png,exact,I,40.3,10,1252.6777777777777,35.39318829630608,0,0,0,1,1,0,0,0,1,0,1,4,0,1,1,1,1,0,0,0,0,0,0,0,0,0,1,0,0
79,79.png,v487_n7408_7_f2.png,data/science/v487_n7408_7_f2.png,exact,S,72.8,10,902.6222222222223,30.04367191643229,0,1,1,1,1,0,0,0,0,0,0,10,4,1,3,3,1,0,0,0,1,0,0,1,0,1,0,0,0
80,80.png,v489_n7415_5_f4.png,data/science/v489_n7415_5_f4.png,exact,S,45.3,10,991.7888888888889,31.492679925482506,0,1,1,0,1,0,0,0,0,0,0,1,1,1,1,1,0,0,1,0,0,0,0,0,0,0,0,0,0
81,81.png,v483_n7391_17_f3.png,data/science/v483_n7391_17_f3.png,exact,S,75.0,10,682.0,26.115129714401192,0,1,1,1,0,0,1,0,0,1,0,1,6,5,11,3,1,0,1,1,0,0,0,1,0,0,0,0,0
82,82.png,v488_n7410_19_f4.png,data/science/v488_n7410_19_f4.png,exact,S,62.9,10,519.4333333333333,22.791080126517333,0,1,1,0,0,0,0,0,0,1,0,0,1,3,4,2,1,0,1,0,0,0,0,0,0,0,1,0,0
83,83.png,economist_daily_chart_56.png,data/news/economist_daily_chart_56.png,exact,N,58.1,10,739.2111111111111,27.18843708474452,0,0,0,1,0,1,1,1,0,0,1,15,1,1,15,1,1,0,0,0,0,0,0,0,0,0,1,0,0
84,84.png,visMost690.png,data/vis1/visMost690.png,exact,I,52.5,10,1172.5,34.241787336527864,0,0,0,1,0,0,0,0,1,1,0,0,0,0,1,1,0,0,0,0,1,0,0,0,0,0,0,0,0
85,85.png,whoQ50_3.png,data/government/whoQ50_3.png,exact,G,59.7,10,498.2333333333333,22.321140950527894,0,1,1,1,0,0,1,0,0,0,0,8,2,1,1,1,0,1,0,0,0,0,0,0,0,0,0,0,0
86,86.png,v487_n7405_1_f5.png,data/science/v487_n7405_1_f5.png,exact,S,80.3,10,303.56666666666666,17.423164657049725,0,1,0,1,1,0,0,0,0,0,0,4,1,3,7,1,1,0,0,0,0,0,0,1,0,0,0,0,0
87,87.png,visMost684.png,data/vis1/visMost684.png,exact,I,50.2,10,983.9555555555555,31.368065856146686,0,1,1,1,0,1,1,0,0,0,1,6,2,3,4,3,1,1,1,0,0,0,0,0,1,0,0,0,0
88,88.png,vis909.png,data/vis3/vis909.png,exact,I,68.9,10,766.3222222222222,27.6825255752112,0,1,0,1,0,0,0,0,0,0,1,16,1,3,1,1,0,0,0,0,0,1,0,0,0,0,0,0,0
89,89.png,whoC21_2.png,data/government/whoC21_2.png,exact,G,50.4,10,886.2666666666667,29.770231216211048,0,0,0,1,0,0,1,1,0,0,0,1,1,1,1,1,1,0,0,0,0,0,0,0,1,0,0,0,0
90,90.png,treasuryG06_2.png,data/government/treasuryG06_2.png,exact,G,74.2,10,644.6222222222223,25.389411616306163,0,1,1,0,0,1,1,0,0,0,0,10,2,1,1,1,0,0,1,0,0,0,0,0,0,0,0,0,0
91,91.png,economist_daily_chart_42.png,data/news/economist_daily_chart_42.png,exact,N,45.2,10,1125.7333333333333,33.551949769474405,0,0,1,1,1,1,1,0,0,0,0,3,3,1,2,2,1,0,1,0,0,0,0,1,0,0,0,0,0
92,92.png,v488_n7412_20_f3.png,data/science/v488_n7412_20_f3.png,exact,S,64.9,10,754.7666666666667,27.47301706523451,0,1,1,0,0,0,1,0,0,1,0,0,5,4,5,1,1,0,1,0,0,0,0,0,0,0,0,0,0
93,93.png,whoK27_2.png,data/government/whoK27_2.png,exact,G,39.5,10,987.8333333333334,31.429815992673795,0,1,1,1,1,0,1,0,0,0,0,1,2,2,1,2,0,0,0,0,0,0,0,1,0,1,0,0,0
94,94.png,v487_n7407_10_f2.png,data/science/v487_n7407_10_f2.png,exact,S,65.2,10,679.0666666666666,26.05890762612022,0,1,1,0,0,0,1,0,0,0,0,5,4,0,4,2,1,1,0,0,0,0,0,1,0,0,0,0,0
95,95.png,v485_n7397_3_f1.png,data/science/v485_n7397_3_f1.png,exact,S,87.6,10,108.71111111111111,10.426462061078587,1,0,0,0,0,0,0,0,0,0,0,4,0,1,4,1,1,0,0,0,1,0,0,0,0,0,0,0,0
96,96.png,vis921.png,data/vis3/vis921.png,exact,I,41.7,10,443.34444444444443,21.05574611464634,0,0,0,1,1,1,0,0,0,0,1,2,1,2,6,3,1,0,0,1,0,1,0,0,1,0,0,0,0
97,97.png,v485_n7396_3_f1.png,data/science/v485_n7396_3_f1.png,exact,S,77.6,10,536.7111111111111,23.167026376104275,0,1,1,1,1,0,1,0,0,1,0,0,6,1,12,3,1,0,1,0,1,0,0,1,0,0,0,0,0
98,98.png,vis935.png,data/vis3/vis935.png,exact,I,62.2,10,488.4,22.09977375449803,0,1,1,1,1,1,1,0,0,0,1,6,2,1,2,2,1,0,0,0,0,0,0,1,0,0,1,0,0
99,99.png,v489_n7414_12_f4.png,data/science/v489_n7414_12_f4.png,exact,S,73.1,10,634.3222222222222,25.18575435086712,0,1,1,0,0,0,0,0,0,1,0,0,1,3,4,1,1,0,1,0,0,0,0,0,0,0,0,0,0
100,100.png,v489_n7417_21_f1.png,data/science/v489_n7417_21_f1.png,exact,S,66.9,10,410.76666666666665,20.26737937343323,0,1,1,1,0,0,1,0,0,0,0,10,6,4,8,3,1,0,1,1,1,0,0,0,0,0,0,0,0
101,101.png,v489_n7415_9_f4.png,data/science/v489_n7415_9_f4.png,exact,S,72.4,10,620.2666666666667,24.905153415842808,0,1,1,1,0,0,1,0,0,0,0,11,5,3,3,3,1,0,1,0,0,0,0,1,1,0,0,0,0
102,102.png,whoM02.png,data/government/whoM02.png,exact,G,32.5,10,877.8333333333334,29.62825228280152,0,0,0,1,0,0,0,0,1,1,0,0,2,0,1,1,0,0,0,0,0,0,0,0,0,0,1,0,0
103,103.png,vis114.png,data/vis2/vis114.png,exact,I,64.0,10,718.6666666666666,26.807959017177467,0,0,1,1,1,1,0,0,0,0,1,6,4,1,12,3,1,0,1,1,0,0,0,0,0,0,1,0,0
104,104.png,v488_n7410_15_f4.png,data/science/v488_n7410_15_f4.png,exact,S,71.0,10,832.6666666666666,28.855964143772194,0,0,1,0,1,0,0,0,0,0,0,4,1,1,1,1,0,0,0,0,1,0,0,0,0,0,0,0,0
105,105.png,vis672.png,data/vis3/vis672.png,exact,I,60.3,10,1360.4555555555555,36.88435380422918,0,1,0,1,1,1,1,0,0,0,1,12,5,4,6,3,1,1,1,1,0,0,0,0,0,0,0,0,0
106,106.png,v483_n7389_11_f2.png,data/science/v483_n7389_11_f2.png,exact,S,70.8,10,536.4,23.16031087874254,0,0,0,0,1,0,0,0,0,0,0,3,0,1,7,1,1,0,0,0,1,0,0,0,0,0,0,0,0
107,107.png,v489_n7414_9_f4.png,data/science/v489_n7414_9_f4.png,exact,S,72.8,10,482.84444444444443,21.973721679416176,0,1,1,0,0,0,0,0,0,1,1,0,3,0,1,2,1,0,1,0,0,1,0,0,0,0,0,0,0
108,108.png,v486_n7403_17_f2.png,data/science/v486_n7403_17_f2.png,exact,S,56.5,10,611.6111111111111,24.730772553867197,0,1,1,0,1,0,1,0,0,0,0,6,2,1,2,2,1,0,1,0,0,0,0,0,0,1,0,0,0
109,109.png,vis666.png,data/vis3/vis666.png,exact,I,64.7,10,420.4555555555555,20.505012937219902,0,0,0,1,1,1,0,0,0,0,1,10,0,0,1,1,0,0,0,0,1,0,0,0,0,0,0,0,0
110,110.png,visMost733.png,data/vis1/visMost733.png,exact,I,62.4,10,843.6,29.04479299289289,0,1,1,1,0,1,1,0,0,0,0,7,4,4,12,2,1,0,1,1,0,0,0,0,0,0,0,0,0
111,111.png,v483_n7387_20_f1.png,data/science/v483_n7387_20_f1.png,exact,S,78.7,10,680.9,26.094060626893622,0,0,0,0,1,0,0,0,0,0,0,5,0,0,5,1,1,0,0,0,1,0,0,0,0,0,0,0,0
112,112.png,v485_n7399_18_f3.png,data/science/v485_n7399_18_f3.png,exact,S,72.9,10,588.9888888888888,24.26909328526488,0,1,1,1,0,0,1,0,0,1,0,7,2,2,2,2,1,0,1,0,0,0,1,0,0,0,0,0,0
113,113.png,vis100.png,data/vis2/vis100.png,exact,I,60.8,10,986.8444444444444,31.414080353313615,0,0,0,1,1,1,0,0,0,0,0,2,0,1,6,3,1,0,0,0,1,0,0,0,1,0,1,0,0
114,114.png,vis128.png,data/vis2/vis128.png,exact,I,42.3,10,879.7888888888889,29.661235457898393,0,0,0,1,1,1,0,0,0,0,1,6,0,1,1,1,1,0,0,0,1,0,0,0,0,0,0,0,0
115,115.png,v489_n7414_7_f1.png,data/science/v489_n7414_7_f1.png,exact,S,81.8,10,209.06666666666666,14.459137825841022,0,1,1,0,1,0,1,0,0,0,0,8,1,2,6,2,1,0,0,0,0,1,1,0,0,0,0,0,0
116,116.png,vis896.png,data/vis3/vis896.png,exact,I,76.8,10,713.9555555555555,26.71994677306741,0,1,0,1,1,0,0,0,0,0,0,4,0,1,1,1,0,0,1,0,0,0,0,0,0,0,0,0,0
117,117.png,v483_n7391_9_f2.png,data/science/v483_n7391_9_f2.png,exact,S,68.9,10,568.9888888888889,23.853487981611597,0,1,1,0,1,0,1,0,0,0,0,2,2,4,2,2,1,0,0,0,0,0,0,1,0,1,0,0,0
118,118.png,vis882.png,data/vis3/vis882.png,exact,I,48.2,10,480.4,21.91802910847597,0,0,0,1,0,1,0,0,1,0,1,5,1,1,10,2,1,0,0,0,0,1,0,0,0,0,1,0,0
119,119.png,v489_n7415_7_f1.png,data/science/v489_n7415_7_f1.png,exact,S,65.2,10,622.1777777777778,24.94349169177759,0,0,0,1,1,0,0,0,0,0,0,2,0,0,3,1,1,0,0,0,1,0,0,0,0,0,0,0,0
120,120.png,v490_n7418_18_f4.png,data/science/v490_n7418_18_f4.png,exact,S,84.4,10,272.26666666666665,16.50050504277571,0,1,1,0,0,0,1,0,0,0,0,3,10,5,14,4,1,0,1,0,1,0,0,1,0,1,0,0,0
121,121.png,economist_daily_chart_126.png,data/news/economist_daily_chart_126.png,exact,N,53.0,10,837.5555555555555,28.94055209486432,0,1,1,1,0,0,0,0,0,0,1,3,1,1,1,1,0,0,0,0,0,0,0,0,1,0,0,0,0
122,122.png,vis869.png,data/vis3/vis869.png,exact,I,55.3,10,999.1222222222223,31.608894669415793,0,0,0,1,1,1,0,0,0,0,1,4,2,0,4,2,1,0,1,0,0,0,0,0,0,0,0,1,0
123,123.png,economist_daily_chart_132.png,data/news/economist_daily_chart_132.png,exact,N,55.2,10,904.6222222222223,30.076938378469013,0,0,1,1,1,1,1,1,0,0,0,4,0,1,1,1,0,0,1,0,0,0,0,0,0,0,0,0,0
124,124.png,v489_n7415_16_f3.png,data/science/v489_n7415_16_f3.png,exact,S,69.1,10,481.65555555555557,21.94665249088242,0,1,1,0,0,0,1,0,0,0,0,6,5,7,8,2,1,0,1,0,1,0,0,0,0,0,0,0,0
125,125.png,v484_n7394_10_f1.png,data/science/v484_n7394_10_f1.png,exact,S,52.5,10,865.6111111111111,29.42126970596461,0,0,0,0,0,0,1,1,0,1,0,0,1,1,1,1,0,0,0,0,0,0,0,0,1,0,0,0,0
126,126.png,whoQ56_5.png,data/government/whoQ56_5.png,exact,G,41.3,10,836.4555555555555,28.921541375859544,0,1,1,1,0,0,1,0,0,0,0,4,1,1,1,1,0,0,0,0,0,0,0,1,0,0,0,0,0
127,127.png,whoC25.png,data/government/whoC25.png,exact,G,31.2,10,861.2888888888889,29.347723742888288,0,0,0,1,0,0,1,0,0,0,0,4,0,1,1,1,1,0,0,0,0,0,0,0,1,0,0,0,0
128,128.png,vis855.png,data/vis3/vis855.png,exact,I,60.8,10,672.8444444444444,25.939245255875207,0,1,0,1,1,1,1,0,0,0,1,1,0,1,12,3,1,0,1,1,0,0,0,0,0,0,1,0,0
129,129.png,v485_n7397_1_f4.png,data/science/v485_n7397_1_f4.png,exact,S,81.9,10,278.76666666666665,16.696306976893624,0,0,0,1,0,0,1,1,0,0,0,1,2,6,7,3,1,0,1,0,1,0,0,1,0,0,0,0,0
130,130.png,v484_n7395_16_f3.png,data/science/v484_n7395_16_f3.png,exact,S,64.1,10,730.9888888888889,27.03680618876588,0,1,1,1,0,0,0,0,0,0,0,3,2,1,4,2,1,0,0,0,1,0,0,1,0,0,0,0,0
131,131.png,whoO10_1.png,data/government/whoO10_1.png,exact,G,21.7,10,424.2333333333333,20.596925336887864,0,0,0,0,0,0,0,0,1,0,1,2,3,1,1,1,0,0,0,0,0,0,0,0,0,0,1,0,0
132,132.png,vis841.png,data/vis3/vis841.png,exact,I,38.2,10,588.8444444444444,24.26611720989669,0,1,0,1,1,0,0,0,0,0,1,5,0,3,2,2,1,1,1,0,0,0,0,0,0,0,0,0,0
133,133.png,vis699.png,data/vis3/vis699.png,exact,I,41.2,10,857.9555555555555,29.290878367771008,0,1,0,1,0,1,1,0,0,0,0,6,1,1,1,1,1,0,1,0,0,0,0,0,0,0,0,0,0
134,134.png,v490_n7418_16_f1.png,data/science/v490_n7418_16_f1.png,exact,S,80.2,10,407.5111111111111,20.186904445979604,0,1,1,0,0,0,1,0,0,0,0,5,3,2,12,4,1,1,1,0,0,0,0,1,0,1,0,0,0
135,135.png,v485_n7396_1_f4.png,data/science/v485_n7396_1_f4.png,exact,S,82.5,10,278.5,16.688319268278637,0,1,1,0,1,0,1,0,0,0,0,8,1,12,8,3,1,0,1,0,1,1,0,0,0,0,0,0,0
136,136.png,wsj517.png,data/news/wsj517.png,exact,N,48.7,10,672.4555555555555,25.931748023524282,0,1,1,1,1,1,0,0,0,0,1,2,4,1,3,2,1,1,0,0,0,0,0,1,0,0,0,0,0
137,137.png,visMost525.png,data/vis1/visMost525.png,exact,I,59.7,10,728.2333333333333,26.985798734396084,0,0,1,1,1,1,0,0,0,0,1,8,0,1,1,1,0,0,0,0,0,0,0,0,0,0,0,0,1
138,138.png,vis470.png,data/vis2/vis470.png,exact,I,54.3,10,908.9,30.14796842243271,0,0,1,1,1,1,0,0,0,0,1,9,13,10,4,6,1,1,1,0,1,1,0,0,0,0,1,1,0
139,139.png,vis316.png,data/vis2/vis316.png,exact,I,67.7,10,380.4555555555556,19.505269943160375,0,0,1,1,1,1,0,0,0,1,1,6,10,3,1,5,1,0,1,0,1,1,0,0,0,0,1,1,0
140,140.png,visMost243.png,data/vis1/visMost243.png,exact,I,58.0,10,580.6666666666666,24.097026095903757,0,0,1,1,1,1,0,0,0,0,1,5,7,3,4,7,1,1,1,1,1,1,0,0,1,0,0,1,0
141,141.png,economist_daily_chart_481.png,data/news/economist_daily_chart_481.png,exact,N,39.4,10,705.8222222222222,26.567314923082126,0,0,0,0,0,0,0,0,1,0,0,4,0,1,1,1,0,0,0,0,0,0,0,0,0,0,0,1,0
142,142.png,wsj271.png,data/news/wsj271.png,exact,N,32.9,10,336.7666666666667,18.351203411947314,0,1,1,1,1,1,0,0,0,0,1,4,2,2,1,1,0,0,1,0,0,0,0,0,0,0,0,0,0
143,143.png,v486_n7401_16_f1.png,data/science/v486_n7401_16_f1.png,exact,S,73.4,10,569.8222222222222,23.87094933642611,0,0,0,1,0,0,1,0,0,1,1,4,1,4,6,2,1,0,0,0,1,0,1,0,0,0,0,0,0
144,144.png,v484_n7393_14_f1.png,data/science/v484_n7393_14_f1.png,exact,S,75.2,10,287.9555555555555,16.96925324095187,0,1,1,1,1,0,1,0,0,1,1,2,4,3,5,2,1,0,1,0,1,0,0,0,0,0,0,0,0
145,145.png,economist_daily_chart_495.png,data/news/economist_daily_chart_495.png,exact,N,18.0,10,351.77777777777777,18.755739862180263,0,0,1,1,1,1,0,0,0,0,1,3,2,1,1,1,0,0,1,0,0,0,0,0,0,0,0,0,0
146,146.png,wsj265.png,data/news/wsj265.png,exact,N,20.8,10,364.62222222222226,19.095083718649214,0,1,1,1,0,1,0,0,0,0,1,4,2,1,1,1,0,0,0,0,0,0,0,1,0,0,0,0,0
147,147.png,vis302.png,data/vis2/vis302.png,exact,I,50.2,10,726.8444444444444,26.960052752998173,0,0,1,1,1,1,0,0,0,0,1,8,7,5,8,4,1,0,1,0,0,1,0,0,0,0,1,1,0
148,148.png,visMost257.png,data/vis1/visMost257.png,exact,I,38.9,10,379.65555555555557,19.484751873081564,0,0,0,1,1,1,0,0,0,0,0,4,0,5,5,2,0,0,0,0,1,0,0,0,0,0,1,0,0
149,149.png,wsj49.png,data/news/wsj49.png,exact,N,39.8,10,427.5111111111111,20.676341821296898,0,0,1,1,1,1,1,1,0,0,1,4,1,4,5,2,1,0,1,0,0,0,0,0,1,0,0,0,0
150,150.png,whoQ49_2.png,data/government/whoQ49_2.png,exact,G,14.200000000000001,10,152.4,12.345039489608771,0,0,1,1,0,0,0,0,0,0,0,1,1,2,1,1,0,0,1,0,0,0,0,0,0,0,0,0,0
151,151.png,visMost531.png,data/vis1/visMost531.png,exact,I,59.5,10,764.7222222222222,27.653611377580003,0,0,1,1,1,1,1,0,0,0,1,3,1,1,1,4,1,1,1,0,0,0,0,0,1,0,1,0,0
152,152.png,v487_n7406_22_f4.png,data/science/v487_n7406_22_f4.png,exact,S,73.3,10,342.2333333333333,18.49954954406548,0,1,1,1,1,0,1,0,0,0,0,8,1,4,3,3,1,0,1,0,1,0,0,0,0,0,1,0,0
153,153.png,vis464.png,data/vis2/vis464.png,exact,I,50.4,10,296.7111111111111,17.225304383699903,0,0,1,1,1,1,1,1,0,0,1,8,3,3,4,4,1,0,1,1,0,1,0,0,0,0,1,0,0
154,154.png,wsj503.png,data/news/wsj503.png,exact,N,29.7,10,656.2333333333333,25.617051612809256,0,1,1,1,0,1,0,0,0,0,1,6,1,3,1,2,0,0,0,0,1,0,0,0,0,0,1,0,0
155,155.png,visMost519.png,data/vis1/visMost519.png,exact,I,43.5,10,607.1666666666666,24.64075215302217,0,0,0,1,1,1,0,0,0,0,1,9,8,13,1,3,1,0,0,0,0,1,0,0,1,0,0,1,0
156,156.png,v488_n7413_1_f1.png,data/science/v488_n7413_1_f1.png,exact,S,72.6,10,205.6,14.338758663147937,0,1,1,1,1,0,0,0,0,0,0,5,10,2,5,4,1,1,0,0,1,1,0,1,0,0,0,0,0
157,157.png,v488_n7413_12_f5.png,data/science/v488_n7413_12_f5.png,exact,S,66.5,10,321.6111111111111,17.93351920597603,0,1,1,0,1,0,0,0,0,0,0,5,4,2,1,1,0,0,0,0,0,0,0,1,0,0,0,0,0
158,158.png,v484_n7395_20_f2.png,data/science/v484_n7395_20_f2.png,exact,S,52.7,10,303.7888888888889,17.42954069644088,0,1,1,1,1,0,0,0,0,0,0,3,4,4,8,4,1,0,1,0,0,1,0,1,0,1,0,0,0
159,159.png,v486_n7401_18_f4.png,data/science/v486_n7401_18_f4.png,exact,S,64.1,10,402.32222222222225,20.057971538074888,0,1,1,1,1,0,1,0,0,0,0,7,7,8,10,3,1,0,1,0,0,1,0,1,0,0,0,0,0
160,160.png,wsj61.png,data/news/wsj61.png,exact,N,31.1,10,281.2111111111111,16.769350348511153,0,1,1,1,0,1,1,0,0,0,1,4,2,3,12,2,1,0,1,0,0,0,0,0,0,0,1,0,0
161,161.png,wsj75.png,data/news/wsj75.png,exact,N,75.5,10,179.83333333333334,13.410195126594294,0,0,1,1,1,1,1,0,0,0,0,7,5,3,28,6,1,0,1,0,1,1,0,1,1,1,0,0,0
162,162.png,v488_n7412_1_f1.png,data/science/v488_n7412_1_f1.png,exact,S,19.7,10,232.45555555555555,15.246493221575758,0,0,0,1,0,1,0,0,0,1,0,0,0,3,5,1,1,0,0,0,0,0,0,0,0,0,0,0,1
163,163.png,wsj259.png,data/news/wsj259.png,exact,N,61.5,10,281.1666666666667,16.768025127207636,0,0,1,1,1,1,0,0,0,0,0,5,2,1,1,3,0,0,0,1,1,0,0,1,0,0,0,0,0
164,164.png,v484_n7392_12_f3.png,data/science/v484_n7392_12_f3.png,exact,S,68.5,10,300.05555555555554,17.322111752195674,0,1,1,1,1,0,1,0,0,0,0,10,4,4,12,4,1,0,1,0,1,0,0,1,0,1,0,0,0
165,165.png,economist_daily_chart_7.png,data/news/economist_daily_chart_7.png,exact,N,42.6,10,416.0444444444445,20.397167559355992,0,0,1,1,1,1,1,0,0,0,1,4,4,3,4,3,1,0,1,0,0,0,0,0,1,0,1,0,0
166,166.png,economist_daily_chart_324.png,data/news/economist_daily_chart_324.png,exact,N,22.1,10,273.2111111111111,16.529098920119967,0,0,1,1,0,1,1,0,0,0,1,5,1,2,1,1,0,0,1,0,0,0,0,0,0,0,0,0,0
167,167.png,economist_daily_chart_442.png,data/news/economist_daily_chart_442.png,exact,N,67.0,10,1380.6666666666667,37.15732319027659,1,0,0,0,0,0,0,0,0,0,1,4,0,0,1,1,0,0,0,0,0,0,0,0,0,0,0,0,1
168,168.png,v486_n7403_21_f3.png,data/science/v486_n7403_21_f3.png,exact,S,71.2,10,321.5111111111111,17.930730914023307,0,1,1,1,1,0,0,0,0,0,0,6,4,7,8,4,1,0,1,0,1,1,0,0,0,0,1,0,0
169,169.png,v482_n7386_18_f3.png,data/science/v482_n7386_18_f3.png,exact,S,73.5,10,170.94444444444446,13.07457243830346,0,1,1,0,1,0,0,0,0,0,0,9,2,0,4,3,1,0,1,0,1,1,0,0,0,0,0,0,0
170,170.png,visMost280.png,data/vis1/visMost280.png,exact,I,58.1,10,539.4333333333333,23.22570415150708,0,0,0,1,1,1,0,0,0,0,1,7,1,2,4,1,0,0,0,0,1,0,0,0,0,0,0,0,0
171,171.png,whoQ54_7.png,data/government/whoQ54_7.png,exact,G,18.4,10,262.93333333333334,16.21521918856891,0,0,1,1,0,0,1,0,0,0,0,2,1,2,1,1,0,0,1,0,0,0,0,0,0,0,0,0,0
172,172.png,visMost294.png,data/vis1/visMost294.png,exact,I,47.8,10,727.5111111111111,26.972413891068612,0,0,1,1,1,1,1,0,0,0,0,9,8,8,6,3,1,0,1,0,1,0,0,0,0,0,1,0,0
173,173.png,whoB27_1.png,data/government/whoB27_1.png,exact,G,44.1,10,360.3222222222222,18.982155362924996,0,1,1,1,0,1,1,0,0,0,0,13,2,3,2,1,0,0,1,0,0,0,0,0,0,0,0,0,0
174,174.png,economist_daily_chart_456.png,data/news/economist_daily_chart_456.png,exact,N,59.7,10,411.34444444444443,20.281628249340447,0,1,1,1,1,1,0,0,0,0,1,5,3,1,2,3,1,1,0,0,0,0,0,1,0,1,0,0,0
175,175.png,v486_n7404_13_f2.png,data/science/v486_n7404_13_f2.png,exact,S,33.4,10,493.3777777777778,22.212108809786113,0,0,1,1,1,0,1,0,0,1,0,0,1,2,2,1,1,0,1,0,0,0,0,0,0,0,0,0,0
176,176.png,economist_daily_chart_330.png,data/news/economist_daily_chart_330.png,exact,N,16.3,10,343.56666666666666,18.535551426020934,0,0,1,1,0,1,1,0,0,0,1,4,1,2,1,1,0,0,1,0,0,0,0,0,0,0,0,0,0
177,177.png,economist_daily_chart_318.png,data/news/economist_daily_chart_318.png,exact,N,62.9,10,558.7666666666667,23.63824584580393,0,0,1,1,1,1,0,0,0,0,0,2,0,2,1,1,0,0,0,0,0,0,0,0,1,0,0,0,0
178,178.png,v487_n7405_13_f4.png,data/science/v487_n7405_13_f4.png,exact,S,34.0,10,451.55555555555554,21.249836600678968,0,1,1,1,0,1,0,0,1,1,0,0,3,2,1,1,0,0,0,0,0,0,0,0,0,0,1,0,0
179,179.png,v489_n7416_4_f3.png,data/science/v489_n7416_4_f3.png,exact,S,82.1,10,221.87777777777777,14.895562351847538,0,0,0,1,1,0,0,0,0,0,0,10,3,3,5,1,1,0,0,0,1,0,0,0,0,0,0,0,0
180,180.png,v483_n7388_21_f1.png,data/science/v483_n7388_21_f1.png,exact,S,60.6,10,637.1555555555556,25.241940407891697,0,1,1,1,1,0,1,0,0,1,0,0,13,3,19,2,1,0,1,0,0,1,0,0,0,0,0,0,0
181,181.png,v485_n7396_19_f3.png,data/science/v485_n7396_19_f3.png,exact,S,83.5,10,191.61111111111111,13.842366528564078,0,1,1,1,0,0,1,0,0,0,0,10,6,3,11,5,1,1,0,0,1,1,1,0,0,0,1,0,0
182,182.png,v489_n7417_4_f3.png,data/science/v489_n7417_4_f3.png,exact,S,82.7,10,584.4555555555555,24.17551562129659,0,0,0,1,1,0,0,0,0,0,0,12,1,5,9,1,1,0,0,0,1,0,0,0,0,0,0,0,0
183,183.png,v490_n7419_5_f2.png,data/science/v490_n7419_5_f2.png,exact,S,74.2,10,301.73333333333335,17.37047303136369,0,1,1,1,1,0,0,0,0,0,0,7,4,2,14,3,1,0,1,0,1,0,0,1,0,0,0,0,0
184,184.png,v489_n7416_11_f3.png,data/science/v489_n7416_11_f3.png,exact,S,31.0,10,578.0,24.041630560342615,0,1,1,0,1,0,1,0,0,1,0,0,2,1,1,1,0,0,0,0,0,0,0,0,0,1,0,0,0
185,185.png,v490_n7419_5_f3.png,data/science/v490_n7419_5_f3.png,exact,S,68.9,10,360.76666666666665,18.99385865659389,0,1,1,1,1,0,0,0,0,0,0,6,5,6,9,6,1,1,1,1,0,0,0,1,0,1,1,0,0
186,186.png,v489_n7417_4_f2.png,data/science/v489_n7417_4_f2.png,exact,S,68.5,10,114.27777777777777,10.69007847388305,0,1,1,1,0,0,1,0,0,0,0,6,4,2,8,1,1,0,0,0,0,0,0,0,0,1,0,0,0
187,187.png,v485_n7396_19_f2.png,data/science/v485_n7396_19_f2.png,exact,S,81.0,10,181.11111111111111,13.457752825457566,0,1,1,1,1,0,1,0,0,0,1,12,1,4,8,2,1,0,1,0,1,0,0,0,0,0,0,0,0
188,188.png,economist_daily_chart_319.png,data/news/economist_daily_chart_319.png,exact,N,23.8,10,145.2888888888889,12.053584068188552,0,1,0,1,0,1,0,0,0,0,0,6,1,2,1,1,0,0,1,0,0,0,0,0,0,0,0,0,0
189,189.png,v489_n7417_19_f4.png,data/science/v489_n7417_19_f4.png,exact,S,69.6,10,192.93333333333334,13.890044396377332,0,1,1,1,0,0,1,0,0,0,0,6,5,4,9,5,1,0,1,0,1,1,0,0,0,1,1,0,0
190,190.png,v489_n7416_4_f2.png,data/science/v489_n7416_4_f2.png,exact,S,72.4,10,471.1555555555555,21.706117929181982,0,0,0,0,1,0,0,0,0,0,0,10,1,2,5,1,1,0,0,0,1,0,0,0,0,0,0,0,0
191,191.png,v487_n7405_13_f5.png,data/science/v487_n7405_13_f5.png,exact,S,15.5,10,156.27777777777777,12.501111061732784,0,1,1,0,0,1,0,0,0,1,0,0,1,7,1,1,0,0,0,0,0,0,0,0,0,0,1,0,0
192,192.png,economist_daily_chart_457.png,data/news/economist_daily_chart_457.png,exact,N,23.1,10,248.54444444444445,15.765292399586011,0,0,1,1,1,1,1,0,0,0,1,5,1,2,1,1,0,0,1,0,0,0,0,0,0,0,0,0,0
193,193.png,v485_n7398_26_f4.png,data/science/v485_n7398_26_f4.png,exact,S,73.2,10,261.9555555555556,16.185041104537103,0,1,1,1,1,1,0,0,0,0,0,9,4,10,9,2,1,0,1,0,1,0,0,0,0,0,0,0,0
194,194.png,visMost295.png,data/vis1/visMost295.png,exact,I,44.4,10,842.7111111111111,29.02948692469626,0,1,1,1,1,1,0,0,0,0,1,11,3,6,9,6,1,0,1,0,1,1,0,1,0,0,1,1,0
195,195.png,economist_daily_chart_331.png,data/news/economist_daily_chart_331.png,exact,N,13.2,10,72.39999999999999,8.508818954473059,0,0,1,1,1,1,0,0,0,0,1,4,2,2,1,1,0,0,1,0,0,0,0,0,0,0,0,0,0
196,196.png,v486_n7404_13_f3.png,data/science/v486_n7404_13_f3.png,exact,S,62.5,10,859.1666666666666,29.311544938243475,0,1,1,1,0,0,0,0,0,1,0,0,1,1,6,2,1,0,1,0,1,0,0,0,0,0,0,0,0
197,197.png,v489_n7417_17_f1.png,data/science/v489_n7417_17_f1.png,exact,S,79.3,10,213.56666666666666,14.61392030451332,0,1,1,1,0,0,0,0,0,0,0,1,3,2,5,3,1,0,0,0,1,1,0,0,0,1,0,0,0
198,198.png,v486_n7403_5_f1.png,data/science/v486_n7403_5_f1.png,exact,S,69.4,10,489.6,22.126906697502932,0,1,1,1,1,0,0,0,0,0,0,21,1,2,6,2,1,0,0,1,0,1,0,0,0,0,0,0,0
199,199.png,economist_daily_chart_325.png,data/news/economist_daily_chart_325.png,exact,N,18.7,10,264.9,16.275748830699005,0,0,1,1,1,1,0,0,0,0,1,3,2,1,1,1,0,0,1,0,0,0,0,0,0,0,0,0,0
200,200.png,economist_daily_chart_6.png,data/news/economist_daily_chart_6.png,exact,N,19.6,10,169.15555555555557,13.005981529879072,0,0,1,1,1,1,1,0,0,0,0,4,2,2,1,1,0,0,1,0,0,0,0,0,0,0,0,0,0
201,201.png,v483_n7387_16_f1.png,data/science/v483_n7387_16_f1.png,exact,S,45.0,10,673.7777777777778,25.957229778575716,0,1,1,1,1,0,1,0,0,1,0,0,5,1,6,4,1,0,1,0,0,1,0,1,0,1,0,0,0
202,202.png,visMost281.png,data/vis1/visMost281.png,exact,I,51.5,10,160.05555555555554,12.651306476232229,0,1,1,1,0,1,1,1,0,0,0,12,2,1,1,3,0,1,0,1,1,0,0,0,0,0,0,0,0
203,203.png,v482_n7386_18_f2.png,data/science/v482_n7386_18_f2.png,exact,S,82.0,10,254.88888888888889,15.965240019770729,0,1,1,1,1,0,1,0,0,0,0,8,2,9,5,4,1,0,1,0,1,1,0,0,0,0,1,0,0
204,204.png,v486_n7403_21_f2.png,data/science/v486_n7403_21_f2.png,exact,S,78.8,10,103.95555555555556,10.195859726161181,0,1,1,1,1,0,1,0,0,0,0,5,4,1,3,3,1,0,1,0,0,1,0,0,0,1,0,0,0
205,205.png,economist_daily_chart_443.png,data/news/economist_daily_chart_443.png,exact,N,18.2,10,338.84444444444443,18.407727845783803,0,0,1,1,0,1,0,0,0,0,1,3,1,1,1,1,0,0,1,0,0,0,0,0,0,0,0,0,0
206,206.png,wsj258.png,data/news/wsj258.png,exact,N,36.0,10,474.44444444444446,21.78174567027272,0,1,1,1,1,1,0,0,0,0,1,3,3,2,3,3,1,0,1,0,0,0,0,1,0,0,1,0,0
207,207.png,v482_n7386_7_f4.png,data/science/v482_n7386_7_f4.png,exact,S,79.6,10,200.48888888888888,14.15940990609739,0,1,1,1,1,0,1,0,0,0,0,5,2,2,2,3,1,0,0,0,1,0,0,1,0,1,0,0,0
208,208.png,wsj74.png,data/news/wsj74.png,exact,N,54.3,10,267.7888888888889,16.36425644167461,0,0,1,0,1,1,1,0,0,0,1,7,1,2,1,2,1,0,1,0,0,0,0,0,1,0,0,0,0
209,209.png,vis459.png,data/vis2/vis459.png,exact,I,39.2,10,624.4,24.987997118616768,0,0,1,1,1,1,0,0,0,0,0,9,3,3,3,3,1,1,1,1,0,0,0,0,0,0,0,0,0
210,210.png,visMost518.png,data/vis1/visMost518.png,exact,I,35.7,10,388.67777777777775,19.71491257342466,0,1,1,1,1,1,1,1,0,0,1,14,6,4,15,5,1,0,1,1,1,0,0,1,0,0,1,0,0
211,211.png,v490_n7418_20_f1.png,data/science/v490_n7418_20_f1.png,exact,S,32.0,10,310.8888888888889,17.632041540584257,0,1,1,0,0,0,1,1,0,0,0,3,1,2,1,1,0,0,1,0,0,0,0,0,0,0,0,0,0
212,212.png,wsj60.png,data/news/wsj60.png,exact,N,24.0,10,347.55555555555554,18.64284193881275,0,0,1,1,1,1,0,0,0,0,1,4,2,1,1,2,0,1,0,0,0,0,0,1,0,0,0,0,0
213,213.png,v484_n7395_20_f3.png,data/science/v484_n7395_20_f3.png,exact,S,57.1,10,443.65555555555557,21.06313261496389,0,1,1,1,0,0,0,0,0,0,0,6,2,2,6,2,1,0,0,0,1,0,0,1,0,0,0,0,0
214,214.png,wsj48.png,data/news/wsj48.png,exact,N,33.1,10,377.2111111111111,19.42192346579275,0,0,0,1,1,1,1,0,0,0,1,6,1,4,1,1,0,0,0,0,0,0,0,0,1,0,0,0,0
215,215.png,visMost256.png,data/vis1/visMost256.png,exact,I,65.4,10,327.15555555555557,18.087441929569685,0,1,1,1,1,1,0,0,0,0,1,3,9,5,1,6,1,0,1,1,0,1,1,0,0,0,1,1,0
216,216.png,whoO15.png,data/government/whoO15.png,exact,G,17.3,10,78.0111111111111,8.83238988672438,0,1,1,1,0,0,1,0,0,0,1,2,1,2,1,1,0,0,1,0,0,0,0,0,0,0,0,0,0
217,217.png,vis303.png,data/vis2/vis303.png,exact,I,49.5,10,328.5,18.12456896039186,0,0,1,1,1,1,0,0,0,0,1,10,3,3,3,3,1,0,1,1,0,1,0,0,0,0,0,0,0
218,218.png,wsj264.png,data/news/wsj264.png,exact,N,27.8,10,687.9555555555556,26.228906869245534,0,0,1,1,0,1,0,0,0,0,1,8,2,0,1,1,0,0,1,0,0,0,0,0,0,0,0,0,0
219,219.png,economist_daily_chart_494.png,data/news/economist_daily_chart_494.png,exact,N,16.3,10,137.12222222222223,11.709919821340462,0,0,1,1,0,1,0,0,0,0,1,3,2,0,1,1,0,0,0,0,0,0,0,1,0,0,0,0,0
220,220.png,wsj502.png,data/news/wsj502.png,exact,N,25.9,10,233.87777777777777,15.293063060674855,0,0,0,1,1,1,0,0,0,0,1,5,2,2,1,1,0,0,0,0,0,0,0,0,1,0,0,0,0
221,221.png,vis465.png,data/vis2/vis465.png,exact,I,64.5,10,720.5,26.842131062939096,0,1,1,1,1,1,0,0,0,0,1,6,2,6,4,2,1,0,1,0,0,0,0,0,0,0,1,0,0
222,222.png,visMost530.png,data/vis1/visMost530.png,exact,I,53.4,10,462.0444444444445,21.49521910668613,0,0,0,1,1,1,1,0,0,0,1,5,3,6,2,1,1,0,0,0,1,0,0,0,0,0,0,0,0
223,223.png,vis471.png,data/vis2/vis471.png,exact,I,52.2,10,457.9555555555556,21.399896157588138,0,0,1,1,1,1,1,1,0,0,1,10,2,5,5,4,1,0,1,0,1,1,0,0,1,0,0,0,0
224,224.png,visMost524.png,data/vis1/visMost524.png,exact,I,72.8,10,109.06666666666666,10.443498775155128,0,0,1,1,1,1,0,0,0,0,1,12,1,2,1,1,0,0,0,0,1,0,0,0,0,0,0,0,0
225,225.png,wsj516.png,data/news/wsj516.png,exact,N,20.3,10,113.56666666666666,10.656766238717385,0,1,1,1,1,1,1,0,0,0,1,6,3,2,9,4,1,1,0,1,0,0,0,0,0,0,1,1,0
226,226.png,wsj270.png,data/news/wsj270.png,exact,N,26.7,10,250.0111111111111,15.811739661122399,0,0,1,1,1,1,1,0,0,0,1,6,2,1,1,1,0,0,0,0,0,0,0,1,0,0,0,0,0
227,227.png,economist_daily_chart_480.png,data/news/economist_daily_chart_480.png,exact,N,21.0,10,214.66666666666666,14.65150731722394,0,0,1,1,0,1,1,0,0,0,1,4,2,1,1,2,0,0,1,0,0,0,0,1,0,0,0,0,0
228,228.png,visMost242.png,data/vis1/visMost242.png,exact,I,67.3,10,174.9,13.224976370489287,0,0,1,1,1,1,0,0,0,0,1,8,1,4,4,2,1,0,0,0,1,0,0,0,0,0,1,0,0
229,229.png,whoO01.png,data/government/whoO01.png,exact,G,32.2,10,492.17777777777775,22.185080071475465,0,0,0,1,0,1,0,0,0,0,1,3,0,4,1,1,0,0,0,0,0,0,0,0,0,0,0,0,1
230,230.png,vis317.png,data/vis2/vis317.png,exact,I,76.3,10,353.56666666666666,18.803368492551186,0,0,1,1,1,1,0,0,0,0,1,8,15,4,6,2,1,0,0,0,1,0,0,0,1,0,0,0,0
231,231.png,vis698.png,data/vis3/vis698.png,exact,I,48.7,10,429.7888888888889,20.73135038749017,0,1,1,1,1,1,1,1,0,0,1,3,3,1,3,5,1,1,1,1,0,0,0,1,1,0,0,0,0
232,232.png,vis840.png,data/vis3/vis840.png,exact,I,31.8,10,670.8444444444445,25.900664942129275,0,1,1,1,1,1,1,0,0,0,1,3,9,4,8,5,1,1,1,1,0,0,0,0,0,0,1,1,0
233,233.png,v484_n7395_16_f2.png,data/science/v484_n7395_16_f2.png,exact,S,66.8,10,545.0666666666666,23.346662859318172,0,1,1,1,1,0,0,0,0,0,0,4,7,3,7,4,1,1,0,0,0,1,0,1,0,1,0,0,0
234,234.png,v485_n7396_1_f5.png,data/science/v485_n7396_1_f5.png,exact,S,68.1,10,659.6555555555556,25.683760541547564,0,1,1,1,1,0,0,0,0,0,0,8,5,7,8,4,1,0,1,0,1,1,0,0,0,1,0,0,0
235,235.png,whoC24.png,data/government/whoC24.png,exact,G,29.2,10,299.7333333333333,17.312808360671394,0,1,1,1,0,1,1,0,0,0,0,3,2,1,1,1,1,0,1,0,0,0,0,0,0,0,0,0,0
236,236.png,v485_n7397_1_f5.png,data/science/v485_n7397_1_f5.png,exact,S,68.2,10,468.4,21.642550681470055,0,1,1,1,0,0,1,0,0,0,0,2,2,5,4,3,1,0,0,0,0,1,0,1,0,0,1,0,0
237,237.png,vis854.png,data/vis3/vis854.png,exact,I,49.8,10,357.2888888888889,18.90208689242775,0,0,1,1,1,1,0,0,0,0,1,5,7,4,7,4,1,1,1,1,0,0,0,0,0,0,0,1,0
238,238.png,economist_daily_chart_133.png,data/news/economist_daily_chart_133.png,exact,N,31.1,10,28.544444444444444,5.342700108039422,0,0,1,1,1,1,0,0,0,0,1,4,4,1,2,2,1,0,1,0,0,0,0,1,0,0,0,0,0
239,239.png,whoQ56_4.png,data/government/whoQ56_4.png,exact,G,17.9,10,301.8777777777778,17.374630291830034,0,1,1,1,0,0,1,0,0,0,0,4,2,1,1,1,0,1,0,0,0,0,0,0,0,0,0,0,0
240,240.png,whoB25_2.png,data/government/whoB25_2.png,exact,G,38.8,10,437.2888888888889,20.91145353362336,0,1,1,1,1,1,1,0,0,0,0,3,2,2,1,1,0,0,0,0,0,0,0,0,0,1,0,0,0
241,241.png,v489_n7415_16_f2.png,data/science/v489_n7415_16_f2.png,exact,S,67.1,10,203.43333333333334,14.263005760825218,0,1,1,1,1,0,0,0,0,0,0,6,4,8,15,3,1,0,1,0,0,1,0,0,0,0,1,0,0
242,242.png,whoB03_1.png,data/government/whoB03_1.png,exact,G,26.6,10,321.82222222222225,17.939404176901256,0,1,1,1,0,1,1,0,0,0,0,4,2,1,1,1,0,0,1,0,0,0,0,0,0,0,0,0,0
243,243.png,whoC18.png,data/government/whoC18.png,exact,G,19.2,10,171.73333333333335,13.104706533659323,0,0,0,1,0,0,1,1,0,0,0,4,1,0,1,1,1,0,0,0,0,0,0,0,1,0,0,0,0
244,244.png,whoJ40_1.png,data/government/whoJ40_1.png,exact,G,31.9,10,321.8777777777778,17.9409525326215,0,1,1,1,0,1,1,0,0,0,0,3,1,2,1,1,0,0,1,0,0,0,0,0,0,0,0,0,0
245,245.png,vis868.png,data/vis3/vis868.png,exact,I,48.3,10,563.7888888888889,23.74423906737988,0,0,1,1,1,1,0,0,0,0,1,5,10,6,12,5,1,1,1,0,0,1,0,0,1,0,0,1,0
246,246.png,v486_n7401_20_f1.png,data/science/v486_n7401_20_f1.png,exact,S,68.5,10,544.9444444444445,23.34404516026399,0,1,1,1,1,0,0,0,0,0,0,15,3,3,6,2,1,0,0,0,1,0,0,1,0,0,0,0,0
247,247.png,economist_daily_chart_127.png,data/news/economist_daily_chart_127.png,exact,N,59.5,10,722.5,26.879360111431225,0,1,1,1,1,1,1,0,0,0,0,8,2,2,1,1,0,0,0,0,0,0,0,0,0,1,0,0,0
248,248.png,whoN29_1.png,data/government/whoN29_1.png,exact,G,20.6,10,313.82222222222225,17.715028146244144,0,1,1,1,0,0,0,0,1,0,1,3,1,3,1,1,0,0,0,0,0,0,0,0,0,0,1,0,0
249,249.png,vis883.png,data/vis3/vis883.png,exact,I,55.6,10,497.6,22.3069495897579,0,0,0,1,1,1,1,0,0,0,1,4,6,6,7,3,1,0,1,0,0,1,0,0,0,0,0,1,0
250,250.png,v485_n7397_27_f4.png,data/science/v485_n7397_27_f4.png,exact,S,53.1,10,405.65555555555557,20.140892620625223,0,1,1,1,0,0,1,0,0,0,0,12,4,3,2,3,1,0,0,0,0,1,1,0,0,1,0,0,0
251,251.png,vis129.png,data/vis2/vis129.png,exact,I,60.2,10,453.2888888888889,21.290582164160963,0,0,0,1,1,1,0,0,0,0,1,4,3,4,6,2,1,0,0,0,1,0,0,0,0,0,1,0,0
252,252.png,v483_n7388_17_f1.png,data/science/v483_n7388_17_f1.png,exact,S,70.5,10,668.9444444444445,25.863960339523498,0,1,1,1,1,0,1,0,0,0,0,2,5,4,8,3,1,0,1,0,1,0,0,0,0,1,0,0,0
253,253.png,v483_n7391_9_f3.png,data/science/v483_n7391_9_f3.png,exact,S,59.5,10,438.5,20.940391591371924,0,1,1,1,0,0,1,0,0,0,0,1,4,2,5,3,1,0,0,0,1,0,0,1,0,1,0,0,0
254,254.png,vis897.png,data/vis3/vis897.png,exact,I,60.1,10,760.7666666666667,27.581998960674817,0,0,1,1,1,1,0,0,0,0,1,12,10,10,13,6,1,0,1,1,1,1,0,0,1,0,1,0,0
255,255.png,visMost732.png,data/vis1/visMost732.png,exact,I,41.2,10,310.84444444444443,17.63078116376142,0,0,0,1,1,1,1,1,0,0,1,12,9,3,9,3,1,0,0,0,1,0,0,0,1,0,0,1,0
256,256.png,vis667.png,data/vis3/vis667.png,exact,I,34.0,10,263.1111111111111,16.22070008079525,0,1,1,1,1,1,0,0,0,0,1,9,3,2,4,4,1,1,1,0,1,1,0,0,0,0,0,0,0
257,257.png,v489_n7414_9_f5.png,data/science/v489_n7414_9_f5.png,exact,S,65.0,10,508.22222222222223,22.543784558547888,0,1,1,1,1,0,1,0,0,0,0,3,6,3,9,2,1,0,0,0,0,1,0,1,0,0,0,0,0
258,258.png,v486_n7403_17_f3.png,data/science/v486_n7403_17_f3.png,exact,S,77.8,10,203.73333333333332,14.27351860381081,0,0,1,1,1,0,1,1,0,0,0,9,1,3,2,4,1,1,0,1,0,0,1,0,0,0,0,0,1
259,259.png,vis101.png,data/vis2/vis101.png,exact,I,49.1,10,234.32222222222222,15.307587080340985,0,1,1,1,1,1,0,0,0,0,1,6,5,3,5,3,1,0,1,0,1,0,0,0,0,0,1,0,0
260,260.png,v485_n7399_18_f2.png,data/science/v485_n7399_18_f2.png,exact,S,76.0,10,448.8888888888889,21.186998109427606,0,1,1,1,0,0,1,0,0,0,0,7,1,9,14,5,1,0,1,0,1,1,0,0,1,0,1,0,0
261,261.png,vis115.png,data/vis2/vis115.png,exact,I,67.9,10,325.8777777777778,18.052085136564635,0,1,1,1,1,1,0,0,0,0,1,6,10,6,1,2,1,0,1,0,0,0,0,0,0,0,1,0,0
262,262.png,whoM03.png,data/government/whoM03.png,exact,G,29.1,10,428.3222222222222,20.695946999889188,0,1,1,1,0,0,0,0,1,1,0,0,0,5,1,1,0,0,0,0,0,0,0,0,0,0,1,0,0
263,263.png,visMost726.png,data/vis1/visMost726.png,exact,I,31.9,10,342.7666666666667,18.513958697876223,0,0,1,1,1,1,0,0,0,0,1,1,4,5,9,4,1,1,1,1,0,0,0,0,0,0,1,0,0
264,264.png,whoQ28_2.png,data/government/whoQ28_2.png,exact,G,11.3,10,155.12222222222223,12.454807193297784,0,1,1,1,0,1,0,0,0,0,0,2,1,2,1,1,0,0,1,0,0,0,0,0,0,0,0,0,0
265,265.png,v483_n7389_11_f3.png,data/science/v483_n7389_11_f3.png,exact,S,60.7,10,749.5666666666667,27.378215184096035,0,0,0,1,1,0,0,0,0,0,0,6,0,3,5,1,0,0,0,0,1,0,0,0,0,0,0,0,0
266,266.png,vis673.png,data/vis3/vis673.png,exact,I,75.2,10,256.6222222222222,16.019432643580803,0,0,1,1,0,1,1,0,0,0,1,6,0,2,2,2,0,0,0,0,0,0,0,0,0,0,1,0,1
267,267.png,vis934.png,data/vis3/vis934.png,exact,I,33.1,10,558.1,23.624140195994435,0,0,1,1,1,1,0,0,0,0,1,3,6,3,9,2,0,0,0,0,0,0,0,0,0,0,1,1,0
268,268.png,v487_n7406_18_f4.png,data/science/v487_n7406_18_f4.png,exact,S,73.2,10,405.9555555555556,20.148338779054605,0,1,1,0,0,0,0,0,0,0,0,8,4,2,8,3,1,0,1,0,1,1,0,0,0,0,0,0,0
269,269.png,v489_n7414_12_f5.png,data/science/v489_n7414_12_f5.png,exact,S,72.6,10,742.0444444444445,27.240492734979014,0,0,0,1,1,0,1,0,0,0,0,12,0,4,7,1,1,0,0,0,1,0,0,0,0,0,0,0,0
270,270.png,whoN32_2.png,data/government/whoN32_2.png,exact,G,11.2,10,93.28888888888889,9.65861733836106,0,1,1,1,0,0,0,0,0,0,0,1,2,0,1,1,0,0,1,0,0,0,0,0,0,0,0,0,0
271,271.png,v487_n7407_10_f3.png,data/science/v487_n7407_10_f3.png,exact,S,44.8,10,489.5111111111111,22.12489799097639,0,1,1,0,1,0,1,0,0,0,0,3,3,0,2,1,1,0,0,0,0,0,0,0,0,1,0,0,0
272,272.png,vis920.png,data/vis3/vis920.png,exact,I,75.5,10,336.94444444444446,18.356046536344486,0,1,1,1,1,1,1,1,0,0,1,2,5,4,9,5,1,0,1,1,0,1,0,0,1,0,1,0,0
273,273.png,vis908.png,data/vis3/vis908.png,exact,I,41.0,10,276.44444444444446,16.6266185511199,0,0,1,1,1,1,0,0,0,0,1,10,10,4,9,3,1,0,0,1,0,0,0,0,0,1,0,1,0
274,274.png,visMost685.png,data/vis1/visMost685.png,exact,I,67.0,10,672.4444444444445,25.931533785035633,0,0,1,1,0,1,1,0,0,0,1,11,2,3,27,4,1,0,1,0,0,1,0,1,1,0,0,0,0
275,275.png,v487_n7405_1_f4.png,data/science/v487_n7405_1_f4.png,exact,S,76.0,10,449.1111111111111,21.19224176700311,0,1,1,1,1,0,0,0,0,0,0,6,2,4,9,2,1,0,0,0,1,0,0,1,0,0,0,0,0
276,276.png,v488_n7412_20_f2.png,data/science/v488_n7412_20_f2.png,exact,S,68.3,10,722.6777777777778,26.882666865059683,0,1,1,1,0,0,1,0,0,0,0,4,4,5,7,3,1,0,0,0,0,1,0,0,1,1,0,0,0
277,277.png,economist_daily_chart_43.png,data/news/economist_daily_chart_43.png,exact,N,32.4,10,379.15555555555557,19.47191710016134,0,0,1,1,0,1,1,0,0,0,1,10,3,1,2,2,1,1,0,0,0,0,0,1,0,0,0,0,0
278,278.png,whoQ15_2.png,data/government/whoQ15_2.png,exact,G,27.0,10,230.88888888888889,15.195028426721974,0,1,1,1,0,1,1,0,0,0,1,3,2,1,1,1,0,0,0,0,0,0,0,0,0,1,0,0,0
279,279.png,economist_daily_chart_57.png,data/news/economist_daily_chart_57.png,exact,N,24.1,10,564.5444444444445,23.76014403248525,0,0,1,1,1,1,0,0,0,0,0,3,2,0,1,1,0,0,0,0,0,0,0,1,0,0,0,0,0
280,280.png,v484_n7393_20_f4.png,data/science/v484_n7393_20_f4.png,exact,S,51.0,10,636.0,25.219040425836983,0,0,1,0,1,0,0,0,0,0,0,8,0,1,1,1,0,0,0,0,1,0,0,0,0,0,0,0,0
281,281.png,whoQ50_2.png,data/government/whoQ50_2.png,exact,G,22.1,10,415.2111111111111,20.376729647102625,0,0,1,1,0,0,0,0,0,0,0,1,1,1,1,1,0,0,1,0,0,0,0,0,0,0,0,0,0
282,282.png,visMost691.png,data/vis1/visMost691.png,exact,I,50.3,10,550.6777777777778,23.466524620782213,0,0,1,1,1,1,0,0,0,0,1,10,0,1,1,1,1,0,0,0,0,0,0,0,0,0,0,0,1
283,283.png,v487_n7406_16_f1.png,data/science/v487_n7406_16_f1.png,exact,S,75.7,10,629.5666666666666,25.091167104514422,0,1,1,1,0,0,1,0,0,0,0,16,0,5,1,1,0,0,0,0,0,0,1,0,0,0,0,0,0
284,284.png,v489_n7415_5_f5.png,data/science/v489_n7415_5_f5.png,exact,S,47.3,10,707.1222222222221,26.59176982117253,0,1,1,1,0,0,0,0,0,0,0,4,2,1,2,1,1,0,1,0,0,0,0,0,0,0,0,0,0
285,285.png,v487_n7408_7_f3.png,data/science/v487_n7408_7_f3.png,exact,S,64.5,10,470.94444444444446,21.701254444027988,0,1,1,0,1,0,1,1,0,0,0,3,4,0,2,2,1,0,0,0,0,0,0,1,0,1,0,0,0
286,286.png,v484_n7393_6_f2.png,data/science/v484_n7393_6_f2.png,exact,S,49.7,10,695.3444444444444,26.36938460496271,0,1,1,1,0,0,1,0,0,0,0,3,3,0,2,1,1,0,0,0,0,0,0,0,0,1,0,0,0
287,287.png,v483_n7391_17_f2.png,data/science/v483_n7391_17_f2.png,exact,S,68.3,10,572.0111111111111,23.916753774521972,0,1,1,1,0,0,1,0,0,1,0,0,8,4,7,5,1,0,1,0,0,1,0,1,0,1,1,0,0
288,288.png,v485_n7397_25_f1.png,data/science/v485_n7397_25_f1.png,exact,S,82.3,10,262.9,16.214191315017842,0,1,1,1,1,0,0,0,0,0,0,11,5,4,5,4,1,0,0,0,1,1,1,0,0,0,1,0,0
289,289.png,v489_n7414_5_f5.png,data/science/v489_n7414_5_f5.png,exact,S,75.0,10,419.1111111111111,20.47220337704545,0,1,1,1,0,1,1,0,0,0,0,2,1,2,1,1,0,0,0,0,0,0,1,0,0,0,0,0,0
290,290.png,visMost108.png,data/vis1/visMost108.png,exact,I,28.4,10,560.4888888888889,23.674646542005416,0,0,0,1,1,1,1,1,0,0,1,25,1,1,1,1,0,0,0,1,0,0,0,0,0,0,0,0,0
291,291.png,visMost13.png,data/vis1/visMost13.png,exact,I,39.0,10,972.6666666666666,31.187604375242845,0,1,1,1,1,1,0,0,0,0,1,12,5,5,5,6,1,1,1,1,1,0,0,0,0,0,1,1,0
292,292.png,v483_n7388_15_f4.png,data/science/v483_n7388_15_f4.png,exact,S,71.9,10,808.5444444444445,28.434915938761705,0,1,1,1,1,0,1,0,0,1,0,3,3,4,5,1,1,0,1,0,0,0,0,0,0,0,0,0,0
293,293.png,v488_n7411_11_f2.png,data/science/v488_n7411_11_f2.png,exact,S,68.0,10,516.4444444444445,22.725414065412416,0,1,1,1,0,0,1,0,0,0,0,10,6,2,4,3,1,0,0,0,0,1,0,0,1,1,0,0,0
294,294.png,vis713.png,data/vis3/vis713.png,exact,I,33.6,10,667.8222222222222,25.842256523419586,0,1,1,1,1,1,0,0,0,0,1,3,0,2,2,1,1,0,0,0,0,0,0,0,0,0,1,0,0
295,295.png,whoK05.png,data/government/whoK05.png,exact,G,41.5,10,408.5,20.211382931407737,0,1,1,1,1,1,1,0,0,0,0,4,2,2,1,3,0,0,1,0,0,1,0,1,0,0,0,0,0
296,296.png,visMost646.png,data/vis1/visMost646.png,exact,I,40.4,10,877.3777777777777,29.620563427757038,0,0,1,1,1,1,0,0,0,0,1,18,4,4,7,4,1,0,1,0,1,0,0,0,0,0,1,1,0
297,297.png,v485_n7396_23_f3.png,data/science/v485_n7396_23_f3.png,exact,S,72.5,10,812.5,28.50438562747845,0,1,1,1,1,0,1,0,0,1,0,15,5,6,13,2,1,0,1,0,1,0,0,0,0,0,0,0,0
298,298.png,treasuryD07_3.png,data/government/treasuryD07_3.png,exact,G,13.7,10,320.67777777777775,17.9074782640599,0,1,1,1,0,1,0,0,1,1,0,1,2,1,1,1,0,0,0,0,0,0,0,0,0,0,1,0,0
299,299.png,wsj112.png,data/news/wsj112.png,exact,N,22.5,10,540.0555555555555,23.2390954117314,0,0,0,1,1,1,0,0,0,0,1,5,1,1,1,1,0,0,0,0,0,0,0,0,1,0,0,0,0
300,300.png,economist_daily_chart_80.png,data/news/economist_daily_chart_80.png,exact,N,28.8,10,163.2888888888889,12.778454088382087,0,0,0,1,1,1,0,0,0,0,0,5,1,1,1,1,0,0,0,0,0,0,0,0,1,0,0,0,0
301,301.png,v483_n7391_5_f3.png,data/science/v483_n7391_5_f3.png,exact,S,80.3,10,890.2333333333333,29.836778199620234,0,1,1,1,1,0,1,0,0,0,0,8,4,4,4,2,1,0,0,0,0,0,1,0,0,1,0,0,0
302,302.png,visMost120.png,data/vis1/visMost120.png,exact,I,22.5,10,802.5,28.32843094843059,0,0,0,1,1,1,0,0,0,0,1,16,0,0,1,1,0,0,0,0,1,0,0,0,0,0,0,0,0
303,303.png,v484_n7395_2_f3.png,data/science/v484_n7395_2_f3.png,exact,S,79.9,10,903.4333333333334,30.057167753022462,0,1,1,1,1,1,0,0,0,0,0,14,2,1,11,2,1,0,0,0,1,0,0,0,0,1,0,0,0
304,304.png,visMost134.png,data/vis1/visMost134.png,exact,I,1.7,10,4.8999999999999995,2.2135943621178655,0,0,1,1,1,1,0,0,0,0,1,10,1,2,1,1,0,0,0,0,1,0,0,0,0,0,0,0,0
305,305.png,whoJ38_1.png,data/government/whoJ38_1.png,exact,G,15.1,10,148.76666666666665,12.19699416523049,0,1,1,1,0,1,0,0,1,0,0,1,2,1,1,1,0,0,0,0,0,1,0,0,0,0,0,0,0
306,306.png,wsj106.png,data/news/wsj106.png,exact,N,43.9,10,670.1,25.88628980754098,0,1,1,1,1,1,0,0,0,0,1,8,3,3,1,2,0,1,0,0,0,0,0,1,0,0,0,0,0
307,307.png,economist_daily_chart_94.png,data/news/economist_daily_chart_94.png,exact,N,31.0,10,366.8888888888889,19.154343864744856,0,0,1,1,1,1,1,0,0,0,1,3,5,2,2,1,1,0,1,0,0,0,0,0,0,0,0,0,0
308,308.png,v484_n7394_2_f3.png,data/science/v484_n7394_2_f3.png,exact,S,70.0,10,1004.0,31.68595903550972,0,1,1,1,1,0,1,0,0,1,0,6,4,3,9,3,1,0,1,0,0,1,0,1,0,0,0,0,0
309,309.png,vis707.png,data/vis3/vis707.png,exact,I,30.5,10,900.2777777777778,30.00462927246024,0,0,0,1,1,1,0,0,0,0,1,5,7,1,1,1,1,0,0,0,0,0,0,0,0,0,0,1,0
310,310.png,whoK11.png,data/government/whoK11.png,exact,G,31.4,10,743.1555555555555,27.260879581472704,0,0,1,1,1,1,1,0,0,0,1,4,2,1,1,1,0,0,1,0,0,0,0,0,0,0,0,0,0
311,311.png,v483_n7390_5_f3.png,data/science/v483_n7390_5_f3.png,exact,S,79.5,10,842.7222222222222,29.02967830035707,0,1,1,1,1,0,1,0,0,0,0,3,5,2,4,2,1,0,0,0,1,0,0,1,0,0,0,0,0
312,312.png,visMost652.png,data/vis1/visMost652.png,exact,I,16.3,10,608.9000000000001,24.675899173079795,0,0,1,1,1,1,0,0,0,0,1,3,0,1,1,1,0,0,0,0,0,0,0,0,0,0,1,0,0
313,313.png,vis288.png,data/vis2/vis288.png,exact,I,22.0,10,519.7777777777778,22.798635436748793,0,0,0,1,1,1,0,0,0,0,1,8,1,2,2,1,0,0,0,0,1,0,0,0,0,0,0,0,0
314,314.png,v486_n7403_9_f1.png,data/science/v486_n7403_9_f1.png,exact,S,87.3,10,126.45555555555555,11.245245909074445,0,1,1,1,1,0,0,0,0,1,0,5,3,6,3,4,1,0,0,0,1,1,0,1,0,0,1,0,0
315,315.png,treasuryA3.png,data/government/treasuryA3.png,exact,G,35.5,10,608.2777777777778,24.663288056903074,0,0,1,1,1,1,0,0,0,0,0,8,5,0,4,2,1,1,0,0,0,0,0,1,0,0,0,0,0
316,316.png,v485_n7399_22_f3.png,data/science/v485_n7399_22_f3.png,exact,S,81.5,10,220.27777777777777,14.841757907262124,0,0,0,1,1,0,0,0,0,0,0,5,0,2,2,1,1,0,0,0,1,0,0,0,0,0,0,0,0
317,317.png,wsj489.png,data/news/wsj489.png,exact,N,39.2,10,980.6222222222223,31.31488818792464,0,0,0,1,1,0,1,1,0,0,1,6,0,1,1,1,1,0,0,0,0,0,0,0,1,0,0,0,0
318,318.png,whoP11.png,data/government/whoP11.png,exact,G,61.8,10,550.4,23.46060527778429,0,0,0,1,1,0,0,0,0,1,0,2,0,1,1,1,0,0,0,0,1,0,0,0,0,0,0,0,0
319,319.png,economist_daily_chart_279.png,data/news/economist_daily_chart_279.png,exact,N,24.8,10,493.73333333333335,22.220111010823807,0,0,1,1,0,1,0,0,0,0,1,3,3,2,2,1,1,0,1,0,0,0,0,0,0,0,0,0,0
320,320.png,v482_n7386_14_f2.png,data/science/v482_n7386_14_f2.png,exact,S,74.0,10,811.5555555555555,28.487814158961996,0,1,1,1,1,0,0,0,0,1,0,2,2,6,10,2,1,0,0,0,1,1,0,0,0,0,0,0,0
321,321.png,v483_n7391_21_f3.png,data/science/v483_n7391_21_f3.png,exact,S,74.9,10,293.2111111111111,17.123408279636127,0,1,1,1,1,0,1,0,0,0,0,6,3,8,5,3,1,0,1,0,0,1,0,0,0,0,1,0,0
322,322.png,whoP05.png,data/government/whoP05.png,exact,G,23.8,10,322.1777777777778,17.949311345502306,0,1,1,1,0,1,0,0,1,0,0,1,3,1,1,1,0,0,0,0,0,0,0,0,0,0,1,0,0
323,323.png,economist_daily_chart_523.png,data/news/economist_daily_chart_523.png,exact,N,26.4,10,574.0444444444445,23.959224621102504,0,0,1,1,1,1,1,0,0,0,1,5,2,2,2,4,1,1,1,1,0,0,0,0,1,0,0,0,0
324,324.png,whoK25_1.png,data/government/whoK25_1.png,exact,G,35.8,10,192.17777777777778,13.862819979274699,0,1,1,1,0,1,1,0,0,0,0,3,2,2,1,3,0,0,1,0,0,1,0,1,0,0,0,0,0
325,325.png,v488_n7409_7_f1.png,data/science/v488_n7409_7_f1.png,exact,S,77.7,10,809.5666666666667,28.452885032394637,0,1,1,1,1,0,1,0,0,0,0,5,0,3,3,1,0,0,0,0,1,0,0,0,0,0,0,0,0
326,326.png,v489_n7417_15_f4.png,data/science/v489_n7417_15_f4.png,exact,S,82.5,10,377.3888888888889,19.426499656111208,0,0,0,1,1,0,0,0,0,0,0,8,0,0,15,1,1,0,0,0,1,0,0,0,0,0,0,0,0
327,327.png,visMost487.png,data/vis1/visMost487.png,exact,I,41.9,10,853.4333333333333,29.2135813164585,0,1,0,1,1,1,0,0,0,0,1,8,3,1,2,3,1,1,0,0,0,0,0,0,1,0,1,0,0
328,328.png,v490_n7420_1_f3.png,data/science/v490_n7420_1_f3.png,exact,S,74.9,10,827.8777777777779,28.77286530357687,0,1,1,1,1,0,0,0,0,0,0,10,4,3,10,3,1,0,1,0,1,0,0,0,0,0,1,0,0
329,329.png,v489_n7416_8_f2.png,data/science/v489_n7416_8_f2.png,exact,S,72.1,10,461.8777777777778,21.491341925942592,0,1,1,1,0,0,1,0,0,1,0,2,4,2,2,2,1,0,0,0,0,0,0,1,0,1,0,0,0
330,330.png,v486_n7402_7_f4.png,data/science/v486_n7402_7_f4.png,exact,S,78.2,10,410.4,20.25833161936096,0,1,1,1,1,0,1,0,0,0,0,8,4,5,8,3,1,0,1,0,1,0,0,1,0,0,0,0,0
331,331.png,v485_n7398_24_f1.png,data/science/v485_n7398_24_f1.png,exact,S,85.4,10,944.9333333333333,30.739767945339686,0,1,1,1,1,0,1,0,0,0,0,5,9,7,10,4,1,0,1,0,1,1,0,1,0,0,0,0,0
332,332.png,v490_n7418_9_f3.png,data/science/v490_n7418_9_f3.png,exact,S,70.9,10,557.8777777777777,23.619436440731977,0,1,1,1,1,0,1,0,0,0,0,3,6,2,4,2,1,0,0,0,0,0,0,1,0,1,0,0,0
333,333.png,economist_daily_chart_245.png,data/news/economist_daily_chart_245.png,exact,N,43.4,10,828.9333333333333,28.791202359980268,0,1,1,1,0,1,0,0,1,0,1,2,6,2,1,1,0,0,0,0,0,0,0,0,0,0,1,0,0
334,334.png,treasuryG04_1.png,data/government/treasuryG04_1.png,exact,G,40.9,10,348.32222222222225,18.663392570007797,0,1,1,1,0,1,1,0,0,0,0,4,2,1,1,2,0,0,1,0,0,0,0,1,0,0,0,0,0
335,335.png,economist_daily_chart_251.png,data/news/economist_daily_chart_251.png,exact,N,44.3,10,490.4555555555556,22.146231181750892,0,0,1,1,1,1,1,1,0,0,1,4,2,2,1,1,0,0,0,0,0,0,0,0,0,1,0,0,0
336,336.png,visMost493.png,data/vis1/visMost493.png,exact,I,34.6,10,534.9333333333333,23.12862584187252,0,0,1,1,1,1,0,0,0,0,1,16,2,5,7,4,1,0,1,0,0,1,0,0,1,0,1,0,0
337,337.png,whoG08.png,data/government/whoG08.png,exact,G,25.2,10,240.17777777777778,15.497670075781642,0,1,1,1,0,1,1,0,0,0,0,3,1,2,1,1,1,0,1,0,0,0,0,0,0,0,0,0,0
338,338.png,vis77.png,data/vis2/vis77.png,exact,I,43.9,10,615.2111111111111,24.803449580877075,0,0,1,1,1,1,0,0,0,0,1,6,1,7,7,4,1,1,1,0,1,0,0,0,0,0,0,0,1
339,339.png,v486_n7403_7_f4.png,data/science/v486_n7403_7_f4.png,exact,S,69.1,10,692.3222222222222,26.31201668862009,0,1,1,0,1,1,0,0,0,1,0,0,4,4,1,2,0,0,0,0,1,0,0,0,0,0,1,0,0
340,340.png,treasuryA12.png,data/government/treasuryA12.png,exact,G,20.1,10,95.65555555555555,9.78036581910695,0,1,1,1,1,1,1,0,0,0,0,3,2,1,1,1,0,0,0,0,0,0,0,1,0,0,0,0,0
341,341.png,v490_n7419_9_f3.png,data/science/v490_n7419_9_f3.png,exact,S,77.5,10,435.6111111111111,20.871298740402118,0,1,1,1,1,0,1,1,0,0,0,6,6,0,4,3,1,0,0,0,0,1,1,0,1,0,0,0,0
342,342.png,v483_n7387_14_f4.png,data/science/v483_n7387_14_f4.png,exact,S,74.5,10,865.1666666666666,29.413715621571285,0,1,1,1,1,0,1,0,0,0,0,4,5,6,4,2,1,0,1,0,0,0,0,0,0,1,0,0,0
343,343.png,np_26.png,data/news/np_26.png,exact,N,41.1,10,871.4333333333333,29.52004968378836,0,1,1,1,1,1,1,0,0,0,1,4,4,4,9,5,1,1,1,0,1,1,0,0,1,0,0,0,0
344,344.png,v485_n7396_15_f2.png,data/science/v485_n7396_15_f2.png,exact,S,72.2,10,709.7333333333333,26.640820808175814,0,1,1,1,1,0,1,0,0,1,0,4,3,3,4,2,1,0,0,0,0,0,0,1,0,1,0,0,0
345,345.png,visMost478.png,data/vis1/visMost478.png,exact,I,33.8,10,691.5111111111112,26.296598850632968,0,0,1,1,1,1,1,0,0,0,1,5,4,4,4,4,1,1,0,1,0,1,0,0,0,0,1,0,0
346,346.png,v482_n7386_5_f1.png,data/science/v482_n7386_5_f1.png,exact,S,85.1,10,437.43333333333334,20.914906964491458,0,0,0,1,1,0,1,0,0,0,0,10,0,3,6,1,1,0,0,0,1,0,0,0,0,0,0,0,0
347,347.png,vis88.png,data/vis2/vis88.png,exact,I,6.2,10,95.2888888888889,9.761602782785669,0,0,1,1,0,1,0,0,0,0,1,6,0,2,1,1,0,0,0,1,0,0,0,0,0,0,0,0,0
348,348.png,vis539.png,data/vis3/vis539.png,exact,I,35.5,10,1039.8333333333333,32.24644683268737,0,0,1,1,1,1,0,0,0,0,1,7,3,1,1,2,1,0,0,0,1,0,0,0,0,0,1,0,0
349,349.png,v488_n7413_10_f1.png,data/science/v488_n7413_10_f1.png,exact,S,88.6,10,173.37777777777777,13.167299562848024,0,1,1,1,1,0,0,0,0,0,0,15,2,0,5,3,1,0,0,0,0,0,0,0,1,1,0,0,1
350,350.png,v490_n7418_22_f4.png,data/science/v490_n7418_22_f4.png,exact,S,79.7,10,404.67777777777775,20.11660452903963,0,0,0,0,1,0,0,0,0,0,0,4,0,1,7,1,1,0,0,0,1,0,0,0,0,0,0,0,0
351,351.png,wsj338.png,data/news/wsj338.png,exact,N,29.0,10,500.22222222222223,22.365648262955006,0,0,1,1,1,1,0,0,0,0,1,2,2,1,1,1,0,0,0,0,0,0,0,1,0,0,0,0,0
352,352.png,vis277.png,data/vis2/vis277.png,exact,I,39.0,10,951.7777777777778,30.850895899110903,0,0,1,1,1,1,1,0,0,0,1,7,6,4,8,6,1,1,1,1,0,0,0,1,0,0,1,1,0
353,353.png,treasuryL03_1.png,data/government/treasuryL03_1.png,exact,G,25.7,10,614.0111111111111,24.77924758968906,0,1,1,1,0,0,0,0,1,1,0,1,3,1,1,1,0,0,0,0,0,0,0,0,0,0,1,0,0
354,354.png,visMost322.png,data/vis1/visMost322.png,exact,I,36.4,10,568.2666666666667,23.83834446153228,0,0,1,1,1,1,0,0,0,0,0,5,6,5,9,4,1,0,1,1,0,0,0,0,0,0,1,1,0
355,355.png,wsj310.png,data/news/wsj310.png,exact,N,28.5,10,561.1666666666666,23.68895663946951,0,0,1,1,1,1,0,0,0,0,1,2,2,0,1,1,0,0,1,0,0,0,0,0,0,0,0,0,0
356,356.png,treasuryD05_1.png,data/government/treasuryD05_1.png,exact,G,38.3,10,314.90000000000003,17.745421944828475,0,1,1,1,1,1,0,0,0,1,0,3,1,1,1,2,0,0,1,0,0,1,0,0,0,0,0,0,0
357,357.png,wsj476.png,data/news/wsj476.png,exact,N,13.2,10,124.62222222222222,11.163432367431723,0,0,1,1,1,1,1,0,0,0,1,4,2,2,1,1,0,0,0,0,0,0,0,1,0,0,0,0,0
358,358.png,economist_daily_chart_286.png,data/news/economist_daily_chart_286.png,exact,N,18.0,10,160.0,12.649110640673518,0,1,1,1,0,1,1,0,0,0,1,3,2,1,1,1,0,0,1,0,0,0,0,0,0,0,0,0,0
359,359.png,visMost444.png,data/vis1/visMost444.png,exact,I,35.2,10,629.0666666666666,25.081201459791885,0,0,1,1,1,1,1,0,0,0,1,16,5,3,6,5,1,0,1,0,1,0,0,1,0,0,1,1,0
360,360.png,whoI07.png,data/government/whoI07.png,exact,G,50.3,10,790.2333333333333,28.111089152384924,0,0,0,1,1,0,0,0,0,1,0,0,0,0,1,1,0,0,0,0,1,0,0,0,0,0,0,0,0
361,361.png,vis511.png,data/vis3/vis511.png,exact,I,35.9,10,691.4333333333333,26.295119952822677,0,0,1,1,0,1,0,0,0,0,1,2,2,1,2,2,1,0,0,0,0,0,0,1,0,0,1,0,0
362,362.png,visMost450.png,data/vis1/visMost450.png,exact,I,28.7,10,410.9,20.270668464557353,0,0,1,1,1,1,0,0,0,0,1,18,4,3,5,2,1,0,1,0,0,0,0,0,0,0,0,1,0
363,363.png,whoI13.png,data/government/whoI13.png,exact,G,57.9,10,722.7666666666667,26.88432008935072,0,1,1,1,0,1,1,0,0,1,0,0,2,1,1,1,0,0,1,0,0,0,0,0,0,0,0,0,0
364,364.png,wsj462.png,data/news/wsj462.png,exact,N,17.6,10,606.9333333333334,24.636016994094913,0,0,0,1,1,1,1,0,0,0,1,4,2,1,1,1,0,0,0,0,0,0,0,0,1,0,0,0,0
365,365.png,economist_daily_chart_292.png,data/news/economist_daily_chart_292.png,exact,N,13.6,10,217.15555555555554,14.736198816369015,0,0,1,1,0,1,0,0,0,0,1,3,1,1,1,1,0,0,1,0,0,0,0,0,0,0,0,0,0
366,366.png,v488_n7412_16_f3.png,data/science/v488_n7412_16_f3.png,exact,S,81.3,10,807.3444444444445,28.413807285269684,0,1,1,1,1,0,1,0,0,0,0,16,3,2,7,3,1,0,0,0,1,0,0,1,0,0,1,0,0
367,367.png,v487_n7408_11_f3.png,data/science/v487_n7408_11_f3.png,exact,S,94.3,10,48.455555555555556,6.9610024820822725,0,1,1,0,1,0,1,0,0,0,0,14,6,5,7,4,1,1,0,0,0,0,0,1,1,1,0,0,0
368,368.png,wsj304.png,data/news/wsj304.png,exact,N,60.3,10,850.0111111111111,29.154950027587272,0,0,1,1,1,1,1,0,0,0,1,4,2,2,24,3,0,0,1,0,0,1,1,0,0,0,0,0,0
369,369.png,whoH02_2.png,data/government/whoH02_2.png,exact,G,26.6,10,330.93333333333334,18.191573140697134,0,1,1,1,0,0,1,0,0,0,0,3,2,1,1,1,1,0,1,0,0,0,0,0,0,0,0,0,0
370,370.png,vis263.png,data/vis2/vis263.png,exact,I,27.6,10,802.0444444444446,28.32038920008771,0,0,1,1,0,1,1,0,0,0,1,5,5,3,5,5,1,1,1,1,0,1,0,0,0,0,1,0,0
371,371.png,v490_n7420_16_f2.png,data/science/v490_n7420_16_f2.png,exact,S,67.5,10,268.72222222222223,16.392749074582404,0,1,1,1,1,0,1,0,0,0,0,13,3,4,14,3,1,0,1,0,1,0,0,1,0,0,0,0,0
372,372.png,visMost336.png,data/vis1/visMost336.png,exact,I,43.7,10,852.4555555555555,29.196841533898073,0,1,1,1,1,1,0,0,0,0,1,12,5,5,7,5,1,0,1,1,0,1,0,0,0,0,1,1,0
373,373.png,vis513.png,data/vis3/vis513.png,exact,I,36.4,10,1222.4888888888888,34.96410858135652,0,1,1,1,1,1,1,0,0,0,1,13,3,7,8,6,1,1,0,1,1,1,0,0,1,0,1,0,0
374,374.png,whoI05.png,data/government/whoI05.png,exact,G,23.9,10,533.4333333333333,23.09617572961665,0,1,1,1,1,1,0,0,0,1,0,0,2,0,1,1,0,0,1,0,0,0,0,0,0,0,0,0,0
375,375.png,visMost446.png,data/vis1/visMost446.png,exact,I,30.699999999999996,10,1054.4555555555555,32.47238142723067,0,0,1,1,1,1,0,0,0,0,1,12,1,3,3,3,1,1,1,0,1,0,0,0,0,0,0,0,0
376,376.png,economist_daily_chart_284.png,data/news/economist_daily_chart_284.png,exact,N,37.9,10,239.43333333333334,15.47363348839998,0,0,1,1,0,1,1,0,0,0,1,8,2,1,1,1,0,0,0,0,0,0,0,1,0,0,0,0,0
377,377.png,wsj474.png,data/news/wsj474.png,exact,N,28.0,10,419.1111111111111,20.47220337704545,0,0,1,1,1,1,0,0,0,0,1,9,3,1,3,1,0,0,0,1,0,0,0,0,0,0,0,0,0
378,378.png,wsj312.png,data/news/wsj312.png,exact,N,25.4,10,518.9333333333334,22.780108281861466,0,1,1,1,1,1,0,0,0,0,1,4,3,1,2,1,1,0,1,0,0,0,0,0,0,0,0,0,0
379,379.png,v487_n7406_20_f2.png,data/science/v487_n7406_20_f2.png,exact,S,70.4,10,977.6,31.266595593380487,0,1,1,1,0,0,1,0,0,0,0,22,3,3,3,3,1,0,0,1,0,0,0,1,1,0,0,0,0
380,380.png,visMost320.png,data/vis1/visMost320.png,exact,I,30.7,10,960.0111111111111,30.98404607392506,0,0,0,1,1,1,0,0,0,0,1,24,0,2,1,1,1,0,0,0,0,0,0,0,1,0,0,0,0
381,381.png,vis275.png,data/vis2/vis275.png,exact,I,37.0,10,1121.3333333333333,33.48631561299829,0,0,1,1,1,0,0,0,0,0,1,14,1,1,1,1,0,0,0,0,1,0,0,0,0,0,0,0,0
382,382.png,visMost334.png,data/vis1/visMost334.png,exact,I,31.8,10,1142.177777777778,33.79612075043196,0,1,1,1,1,1,0,0,0,0,1,20,1,4,9,3,1,0,1,0,0,0,0,1,0,0,1,0,0
383,383.png,vis261.png,data/vis2/vis261.png,exact,I,78.4,10,484.4888888888889,22.011108306691167,0,0,1,1,0,1,1,0,0,0,1,6,5,5,13,3,1,0,1,1,0,0,0,0,0,0,1,0,0
384,384.png,wsj306.png,data/news/wsj306.png,exact,N,30.0,10,677.5555555555555,26.02989734047285,0,0,1,1,1,1,1,0,0,0,1,4,3,1,3,2,1,0,1,0,0,0,0,1,0,0,0,0,0
385,385.png,v488_n7412_16_f1.png,data/science/v488_n7412_16_f1.png,exact,S,86.4,10,391.3777777777778,19.783270148733695,0,1,1,1,1,0,1,0,0,0,0,12,4,6,10,4,1,0,0,0,1,0,0,1,0,1,1,0,0
386,386.png,v487_n7408_11_f1.png,data/science/v487_n7408_11_f1.png,exact,S,67.8,10,1383.2888888888888,37.192591854949946,0,0,1,0,1,0,1,1,0,0,0,14,3,2,4,3,1,0,0,0,1,1,0,0,1,0,0,0,0
387,387.png,economist_daily_chart_290.png,data/news/economist_daily_chart_290.png,exact,N,43.2,10,813.7333333333333,28.526011521650435,0,1,1,1,1,1,0,0,0,0,1,4,2,1,4,2,1,0,1,0,1,0,0,0,0,0,0,0,0
388,388.png,wsj460.png,data/news/wsj460.png,exact,N,22.9,10,132.54444444444445,11.51279481465923,0,0,1,1,1,1,0,0,0,0,1,4,2,0,1,1,0,0,0,0,0,0,0,1,0,0,0,0,0
389,389.png,vis507.png,data/vis3/vis507.png,exact,I,46.9,10,653.4333333333333,25.562342094051814,0,0,1,1,1,1,0,0,0,0,1,5,2,5,4,2,0,0,0,0,1,0,0,0,0,0,1,0,0
390,390.png,visMost452.png,data/vis1/visMost452.png,exact,I,45.8,10,848.8444444444444,29.134935119962847,0,0,1,1,1,1,0,0,0,0,1,6,4,2,6,2,1,0,0,0,0,0,0,0,0,0,1,1,0
391,391.png,v488_n7412_18_f4.png,data/science/v488_n7412_18_f4.png,exact,S,86.8,10,186.4,13.65283853270081,0,1,1,1,1,0,1,0,0,0,0,10,5,4,14,4,1,0,1,1,1,0,0,0,0,1,0,0,0
392,392.png,wsj448.png,data/news/wsj448.png,exact,N,10.2,10,234.17777777777775,15.302868285971025,0,0,0,0,1,1,1,0,0,0,1,4,0,1,1,1,0,0,0,0,0,0,0,0,1,0,0,0,0
393,393.png,v482_n7386_5_f3.png,data/science/v482_n7386_5_f3.png,exact,S,73.0,10,1427.111111111111,37.777124177352505,0,0,0,1,1,0,0,0,0,0,0,5,0,2,9,1,1,0,0,0,1,0,0,0,0,0,0,0,0
394,394.png,v488_n7413_10_f3.png,data/science/v488_n7413_10_f3.png,exact,S,76.6,10,818.7111111111111,28.61312829997991,0,1,1,1,1,0,1,0,0,0,0,6,5,0,4,3,1,0,0,0,1,0,1,1,0,0,0,0,0
395,395.png,visMost308.png,data/vis1/visMost308.png,exact,I,32.1,10,1026.5444444444445,32.03973227797705,0,1,0,1,1,1,0,0,0,0,0,14,2,3,4,3,1,0,0,0,0,1,0,0,1,0,1,0,0
396,396.png,v484_n7395_22_f4.png,data/science/v484_n7395_22_f4.png,exact,S,83.8,10,182.84444444444443,13.5219985373629,0,0,1,1,1,0,1,0,0,0,0,10,3,1,13,4,1,0,1,0,1,0,0,0,0,0,0,1,1
397,397.png,v484_n7393_18_f2.png,data/science/v484_n7393_18_f2.png,exact,S,85.8,10,264.84444444444443,16.27404204383301,0,0,0,1,1,0,1,0,0,0,0,12,0,5,6,1,1,0,0,0,1,0,0,0,0,0,0,0,0
398,398.png,economist_daily_chart_247.png,data/news/economist_daily_chart_247.png,exact,N,40.5,10,425.6111111111111,20.63034442541159,0,1,1,1,0,1,0,0,0,0,1,5,3,0,1,2,0,0,1,0,0,0,0,1,0,0,0,0,0
399,399.png,v490_n7418_9_f1.png,data/science/v490_n7418_9_f1.png,exact,S,82.6,10,132.04444444444445,11.491059326469621,0,0,0,1,1,0,0,0,0,0,1,10,0,0,4,1,0,0,0,0,1,0,0,0,0,0,0,0,0
400,400.png,v485_n7398_24_f3.png,data/science/v485_n7398_24_f3.png,exact,S,74.2,10,782.1777777777778,27.967441387759763,0,0,1,1,1,0,1,0,0,0,0,21,7,7,11,3,1,0,1,1,0,1,0,0,0,0,0,0,0
401,401.png,v490_n7420_1_f1.png,data/science/v490_n7420_1_f1.png,exact,S,81.6,10,170.7111111111111,13.065646218657196,0,1,1,1,1,0,1,0,0,1,0,10,5,3,16,3,1,0,1,0,1,0,0,1,0,0,0,0,0
402,402.png,vis61.png,data/vis2/vis61.png,exact,I,34.0,10,616.0,24.819347291981714,0,0,1,1,1,1,0,0,0,0,1,6,3,4,22,4,1,1,1,1,0,0,0,0,0,0,0,1,0
403,403.png,visMost485.png,data/vis1/visMost485.png,exact,I,24.8,10,770.4000000000001,27.756080414928906,0,0,0,1,1,1,0,0,0,0,1,7,0,0,1,1,0,0,0,0,0,0,0,0,0,0,0,0,1
404,404.png,v488_n7409_7_f3.png,data/science/v488_n7409_7_f3.png,exact,S,59.7,10,756.2333333333333,27.49969696802736,0,1,1,1,1,0,1,0,0,0,0,5,6,0,4,1,1,0,0,0,0,0,0,1,0,0,0,0,0
405,405.png,np_30.png,data/news/np_30.png,exact,N,40.1,10,859.2111111111111,29.312303067331833,0,0,1,1,1,1,0,0,0,0,1,5,6,4,2,2,0,0,0,0,1,0,0,0,1,0,0,0,0
406,406.png,economist_daily_chart_521.png,data/news/economist_daily_chart_521.png,exact,N,21.7,10,199.56666666666666,14.126806669119057,0,0,1,1,1,1,1,0,0,0,1,6,1,1,1,1,0,0,0,0,0,0,0,1,0,0,0,0,0
407,407.png,whoQ17_2.png,data/government/whoQ17_2.png,exact,G,20.9,10,321.2111111111111,17.922363435415296,0,1,1,1,0,0,0,0,1,1,1,2,7,3,1,1,0,0,0,0,0,0,0,0,0,0,1,0,0
408,408.png,np_24.png,data/news/np_24.png,exact,N,44.5,10,1231.8333333333333,35.09748329059127,0,0,1,1,1,1,0,0,0,1,0,4,5,3,13,2,1,0,1,0,0,0,0,0,1,0,0,0,0
409,409.png,v490_n7419_9_f1.png,data/science/v490_n7419_9_f1.png,exact,S,88.3,10,169.12222222222223,13.004700005083633,0,1,1,0,1,0,0,0,0,1,0,5,2,2,1,1,0,0,0,0,0,0,0,0,1,0,0,0,0
410,410.png,treasuryA10.png,data/government/treasuryA10.png,exact,G,21.9,10,224.10000000000002,14.96996993984958,0,0,1,1,1,1,0,0,0,0,0,3,2,1,1,1,0,0,0,0,0,0,0,1,0,0,0,0,0
411,411.png,whoQ52_2.png,data/government/whoQ52_2.png,exact,G,18.3,10,527.5666666666667,22.968819444339466,0,0,1,1,0,0,0,0,0,0,0,1,1,1,1,1,0,0,1,0,0,0,0,0,0,0,0,0,0
412,412.png,vis75.png,data/vis2/vis75.png,exact,I,47.9,10,961.8777777777777,31.014154474655243,0,0,1,1,1,1,0,0,0,0,0,4,6,2,9,4,1,0,1,1,0,1,0,0,1,0,0,0,0
413,413.png,visMost491.png,data/vis1/visMost491.png,exact,I,36.4,10,1012.9333333333333,31.826613601408074,0,0,1,1,1,1,1,0,0,0,1,8,7,5,11,3,1,0,1,1,0,1,0,0,0,0,0,0,0
414,414.png,economist_daily_chart_253.png,data/news/economist_daily_chart_253.png,exact,N,29.5,10,309.3888888888889,17.589453911048203,0,1,1,1,0,1,1,0,0,0,1,4,2,1,1,1,0,0,0,0,0,0,0,1,0,0,0,0,0
415,415.png,whoP13.png,data/government/whoP13.png,exact,G,58.5,10,216.5,14.713938969562161,0,1,1,1,0,1,0,0,1,1,0,2,3,2,1,1,0,0,0,0,0,0,0,0,0,0,1,0,0
416,416.png,v485_n7399_22_f1.png,data/science/v485_n7399_22_f1.png,exact,S,82.8,10,578.8444444444444,24.05918627976525,0,0,0,1,1,0,0,0,0,0,0,14,0,0,3,1,1,0,0,0,1,0,0,0,0,0,0,0,0
417,417.png,whoN16_1.png,data/government/whoN16_1.png,exact,G,28.0,10,680.8888888888889,26.093847721041236,0,1,1,1,0,1,1,0,0,0,0,2,1,2,1,2,0,0,1,0,0,1,0,0,0,0,0,0,0
418,418.png,treasuryA1.png,data/government/treasuryA1.png,exact,G,37.5,10,280.72222222222223,16.75476714914959,0,0,1,1,1,1,0,0,0,0,0,6,2,1,2,1,1,0,1,0,0,0,0,0,0,0,0,0,0
419,419.png,v486_n7403_9_f3.png,data/science/v486_n7403_9_f3.png,exact,S,82.7,10,914.4555555555556,30.239966196336194,0,1,1,1,1,0,1,0,0,0,0,12,2,4,10,4,1,0,0,0,1,1,0,0,0,1,1,0,0
420,420.png,v490_n7419_7_f4.png,data/science/v490_n7419_7_f4.png,exact,S,61.1,10,1048.7666666666667,32.38466715386568,0,1,1,0,0,0,1,1,0,0,1,8,2,0,1,1,0,0,0,0,0,0,1,0,0,0,0,0,0
421,421.png,v485_n7399_8_f2.png,data/science/v485_n7399_8_f2.png,exact,S,81.4,10,140.48888888888888,11.852800887928932,0,1,1,1,0,0,1,0,0,0,0,6,4,2,4,2,1,0,1,0,0,0,0,0,0,1,0,0,0
422,422.png,np_18.png,data/news/np_18.png,exact,N,70.0,10,662.4444444444445,25.737996123327946,0,1,1,1,1,1,1,0,0,0,0,10,4,2,21,3,1,1,0,1,0,0,0,0,0,0,0,0,1
423,423.png,economist_daily_chart_509.png,data/news/economist_daily_chart_509.png,exact,N,21.1,10,201.65555555555557,14.20054772026613,0,0,1,1,1,1,0,0,0,0,1,3,2,1,1,1,0,0,1,0,0,0,0,0,0,0,0,0,0
424,424.png,whoP07.png,data/government/whoP07.png,exact,G,35.4,10,643.1555555555556,25.360511736862794,0,1,1,1,0,1,0,0,1,1,0,1,2,3,1,1,0,0,0,0,0,0,0,0,0,0,1,0,0
425,425.png,v485_n7397_13_f2.png,data/science/v485_n7397_13_f2.png,exact,S,80.7,10,1010.9,31.794653638622957,0,1,1,1,1,0,1,0,0,1,0,2,4,2,7,3,1,0,0,0,0,1,0,1,0,1,0,0,0
426,426.png,v487_n7405_11_f2.png,data/science/v487_n7405_11_f2.png,exact,S,77.3,10,346.0111111111111,18.601373903857507,0,0,0,1,1,0,0,0,0,0,0,2,0,0,2,1,1,0,0,0,1,0,0,0,0,0,0,0,0
427,427.png,v483_n7391_21_f1.png,data/science/v483_n7391_21_f1.png,exact,S,76.8,10,101.28888888888889,10.064238117656442,0,1,1,1,1,0,1,0,0,0,0,3,8,4,9,3,1,0,1,0,0,1,0,0,0,0,1,0,0
428,428.png,vis49.png,data/vis2/vis49.png,exact,I,51.0,10,646.2222222222222,25.42090128658349,0,1,0,1,1,1,0,0,0,0,1,7,6,10,17,5,1,0,1,1,1,1,0,0,0,0,1,0,0
429,429.png,v484_n7395_2_f1.png,data/science/v484_n7395_2_f1.png,exact,S,80.1,10,328.5444444444444,18.12579500172184,0,0,1,1,1,0,0,0,0,0,0,12,1,0,6,1,1,0,0,0,1,0,0,0,0,0,0,0,0
430,430.png,visMost122.png,data/vis1/visMost122.png,exact,I,35.3,10,1226.4555555555555,35.02078747766183,0,0,1,1,0,1,0,0,0,0,1,20,0,1,1,1,0,0,0,0,0,0,0,0,0,0,1,0,0
431,431.png,v483_n7391_5_f1.png,data/science/v483_n7391_5_f1.png,exact,S,77.5,10,258.5,16.077935190813527,0,1,1,1,1,0,1,0,0,0,0,10,3,5,4,4,1,1,1,1,0,0,0,0,0,1,0,0,0
432,432.png,economist_daily_chart_82.png,data/news/economist_daily_chart_82.png,exact,N,13.4,10,226.93333333333334,15.064306599818437,0,0,0,1,0,1,1,1,0,0,0,6,1,0,1,1,0,0,0,0,0,0,0,0,1,0,0,0,0
433,433.png,wsj110.png,data/news/wsj110.png,exact,N,22.7,10,569.7888888888888,23.870251127478504,0,1,1,1,1,1,0,0,0,0,1,2,2,3,2,2,1,1,1,0,0,0,0,0,0,0,0,0,0
434,434.png,v485_n7396_23_f1.png,data/science/v485_n7396_23_f1.png,exact,S,73.3,10,1468.6777777777777,38.32333202864513,0,0,1,1,1,0,1,1,0,1,0,18,3,2,6,3,1,0,0,0,1,0,1,0,0,0,0,0,1
435,435.png,treasuryD07_1.png,data/government/treasuryD07_1.png,exact,G,30.5,10,408.5,20.211382931407737,0,1,1,0,0,1,0,0,1,0,1,3,4,1,1,1,0,0,0,0,0,0,0,0,0,0,1,0,0
436,436.png,v483_n7387_7_f2.png,data/science/v483_n7387_7_f2.png,exact,S,65.1,10,775.6555555555556,27.8505934506889,0,0,1,1,1,0,0,0,0,0,0,4,2,1,3,2,1,0,0,0,1,0,0,0,0,1,0,0,0
437,437.png,v488_n7409_15_f4.png,data/science/v488_n7409_15_f4.png,exact,S,71.1,10,74.54444444444444,8.633912464488185,0,1,1,1,1,0,1,0,0,0,0,6,3,3,4,5,1,1,1,1,0,1,0,0,0,0,0,0,1
438,438.png,visMost39.png,data/vis1/visMost39.png,exact,I,78.2,10,368.6222222222222,19.199537031455268,0,0,1,1,1,1,0,0,0,0,0,4,1,10,8,3,1,0,0,0,1,1,0,0,0,0,0,0,1
439,439.png,vis711.png,data/vis3/vis711.png,exact,I,47.0,10,982.2222222222222,31.340424729448422,0,0,1,1,1,1,0,0,0,0,1,5,8,1,2,2,1,0,0,0,0,0,0,0,0,0,1,0,1
440,440.png,visMost650.png,data/vis1/visMost650.png,exact,I,67.9,10,785.8777777777777,28.033511691862255,0,0,0,1,1,1,0,0,0,0,1,10,3,3,5,2,1,0,0,0,1,0,0,0,0,0,0,1,0
441,441.png,v483_n7390_5_f1.png,data/science/v483_n7390_5_f1.png,exact,S,68.0,10,653.7777777777778,25.56907854768681,0,1,1,1,1,1,0,0,0,1,0,0,3,3,4,2,1,0,0,0,0,1,1,0,0,0,0,0,0
442,442.png,v487_n7408_9_f4.png,data/science/v487_n7408_9_f4.png,exact,S,77.4,10,569.8222222222222,23.87094933642611,0,0,0,1,1,0,1,0,0,0,0,5,2,1,11,1,1,0,0,0,1,0,0,0,0,0,0,0,0
443,443.png,vis705.png,data/vis3/vis705.png,exact,I,69.4,10,1320.7111111111112,36.3415892760775,0,1,1,1,1,0,1,1,0,0,0,20,10,1,1,1,1,0,0,0,0,0,0,0,0,0,0,0,1
444,444.png,v484_n7394_2_f1.png,data/science/v484_n7394_2_f1.png,exact,S,79.8,10,1012.8444444444445,31.82521711543292,0,1,1,1,1,0,1,0,0,0,0,6,3,3,32,4,1,0,1,0,1,1,0,1,0,0,0,0,0
445,445.png,v485_n7398_12_f2.png,data/science/v485_n7398_12_f2.png,exact,S,54.0,10,377.3333333333333,19.42506971244462,0,1,1,1,0,0,1,0,0,0,0,4,3,1,2,2,1,0,1,0,0,1,0,0,0,0,0,0,0
446,446.png,v488_n7410_17_f2.png,data/science/v488_n7410_17_f2.png,exact,S,80.4,10,187.6,13.696714934611146,0,1,1,1,1,0,1,0,0,0,0,3,5,1,5,2,1,0,0,0,0,1,0,0,0,1,0,0,0
447,447.png,economist_daily_chart_96.png,data/news/economist_daily_chart_96.png,exact,N,24.2,10,612.4,24.746716953971895,0,1,1,1,0,1,0,0,0,0,0,4,2,1,1,1,0,0,1,0,0,0,0,0,0,0,0,0,0
448,448.png,wsj104.png,data/news/wsj104.png,exact,N,34.6,10,566.7111111111111,23.805694930228587,0,0,0,1,1,1,0,0,0,0,0,1,0,1,1,1,0,0,0,0,1,0,0,0,0,0,0,0,0
449,449.png,v484_n7393_8_f5.png,data/science/v484_n7393_8_f5.png,exact,S,63.8,10,902.6222222222223,30.04367191643229,0,0,0,1,1,0,0,0,0,0,0,5,1,1,4,1,1,0,0,0,1,0,0,0,0,0,0,0,0
450,450.png,visMost136.png,data/vis1/visMost136.png,exact,I,79.3,10,693.7888888888889,26.339872605783214,0,0,1,1,1,1,0,0,0,0,0,5,0,2,1,1,0,0,0,0,0,0,0,0,0,0,1,0,0
451,451.png,v485_n7397_25_f3.png,data/science/v485_n7397_25_f3.png,exact,S,78.5,10,171.16666666666666,13.083067937860243,0,1,1,1,1,0,0,0,0,0,0,3,3,1,4,2,1,0,1,0,1,0,0,0,0,0,0,0,0
452,452.png,v487_n7408_7_f1.png,data/science/v487_n7408_7_f1.png,exact,S,69.5,10,705.1666666666666,26.554974424138816,0,1,1,1,1,0,0,0,0,0,0,6,2,1,7,2,1,0,0,0,1,0,0,1,0,0,0,0,0
453,453.png,visMost678.png,data/vis1/visMost678.png,exact,I,71.1,10,1124.3222222222223,33.530914425679214,0,0,1,1,1,1,0,0,0,0,1,5,0,0,1,1,0,0,0,0,0,0,0,0,0,0,0,0,1
454,454.png,visMost11.png,data/vis1/visMost11.png,exact,I,52.6,10,1116.4888888888888,33.41390262882935,0,0,1,1,1,1,0,0,0,0,1,9,8,2,3,3,1,0,0,0,1,0,0,0,0,0,1,1,0
455,455.png,vis739.png,data/vis3/vis739.png,exact,I,88.0,10,200.66666666666666,14.165686240583852,0,0,1,1,0,1,1,0,0,0,1,12,0,2,1,2,0,0,1,0,0,1,0,0,0,0,0,0,0
456,456.png,v489_n7414_5_f7.png,data/science/v489_n7414_5_f7.png,exact,S,84.7,10,551.3444444444444,23.480724955683215,0,1,1,1,1,0,1,0,0,0,0,9,5,4,3,4,1,0,1,0,1,1,1,0,0,0,0,0,0
457,457.png,wsj138.png,data/news/wsj138.png,exact,N,20.0,10,562.6666666666666,23.72059583287626,0,1,1,1,0,1,0,0,0,0,0,5,1,2,1,1,0,0,0,0,0,0,0,0,0,0,1,0,0
458,458.png,economist_daily_chart_41.png,data/news/economist_daily_chart_41.png,exact,N,39.4,10,590.4888888888889,24.299977137620704,0,0,1,1,1,1,1,0,0,0,0,4,3,3,2,2,1,0,1,0,0,0,0,1,0,0,0,0,0
459,459.png,whoK27_1.png,data/government/whoK27_1.png,exact,G,21.0,10,577.1111111111111,24.023136995636335,0,0,1,1,0,0,0,0,1,1,0,0,0,2,1,1,0,0,0,0,0,0,0,0,0,0,1,0,0
460,460.png,v487_n7405_1_f6.png,data/science/v487_n7405_1_f6.png,exact,S,77.2,10,127.28888888888889,11.28223776069663,0,1,1,1,1,0,0,0,0,0,0,4,3,4,5,3,1,0,0,0,1,0,0,1,0,1,0,0,0
461,461.png,visMost687.png,data/vis1/visMost687.png,exact,I,75.6,10,612.9333333333334,24.75749044902034,0,1,1,1,1,1,1,0,0,0,1,10,10,5,16,6,1,0,1,0,0,0,0,1,1,0,1,1,1
462,462.png,whoC21_1.png,data/government/whoC21_1.png,exact,G,34.1,10,550.3222222222222,23.458947594089175,0,0,0,1,0,0,1,1,0,0,0,2,1,1,1,3,1,1,0,1,0,0,0,0,1,0,0,0,0
463,463.png,treasuryG06_1.png,data/government/treasuryG06_1.png,exact,G,43.0,10,586.2222222222222,24.2120263964465,0,1,0,1,1,1,0,0,0,0,0,4,2,1,1,1,0,0,0,0,0,0,0,1,0,0,0,0,0
464,464.png,v487_n7406_16_f3.png,data/science/v487_n7406_16_f3.png,exact,S,82.4,10,234.4888888888889,15.313030036177977,0,0,0,1,1,0,0,0,0,0,0,7,0,2,17,1,0,0,0,0,1,0,0,0,0,0,0,0,0
465,465.png,visMost693.png,data/vis1/visMost693.png,exact,I,79.6,10,317.3777777777778,17.81509971282164,0,0,1,1,1,1,1,0,0,0,1,1,1,1,2,2,1,0,0,0,0,0,0,1,0,0,0,0,1
466,466.png,economist_daily_chart_55.png,data/news/economist_daily_chart_55.png,exact,N,52.8,10,835.2888888888889,28.901364827441782,0,0,1,1,1,1,1,0,0,0,0,5,2,1,2,2,1,0,0,0,0,0,0,1,0,1,0,0,0
467,467.png,v485_n7396_3_f2.png,data/science/v485_n7396_3_f2.png,exact,S,87.3,10,279.56666666666666,16.720247207103927,0,1,1,1,0,1,0,0,0,1,0,0,5,2,23,4,1,0,1,0,0,1,0,1,0,1,0,0,0
468,468.png,vis936.png,data/vis3/vis936.png,exact,I,43.5,10,1265.611111111111,35.57542847403403,0,0,1,1,1,1,0,0,0,0,0,6,1,1,1,1,0,0,0,1,0,0,0,0,0,0,0,0,0
469,469.png,vis922.png,data/vis3/vis922.png,exact,I,61.4,10,843.8222222222222,29.04861824979326,0,1,1,1,1,1,0,0,0,0,1,4,0,5,4,2,1,0,0,0,1,0,0,0,0,0,1,0,0
470,470.png,economist_daily_chart_69.png,data/news/economist_daily_chart_69.png,exact,N,38.1,10,469.2111111111111,21.661281382021496,0,0,1,1,0,1,1,0,0,0,0,3,2,1,1,1,0,0,0,0,0,0,0,1,0,0,0,0,0
471,471.png,v487_n7407_10_f1.png,data/science/v487_n7407_10_f1.png,exact,S,72.4,10,642.4888888888889,25.347364535369135,0,1,1,1,0,0,1,0,0,0,0,6,4,0,4,2,1,0,0,0,0,1,0,1,0,0,0,0,0
472,472.png,v485_n7397_3_f2.png,data/science/v485_n7397_3_f2.png,exact,S,80.3,10,164.9,12.841339493993608,0,0,0,1,1,0,0,0,0,0,0,7,0,2,4,1,1,0,0,0,1,0,0,0,0,0,0,0,0
473,473.png,v483_n7387_20_f2.png,data/science/v483_n7387_20_f2.png,exact,S,75.2,10,447.9555555555556,21.1649605611623,0,0,0,0,1,0,0,0,0,0,0,6,1,2,2,1,0,0,0,0,1,0,0,0,0,0,0,0,0
474,474.png,vis103.png,data/vis2/vis103.png,exact,I,68.5,10,1006.9444444444445,31.732387941099617,0,0,1,1,1,1,0,0,0,0,0,2,5,4,1,2,0,0,1,0,0,0,0,0,0,0,1,0,0
475,475.png,v486_n7403_17_f1.png,data/science/v486_n7403_17_f1.png,exact,S,79.2,10,287.73333333333335,16.9627041869312,0,1,1,1,0,0,1,0,0,0,0,7,1,4,3,3,1,0,1,1,0,0,0,0,0,1,0,0,0
476,476.png,vis665.png,data/vis3/vis665.png,exact,I,54.6,10,1218.4888888888888,34.90686019808841,0,0,0,1,1,1,0,0,0,0,1,5,5,2,6,3,1,0,1,0,1,0,0,0,0,0,0,1,0
477,477.png,visMost730.png,data/vis1/visMost730.png,exact,I,54.3,10,1549.3444444444444,39.36171292569017,0,0,1,1,1,1,0,0,0,0,1,3,0,4,4,3,0,0,0,1,1,0,0,0,0,0,1,0,0
478,478.png,v483_n7389_11_f1.png,data/science/v483_n7389_11_f1.png,exact,S,70.0,10,567.5555555555555,23.823424513607517,0,0,0,1,1,0,0,0,0,0,0,4,0,2,3,1,0,0,0,0,1,0,0,0,0,0,0,0,0
479,479.png,vis671.png,data/vis3/vis671.png,exact,I,61.1,10,862.9888888888888,29.376672529217615,0,0,1,1,1,1,0,0,0,0,1,7,4,4,8,6,1,1,1,1,1,1,0,0,0,0,1,0,0
480,480.png,visMost724.png,data/vis1/visMost724.png,exact,I,28.2,10,1045.511111111111,32.33436424473366,0,0,1,1,1,1,0,0,0,0,1,11,1,1,1,1,0,0,0,0,1,0,0,0,0,0,0,0,0
481,481.png,v489_n7417_21_f2.png,data/science/v489_n7417_21_f2.png,exact,S,89.8,10,233.2888888888889,15.273797461302442,0,0,1,1,1,0,1,0,0,0,1,10,0,5,16,2,0,0,0,0,1,0,0,0,0,0,0,0,1
482,482.png,v489_n7415_9_f7.png,data/science/v489_n7415_9_f7.png,exact,S,62.3,10,946.6777777777778,30.76812925378756,0,1,1,1,0,0,1,0,0,0,0,4,4,2,3,1,1,0,0,0,0,0,0,0,0,1,0,0,0
483,483.png,whoM01.png,data/government/whoM01.png,exact,G,21.6,10,614.2666666666667,24.784403698024825,0,1,1,1,0,1,0,0,1,1,0,0,2,2,1,1,0,0,0,0,0,0,0,0,0,0,1,0,0
484,484.png,vis117.png,data/vis2/vis117.png,exact,I,41.1,10,896.5444444444445,29.94235201924599,0,0,1,1,1,1,0,0,0,0,1,7,5,3,7,3,1,0,1,1,0,0,0,0,0,0,1,0,0
485,485.png,v489_n7415_7_f2.png,data/science/v489_n7415_7_f2.png,exact,S,53.5,10,980.9444444444445,31.32003263798498,0,0,0,0,1,0,0,0,0,0,0,1,1,1,1,1,0,0,0,0,1,0,0,0,0,0,0,0,0
486,486.png,vis659.png,data/vis3/vis659.png,exact,I,43.4,10,770.9333333333333,27.76568625720123,0,1,1,1,1,1,1,1,0,0,0,5,1,2,1,1,0,0,0,0,0,0,0,0,0,1,0,0,0
487,487.png,vis881.png,data/vis3/vis881.png,exact,I,48.0,10,1126.2222222222222,33.559234529741914,0,0,1,1,1,1,0,0,0,0,1,5,4,1,1,1,0,0,0,0,1,0,0,0,0,0,0,0,0
488,488.png,v489_n7414_7_f2.png,data/science/v489_n7414_7_f2.png,exact,S,81.7,10,411.34444444444443,20.281628249340447,0,0,1,1,1,0,0,0,0,0,0,4,12,2,5,2,1,0,0,0,1,0,0,0,0,0,0,0,1
489,489.png,v486_n7403_19_f4.png,data/science/v486_n7403_19_f4.png,exact,S,60.5,10,568.5,23.843238035132728,0,1,1,1,0,0,1,0,0,0,0,5,3,2,4,2,1,0,1,0,0,1,0,0,0,0,0,0,0
490,490.png,vis895.png,data/vis3/vis895.png,exact,I,60.1,10,371.2111111111111,19.2668396762705,0,0,1,1,1,1,1,0,0,0,0,4,3,3,19,4,1,1,1,1,0,0,0,1,0,0,0,0,0
491,491.png,v483_n7391_9_f1.png,data/science/v483_n7391_9_f1.png,exact,S,76.1,10,442.9888888888889,21.047301225784004,0,1,1,1,1,0,0,0,0,0,0,5,3,2,2,3,1,0,1,0,1,0,0,0,0,1,0,0,0
492,492.png,visMost718.png,data/vis1/visMost718.png,exact,I,53.6,10,1474.9333333333334,38.40486080346254,0,0,1,1,1,1,0,0,0,0,1,4,2,1,1,1,1,0,0,0,0,0,0,0,0,0,1,0,0
493,493.png,v483_n7388_17_f3.png,data/science/v483_n7388_17_f3.png,exact,S,70.0,10,401.1111111111111,20.027758514399736,0,1,1,1,1,0,1,0,0,0,0,2,4,3,6,3,1,0,1,0,1,0,0,0,0,1,0,0,0
494,494.png,v484_n7394_10_f2.png,data/science/v484_n7394_10_f2.png,exact,S,45.3,10,722.6777777777778,26.882666865059683,0,1,1,1,0,0,0,0,0,1,0,0,2,1,3,1,1,0,0,0,0,0,0,0,0,1,0,0,0
495,495.png,v490_n7420_22_f4.png,data/science/v490_n7420_22_f4.png,exact,S,78.2,10,154.17777777777778,12.416834450767949,0,1,1,1,1,0,1,0,0,0,0,4,4,3,9,2,1,0,1,0,1,0,0,0,0,0,0,0,0
496,496.png,whoQ56_6.png,data/government/whoQ56_6.png,exact,G,22.9,10,569.4333333333333,23.862802294226327,0,1,1,1,0,0,1,0,0,0,0,5,2,1,1,1,0,0,0,0,0,0,0,1,0,0,0,0,0
497,497.png,economist_daily_chart_131.png,data/news/economist_daily_chart_131.png,exact,N,30.5,10,308.72222222222223,17.570492941924602,0,1,1,0,1,1,0,0,0,0,0,3,2,1,1,1,0,0,0,0,0,0,0,0,0,1,0,0,0
498,498.png,economist_daily_chart_125.png,data/news/economist_daily_chart_125.png,exact,N,24.1,10,504.1,22.452171387195495,0,0,1,1,0,1,1,1,0,0,0,6,2,2,1,1,0,0,1,0,0,0,0,0,0,0,0,0,0
499,499.png,v486_n7401_20_f3.png,data/science/v486_n7401_20_f3.png,exact,S,73.1,10,582.3222222222222,24.131353509950955,0,0,0,1,1,0,0,0,0,0,0,7,0,1,7,1,1,0,0,0,1,0,0,0,0,0,0,0,0
500,500.png,v490_n7418_16_f2.png,data/science/v490_n7418_16_f2.png,exact,S,88.7,10,90.9,9.534149149242422,0,1,1,1,1,0,0,0,0,1,0,0,4,4,4,2,1,0,0,0,1,1,0,0,0,0,0,0,0
501,501.png,whoC32.png,data/government/whoC32.png,exact,G,39.6,10,463.3777777777778,21.526211412549532,0,0,1,1,0,1,1,0,0,0,0,4,0,0,2,2,1,0,0,1,0,0,0,0,1,0,0,0,0
502,502.png,whoO10_2.png,data/government/whoO10_2.png,exact,G,22.9,10,623.8777777777779,24.9775454714385,0,0,1,1,0,1,0,0,0,0,1,11,1,1,1,3,0,1,0,1,0,1,0,0,0,0,0,0,0
503,503.png,v487_n7407_12_f4.png,data/science/v487_n7407_12_f4.png,exact,S,76.7,10,321.56666666666666,17.932280018633065,0,0,1,1,0,0,0,0,0,0,1,4,0,0,3,2,1,0,0,0,1,0,0,1,0,0,0,0,0
504,504.png,vis856.png,data/vis3/vis856.png,exact,I,40.6,10,962.2666666666667,31.020423379874536,0,0,0,1,1,0,1,1,0,0,1,1,3,2,1,2,1,0,0,0,0,0,0,0,1,0,1,0,0
505,505.png,economist_daily_chart_119.png,data/news/economist_daily_chart_119.png,exact,N,26.7,10,483.78888888888883,21.9952014968922,0,0,1,1,0,1,1,0,0,0,0,5,2,3,1,1,0,0,1,0,0,0,0,0,0,0,0,0,0
506,506.png,whoC26.png,data/government/whoC26.png,exact,G,33.8,10,765.2888888888889,27.663855278845155,0,0,0,1,0,0,1,0,0,0,0,5,0,0,1,1,1,0,0,0,0,0,0,0,1,0,0,0,0
507,507.png,visMost532.png,data/vis1/visMost532.png,exact,I,23.4,10,753.1555555555556,27.443679701445934,0,0,0,1,1,0,0,0,0,0,1,5,0,0,1,1,0,0,0,0,1,0,0,0,0,0,0,0,0
508,508.png,vis467.png,data/vis2/vis467.png,exact,I,66.1,10,718.7666666666667,26.80982407004318,0,0,0,1,1,0,1,0,0,0,1,1,3,3,20,3,1,0,1,1,0,0,0,1,0,0,0,0,0
509,509.png,wsj500.png,data/news/wsj500.png,exact,N,32.7,10,425.34444444444443,20.623880440994718,0,0,0,1,0,1,1,1,0,0,0,13,2,2,1,1,1,0,0,0,0,0,0,0,1,0,0,0,0
510,510.png,v484_n7393_14_f2.png,data/science/v484_n7393_14_f2.png,exact,S,38.7,10,773.5666666666667,27.8130664736319,0,1,1,1,0,0,0,0,0,0,0,4,2,0,2,2,1,0,1,0,1,0,0,0,0,0,0,0,0
511,511.png,v486_n7401_16_f2.png,data/science/v486_n7401_16_f2.png,exact,S,72.1,10,542.9888888888888,23.302121982533883,0,1,1,1,0,0,1,0,0,0,0,4,4,1,13,3,1,0,1,0,0,1,0,1,0,0,0,0,0
512,512.png,economist_daily_chart_496.png,data/news/economist_daily_chart_496.png,exact,N,9.5,10,27.38888888888889,5.233439489369194,0,0,1,1,1,1,0,0,0,0,1,3,2,1,1,1,0,0,1,0,0,0,0,0,0,0,0,0,0
513,513.png,wsj266.png,data/news/wsj266.png,exact,N,17.9,10,413.2111111111111,20.327594818647658,0,0,0,0,0,0,0,0,1,0,1,4,1,2,1,1,0,0,0,0,1,0,0,0,0,0,0,0,0
514,514.png,vis301.png,data/vis2/vis301.png,exact,I,43.6,10,1168.7111111111112,34.18641705577101,0,0,0,1,1,1,0,0,0,0,0,10,1,1,1,2,1,0,0,0,1,0,0,0,1,0,0,0,0
515,515.png,whoQ49_1.png,data/government/whoQ49_1.png,exact,G,22.5,10,477.1666666666667,21.844144905824688,0,1,0,1,0,0,1,0,0,0,0,4,1,2,1,1,0,0,1,0,0,0,0,0,0,0,0,0,0
516,516.png,visMost254.png,data/vis1/visMost254.png,exact,I,37.2,10,779.9555555555555,27.927684393009663,0,0,0,1,1,1,0,0,0,0,1,10,1,2,1,1,1,0,0,0,1,0,0,0,0,0,0,0,0
517,517.png,v487_n7408_13_f4.png,data/science/v487_n7408_13_f4.png,exact,S,82.2,10,415.9555555555556,20.39498849118468,0,1,1,1,1,0,1,0,0,0,0,7,5,4,4,3,1,0,0,0,0,1,1,1,0,0,0,0,0
518,518.png,vis315.png,data/vis2/vis315.png,exact,I,32.1,10,1096.3222222222223,33.11075689594278,0,0,1,1,1,1,0,0,0,0,1,6,0,1,1,2,1,0,0,1,1,0,0,0,0,0,0,0,0
519,519.png,v488_n7412_14_f4.png,data/science/v488_n7412_14_f4.png,exact,S,76.0,10,538.6666666666666,23.209193580705612,0,1,1,1,1,0,1,0,0,0,0,9,2,3,7,3,1,0,1,0,1,0,0,0,0,0,0,0,1
520,520.png,whoO03.png,data/government/whoO03.png,exact,G,36.6,10,599.8222222222222,24.49126828529348,0,1,1,0,1,0,0,0,0,0,0,4,2,1,1,1,0,0,0,0,0,1,0,0,0,0,0,0,0
521,521.png,visMost240.png,data/vis1/visMost240.png,exact,I,65.9,10,575.8777777777777,23.997453568613853,0,0,0,1,1,1,1,1,0,0,0,11,0,0,1,1,0,0,0,0,0,0,0,0,0,0,0,0,1
522,522.png,economist_daily_chart_482.png,data/news/economist_daily_chart_482.png,exact,N,42.9,10,746.5444444444445,27.32296551336338,0,1,1,1,0,0,0,0,0,0,0,9,1,2,2,2,1,0,0,0,0,0,0,0,1,0,1,0,0
523,523.png,wsj272.png,data/news/wsj272.png,exact,N,40.9,10,990.1,31.465854509293084,0,0,0,1,1,1,0,0,0,0,1,5,2,2,4,3,1,0,1,0,1,1,0,0,0,0,0,0,0
524,524.png,wsj514.png,data/news/wsj514.png,exact,N,30.2,10,1103.0666666666666,33.21244746577202,0,0,1,1,0,1,0,0,0,0,1,9,1,1,1,1,0,0,0,0,0,0,0,0,1,0,0,0,0
525,525.png,v484_n7392_15_f11.png,data/science/v484_n7392_15_f11.png,exact,S,62.5,10,528.7222222222222,22.993960559725725,0,1,1,1,0,0,1,0,0,1,0,0,2,1,3,1,1,0,0,0,0,0,0,1,0,0,0,0,0
526,526.png,visMost526.png,data/vis1/visMost526.png,exact,I,47.5,10,860.0555555555555,29.32670379629384,0,0,0,1,1,1,0,0,0,0,0,7,1,1,1,1,0,0,0,0,1,0,0,0,0,0,0,0,0
527,527.png,visMost268.png,data/vis1/visMost268.png,exact,I,43.2,10,1217.5111111111112,34.892851862682576,0,0,1,1,1,1,0,0,0,0,1,5,0,0,1,1,0,0,0,0,1,0,0,0,0,0,0,0,0
528,528.png,wsj76.png,data/news/wsj76.png,exact,N,17.8,10,547.9555555555556,23.40845051590463,0,0,1,1,1,1,0,0,0,0,0,4,1,1,1,1,0,0,1,0,0,0,0,0,0,0,0,0,0
529,529.png,v488_n7412_1_f2.png,data/science/v488_n7412_1_f2.png,exact,S,56.5,10,773.3888888888889,27.80987035009133,0,1,1,0,0,0,1,0,0,0,0,3,2,1,1,1,0,0,0,0,0,0,0,1,0,0,0,0,0
530,530.png,v484_n7395_20_f1.png,data/science/v484_n7395_20_f1.png,exact,S,64.5,10,405.8333333333333,20.14530549118909,0,0,1,1,1,0,1,0,0,0,0,6,6,2,4,2,1,0,1,0,0,0,0,1,0,0,0,0,0
531,531.png,vis329.png,data/vis2/vis329.png,exact,I,53.6,10,1208.4888888888888,34.76332678109057,0,0,1,1,1,1,0,0,0,0,1,6,0,0,3,3,1,1,0,1,1,0,0,0,0,0,0,0,0
532,532.png,wsj62.png,data/news/wsj62.png,exact,N,55.9,10,733.6555555555556,27.086076784125744,0,1,1,1,1,1,1,1,0,0,0,5,2,3,12,3,1,0,1,0,0,0,0,0,1,0,1,0,0
533,533.png,v488_n7413_1_f2.png,data/science/v488_n7413_1_f2.png,exact,S,76.7,10,505.7888888888889,22.489750752040113,0,1,1,1,1,0,0,0,0,0,0,4,6,1,6,1,1,0,0,0,0,1,0,0,0,0,0,0,0
534,534.png,v490_n7418_20_f3.png,data/science/v490_n7418_20_f3.png,exact,S,82.2,10,670.1777777777778,25.8877920606949,0,1,1,1,1,0,1,0,0,0,0,4,6,4,10,4,1,0,1,0,0,1,0,1,0,0,1,0,0
535,535.png,wsj528.png,data/news/wsj528.png,exact,N,30.1,10,486.98888888888894,22.06782474302551,0,0,1,1,0,1,1,0,0,0,0,3,4,1,3,2,1,0,1,0,0,0,0,1,0,0,0,0,0
536,536.png,v489_n7417_17_f3.png,data/science/v489_n7417_17_f3.png,exact,S,81.5,10,307.1666666666667,17.526170907151016,0,1,1,1,0,0,0,0,0,0,0,5,3,3,7,4,1,0,1,0,0,1,0,1,0,0,1,0,0
537,537.png,v486_n7404_13_f1.png,data/science/v486_n7404_13_f1.png,exact,S,27.9,10,873.2111111111111,29.5501457037205,0,0,0,1,0,0,0,0,0,1,0,0,0,0,4,1,0,0,0,0,1,0,0,0,0,0,0,0,0
538,538.png,economist_daily_chart_333.png,data/news/economist_daily_chart_333.png,exact,N,30.7,10,372.2333333333333,19.29334945864334,0,0,1,1,1,1,0,0,0,0,1,9,2,1,1,1,0,0,0,0,0,0,0,1,0,0,0,0,0
539,539.png,wsj89.png,data/news/wsj89.png,exact,N,19.199999999999996,10,465.51111111111106,21.575706503174143,0,0,1,1,1,1,0,0,0,0,0,1,1,1,1,1,0,0,1,0,0,0,0,0,0,0,0,0,0
540,540.png,visMost297.png,data/vis1/visMost297.png,exact,I,68.2,10,999.9555555555555,31.6220738655066,0,0,0,0,1,0,0,0,0,0,0,13,1,1,1,1,0,0,0,0,1,0,0,0,0,0,0,0,0
541,541.png,economist_daily_chart_455.png,data/news/economist_daily_chart_455.png,exact,N,34.7,10,596.2333333333333,24.417889616699746,0,0,0,1,0,1,1,0,0,0,1,1,0,2,2,1,1,0,0,0,0,0,0,0,1,0,0,0,0
542,542.png,economist_daily_chart_441.png,data/news/economist_daily_chart_441.png,exact,N,51.4,10,788.0444444444445,28.072129317963118,0,1,1,1,1,1,1,0,0,0,1,4,2,1,1,1,0,0,0,0,0,0,0,1,0,0,0,0,0
543,543.png,visMost283.png,data/vis1/visMost283.png,exact,I,48.4,10,796.7111111111111,28.226071478530468,0,0,1,1,1,1,0,0,0,0,0,6,2,1,2,2,1,0,1,1,0,0,0,0,0,0,0,0,0
544,544.png,v483_n7387_16_f3.png,data/science/v483_n7387_16_f3.png,exact,S,81.3,10,209.12222222222223,14.461058820923945,0,1,1,1,1,0,0,0,0,0,0,3,6,0,14,3,1,0,1,0,0,0,0,1,0,0,1,0,0
545,545.png,economist_daily_chart_4.png,data/news/economist_daily_chart_4.png,exact,N,39.7,10,583.1222222222221,24.147923766283142,0,1,1,1,1,1,0,0,0,0,0,4,2,2,1,1,0,0,1,0,0,0,0,0,0,0,0,0,0
546,546.png,economist_daily_chart_327.png,data/news/economist_daily_chart_327.png,exact,N,17.9,10,586.9888888888888,24.227853575768712,0,0,1,1,0,1,1,0,0,0,1,4,2,2,1,1,0,0,1,0,0,0,0,0,0,0,0,0,0
547,547.png,v486_n7403_5_f3.png,data/science/v486_n7403_5_f3.png,exact,S,78.4,10,402.93333333333334,20.073199379603974,0,0,1,1,1,0,1,0,0,0,0,4,2,2,6,1,1,0,0,0,0,1,0,0,0,0,0,0,0
548,548.png,v483_n7388_21_f2.png,data/science/v483_n7388_21_f2.png,exact,S,78.0,10,832.0,28.844410203711913,0,1,1,1,1,0,0,0,0,0,0,4,5,1,7,3,1,0,1,0,1,0,0,0,0,0,1,0,0
549,549.png,v485_n7399_20_f4.png,data/science/v485_n7399_20_f4.png,exact,S,72.4,10,521.1555555555556,22.82883167303039,0,1,1,0,1,0,0,0,0,0,0,7,3,2,4,5,1,1,1,0,1,1,0,1,0,0,0,0,0
550,550.png,vis498.png,data/vis2/vis498.png,exact,I,44.9,10,993.4333333333334,31.51877747206153,0,0,0,1,1,1,0,0,0,0,0,13,0,0,1,1,1,0,0,0,1,0,0,0,0,0,0,0,0
551,551.png,v490_n7419_5_f1.png,data/science/v490_n7419_5_f1.png,exact,S,76.0,10,717.7777777777778,26.791375063213493,0,1,1,1,1,0,0,0,0,0,0,6,5,5,9,3,1,0,1,0,0,0,0,1,0,0,1,0,0
552,552.png,v489_n7416_11_f1.png,data/science/v489_n7416_11_f1.png,exact,S,62.6,10,504.7111111111111,22.465776441314265,0,1,1,1,1,0,0,0,0,0,0,5,3,3,4,2,1,0,0,0,0,1,0,1,0,0,0,0,0
553,553.png,economist_daily_chart_469.png,data/news/economist_daily_chart_469.png,exact,N,31.7,10,862.0111111111111,29.360025734169767,0,0,0,1,0,1,1,0,0,0,1,6,1,0,2,1,1,0,0,0,0,0,0,0,1,0,0,0,0
554,554.png,wsj299.png,data/news/wsj299.png,exact,N,37.0,10,1008.2222222222222,31.752515210959622,0,0,1,1,1,1,0,0,0,0,1,4,2,0,2,2,0,0,1,0,1,0,0,0,0,0,0,0,0
555,555.png,v486_n7404_1_f2.png,data/science/v486_n7404_1_f2.png,exact,S,51.3,10,684.2333333333332,26.157854142366748,0,0,0,0,1,0,1,0,0,0,0,3,0,0,1,1,0,0,0,0,1,0,0,0,0,0,0,0,0
556,556.png,v483_n7391_23_f4.png,data/science/v483_n7391_23_f4.png,exact,S,74.3,10,629.7888888888889,25.09559500966034,0,0,0,1,1,0,0,0,0,0,0,7,0,0,8,1,1,0,0,0,1,0,0,0,0,0,0,0,0
557,557.png,v489_n7416_4_f1.png,data/science/v489_n7416_4_f1.png,exact,S,81.8,10,208.62222222222223,14.443760667576234,0,0,1,1,1,0,0,0,0,0,0,5,1,1,4,3,1,0,0,0,1,1,0,1,0,0,0,0,0
558,558.png,v489_n7417_4_f1.png,data/science/v489_n7417_4_f1.png,exact,S,37.5,10,1269.611111111111,35.631602701971055,0,0,0,1,1,0,0,0,0,0,0,4,0,1,1,1,0,0,0,0,0,0,0,0,0,0,0,0,1
559,559.png,v485_n7396_19_f1.png,data/science/v485_n7396_19_f1.png,exact,S,84.2,10,288.4,16.982343772283023,0,1,1,1,1,0,1,1,0,0,0,8,6,4,7,5,1,0,1,0,0,1,0,1,0,1,1,0,0
560,560.png,vis499.png,data/vis2/vis499.png,exact,I,40.2,10,1251.0666666666666,35.370420787243496,0,0,0,0,0,0,0,0,1,0,0,5,15,0,1,1,0,0,0,0,1,0,0,0,0,0,0,0,0
561,561.png,v483_n7388_21_f3.png,data/science/v483_n7388_21_f3.png,exact,S,65.4,10,620.4888888888888,24.909614386595567,0,1,1,1,1,0,0,0,0,1,0,0,2,3,6,2,1,0,1,0,1,0,0,0,0,0,0,0,0
562,562.png,v486_n7404_1_f3.png,data/science/v486_n7404_1_f3.png,exact,S,60.7,10,974.6777777777778,31.219829880666836,0,1,1,1,1,0,1,0,0,0,0,3,2,3,6,2,1,0,0,0,0,0,0,1,0,1,0,0,0
563,563.png,wsj298.png,data/news/wsj298.png,exact,N,36.9,10,808.9888888888888,28.442729983053468,0,0,0,1,1,1,0,0,0,0,0,4,0,0,1,1,0,0,0,0,1,0,0,0,0,0,0,0,0
564,564.png,economist_daily_chart_468.png,data/news/economist_daily_chart_468.png,exact,N,45.0,10,950.8888888888889,30.836486325275274,0,1,1,1,1,1,1,0,0,0,0,10,1,2,3,2,0,0,0,0,0,0,0,0,1,0,1,0,0
565,565.png,visMost282.png,data/vis1/visMost282.png,exact,I,41.9,10,902.5444444444445,30.042377476565406,0,0,1,1,1,1,0,0,0,0,1,22,1,1,1,3,0,1,0,1,0,1,0,0,0,0,0,0,0
566,566.png,v482_n7386_18_f1.png,data/science/v482_n7386_18_f1.png,exact,S,70.5,10,861.3888888888889,29.349427403083844,0,1,1,1,1,0,1,0,0,0,0,5,4,0,4,2,1,0,1,0,1,0,0,0,0,0,0,0,0
567,567.png,v486_n7403_21_f1.png,data/science/v486_n7403_21_f1.png,exact,S,80.0,10,457.1111111111111,21.3801569477661,0,1,1,0,1,0,1,0,0,0,0,9,4,5,2,2,1,0,1,0,0,1,0,0,0,0,0,0,0
568,568.png,economist_daily_chart_440.png,data/news/economist_daily_chart_440.png,exact,N,21.4,10,474.0444444444444,21.772561733623455,0,0,1,1,1,1,0,0,0,0,1,7,3,1,1,1,0,0,0,0,0,0,0,1,0,0,0,0,0
569,569.png,v486_n7403_5_f2.png,data/science/v486_n7403_5_f2.png,exact,S,86.8,10,179.2888888888889,13.389880092401459,0,0,1,1,1,0,1,1,0,0,0,18,2,2,2,1,1,0,0,0,0,1,0,0,0,0,0,0,0
570,570.png,economist_daily_chart_326.png,data/news/economist_daily_chart_326.png,exact,N,48.1,10,1136.1,33.70608253713267,1,0,0,0,0,0,0,0,0,0,0,5,0,0,0,1,1,0,0,0,1,0,0,0,0,0,0,0,0
571,571.png,economist_daily_chart_5.png,data/news/economist_daily_chart_5.png,exact,N,16.1,10,569.2111111111111,23.85814559246194,0,0,1,1,0,1,0,0,0,0,0,3,2,1,1,1,0,0,1,0,0,0,0,0,0,0,0,0,0
572,572.png,v483_n7387_16_f2.png,data/science/v483_n7387_16_f2.png,exact,S,72.2,10,365.2888888888889,19.112532246902525,0,1,1,1,0,0,1,0,0,0,0,4,3,3,6,3,1,0,1,0,0,0,0,1,0,0,1,0,0
573,573.png,economist_daily_chart_332.png,data/news/economist_daily_chart_332.png,exact,N,20.7,10,498.2333333333333,22.321140950527894,0,1,1,1,1,1,0,0,0,0,1,3,3,0,2,2,1,0,0,0,0,0,0,1,0,1,0,0,0
574,574.png,v489_n7417_17_f2.png,data/science/v489_n7417_17_f2.png,exact,S,73.4,10,738.9333333333334,27.18332822399298,0,1,1,1,1,0,0,0,0,0,0,11,2,1,4,2,1,0,0,0,1,0,0,1,0,0,0,0,0
575,575.png,economist_daily_chart_454.png,data/news/economist_daily_chart_454.png,exact,N,32.9,10,707.6555555555556,26.601796096420927,0,0,1,1,0,1,1,0,0,0,1,4,1,2,1,1,0,0,1,0,0,0,0,0,0,0,0,0,0
576,576.png,visMost296.png,data/vis1/visMost296.png,exact,I,39.2,10,1185.288888888889,34.4280247601992,0,0,1,1,1,1,0,0,0,0,0,4,4,1,2,2,1,0,0,1,0,0,0,0,1,0,0,0,0
577,577.png,wsj88.png,data/news/wsj88.png,exact,N,33.7,10,822.9,28.68623363217974,0,0,0,1,1,1,0,0,0,0,0,2,1,1,1,2,0,0,1,0,0,0,0,0,0,0,1,0,0
578,578.png,whoQ54_5.png,data/government/whoQ54_5.png,exact,G,30.5,10,663.8333333333334,25.764963289966733,0,1,1,1,0,0,1,0,0,0,0,6,2,1,1,1,0,0,0,0,0,0,0,1,0,0,0,0,0
579,579.png,wsj63.png,data/news/wsj63.png,exact,N,22.3,10,609.1222222222223,24.6804015814618,0,0,1,1,1,1,0,0,0,0,0,4,3,1,2,1,1,0,0,0,0,0,0,1,0,0,0,0,0
580,580.png,vis328.png,data/vis2/vis328.png,exact,I,60.6,10,1033.8222222222223,32.15310594984911,0,0,0,1,0,1,0,0,1,0,1,20,1,1,1,1,0,0,0,0,0,0,0,0,0,0,0,1,0
581,581.png,wsj529.png,data/news/wsj529.png,exact,N,19.8,10,360.8444444444445,18.995905991672114,0,0,0,1,0,1,0,0,0,0,1,4,1,2,6,1,0,0,1,0,0,0,0,0,0,0,0,0,0
582,582.png,v490_n7418_20_f2.png,data/science/v490_n7418_20_f2.png,exact,S,82.1,10,274.1,16.555965692160637,0,1,1,0,0,0,1,0,0,0,0,13,5,6,11,4,1,0,1,0,1,0,0,1,0,0,1,0,0
583,583.png,v488_n7413_1_f3.png,data/science/v488_n7413_1_f3.png,exact,S,60.1,10,476.76666666666665,21.83498721471269,0,1,1,0,1,0,1,0,0,0,0,4,2,1,6,3,1,0,0,0,1,0,0,1,0,1,0,0,0
584,584.png,v484_n7392_12_f1.png,data/science/v484_n7392_12_f1.png,exact,S,64.4,10,470.93333333333334,21.700998440932004,0,0,0,1,1,0,0,0,0,0,0,5,1,1,6,1,1,0,0,0,1,0,0,0,0,0,0,0,0
585,585.png,v488_n7412_1_f3.png,data/science/v488_n7412_1_f3.png,exact,S,20.9,10,247.87777777777777,15.744134710354132,0,1,1,0,0,0,0,0,0,1,0,0,2,0,1,1,0,0,0,0,0,0,0,1,0,0,0,0,0
586,586.png,wsj77.png,data/news/wsj77.png,exact,N,29.3,10,323.7888888888889,17.994134846913003,0,1,1,1,1,0,0,0,0,0,1,3,1,1,1,2,1,0,0,0,1,0,0,0,0,0,1,0,0
587,587.png,visMost269.png,data/vis1/visMost269.png,exact,I,60.8,10,577.2888888888889,24.026836847344033,0,1,0,1,1,1,0,0,0,0,1,4,1,1,3,2,1,0,0,0,1,1,0,0,0,0,0,0,0
588,588.png,wsj273.png,data/news/wsj273.png,exact,N,27.1,10,250.54444444444445,15.828595782457914,0,1,1,1,1,1,0,0,0,0,1,4,3,1,2,2,1,0,1,0,0,0,0,1,0,0,0,0,0
589,589.png,treasuryD03_4.png,data/government/treasuryD03_4.png,exact,G,3.8,10,41.511111111111106,6.44291169511977,0,0,0,1,0,1,0,0,0,0,1,1,1,1,1,1,0,0,0,0,0,0,0,0,0,0,1,0,0
590,590.png,economist_daily_chart_483.png,data/news/economist_daily_chart_483.png,exact,N,31.6,10,308.93333333333334,17.57649946187617,0,0,1,1,0,1,1,0,0,0,1,4,2,1,1,1,0,0,1,0,0,0,0,0,0,0,0,0,0
591,591.png,visMost241.png,data/vis1/visMost241.png,exact,I,51.9,10,980.5444444444445,31.31364629749216,0,0,0,1,0,1,0,0,0,0,0,5,0,0,1,1,0,0,0,0,1,0,0,0,0,0,0,0,0
592,592.png,whoO02.png,data/government/whoO02.png,exact,G,36.8,10,581.0666666666667,24.105324446409483,0,0,1,0,1,1,0,0,0,0,1,2,2,4,1,1,0,0,0,0,0,0,0,1,0,0,0,0,0
593,593.png,vis314.png,data/vis2/vis314.png,exact,I,52.2,10,728.1777777777778,26.98476936677017,0,1,1,1,1,1,0,0,0,0,0,6,5,1,6,3,1,0,0,1,1,0,0,1,0,0,0,0,0
594,594.png,vis472.png,data/vis2/vis472.png,exact,I,57.3,10,590.6777777777778,24.30386343316177,0,0,0,1,1,1,1,0,0,0,1,8,0,0,3,2,1,0,0,0,1,0,0,0,1,0,0,0,0
595,595.png,visMost527.png,data/vis1/visMost527.png,exact,I,22.6,10,528.2666666666667,22.984052442218857,0,0,0,1,0,0,0,0,0,0,1,16,1,0,1,1,1,0,0,0,0,0,0,0,0,0,0,0,1
596,596.png,v490_n7420_14_f4.png,data/science/v490_n7420_14_f4.png,exact,S,59.9,10,287.43333333333334,16.953858951086428,0,1,1,1,0,0,0,0,0,0,0,3,4,4,10,4,1,0,1,1,1,0,0,1,0,0,0,0,0
597,597.png,wsj515.png,data/news/wsj515.png,exact,N,15.299999999999999,10,151.12222222222223,12.293177873203586,0,0,0,1,0,1,0,0,1,0,1,4,0,0,1,1,0,0,0,0,0,0,0,0,0,0,0,1,0
598,598.png,wsj501.png,data/news/wsj501.png,exact,N,36.9,10,270.76666666666665,16.454989111715225,0,1,1,1,1,1,0,0,0,0,1,6,2,1,2,2,1,0,1,0,0,0,0,1,0,0,0,0,0
599,599.png,vis466.png,data/vis2/vis466.png,exact,I,56.8,10,711.5111111111112,26.674165612275694,0,1,0,1,1,1,0,0,0,0,0,6,1,0,2,2,0,0,0,0,1,0,0,0,1,0,0,0,0
600,600.png,visMost533.png,data/vis1/visMost533.png,exact,I,64.7,10,829.5666666666666,28.802198990123422,0,1,1,1,0,1,1,0,0,0,0,11,1,1,1,1,0,0,0,0,0,1,0,0,0,0,0,0,0
601,601.png,visMost255.png,data/vis1/visMost255.png,exact,I,54.7,10,345.56666666666666,18.589423516254254,0,1,1,1,1,0,0,0,0,0,1,10,1,1,1,1,0,0,0,0,1,0,0,0,0,0,0,0,0
602,602.png,vis300.png,data/vis2/vis300.png,exact,I,47.9,10,533.8777777777777,23.105795328829903,0,0,1,1,1,1,1,0,0,0,0,6,5,2,4,2,1,0,1,1,0,0,0,0,0,0,0,0,0
603,603.png,wsj267.png,data/news/wsj267.png,exact,N,33.7,10,404.67777777777775,20.11660452903963,0,1,1,1,1,1,0,0,0,0,0,6,1,1,1,1,1,0,0,0,0,0,0,0,0,1,0,0,0
604,604.png,economist_daily_chart_497.png,data/news/economist_daily_chart_497.png,exact,N,38.5,10,366.72222222222223,19.149992747315135,0,0,1,1,0,1,1,0,0,0,1,5,1,2,1,1,0,0,1,0,0,0,0,0,0,0,0,0,0
605,605.png,v486_n7401_16_f3.png,data/science/v486_n7401_16_f3.png,exact,S,51.7,10,867.5666666666666,29.45448466136637,0,1,1,1,0,0,1,0,0,0,0,4,3,3,9,2,1,0,1,0,0,0,0,1,0,0,0,0,0
606,606.png,v484_n7393_14_f3.png,data/science/v484_n7393_14_f3.png,exact,S,55.4,10,731.8222222222222,27.0522128895627,0,1,1,0,0,0,1,0,0,0,0,2,2,3,6,3,1,0,1,0,1,0,0,0,0,0,1,0,0
607,607.png,economist_daily_chart_118.png,data/news/economist_daily_chart_118.png,exact,N,28.5,10,150.5,12.267844146385297,0,0,1,1,1,1,0,0,0,0,0,4,2,1,1,1,0,0,0,0,0,0,0,1,0,0,0,0,0
608,608.png,v485_n7397_1_f6.png,data/science/v485_n7397_1_f6.png,exact,S,69.0,10,455.77777777777777,21.348952615474552,0,0,1,1,0,0,1,0,0,0,0,8,0,9,9,2,1,0,1,0,0,0,0,0,0,0,1,0,0
609,609.png,vis857.png,data/vis3/vis857.png,exact,I,42.6,10,741.3777777777777,27.228253300161906,0,0,0,0,1,1,0,0,0,0,0,10,10,3,3,2,1,0,0,0,1,0,0,0,1,0,0,0,0
610,610.png,whoC27.png,data/government/whoC27.png,exact,G,22.3,10,282.90000000000003,16.81963138716185,0,0,0,1,0,1,1,0,0,0,0,5,0,1,1,1,1,0,0,0,0,0,0,0,1,0,0,0,0
611,611.png,v489_n7415_18_f4.png,data/science/v489_n7415_18_f4.png,exact,S,80.3,10,220.9,14.862705002791383,0,0,1,1,1,0,0,0,0,1,0,0,2,3,9,3,1,0,0,0,1,1,0,0,0,0,1,0,0
612,612.png,whoC33.png,data/government/whoC33.png,exact,G,21.6,10,325.82222222222225,18.050546313677664,0,1,1,1,0,1,0,0,0,0,0,4,2,1,1,2,1,0,1,0,0,0,0,1,0,0,0,0,0
613,613.png,v490_n7418_16_f3.png,data/science/v490_n7418_16_f3.png,exact,S,70.8,10,458.84444444444443,21.42065462222022,0,0,1,1,1,0,0,0,0,1,0,0,2,1,12,1,1,0,0,0,1,0,0,0,0,0,0,0,0
614,614.png,vis843.png,data/vis3/vis843.png,exact,I,50.0,10,511.1111111111111,22.60776661041756,0,0,1,1,1,1,0,0,0,0,1,4,8,2,3,4,1,0,0,1,1,1,0,1,0,0,0,0,0
615,615.png,v484_n7395_16_f1.png,data/science/v484_n7395_16_f1.png,exact,S,74.9,10,234.1,15.300326793895612,0,1,1,1,1,0,1,0,0,0,0,6,6,1,12,2,1,0,1,0,0,0,0,1,0,0,0,0,0
616,616.png,whoQ35_4.png,data/government/whoQ35_4.png,exact,G,43.7,10,467.7888888888889,21.62842779512392,0,1,1,0,0,1,1,0,0,0,0,2,2,1,2,1,1,0,0,0,0,0,0,0,0,1,0,0,0
617,617.png,v486_n7401_20_f2.png,data/science/v486_n7401_20_f2.png,exact,S,91.5,10,109.16666666666667,10.448285345771653,0,1,1,1,1,0,1,0,0,0,0,8,3,2,12,4,1,0,1,0,1,1,0,1,0,0,0,0,0
618,618.png,economist_daily_chart_124.png,data/news/economist_daily_chart_124.png,exact,N,25.1,10,379.43333333333334,19.479048573617074,0,0,0,0,1,1,1,1,0,0,0,6,1,1,1,1,0,0,0,0,0,0,0,0,1,0,0,0,0
619,619.png,whoJ40_2.png,data/government/whoJ40_2.png,exact,G,13.400000000000002,10,176.93333333333337,13.301628972924082,0,0,1,1,0,1,1,0,0,0,0,3,1,1,1,1,0,0,0,1,0,0,0,0,0,0,0,0,0
620,620.png,whoQ56_7.png,data/government/whoQ56_7.png,exact,G,12.7,10,178.23333333333335,13.350405736655848,0,0,1,1,0,0,1,0,0,0,0,2,1,2,1,1,0,0,1,0,0,0,0,0,0,0,0,0,0
621,621.png,whoB25_1.png,data/government/whoB25_1.png,exact,G,16.1,10,126.76666666666667,11.259070417519675,0,1,1,1,0,1,1,0,0,0,0,8,2,1,1,1,0,0,0,0,0,0,0,1,0,0,0,0,0
622,622.png,v489_n7415_16_f1.png,data/science/v489_n7415_16_f1.png,exact,S,57.8,10,365.06666666666666,19.106717841289925,0,1,1,1,0,0,0,0,0,0,0,4,1,4,5,2,1,0,1,0,0,1,0,0,0,0,0,0,0
623,623.png,v484_n7394_10_f3.png,data/science/v484_n7394_10_f3.png,exact,S,56.5,10,541.8333333333334,23.277313705265335,0,0,0,1,1,0,0,0,0,0,0,10,0,0,5,1,0,0,0,0,1,0,0,0,0,0,0,0,0
624,624.png,economist_daily_chart_130.png,data/news/economist_daily_chart_130.png,exact,N,21.7,10,119.56666666666666,10.934654391733954,0,0,1,1,0,1,1,0,0,0,0,2,1,2,1,1,0,0,1,0,0,0,0,0,0,0,0,0,0
625,625.png,visMost719.png,data/vis1/visMost719.png,exact,I,36.8,10,784.4,28.007141946296482,0,0,0,1,1,1,0,0,0,0,1,10,0,0,1,1,1,0,0,0,1,0,0,0,0,0,0,0,0
626,626.png,vis894.png,data/vis3/vis894.png,exact,I,32.4,10,571.1555555555556,23.898860967743957,0,0,0,1,0,0,0,0,1,0,1,4,0,0,1,1,1,0,0,0,1,0,0,0,0,0,0,0,0
627,627.png,v489_n7414_7_f3.png,data/science/v489_n7414_7_f3.png,exact,S,55.8,10,423.73333333333335,20.584784024451977,0,1,1,1,0,0,1,0,0,0,0,4,1,3,2,1,1,0,1,0,0,0,0,0,0,0,0,0,0
628,628.png,v486_n7403_19_f5.png,data/science/v486_n7403_19_f5.png,exact,S,35.4,10,480.0444444444444,21.909916577760956,0,1,1,1,0,0,0,0,0,0,0,2,2,1,4,1,1,0,0,0,0,0,0,0,0,1,0,0,0
629,629.png,v483_n7388_17_f2.png,data/science/v483_n7388_17_f2.png,exact,S,64.8,10,247.06666666666666,15.718354451616959,0,1,1,1,1,0,1,0,0,0,0,3,3,3,4,3,1,0,0,0,0,1,0,0,0,1,1,0,0
630,630.png,v488_n7411_13_f4.png,data/science/v488_n7411_13_f4.png,exact,S,70.0,10,332.6666666666667,18.239152027072603,0,1,1,1,0,0,1,0,0,0,0,7,5,3,5,3,1,0,0,0,1,1,0,1,0,0,0,0,0
631,631.png,v489_n7415_7_f3.png,data/science/v489_n7415_7_f3.png,exact,S,37.2,10,520.1777777777778,22.807406204515626,0,0,0,1,1,0,0,0,0,1,0,0,2,3,1,1,1,0,0,0,1,0,0,0,0,0,0,0,0
632,632.png,v484_n7393_4_f4.png,data/science/v484_n7393_4_f4.png,exact,S,75.2,10,298.4,17.274258305351346,0,1,1,1,1,0,0,0,0,0,0,4,4,3,9,3,1,0,0,0,1,0,0,1,0,0,1,0,0
633,633.png,whoN29_2.png,data/government/whoN29_2.png,exact,G,17.3,10,350.0111111111111,18.708583888448402,0,0,0,0,0,1,0,0,1,0,1,2,1,2,1,1,0,0,0,0,0,0,0,0,0,0,1,0,0
634,634.png,v483_n7391_15_f4.png,data/science/v483_n7391_15_f4.png,exact,S,75.2,10,218.4,14.778362561528933,0,1,1,1,0,0,1,0,0,0,0,30,0,3,4,3,1,0,1,0,0,1,0,1,0,0,0,0,0
635,635.png,vis880.png,data/vis3/vis880.png,exact,I,57.1,10,677.2111111111111,26.023280175856215,0,0,0,1,1,1,0,0,0,0,1,4,2,2,1,2,1,0,0,1,0,0,0,0,1,0,0,0,0
636,636.png,vis658.png,data/vis3/vis658.png,exact,I,51.4,10,742.7111111111111,27.252726672960836,0,0,0,1,1,1,0,0,0,0,1,4,0,0,1,1,1,0,0,0,1,0,0,0,0,0,0,0,0
637,637.png,visMost725.png,data/vis1/visMost725.png,exact,I,62.0,10,498.44444444444446,22.325869399520467,0,0,1,1,1,1,0,0,0,0,0,8,3,5,6,4,1,0,1,1,1,1,0,0,0,0,0,0,0
638,638.png,whoQ28_1.png,data/government/whoQ28_1.png,exact,G,82.1,10,261.65555555555557,16.17577063250946,0,1,1,1,0,1,1,0,0,0,0,6,0,0,4,1,1,0,0,0,0,0,0,0,0,1,0,0,0
639,639.png,vis670.png,data/vis3/vis670.png,exact,I,56.4,10,749.3777777777777,27.374765346533618,0,0,1,1,1,1,0,0,0,0,1,8,0,0,1,1,1,0,0,1,0,0,0,0,0,0,0,0,0
640,640.png,vis116.png,data/vis2/vis116.png,exact,I,66.5,10,549.3888888888889,23.439046245290974,0,0,1,1,1,0,1,0,0,0,1,6,6,4,8,2,1,0,1,1,0,0,0,0,0,0,0,0,0
641,641.png,whoQ58_8.png,data/government/whoQ58_8.png,exact,G,11.9,10,80.54444444444445,8.974655672751153,0,0,1,1,0,0,1,0,0,0,0,2,1,2,1,1,0,0,1,0,0,0,0,0,0,0,0,0,0
642,642.png,whoA02_2.png,data/government/whoA02_2.png,exact,G,45.7,10,619.7888888888889,24.895559621926335,0,0,0,1,1,1,0,0,1,0,0,2,2,1,1,1,0,0,0,0,1,0,0,0,0,0,0,0,0
643,643.png,v489_n7417_21_f3.png,data/science/v489_n7417_21_f3.png,exact,S,80.5,10,198.5,14.089002803605371,0,1,1,1,1,0,0,0,0,0,0,10,4,4,9,4,1,0,1,0,1,1,0,0,0,0,1,0,0
644,644.png,vis102.png,data/vis2/vis102.png,exact,I,53.5,10,357.8333333333333,18.916483112178472,0,0,0,1,1,1,0,0,0,0,1,4,1,1,4,1,1,0,0,0,0,0,0,0,1,0,0,0,0
645,645.png,v485_n7399_18_f1.png,data/science/v485_n7399_18_f1.png,exact,S,75.8,10,325.06666666666666,18.029605283163207,0,1,1,1,1,0,0,0,0,0,0,7,1,2,17,3,1,0,1,0,1,0,0,0,0,0,1,0,0
646,646.png,v483_n7387_20_f3.png,data/science/v483_n7387_20_f3.png,exact,S,57.3,10,1272.8999999999999,35.677724142663585,0,0,0,1,1,0,0,0,0,0,0,10,0,0,4,1,1,0,0,0,1,0,0,0,0,0,0,0,0
647,647.png,vis664.png,data/vis3/vis664.png,exact,I,42.1,10,510.32222222222225,22.590312574690557,0,0,0,1,1,1,0,0,0,0,1,8,1,0,1,1,1,0,0,0,1,0,0,0,0,0,0,0,0
648,648.png,v489_n7414_9_f6.png,data/science/v489_n7414_9_f6.png,exact,S,13.4,10,338.26666666666665,18.392027258208014,0,1,1,0,0,0,1,1,0,0,1,2,2,1,1,1,0,0,0,0,0,0,0,1,0,0,0,0,0
649,649.png,vis923.png,data/vis3/vis923.png,exact,I,64.9,10,473.43333333333334,21.758523234202578,0,0,1,1,1,1,1,0,0,0,0,8,0,2,1,1,1,0,0,0,1,0,0,0,0,0,0,0,0
650,650.png,whoN32_1.png,data/government/whoN32_1.png,exact,G,7.4,10,44.93333333333334,6.703233050799692,0,1,1,1,0,1,0,0,0,0,0,1,1,1,1,1,1,0,1,0,0,0,0,0,0,0,0,0,0
651,651.png,v485_n7397_3_f3.png,data/science/v485_n7397_3_f3.png,exact,S,77.2,10,675.5111111111111,25.990596590134498,0,0,0,1,1,0,0,0,0,0,0,7,0,1,4,1,1,0,0,0,1,0,0,0,0,0,0,0,0
652,652.png,economist_daily_chart_68.png,data/news/economist_daily_chart_68.png,exact,N,35.9,10,339.8777777777778,18.435774401358294,0,0,0,1,0,1,1,0,0,0,0,6,1,1,2,1,1,0,0,0,0,0,0,0,1,0,0,0,0
653,653.png,v484_n7395_14_f4.png,data/science/v484_n7395_14_f4.png,exact,S,70.3,10,302.67777777777775,17.397637132029676,0,1,1,1,0,0,1,0,0,1,0,0,9,1,15,3,1,0,1,0,0,1,0,1,0,0,0,0,0
654,654.png,vis937.png,data/vis3/vis937.png,exact,I,60.3,10,612.2333333333333,24.74334927477146,0,0,1,1,1,1,0,0,0,0,1,6,10,3,14,3,1,0,1,1,1,0,0,0,0,0,0,0,0
655,655.png,v485_n7396_3_f3.png,data/science/v485_n7396_3_f3.png,exact,S,55.3,10,582.0111111111111,24.124906447717287,0,1,1,1,0,0,1,0,0,0,0,2,10,2,13,2,1,0,1,0,0,0,0,1,0,0,0,0,0
656,656.png,whoQ50_1.png,data/government/whoQ50_1.png,exact,G,7.6,10,64.71111111111111,8.044321668799123,0,0,1,1,0,0,0,0,0,0,0,1,1,1,1,1,0,0,1,0,0,0,0,0,0,0,0,0,0
657,657.png,visMost692.png,data/vis1/visMost692.png,exact,I,44.7,10,801.7888888888889,28.315876975451225,0,0,1,1,1,1,0,0,0,0,1,9,4,2,5,2,1,0,0,0,0,0,0,0,1,0,0,0,1
658,658.png,v487_n7406_16_f2.png,data/science/v487_n7406_16_f2.png,exact,S,82.0,10,564.8888888888889,23.767391293301184,0,0,1,0,0,0,1,0,0,0,1,14,2,2,1,1,0,0,0,0,1,0,0,0,0,0,0,0,0
659,659.png,whoQ15_1.png,data/government/whoQ15_1.png,exact,G,22.5,10,164.5,12.82575533838066,0,1,1,1,0,1,1,0,0,0,1,3,2,1,1,1,0,0,0,0,0,0,0,0,0,1,0,0,0
660,660.png,economist_daily_chart_54.png,data/news/economist_daily_chart_54.png,exact,N,44.1,10,367.2111111111111,19.162753223665725,0,0,1,1,1,0,1,1,0,0,0,6,1,2,1,1,0,0,0,0,0,0,0,0,0,1,0,0,0
661,661.png,v488_n7412_20_f1.png,data/science/v488_n7412_20_f1.png,exact,S,64.1,10,591.4333333333333,24.319402404938597,0,1,1,1,1,0,0,0,0,0,0,6,2,1,3,2,1,0,0,0,1,1,0,0,0,0,0,0,0
662,662.png,economist_daily_chart_40.png,data/news/economist_daily_chart_40.png,exact,N,19.1,10,164.1,12.810152223919902,0,0,1,1,1,1,1,0,0,0,0,2,2,2,1,1,0,0,1,0,0,0,0,0,0,0,0,0,0
663,663.png,vis738.png,data/vis3/vis738.png,exact,I,51.9,10,705.4333333333333,26.559994979919203,0,0,1,1,1,1,0,0,0,0,1,10,2,0,4,2,0,0,1,0,0,0,0,1,0,0,0,0,0
664,664.png,visMost10.png,data/vis1/visMost10.png,exact,I,30.2,10,764.6222222222221,27.65180323635734,0,0,1,1,0,1,0,0,0,0,1,10,1,1,1,1,1,0,0,0,0,0,0,0,0,0,1,0,0
665,665.png,v488_n7411_11_f1.png,data/science/v488_n7411_11_f1.png,exact,S,50.1,10,518.1,22.761810121341405,0,1,1,1,1,0,1,0,0,0,0,5,3,2,3,2,1,0,0,0,0,0,0,0,1,1,0,0,0
666,666.png,wsj139.png,data/news/wsj139.png,exact,N,30.0,10,126.0,11.224972160321824,0,0,1,1,1,1,0,0,0,0,1,10,2,2,2,2,1,1,0,0,0,0,0,1,0,0,0,0,0
667,667.png,v489_n7414_5_f6.png,data/science/v489_n7414_5_f6.png,exact,S,76.4,10,242.48888888888888,15.572054742033528,0,1,1,1,1,0,1,0,0,0,0,6,3,3,6,2,1,0,0,1,0,0,0,0,0,0,0,0,1
668,668.png,v484_n7393_6_f1.png,data/science/v484_n7393_6_f1.png,exact,S,70.1,10,631.4333333333333,25.128337257632733,0,1,1,1,0,0,1,0,0,0,0,7,2,1,2,1,1,0,0,0,0,0,0,0,0,1,0,0,0
669,669.png,v483_n7391_17_f1.png,data/science/v483_n7391_17_f1.png,exact,S,74.7,10,255.34444444444443,15.979500757046337,0,1,1,1,0,0,1,0,0,0,0,3,5,3,8,2,1,0,1,0,0,0,0,0,0,0,1,0,0
670,670.png,v485_n7397_25_f2.png,data/science/v485_n7397_25_f2.png,exact,S,68.0,10,730.2222222222222,27.02262426601499,0,0,0,1,1,0,0,0,0,0,0,7,0,0,4,1,1,0,0,0,1,0,0,0,0,0,0,0,0
671,671.png,visMost679.png,data/vis1/visMost679.png,exact,I,56.0,10,576.4444444444445,24.009257473825475,0,0,1,1,0,1,0,0,0,0,1,3,1,0,1,1,0,0,0,0,1,0,0,0,0,0,0,0,0
672,672.png,vis704.png,data/vis3/vis704.png,exact,I,57.1,10,598.3222222222222,24.46062595728536,0,0,0,1,1,1,1,0,0,0,1,4,0,0,1,2,1,0,0,0,0,1,0,0,1,0,0,0,0
673,673.png,visMost651.png,data/vis1/visMost651.png,exact,I,17.5,10,311.6111111111111,17.652510051296137,0,0,0,1,0,1,0,0,0,0,1,1,0,0,1,1,0,0,0,0,0,0,0,0,0,0,1,0,0
674,674.png,visMost137.png,data/vis1/visMost137.png,exact,I,60.4,10,702.0444444444445,26.49612130943781,0,0,1,1,1,1,0,0,0,0,1,10,4,3,7,5,1,0,1,0,1,1,0,1,0,0,1,0,0
675,675.png,whoJ38_2.png,data/government/whoJ38_2.png,exact,G,8.2,10,63.955555555555556,7.997221739801614,0,0,0,1,0,1,1,0,0,0,0,2,0,1,1,1,0,0,0,1,0,0,0,0,0,0,0,0,0
676,676.png,v484_n7393_8_f4.png,data/science/v484_n7393_8_f4.png,exact,S,55.1,10,314.76666666666665,17.741664709566198,0,1,1,1,1,0,0,0,0,0,0,5,4,1,4,2,1,0,0,0,1,0,0,1,0,0,0,0,0
677,677.png,wsj105.png,data/news/wsj105.png,exact,N,50.6,10,183.15555555555557,13.533497535949662,0,0,0,1,1,1,1,0,0,0,1,3,2,2,2,2,1,0,1,0,0,0,0,0,1,0,0,0,0
678,678.png,economist_daily_chart_97.png,data/news/economist_daily_chart_97.png,exact,N,46.2,10,224.17777777777778,14.97256750787178,0,0,1,1,0,1,1,0,0,0,0,6,1,3,1,2,0,0,1,0,0,0,0,0,0,1,0,0,0
679,679.png,v485_n7398_12_f3.png,data/science/v485_n7398_12_f3.png,exact,S,44.5,10,518.0555555555555,22.760833806246104,0,1,1,0,0,0,1,0,0,0,0,7,1,2,2,1,1,0,1,0,0,0,0,0,0,0,0,0,0
680,680.png,v488_n7410_17_f3.png,data/science/v488_n7410_17_f3.png,exact,S,72.8,10,373.5111111111111,19.32643555110748,0,1,1,1,1,0,1,0,0,0,0,7,2,4,18,3,1,0,1,0,1,0,0,0,0,1,0,0,0
681,681.png,wsj111.png,data/news/wsj111.png,exact,N,27.2,10,367.51111111111106,19.170579310785342,0,0,0,1,1,1,1,0,0,0,1,2,1,2,4,2,1,0,1,0,0,0,0,1,0,0,0,0,0
682,682.png,economist_daily_chart_83.png,data/news/economist_daily_chart_83.png,exact,N,46.2,10,289.9555555555556,17.028081382103963,0,0,1,1,0,1,1,0,0,0,0,14,1,2,2,2,1,0,1,0,0,1,0,0,0,0,0,0,0
683,683.png,visMost123.png,data/vis1/visMost123.png,exact,I,27.6,10,523.3777777777777,22.877451295495696,0,0,0,1,0,1,0,0,0,0,1,16,0,1,1,1,0,0,0,0,0,0,0,0,1,0,0,0,0
684,684.png,vis710.png,data/vis3/vis710.png,exact,I,31.1,10,381.65555555555557,19.536006643005514,0,0,1,1,1,1,1,0,0,0,1,9,3,3,2,3,1,0,1,1,0,1,0,0,0,0,0,0,0
685,685.png,visMost645.png,data/vis1/visMost645.png,exact,I,35.6,10,451.6,21.250882334623192,0,0,1,1,1,1,0,0,0,0,1,3,0,4,4,1,0,0,0,0,1,0,0,0,0,0,0,0,0
686,686.png,whoB18_1.png,data/government/whoB18_1.png,exact,G,21.4,10,312.0444444444444,17.66477977344876,0,1,1,1,0,1,1,0,0,0,0,2,1,2,1,1,0,0,1,0,0,0,0,0,0,0,0,0,0
687,687.png,visMost38.png,data/vis1/visMost38.png,exact,I,70.3,10,426.0111111111111,20.640036606341354,0,0,0,1,1,1,1,0,0,0,0,22,1,3,1,1,0,0,0,0,0,0,0,0,0,0,0,0,1
688,688.png,v483_n7387_7_f3.png,data/science/v483_n7387_7_f3.png,exact,S,55.2,10,686.4,26.199236630100504,0,1,1,1,1,0,0,0,0,0,0,13,2,2,2,1,1,0,0,0,0,0,0,1,0,0,0,0,0
689,689.png,economist_daily_chart_508.png,data/news/economist_daily_chart_508.png,exact,N,13.9,10,148.9888888888889,12.206100478403776,0,0,1,1,1,1,1,0,0,0,1,2,2,1,1,1,0,0,1,0,0,0,0,0,0,0,0,0,0
690,690.png,v485_n7399_8_f3.png,data/science/v485_n7399_8_f3.png,exact,S,36.5,10,811.3888888888889,28.48488878140283,0,1,1,1,0,0,0,0,0,0,0,2,2,1,2,1,1,0,0,0,0,0,0,0,0,1,0,0,0
691,691.png,vis48.png,data/vis2/vis48.png,exact,I,51.1,10,662.3222222222222,25.735621659913757,0,0,1,1,1,1,1,0,0,0,1,5,2,1,2,2,1,0,1,1,0,0,0,0,0,0,0,0,0
692,692.png,v489_n7416_6_f4.png,data/science/v489_n7416_6_f4.png,exact,S,59.7,10,918.9,30.313363389765907,0,1,1,0,0,0,0,0,0,0,0,4,3,1,1,1,0,0,0,0,0,0,0,0,0,1,0,0,0
693,693.png,v487_n7405_11_f3.png,data/science/v487_n7405_11_f3.png,exact,S,42.6,10,714.2666666666667,26.7257678405442,0,0,0,1,1,0,0,0,0,1,0,0,2,1,16,1,1,0,0,0,1,0,0,0,0,0,0,0,0
694,694.png,whoP06.png,data/government/whoP06.png,exact,G,18.8,10,251.95555555555555,15.873107936240954,0,0,0,1,0,1,0,0,1,0,0,1,3,2,1,1,0,0,0,0,0,0,0,0,0,0,1,0,0
695,695.png,v485_n7397_13_f3.png,data/science/v485_n7397_13_f3.png,exact,S,20.4,10,192.26666666666668,13.86602562620835,0,1,1,1,1,0,0,0,0,0,0,2,2,2,3,1,1,0,1,0,0,0,0,0,0,0,0,0,0
696,696.png,whoP12.png,data/government/whoP12.png,exact,G,46.2,10,363.5111111111111,19.065967353142906,0,0,0,1,1,1,0,0,0,0,0,2,0,0,1,1,0,0,0,0,1,0,0,0,0,0,0,0,0
697,697.png,v482_n7386_14_f1.png,data/science/v482_n7386_14_f1.png,exact,S,82.0,10,134.88888888888889,11.61416759345623,0,1,1,1,0,0,1,0,0,0,0,8,0,3,6,4,1,0,0,0,1,1,0,1,0,1,0,0,0
698,698.png,v486_n7403_9_f2.png,data/science/v486_n7403_9_f2.png,exact,S,80.4,10,308.26666666666665,17.557524502806956,0,1,1,1,1,0,0,0,0,0,0,10,2,5,8,2,1,0,0,0,1,1,0,0,0,0,0,0,0
699,699.png,treasuryA11.png,data/government/treasuryA11.png,exact,G,34.0,10,236.66666666666666,15.383974345619102,0,0,1,1,1,1,1,0,0,0,0,4,1,2,2,1,0,0,1,0,0,0,0,0,0,0,0,0,0
700,700.png,economist_daily_chart_534.png,data/news/economist_daily_chart_534.png,exact,N,21.8,10,295.2888888888889,17.183971860105245,0,0,1,1,1,1,0,0,0,0,1,4,2,1,1,1,0,0,1,0,0,0,0,0,0,0,0,0,0
701,701.png,v485_n7396_15_f1.png,data/science/v485_n7396_15_f1.png,exact,S,61.8,10,471.5111111111111,21.714306599822873,0,1,1,1,1,0,0,0,0,1,0,0,2,0,1,1,1,0,1,0,0,0,0,0,0,0,0,0,0
702,702.png,np_25.png,data/news/np_25.png,exact,N,78.0,10,269.55555555555554,16.418147141366333,0,0,1,1,1,1,0,0,0,0,0,3,5,3,10,3,1,0,1,0,0,0,0,1,0,0,0,0,1
703,703.png,economist_daily_chart_252.png,data/news/economist_daily_chart_252.png,exact,N,30.5,10,142.5,11.937336386313323,0,0,1,1,1,1,1,0,0,0,1,3,3,2,1,1,0,0,1,0,0,0,0,0,0,0,0,0,0
704,704.png,v486_n7403_23_f4.png,data/science/v486_n7403_23_f4.png,exact,S,64.9,10,792.5444444444445,28.152165892599534,0,1,1,0,1,0,1,0,0,0,0,5,6,2,13,4,1,0,1,0,1,1,0,1,0,0,0,0,0
705,705.png,whoQ52_3.png,data/government/whoQ52_3.png,exact,G,14.1,10,167.2111111111111,12.931013537658643,0,1,1,1,0,1,1,0,0,0,0,4,2,1,1,1,0,1,0,0,0,0,0,0,0,0,0,0,0
706,706.png,vis74.png,data/vis2/vis74.png,exact,I,43.0,10,672.2222222222222,25.92724864350674,0,0,0,1,1,1,0,0,0,0,0,3,6,0,1,1,1,0,0,0,1,0,0,0,0,0,0,0,0
707,707.png,visMost484.png,data/vis1/visMost484.png,exact,I,50.9,10,526.7666666666667,22.951397924019066,0,0,1,1,1,1,0,0,0,0,1,9,6,4,4,4,1,0,1,0,0,1,0,1,1,0,0,0,0
708,708.png,vis60.png,data/vis2/vis60.png,exact,I,55.7,10,794.6777777777778,28.190029758369853,0,0,0,1,1,1,0,0,0,0,1,7,10,5,19,3,1,1,1,1,0,0,0,0,0,0,0,0,0
709,709.png,v489_n7416_8_f1.png,data/science/v489_n7416_8_f1.png,exact,S,72.5,10,620.5,24.9098374141623,0,1,1,1,1,0,0,0,0,0,0,6,7,5,4,2,1,0,0,0,1,0,0,1,0,0,0,0,0
710,710.png,v485_n7398_24_f2.png,data/science/v485_n7398_24_f2.png,exact,S,77.3,10,216.67777777777778,14.719978864719126,0,1,1,1,1,0,0,0,0,0,0,7,3,4,8,3,1,0,0,1,0,1,0,1,0,0,0,0,0
711,711.png,treasuryG04_2.png,data/government/treasuryG04_2.png,exact,G,9.2,10,187.2888888888889,13.685353078707502,0,0,1,1,0,1,1,0,0,0,0,2,2,1,1,1,0,0,0,0,0,0,0,1,0,0,0,0,0
712,712.png,economist_daily_chart_246.png,data/news/economist_daily_chart_246.png,exact,N,27.0,10,189.55555555555554,13.767917618708921,0,0,1,1,1,1,1,0,0,0,1,2,2,2,1,1,0,0,0,0,0,0,0,0,0,1,0,0,0
713,713.png,economist_daily_chart_520.png,data/news/economist_daily_chart_520.png,exact,N,15.4,10,168.4888888888889,12.980326994682718,0,0,1,1,0,1,0,0,0,0,1,4,3,0,1,2,0,0,1,0,0,0,0,1,0,0,0,0,0
714,714.png,np_31.png,data/news/np_31.png,exact,N,65.3,10,558.0111111111111,23.62225880628504,0,0,1,1,0,1,0,0,0,0,0,5,9,7,11,4,1,0,1,1,0,1,0,0,1,0,0,0,0
715,715.png,whoK25_2.png,data/government/whoK25_2.png,exact,G,35.3,10,307.1222222222222,17.52490291619963,0,0,1,1,1,1,1,0,0,0,0,3,1,2,1,1,1,0,0,0,0,1,0,0,0,0,0,0,0
716,716.png,v488_n7409_7_f2.png,data/science/v488_n7409_7_f2.png,exact,S,47.2,10,685.5111111111111,26.18226711175163,0,1,1,1,1,0,0,0,0,0,0,6,3,1,3,2,1,0,0,0,0,1,0,1,0,0,0,0,0
717,717.png,visMost309.png,data/vis1/visMost309.png,exact,I,67.2,10,825.9555555555556,28.739442505997843,0,0,0,1,1,1,0,0,0,0,1,3,0,0,1,1,1,0,0,0,0,0,0,0,1,0,0,0,0
718,718.png,v488_n7413_10_f2.png,data/science/v488_n7413_10_f2.png,exact,S,86.4,10,104.93333333333334,10.243697249203207,0,1,1,1,1,0,0,0,0,0,0,7,6,1,3,2,1,0,0,0,1,0,0,1,0,0,0,0,0
719,719.png,v484_n7393_18_f3.png,data/science/v484_n7393_18_f3.png,exact,S,67.9,10,465.43333333333334,21.573903989156282,0,0,0,1,1,0,0,0,0,0,0,8,0,0,8,1,1,0,0,0,1,0,0,0,0,0,0,0,0
720,720.png,v482_n7386_5_f2.png,data/science/v482_n7386_5_f2.png,exact,S,77.9,10,530.3222222222222,23.028726022561955,0,0,0,1,1,0,0,0,0,0,0,7,0,0,8,1,1,0,0,0,1,0,0,0,0,0,0,0,0
721,721.png,wsj449.png,data/news/wsj449.png,exact,N,38.7,10,415.7888888888889,20.390902110718127,0,0,1,0,1,1,0,0,0,0,1,4,3,1,2,2,1,0,1,0,0,0,0,1,0,0,0,0,0
722,722.png,vis248.png,data/vis2/vis248.png,exact,I,57.1,10,641.4333333333333,25.32653417531371,0,0,1,1,1,1,1,0,0,0,1,4,2,1,2,2,0,0,0,1,0,0,0,1,0,0,0,0,0
723,723.png,v484_n7392_10_f4.png,data/science/v484_n7392_10_f4.png,exact,S,48.9,10,376.9888888888889,19.416201711171237,0,1,1,1,1,0,1,0,0,0,0,2,4,2,4,2,1,0,0,0,0,1,0,0,0,1,0,0,0
724,724.png,whoH02_1.png,data/government/whoH02_1.png,exact,G,22.8,10,275.73333333333335,16.605220062779456,0,1,1,0,1,1,1,0,0,0,0,5,1,2,1,1,1,0,1,0,0,0,0,0,0,0,0,0,0
725,725.png,wsj307.png,data/news/wsj307.png,exact,N,42.1,10,440.5444444444444,20.989150636565654,0,0,0,1,1,1,0,0,0,0,1,4,3,1,1,1,1,0,1,0,0,0,0,0,0,0,0,0,0
726,726.png,v490_n7420_16_f1.png,data/science/v490_n7420_16_f1.png,exact,S,67.1,10,204.98888888888888,14.317433041187547,0,0,0,1,1,1,1,0,0,0,0,11,2,4,4,4,1,1,1,0,0,0,0,1,0,0,1,0,0
727,727.png,vis260.png,data/vis2/vis260.png,exact,I,68.2,10,485.5111111111111,22.03431666993808,0,0,0,1,1,1,1,1,0,0,1,12,2,5,1,2,1,0,0,0,1,0,0,0,1,0,0,0,0
728,728.png,visMost335.png,data/vis1/visMost335.png,exact,I,73.4,10,842.7111111111111,29.02948692469626,0,0,0,1,0,1,0,0,0,0,1,18,0,0,1,1,0,0,0,0,0,0,0,0,0,0,0,1,0
729,729.png,visMost453.png,data/vis1/visMost453.png,exact,I,81.1,10,491.65555555555557,22.173307275991906,0,1,1,1,0,1,0,1,0,0,1,15,8,10,2,2,1,0,1,0,1,0,0,0,0,0,0,0,0
730,730.png,whoI10.png,data/government/whoI10.png,exact,G,65.7,10,592.6777777777778,24.344974384414083,0,0,0,1,1,1,1,0,0,1,0,0,2,2,1,1,0,0,1,0,0,0,0,0,0,0,0,0,0
731,731.png,vis506.png,data/vis3/vis506.png,exact,I,53.6,10,744.7111111111111,27.289395579805557,0,0,1,1,1,1,0,1,0,0,1,3,8,3,7,2,1,0,1,0,1,0,0,0,0,0,0,0,0
732,732.png,wsj461.png,data/news/wsj461.png,exact,N,54.2,10,193.95555555555555,13.92679272322079,0,1,1,0,1,1,1,0,0,0,1,6,1,3,2,2,1,0,1,0,0,0,0,0,1,0,0,0,0
733,733.png,economist_daily_chart_291.png,data/news/economist_daily_chart_291.png,exact,N,39.6,10,307.8222222222222,17.544863129196028,0,0,1,1,1,1,0,0,0,0,1,4,2,1,1,1,0,0,0,0,0,0,0,1,0,0,0,0,0
734,734.png,wsj475.png,data/news/wsj475.png,exact,N,55.2,10,333.5111111111111,18.26228657948153,0,1,0,1,0,1,1,1,0,0,1,5,9,1,4,1,1,0,0,0,0,0,0,1,0,0,0,0,0
735,735.png,treasuryD05_2.png,data/government/treasuryD05_2.png,exact,G,26.300000000000004,10,369.3444444444445,19.218336151822417,0,1,0,1,1,1,0,0,1,0,1,3,3,1,1,1,0,0,0,0,0,0,0,0,0,0,1,0,0
736,736.png,economist_daily_chart_285.png,data/news/economist_daily_chart_285.png,exact,N,51.3,10,767.3444444444444,27.700982734272163,0,0,1,1,0,1,1,1,0,1,1,10,2,1,1,1,0,0,0,0,0,0,0,1,0,0,0,0,0
737,737.png,visMost447.png,data/vis1/visMost447.png,exact,I,80.8,10,496.40000000000003,22.280035906613797,0,0,0,1,1,1,0,0,0,0,1,10,0,0,1,1,1,0,0,0,1,0,0,0,0,0,0,0,0
738,738.png,whoI04.png,data/government/whoI04.png,exact,G,47.0,10,930.0,30.495901363953813,0,1,1,0,0,1,1,0,0,1,0,0,2,1,1,1,0,0,0,0,0,0,0,1,0,0,0,0,0
739,739.png,vis512.png,data/vis3/vis512.png,exact,I,46.6,10,623.8222222222222,24.976433336692054,0,0,0,1,0,1,0,0,0,0,1,3,0,1,1,1,0,0,0,0,0,0,0,0,0,0,1,0,0
740,740.png,vis274.png,data/vis2/vis274.png,exact,I,66.8,10,739.5111111111111,27.19395357632117,0,0,1,1,1,1,0,1,0,0,1,12,5,2,5,4,1,1,1,0,0,1,0,1,0,0,0,0,0
741,741.png,treasuryL03_2.png,data/government/treasuryL03_2.png,exact,G,22.7,10,225.7888888888889,15.026273286776362,0,1,0,1,0,1,0,0,0,0,0,11,0,1,1,1,0,0,0,1,0,0,0,0,0,0,0,0,0
742,742.png,visMost321.png,data/vis1/visMost321.png,exact,I,71.3,10,712.4555555555555,26.691863096373687,0,0,0,1,1,1,0,0,0,0,1,4,4,7,6,3,1,0,0,1,1,0,0,0,0,0,1,0,0
743,743.png,v487_n7406_20_f3.png,data/science/v487_n7406_20_f3.png,exact,S,77.0,10,416.8888888888889,20.417857108151406,0,1,1,1,0,0,1,0,0,0,0,8,6,2,7,4,1,0,1,0,1,0,0,1,0,0,1,0,0
744,744.png,wsj313.png,data/news/wsj313.png,exact,N,22.1,10,188.76666666666668,13.739238212749157,0,0,1,1,1,1,0,0,0,0,1,4,4,0,2,1,1,0,1,0,0,0,0,0,0,0,0,0,0
745,745.png,visMost319.png,data/vis1/visMost319.png,exact,I,61.5,10,525.6111111111111,22.926210134060778,0,1,0,1,0,1,0,1,0,0,1,10,0,6,2,2,1,0,0,0,1,0,0,0,0,0,1,0,0
746,746.png,v488_n7412_18_f1.png,data/science/v488_n7412_18_f1.png,exact,S,83.3,10,151.12222222222223,12.293177873203586,0,1,1,1,1,0,0,0,0,0,0,12,1,2,10,2,1,0,0,0,1,0,0,0,0,1,0,0,0
747,747.png,v489_n7414_24_f3.png,data/science/v489_n7414_24_f3.png,exact,S,71.4,10,238.26666666666668,15.435888917281916,0,1,1,1,1,0,1,0,0,0,0,5,7,2,7,2,1,0,0,0,1,0,0,0,0,1,0,0,0
748,748.png,v484_n7395_22_f1.png,data/science/v484_n7395_22_f1.png,exact,S,76.8,10,321.5111111111111,17.930730914023307,0,0,0,1,1,0,1,0,0,0,0,7,0,4,9,1,1,0,0,0,1,0,0,0,0,0,0,0,0
749,749.png,wsj459.png,data/news/wsj459.png,exact,N,31.7,10,597.1222222222221,24.436084429020582,0,0,0,1,1,1,0,0,0,0,1,3,2,1,2,1,0,0,1,0,0,0,0,0,0,0,0,0,0
750,750.png,v490_n7418_22_f3.png,data/science/v490_n7418_22_f3.png,exact,S,88.0,10,180.66666666666666,13.4412301024373,0,0,0,1,1,0,0,0,0,0,0,3,0,2,2,1,1,0,0,0,1,0,0,0,0,0,0,0,0
751,751.png,v488_n7413_3_f2.png,data/science/v488_n7413_3_f2.png,exact,S,92.5,10,82.27777777777777,9.070709882791851,0,1,1,1,1,0,1,0,0,0,0,30,5,5,1,3,0,0,0,0,0,1,0,1,0,1,0,0,0
752,752.png,vis258.png,data/vis2/vis258.png,exact,I,61.1,10,556.1,23.581772622090988,0,0,0,1,1,1,0,0,0,0,1,5,1,2,1,1,1,0,0,0,1,0,0,0,0,0,0,0,0
753,753.png,wsj317.png,data/news/wsj317.png,exact,N,41.0,10,377.55555555555554,19.430788855719562,0,1,1,1,1,1,0,0,0,0,1,3,2,2,2,2,1,1,1,0,0,0,0,0,0,0,0,0,0
754,754.png,visMost325.png,data/vis1/visMost325.png,exact,I,34.9,10,526.3222222222222,22.941713585131826,0,0,0,1,0,1,1,0,0,0,1,6,0,1,1,1,0,0,0,0,0,0,0,0,1,0,0,0,0
755,755.png,vis270.png,data/vis2/vis270.png,exact,I,28.9,10,406.5444444444445,20.16294731542104,0,0,1,1,1,1,0,0,0,0,1,4,1,2,1,1,1,0,1,0,0,0,0,0,0,0,0,0,0
756,756.png,vis516.png,data/vis3/vis516.png,exact,I,77.6,10,684.4888888888889,26.1627385586618,0,1,1,1,1,1,0,1,0,0,0,20,2,5,8,3,1,0,1,1,0,0,0,0,1,0,0,0,0
757,757.png,v486_n7401_14_f2.png,data/science/v486_n7401_14_f2.png,exact,S,82.8,10,270.4,16.443843832875572,0,1,1,1,1,1,0,0,0,0,0,5,4,6,6,3,1,0,1,0,1,0,0,0,0,0,1,0,0
758,758.png,v484_n7393_16_f2.png,data/science/v484_n7393_16_f2.png,exact,S,81.9,10,140.76666666666668,11.864512913165322,0,1,1,1,1,0,1,0,0,0,0,6,2,13,7,3,1,0,1,0,0,1,0,0,0,1,0,0,0
759,759.png,visMost443.png,data/vis1/visMost443.png,exact,I,71.1,10,618.7666666666667,24.87502093801464,0,0,0,1,1,1,0,0,0,0,1,15,0,2,2,2,1,0,0,0,1,0,0,0,0,0,1,0,0
760,760.png,wsj471.png,data/news/wsj471.png,exact,N,34.3,10,271.56666666666666,16.47927991954341,0,0,0,1,1,1,1,0,0,0,1,7,1,2,2,1,0,0,0,0,0,0,0,0,1,0,0,0,0
761,761.png,economist_daily_chart_281.png,data/news/economist_daily_chart_281.png,exact,N,45.5,10,693.1666666666666,26.328058543437393,0,0,0,1,1,1,1,0,0,0,0,15,2,1,1,2,0,0,1,0,0,0,0,1,0,0,0,0,0
762,762.png,v490_n7419_24_f1.png,data/science/v490_n7419_24_f1.png,exact,S,74.5,10,227.83333333333334,15.094148976783465,0,1,1,1,1,1,1,0,0,0,0,1,3,5,10,2,1,0,1,0,0,0,0,0,0,0,1,0,0
763,763.png,v488_n7412_16_f4.png,data/science/v488_n7412_16_f4.png,exact,S,78.4,10,310.4888888888889,17.620694903688925,0,1,1,1,1,1,0,0,0,0,0,10,3,7,5,3,1,0,1,0,1,0,0,1,0,0,0,0,0
764,764.png,wsj465.png,data/news/wsj465.png,exact,N,32.1,10,546.5444444444445,23.378290023961217,0,0,1,1,0,1,0,0,0,0,1,4,2,1,1,1,0,0,0,0,0,0,0,1,0,0,0,0,0
765,765.png,economist_daily_chart_295.png,data/news/economist_daily_chart_295.png,exact,N,10.2,10,280.84444444444443,16.758414138707888,1,0,0,0,0,0,0,0,0,0,0,2,0,0,1,1,1,0,0,0,0,0,0,0,1,0,0,0,0
766,766.png,whoI14.png,data/government/whoI14.png,exact,G,20.9,10,313.2111111111111,17.697771360007767,0,0,0,1,0,1,0,0,0,1,0,0,4,2,1,1,0,0,0,0,0,0,0,0,0,0,1,0,0
767,767.png,vis502.png,data/vis3/vis502.png,exact,I,55.1,10,724.5444444444444,26.917363252080328,0,0,0,1,0,1,0,0,0,0,0,5,0,1,1,1,1,0,0,0,0,0,0,0,0,0,1,0,0
768,768.png,visMost457.png,data/vis1/visMost457.png,exact,I,49.2,10,613.5111111111111,24.76915644730581,0,0,0,1,0,1,1,0,0,0,1,10,9,1,1,1,0,0,0,0,0,0,0,0,1,0,0,0,0
769,769.png,v487_n7406_2_f1.png,data/science/v487_n7406_2_f1.png,exact,S,72.2,10,491.73333333333335,22.175061067183858,0,0,0,1,1,1,0,0,0,0,0,5,0,5,1,1,1,0,0,0,1,0,0,0,0,0,0,0,0
770,770.png,visMost331.png,data/vis1/visMost331.png,exact,I,75.0,10,608.2222222222222,24.662161750791885,0,1,1,1,1,0,0,0,0,0,1,3,4,4,4,2,1,0,1,0,0,1,0,0,0,0,0,0,0
771,771.png,vis264.png,data/vis2/vis264.png,exact,I,58.1,10,443.43333333333334,21.057856807693735,0,0,0,1,1,1,1,0,0,0,1,12,1,4,5,5,1,1,0,1,1,1,0,0,0,0,1,0,0
772,772.png,wsj303.png,data/news/wsj303.png,exact,N,78.1,10,352.76666666666665,18.782083661475546,0,0,0,1,1,1,0,0,0,0,1,3,0,1,1,1,0,0,0,0,1,0,0,0,0,0,0,0,0
773,773.png,v485_n7399_22_f4.png,data/science/v485_n7399_22_f4.png,exact,S,89.8,10,180.84444444444443,13.447841627727643,0,0,0,1,1,0,0,0,0,0,0,6,0,8,7,1,1,0,0,0,1,0,0,0,0,0,0,0,0
774,774.png,treasuryA4.png,data/government/treasuryA4.png,exact,G,62.9,10,450.5444444444444,21.226032235075035,0,0,1,1,0,1,0,0,0,0,0,6,6,2,4,2,1,1,0,0,0,0,0,1,0,0,0,0,0
775,775.png,economist_daily_chart_518.png,data/news/economist_daily_chart_518.png,exact,N,23.4,10,298.0444444444444,17.263963752407626,0,0,1,1,0,1,0,0,0,0,1,1,1,1,1,1,0,0,1,0,0,0,0,0,0,0,0,0,0
776,776.png,v490_n7419_7_f1.png,data/science/v490_n7419_7_f1.png,exact,S,62.6,10,520.2666666666667,22.809354806014717,0,1,1,0,0,0,1,0,0,0,0,6,3,0,1,1,1,0,0,0,0,0,1,0,0,0,0,0,0
777,777.png,v489_n7416_13_f1.png,data/science/v489_n7416_13_f1.png,exact,S,42.9,10,473.8777777777778,21.768733949813843,0,1,1,1,1,0,0,0,0,0,0,3,5,0,2,3,1,1,1,0,0,0,0,0,0,1,0,0,0
778,778.png,vis58.png,data/vis2/vis58.png,exact,I,64.3,10,482.9,21.97498577929005,0,1,1,1,0,1,1,0,0,0,0,2,5,6,11,5,1,0,1,0,1,1,0,1,1,0,0,0,0
779,779.png,whoP16.png,data/government/whoP16.png,exact,G,28.5,10,578.5,24.052026941611388,0,0,1,1,0,0,0,0,0,0,0,1,1,1,1,1,0,0,0,0,0,0,0,0,0,0,1,0,0
780,780.png,whoP02.png,data/government/whoP02.png,exact,G,32.5,10,802.0555555555555,28.3205853674594,0,0,1,0,1,1,0,0,0,0,0,1,6,2,1,1,0,0,0,0,0,0,0,0,0,0,1,0,0
781,781.png,v483_n7391_21_f4.png,data/science/v483_n7391_21_f4.png,exact,S,85.5,10,133.83333333333334,11.568635759385518,0,0,1,1,1,0,1,0,0,0,0,3,4,2,5,3,1,0,0,0,0,1,0,1,0,0,1,0,0
782,782.png,v489_n7417_15_f3.png,data/science/v489_n7417_15_f3.png,exact,S,84.2,10,665.9555555555555,25.80611469314115,0,0,0,1,1,1,0,0,0,0,0,10,0,1,11,1,1,0,0,0,1,0,0,0,0,0,0,0,0
783,783.png,v486_n7404_11_f1.png,data/science/v486_n7404_11_f1.png,exact,S,58.3,10,681.7888888888889,26.11108747043847,0,0,0,1,1,1,0,0,0,0,0,2,0,2,14,1,1,0,0,0,1,0,0,0,0,0,0,0,0
784,784.png,np_35.png,data/news/np_35.png,exact,N,71.5,10,198.5,14.089002803605371,0,0,0,1,1,1,0,0,0,0,0,2,1,2,1,2,1,1,0,0,0,0,0,0,0,0,1,0,0
785,785.png,economist_daily_chart_524.png,data/news/economist_daily_chart_524.png,exact,N,39.1,10,575.2111111111111,23.983559183555535,0,1,1,1,0,1,1,0,0,0,1,8,2,1,1,1,0,0,1,0,0,0,0,0,0,0,0,0,0
786,786.png,v485_n7399_6_f2.png,data/science/v485_n7399_6_f2.png,exact,S,70.0,10,72.22222222222223,8.498365855987975,0,1,1,1,1,0,0,0,0,1,0,0,3,0,4,1,1,0,0,0,0,0,0,1,0,0,0,0,0
787,787.png,whoJ01_2.png,data/government/whoJ01_2.png,exact,G,44.9,10,387.65555555555557,19.688970403643648,0,0,0,0,0,1,1,1,0,0,0,6,0,1,1,1,0,0,0,0,0,0,0,0,1,0,0,0,0
788,788.png,economist_daily_chart_242.png,data/news/economist_daily_chart_242.png,exact,N,38.0,10,375.3333333333333,19.37352144896052,0,1,1,1,0,1,1,0,0,0,1,6,2,1,1,2,0,0,1,0,0,0,0,1,0,0,0,0,0
789,789.png,v490_n7420_1_f4.png,data/science/v490_n7420_1_f4.png,exact,S,46.8,10,801.2888888888889,28.307046629574213,0,1,1,1,1,0,0,0,0,0,0,4,5,1,8,2,1,0,1,0,1,0,0,0,0,0,0,0,0
790,790.png,v486_n7402_7_f3.png,data/science/v486_n7402_7_f3.png,exact,S,56.7,10,361.1222222222222,19.003216102076568,0,1,1,1,0,1,0,0,0,0,0,5,7,3,6,2,1,0,1,0,0,0,0,1,0,0,0,0,0
791,791.png,visMost480.png,data/vis1/visMost480.png,exact,I,36.6,10,385.15555555555557,19.6253803926333,0,0,0,1,0,1,0,0,0,0,0,4,0,0,1,1,0,0,0,0,0,0,0,0,0,0,1,0,0
792,792.png,vis64.png,data/vis2/vis64.png,exact,I,69.6,10,151.6,12.312595177297109,0,0,0,1,1,1,0,0,0,0,1,12,1,3,1,1,1,0,0,0,0,0,0,0,0,0,1,0,0
793,793.png,visMost494.png,data/vis1/visMost494.png,exact,I,87.4,10,250.48888888888888,15.826840774105516,0,0,0,1,0,1,0,0,0,0,0,25,0,0,1,1,1,0,0,0,1,0,0,0,0,0,0,0,0
794,794.png,vis70.png,data/vis2/vis70.png,exact,I,24.9,10,329.8777777777778,18.162537757091595,0,1,0,1,1,1,0,0,0,0,1,8,1,1,1,1,1,0,0,0,0,0,0,0,0,0,1,0,0
795,795.png,whoQ52_7.png,data/government/whoQ52_7.png,exact,G,23.6,10,270.26666666666665,16.439789130845526,0,0,0,1,0,1,1,0,0,0,0,2,1,2,1,1,0,0,1,0,0,0,0,0,0,0,0,0,0
796,796.png,whoB21_1.png,data/government/whoB21_1.png,exact,G,26.1,10,394.09999999999997,19.85195204507607,0,0,0,1,0,1,0,0,1,0,0,13,3,1,4,1,1,0,0,0,0,0,0,0,0,0,1,0,0
797,797.png,economist_daily_chart_256.png,data/news/economist_daily_chart_256.png,exact,N,29.0,10,216.44444444444446,14.712050993809275,0,0,1,1,0,1,1,0,0,0,1,3,1,2,1,1,0,0,1,0,0,0,0,0,0,0,0,0,0
798,798.png,np_21.png,data/news/np_21.png,exact,N,82.0,10,286.44444444444446,16.924669699714805,0,0,0,1,1,1,1,1,0,0,0,4,0,2,1,1,0,0,0,0,0,0,0,0,1,0,0,0,0
799,799.png,v483_n7387_14_f3.png,data/science/v483_n7387_14_f3.png,exact,S,80.1,10,343.8777777777778,18.54394180798079,0,1,1,1,1,1,0,0,0,0,0,3,7,1,8,4,1,0,1,0,1,0,0,1,0,1,0,0,0
800,800.png,v485_n7396_15_f5.png,data/science/v485_n7396_15_f5.png,exact,S,56.3,10,617.3444444444444,24.846417134960213,0,1,1,1,1,1,0,0,0,0,0,4,4,4,4,1,1,0,0,0,0,0,0,1,0,0,0,0,0
801,801.png,economist_daily_chart_530.png,data/news/economist_daily_chart_530.png,exact,N,19.5,10,311.8333333333333,17.658803281460873,0,0,1,1,1,1,0,0,0,0,1,2,2,1,1,1,0,0,1,0,0,0,0,0,0,0,0,0,0
802,802.png,v486_n7403_7_f3.png,data/science/v486_n7403_7_f3.png,exact,S,72.7,10,554.0111111111111,23.537440623634318,0,1,1,1,1,0,1,0,0,0,0,9,4,2,3,2,1,0,0,0,0,0,0,1,0,1,0,0,0
803,803.png,whoJ27_1.png,data/government/whoJ27_1.png,exact,G,32.3,10,378.0111111111111,19.442507840068142,0,0,0,1,0,1,1,0,0,0,0,7,0,1,1,1,1,0,0,0,0,0,0,0,1,0,0,0,0
804,804.png,v487_n7408_7_f4.png,data/science/v487_n7408_7_f4.png,exact,S,66.1,10,611.2111111111111,24.72268414050366,0,1,1,0,1,0,0,0,0,0,0,7,2,1,1,2,0,0,0,0,1,0,0,1,0,0,0,0,0
805,805.png,vis728.png,data/vis3/vis728.png,exact,I,67.7,10,316.9,17.80168531347524,0,0,0,1,1,1,0,0,0,0,0,3,4,2,2,1,1,0,0,0,0,0,0,0,0,0,1,0,0
806,806.png,wsj129.png,data/news/wsj129.png,exact,N,49.0,10,801.1111111111111,28.30390628713837,0,0,0,1,1,1,0,0,0,0,1,15,1,1,1,1,0,0,1,0,0,0,0,0,0,0,0,0,0
807,807.png,v488_n7410_19_f2.png,data/science/v488_n7410_19_f2.png,exact,S,56.0,10,494.8888888888889,22.246098284618114,0,1,1,1,1,0,1,0,0,0,0,7,3,4,4,2,1,0,1,0,0,0,0,0,0,0,1,0,0
808,808.png,v489_n7414_5_f2.png,data/science/v489_n7414_5_f2.png,exact,S,82.0,10,180.66666666666666,13.4412301024373,0,1,1,1,1,0,0,0,0,0,0,10,2,4,2,2,1,0,1,0,1,0,0,0,0,0,0,0,0
809,809.png,v483_n7388_15_f3.png,data/science/v483_n7388_15_f3.png,exact,S,49.1,10,746.5444444444444,27.322965513363375,0,1,1,1,1,0,1,0,0,1,0,0,2,2,3,1,1,0,0,0,0,0,0,1,0,0,0,0,0
810,810.png,visMost669.png,data/vis1/visMost669.png,exact,I,75.8,10,557.5111111111112,23.6116731959239,0,1,1,1,1,0,1,1,0,0,1,15,3,3,1,5,1,0,0,1,1,0,0,0,1,1,1,0,0
811,811.png,visMost14.png,data/vis1/visMost14.png,exact,I,79.8,10,457.73333333333335,21.39470339437622,0,0,0,1,1,1,0,0,0,0,1,2,10,12,1,2,1,0,0,0,1,0,0,0,0,0,1,0,0
812,812.png,v485_n7396_23_f4.png,data/science/v485_n7396_23_f4.png,exact,S,87.8,10,211.95555555555555,14.55869347007332,0,1,1,1,1,0,1,0,0,0,0,5,8,4,11,3,1,0,1,0,1,0,0,1,0,0,0,0,0
813,813.png,treasuryD07_4.png,data/government/treasuryD07_4.png,exact,G,24.5,10,270.72222222222223,16.45363857091258,0,0,0,1,0,1,0,0,1,0,1,1,1,1,1,1,0,0,0,0,0,0,0,0,0,0,1,0,0
814,814.png,v488_n7409_15_f1.png,data/science/v488_n7409_15_f1.png,exact,S,51.5,10,665.3888888888889,25.79513304654366,0,1,1,1,0,0,1,1,0,1,0,7,1,3,9,1,1,0,1,0,0,0,0,0,0,0,0,0,0
815,815.png,visMost641.png,data/vis1/visMost641.png,exact,I,46.2,10,803.5111111111111,28.34627155572865,0,0,0,1,1,1,0,1,0,0,1,5,2,3,1,1,0,0,0,0,0,0,0,0,1,0,0,0,0
816,816.png,vis714.png,data/vis3/vis714.png,exact,I,28.4,10,741.8222222222222,27.236413534498666,0,1,1,1,1,1,0,1,0,0,1,3,1,1,1,1,0,0,1,0,0,0,0,0,0,0,0,0,0
817,817.png,whoK02.png,data/government/whoK02.png,exact,G,34.1,10,424.5444444444445,20.604476320558224,0,1,1,1,0,1,1,0,0,0,0,4,2,1,1,1,0,0,1,0,0,0,0,0,0,0,0,0,0
818,818.png,visMost127.png,data/vis1/visMost127.png,exact,I,35.7,10,469.56666666666666,21.6694869959274,0,0,0,1,0,1,0,0,0,0,1,10,0,1,1,1,0,0,0,0,0,0,0,0,0,0,1,0,0
819,819.png,v483_n7391_5_f4.png,data/science/v483_n7391_5_f4.png,exact,S,83.6,10,255.82222222222222,15.994443479603229,0,1,1,1,1,0,1,1,0,0,0,8,7,10,7,3,1,0,1,0,0,0,0,1,0,1,0,0,0
820,820.png,wsj115.png,data/news/wsj115.png,exact,N,40.9,10,427.65555555555557,20.679834514704307,0,0,1,1,1,1,0,0,0,0,0,4,1,1,2,1,1,0,0,0,1,0,0,0,0,0,0,0,0
821,821.png,economist_daily_chart_87.png,data/news/economist_daily_chart_87.png,exact,N,36.9,10,739.4333333333333,27.19252348226132,0,0,1,1,0,1,1,1,0,0,0,4,2,2,2,1,1,0,1,0,0,0,0,0,0,0,0,0,0
822,822.png,v483_n7389_13_f1.png,data/science/v483_n7389_13_f1.png,exact,S,86.6,10,150.7111111111111,12.276445377677982,0,1,1,0,1,1,1,0,0,0,0,13,2,3,1,2,0,1,0,0,0,0,0,0,0,1,0,0,0
823,823.png,wsj101.png,data/news/wsj101.png,exact,N,51.6,10,567.3777777777777,23.81969306640574,0,0,0,0,1,1,0,0,0,0,0,3,0,0,1,1,0,0,0,0,1,0,0,0,0,0,0,0,0
824,824.png,economist_daily_chart_93.png,data/news/economist_daily_chart_93.png,exact,N,53.3,10,548.6777777777778,23.423871963827366,0,0,1,1,0,1,1,0,0,0,0,4,1,2,1,2,0,0,1,0,0,0,0,0,0,1,0,0,0
825,825.png,visMost133.png,data/vis1/visMost133.png,exact,I,74.2,10,529.9555555555555,23.02076357455494,0,1,0,1,1,1,1,1,0,0,1,18,6,6,5,1,0,0,0,1,0,0,0,0,0,0,0,0,0
826,826.png,v483_n7390_5_f4.png,data/science/v483_n7390_5_f4.png,exact,S,50.1,10,512.9888888888889,22.649258020714253,0,1,0,1,0,0,1,0,0,0,0,2,2,1,3,1,1,0,0,0,0,0,0,1,0,0,0,0,0
827,827.png,visMost655.png,data/vis1/visMost655.png,exact,I,50.8,10,645.7333333333333,25.41128358295451,0,1,1,1,0,0,0,0,0,0,1,2,4,4,4,2,1,0,1,1,0,0,0,0,0,0,0,0,0
828,828.png,visMost28.png,data/vis1/visMost28.png,exact,I,57.1,10,802.5444444444445,28.32921538702483,0,0,0,1,1,1,0,0,0,0,1,6,1,1,1,1,0,0,0,0,0,0,0,0,0,0,0,1,0
829,829.png,v487_n7408_9_f1.png,data/science/v487_n7408_9_f1.png,exact,S,64.5,10,278.72222222222223,16.69497595752154,0,1,1,1,1,0,0,0,0,0,0,10,3,1,5,1,1,0,0,0,1,0,0,0,0,0,0,0,0
830,830.png,vis700.png,data/vis3/vis700.png,exact,I,41.6,10,398.26666666666665,19.95661962023295,0,1,1,1,1,1,0,1,0,0,1,10,2,3,4,2,1,0,1,1,0,0,0,0,0,0,0,0,0
831,831.png,v484_n7394_2_f4.png,data/science/v484_n7394_2_f4.png,exact,S,69.5,10,578.2777777777778,24.047406882609565,0,1,0,1,1,1,1,1,0,0,0,15,0,6,5,2,1,0,0,1,0,1,0,0,0,0,0,0,0
832,832.png,v490_n7418_14_f2.png,data/science/v490_n7418_14_f2.png,exact,S,30.5,10,484.94444444444446,22.02145418550838,0,1,0,0,1,1,0,0,0,1,0,0,0,2,1,1,0,0,0,0,0,0,0,0,0,0,0,0,1
833,833.png,v487_n7406_18_f3.png,data/science/v487_n7406_18_f3.png,exact,S,74.3,10,157.7888888888889,12.561404733901734,0,1,1,1,1,0,1,0,0,0,0,6,2,5,4,3,1,0,0,0,1,0,0,1,0,1,0,0,0
834,834.png,vis933.png,data/vis3/vis933.png,exact,I,41.7,10,683.3444444444444,26.140857760303973,0,1,1,1,1,0,0,0,0,0,1,3,1,2,1,1,1,0,1,0,0,0,0,0,0,0,0,0,0
835,835.png,v489_n7414_12_f2.png,data/science/v489_n7414_12_f2.png,exact,S,84.0,10,490.6666666666667,22.150996967781534,0,0,0,1,1,0,0,0,0,0,0,6,0,2,6,1,0,0,0,0,1,0,0,0,0,0,0,0,0
836,836.png,economist_daily_chart_78.png,data/news/economist_daily_chart_78.png,exact,N,31.5,10,226.5,15.049916943292411,0,0,0,1,1,1,0,0,0,0,0,6,2,1,2,1,1,0,0,1,0,0,0,0,0,0,0,0,0
837,837.png,v487_n7407_10_f4.png,data/science/v487_n7407_10_f4.png,exact,S,52.0,10,475.1111111111111,21.79704363236242,0,0,0,0,1,0,0,0,0,0,0,3,3,1,3,1,1,0,0,0,1,0,0,0,0,0,0,0,0
838,838.png,vis927.png,data/vis3/vis927.png,exact,I,59.6,10,729.3777777777777,27.006994978667613,0,0,0,1,1,1,0,1,0,0,1,8,1,3,1,2,0,1,0,0,0,0,0,0,0,0,1,0,0
839,839.png,v487_n7405_1_f3.png,data/science/v487_n7405_1_f3.png,exact,S,83.6,10,207.82222222222222,14.41604044882721,0,1,0,1,0,1,0,0,0,0,0,2,1,2,6,1,1,0,0,0,0,0,0,1,0,0,0,0,0
840,840.png,visMost682.png,data/vis1/visMost682.png,exact,I,73.6,10,408.93333333333334,20.222100121731504,0,0,0,1,1,1,0,1,0,0,1,12,0,0,1,2,0,1,0,0,1,0,0,0,0,0,0,0,0
841,841.png,economist_daily_chart_44.png,data/news/economist_daily_chart_44.png,exact,N,48.1,10,392.9888888888889,19.823947358911365,0,1,1,1,1,0,0,0,0,0,0,6,4,2,2,1,1,0,0,0,0,0,0,1,0,0,0,0,0
842,842.png,v484_n7393_20_f3.png,data/science/v484_n7393_20_f3.png,exact,S,47.0,10,403.1111111111111,20.077627128500794,0,0,1,1,1,0,0,0,0,0,0,4,1,1,2,1,1,0,0,0,0,0,0,1,0,0,0,0,0
843,843.png,economist_daily_chart_50.png,data/news/economist_daily_chart_50.png,exact,N,40.0,10,572.2222222222222,23.921166824012204,0,0,0,1,0,1,0,0,0,0,1,13,2,2,1,1,0,0,0,0,0,0,0,0,0,0,1,0,0
844,844.png,whoQ50_5.png,data/government/whoQ50_5.png,exact,G,43.8,10,805.2888888888889,28.37761245927657,0,1,1,1,0,0,1,0,0,0,1,16,2,1,1,1,0,0,0,0,0,0,0,1,0,0,0,0,0
845,845.png,visMost696.png,data/vis1/visMost696.png,exact,I,52.9,10,695.8777777777779,26.37949540415392,0,0,0,1,1,1,0,0,0,0,1,3,8,8,8,3,1,0,1,1,0,1,0,0,0,0,0,0,0
846,846.png,v485_n7397_27_f3.png,data/science/v485_n7397_27_f3.png,exact,S,70.3,10,736.2333333333333,27.13361998210584,0,0,1,1,0,1,0,0,0,0,0,11,4,5,4,1,1,0,0,0,0,1,0,0,0,0,0,0,0
847,847.png,visMost709.png,data/vis1/visMost709.png,exact,I,36.6,10,535.1555555555556,23.133429394613234,0,0,1,1,0,1,0,0,0,0,1,6,0,1,1,1,0,0,0,0,0,0,0,0,0,0,1,0,0
848,848.png,vis884.png,data/vis3/vis884.png,exact,I,54.8,10,580.8444444444444,24.10071460443537,0,0,1,1,1,1,1,0,0,0,1,3,0,0,1,2,1,1,0,0,0,0,0,0,0,0,1,0,0
849,849.png,v486_n7401_8_f1.png,data/science/v486_n7401_8_f1.png,exact,S,74.9,10,360.5444444444444,18.988007911427793,0,1,1,0,1,1,0,0,0,0,0,11,7,5,6,3,0,1,0,0,0,0,0,1,0,1,0,0,0
850,850.png,v488_n7409_19_f1.png,data/science/v488_n7409_19_f1.png,exact,S,73.5,10,439.1666666666667,20.95630374533321,0,0,0,0,1,0,1,0,0,0,0,6,1,2,1,1,0,0,0,0,0,0,1,0,0,0,0,0,0
851,851.png,v486_n7403_19_f1.png,data/science/v486_n7403_19_f1.png,exact,S,69.1,10,164.54444444444445,12.827487846201393,0,1,1,1,1,1,0,0,0,0,0,6,1,1,2,2,1,0,1,0,1,0,0,0,0,0,0,0,0
852,852.png,vis648.png,data/vis3/vis648.png,exact,I,69.4,10,515.6,22.706827167175955,0,1,1,1,1,1,0,0,0,0,0,7,7,14,23,3,1,1,1,1,0,0,0,0,0,0,0,0,0
853,853.png,vis890.png,data/vis3/vis890.png,exact,I,72.2,10,464.17777777777775,21.54478539641966,0,1,0,1,1,1,1,0,0,0,1,7,8,10,8,3,1,1,0,1,0,1,0,0,0,0,0,0,0
854,854.png,v489_n7414_9_f2.png,data/science/v489_n7414_9_f2.png,exact,S,31.2,10,482.84444444444443,21.973721679416176,0,1,1,1,1,0,0,0,0,1,0,0,2,1,3,2,1,0,1,0,1,0,0,0,0,0,0,0,0
855,855.png,v486_n7403_17_f4.png,data/science/v486_n7403_17_f4.png,exact,S,73.4,10,433.3777777777778,20.817727488315764,0,1,1,1,1,0,1,0,0,0,0,6,10,4,8,5,1,0,1,0,1,1,0,1,0,1,0,0,0
856,856.png,whoH06_1.png,data/government/whoH06_1.png,exact,G,32.8,10,597.9555555555555,24.45312977014508,0,1,1,1,1,1,1,0,0,0,0,6,2,1,1,2,1,0,1,0,0,0,0,1,0,0,0,0,0
857,857.png,vis660.png,data/vis3/vis660.png,exact,I,67.3,10,679.1222222222223,26.059973565263306,0,0,0,1,1,1,0,0,0,0,1,13,0,0,7,2,1,0,0,1,1,0,0,0,0,0,0,0,0
858,858.png,visMost735.png,data/vis1/visMost735.png,exact,I,73.2,10,386.84444444444443,19.668361508891493,0,0,1,1,1,1,0,0,0,0,1,4,1,1,1,1,0,0,0,0,0,0,0,0,0,0,1,0,0
859,859.png,v483_n7390_13_f2.png,data/science/v483_n7390_13_f2.png,exact,S,77.6,10,170.04444444444445,13.040109065665227,0,1,1,1,1,0,1,0,0,0,0,5,5,1,4,3,1,1,0,0,0,0,0,1,0,1,0,0,0
860,860.png,vis106.png,data/vis2/vis106.png,exact,I,51.7,10,678.6777777777778,26.051444830906746,0,0,1,1,1,1,0,0,0,0,0,10,1,2,1,1,1,0,0,0,0,0,0,0,0,0,1,0,0
861,861.png,v485_n7399_18_f5.png,data/science/v485_n7399_18_f5.png,exact,S,88.4,10,183.6,13.549907748763458,0,1,1,1,1,0,1,0,0,0,0,11,6,5,5,3,1,0,1,0,0,0,0,1,0,0,1,0,0
862,862.png,v483_n7387_5_f2.png,data/science/v483_n7387_5_f2.png,exact,S,69.5,10,236.94444444444446,15.39299985202509,0,1,1,0,0,0,0,0,0,0,1,2,3,1,1,1,0,0,0,0,0,0,0,1,0,0,0,0,0
863,863.png,vis112.png,data/vis2/vis112.png,exact,I,64.3,10,392.4555555555555,19.81049104781493,0,1,1,1,1,1,0,1,0,0,1,9,6,6,10,5,1,0,1,1,1,0,0,1,1,0,0,0,0
864,864.png,v488_n7410_15_f2.png,data/science/v488_n7410_15_f2.png,exact,S,68.3,10,627.7888888888889,25.05571569300883,0,0,0,1,1,0,0,0,0,0,0,15,1,3,3,2,1,0,0,0,1,0,0,0,0,0,0,0,1
865,865.png,vis674.png,data/vis3/vis674.png,exact,I,71.9,10,725.6555555555556,26.93799464614164,0,0,0,1,1,1,0,0,0,0,1,10,0,0,1,1,0,0,0,0,1,0,0,0,0,0,0,0,0
866,866.png,visMost721.png,data/vis1/visMost721.png,exact,I,73.9,10,865.2111111111111,29.414471117310796,0,0,0,1,1,1,0,0,0,0,1,10,7,8,23,4,1,1,1,1,0,1,0,0,0,0,0,0,0
867,867.png,treasuryL07_2.png,data/government/treasuryL07_2.png,exact,G,23.4,10,253.15555555555557,15.910862816188052,0,1,0,1,1,1,0,0,0,0,0,5,1,1,1,1,0,0,0,1,0,0,0,0,0,0,0,0,0
868,868.png,vis847.png,data/vis3/vis847.png,exact,I,52.8,10,457.5111111111111,21.38950937050944,0,0,0,1,1,1,0,0,0,0,1,3,1,0,12,1,1,0,0,0,0,0,0,0,0,1,0,0,0
869,869.png,whoC23.png,data/government/whoC23.png,exact,G,34.5,10,676.9444444444445,26.018156053887534,0,0,0,1,0,1,1,0,0,0,0,4,0,1,1,1,1,0,0,0,0,0,0,0,1,0,0,0,0
870,870.png,v485_n7397_1_f2.png,data/science/v485_n7397_1_f2.png,exact,S,67.7,10,560.0111111111111,23.664553896304724,0,1,1,1,0,0,1,0,0,0,0,4,8,6,6,3,1,0,1,0,0,1,0,0,0,0,1,0,0
871,871.png,vis853.png,data/vis3/vis853.png,exact,I,39.0,10,409.55555555555554,20.237478982214054,0,0,1,1,0,1,1,0,0,0,1,3,1,1,1,2,0,1,0,0,0,0,0,0,1,0,0,0,0
872,872.png,v487_n7407_12_f1.png,data/science/v487_n7407_12_f1.png,exact,S,57.4,10,105.6,10.276186062932103,0,1,1,1,1,0,1,0,0,0,0,7,7,1,3,2,1,0,0,0,1,0,0,1,0,0,0,0,0
873,873.png,economist_daily_chart_134.png,data/news/economist_daily_chart_134.png,exact,N,26.9,10,633.2111111111111,25.163686357747967,0,0,1,1,0,1,0,0,0,0,0,3,2,1,1,1,0,0,1,0,0,0,0,0,0,0,0,0,0
874,874.png,whoK07_1.png,data/government/whoK07_1.png,exact,G,24.4,10,152.04444444444445,12.33063033443321,0,0,0,1,0,1,0,0,1,1,0,1,2,1,1,1,1,0,0,0,0,0,0,0,0,0,1,0,0
875,875.png,v490_n7420_22_f1.png,data/science/v490_n7420_22_f1.png,exact,S,78.3,10,414.4555555555556,20.35818153852538,0,1,1,1,1,0,1,0,0,0,0,7,9,4,14,3,1,0,1,0,1,0,0,0,0,1,0,0,0
876,876.png,whoQ56_3.png,data/government/whoQ56_3.png,exact,G,57.9,10,240.32222222222222,15.502329574042161,0,1,1,1,0,1,1,0,0,0,0,7,4,6,8,3,1,1,1,0,0,0,0,1,0,0,0,0,0
877,877.png,v487_n7406_14_f3.png,data/science/v487_n7406_14_f3.png,exact,S,73.2,10,404.6222222222222,20.11522364335585,0,1,1,1,1,0,0,0,0,1,0,0,4,6,9,1,1,0,0,0,0,0,0,0,0,1,0,0,0
878,878.png,v490_n7418_18_f2.png,data/science/v490_n7418_18_f2.png,exact,S,72.4,10,328.0444444444444,18.11199725166842,0,1,1,1,0,0,1,0,0,1,0,0,8,4,7,2,1,0,0,0,0,0,0,1,0,1,0,0,0
879,879.png,economist_daily_chart_120.png,data/news/economist_daily_chart_120.png,exact,N,46.9,10,777.8777777777777,27.890460336426464,0,0,1,1,1,1,1,0,0,0,0,5,2,2,1,1,0,0,1,0,0,0,0,0,0,0,0,0,0
880,880.png,wsj73.png,data/news/wsj73.png,exact,N,26.5,10,344.05555555555554,18.54873460793365,0,0,1,1,1,1,0,0,0,0,0,3,2,4,1,2,0,1,0,0,0,0,0,1,0,0,0,0,0
881,881.png,wsj539.png,data/news/wsj539.png,exact,N,40.2,10,407.9555555555556,20.197909682824992,0,0,1,1,1,1,1,0,0,0,0,4,2,4,4,1,1,0,0,0,0,0,0,1,0,0,0,0,0
882,882.png,v488_n7413_12_f3.png,data/science/v488_n7413_12_f3.png,exact,S,40.3,10,283.34444444444443,16.832838276548742,0,1,1,0,0,0,1,0,0,1,0,0,2,2,1,2,0,0,0,0,0,0,0,1,0,1,0,0,0
883,883.png,v484_n7395_20_f4.png,data/science/v484_n7395_20_f4.png,exact,S,60.1,10,169.87777777777777,13.03371695940102,0,1,1,1,1,0,1,0,0,0,0,5,6,1,3,2,1,0,0,0,0,0,0,1,0,1,0,0,0
884,884.png,v486_n7401_18_f2.png,data/science/v486_n7401_18_f2.png,exact,S,54.9,10,368.76666666666665,19.203298327804696,0,1,1,1,1,0,1,0,0,0,0,3,4,5,6,3,1,0,1,0,0,1,0,1,0,0,0,0,0
885,885.png,wsj67.png,data/news/wsj67.png,exact,N,37.0,10,220.44444444444446,14.847371634213392,0,0,0,1,1,1,0,0,0,0,1,7,1,3,1,2,0,1,0,0,0,1,0,0,0,0,0,0,0
886,886.png,visMost279.png,data/vis1/visMost279.png,exact,I,48.3,10,490.9,22.156263222845137,0,0,1,1,1,1,0,0,0,0,1,5,8,4,7,4,1,1,1,0,0,0,0,0,1,0,1,0,0
887,887.png,wsj263.png,data/news/wsj263.png,exact,N,27.5,10,503.6111111111111,22.441281405283235,0,1,1,1,1,1,0,0,0,0,1,3,2,1,1,1,0,0,1,0,0,0,0,0,0,0,0,0,0
888,888.png,economist_daily_chart_493.png,data/news/economist_daily_chart_493.png,exact,N,48.5,10,465.3888888888889,21.57287391352596,0,0,0,0,1,0,1,1,0,0,1,7,3,1,1,1,0,0,0,0,0,0,0,0,1,0,0,0,0
889,889.png,whoO12.png,data/government/whoO12.png,exact,G,24.3,10,217.1222222222222,14.735067771212394,0,0,1,0,0,1,0,0,1,0,1,3,3,2,1,1,0,0,0,0,0,0,0,0,0,0,1,0,0
890,890.png,vis304.png,data/vis2/vis304.png,exact,I,49.8,10,453.06666666666666,21.2853627327952,0,0,1,1,1,1,1,0,0,0,1,4,6,3,4,4,1,0,1,0,1,0,0,1,0,0,1,0,0
891,891.png,visMost251.png,data/vis1/visMost251.png,exact,I,43.6,10,473.37777777777774,21.75724655782017,0,0,1,1,1,0,1,0,0,0,1,4,1,3,2,2,1,0,1,0,0,1,0,0,0,0,0,0,0
892,892.png,v487_n7406_22_f2.png,data/science/v487_n7406_22_f2.png,exact,S,70.7,10,572.0111111111111,23.916753774521972,0,1,1,1,1,0,0,0,0,0,0,8,8,5,6,4,1,0,0,0,1,1,0,1,0,1,0,0,0
893,893.png,visMost537.png,data/vis1/visMost537.png,exact,I,64.2,10,648.6222222222223,25.468062788956335,0,0,0,1,1,0,1,0,0,0,1,10,0,2,1,1,0,0,0,0,0,0,1,0,0,0,0,0,0
894,894.png,vis462.png,data/vis2/vis462.png,exact,I,23.6,10,396.7111111111111,19.917608067012242,0,0,0,1,1,1,1,0,0,0,0,2,1,1,2,2,0,1,0,0,0,1,0,0,0,0,0,0,0
895,895.png,wsj505.png,data/news/wsj505.png,exact,N,35.7,10,691.7888888888889,26.301879949708706,0,0,1,1,1,1,0,0,0,0,0,4,4,2,1,1,0,0,0,0,0,0,0,0,0,0,1,0,0
896,896.png,whoH04_3.png,data/government/whoH04_3.png,exact,G,23.5,10,394.05555555555554,19.850832616178987,0,1,1,1,0,1,0,0,0,0,0,3,1,1,1,1,1,0,1,0,0,0,0,0,0,0,0,0,0
897,897.png,wsj511.png,data/news/wsj511.png,exact,N,40.2,10,464.84444444444443,21.5602514930704,0,0,0,1,1,1,1,0,0,0,0,3,0,2,1,1,0,0,0,0,0,0,0,0,1,0,0,0,0
898,898.png,visMost523.png,data/vis1/visMost523.png,exact,I,42.8,10,622.6222222222223,24.952399127583348,0,0,0,1,0,1,0,0,0,0,1,4,1,1,1,2,0,0,0,0,0,0,0,0,1,1,0,0,0
899,899.png,vis476.png,data/vis2/vis476.png,exact,I,35.1,10,485.65555555555557,22.03759414172871,0,0,1,1,1,1,0,0,0,0,1,5,4,4,4,2,1,1,1,0,0,0,0,0,0,0,0,0,0
900,900.png,v487_n7408_13_f1.png,data/science/v487_n7408_13_f1.png,exact,S,69.2,10,459.5111111111111,21.436210278664255,0,0,1,1,1,1,0,0,0,0,1,6,2,2,6,2,1,0,0,0,1,0,0,0,0,1,0,0,0
901,901.png,vis310.png,data/vis2/vis310.png,exact,I,47.8,10,290.6222222222222,17.04764565041819,0,0,0,1,1,1,0,0,0,0,0,4,5,3,4,2,1,0,0,1,0,0,0,0,1,0,0,0,0
902,902.png,v488_n7412_14_f1.png,data/science/v488_n7412_14_f1.png,exact,S,62.5,10,861.1666666666666,29.34564135722146,0,1,1,1,0,0,1,0,0,0,0,8,6,4,7,3,1,0,1,0,1,0,0,1,0,0,0,0,0
903,903.png,visMost245.png,data/vis1/visMost245.png,exact,I,31.1,10,220.1,14.835767590522574,0,0,0,1,1,1,0,0,0,0,1,3,2,1,1,1,0,0,1,0,0,0,0,0,0,0,0,0,0
904,904.png,wsj277.png,data/news/wsj277.png,exact,N,16.5,10,306.72222222222223,17.513486866475855,0,0,1,1,1,1,0,0,0,0,1,7,1,2,1,1,0,0,1,0,0,0,0,0,0,0,0,0,0
905,905.png,economist_daily_chart_487.png,data/news/economist_daily_chart_487.png,exact,N,26.6,10,488.26666666666665,22.096756926451146,0,0,1,1,0,0,0,0,0,0,1,1,1,1,1,1,0,0,1,0,0,0,0,0,0,0,0,0,0
906,906.png,v489_n7416_11_f4.png,data/science/v489_n7416_11_f4.png,exact,S,45.2,10,332.4,18.231840280125315,0,1,1,1,1,0,1,0,0,1,0,0,3,2,2,2,1,0,0,0,1,0,0,1,0,0,0,0,0
907,907.png,v485_n7399_20_f1.png,data/science/v485_n7399_20_f1.png,exact,S,71.0,10,263.55555555555554,16.234394215847892,0,1,1,1,0,1,1,0,0,0,0,6,3,3,6,3,1,0,1,0,1,1,0,0,0,0,0,0,0
908,908.png,v489_n7417_4_f5.png,data/science/v489_n7417_4_f5.png,exact,S,63.0,10,741.1111111111111,27.223355985460557,0,1,1,1,0,1,0,0,1,1,0,0,4,4,3,1,0,0,0,0,0,0,0,0,0,0,1,0,0
909,909.png,v490_n7419_5_f4.png,data/science/v490_n7419_5_f4.png,exact,S,71.2,10,305.5111111111111,17.478876139818347,0,1,1,1,1,0,1,0,0,0,0,6,6,1,7,4,1,0,0,0,1,1,0,1,0,1,0,0,0
910,910.png,v489_n7417_19_f3.png,data/science/v489_n7417_19_f3.png,exact,S,72.7,10,306.0111111111111,17.49317327162545,0,1,1,1,0,0,1,0,0,0,0,6,7,6,5,3,1,0,1,0,0,0,0,1,0,0,1,0,0
911,911.png,v489_n7416_4_f5.png,data/science/v489_n7416_4_f5.png,exact,S,77.3,10,348.4555555555556,18.666964283341724,0,0,0,1,1,0,0,0,0,0,0,6,4,4,4,1,1,0,0,0,1,0,0,0,0,0,0,0,0
912,912.png,v487_n7405_13_f2.png,data/science/v487_n7405_13_f2.png,exact,S,45.7,10,643.7888888888889,25.372995268373202,0,1,1,0,1,0,1,0,0,1,0,0,2,1,1,1,0,0,0,0,0,0,0,0,0,1,0,0,0
913,913.png,v485_n7397_11_f2.png,data/science/v485_n7397_11_f2.png,exact,S,46.1,10,843.4333333333334,29.041923719570185,0,0,1,1,0,0,1,0,0,1,0,0,2,1,1,1,0,0,0,0,0,0,0,0,0,1,0,0,0
914,914.png,v483_n7391_23_f1.png,data/science/v483_n7391_23_f1.png,exact,S,52.3,10,843.5666666666666,29.04421916090475,0,1,1,1,1,0,1,0,0,0,0,5,7,4,7,3,1,0,1,0,1,0,0,0,0,1,0,0,0
915,915.png,wsj288.png,data/news/wsj288.png,exact,N,29.1,10,566.5444444444445,23.802194109880805,0,0,1,1,1,1,0,0,0,0,1,3,3,2,2,1,1,0,1,0,0,0,0,0,0,0,0,0,0
916,916.png,economist_daily_chart_478.png,data/news/economist_daily_chart_478.png,exact,N,26.6,10,248.04444444444445,15.749426797329624,0,0,1,1,1,1,1,0,0,0,1,4,2,1,1,1,0,1,0,0,0,0,0,0,0,0,0,0,0
917,917.png,v485_n7398_26_f3.png,data/science/v485_n7398_26_f3.png,exact,S,62.1,10,798.9888888888889,28.266391508094713,0,1,1,1,0,0,0,0,0,0,0,6,3,1,19,3,1,1,1,0,1,0,0,0,0,0,0,0,0
918,918.png,visMost292.png,data/vis1/visMost292.png,exact,I,65.9,10,750.1,27.38795355626265,0,0,1,1,1,1,1,0,0,0,1,5,4,1,1,1,0,1,0,0,0,0,0,0,0,0,0,0,0
919,919.png,whoQ54_1.png,data/government/whoQ54_1.png,exact,G,21.7,10,431.78888888888883,20.779530526190644,0,0,1,1,0,0,0,0,0,0,0,1,1,1,1,1,0,0,1,0,0,0,0,0,0,0,0,0,0
920,920.png,economist_daily_chart_450.png,data/news/economist_daily_chart_450.png,exact,N,29.6,10,394.93333333333334,19.872929661560555,0,0,1,1,1,1,0,0,0,0,1,4,2,1,1,1,1,0,1,0,0,0,0,0,0,0,0,0,0
921,921.png,whoQ11_1.png,data/government/whoQ11_1.png,exact,G,42.9,10,510.09999999999997,22.585393509965684,0,1,1,1,0,1,1,0,0,0,1,8,2,2,1,1,0,0,0,0,0,0,0,1,0,0,0,0,0
922,922.png,economist_daily_chart_336.png,data/news/economist_daily_chart_336.png,exact,N,32.5,10,403.1666666666667,20.07901059979467,0,0,1,1,1,1,0,0,0,0,1,15,2,1,1,1,0,0,1,0,0,0,0,0,0,0,0,0,0
923,923.png,whoQ37_2.png,data/government/whoQ37_2.png,exact,G,39.3,10,523.3444444444444,22.87672276451425,0,1,1,1,0,1,1,0,0,0,0,2,4,1,2,1,1,0,0,0,0,0,0,0,0,1,0,0,0
924,924.png,economist_daily_chart_322.png,data/news/economist_daily_chart_322.png,exact,N,18.3,10,412.6777777777778,20.314472126486027,0,1,1,1,0,1,1,1,0,0,1,2,2,1,1,1,0,0,1,0,0,0,0,0,0,0,0,0,0
925,925.png,v486_n7403_5_f6.png,data/science/v486_n7403_5_f6.png,exact,S,59.7,10,374.23333333333335,19.345111354896186,0,1,1,1,0,0,1,0,1,1,0,0,9,4,2,1,0,0,0,0,0,0,0,0,0,0,1,0,0
926,926.png,economist_daily_chart_444.png,data/news/economist_daily_chart_444.png,exact,N,27.2,10,454.84444444444443,21.32708241753767,0,0,1,1,1,1,1,0,0,0,1,3,1,2,1,1,0,0,1,0,0,0,0,0,0,0,0,0,0
927,927.png,visMost286.png,data/vis1/visMost286.png,exact,I,43.6,10,874.7111111111111,29.57551539890913,0,0,1,1,1,1,0,0,0,0,1,5,3,1,3,2,1,1,1,0,0,0,0,0,0,0,0,0,0
928,928.png,wsj98.png,data/news/wsj98.png,exact,N,44.7,10,331.7888888888889,18.215073123347292,0,0,1,1,1,1,0,0,0,0,0,4,4,1,2,2,1,1,0,0,0,0,0,1,0,0,0,0,0
929,929.png,economist_daily_chart_323.png,data/news/economist_daily_chart_323.png,exact,N,42.4,10,636.0444444444445,25.21992157887182,0,0,0,1,1,1,1,1,0,0,1,6,1,0,2,1,1,0,0,0,0,0,0,0,1,0,0,0,0
930,930.png,whoK23_1.png,data/government/whoK23_1.png,exact,G,32.2,10,120.39999999999999,10.972693379476162,0,1,0,1,1,1,1,0,0,0,0,4,2,1,1,1,0,0,1,0,0,0,0,0,0,0,0,0,0
931,931.png,v485_n7396_17_f1.png,data/science/v485_n7396_17_f1.png,exact,S,82.7,10,133.34444444444446,11.547486498993816,0,1,1,1,0,0,1,0,0,0,1,8,6,5,7,3,1,0,1,0,0,1,0,1,0,0,0,0,0
932,932.png,wsj99.png,data/news/wsj99.png,exact,N,35.8,10,546.4,23.375200533899168,0,0,0,1,1,1,1,0,0,0,1,6,0,1,1,1,0,0,0,0,0,0,0,0,1,0,0,0,0
933,933.png,visMost287.png,data/vis1/visMost287.png,exact,I,37.2,10,301.06666666666666,17.351272767917248,0,1,1,1,0,1,1,0,0,0,1,3,4,1,3,3,1,0,0,0,0,0,0,1,0,1,1,0,0
934,934.png,v482_n7386_18_f4.png,data/science/v482_n7386_18_f4.png,exact,S,79.1,10,308.76666666666665,17.57175764306652,0,1,1,1,1,0,1,0,0,0,0,7,1,4,9,3,1,0,1,0,1,0,0,0,0,0,1,0,0
935,935.png,treasuryG02_1.png,data/government/treasuryG02_1.png,exact,G,57.7,10,555.1222222222223,23.561031858181046,0,0,1,1,1,1,1,1,0,0,0,4,2,1,1,1,0,0,0,0,0,0,0,1,0,0,0,0,0
936,936.png,economist_daily_chart_445.png,data/news/economist_daily_chart_445.png,exact,N,46.7,10,446.0111111111111,21.11897514348438,0,0,1,1,1,0,1,0,0,0,1,4,1,3,2,4,1,1,1,1,0,0,0,0,1,0,0,0,0
937,937.png,economist_daily_chart_451.png,data/news/economist_daily_chart_451.png,exact,N,31.6,10,638.0444444444445,25.259541651511505,0,1,1,1,0,1,0,0,1,0,1,1,3,3,1,1,0,0,0,0,0,0,0,0,0,0,1,0,0
938,938.png,visMost293.png,data/vis1/visMost293.png,exact,I,53.7,10,253.12222222222223,15.90981527932434,0,0,0,0,0,1,1,0,0,0,0,10,1,1,1,1,0,0,0,0,0,0,0,0,1,0,0,0,0
939,939.png,v485_n7398_26_f2.png,data/science/v485_n7398_26_f2.png,exact,S,73.6,10,328.26666666666665,18.11813088225898,0,1,1,1,0,0,0,0,0,0,0,3,8,3,12,3,1,0,1,0,1,0,0,1,0,0,0,0,0
940,940.png,economist_daily_chart_337.png,data/news/economist_daily_chart_337.png,exact,N,35.9,10,526.1,22.93686988235317,0,0,1,1,0,1,1,0,0,0,1,3,3,2,2,2,1,0,1,0,0,0,0,1,0,0,0,0,0
941,941.png,v489_n7417_19_f2.png,data/science/v489_n7417_19_f2.png,exact,S,75.9,10,84.1,9.1706052144883,0,1,1,1,0,0,1,0,0,0,0,5,6,2,7,5,1,0,1,0,1,1,0,1,0,0,1,0,0
942,942.png,economist_daily_chart_479.png,data/news/economist_daily_chart_479.png,exact,N,32.7,10,276.23333333333335,16.620268750334134,0,0,1,1,0,1,1,0,0,0,0,6,2,1,1,1,0,0,0,0,0,0,0,1,0,0,0,0,0
943,943.png,wsj289.png,data/news/wsj289.png,exact,N,51.0,10,270.22222222222223,16.438437341250605,0,0,1,1,1,1,0,0,0,0,0,4,5,2,2,2,1,0,1,0,0,0,0,1,0,0,0,0,0
944,944.png,v485_n7397_11_f3.png,data/science/v485_n7397_11_f3.png,exact,S,59.6,10,453.3777777777778,21.292669578467088,0,0,1,1,1,0,1,0,0,1,0,0,1,6,6,1,1,0,0,0,0,0,0,0,0,1,0,0,0
945,945.png,v487_n7405_13_f3.png,data/science/v487_n7405_13_f3.png,exact,S,24.0,10,408.8888888888889,20.221001184137467,0,0,0,1,0,0,0,0,0,1,0,0,0,0,4,1,1,0,0,0,1,0,0,0,0,0,0,0,0
946,946.png,v489_n7416_4_f4.png,data/science/v489_n7416_4_f4.png,exact,S,74.3,10,355.1222222222222,18.844686843304725,0,0,1,1,1,0,1,0,0,0,0,5,3,4,8,3,1,0,0,0,1,0,0,1,0,1,0,0,0
947,947.png,v489_n7416_11_f5.png,data/science/v489_n7416_11_f5.png,exact,S,34.4,10,333.6,18.264720090929398,0,0,1,1,0,0,1,0,0,0,0,4,3,1,2,2,1,0,1,0,0,0,0,0,1,0,0,0,0
948,948.png,v482_n7386_16_f1.png,data/science/v482_n7386_16_f1.png,exact,S,66.7,10,704.9,26.54995291897897,0,1,1,1,1,0,1,0,0,0,0,6,6,4,11,4,1,0,1,0,1,1,0,0,0,0,1,0,0
949,949.png,v489_n7417_4_f4.png,data/science/v489_n7417_4_f4.png,exact,S,69.2,10,399.73333333333335,19.9933322218517,0,0,0,1,1,0,1,0,0,0,0,8,2,0,2,1,1,0,0,0,1,0,0,0,0,0,0,0,0
950,950.png,v485_n7396_19_f4.png,data/science/v485_n7396_19_f4.png,exact,S,75.5,10,411.3888888888889,20.282723902101733,0,1,1,1,1,1,1,0,0,0,0,6,6,5,12,2,1,0,1,0,1,0,0,0,0,0,0,0,0
951,951.png,vis477.png,data/vis2/vis477.png,exact,I,40.3,10,520.9,22.8232337761326,0,0,0,1,1,1,1,0,0,0,0,8,1,1,1,1,1,0,1,0,0,0,0,0,0,0,0,0,0
952,952.png,visMost522.png,data/vis1/visMost522.png,exact,I,52.6,10,390.93333333333334,19.77203412229843,0,0,0,1,1,1,1,0,0,0,1,3,2,10,29,3,1,0,1,1,0,0,0,0,0,0,1,0,0
953,953.png,treasuryL05_1.png,data/government/treasuryL05_1.png,exact,G,28.8,10,902.8444444444444,30.047370008778547,0,1,1,1,0,1,0,0,1,0,0,1,3,1,1,1,0,0,0,0,0,0,0,0,0,0,1,0,0
954,954.png,v490_n7420_14_f1.png,data/science/v490_n7420_14_f1.png,exact,S,68.5,10,209.16666666666666,14.462595433277757,0,1,1,0,1,0,1,0,0,0,0,5,5,5,11,4,1,0,1,0,1,0,0,1,0,1,0,0,0
955,955.png,wsj510.png,data/news/wsj510.png,exact,N,24.3,10,209.56666666666666,14.47641760473449,0,0,1,1,1,0,1,0,0,0,1,3,3,3,2,3,1,1,1,0,0,0,0,0,0,0,1,0,0
956,956.png,economist_daily_chart_486.png,data/news/economist_daily_chart_486.png,exact,N,28.6,10,334.0444444444444,18.276882787949493,0,0,1,1,1,1,0,0,0,0,1,4,2,1,1,1,0,0,0,0,0,0,0,1,0,0,0,0,0
957,957.png,treasuryD03_1.png,data/government/treasuryD03_1.png,exact,G,60.3,10,776.0111111111112,27.85697598647619,0,1,1,1,0,1,1,0,0,0,1,2,3,1,1,1,0,0,0,0,0,0,0,0,0,0,1,0,0
958,958.png,wsj276.png,data/news/wsj276.png,exact,N,27.3,10,275.34444444444443,16.59350609257864,0,0,1,1,1,1,0,0,0,0,1,5,4,1,2,1,1,0,1,0,0,0,0,0,0,0,0,0,0
959,959.png,visMost244.png,data/vis1/visMost244.png,exact,I,75.9,10,760.3222222222222,27.57394099910679,0,0,0,1,1,1,0,0,0,0,1,7,3,5,1,1,0,0,0,0,1,0,0,0,0,0,0,0,0
960,960.png,vis311.png,data/vis2/vis311.png,exact,I,44.4,10,551.6,23.48616614094348,0,0,1,1,0,1,1,0,0,0,1,10,2,1,1,1,1,0,1,0,0,0,0,0,0,0,0,0,0
961,961.png,whoO07.png,data/government/whoO07.png,exact,G,25.5,10,275.3888888888889,16.594845250525506,0,1,1,1,0,1,0,0,1,0,1,3,3,4,1,1,0,0,0,0,0,0,0,0,0,0,1,0,0
962,962.png,visMost250.png,data/vis1/visMost250.png,exact,I,48.7,10,757.5666666666666,27.52392898309881,0,0,1,1,1,1,0,0,0,0,1,3,12,3,6,2,0,1,0,0,0,0,0,0,0,0,1,0,0
963,963.png,vis305.png,data/vis2/vis305.png,exact,I,37.5,10,755.6111111111111,27.488381383979508,0,0,0,1,1,1,0,0,0,0,1,4,7,3,1,1,0,0,0,0,0,0,0,0,0,0,0,1,0
964,964.png,whoO13.png,data/government/whoO13.png,exact,G,28.7,10,226.89999999999995,15.063200191194431,0,1,1,1,0,1,1,0,0,0,1,4,2,1,1,1,0,0,1,0,0,0,0,0,0,0,0,0,0
965,965.png,economist_daily_chart_492.png,data/news/economist_daily_chart_492.png,exact,N,25.4,10,201.3777777777778,14.19076381939245,0,0,1,1,1,0,0,0,0,0,1,3,2,0,1,1,0,0,0,0,0,0,0,0,0,1,0,0,0
966,966.png,wsj262.png,data/news/wsj262.png,exact,N,14.8,10,186.84444444444446,13.669105473455257,0,0,1,1,1,1,0,0,0,0,0,2,2,1,1,1,0,0,0,0,0,0,0,0,0,1,0,0,0
967,967.png,whoH04_2.png,data/government/whoH04_2.png,exact,G,14.700000000000001,10,131.56666666666666,11.470251377658062,0,1,1,1,1,0,1,0,0,0,1,4,2,2,1,1,1,0,1,0,0,0,0,0,0,0,0,0,0
968,968.png,wsj504.png,data/news/wsj504.png,exact,N,41.0,10,609.1111111111111,24.680176480550358,0,0,0,1,1,1,1,0,0,0,1,4,2,2,1,2,1,0,0,0,0,1,0,0,1,0,0,0,0
969,969.png,vis463.png,data/vis2/vis463.png,exact,I,50.9,10,848.1,29.122156513555105,0,1,0,1,1,1,0,0,0,0,1,4,2,2,3,2,0,0,0,0,1,0,0,0,0,0,1,0,0
970,970.png,visMost536.png,data/vis1/visMost536.png,exact,I,42.2,10,748.4,27.35690040922034,0,0,1,1,1,1,1,0,0,0,0,3,3,2,2,2,1,0,1,1,0,0,0,0,0,0,0,0,0
971,971.png,v487_n7406_22_f3.png,data/science/v487_n7406_22_f3.png,exact,S,51.1,10,393.8777777777778,19.84635426917946,0,1,1,1,1,0,0,0,0,0,1,5,3,2,7,2,1,0,1,0,1,0,0,0,0,0,0,0,0
972,972.png,v488_n7413_12_f2.png,data/science/v488_n7413_12_f2.png,exact,S,47.1,10,575.4333333333334,23.98819153944985,0,0,1,0,1,0,1,0,0,0,0,4,2,1,1,1,0,0,0,0,0,0,0,0,0,1,0,0,0
973,973.png,visMost278.png,data/vis1/visMost278.png,exact,I,47.0,10,582.4444444444445,24.13388581319727,0,0,1,1,1,1,1,0,0,0,1,3,8,4,7,6,1,1,1,1,0,1,0,1,0,1,0,0,0
974,974.png,wsj66.png,data/news/wsj66.png,exact,N,30.5,10,349.8333333333333,18.703832049431295,0,0,0,1,1,0,1,1,0,0,0,5,1,1,1,1,1,0,0,0,0,0,0,0,0,0,1,0,0
975,975.png,v486_n7401_18_f3.png,data/science/v486_n7401_18_f3.png,exact,S,66.9,10,104.32222222222222,10.213825053437239,0,1,1,1,0,0,1,0,0,0,0,3,5,2,5,3,1,0,1,0,1,0,0,1,0,0,0,0,0
976,976.png,v482_n7386_7_f2.png,data/science/v482_n7386_7_f2.png,exact,S,55.1,10,789.6555555555556,28.100810585382686,0,0,0,0,1,0,0,0,0,0,0,3,3,6,1,1,0,0,0,0,1,0,0,0,0,0,0,0,0
977,977.png,wsj72.png,data/news/wsj72.png,exact,N,37.3,10,428.4555555555556,20.699167991867586,0,0,1,1,1,1,0,0,0,0,1,4,2,4,1,1,0,1,0,0,0,0,0,0,0,0,0,0,0
978,978.png,vis339.png,data/vis2/vis339.png,exact,I,48.3,10,560.6777777777778,23.678635471195925,0,1,1,1,1,1,0,0,0,0,1,3,9,4,14,2,1,0,1,1,0,0,0,0,0,0,0,0,0
979,979.png,wsj538.png,data/news/wsj538.png,exact,N,42.5,10,319.3888888888889,17.871454582346924,0,0,1,1,0,1,0,0,0,0,1,4,5,1,4,2,1,0,1,0,0,0,0,1,0,0,0,0,0
980,980.png,v484_n7392_12_f4.png,data/science/v484_n7392_12_f4.png,exact,S,72.9,10,776.1,27.858571391943272,0,1,1,1,0,0,1,0,0,0,0,5,6,2,4,3,1,0,1,0,0,0,1,1,0,0,0,0,0
981,981.png,v490_n7418_18_f3.png,data/science/v490_n7418_18_f3.png,exact,S,62.5,10,270.94444444444446,16.460390166835186,0,0,1,1,0,0,1,0,0,1,0,0,9,3,9,1,1,0,1,0,0,0,0,0,0,0,0,0,0
982,982.png,v487_n7406_14_f2.png,data/science/v487_n7406_14_f2.png,exact,S,60.8,10,452.6222222222222,21.274920028574073,0,1,1,0,1,0,1,0,0,0,0,3,4,0,4,1,1,0,0,0,0,0,0,0,0,1,0,0,0
983,983.png,whoQ35_1.png,data/government/whoQ35_1.png,exact,G,33.9,10,219.2111111111111,14.805779652254424,0,1,1,1,0,1,0,0,0,0,0,2,2,1,2,1,1,0,1,0,0,0,0,0,0,0,0,0,0
984,984.png,economist_daily_chart_121.png,data/news/economist_daily_chart_121.png,exact,N,24.5,10,224.27777777777777,14.975906576156843,0,0,1,1,1,1,0,0,0,0,0,6,2,1,1,1,0,0,0,0,0,0,0,1,0,0,0,0,0
985,985.png,economist_daily_chart_135.png,data/news/economist_daily_chart_135.png,exact,N,27.1,10,346.3222222222222,18.609734609129227,0,0,1,1,1,0,1,0,0,0,1,3,2,1,2,1,1,0,1,0,0,0,0,0,0,0,0,0,0
986,986.png,whoQ56_2.png,data/government/whoQ56_2.png,exact,G,25.1,10,346.76666666666665,18.621671962169955,0,0,1,1,0,0,0,0,0,0,0,1,1,1,1,1,0,0,1,0,0,0,0,0,0,0,0,0,0
987,987.png,v489_n7415_16_f4.png,data/science/v489_n7415_16_f4.png,exact,S,54.2,10,403.06666666666666,20.07652028282458,0,0,1,1,0,0,1,0,0,1,0,0,2,1,17,2,1,0,1,0,0,0,0,0,0,0,1,0,0
988,988.png,whoC22.png,data/government/whoC22.png,exact,G,21.1,10,321.65555555555557,17.934758307698367,0,0,0,0,1,1,0,0,0,0,1,6,1,1,1,1,1,0,0,1,0,0,0,0,0,0,0,0,0
989,989.png,v489_n7415_18_f1.png,data/science/v489_n7415_18_f1.png,exact,S,68.3,10,944.0111111111111,30.724763808874286,0,1,1,1,0,0,0,0,0,1,0,0,8,4,5,2,1,0,0,0,0,1,0,0,0,0,1,0,0
990,990.png,whoN12_1.png,data/government/whoN12_1.png,exact,G,41.3,10,636.6777777777778,25.23247466614755,0,0,0,1,0,1,1,1,0,0,0,7,1,1,1,1,0,0,0,0,0,0,0,0,1,0,0,0,0
991,991.png,vis852.png,data/vis3/vis852.png,exact,I,61.9,10,498.76666666666665,22.333084575729046,0,0,0,1,1,1,1,0,0,0,1,7,4,3,4,4,1,0,1,1,1,0,0,0,1,0,0,0,0
992,992.png,v485_n7397_1_f3.png,data/science/v485_n7397_1_f3.png,exact,S,80.0,10,165.77777777777777,12.87547194388531,0,1,1,1,0,0,1,0,0,0,0,3,9,6,6,4,1,0,0,0,0,1,0,1,0,1,1,0,0
993,993.png,vis846.png,data/vis3/vis846.png,exact,I,38.5,10,398.5,19.96246477767713,0,0,0,1,1,1,1,0,0,0,1,4,1,1,1,1,0,0,0,0,0,0,0,0,1,0,0,0,0
994,994.png,v484_n7395_16_f4.png,data/science/v484_n7395_16_f4.png,exact,S,79.7,10,117.78888888888889,10.853058964590991,0,1,1,1,0,0,1,0,0,0,0,5,5,4,16,3,1,0,1,0,1,0,0,1,0,0,0,0,0
995,995.png,economist_daily_chart_109.png,data/news/economist_daily_chart_109.png,exact,N,23.9,10,147.65555555555554,12.151360234786702,0,0,1,1,0,1,1,0,0,0,0,3,2,2,2,1,1,0,1,0,0,0,0,0,0,0,0,0,0
996,996.png,whoM05.png,data/government/whoM05.png,exact,G,29.3,10,602.4555555555556,24.54497006629985,0,1,1,1,0,0,0,0,1,1,0,0,1,2,1,1,0,0,0,0,0,0,0,0,0,0,1,0,0
997,997.png,vis113.png,data/vis2/vis113.png,exact,I,54.5,10,721.8333333333334,26.866956160557773,0,0,1,1,1,1,1,0,0,0,1,2,7,5,9,4,1,0,1,1,0,1,0,0,0,0,1,0,0
998,998.png,visMost720.png,data/vis1/visMost720.png,exact,I,42.9,10,594.1,24.374166652421167,0,0,1,1,1,1,0,0,0,0,1,10,4,3,4,4,1,0,1,1,0,1,0,0,0,0,1,0,0
999,999.png,vis675.png,data/vis3/vis675.png,exact,I,45.4,10,949.8222222222222,30.819185943535597,0,1,1,1,1,1,0,0,0,0,1,5,10,10,16,4,1,0,1,1,0,0,0,0,0,1,1,0,0
1000,1000.png,v488_n7410_15_f3.png,data/science/v488_n7410_15_f3.png,exact,S,56.1,10,730.5444444444445,27.028585690791232,0,1,1,0,0,0,1,0,0,0,1,5,3,3,1,1,0,0,0,0,1,0,0,0,0,0,0,0,0
1001,1001.png,visMost734.png,data/vis1/visMost734.png,exact,I,65.3,10,434.0111111111111,20.832933329493258,0,0,0,1,1,0,1,0,0,0,0,8,0,1,1,1,0,0,0,0,1,0,0,0,0,0,0,0,0
1002,1002.png,vis661.png,data/vis3/vis661.png,exact,I,52.5,10,657.8333333333334,25.64826179945404,0,0,0,1,1,0,1,1,0,0,1,11,8,4,4,1,1,0,0,0,0,0,0,0,1,0,0,0,0
1003,1003.png,v489_n7414_9_f3.png,data/science/v489_n7414_9_f3.png,exact,S,65.2,10,369.2888888888889,19.216890718555092,0,1,1,0,0,0,1,0,0,0,0,3,2,2,1,1,0,0,0,0,0,0,0,1,0,0,0,0,0
1004,1004.png,v485_n7399_18_f4.png,data/science/v485_n7399_18_f4.png,exact,S,73.8,10,270.84444444444443,16.457352291436326,0,1,1,0,0,0,1,0,0,0,0,13,2,6,3,3,1,0,1,0,1,0,0,0,0,0,1,0,0
1005,1005.png,vis107.png,data/vis2/vis107.png,exact,I,58.9,10,478.76666666666665,21.88073734284717,0,0,0,1,0,0,0,0,0,0,1,10,0,0,1,1,0,0,0,0,1,0,0,0,0,0,0,0,0
1006,1006.png,v488_n7411_13_f1.png,data/science/v488_n7411_13_f1.png,exact,S,69.3,10,414.90000000000003,20.369094236121548,0,1,1,1,0,0,1,0,0,0,0,3,9,3,7,4,1,0,1,0,1,1,0,1,0,0,0,0,0
1007,1007.png,v485_n7399_16_f1.png,data/science/v485_n7399_16_f1.png,exact,S,47.7,10,480.6777777777778,21.92436493442348,0,1,1,0,0,0,1,0,0,0,0,7,2,3,2,2,1,0,0,0,0,1,1,0,0,0,0,0,0
1008,1008.png,vis891.png,data/vis3/vis891.png,exact,I,61.7,10,643.5666666666667,25.368615781446703,0,0,1,1,1,0,1,0,0,0,1,10,18,5,11,3,1,0,1,0,1,1,0,0,0,0,0,0,0
1009,1009.png,vis649.png,data/vis3/vis649.png,exact,I,40.4,10,588.9333333333333,24.26794868408398,0,0,0,1,1,0,0,0,0,0,1,4,3,0,1,1,1,0,0,0,0,0,0,0,0,0,0,1,0
1010,1010.png,v489_n7414_7_f6.png,data/science/v489_n7414_7_f6.png,exact,S,46.7,10,735.7888888888889,27.125428824055277,0,0,0,0,0,0,0,0,1,1,0,0,5,2,1,1,0,0,0,0,0,0,0,0,0,0,1,0,0
1011,1011.png,v484_n7393_4_f1.png,data/science/v484_n7393_4_f1.png,exact,S,70.1,10,921.8777777777779,30.362440247413872,0,1,1,1,0,0,1,0,0,0,0,14,3,3,5,3,1,0,0,0,1,1,0,0,0,0,1,0,0
1012,1012.png,vis885.png,data/vis3/vis885.png,exact,I,51.9,10,559.2111111111111,23.6476449379449,0,0,1,1,0,1,1,0,0,0,0,25,0,5,5,2,1,0,1,1,0,0,0,0,0,0,0,0,0
1013,1013.png,v483_n7391_15_f1.png,data/science/v483_n7391_15_f1.png,exact,S,79.1,10,350.76666666666665,18.728765753958978,0,1,1,0,0,0,1,0,0,0,0,16,0,4,4,2,1,0,0,1,0,0,1,0,0,0,0,0,0
1014,1014.png,visMost708.png,data/vis1/visMost708.png,exact,I,45.1,10,538.3222222222222,23.2017719629821,0,0,0,1,1,1,1,0,0,0,1,26,1,1,1,1,1,0,0,1,0,0,0,0,0,0,0,0,0
1015,1015.png,v485_n7397_27_f2.png,data/science/v485_n7397_27_f2.png,exact,S,54.3,10,892.9,29.88143236192,0,1,1,0,0,0,0,0,0,0,0,13,3,1,2,2,1,0,1,0,0,0,0,1,0,0,0,0,0
1016,1016.png,economist_daily_chart_51.png,data/news/economist_daily_chart_51.png,exact,N,14.399999999999999,10,716.711111111111,26.77146075788751,0,0,1,1,1,0,0,0,0,0,0,2,2,0,1,1,0,0,0,0,0,0,0,1,0,0,0,0,0
1017,1017.png,whoJ25_2.png,data/government/whoJ25_2.png,exact,G,11.3,10,118.89999999999999,10.904127658827184,0,1,1,1,0,1,1,0,0,0,0,2,1,1,1,1,0,0,1,0,0,0,0,0,0,0,0,0,0
1018,1018.png,v484_n7393_20_f2.png,data/science/v484_n7393_20_f2.png,exact,S,82.7,10,992.2333333333333,31.499735448624538,0,0,0,0,1,0,0,0,0,0,0,10,0,0,7,1,0,0,0,0,1,0,0,0,0,0,0,0,0
1019,1019.png,visMost697.png,data/vis1/visMost697.png,exact,I,54.5,10,719.8333333333334,26.829709900282808,0,0,1,1,1,1,1,1,0,0,0,4,1,3,5,5,1,0,1,1,0,1,0,0,1,0,0,1,0
1020,1020.png,whoQ50_4.png,data/government/whoQ50_4.png,exact,G,11.0,10,86.66666666666667,9.309493362512628,0,1,1,1,0,0,1,0,0,0,1,5,2,1,1,1,0,1,0,0,0,0,0,0,0,0,0,0,0
1021,1021.png,visMost683.png,data/vis1/visMost683.png,exact,I,55.6,10,878.9333333333333,29.646809833999566,0,1,0,1,1,1,0,0,0,0,0,4,1,2,28,2,1,0,0,1,0,0,0,0,0,0,1,0,0
1022,1022.png,whoB05_1.png,data/government/whoB05_1.png,exact,G,7.7,10,87.12222222222223,9.333928552448976,0,1,1,1,0,1,1,0,0,0,0,3,2,1,1,1,0,1,0,0,0,0,0,0,0,0,0,0,0
1023,1023.png,whoJ46_1.png,data/government/whoJ46_1.png,exact,G,9.8,10,145.95555555555558,12.081206709412582,0,1,1,1,0,0,1,0,0,0,0,3,2,1,1,1,0,0,1,0,0,0,0,0,0,0,0,0,0
1024,1024.png,v487_n7405_1_f2.png,data/science/v487_n7405_1_f2.png,exact,S,92.4,10,203.37777777777777,14.261058087595666,0,1,0,0,0,0,0,0,0,0,0,4,0,0,10,1,1,0,0,0,0,0,0,1,0,0,0,0,0
1025,1025.png,economist_daily_chart_45.png,data/news/economist_daily_chart_45.png,exact,N,30.3,10,354.0111111111111,18.81518299435621,0,1,1,1,0,1,1,0,0,0,0,3,1,2,1,1,0,0,0,0,0,0,0,0,0,1,0,0,0
1026,1026.png,v485_n7397_3_f6.png,data/science/v485_n7397_3_f6.png,exact,S,74.5,10,489.8333333333333,22.132178684741664,0,1,0,1,0,0,0,0,0,0,0,12,0,0,4,1,1,0,0,0,1,0,0,0,0,0,0,0,0
1027,1027.png,vis926.png,data/vis3/vis926.png,exact,I,58.8,10,859.9555555555555,29.324998815951478,0,0,0,1,0,1,0,0,1,0,1,6,0,1,3,2,1,0,1,0,1,0,0,0,0,0,0,0,0
1028,1028.png,vis932.png,data/vis3/vis932.png,exact,I,63.5,10,576.2777777777778,24.005786339501103,0,1,1,1,0,1,0,0,0,0,1,12,4,4,6,4,1,0,1,1,0,1,0,0,1,0,0,0,0
1029,1029.png,v487_n7406_18_f2.png,data/science/v487_n7406_18_f2.png,exact,S,86.9,10,473.43333333333334,21.758523234202578,0,1,1,0,0,0,1,0,0,0,0,7,3,2,16,2,1,0,0,0,0,0,0,1,0,1,0,0,0
1030,1030.png,economist_daily_chart_79.png,data/news/economist_daily_chart_79.png,exact,N,10.5,10,168.05555555555554,12.96362432175337,0,1,0,1,0,1,1,0,0,0,0,3,1,2,1,1,0,0,1,0,0,0,0,0,0,0,0,0,0
1031,1031.png,v489_n7414_12_f3.png,data/science/v489_n7414_12_f3.png,exact,S,82.7,10,278.0111111111111,16.673665197283743,0,1,1,1,0,0,1,0,0,0,0,7,1,4,6,2,1,0,1,0,1,0,0,0,0,0,0,0,0
1032,1032.png,v484_n7395_14_f1.png,data/science/v484_n7395_14_f1.png,exact,S,91.0,10,206.22222222222223,14.36043948569201,0,1,1,1,0,0,1,0,0,1,0,0,14,2,31,2,1,0,1,0,0,0,0,0,0,1,0,0,0
1033,1033.png,v484_n7393_8_f1.png,data/science/v484_n7393_8_f1.png,exact,S,45.5,10,1017.1666666666666,31.89305044467629,0,0,0,1,1,0,0,0,1,0,0,8,0,0,7,1,1,0,0,0,1,0,0,0,0,0,0,0,0
1034,1034.png,visMost132.png,data/vis1/visMost132.png,exact,I,74.4,10,379.15555555555557,19.47191710016134,0,1,0,1,1,1,1,0,0,0,1,10,1,2,1,1,0,0,0,0,0,1,0,0,0,0,0,0,0
1035,1035.png,economist_daily_chart_92.png,data/news/economist_daily_chart_92.png,exact,N,32.7,10,300.23333333333335,17.327242519608635,0,0,0,1,0,1,1,0,0,0,0,5,1,1,2,1,1,0,0,0,0,0,0,0,1,0,0,0,0
1036,1036.png,wsj100.png,data/news/wsj100.png,exact,N,42.2,10,490.6222222222222,22.14999372962038,0,1,0,1,0,1,1,0,0,0,1,3,3,3,2,2,1,0,0,0,0,1,0,1,0,0,0,0,0
1037,1037.png,whoQ08_1.png,data/government/whoQ08_1.png,exact,G,11.4,10,83.37777777777778,9.131143289740765,0,1,1,1,0,1,1,0,0,0,0,2,2,1,1,1,0,0,1,0,0,0,0,0,0,0,0,0,0
1038,1038.png,v484_n7394_2_f5.png,data/science/v484_n7394_2_f5.png,exact,S,78.6,10,609.8222222222223,24.694578802284163,0,1,1,1,1,0,1,0,0,0,0,3,4,6,22,2,1,0,1,0,0,0,0,1,0,0,0,0,0
1039,1039.png,vis701.png,data/vis3/vis701.png,exact,I,83.6,10,468.7111111111111,21.649736975564185,0,0,1,1,1,1,0,0,0,0,1,10,7,6,6,4,1,0,1,0,1,1,0,0,1,0,0,0,0
1040,1040.png,visMost654.png,data/vis1/visMost654.png,exact,I,85.0,10,371.77777777777777,19.281539818639427,0,0,0,1,0,1,0,0,1,0,0,26,0,0,22,5,0,0,0,1,1,0,0,0,1,0,1,1,0
1041,1041.png,visMost29.png,data/vis1/visMost29.png,exact,I,79.1,10,498.32222222222225,22.323131998494794,0,1,0,1,0,1,1,0,0,0,1,10,0,0,12,4,1,0,0,1,1,1,0,0,0,0,0,1,0
1042,1042.png,v483_n7390_5_f5.png,data/science/v483_n7390_5_f5.png,exact,S,58.1,10,334.09999999999997,18.27840255602223,0,1,1,1,0,0,1,0,0,0,0,2,4,2,3,2,1,0,0,0,0,1,0,0,0,1,0,0,0
1043,1043.png,whoK03.png,data/government/whoK03.png,exact,G,21.9,10,384.1,19.598469327985796,0,0,0,1,0,1,1,0,0,0,0,4,1,1,1,1,0,0,0,0,0,0,0,0,1,0,0,0,0
1044,1044.png,vis715.png,data/vis3/vis715.png,exact,I,75.7,10,419.34444444444443,20.477901368168673,0,1,0,0,1,1,0,0,1,0,1,11,0,0,11,4,1,0,0,0,1,0,0,0,1,0,1,1,0
1045,1045.png,visMost640.png,data/vis1/visMost640.png,exact,I,54.8,10,926.8444444444444,30.444120030712735,0,1,1,1,1,1,0,0,0,0,0,9,5,0,6,5,1,0,1,1,1,0,0,1,0,0,0,1,0
1046,1046.png,economist_daily_chart_86.png,data/news/economist_daily_chart_86.png,exact,N,15.9,10,290.98888888888894,17.058396433688863,0,1,1,1,0,1,1,0,0,0,0,3,1,2,1,1,1,0,0,1,0,0,0,0,0,0,0,0,0
1047,1047.png,wsj114.png,data/news/wsj114.png,exact,N,36.5,10,485.8333333333333,22.041627284148813,0,0,1,1,1,1,0,0,0,0,1,3,4,1,4,2,1,0,0,0,0,1,0,1,0,0,0,0,0
1048,1048.png,v484_n7395_2_f5.png,data/science/v484_n7395_2_f5.png,exact,S,85.2,10,315.9555555555555,17.775138693004777,0,1,1,1,0,0,0,0,0,0,0,8,3,0,11,2,1,0,0,0,1,0,0,0,0,1,0,0,0
1049,1049.png,visMost126.png,data/vis1/visMost126.png,exact,I,72.4,10,535.6,23.143033509028154,0,1,1,1,0,1,1,0,0,0,1,4,5,3,8,6,1,0,1,1,0,1,0,1,0,1,0,1,0
1050,1050.png,v489_n7414_5_f3.png,data/science/v489_n7414_5_f3.png,exact,S,86.1,10,188.1,13.714955340794953,0,1,1,1,0,0,1,0,0,0,0,5,4,1,6,3,1,0,0,0,1,1,0,1,0,0,0,0,0
1051,1051.png,visMost668.png,data/vis1/visMost668.png,exact,I,49.8,10,707.5111111111111,26.599081020048626,0,1,1,1,1,1,0,0,0,0,1,7,2,2,3,2,1,0,1,1,0,0,0,0,0,0,0,0,0
1052,1052.png,visMost15.png,data/vis1/visMost15.png,exact,I,67.7,10,1097.3444444444444,33.12618970609878,0,1,0,1,1,1,0,0,0,0,1,22,4,2,3,2,1,0,0,0,0,1,0,0,0,0,0,1,0
1053,1053.png,v488_n7411_11_f4.png,data/science/v488_n7411_11_f4.png,exact,S,44.0,10,400.8888888888889,20.02220989024161,0,1,1,1,0,0,1,0,0,0,0,2,3,2,4,1,1,0,1,0,0,0,0,0,0,0,0,0,0
1054,1054.png,v483_n7388_15_f2.png,data/science/v483_n7388_15_f2.png,exact,S,42.1,10,612.9888888888889,24.758612418487612,0,1,1,0,0,0,0,0,0,0,0,4,1,2,5,2,1,0,1,0,1,0,0,0,0,0,0,0,0
1055,1055.png,v489_n7415_5_f3.png,data/science/v489_n7415_5_f3.png,exact,S,62.1,10,632.9888888888889,25.15927043633994,0,1,1,1,0,0,0,0,0,0,0,2,1,1,8,1,1,0,0,0,0,1,0,0,0,0,0,0,0
1056,1056.png,vis729.png,data/vis3/vis729.png,exact,I,16.8,10,272.1777777777778,16.497811302647932,0,1,1,1,0,1,0,0,0,0,1,3,1,1,8,1,0,0,0,0,0,1,0,0,0,0,0,0,0
1057,1057.png,v486_n7402_13_f2.png,data/science/v486_n7402_13_f2.png,exact,S,51.4,10,711.1555555555556,26.667499986979575,0,1,1,0,0,0,0,0,0,1,0,0,3,0,1,1,0,0,0,0,0,0,0,0,0,1,0,0,0
1058,1058.png,v484_n7393_6_f4.png,data/science/v484_n7393_6_f4.png,exact,S,28.1,10,863.6555555555556,29.388017210345367,0,1,1,0,1,0,0,0,0,1,0,0,2,0,2,1,0,0,0,0,0,0,0,1,0,0,0,0,0
1059,1059.png,v483_n7391_17_f4.png,data/science/v483_n7391_17_f4.png,exact,S,76.6,10,403.15555555555557,20.078733913161845,0,1,1,1,0,0,0,0,0,0,0,16,2,3,6,3,1,0,0,0,0,0,0,1,0,1,1,0,0
1060,1060.png,wsj128.png,data/news/wsj128.png,exact,N,14.7,10,161.34444444444443,12.702143301208833,0,1,0,1,0,1,1,0,0,0,1,4,2,1,1,1,0,1,0,0,0,0,0,0,0,0,0,0,0
1061,1061.png,v488_n7410_19_f3.png,data/science/v488_n7410_19_f3.png,exact,S,62.8,10,676.8444444444444,26.01623424795457,0,1,1,0,0,0,0,0,0,0,0,3,1,3,5,1,1,0,1,0,0,0,0,0,0,0,0,0,0
1062,1062.png,economist_daily_chart_257.png,data/news/economist_daily_chart_257.png,exact,N,74.3,10,590.2333333333333,24.29471821885023,0,1,1,1,1,1,1,0,0,0,1,8,2,1,1,2,0,0,0,0,0,0,0,1,0,1,0,0,0
1063,1063.png,vis71.png,data/vis2/vis71.png,exact,I,82.0,10,358.0,18.920887928424502,0,0,0,1,0,1,0,0,1,0,1,7,0,0,4,1,1,0,0,0,0,0,0,0,0,0,1,0,0
1064,1064.png,whoQ52_6.png,data/government/whoQ52_6.png,exact,G,16.5,10,362.5,19.03943276465977,0,1,1,1,0,0,1,0,0,0,0,5,2,1,1,1,0,0,0,0,0,0,0,1,0,0,0,0,0
1065,1065.png,visMost495.png,data/vis1/visMost495.png,exact,I,72.7,10,805.5666666666666,28.382506349275545,0,1,0,1,0,1,0,0,0,0,1,22,2,0,4,3,1,0,0,0,1,1,0,0,0,0,1,0,0
1066,1066.png,v486_n7403_23_f1.png,data/science/v486_n7403_23_f1.png,exact,S,89.2,10,213.73333333333335,14.619621518128756,0,1,1,1,0,0,1,0,0,0,0,3,7,5,12,4,1,0,1,0,0,0,0,1,0,1,1,0,0
1067,1067.png,v486_n7403_7_f2.png,data/science/v486_n7403_7_f2.png,exact,S,81.2,10,357.06666666666666,18.89620773241728,0,1,1,0,1,0,0,0,0,0,0,3,2,1,4,3,1,0,0,0,1,0,0,1,0,0,0,1,0
1068,1068.png,economist_daily_chart_531.png,data/news/economist_daily_chart_531.png,exact,N,29.0,10,158.22222222222223,12.578641509408806,0,1,1,1,1,1,0,0,0,0,1,5,3,1,1,1,0,0,0,0,0,0,0,1,0,0,0,0,0
1069,1069.png,v483_n7387_14_f2.png,data/science/v483_n7387_14_f2.png,exact,S,62.8,10,554.4,23.5457002444183,0,1,1,0,1,0,1,0,0,0,0,4,5,3,7,3,1,0,1,0,0,0,0,1,0,1,0,0,0
1070,1070.png,np_20.png,data/news/np_20.png,exact,N,80.9,10,702.1,26.497169660173142,0,1,1,1,0,1,1,0,0,0,0,9,1,1,5,1,1,0,0,1,0,0,0,0,0,0,0,0,0
1071,1071.png,v485_n7399_6_f3.png,data/science/v485_n7399_6_f3.png,exact,S,64.0,10,593.3333333333334,24.358434541926815,0,1,1,0,0,0,0,0,0,1,0,0,3,0,2,2,1,0,1,0,0,0,0,0,0,1,0,0,0
1072,1072.png,economist_daily_chart_525.png,data/news/economist_daily_chart_525.png,exact,N,24.9,10,258.3222222222222,16.072405614039926,0,1,1,1,0,1,0,0,0,0,1,7,2,0,1,1,0,0,0,0,0,0,0,1,0,0,0,0,0
1073,1073.png,whoP15_1.png,data/government/whoP15_1.png,exact,G,8.2,10,156.62222222222223,12.514880032274469,0,1,1,0,1,1,0,0,0,0,0,1,2,0,1,2,0,0,0,0,0,0,0,1,0,1,0,0,0
1074,1074.png,v489_n7417_15_f2.png,data/science/v489_n7417_15_f2.png,exact,S,83.1,10,331.43333333333334,18.205310580523843,0,1,1,1,0,0,1,0,0,0,0,20,2,3,4,5,1,1,0,0,1,0,0,1,0,1,1,0,0
1075,1075.png,vis65.png,data/vis2/vis65.png,exact,I,42.2,10,510.6222222222222,22.59695161348588,0,1,1,1,0,1,0,0,0,1,1,6,1,1,8,1,1,0,0,0,0,1,0,0,0,0,0,0,0
1076,1076.png,visMost481.png,data/vis1/visMost481.png,exact,I,94.1,10,70.32222222222222,8.385834616913348,0,1,1,1,1,1,0,0,0,1,1,8,4,1,3,2,1,1,0,0,1,0,0,0,0,0,0,0,0
1077,1077.png,v489_n7416_8_f4.png,data/science/v489_n7416_8_f4.png,exact,S,50.2,10,296.6222222222222,17.222724007026944,0,1,1,1,1,0,1,0,0,0,0,2,4,0,2,2,1,0,0,0,0,0,0,1,0,1,0,0,0
1078,1078.png,v486_n7402_7_f2.png,data/science/v486_n7402_7_f2.png,exact,S,67.3,10,535.5666666666666,23.142313338702046,0,1,0,1,0,0,0,0,0,1,0,0,0,4,4,2,1,0,0,0,0,0,1,0,0,0,1,0,0
1079,1079.png,v490_n7420_1_f5.png,data/science/v490_n7420_1_f5.png,exact,S,78.7,10,371.34444444444443,19.270299542156692,0,1,1,1,0,0,0,0,0,0,1,5,1,3,6,3,1,0,1,0,1,0,0,0,0,0,1,0,0
1080,1080.png,economist_daily_chart_243.png,data/news/economist_daily_chart_243.png,exact,N,44.5,10,320.27777777777777,17.896306260728156,0,1,0,1,1,1,0,0,0,0,1,5,3,1,3,3,1,0,1,0,0,0,0,0,1,0,1,0,0
1081,1081.png,v490_n7418_9_f5.png,data/science/v490_n7418_9_f5.png,exact,S,29.5,10,511.1666666666667,22.608995259999208,0,1,1,1,0,0,1,0,0,0,0,3,4,2,2,2,1,0,0,0,0,0,0,1,0,1,0,0,0
1082,1082.png,whoP03.png,data/government/whoP03.png,exact,G,26.6,10,576.0444444444445,24.00092590806539,0,1,1,1,0,1,0,0,0,0,0,1,3,3,1,1,0,0,0,0,0,0,0,0,0,0,1,0,0
1083,1083.png,v489_n7416_6_f1.png,data/science/v489_n7416_6_f1.png,exact,S,63.7,10,421.7888888888889,20.537499577331435,0,0,0,1,1,0,0,0,0,0,0,3,0,0,9,2,0,0,0,0,1,0,0,0,0,0,1,0,0
1084,1084.png,v489_n7416_1_f8.png,data/science/v489_n7416_1_f8.png,exact,S,72.4,10,818.2666666666667,28.60536080294508,0,1,1,1,1,0,0,0,0,0,1,5,2,2,4,3,1,1,0,0,0,0,0,1,0,1,0,0,0
1085,1085.png,v489_n7417_6_f1.png,data/science/v489_n7417_6_f1.png,exact,S,71.9,10,483.2111111111111,21.982063395211814,0,0,0,0,1,0,1,0,0,0,1,3,1,1,1,1,0,0,0,0,0,0,0,0,1,0,0,0,0
1086,1086.png,economist_daily_chart_519.png,data/news/economist_daily_chart_519.png,exact,N,32.0,10,611.7777777777778,24.734141945452198,0,1,1,1,0,1,0,0,0,0,1,3,1,2,1,1,0,0,0,0,0,0,0,0,0,0,1,0,0
1087,1087.png,treasuryA5.png,data/government/treasuryA5.png,exact,G,23.9,10,542.1,23.283041038489795,0,1,0,1,1,1,0,0,0,0,0,6,4,2,3,1,1,0,1,0,0,0,0,0,0,0,0,0,0
1088,1088.png,whoP17.png,data/government/whoP17.png,exact,G,32.7,10,980.2333333333333,31.30867824315382,0,1,0,1,0,0,0,0,0,0,0,1,3,6,1,1,0,0,0,0,0,0,0,0,0,0,1,0,0
1089,1089.png,v482_n7386_14_f4.png,data/science/v482_n7386_14_f4.png,exact,S,81.9,10,474.5444444444445,21.784041049457386,0,1,0,1,1,0,1,0,0,0,0,17,3,3,3,1,1,0,0,0,0,0,1,0,0,0,0,0,0
1090,1090.png,vis59.png,data/vis2/vis59.png,exact,I,79.0,10,476.8888888888889,21.8377858055456,0,0,1,1,1,1,0,0,1,0,1,18,4,6,8,3,1,0,1,0,0,1,0,0,0,0,1,0,0
1091,1091.png,visMost456.png,data/vis1/visMost456.png,exact,I,24.800000000000004,10,409.5111111111112,20.23638087976976,0,0,1,1,1,1,0,0,0,0,1,8,0,1,1,1,0,0,0,0,1,0,0,0,0,0,0,0,0
1092,1092.png,vis503.png,data/vis3/vis503.png,exact,I,66.1,10,473.43333333333334,21.758523234202578,0,1,0,1,1,1,0,0,0,0,1,12,0,5,1,2,1,0,0,1,0,0,0,0,0,0,1,0,0
1093,1093.png,economist_daily_chart_294.png,data/news/economist_daily_chart_294.png,exact,N,29.2,10,363.73333333333335,19.07179418233464,0,1,1,1,1,1,0,0,0,0,1,7,3,2,2,1,1,0,0,0,0,0,0,1,0,0,0,0,0
1094,1094.png,wsj464.png,data/news/wsj464.png,exact,N,23.3,10,598.6777777777778,24.467892793981623,0,0,0,1,1,1,0,0,0,0,1,4,1,2,1,2,0,1,0,0,0,0,0,0,0,0,1,0,0
1095,1095.png,wsj302.png,data/news/wsj302.png,exact,N,19.5,10,485.6111111111111,22.03658574078823,0,0,0,1,1,1,1,1,0,0,1,3,1,0,2,2,0,1,0,0,0,0,0,0,1,0,0,0,0
1096,1096.png,vis265.png,data/vis2/vis265.png,exact,I,74.0,10,957.1111111111111,30.93721240045895,0,0,0,1,0,1,0,0,1,0,1,15,5,1,1,2,0,0,0,0,1,0,0,0,0,0,1,0,0
1097,1097.png,visMost330.png,data/vis1/visMost330.png,exact,I,24.3,10,484.6777777777778,22.015398651348058,0,0,0,1,1,1,0,0,1,0,1,8,1,4,4,2,0,1,0,0,0,0,0,0,0,0,1,0,0
1098,1098.png,vis271.png,data/vis2/vis271.png,exact,I,67.5,10,549.1666666666666,23.434305337830406,0,1,0,1,1,1,0,0,1,0,1,3,5,8,6,3,1,1,1,0,0,0,0,0,0,0,1,0,0
1099,1099.png,visMost324.png,data/vis1/visMost324.png,exact,I,66.4,10,654.7111111111111,25.587323250217306,0,1,1,1,1,1,0,0,0,0,1,10,1,1,2,4,1,0,0,1,0,0,0,1,0,1,0,1,0
1100,1100.png,wsj316.png,data/news/wsj316.png,exact,N,35.7,10,363.34444444444443,19.06159606235649,0,1,1,1,1,1,0,0,0,0,1,10,2,1,1,1,0,0,0,0,0,0,0,1,0,0,0,0,0
1101,1101.png,economist_daily_chart_280.png,data/news/economist_daily_chart_280.png,exact,N,6.5,10,101.83333333333333,10.091250335480401,0,1,1,1,0,1,0,0,0,0,1,3,1,1,1,1,0,0,1,0,0,0,0,0,0,0,0,0,0
1102,1102.png,wsj470.png,data/news/wsj470.png,exact,N,17.5,10,221.16666666666666,14.871673297469476,0,1,0,1,1,1,1,0,0,0,1,5,5,1,4,2,0,1,0,0,0,0,0,1,0,0,0,0,0
1103,1103.png,visMost442.png,data/vis1/visMost442.png,exact,I,67.0,10,223.33333333333334,14.944341180973263,0,0,1,1,0,1,0,0,0,0,0,50,1,1,1,2,1,0,0,1,0,0,0,0,0,0,1,0,0
1104,1104.png,v484_n7393_16_f3.png,data/science/v484_n7393_16_f3.png,exact,S,83.6,10,382.4888888888889,19.557323152438038,0,1,1,1,0,0,1,0,0,0,0,12,5,2,9,2,1,0,0,0,0,0,1,0,0,1,0,0,0
1105,1105.png,vis517.png,data/vis3/vis517.png,exact,I,42.9,10,816.7666666666667,28.57912991444398,0,0,0,1,0,0,0,0,1,0,0,7,0,1,1,2,0,0,0,0,1,0,0,0,0,0,1,0,0
1106,1106.png,v486_n7401_14_f3.png,data/science/v486_n7401_14_f3.png,exact,S,85.6,10,159.37777777777777,12.624491188866891,0,1,1,1,0,0,1,0,0,0,0,3,2,4,7,3,1,0,1,0,0,0,0,1,0,1,0,0,0
1107,1107.png,whoI01.png,data/government/whoI01.png,exact,G,20.1,10,466.9888888888889,21.609925702993262,0,1,1,1,0,1,0,0,0,1,0,3,1,1,1,1,0,0,0,1,0,0,0,0,0,0,0,0,0
1108,1108.png,wsj458.png,data/news/wsj458.png,exact,N,14.1,10,123.87777777777778,11.130039432894106,0,1,1,1,0,1,0,0,0,0,1,2,2,0,2,1,1,0,0,0,0,0,0,1,0,0,0,0,0
1109,1109.png,v489_n7414_24_f2.png,data/science/v489_n7414_24_f2.png,exact,S,79.9,10,318.5444444444444,17.847813435949078,0,1,1,0,1,0,1,0,0,0,1,12,5,1,3,2,1,0,0,1,0,0,0,0,1,0,0,0,0
1110,1110.png,vis259.png,data/vis2/vis259.png,exact,I,78.0,10,758.0,27.53179979587241,0,1,0,1,1,1,0,0,1,0,1,8,5,6,15,5,1,0,0,1,1,1,0,0,1,0,1,0,0
1111,1111.png,v488_n7413_3_f3.png,data/science/v488_n7413_3_f3.png,exact,S,58.3,10,323.34444444444443,17.981780903026387,0,1,1,1,1,0,0,0,0,0,0,5,4,0,2,2,1,0,0,0,0,0,1,0,0,0,1,0,0
1112,1112.png,v490_n7418_22_f2.png,data/science/v490_n7418_22_f2.png,exact,S,75.3,10,742.9,27.256191957058125,0,1,0,1,1,0,0,0,0,0,0,7,0,1,2,2,1,0,0,0,1,0,0,0,0,0,1,0,0
1113,1113.png,visMost318.png,data/vis1/visMost318.png,exact,I,88.5,10,161.16666666666666,12.69514342836136,0,0,0,0,0,0,0,0,1,0,1,5,0,0,1,1,0,0,0,0,1,0,0,0,0,0,0,0,0
1114,1114.png,v484_n7392_10_f1.png,data/science/v484_n7392_10_f1.png,exact,S,78.4,10,272.7111111111111,16.513967152417106,0,1,1,1,1,0,0,0,0,0,0,7,6,0,5,4,1,1,0,0,1,0,0,1,0,1,0,0,0
1115,1115.png,v488_n7413_10_f5.png,data/science/v488_n7413_10_f5.png,exact,S,56.2,10,657.5111111111112,25.64197946943861,0,1,1,1,0,0,1,0,0,0,0,6,2,2,3,2,1,0,1,0,1,0,0,0,0,0,0,0,0
1116,1116.png,v488_n7413_3_f1.png,data/science/v488_n7413_3_f1.png,exact,S,57.0,10,852.2222222222222,29.192845394415087,0,1,1,0,1,0,1,0,0,0,0,4,3,1,1,3,0,1,0,0,0,0,0,1,0,1,0,0,0
1117,1117.png,v484_n7395_22_f2.png,data/science/v484_n7395_22_f2.png,exact,S,84.1,10,478.9888888888889,21.88581478695479,0,1,1,0,0,0,1,0,1,0,1,8,3,3,10,4,1,0,0,0,1,0,1,1,0,1,0,0,0
1118,1118.png,visMost468.png,data/vis1/visMost468.png,exact,I,50.7,10,683.3444444444444,26.140857760303973,0,0,1,1,0,1,0,0,0,0,1,13,0,2,1,1,0,0,1,0,0,0,0,0,0,0,0,0,0
1119,1119.png,v488_n7412_18_f2.png,data/science/v488_n7412_18_f2.png,exact,S,90.1,10,181.43333333333334,13.469719126000117,0,1,1,1,0,0,0,0,0,0,0,6,2,6,6,3,1,0,0,0,1,0,0,0,0,1,1,0,0
1120,1120.png,vis529.png,data/vis3/vis529.png,exact,I,66.1,10,722.5444444444445,26.880186837975,0,0,0,1,1,1,0,0,0,0,0,5,0,1,1,1,0,0,0,0,1,0,0,0,0,0,0,0,0
1121,1121.png,vis98.png,data/vis2/vis98.png,exact,I,46.6,10,424.4888888888889,20.603128133584203,0,1,0,1,1,1,0,0,0,0,1,14,1,1,3,4,1,1,1,1,0,0,0,0,1,0,0,0,0
1122,1122.png,v482_n7386_5_f5.png,data/science/v482_n7386_5_f5.png,exact,S,54.4,10,590.4888888888889,24.299977137620704,0,1,0,0,1,0,0,0,0,0,0,10,0,2,1,1,0,0,0,0,1,0,0,0,0,0,0,0,0
1123,1123.png,v484_n7392_10_f3.png,data/science/v484_n7392_10_f3.png,exact,S,27.6,10,606.4888888888889,24.626995125042946,0,1,1,1,1,0,0,0,0,0,0,3,3,1,2,3,1,1,0,0,0,0,0,1,0,1,0,0,0
1124,1124.png,wsj328.png,data/news/wsj328.png,exact,N,13.8,10,98.17777777777778,9.908470001860922,0,0,1,1,1,1,0,0,0,0,1,4,2,2,1,1,0,0,0,0,0,0,0,1,0,0,0,0,0
1125,1125.png,visMost332.png,data/vis1/visMost332.png,exact,I,57.6,10,638.7111111111111,25.27273453963997,0,1,1,1,1,0,1,0,0,0,0,10,7,3,4,4,1,1,1,0,1,0,0,0,0,0,1,0,0
1126,1126.png,vis267.png,data/vis2/vis267.png,exact,I,61.7,10,697.3444444444444,26.407280140984692,0,1,0,1,1,0,1,0,0,0,1,7,0,4,3,3,1,1,0,1,0,0,0,0,0,0,0,0,1
1127,1127.png,wsj300.png,data/news/wsj300.png,exact,N,54.2,10,629.5111111111111,25.090060006128144,0,1,1,1,0,0,1,1,0,0,1,4,3,1,3,2,1,1,0,0,0,0,0,0,0,1,0,0,0
1128,1128.png,v490_n7419_24_f2.png,data/science/v490_n7419_24_f2.png,exact,S,91.2,10,101.73333333333333,10.086294331087773,0,1,1,1,0,0,1,0,0,1,0,2,3,7,5,2,1,0,1,0,0,0,0,0,0,0,1,0,0
1129,1129.png,wsj466.png,data/news/wsj466.png,exact,N,30.5,10,316.72222222222223,17.796691327946952,0,0,0,1,1,1,0,0,1,0,1,10,1,2,2,1,0,0,0,0,0,0,0,0,0,0,1,0,0
1130,1130.png,economist_daily_chart_296.png,data/news/economist_daily_chart_296.png,exact,N,10.8,10,326.62222222222226,18.07269272195547,0,1,0,1,1,1,0,0,0,0,1,5,2,2,1,1,0,0,0,0,0,0,0,1,0,0,0,0,0
1131,1131.png,whoI17.png,data/government/whoI17.png,exact,G,47.8,10,414.6222222222222,20.362274485484726,0,1,1,1,0,1,1,0,0,1,0,0,1,1,1,1,0,0,0,0,0,1,0,0,0,0,0,0,0
1132,1132.png,vis501.png,data/vis3/vis501.png,exact,I,50.9,10,577.4333333333333,24.02984255739794,0,1,0,1,1,1,0,0,0,0,1,7,2,4,5,4,1,0,0,1,1,1,0,0,1,0,0,0,0
1133,1133.png,visMost454.png,data/vis1/visMost454.png,exact,I,45.3,10,1200.2333333333333,34.64438386424751,0,1,0,1,1,1,0,0,0,0,0,2,2,2,2,2,1,0,1,0,0,0,0,0,0,0,1,0,0
1134,1134.png,v487_n7406_2_f2.png,data/science/v487_n7406_2_f2.png,exact,S,75.1,10,418.3222222222222,20.452926984229475,0,1,0,1,1,0,0,0,0,0,0,9,0,3,6,2,1,0,0,0,1,0,0,0,0,0,1,0,0
1135,1135.png,whoI03.png,data/government/whoI03.png,exact,G,25.8,10,636.6222222222223,25.231373768033762,0,0,0,1,0,1,0,0,1,1,0,0,0,0,1,1,0,0,0,0,1,0,0,0,0,0,0,0,0
1136,1136.png,v484_n7393_16_f1.png,data/science/v484_n7393_16_f1.png,exact,S,71.2,10,571.2888888888889,23.901650338185622,0,1,1,1,0,0,0,0,0,0,0,4,2,1,4,3,1,0,0,0,1,0,0,0,0,1,1,0,0
1137,1137.png,v486_n7401_14_f1.png,data/science/v486_n7401_14_f1.png,exact,S,87.5,10,140.94444444444446,11.872002545672085,0,1,1,1,0,0,1,0,0,0,1,6,1,1,8,3,1,0,1,0,1,0,0,1,0,0,0,0,0
1138,1138.png,vis515.png,data/vis3/vis515.png,exact,I,61.5,10,408.5,20.211382931407737,0,0,0,1,1,1,0,0,1,0,1,7,0,2,3,2,1,0,0,0,0,0,0,0,1,0,1,0,0
1139,1139.png,visMost440.png,data/vis1/visMost440.png,exact,I,56.0,10,386.8888888888889,19.669491322575908,0,1,1,1,1,1,0,0,0,0,0,9,2,3,1,2,1,1,0,0,1,0,0,0,0,0,0,0,0
1140,1140.png,wsj472.png,data/news/wsj472.png,exact,N,52.1,10,550.5444444444445,23.46368352250866,0,1,0,1,1,1,0,0,0,0,1,8,3,1,3,2,1,0,1,0,0,0,0,0,1,0,0,0,0
1141,1141.png,economist_daily_chart_282.png,data/news/economist_daily_chart_282.png,exact,N,15.2,10,150.62222222222223,12.272824541327976,0,0,1,1,0,1,0,0,0,0,1,3,1,1,1,1,0,0,1,0,0,0,0,0,0,0,0,0,0
1142,1142.png,v487_n7406_20_f4.png,data/science/v487_n7406_20_f4.png,exact,S,90.3,10,116.67777777777778,10.801748829600593,0,1,1,1,0,1,1,0,0,0,1,5,1,2,5,4,1,0,0,0,1,0,0,1,0,0,1,0,1
1143,1143.png,wsj314.png,data/news/wsj314.png,exact,N,8.0,10,106.88888888888889,10.338708279513881,0,1,0,1,1,1,0,0,0,0,1,2,1,0,1,1,0,0,0,0,0,0,0,1,0,0,0,0,0
1144,1144.png,visMost326.png,data/vis1/visMost326.png,exact,I,66.2,10,643.5111111111112,25.36752079157739,0,1,1,1,1,1,1,0,0,0,1,10,5,3,4,4,1,0,1,1,1,0,0,0,0,1,0,0,0
1145,1145.png,vis298.png,data/vis2/vis298.png,exact,I,64.2,10,624.1777777777778,24.983550143600045,0,1,0,1,1,1,0,0,1,0,1,12,3,6,3,3,1,0,1,1,1,0,0,0,0,0,0,0,0
1146,1146.png,v485_n7399_8_f4.png,data/science/v485_n7399_8_f4.png,exact,S,25.2,10,695.0666666666666,26.364117028011133,0,1,1,1,0,0,0,0,0,0,0,3,3,1,2,1,1,0,0,0,0,0,0,0,0,1,0,0,0
1147,1147.png,wsj499.png,data/news/wsj499.png,exact,N,11.6,10,148.48888888888888,12.18560170401482,0,1,0,1,1,1,1,0,0,0,1,4,2,1,1,1,1,0,0,0,0,0,0,1,0,0,0,0,0
1148,1148.png,v489_n7416_6_f3.png,data/science/v489_n7416_6_f3.png,exact,S,45.5,10,758.2777777777778,27.5368440054008,0,1,1,0,0,0,0,0,0,0,0,4,2,1,1,1,0,0,0,0,0,0,0,1,0,0,0,0,0
1149,1149.png,economist_daily_chart_269.png,data/news/economist_daily_chart_269.png,exact,N,37.7,10,486.6777777777778,22.06077464138052,0,1,0,1,0,1,1,0,0,0,1,6,1,4,3,2,1,0,1,0,0,0,0,0,0,0,1,0,0
1150,1150.png,v487_n7405_11_f4.png,data/science/v487_n7405_11_f4.png,exact,S,79.7,10,609.3444444444444,24.68490316862605,0,0,0,1,1,0,0,0,0,1,0,0,1,0,2,1,1,0,0,0,1,0,0,0,0,0,0,0,0
1151,1151.png,whoP01.png,data/government/whoP01.png,exact,G,26.300000000000004,10,336.4555555555556,18.34272486724793,0,1,1,1,0,1,0,0,0,0,0,1,4,4,1,1,0,0,0,0,0,0,0,0,0,0,1,0,0
1152,1152.png,v485_n7397_13_f4.png,data/science/v485_n7397_13_f4.png,exact,S,68.7,10,528.9,22.9978259842099,0,1,1,1,0,0,1,1,0,0,0,5,5,1,4,3,1,0,0,0,1,0,1,1,0,0,0,0,0
1153,1153.png,v489_n7416_13_f2.png,data/science/v489_n7416_13_f2.png,exact,S,16.1,10,110.1,10.492854711659739,0,1,1,1,0,0,1,0,0,0,0,5,1,3,3,1,1,0,1,0,0,0,0,0,0,0,0,0,0
1154,1154.png,treasuryA7.png,data/government/treasuryA7.png,exact,G,24.7,10,186.67777777777778,13.663007640259073,0,0,1,1,1,1,0,0,0,0,0,4,1,3,2,3,1,0,1,0,0,0,0,1,0,1,0,0,0
1155,1155.png,v489_n7417_6_f3.png,data/science/v489_n7417_6_f3.png,exact,S,74.3,10,1066.9,32.66343521431878,0,1,1,1,0,0,0,0,0,0,0,3,5,1,4,1,1,0,0,0,0,0,0,0,0,1,0,0,0
1156,1156.png,v486_n7403_9_f5.png,data/science/v486_n7403_9_f5.png,exact,S,90.3,10,163.56666666666666,12.789318459818986,0,1,1,1,0,0,1,0,0,0,0,5,1,1,8,3,1,0,1,0,1,0,0,0,0,0,1,0,0
1157,1157.png,v490_n7419_7_f2.png,data/science/v490_n7419_7_f2.png,exact,S,71.8,10,269.73333333333335,16.42356031234803,0,1,1,1,0,0,0,0,0,0,0,12,4,0,2,1,1,0,0,0,0,0,1,0,0,0,0,0,0
1158,1158.png,np_22.png,data/news/np_22.png,exact,N,88.7,10,186.45555555555555,13.65487296006651,0,0,0,1,1,1,1,1,0,0,0,8,1,2,1,1,0,0,0,0,1,0,0,0,0,0,0,0,0
1159,1159.png,economist_daily_chart_533.png,data/news/economist_daily_chart_533.png,exact,N,17.6,10,172.48888888888888,13.133502536981096,0,0,0,1,0,1,1,0,0,0,1,6,0,1,1,1,0,0,0,0,0,0,0,0,1,0,0,0,0
1160,1160.png,whoJ27_2.png,data/government/whoJ27_2.png,exact,G,26.2,10,397.51111111111106,19.937680685353325,0,1,1,1,1,1,1,1,0,0,0,7,0,1,1,1,0,0,0,0,0,0,0,0,1,0,0,0,0
1161,1161.png,v486_n7403_23_f3.png,data/science/v486_n7403_23_f3.png,exact,S,57.0,10,816.8888888888889,28.58126814696802,0,1,1,0,1,1,0,0,0,0,0,3,5,7,7,2,1,0,1,0,0,0,0,1,0,0,0,0,0
1162,1162.png,visMost497.png,data/vis1/visMost497.png,exact,I,85.2,10,130.17777777777778,11.40954765877148,0,1,1,1,1,1,1,1,0,0,1,15,4,8,9,4,1,1,0,1,1,0,0,0,0,0,1,0,0
1163,1163.png,whoQ52_4.png,data/government/whoQ52_4.png,exact,G,18.4,10,160.93333333333334,12.685950233755978,0,1,1,1,0,1,1,0,0,0,0,6,2,1,1,2,0,1,0,0,0,0,0,1,0,0,0,0,0
1164,1164.png,vis73.png,data/vis2/vis73.png,exact,I,34.6,10,747.8222222222222,27.34633836955548,0,1,1,0,0,0,1,1,0,0,0,26,1,7,1,3,1,1,0,0,1,0,0,0,0,0,1,0,0
1165,1165.png,economist_daily_chart_255.png,data/news/economist_daily_chart_255.png,exact,N,83.8,10,443.2888888888889,21.054426824040803,0,0,0,1,1,1,0,0,0,0,0,26,1,8,1,1,0,0,0,0,1,0,0,0,0,0,0,0,0
1166,1166.png,economist_daily_chart_241.png,data/news/economist_daily_chart_241.png,exact,N,37.1,10,721.2111111111111,26.855373970792346,0,0,0,0,0,0,0,0,1,0,0,1,1,2,1,1,0,0,0,0,0,0,0,0,0,0,1,0,0
1167,1167.png,visMost483.png,data/vis1/visMost483.png,exact,I,62.6,10,712.7111111111111,26.696649810624386,0,1,1,1,1,1,0,0,0,0,1,3,2,6,2,3,1,0,0,1,0,1,0,0,0,0,1,0,0
1168,1168.png,whoB07_1.png,data/government/whoB07_1.png,exact,G,19.2,10,263.9555555555556,16.246709068471546,0,0,0,0,0,0,0,0,1,0,1,12,2,3,4,1,1,0,0,0,0,0,0,0,0,0,1,0,0
1169,1169.png,vis67.png,data/vis2/vis67.png,exact,I,41.6,10,697.6,26.412118430750684,0,0,0,1,1,0,0,0,0,0,1,10,2,1,1,1,0,0,0,0,0,0,0,0,0,0,0,0,1
1170,1170.png,v486_n7404_11_f2.png,data/science/v486_n7404_11_f2.png,exact,S,87.9,10,72.76666666666667,8.530338015967871,0,0,0,1,1,0,0,0,0,0,0,2,0,2,2,2,1,0,0,0,1,0,0,0,0,0,1,0,0
1171,1171.png,v485_n7399_6_f1.png,data/science/v485_n7399_6_f1.png,exact,S,58.3,10,340.23333333333335,18.445414967772706,0,1,1,0,1,0,0,0,0,1,0,0,4,0,4,2,1,0,0,0,0,0,0,1,0,1,0,0,0
1172,1172.png,economist_daily_chart_527.png,data/news/economist_daily_chart_527.png,exact,N,25.1,10,243.87777777777777,15.616586623772102,0,1,0,1,0,0,1,1,0,0,1,12,2,1,1,1,0,0,0,0,0,0,0,1,0,0,0,0,0
1173,1173.png,whoJ01_1.png,data/government/whoJ01_1.png,exact,G,26.1,10,887.2111111111112,29.786089221499207,0,0,0,0,0,1,1,1,0,0,0,7,1,1,1,1,0,0,0,0,0,0,0,0,1,0,0,0,0
1174,1174.png,visMost17.png,data/vis1/visMost17.png,exact,I,19.9,10,214.1,14.632156368765337,0,0,0,1,1,1,0,0,1,0,0,5,1,1,5,2,1,0,1,0,0,0,0,0,0,0,1,0,0
1175,1175.png,v489_n7414_5_f1.png,data/science/v489_n7414_5_f1.png,exact,S,94.6,10,38.93333333333333,6.239658110292048,0,1,1,1,1,1,1,1,0,0,0,27,3,6,4,4,1,0,1,0,1,0,1,1,0,0,0,0,0
1176,1176.png,v488_n7410_19_f1.png,data/science/v488_n7410_19_f1.png,exact,S,64.1,10,846.7666666666667,29.09925543148255,0,1,1,0,1,0,1,0,0,0,0,7,1,5,3,2,1,0,1,0,0,0,0,0,0,0,1,0,0
1177,1177.png,v489_n7415_5_f1.png,data/science/v489_n7415_5_f1.png,exact,S,86.8,10,475.9555555555556,21.816405651608964,0,0,0,1,1,0,1,0,0,0,0,4,4,2,2,2,1,0,0,0,1,0,0,0,1,0,0,0,0
1178,1178.png,visMost656.png,data/vis1/visMost656.png,exact,I,60.1,10,248.9888888888889,15.779381765103755,0,1,1,1,1,1,1,1,0,0,0,10,4,1,6,6,1,1,1,1,1,0,1,0,0,1,0,0,0
1179,1179.png,vis703.png,data/vis3/vis703.png,exact,I,48.3,10,719.5666666666667,26.824739824771214,0,1,1,1,1,1,1,1,0,0,1,15,0,3,1,2,1,0,0,0,1,0,0,0,0,0,1,0,0
1180,1180.png,v483_n7389_13_f2.png,data/science/v483_n7389_13_f2.png,exact,S,81.7,10,619.5666666666666,24.891096132285266,0,1,1,0,1,1,0,0,0,0,0,6,3,2,1,3,1,0,1,0,1,0,0,0,0,1,0,0,0
1181,1181.png,v485_n7398_12_f4.png,data/science/v485_n7398_12_f4.png,exact,S,75.9,10,900.1,30.001666620372944,0,1,1,1,0,0,1,0,0,0,0,10,2,2,1,1,0,0,0,0,0,0,0,0,0,1,0,0,0
1182,1182.png,v488_n7410_17_f4.png,data/science/v488_n7410_17_f4.png,exact,S,84.4,10,109.60000000000001,10.469001862641921,0,1,1,1,0,0,1,0,0,1,0,0,7,4,4,4,1,1,1,0,0,0,0,0,0,1,1,0,0
1183,1183.png,wsj102.png,data/news/wsj102.png,exact,N,8.8,10,102.84444444444445,10.14122499723009,0,0,0,1,1,1,0,0,0,0,1,7,1,1,1,1,0,0,0,0,0,0,0,0,0,0,0,0,1
1184,1184.png,economist_daily_chart_90.png,data/news/economist_daily_chart_90.png,exact,N,26.4,10,300.7111111111111,17.3410239349097,0,0,1,1,1,1,0,0,0,0,0,4,1,2,1,1,0,0,1,0,0,0,0,0,0,0,0,0,0
1185,1185.png,visMost130.png,data/vis1/visMost130.png,exact,I,66.5,10,587.8333333333334,24.245274453660723,0,1,1,1,1,1,1,1,0,0,1,10,4,3,3,2,1,0,0,0,1,0,0,0,0,0,1,0,0
1186,1186.png,v484_n7393_8_f3.png,data/science/v484_n7393_8_f3.png,exact,S,79.1,10,417.43333333333334,20.431185313958984,0,1,1,0,0,1,1,0,0,0,0,8,5,2,6,3,1,0,0,0,1,0,0,1,0,0,1,0,0
1187,1187.png,visMost124.png,data/vis1/visMost124.png,exact,I,57.9,10,634.3222222222222,25.18575435086712,0,1,1,1,1,1,0,0,0,0,1,14,2,3,1,1,1,0,0,0,1,0,0,0,0,0,0,0,0
1188,1188.png,wsj116.png,data/news/wsj116.png,exact,N,33.5,10,283.1666666666667,16.827556764624706,0,0,0,0,0,0,0,0,1,0,1,7,0,5,1,1,0,0,0,0,1,0,0,0,0,0,0,0,0
1189,1189.png,economist_daily_chart_84.png,data/news/economist_daily_chart_84.png,exact,N,31.5,10,463.1666666666667,21.52130727132222,0,1,1,1,1,1,0,0,0,0,0,3,2,2,1,1,0,0,0,0,0,0,0,1,0,0,0,0,0
1190,1190.png,v488_n7409_15_f2.png,data/science/v488_n7409_15_f2.png,exact,S,78.7,10,871.1222222222223,29.51477972511776,0,0,1,1,1,0,1,0,0,0,0,10,4,7,7,6,1,1,1,1,0,1,1,0,0,1,0,0,0
1191,1191.png,v483_n7387_7_f4.png,data/science/v483_n7387_7_f4.png,exact,S,84.6,10,405.3777777777778,20.1339955740975,0,1,1,0,1,0,1,0,0,0,0,5,2,2,1,2,0,1,0,0,0,0,0,0,0,1,0,0,0
1192,1192.png,visMost642.png,data/vis1/visMost642.png,exact,I,55.9,10,782.5444444444445,27.97399586123592,0,0,0,1,1,1,1,0,0,0,1,12,4,4,3,1,1,0,0,1,0,0,0,0,0,0,0,0,0
1193,1193.png,vis717.png,data/vis3/vis717.png,exact,I,59.5,10,187.38888888888889,13.689006132254047,0,1,1,1,1,1,0,0,0,0,1,5,9,2,1,3,1,1,0,0,0,1,0,0,0,0,1,0,0
1194,1194.png,whoK01.png,data/government/whoK01.png,exact,G,22.9,10,196.76666666666668,14.027354229029317,0,0,1,1,1,1,1,0,0,0,0,5,2,1,1,1,0,0,1,0,0,0,0,0,0,0,0,0,0
1195,1195.png,vis924.png,data/vis3/vis924.png,exact,I,42.9,10,755.8777777777777,27.493231490273708,0,0,0,1,1,1,0,0,0,0,1,3,8,1,1,2,1,0,0,0,0,1,0,0,0,0,1,0,0
1196,1196.png,v485_n7397_3_f4.png,data/science/v485_n7397_3_f4.png,exact,S,94.9,10,38.544444444444444,6.2084172253839744,0,1,1,0,0,0,1,0,0,0,1,8,2,3,5,3,1,0,0,0,1,0,0,1,0,1,0,0,0
1197,1197.png,v489_n7414_12_f1.png,data/science/v489_n7414_12_f1.png,exact,S,92.3,10,97.78888888888889,9.888826466719339,0,0,0,1,1,0,0,0,0,0,0,4,0,1,3,2,0,0,0,0,1,0,0,0,0,0,1,0,0
1198,1198.png,v484_n7395_14_f3.png,data/science/v484_n7395_14_f3.png,exact,S,76.5,10,435.8333333333333,20.876621693495654,0,1,1,0,1,0,1,0,0,1,0,0,7,5,9,2,1,0,1,0,0,0,0,0,0,1,0,0,0
1199,1199.png,v485_n7396_3_f4.png,data/science/v485_n7396_3_f4.png,exact,S,79.1,10,833.8777777777777,28.876941974138774,0,1,1,1,0,0,1,0,0,1,0,0,4,4,4,2,1,0,0,0,0,0,0,0,0,1,1,0,0
1200,1200.png,vis930.png,data/vis3/vis930.png,exact,I,47.9,10,762.9888888888889,27.622253508518977,0,0,0,1,1,1,0,0,0,0,1,4,9,1,1,1,1,0,0,0,1,0,0,0,0,0,0,0,0
1201,1201.png,vis918.png,data/vis3/vis918.png,exact,I,71.0,10,493.3333333333333,22.211108331943574,0,0,1,1,1,1,1,0,1,0,1,24,7,4,1,4,1,1,1,0,1,0,0,0,0,0,1,0,0
1202,1202.png,whoQ50_6.png,data/government/whoQ50_6.png,exact,G,23.9,10,652.0999999999999,25.53624874565565,0,0,1,1,0,1,1,0,0,0,0,5,2,1,1,1,0,0,0,0,0,0,0,1,0,0,0,0,0
1203,1203.png,visMost695.png,data/vis1/visMost695.png,exact,I,63.1,10,602.9888888888889,24.555832074863375,0,1,1,1,1,1,1,1,0,0,0,13,12,12,10,5,1,0,1,1,1,1,0,0,0,0,1,0,0
1204,1204.png,economist_daily_chart_53.png,data/news/economist_daily_chart_53.png,exact,N,35.5,10,492.5,22.192341021172147,0,1,1,1,0,1,0,0,0,0,0,3,1,1,1,1,0,0,1,0,0,0,0,0,0,0,0,0,0
1205,1205.png,economist_daily_chart_47.png,data/news/economist_daily_chart_47.png,exact,N,29.8,10,805.0666666666667,28.373696739527382,0,0,1,1,0,1,1,1,0,0,1,4,1,2,2,1,1,0,1,0,0,0,0,0,0,0,0,0,0
1206,1206.png,visMost681.png,data/vis1/visMost681.png,exact,I,38.6,10,350.0444444444445,18.709474723905117,0,0,1,1,1,1,0,0,0,0,1,26,6,6,6,3,1,1,1,0,0,0,0,0,1,0,0,0,0
1207,1207.png,v489_n7414_7_f4.png,data/science/v489_n7414_7_f4.png,exact,S,86.6,10,113.6,10.658330075579382,0,1,1,0,1,1,1,0,0,0,0,6,4,4,4,2,1,0,0,0,1,0,0,0,0,0,1,0,0
1208,1208.png,v486_n7403_19_f2.png,data/science/v486_n7403_19_f2.png,exact,S,83.4,10,498.0444444444444,22.316909383793366,0,1,1,0,0,0,1,0,0,0,0,3,0,3,1,4,0,1,0,0,0,1,1,0,0,1,0,0,0
1209,1209.png,vis893.png,data/vis3/vis893.png,exact,I,34.3,10,415.56666666666666,20.38545232921425,0,0,1,1,1,1,0,0,0,0,1,16,3,3,3,2,1,0,1,0,0,0,0,0,1,0,0,0,0
1210,1210.png,v485_n7399_16_f3.png,data/science/v485_n7399_16_f3.png,exact,S,76.1,10,449.43333333333334,21.199842766712525,0,1,1,1,1,0,1,0,0,0,0,16,3,5,2,3,1,0,1,0,0,0,0,1,0,0,1,0,0
1211,1211.png,v488_n7411_13_f3.png,data/science/v488_n7411_13_f3.png,exact,S,91.8,10,170.84444444444443,13.070747662029301,0,1,1,1,1,1,1,0,0,0,0,7,6,7,5,4,1,0,1,0,1,1,0,0,0,1,0,0,0
1212,1212.png,v488_n7409_19_f2.png,data/science/v488_n7409_19_f2.png,exact,S,61.0,10,942.4444444444445,30.699258043875336,0,1,1,1,1,0,1,0,0,0,0,6,1,3,3,2,1,0,1,0,0,0,0,0,0,0,1,0,0
1213,1213.png,vis139.png,data/vis2/vis139.png,exact,I,47.9,10,625.8777777777777,25.017549395929606,0,0,1,1,1,1,0,0,0,0,1,5,4,6,4,4,1,1,1,1,0,1,0,0,0,0,0,0,0
1214,1214.png,v489_n7415_7_f4.png,data/science/v489_n7415_7_f4.png,exact,S,92.1,10,70.32222222222222,8.385834616913348,0,0,0,0,1,1,0,0,0,0,0,1,3,0,1,1,1,0,0,0,1,0,0,0,0,0,0,0,0
1215,1215.png,v486_n7401_8_f2.png,data/science/v486_n7401_8_f2.png,exact,S,51.8,10,794.1777777777778,28.18115997928009,0,1,1,0,1,0,0,0,0,0,0,25,1,1,1,1,0,0,0,0,0,0,0,0,1,0,0,0,0
1216,1216.png,v483_n7391_15_f3.png,data/science/v483_n7391_15_f3.png,exact,S,77.5,10,533.6111111111111,23.10002405001153,0,1,1,1,1,1,1,1,0,0,0,7,8,10,13,5,1,0,1,0,0,0,1,1,0,1,1,0,0
1217,1217.png,vis887.png,data/vis3/vis887.png,exact,I,36.4,10,902.0444444444445,30.03405474531277,0,0,0,1,1,1,0,0,0,0,1,9,4,3,1,3,1,1,0,0,0,1,0,0,0,0,1,0,0
1218,1218.png,v484_n7393_4_f3.png,data/science/v484_n7393_4_f3.png,exact,S,90.7,10,125.56666666666668,11.205653335110215,0,0,0,0,1,0,1,0,0,0,0,8,0,3,3,2,1,0,0,0,1,0,0,0,0,0,1,0,0
1219,1219.png,v488_n7410_15_f1.png,data/science/v488_n7410_15_f1.png,exact,S,75.4,10,873.1555555555556,29.549205667082756,0,1,1,0,0,1,1,0,0,0,0,12,1,5,1,3,1,1,1,0,0,0,0,0,0,0,1,0,0
1220,1220.png,vis677.png,data/vis3/vis677.png,exact,I,64.0,10,614.6666666666666,24.79247197571607,0,0,0,0,0,0,0,0,1,0,1,5,0,1,1,2,1,0,0,0,1,0,0,0,0,0,1,0,0
1221,1221.png,visMost722.png,data/vis1/visMost722.png,exact,I,57.2,10,489.73333333333335,22.129919415427914,0,0,0,1,1,1,0,0,0,0,1,7,2,2,1,2,1,0,0,0,0,1,0,0,0,0,1,0,0
1222,1222.png,treasuryL07_1.png,data/government/treasuryL07_1.png,exact,G,18.8,10,191.51111111111112,13.838753958037953,0,0,0,0,0,1,0,0,1,0,0,1,3,1,1,1,0,0,0,0,0,0,0,0,0,0,1,0,0
1223,1223.png,v489_n7417_21_f4.png,data/science/v489_n7417_21_f4.png,exact,S,83.5,10,531.8333333333334,23.061511948121126,0,1,1,1,1,0,0,0,0,0,0,10,0,11,8,2,1,0,0,0,1,0,0,0,0,0,1,0,0
1224,1224.png,v489_n7415_9_f1.png,data/science/v489_n7415_9_f1.png,exact,S,87.3,10,157.1222222222222,12.534840334931364,0,1,1,1,0,0,1,1,0,0,0,12,6,5,5,1,1,0,0,0,0,0,0,0,1,0,0,0,0
1225,1225.png,v483_n7387_20_f4.png,data/science/v483_n7387_20_f4.png,exact,S,85.5,10,268.5,16.38596960817394,0,1,1,0,0,0,1,1,0,0,0,6,6,6,7,5,1,0,1,0,1,1,0,1,0,1,0,0,0
1226,1226.png,v483_n7390_13_f1.png,data/science/v483_n7390_13_f1.png,exact,S,82.7,10,96.45555555555556,9.82117892900621,0,1,1,0,1,0,0,0,0,0,0,20,2,4,4,2,1,0,0,0,1,0,0,0,0,0,1,0,0
1227,1227.png,vis105.png,data/vis2/vis105.png,exact,I,68.6,10,123.6,11.117553687749837,0,0,1,1,1,1,1,0,0,0,1,4,5,5,2,3,1,0,1,0,1,0,0,0,0,0,1,0,0
1228,1228.png,v483_n7387_5_f1.png,data/science/v483_n7387_5_f1.png,exact,S,78.4,10,822.0444444444444,28.671317452193303,0,1,1,0,0,0,0,0,0,0,0,3,3,0,1,1,0,0,0,0,0,0,0,1,0,0,0,0,0
1229,1229.png,v489_n7414_9_f1.png,data/science/v489_n7414_9_f1.png,exact,S,60.5,10,1578.7222222222222,39.733137583410425,0,1,1,0,0,0,1,1,0,0,0,4,1,4,1,1,1,0,0,0,0,1,0,0,0,0,0,0,0
1230,1230.png,whoH06_2.png,data/government/whoH06_2.png,exact,G,7.5,10,180.72222222222223,13.443296553383854,0,0,0,1,1,0,1,0,0,0,0,5,1,1,1,1,1,0,0,1,0,0,0,0,0,0,0,0,0
1231,1231.png,vis663.png,data/vis3/vis663.png,exact,I,30.2,10,451.5111111111111,21.248790815270198,0,0,0,1,1,1,0,0,0,0,1,11,1,1,1,1,0,0,0,0,0,0,0,0,1,0,0,0,0
1232,1232.png,visMost736.png,data/vis1/visMost736.png,exact,I,38.5,10,570.0555555555555,23.875836227356636,0,0,1,1,1,1,0,0,0,0,1,16,4,5,10,4,1,1,1,1,0,0,0,0,0,0,1,0,0
1233,1233.png,v485_n7397_1_f1.png,data/science/v485_n7397_1_f1.png,exact,S,75.0,10,284.22222222222223,16.858891488535722,0,1,1,1,1,0,1,0,0,0,0,5,1,5,5,3,1,1,1,0,0,0,0,0,0,0,1,0,0
1234,1234.png,v487_n7407_12_f2.png,data/science/v487_n7407_12_f2.png,exact,S,67.5,10,729.1666666666666,27.003086243366084,0,1,1,1,1,0,1,0,0,0,0,12,7,4,5,3,1,0,0,0,1,0,1,1,0,0,0,0,0
1235,1235.png,vis850.png,data/vis3/vis850.png,exact,I,5.7,10,71.78888888888889,8.472832400613674,0,0,0,1,1,1,0,0,0,0,1,2,1,1,1,1,0,0,0,0,1,0,0,0,0,0,0,0,0
1236,1236.png,v489_n7415_18_f3.png,data/science/v489_n7415_18_f3.png,exact,S,92.3,10,71.34444444444445,8.44656406146573,0,1,1,1,1,0,0,0,0,0,0,12,2,7,5,3,1,0,1,0,1,0,0,0,0,0,1,0,0
1237,1237.png,whoC20.png,data/government/whoC20.png,exact,G,11.9,10,185.65555555555557,13.625547899279338,0,1,1,1,0,0,1,0,0,0,0,2,1,2,1,2,1,0,1,0,0,1,0,0,0,0,0,0,0
1238,1238.png,v490_n7418_16_f4.png,data/science/v490_n7418_16_f4.png,exact,S,85.8,10,111.28888888888889,10.549354903921325,0,1,1,1,1,0,1,0,0,1,0,0,8,4,3,3,1,0,0,0,1,0,1,0,0,1,0,0,0
1239,1239.png,vis844.png,data/vis3/vis844.png,exact,I,15.4,10,241.1555555555556,15.529183995160711,0,0,0,1,1,1,0,0,0,0,1,10,3,5,1,3,1,0,0,1,0,1,0,0,0,0,1,0,0
1240,1240.png,economist_daily_chart_123.png,data/news/economist_daily_chart_123.png,exact,N,32.0,10,476.0,21.817424229271428,0,0,1,1,0,1,1,0,0,0,0,5,1,2,1,1,0,0,1,0,0,0,0,0,0,0,0,0,0
1241,1241.png,whoQ35_3.png,data/government/whoQ35_3.png,exact,G,28.7,10,350.9,18.73232500251904,0,1,1,1,0,1,1,0,0,0,0,2,2,1,1,1,0,0,0,0,0,0,0,0,0,1,0,0,0
1242,1242.png,v490_n7418_18_f1.png,data/science/v490_n7418_18_f1.png,exact,S,61.9,10,1422.322222222222,37.71368746519256,0,1,1,0,1,0,1,0,0,1,0,0,11,4,8,3,1,0,0,0,0,0,0,1,0,1,1,0,0
1243,1243.png,v484_n7394_10_f4.png,data/science/v484_n7394_10_f4.png,exact,S,79.0,10,306.44444444444446,17.50555467400118,0,1,1,1,1,0,0,0,0,0,0,8,3,6,1,1,0,0,0,0,1,0,0,0,0,0,0,0,0
1244,1244.png,v490_n7420_22_f2.png,data/science/v490_n7420_22_f2.png,exact,S,62.6,10,743.8222222222222,27.273104374497272,0,1,1,1,1,0,0,0,0,0,0,3,8,5,5,3,1,0,1,0,0,0,0,1,0,1,0,0,0
1245,1245.png,whoC08.png,data/government/whoC08.png,exact,G,14.0,10,406.0,20.149441679609886,0,0,0,1,0,0,1,0,0,0,0,1,0,1,1,1,1,0,0,0,0,0,0,0,1,0,0,0,0
1246,1246.png,vis878.png,data/vis3/vis878.png,exact,I,23.1,10,471.2111111111111,21.70739761259076,0,0,1,1,0,1,0,0,0,0,1,6,5,1,1,2,1,0,1,0,0,0,0,0,0,0,1,0,0
1247,1247.png,economist_daily_chart_137.png,data/news/economist_daily_chart_137.png,exact,N,22.0,10,570.2222222222222,23.879326251429752,0,0,0,1,1,1,1,0,0,0,0,3,1,1,1,1,0,0,0,0,0,1,0,0,0,0,0,0,0
1248,1248.png,whoK07_2.png,data/government/whoK07_2.png,exact,G,24.9,10,617.4333333333334,24.848205837310132,0,0,0,0,0,0,0,0,1,0,0,1,1,3,1,1,0,0,0,0,0,0,0,0,0,0,1,0,0
1249,1249.png,wsj248.png,data/news/wsj248.png,exact,N,42.1,10,778.3222222222222,27.89842687719546,0,0,1,1,1,1,1,0,0,0,1,8,3,2,2,2,1,1,0,0,0,0,0,1,0,0,0,0,0
1250,1250.png,v486_n7401_18_f1.png,data/science/v486_n7401_18_f1.png,exact,S,82.5,10,679.1666666666666,26.060826285186483,0,1,1,1,1,0,1,0,0,0,0,12,5,5,6,4,1,0,1,0,1,0,0,1,0,0,1,0,0
1251,1251.png,wsj64.png,data/news/wsj64.png,exact,N,55.0,10,508.22222222222223,22.543784558547888,0,0,1,1,1,1,1,1,0,0,1,9,2,1,1,3,0,0,0,0,0,0,0,1,0,1,1,0,0
1252,1252.png,vis449.png,data/vis2/vis449.png,exact,I,35.1,10,218.76666666666665,14.79076288318715,0,0,0,0,1,1,1,1,0,0,1,5,3,3,3,4,1,0,1,1,0,0,0,0,1,0,1,0,0
1253,1253.png,visMost508.png,data/vis1/visMost508.png,exact,I,90.7,10,269.34444444444443,16.41171668182352,0,0,0,0,1,0,0,0,0,0,0,25,0,1,1,1,0,0,0,0,0,0,0,0,1,0,0,0,0
1254,1254.png,wsj70.png,data/news/wsj70.png,exact,N,60.3,10,662.0111111111111,25.729576582429626,0,0,1,1,1,1,1,1,0,0,0,3,1,2,4,2,1,0,1,0,0,0,0,0,1,0,0,0,0
1255,1255.png,v488_n7412_1_f4.png,data/science/v488_n7412_1_f4.png,exact,S,20.9,10,158.76666666666668,12.600264547487354,0,1,1,0,0,0,0,0,0,1,0,0,3,0,1,1,0,0,0,0,0,0,0,1,0,0,0,0,0
1256,1256.png,whoO05.png,data/government/whoO05.png,exact,G,35.9,10,426.5444444444445,20.652952438923702,0,0,0,0,1,1,1,0,0,0,1,10,3,1,1,1,0,0,0,0,0,0,0,0,1,0,0,0,0
1257,1257.png,v488_n7412_14_f2.png,data/science/v488_n7412_14_f2.png,exact,S,73.3,10,652.4555555555555,25.543209578194272,0,1,1,1,1,0,1,0,0,0,0,6,4,6,14,4,1,1,1,0,1,0,0,0,0,0,1,0,0
1258,1258.png,v487_n7408_13_f2.png,data/science/v487_n7408_13_f2.png,exact,S,94.2,10,77.51111111111112,8.804039476916895,0,1,1,1,0,0,1,0,0,0,0,7,2,6,6,3,1,0,1,0,0,0,0,1,0,1,0,0,0
1259,1259.png,wsj58.png,data/news/wsj58.png,exact,N,21.9,10,440.5444444444444,20.989150636565654,0,0,0,1,0,1,0,0,1,0,1,12,1,1,1,2,0,1,0,0,0,0,0,0,0,0,1,0,0
1260,1260.png,visMost246.png,data/vis1/visMost246.png,exact,I,71.4,10,657.3777777777779,25.639379434334558,0,1,1,1,1,1,1,0,0,0,1,27,0,4,2,4,1,0,1,0,0,0,0,1,1,0,1,0,0
1261,1261.png,wsj274.png,data/news/wsj274.png,exact,N,25.5,10,279.1666666666667,16.70828137980285,0,1,1,1,1,1,0,0,0,0,1,4,2,3,1,3,1,1,1,0,0,0,0,0,0,0,1,0,0
1262,1262.png,treasuryD03_3.png,data/government/treasuryD03_3.png,exact,G,15.5,10,352.05555555555554,18.763143541409992,0,0,0,1,0,1,0,0,1,0,0,2,1,1,1,1,0,0,0,0,0,0,0,0,0,0,1,0,0
1263,1263.png,economist_daily_chart_484.png,data/news/economist_daily_chart_484.png,exact,N,21.1,10,159.43333333333334,12.626691305854171,0,0,1,1,0,1,1,0,0,0,1,4,1,3,1,1,0,0,1,0,0,0,0,0,0,0,0,0,0
1264,1264.png,wsj512.png,data/news/wsj512.png,exact,N,31.8,10,428.8444444444445,20.708559690245107,0,0,0,1,1,1,0,0,0,0,1,5,0,1,1,1,0,0,0,0,0,0,0,0,1,0,0,0,0
1265,1265.png,v490_n7420_14_f3.png,data/science/v490_n7420_14_f3.png,exact,S,74.8,10,794.8444444444444,28.192985731285084,0,1,1,0,1,1,0,0,0,0,0,4,9,9,9,5,1,1,1,1,1,0,0,1,0,0,0,0,0
1266,1266.png,vis475.png,data/vis2/vis475.png,exact,I,64.0,10,807.1111111111111,28.409701003550023,0,0,0,1,0,0,0,0,0,0,1,4,0,1,1,1,0,0,0,0,0,0,0,0,1,0,0,0,0
1267,1267.png,visMost534.png,data/vis1/visMost534.png,exact,I,56.4,10,369.6,19.224983745116667,0,0,1,1,1,1,1,0,0,0,0,21,3,4,3,3,1,0,0,1,1,0,0,0,0,0,1,0,0
1268,1268.png,v487_n7406_22_f1.png,data/science/v487_n7406_22_f1.png,exact,S,84.3,10,232.45555555555555,15.246493221575758,0,0,1,1,0,0,0,0,0,0,0,10,1,4,4,2,1,0,0,0,1,0,0,0,0,0,1,0,0
1269,1269.png,vis461.png,data/vis2/vis461.png,exact,I,72.1,10,1037.8777777777777,32.21611053149926,0,0,0,0,1,0,0,0,1,0,0,12,0,0,1,2,1,0,0,0,1,0,0,0,0,0,1,0,0
1270,1270.png,wsj506.png,data/news/wsj506.png,exact,N,12.4,10,153.15555555555557,12.37560324006695,0,0,1,1,1,1,0,0,0,0,1,4,2,0,1,2,0,1,0,0,0,0,0,1,0,0,0,0,0
1271,1271.png,v484_n7393_14_f4.png,data/science/v484_n7393_14_f4.png,exact,S,61.6,10,724.2666666666667,26.912202932251137,0,1,1,0,1,1,1,0,0,0,0,5,1,3,3,2,1,0,1,0,1,0,0,0,0,0,0,0,0
1272,1272.png,wsj260.png,data/news/wsj260.png,exact,N,45.8,10,964.1777777777778,31.05121217887923,0,1,1,1,1,0,1,0,0,0,0,3,2,2,4,2,1,1,0,0,0,0,0,1,0,0,0,0,0
1273,1273.png,economist_daily_chart_490.png,data/news/economist_daily_chart_490.png,exact,N,15.1,10,202.98888888888888,14.24741691988021,0,0,0,0,0,0,0,0,1,0,1,2,1,2,1,1,0,0,0,0,0,0,0,0,0,0,1,0,0
1274,1274.png,vis307.png,data/vis2/vis307.png,exact,I,49.6,10,877.6,29.624314338056838,0,1,1,1,0,1,1,0,0,0,1,13,4,7,5,3,1,0,1,0,0,0,0,1,1,0,0,0,0
1275,1275.png,visMost252.png,data/vis1/visMost252.png,exact,I,65.6,10,1065.3777777777777,32.640125272090756,0,1,1,1,0,1,0,0,0,0,0,5,10,5,4,3,1,0,1,0,0,1,0,0,0,0,1,0,0
1276,1276.png,v489_n7416_4_f6.png,data/science/v489_n7416_4_f6.png,exact,S,41.9,10,1292.9888888888888,35.95815469248789,0,0,0,1,1,0,0,0,0,0,0,4,0,0,1,1,0,0,0,0,1,0,0,0,0,0,0,0,0
1277,1277.png,v485_n7397_11_f1.png,data/science/v485_n7397_11_f1.png,exact,S,64.9,10,668.7666666666667,25.860523325460115,0,1,1,1,1,0,1,0,0,1,0,0,2,3,3,1,1,0,0,0,0,0,0,0,0,1,0,0,0
1278,1278.png,v487_n7405_13_f1.png,data/science/v487_n7405_13_f1.png,exact,S,65.0,10,580.0,24.08318915758459,0,1,1,0,1,0,1,0,0,1,0,0,2,1,1,1,0,0,0,0,0,0,0,0,0,1,0,0,0
1279,1279.png,v483_n7391_23_f2.png,data/science/v483_n7391_23_f2.png,exact,S,89.8,10,188.62222222222223,13.73398056727263,0,0,0,1,1,0,0,0,0,0,0,15,1,2,2,1,1,0,0,0,1,0,0,0,0,0,0,0,0
1280,1280.png,v485_n7399_20_f2.png,data/science/v485_n7399_20_f2.png,exact,S,81.4,10,233.6,15.28397853963424,0,1,1,1,1,0,0,0,0,1,0,0,3,4,9,3,1,0,1,0,1,0,0,1,0,0,0,0,0
1281,1281.png,v483_n7388_21_f4.png,data/science/v483_n7388_21_f4.png,exact,S,71.2,10,347.73333333333335,18.647609319516896,0,1,1,0,1,0,1,0,0,1,0,0,2,7,7,3,1,0,1,0,1,0,0,0,0,0,1,0,0
1282,1282.png,economist_daily_chart_309.png,data/news/economist_daily_chart_309.png,exact,N,19.2,10,210.17777777777778,14.497509364638388,0,1,1,1,1,1,1,0,0,0,1,7,2,1,1,1,0,0,0,0,0,0,0,1,0,0,0,0,0
1283,1283.png,v482_n7386_16_f3.png,data/science/v482_n7386_16_f3.png,exact,S,81.8,10,964.6222222222223,31.058367990321422,0,1,1,1,1,0,0,0,0,0,0,3,3,2,6,3,1,0,0,0,1,0,0,0,0,1,1,0,0
1284,1284.png,v486_n7404_1_f4.png,data/science/v486_n7404_1_f4.png,exact,S,86.2,10,295.73333333333335,17.196898945255604,0,1,1,1,1,0,1,0,0,0,0,6,4,2,4,2,1,0,0,0,0,0,0,1,0,1,0,0,0
1285,1285.png,economist_daily_chart_447.png,data/news/economist_daily_chart_447.png,exact,N,53.5,10,806.9444444444445,28.406767581765518,0,0,0,0,0,0,0,0,1,0,1,2,4,1,1,1,0,0,0,0,0,0,0,0,0,0,1,0,0
1286,1286.png,visMost8.png,data/vis1/visMost8.png,exact,I,59.9,10,1320.3222222222223,36.336238415970115,0,0,0,0,0,0,0,0,1,0,0,3,0,1,1,1,0,0,0,0,1,0,0,0,0,0,0,0,0
1287,1287.png,visMost285.png,data/vis1/visMost285.png,exact,I,48.9,10,728.9888888888889,26.999794237899092,0,0,0,1,1,1,0,0,0,0,1,12,0,7,1,2,1,0,0,0,1,0,0,0,0,0,1,0,0
1288,1288.png,whoQ37_1.png,data/government/whoQ37_1.png,exact,G,51.9,10,462.3222222222222,21.501679520963524,0,1,1,1,0,1,1,0,0,0,1,10,3,1,3,2,1,0,0,0,0,0,0,1,0,1,0,0,0
1289,1289.png,v485_n7396_17_f3.png,data/science/v485_n7396_17_f3.png,exact,S,76.6,10,463.3777777777778,21.526211412549532,0,1,1,0,1,0,1,0,0,0,0,9,8,3,5,3,1,0,1,0,0,1,0,1,0,0,0,0,0
1290,1290.png,economist_daily_chart_321.png,data/news/economist_daily_chart_321.png,exact,N,26.5,10,260.27777777777777,16.13312672044008,0,0,1,1,0,1,1,0,0,0,1,4,2,1,1,1,0,0,0,0,0,0,0,1,0,0,0,0,0
1291,1291.png,v486_n7403_5_f5.png,data/science/v486_n7403_5_f5.png,exact,S,79.9,10,771.2111111111111,27.770687984115753,0,1,1,0,0,0,1,0,0,0,0,6,1,4,1,1,0,0,0,0,0,0,1,0,0,0,0,0,0
1292,1292.png,economist_daily_chart_2.png,data/news/economist_daily_chart_2.png,exact,N,31.7,10,304.4555555555556,17.448654835131435,0,0,1,1,0,1,1,0,0,0,1,10,2,3,2,2,1,0,1,0,0,1,0,0,0,0,0,0,0
1293,1293.png,whoQ11_2.png,data/government/whoQ11_2.png,exact,G,60.6,10,828.9333333333333,28.791202359980268,0,1,1,1,0,1,1,0,0,0,1,9,2,1,1,1,0,0,0,0,0,0,0,1,0,0,0,0,0
1294,1294.png,economist_daily_chart_335.png,data/news/economist_daily_chart_335.png,exact,N,31.5,10,375.8333333333333,19.386421364793794,0,0,1,1,0,1,1,0,0,0,1,8,2,2,1,2,1,1,0,0,0,0,0,1,0,0,0,0,0
1295,1295.png,visMost291.png,data/vis1/visMost291.png,exact,I,61.8,10,460.84444444444443,21.467287775693613,0,0,1,1,1,1,0,0,0,0,1,11,2,3,1,2,1,0,0,1,0,0,0,1,0,0,0,0,0
1296,1296.png,whoQ54_2.png,data/government/whoQ54_2.png,exact,G,15.300000000000002,10,848.6777777777778,29.132074724910648,0,0,1,1,0,0,0,0,0,0,0,1,1,1,1,1,0,0,1,0,0,0,0,0,0,0,0,0,0
1297,1297.png,economist_daily_chart_453.png,data/news/economist_daily_chart_453.png,exact,N,27.3,10,374.4555555555556,19.35085412987126,0,0,1,1,1,1,0,0,0,0,1,5,2,1,1,1,0,0,0,0,0,0,0,1,0,0,0,0,0
1298,1298.png,economist_daily_chart_334.png,data/news/economist_daily_chart_334.png,exact,N,15.1,10,159.43333333333334,12.626691305854171,0,0,1,1,0,1,0,0,0,0,1,4,1,2,1,1,0,0,1,0,0,0,0,0,0,0,0,0,0
1299,1299.png,whoQ11_3.png,data/government/whoQ11_3.png,exact,G,34.5,10,735.3888888888889,27.11805466638212,0,1,1,1,0,1,1,0,0,0,1,3,2,1,1,1,0,0,0,0,0,0,0,0,0,1,0,0,0
1300,1300.png,economist_daily_chart_452.png,data/news/economist_daily_chart_452.png,exact,N,24.3,10,181.56666666666666,13.474667590210403,0,0,1,1,1,1,0,0,0,0,1,7,2,1,1,1,0,0,0,0,0,0,0,1,0,0,0,0,0
1301,1301.png,whoQ54_3.png,data/government/whoQ54_3.png,exact,G,19.1,10,251.65555555555554,15.863655176394737,0,0,1,1,0,0,1,0,0,0,0,6,2,1,1,2,1,1,0,0,0,0,0,1,0,0,0,0,0
1302,1302.png,v485_n7398_26_f1.png,data/science/v485_n7398_26_f1.png,exact,S,77.2,10,746.1777777777778,27.316254827076456,0,1,1,1,1,0,0,0,0,1,0,0,3,6,7,4,1,0,1,0,1,0,0,0,0,1,1,0,0
1303,1303.png,visMost290.png,data/vis1/visMost290.png,exact,I,42.5,10,602.0555555555555,24.536820404354668,0,0,0,1,1,1,0,0,0,0,1,10,4,3,1,3,1,0,0,1,1,0,0,0,1,0,0,0,0
1304,1304.png,visMost284.png,data/vis1/visMost284.png,exact,I,45.5,10,594.0555555555555,24.373254923287444,0,0,1,1,1,1,1,0,0,0,1,5,3,5,4,3,1,1,1,0,0,1,0,0,0,0,0,0,0
1305,1305.png,visMost9.png,data/vis1/visMost9.png,exact,I,25.5,10,462.27777777777777,21.500645985127466,0,0,0,0,0,0,0,0,1,0,0,1,0,1,1,1,0,0,0,0,1,0,0,0,0,0,0,0,0
1306,1306.png,economist_daily_chart_446.png,data/news/economist_daily_chart_446.png,exact,N,55.3,10,280.9,16.76007159889241,0,0,0,0,1,0,0,0,0,0,0,12,0,1,1,2,0,0,1,0,0,0,0,0,1,0,0,0,0
1307,1307.png,treasuryG02_2.png,data/government/treasuryG02_2.png,exact,G,57.3,10,465.56666666666666,21.576993920995267,0,1,1,1,1,0,1,1,0,0,0,6,1,2,1,1,0,0,1,0,0,0,0,0,0,0,0,0,0
1308,1308.png,economist_daily_chart_3.png,data/news/economist_daily_chart_3.png,exact,N,49.9,10,448.1,21.1683726346642,0,0,0,1,1,0,1,1,0,0,0,3,1,2,1,3,1,0,1,0,0,1,0,0,1,0,0,0,0
1309,1309.png,v486_n7403_5_f4.png,data/science/v486_n7403_5_f4.png,exact,S,72.0,10,675.1111111111111,25.982900359873437,0,0,0,0,1,0,1,0,0,0,0,11,0,0,2,2,1,0,0,1,1,0,0,0,0,0,0,0,0
1310,1310.png,economist_daily_chart_320.png,data/news/economist_daily_chart_320.png,exact,N,29.9,10,51.21111111111111,7.156193898373011,0,0,1,1,0,1,0,0,0,0,1,3,2,1,1,1,0,0,1,0,0,0,0,0,0,0,0,0,0
1311,1311.png,whoK23_2.png,data/government/whoK23_2.png,exact,G,37.3,10,228.45555555555555,15.114746294779662,0,0,1,1,1,1,1,0,0,0,0,4,1,2,3,2,0,1,0,0,0,0,0,0,0,0,1,0,0
1312,1312.png,v485_n7396_17_f2.png,data/science/v485_n7396_17_f2.png,exact,S,69.9,10,422.5444444444444,20.555885883231703,0,1,1,0,1,0,1,0,0,0,0,2,4,2,6,3,1,0,1,0,0,0,0,1,0,1,0,0,0
1313,1313.png,v483_n7387_16_f4.png,data/science/v483_n7387_16_f4.png,exact,S,58.3,10,374.23333333333335,19.345111354896186,0,0,1,1,1,0,0,0,0,0,0,2,2,1,2,2,1,0,1,0,0,0,0,1,0,0,0,0,0
1314,1314.png,economist_daily_chart_308.png,data/news/economist_daily_chart_308.png,exact,N,36.3,10,682.2333333333333,26.119596729913987,0,0,0,0,0,0,0,0,1,0,1,2,4,2,1,1,0,0,0,0,0,0,0,0,0,0,1,0,0
1315,1315.png,v485_n7399_20_f3.png,data/science/v485_n7399_20_f3.png,exact,S,62.2,10,705.7333333333333,26.565641971037202,0,0,0,1,1,0,0,0,0,0,0,10,0,1,8,2,1,0,0,0,1,0,0,0,0,0,1,0,0
1316,1316.png,v486_n7404_1_f5.png,data/science/v486_n7404_1_f5.png,exact,S,50.1,10,717.8777777777777,26.793241270473,0,0,0,0,0,0,0,0,1,1,0,0,8,3,1,1,0,0,0,0,0,0,0,0,0,0,1,0,0
1317,1317.png,v482_n7386_16_f2.png,data/science/v482_n7386_16_f2.png,exact,S,84.3,10,170.9,13.072872675888801,0,1,1,0,0,0,1,0,0,0,0,4,3,5,11,4,1,0,1,0,1,0,0,0,0,1,1,0,0
1318,1318.png,v483_n7391_23_f3.png,data/science/v483_n7391_23_f3.png,exact,S,67.6,10,768.0444444444445,27.71361478487504,0,1,1,0,0,0,1,0,0,0,0,6,4,1,4,3,1,0,1,0,1,0,0,1,0,0,0,0,0
1319,1319.png,v489_n7417_19_f1.png,data/science/v489_n7417_19_f1.png,exact,S,66.0,10,680.2222222222222,26.08107018935807,0,1,1,1,1,0,0,0,0,0,0,15,1,2,2,2,1,0,1,0,1,0,0,0,0,0,0,0,0
1320,1320.png,wsj507.png,data/news/wsj507.png,exact,N,50.9,10,160.54444444444445,12.670613420211527,0,0,1,1,1,1,1,0,0,0,1,9,3,3,3,3,1,0,1,1,0,0,0,1,0,0,0,0,0
1321,1321.png,whoH04_1.png,data/government/whoH04_1.png,exact,G,18.4,10,164.7111111111111,12.833982667555349,0,0,0,1,1,0,1,0,0,0,1,8,1,1,1,1,1,0,0,1,0,0,0,0,0,0,0,0,0
1322,1322.png,vis460.png,data/vis2/vis460.png,exact,I,73.5,10,300.27777777777777,17.328524974093373,0,0,1,1,1,1,1,0,0,0,1,4,3,4,8,3,1,0,1,0,1,0,0,0,1,0,0,0,0
1323,1323.png,visMost535.png,data/vis1/visMost535.png,exact,I,64.2,10,581.7333333333333,24.119148685916205,0,0,0,1,1,0,0,0,0,0,0,12,0,1,1,1,0,0,0,0,1,0,0,0,0,0,0,0,0
1324,1324.png,vis306.png,data/vis2/vis306.png,exact,I,54.1,10,313.65555555555557,17.71032341758771,0,0,0,1,1,1,0,0,0,0,1,7,1,1,1,1,0,0,0,0,1,0,0,0,0,0,0,0,0
1325,1325.png,economist_daily_chart_491.png,data/news/economist_daily_chart_491.png,exact,N,25.1,10,235.43333333333334,15.343836982102403,0,0,1,1,0,1,1,0,0,0,1,4,1,2,1,1,0,0,1,0,0,0,0,0,0,0,0,0,0
1326,1326.png,wsj261.png,data/news/wsj261.png,exact,N,50.3,10,366.4555555555556,19.143028902332972,0,0,0,1,1,1,0,0,0,0,1,5,2,2,3,3,1,0,1,0,0,0,0,0,1,0,1,0,0
1327,1327.png,economist_daily_chart_485.png,data/news/economist_daily_chart_485.png,exact,N,35.9,10,215.2111111111111,14.670075361466658,0,0,1,1,0,1,0,0,0,0,1,3,2,1,1,1,0,0,1,0,0,0,0,0,0,0,0,0,0
1328,1328.png,wsj275.png,data/news/wsj275.png,exact,N,41.9,10,388.5444444444444,19.7115307483829,0,0,0,1,0,1,1,0,0,0,1,6,0,1,1,1,0,0,0,0,0,0,0,0,1,0,0,0,0
1329,1329.png,treasuryD03_2.png,data/government/treasuryD03_2.png,exact,G,37.9,10,641.2111111111111,25.322146652902696,0,0,0,0,0,0,0,0,1,0,0,2,1,1,1,1,0,0,0,0,0,0,0,0,0,0,1,0,0
1330,1330.png,wsj59.png,data/news/wsj59.png,exact,N,37.5,10,500.94444444444446,22.381788231605725,0,0,1,1,1,1,0,0,0,0,1,9,2,1,3,2,1,0,0,0,1,0,0,1,0,0,0,0,0
1331,1331.png,v487_n7408_13_f3.png,data/science/v487_n7408_13_f3.png,exact,S,73.4,10,836.4888888888888,28.922117641847887,0,1,1,1,0,0,1,0,0,0,1,5,1,4,6,2,1,0,1,0,1,0,0,0,0,0,0,0,0
1332,1332.png,vis312.png,data/vis2/vis312.png,exact,I,59.0,10,149.55555555555554,12.229290885229426,0,0,0,1,1,1,0,0,0,0,1,4,5,2,4,1,0,0,0,0,0,0,0,0,0,0,0,1,0
1333,1333.png,v488_n7412_14_f3.png,data/science/v488_n7412_14_f3.png,exact,S,70.0,10,607.1111111111111,24.63962481676844,0,1,1,1,0,0,0,0,0,0,1,4,1,4,5,3,1,0,1,0,1,0,0,0,0,0,1,0,0
1334,1334.png,whoO04.png,data/government/whoO04.png,exact,G,34.1,10,592.9888888888888,24.351363183380286,0,0,0,0,1,0,0,0,0,0,1,3,1,0,1,1,0,1,0,0,0,0,0,0,0,0,0,0,0
1335,1335.png,vis474.png,data/vis2/vis474.png,exact,I,45.1,10,263.2111111111111,16.223782268975107,0,0,0,0,0,0,0,0,1,0,1,5,1,2,1,2,1,0,0,1,0,0,0,0,0,0,1,0,0
1336,1336.png,visMost521.png,data/vis1/visMost521.png,exact,I,46.7,10,315.34444444444443,17.757940321006952,0,0,0,1,1,1,0,0,0,0,1,3,0,3,1,2,1,0,0,1,0,0,0,0,1,0,0,0,0
1337,1337.png,treasuryL05_2.png,data/government/treasuryL05_2.png,exact,G,18.0,10,452.0,21.2602916254693,0,0,0,1,1,1,1,0,0,0,0,3,1,1,3,1,0,0,0,1,0,0,0,0,0,0,0,0,0
1338,1338.png,v490_n7420_14_f2.png,data/science/v490_n7420_14_f2.png,exact,S,72.5,10,772.2777777777778,27.789886249817176,0,1,1,1,0,0,1,0,0,0,0,5,5,5,10,4,1,0,1,0,1,0,0,1,0,1,0,0,0
1339,1339.png,wsj513.png,data/news/wsj513.png,exact,N,33.3,10,497.7888888888889,22.31118304547943,0,1,1,1,0,1,0,0,0,0,1,3,1,2,4,1,1,0,1,0,0,0,0,0,0,0,0,0,0
1340,1340.png,visMost509.png,data/vis1/visMost509.png,exact,I,61.2,10,515.2888888888889,22.699975526173787,0,1,1,1,1,1,1,1,0,0,1,3,3,3,10,3,1,0,1,1,0,0,0,0,1,0,0,0,0
1341,1341.png,v484_n7392_12_f7.png,data/science/v484_n7392_12_f7.png,exact,S,75.2,10,337.9555555555556,18.383567541572436,0,0,0,0,0,0,0,0,1,0,0,8,3,3,4,2,1,0,1,0,1,0,0,0,0,0,0,0,0
1342,1342.png,v482_n7386_7_f1.png,data/science/v482_n7386_7_f1.png,exact,S,75.1,10,449.8777777777778,21.21032243455478,0,1,1,1,1,0,1,1,0,0,0,4,2,2,1,2,0,0,0,0,0,0,0,1,0,1,0,0,0
1343,1343.png,wsj71.png,data/news/wsj71.png,exact,N,39.6,10,325.37777777777774,18.038231004668326,0,0,1,1,1,1,1,0,0,0,1,5,4,2,3,3,1,1,0,1,0,0,0,1,0,0,0,0,0
1344,1344.png,wsj65.png,data/news/wsj65.png,exact,N,30.8,10,135.2888888888889,11.631375193367674,0,0,0,0,0,0,0,0,1,0,1,6,1,1,1,2,1,0,0,0,0,0,0,0,1,0,1,0,0
1345,1345.png,wsj249.png,data/news/wsj249.png,exact,N,30.1,10,230.54444444444445,15.183690079965556,0,0,1,1,1,1,0,0,0,0,1,5,1,3,2,2,1,0,0,0,0,0,0,1,1,0,0,0,0
1346,1346.png,vis448.png,data/vis2/vis448.png,exact,I,50.2,10,255.06666666666666,15.970806700560454,0,0,0,1,1,1,0,0,0,0,1,1,1,2,4,2,1,0,1,1,0,0,0,0,0,0,0,0,0
1347,1347.png,v490_n7418_20_f4.png,data/science/v490_n7418_20_f4.png,exact,S,77.4,10,220.7111111111111,14.856349185150137,0,1,1,1,0,0,1,0,0,0,0,12,4,3,7,4,1,0,1,0,0,0,0,1,0,1,0,0,1
1348,1348.png,v488_n7413_12_f1.png,data/science/v488_n7413_12_f1.png,exact,S,59.0,10,293.1111111111111,17.12048805119501,0,1,1,0,1,0,0,0,0,0,0,3,2,1,1,1,0,0,0,0,0,0,0,1,0,0,0,0,0
1349,1349.png,whoC09.png,data/government/whoC09.png,exact,G,44.9,10,378.9888888888889,19.467636962119695,0,0,1,1,1,0,1,0,0,0,0,2,0,2,1,1,1,0,0,0,0,0,0,0,0,0,1,0,0
1350,1350.png,whoQ56_1.png,data/government/whoQ56_1.png,exact,G,20.5,10,724.9444444444445,26.92479237514088,0,0,1,1,0,0,0,0,0,0,0,1,1,1,1,1,0,0,1,0,0,0,0,0,0,0,0,0,0
1351,1351.png,v490_n7420_22_f3.png,data/science/v490_n7420_22_f3.png,exact,S,60.5,10,852.2777777777778,29.19379690581165,0,1,1,1,0,0,1,0,0,0,0,1,5,13,8,3,1,0,1,0,0,0,0,1,0,1,0,0,0
1352,1352.png,economist_daily_chart_136.png,data/news/economist_daily_chart_136.png,exact,N,20.9,10,194.1,13.93197760549449,0,0,1,1,0,1,1,0,0,0,1,6,2,1,2,1,1,0,0,0,0,0,0,1,0,0,0,0,0
1353,1353.png,vis879.png,data/vis3/vis879.png,exact,I,56.6,10,288.26666666666665,16.97841767264154,0,0,0,1,1,1,0,0,1,0,1,12,2,4,4,5,1,0,1,1,0,0,0,0,1,1,1,0,0
1354,1354.png,whoQ35_2.png,data/government/whoQ35_2.png,exact,G,38.2,10,437.9555555555555,20.927387690668787,0,1,1,1,0,0,1,0,0,0,0,2,2,1,1,1,0,0,0,0,0,0,0,0,0,1,0,0,0
1355,1355.png,economist_daily_chart_122.png,data/news/economist_daily_chart_122.png,exact,N,35.0,10,479.55555555555554,21.89875694087579,0,0,1,1,0,1,1,0,0,0,0,6,1,2,1,1,0,0,1,0,0,0,0,0,0,0,0,0,0
1356,1356.png,v486_n7401_20_f4.png,data/science/v486_n7401_20_f4.png,exact,S,83.8,10,186.4,13.65283853270081,0,0,0,1,1,0,0,0,0,0,0,15,0,1,4,2,1,0,0,0,1,0,0,0,0,0,1,0,0
1357,1357.png,v487_n7406_14_f1.png,data/science/v487_n7406_14_f1.png,exact,S,39.3,10,518.0111111111112,22.75985744927044,0,0,1,0,0,0,0,0,0,1,0,0,1,2,3,1,1,0,0,0,0,0,1,0,0,0,0,0,0
1358,1358.png,vis845.png,data/vis3/vis845.png,exact,I,50.1,10,264.5444444444444,16.264822299811467,0,0,0,0,0,0,0,0,1,0,1,7,5,3,1,2,1,0,0,0,0,1,0,0,0,0,1,0,0
1359,1359.png,whoN12_2.png,data/government/whoN12_2.png,exact,G,25.8,10,146.84444444444443,12.11793895200188,0,0,0,1,0,1,1,1,0,0,0,7,1,1,1,1,0,0,0,0,0,0,0,0,1,0,0,0,0
1360,1360.png,v487_n7407_12_f3.png,data/science/v487_n7407_12_f3.png,exact,S,62.8,10,176.4,13.281566172707194,0,1,1,1,0,0,1,0,0,0,1,9,7,1,5,3,1,0,0,0,0,0,1,1,0,1,0,0,0
1361,1361.png,vis851.png,data/vis3/vis851.png,exact,I,50.2,10,235.51111111111112,15.346371268515275,0,0,0,1,1,1,0,0,0,0,1,5,3,2,7,5,1,0,1,1,1,0,0,1,1,0,0,0,0
1362,1362.png,v489_n7415_18_f2.png,data/science/v489_n7415_18_f2.png,exact,S,77.4,10,284.0444444444445,16.853618141053406,0,1,1,1,1,0,1,0,0,0,0,12,8,8,4,5,1,1,1,0,1,0,0,1,0,0,1,0,0
1363,1363.png,vis104.png,data/vis2/vis104.png,exact,I,31.3,10,682.4555555555556,26.123850320263966,0,0,0,1,0,0,0,0,0,0,1,6,0,1,1,2,0,0,1,0,0,0,0,0,1,0,0,0,0
1364,1364.png,visMost737.png,data/vis1/visMost737.png,exact,I,52.9,10,242.32222222222222,15.566702355419475,0,0,0,1,1,1,0,0,0,0,1,12,3,3,1,5,1,0,1,0,0,0,0,1,1,1,1,0,0
1365,1365.png,vis662.png,data/vis3/vis662.png,exact,I,53.5,10,569.1666666666666,23.857214143035783,0,0,0,0,0,0,0,0,1,0,1,15,0,7,8,2,1,0,0,0,1,0,0,0,0,0,1,0,0
1366,1366.png,visMost723.png,data/vis1/visMost723.png,exact,I,61.5,10,314.72222222222223,17.740412120980228,0,0,0,1,1,1,0,0,1,0,1,20,5,4,8,3,1,0,1,1,0,0,0,0,1,0,0,0,0
1367,1367.png,vis676.png,data/vis3/vis676.png,exact,I,39.8,10,203.95555555555555,14.281300905574238,0,0,0,1,1,1,0,0,1,0,1,5,3,9,5,3,1,0,1,1,0,0,1,0,0,0,0,0,0
1368,1368.png,vis110.png,data/vis2/vis110.png,exact,I,50.9,10,190.1,13.787675656179326,0,0,0,1,1,1,1,1,0,0,1,10,0,1,1,1,0,0,0,0,0,0,1,0,0,0,0,0,0
1369,1369.png,v489_n7415_7_f5.png,data/science/v489_n7415_7_f5.png,exact,S,56.9,10,735.6555555555556,27.12297099426159,0,0,0,0,0,0,0,0,1,1,0,0,3,1,2,2,1,0,0,0,1,0,0,0,0,0,1,0,0
1370,1370.png,vis138.png,data/vis2/vis138.png,exact,I,41.6,10,489.6,22.126906697502932,0,0,0,1,1,1,0,0,0,0,1,10,0,2,5,2,0,0,0,0,1,0,0,0,0,0,1,0,0
1371,1371.png,v484_n7393_4_f2.png,data/science/v484_n7393_4_f2.png,exact,S,76.6,10,817.8222222222223,28.59759119615186,0,0,0,1,1,0,0,0,0,0,0,12,0,2,3,1,1,0,0,0,1,0,0,0,0,0,0,0,0
1372,1372.png,v483_n7391_15_f2.png,data/science/v483_n7391_15_f2.png,exact,S,83.5,10,270.72222222222223,16.45363857091258,0,1,1,1,0,0,1,0,0,0,0,10,3,4,6,3,1,0,0,0,0,1,0,1,0,1,0,0,0
1373,1373.png,vis886.png,data/vis3/vis886.png,exact,I,48.5,10,184.05555555555554,13.566707616645814,0,0,0,0,0,0,0,0,1,0,1,7,0,0,1,2,1,0,0,0,1,0,0,0,0,0,1,0,0
1374,1374.png,v485_n7397_27_f1.png,data/science/v485_n7397_27_f1.png,exact,S,80.3,10,190.23333333333332,13.792510044706631,0,1,1,0,0,0,0,0,0,0,0,12,4,3,3,3,1,0,0,0,1,0,1,0,0,0,1,0,0
1375,1375.png,vis892.png,data/vis3/vis892.png,exact,I,61.1,10,345.65555555555557,18.591814208289506,0,1,1,1,1,1,0,0,0,0,1,8,7,5,6,3,1,1,1,0,0,0,0,0,1,0,0,0,0
1376,1376.png,v489_n7414_7_f5.png,data/science/v489_n7414_7_f5.png,exact,S,67.1,10,62.32222222222222,7.894442489639292,0,0,1,1,0,0,1,0,0,0,0,4,2,4,2,3,1,0,1,1,0,0,0,1,0,0,0,0,0
1377,1377.png,v486_n7403_19_f3.png,data/science/v486_n7403_19_f3.png,exact,S,65.8,10,84.4,9.186947262284681,0,0,1,1,1,0,0,0,0,0,0,6,4,4,2,2,1,0,1,0,0,0,0,0,0,0,1,0,0
1378,1378.png,v488_n7409_19_f3.png,data/science/v488_n7409_19_f3.png,exact,S,69.5,10,381.1666666666667,19.52349012514583,0,1,1,0,1,0,1,0,0,0,0,7,2,3,3,2,1,0,1,0,1,0,0,0,0,0,0,0,0
1379,1379.png,v485_n7399_16_f2.png,data/science/v485_n7399_16_f2.png,exact,S,78.6,10,434.7111111111111,20.849726883369748,0,0,0,1,1,0,0,0,0,0,0,4,4,4,4,3,1,0,0,0,1,1,0,0,0,0,0,0,1
1380,1380.png,v483_n7388_17_f4.png,data/science/v483_n7388_17_f4.png,exact,S,78.3,10,167.56666666666666,12.944754407352296,0,1,1,0,1,0,1,0,0,0,0,1,3,4,6,3,1,0,1,0,1,0,0,1,0,0,0,0,0
1381,1381.png,economist_daily_chart_46.png,data/news/economist_daily_chart_46.png,exact,N,33.2,10,303.2888888888889,17.41519132507274,0,0,0,1,1,0,0,0,1,0,1,5,1,3,1,2,0,1,0,0,0,0,0,0,0,0,1,0,0
1382,1382.png,visMost680.png,data/vis1/visMost680.png,exact,I,44.6,10,800.0444444444445,28.285056910751383,0,0,0,1,1,1,0,0,0,0,1,8,3,2,1,1,1,0,0,0,0,0,0,0,0,0,1,0,0
1383,1383.png,whoB05_2.png,data/government/whoB05_2.png,exact,G,21.4,10,173.15555555555557,13.15885844424035,0,0,0,1,0,1,1,1,0,0,0,5,1,1,1,1,0,0,0,0,0,0,0,0,1,0,0,0,0
1384,1384.png,whoJ46_2.png,data/government/whoJ46_2.png,exact,G,27.6,10,177.37777777777777,13.318324886327776,0,1,1,1,0,1,1,0,0,0,0,2,1,2,1,1,0,0,1,0,0,0,0,0,0,0,0,0,0
1385,1385.png,v487_n7405_1_f1.png,data/science/v487_n7405_1_f1.png,exact,S,63.3,10,603.1222222222223,24.558546826354004,0,0,1,0,1,0,0,0,0,0,0,2,0,3,6,2,1,0,0,0,1,0,0,1,0,0,0,0,0
1386,1386.png,visMost694.png,data/vis1/visMost694.png,exact,I,66.1,10,260.5444444444444,16.141389173316046,0,0,0,0,0,0,0,0,1,0,1,6,1,1,1,1,0,0,0,0,1,0,0,0,0,0,0,0,0
1387,1387.png,whoQ50_7.png,data/government/whoQ50_7.png,exact,G,34.3,10,233.12222222222223,15.26834051959224,0,0,1,1,0,0,1,0,0,0,0,2,1,2,1,1,0,0,1,0,0,0,0,0,0,0,0,0,0
1388,1388.png,whoB23_1.png,data/government/whoB23_1.png,exact,G,21.7,10,108.67777777777778,10.424863441684874,0,1,1,1,0,1,1,0,0,0,0,3,1,3,1,1,0,0,1,0,0,0,0,0,0,0,0,0,0
1389,1389.png,v487_n7406_16_f4.png,data/science/v487_n7406_16_f4.png,exact,S,70.9,10,504.5444444444444,22.462066789243693,0,0,0,1,1,1,0,0,0,0,1,6,0,0,6,2,0,0,0,0,1,0,0,0,0,0,1,0,0
1390,1390.png,economist_daily_chart_52.png,data/news/economist_daily_chart_52.png,exact,N,33.6,10,398.48888888888894,19.96218647565664,0,0,1,1,0,1,1,1,0,0,0,4,1,2,1,1,0,0,1,0,0,0,0,0,0,0,0,0,0
1391,1391.png,whoJ25_1.png,data/government/whoJ25_1.png,exact,G,23.0,10,290.22222222222223,17.035909785574184,0,1,1,1,0,1,1,0,0,0,0,2,1,2,1,1,0,0,1,0,0,0,0,0,0,0,0,0,0
1392,1392.png,v484_n7393_20_f1.png,data/science/v484_n7393_20_f1.png,exact,S,78.4,10,235.3777777777778,15.342026521218694,0,0,0,0,1,0,0,0,0,0,0,9,0,1,1,1,0,0,0,0,1,0,0,0,0,0,0,0,0
1393,1393.png,v484_n7395_14_f2.png,data/science/v484_n7395_14_f2.png,exact,S,56.6,10,1151.8222222222223,33.938506481903744,0,1,1,1,1,0,1,0,0,1,1,0,8,3,3,3,1,0,1,0,0,0,0,0,0,1,1,0,0
1394,1394.png,vis931.png,data/vis3/vis931.png,exact,I,54.7,10,140.23333333333332,11.84201559420242,0,0,1,1,1,1,1,0,0,0,1,10,4,3,3,2,1,0,1,1,0,0,0,0,0,0,0,0,0
1395,1395.png,v485_n7396_3_f5.png,data/science/v485_n7396_3_f5.png,exact,S,63.8,10,430.40000000000003,20.746083967823903,0,1,1,1,1,0,0,0,0,1,0,0,2,2,8,2,1,0,1,0,0,0,0,0,0,0,1,0,0
1396,1396.png,v487_n7406_18_f1.png,data/science/v487_n7406_18_f1.png,exact,S,78.8,10,342.84444444444443,18.516059095942754,0,0,0,1,1,0,0,0,0,0,0,5,0,0,3,1,1,0,0,0,1,0,0,0,0,0,0,0,0
1397,1397.png,vis925.png,data/vis3/vis925.png,exact,I,61.4,10,593.3777777777777,24.35934682576234,0,0,0,0,0,0,0,0,1,0,1,12,5,2,8,1,0,0,0,0,0,0,0,0,0,0,1,0,0
1398,1398.png,v485_n7397_3_f5.png,data/science/v485_n7397_3_f5.png,exact,S,74.0,10,439.1111111111111,20.95497819400228,0,0,0,1,1,0,0,0,0,0,0,3,0,1,4,1,1,0,0,0,1,0,0,0,0,0,0,0,0
1399,1399.png,economist_daily_chart_85.png,data/news/economist_daily_chart_85.png,exact,N,28.4,10,103.82222222222222,10.189319026422826,0,0,1,1,0,1,1,0,0,0,0,3,2,1,1,1,0,0,1,0,0,0,0,0,0,0,0,0,0
1400,1400.png,wsj117.png,data/news/wsj117.png,exact,N,26.2,10,437.0666666666666,20.90613944913471,0,0,0,1,1,0,0,0,0,0,1,3,0,1,1,1,0,0,0,0,0,0,0,0,1,0,0,0,0
1401,1401.png,visMost125.png,data/vis1/visMost125.png,exact,I,51.5,10,176.27777777777777,13.276964177769623,0,0,0,1,1,1,0,0,0,0,1,9,6,3,2,2,1,1,0,0,0,0,0,0,0,0,1,0,0
1402,1402.png,vis716.png,data/vis3/vis716.png,exact,I,55.7,10,269.56666666666666,16.418485516839446,0,0,1,1,1,1,0,0,1,0,1,4,5,2,5,4,1,1,1,1,0,0,0,0,0,0,0,1,0
1403,1403.png,visMost643.png,data/vis1/visMost643.png,exact,I,69.0,10,91.11111111111111,9.545214042184236,0,0,0,0,0,0,0,0,1,0,1,14,1,4,6,1,1,0,0,0,1,0,0,0,0,0,0,0,0
1404,1404.png,whoK14.png,data/government/whoK14.png,exact,G,51.8,10,165.95555555555555,12.882373832316603,0,0,1,1,0,1,1,0,0,0,1,4,1,3,1,2,0,1,0,0,0,0,0,0,0,0,1,0,0
1405,1405.png,v487_n7408_9_f3.png,data/science/v487_n7408_9_f3.png,exact,S,57.8,10,779.0666666666667,27.91176573896153,0,0,1,0,1,0,0,0,0,0,0,5,2,1,8,2,1,0,0,0,1,0,0,0,0,0,1,0,0
1406,1406.png,visMost657.png,data/vis1/visMost657.png,exact,I,71.3,10,166.23333333333332,12.893150636416737,0,0,0,0,0,0,0,0,1,0,1,5,1,1,1,1,0,0,0,0,0,1,0,0,0,0,0,0,0
1407,1407.png,v484_n7393_8_f2.png,data/science/v484_n7393_8_f2.png,exact,S,72.5,10,116.94444444444444,10.814085465005556,0,1,1,1,1,0,0,0,0,0,0,8,1,1,6,4,1,1,0,0,0,0,1,1,0,0,1,0,0
1408,1408.png,economist_daily_chart_91.png,data/news/economist_daily_chart_91.png,exact,N,32.6,10,648.0444444444445,25.456717079082377,0,0,1,1,0,1,0,0,0,0,1,2,1,2,4,1,1,0,1,0,0,0,0,0,0,0,0,0,0
1409,1409.png,wsj103.png,data/news/wsj103.png,exact,N,54.2,10,278.84444444444443,16.69863600550789,0,0,1,1,1,1,1,0,0,0,1,5,5,2,4,3,1,0,1,0,0,1,0,1,0,0,0,0,0
1410,1410.png,v483_n7389_13_f3.png,data/science/v483_n7389_13_f3.png,exact,S,70.9,10,234.76666666666668,15.322097332502057,0,1,1,0,1,0,1,0,0,0,0,4,2,2,4,3,1,1,0,0,0,0,0,1,0,1,0,0,0
1411,1411.png,whoQ08_2.png,data/government/whoQ08_2.png,exact,G,28.7,10,287.78888888888883,16.96434168745987,0,1,1,1,0,1,1,0,0,0,0,2,2,1,1,2,0,0,0,0,0,0,0,1,0,1,0,0,0
1412,1412.png,visMost119.png,data/vis1/visMost119.png,exact,I,62.4,10,98.26666666666667,9.912954487269003,0,0,0,1,1,1,0,0,1,0,1,7,0,0,5,4,1,1,1,1,0,0,0,0,0,0,0,1,0
1413,1413.png,v486_n7402_13_f1.png,data/science/v486_n7402_13_f1.png,exact,S,52.4,10,618.4888888888889,24.86943684301856,0,1,1,1,0,0,1,0,0,1,0,0,2,2,2,1,1,0,0,0,0,0,0,0,0,1,0,0,0
1414,1414.png,whoK28.png,data/government/whoK28.png,exact,G,15.0,10,489.55555555555554,22.125902367034787,0,1,1,0,0,1,0,0,0,0,0,1,2,0,1,1,0,0,1,0,0,0,0,0,0,0,0,0,0
1415,1415.png,visMost16.png,data/vis1/visMost16.png,exact,I,26.9,10,213.87777777777777,14.62456077213185,0,0,0,0,0,0,0,0,1,0,1,9,0,1,1,1,0,0,0,0,0,1,0,0,0,0,0,0,0
1416,1416.png,v483_n7388_15_f1.png,data/science/v483_n7388_15_f1.png,exact,S,74.9,10,236.98888888888888,15.394443441998444,0,1,1,1,0,0,1,0,0,0,0,5,3,4,7,2,1,0,1,0,0,1,0,0,0,0,0,0,0
1417,1417.png,vis66.png,data/vis2/vis66.png,exact,I,54.9,10,168.1,12.965338406690355,0,0,0,0,0,0,0,0,1,0,1,6,1,1,1,2,1,0,0,0,1,0,0,0,0,0,1,0,0
1418,1418.png,visMost482.png,data/vis1/visMost482.png,exact,I,49.0,10,560.6666666666666,23.678400846904054,0,0,0,0,0,0,0,0,1,0,0,5,1,1,1,2,0,0,0,0,0,0,0,0,1,0,0,1,0
1419,1419.png,v486_n7402_7_f1.png,data/science/v486_n7402_7_f1.png,exact,S,67.6,10,637.3777777777779,25.246341869224892,0,1,1,1,0,0,0,0,0,1,0,0,1,7,4,1,1,0,0,0,0,0,0,0,0,0,1,0,0
1420,1420.png,economist_daily_chart_240.png,data/news/economist_daily_chart_240.png,exact,N,32.4,10,309.82222222222225,17.60176758800724,0,0,1,1,0,1,1,0,0,0,0,5,2,1,1,1,0,0,0,0,0,0,0,1,0,0,0,0,0
1421,1421.png,v485_n7398_24_f4.png,data/science/v485_n7398_24_f4.png,exact,S,63.6,10,376.4888888888889,19.403321594224245,0,1,1,0,1,0,1,0,0,0,0,14,8,6,5,4,1,0,1,1,0,0,0,1,0,0,1,0,0
1422,1422.png,economist_daily_chart_526.png,data/news/economist_daily_chart_526.png,exact,N,24.1,10,155.87777777777777,12.485102233373091,0,0,1,1,0,1,1,0,0,0,1,5,1,2,1,1,0,0,1,0,0,0,0,0,0,0,0,0,0
1423,1423.png,whoP15_2.png,data/government/whoP15_2.png,exact,G,27.9,10,282.9888888888889,16.82227359452012,0,1,1,0,1,1,0,0,0,0,0,1,2,1,1,2,0,0,0,0,0,0,0,1,0,1,0,0,0
1424,1424.png,np_37.png,data/news/np_37.png,exact,N,58.3,10,411.1222222222222,20.276149097454926,0,0,0,0,1,1,0,0,1,0,0,4,0,1,1,2,0,0,0,0,1,0,0,0,1,0,0,0,0
1425,1425.png,v488_n7409_7_f4.png,data/science/v488_n7409_7_f4.png,exact,S,50.5,10,760.7222222222222,27.581193270455543,0,1,1,1,0,0,1,0,0,0,0,3,2,4,4,1,1,0,0,0,0,0,0,1,0,0,0,0,0
1426,1426.png,v486_n7404_11_f3.png,data/science/v486_n7404_11_f3.png,exact,S,66.6,10,884.2666666666667,29.736621641784843,0,0,0,0,0,0,0,0,1,0,0,2,0,0,4,2,1,0,0,0,1,0,0,0,0,0,1,0,0
1427,1427.png,v489_n7417_15_f1.png,data/science/v489_n7417_15_f1.png,exact,S,43.3,10,650.0111111111111,25.495315473849526,0,0,0,1,1,0,0,0,0,0,1,2,0,0,6,1,1,0,0,0,1,0,0,0,0,0,0,0,0
1428,1428.png,v486_n7403_7_f1.png,data/science/v486_n7403_7_f1.png,exact,S,75.5,10,151.38888888888889,12.304019216861168,0,1,1,1,1,0,1,0,0,0,0,8,5,3,4,3,1,0,1,1,1,0,0,0,0,0,0,0,0
1429,1429.png,economist_daily_chart_532.png,data/news/economist_daily_chart_532.png,exact,N,46.9,10,272.5444444444444,16.50892014773966,0,0,0,0,0,0,0,0,1,0,1,3,2,3,1,1,0,0,0,0,0,0,0,0,0,0,1,0,0
1430,1430.png,v483_n7387_14_f1.png,data/science/v483_n7387_14_f1.png,exact,S,78.7,10,115.12222222222222,10.729502421930954,0,1,1,1,1,0,1,0,0,0,1,4,2,2,12,3,1,0,1,0,1,0,0,0,0,1,0,0,0
1431,1431.png,np_23.png,data/news/np_23.png,exact,N,84.8,10,148.17777777777778,12.172829489390615,0,0,0,0,0,0,0,0,1,0,1,8,0,1,1,1,0,0,0,0,1,0,0,0,0,0,0,0,0
1432,1432.png,economist_daily_chart_254.png,data/news/economist_daily_chart_254.png,exact,N,32.8,10,115.28888888888889,10.737266360153729,0,0,1,1,0,1,1,0,0,0,1,4,1,2,1,1,0,0,1,0,0,0,0,0,0,0,0,0,0
1433,1433.png,whoQ52_5.png,data/government/whoQ52_5.png,exact,G,29.3,10,446.0111111111111,21.11897514348438,0,1,1,1,0,0,1,0,0,0,0,4,1,1,1,1,0,0,0,0,0,0,0,1,0,0,0,0,0
1434,1434.png,vis72.png,data/vis2/vis72.png,exact,I,47.5,10,417.1666666666667,20.424658299875343,0,0,1,1,1,1,0,0,0,0,1,2,1,2,2,2,1,0,1,0,0,0,0,0,1,0,0,0,0
1435,1435.png,v486_n7403_23_f2.png,data/science/v486_n7403_23_f2.png,exact,S,74.3,10,226.01111111111112,15.033665923889327,0,1,1,1,0,0,1,0,0,0,0,2,6,9,11,3,1,0,1,0,0,0,0,1,0,0,1,0,0
1436,1436.png,visMost496.png,data/vis1/visMost496.png,exact,I,62.0,10,234.22222222222223,15.304320377665329,0,0,0,1,1,1,0,0,1,0,1,10,2,0,2,2,0,0,0,0,0,0,0,0,1,0,1,0,0
1437,1437.png,v489_n7416_13_f3.png,data/science/v489_n7416_13_f3.png,exact,S,28.9,10,290.5444444444445,17.045364309525464,0,1,1,1,0,1,1,0,0,0,0,2,1,4,2,1,1,0,1,0,0,0,0,0,0,0,0,0,0
1438,1438.png,v490_n7419_7_f3.png,data/science/v490_n7419_7_f3.png,exact,S,39.3,10,420.0111111111111,20.49417261347994,0,1,1,0,0,0,0,0,0,1,0,0,3,0,1,2,0,0,0,0,0,0,0,1,0,1,0,0,0
1439,1439.png,v486_n7403_9_f4.png,data/science/v486_n7403_9_f4.png,exact,S,68.2,10,491.9555555555556,22.180071135042727,0,0,0,1,1,0,0,0,0,0,0,4,0,3,4,1,1,0,0,0,1,0,0,0,0,0,0,0,0
1440,1440.png,v489_n7417_6_f2.png,data/science/v489_n7417_6_f2.png,exact,S,56.1,10,565.8777777777777,23.788185676460863,0,1,1,0,1,0,0,0,0,1,0,0,2,1,1,1,0,0,0,0,0,0,0,1,0,0,0,0,0
1441,1441.png,treasuryA6.png,data/government/treasuryA6.png,exact,G,34.4,10,296.4888888888889,17.218852716975334,0,0,1,1,1,1,1,0,0,0,1,8,3,3,3,2,1,0,1,0,0,0,0,1,0,0,0,0,0
1442,1442.png,vis299.png,data/vis2/vis299.png,exact,I,50.5,10,576.5,24.01041440708594,0,0,1,1,0,1,1,0,0,0,1,12,7,6,6,4,1,1,1,0,1,1,0,0,0,0,0,0,0
1443,1443.png,v487_n7405_11_f5.png,data/science/v487_n7405_11_f5.png,exact,S,67.3,10,657.7888888888889,25.647395362665755,0,0,0,1,1,1,0,0,0,0,0,1,0,1,2,2,1,0,0,0,1,0,0,0,0,0,1,0,0
1444,1444.png,economist_daily_chart_268.png,data/news/economist_daily_chart_268.png,exact,N,25.2,10,251.51111111111112,15.859101838096352,0,0,0,1,1,1,0,0,0,0,1,9,0,0,1,1,0,1,0,0,0,0,0,0,0,0,0,0,0
1445,1445.png,wsj498.png,data/news/wsj498.png,exact,N,46.2,10,399.2888888888889,19.982214313956522,0,0,1,1,1,1,1,0,0,0,1,6,4,5,4,2,1,0,1,0,0,0,0,1,0,0,0,0,0
1446,1446.png,v489_n7416_6_f2.png,data/science/v489_n7416_6_f2.png,exact,S,65.5,10,402.27777777777777,20.056863607697434,0,0,0,0,1,0,0,0,0,0,1,4,0,0,1,1,0,0,0,0,1,0,0,0,0,0,0,0,0
1447,1447.png,economist_daily_chart_283.png,data/news/economist_daily_chart_283.png,exact,N,30.3,10,254.23333333333332,15.944696087832257,0,0,1,1,0,1,1,0,0,0,1,10,1,1,1,1,0,0,0,0,0,0,0,1,0,0,0,0,0
1448,1448.png,wsj473.png,data/news/wsj473.png,exact,N,49.7,10,189.7888888888889,13.77638881887735,0,0,0,1,1,1,1,0,0,0,1,5,1,1,1,1,0,0,0,0,0,0,0,0,1,0,0,0,0
1449,1449.png,visMost441.png,data/vis1/visMost441.png,exact,I,48.3,10,673.3444444444444,25.948881371736324,0,0,0,0,0,0,0,0,1,0,1,2,0,0,1,1,0,0,0,0,1,0,0,0,0,0,0,0,0
1450,1450.png,vis514.png,data/vis3/vis514.png,exact,I,46.0,10,379.77777777777777,19.48788797632462,0,0,0,1,1,1,0,0,0,0,1,6,8,7,6,5,1,1,1,1,0,1,0,0,0,0,1,0,0
1451,1451.png,whoI02.png,data/government/whoI02.png,exact,G,35.8,10,606.6222222222223,24.629702032753507,0,0,0,0,0,1,0,0,1,1,0,0,0,1,1,1,0,0,0,0,1,0,0,0,0,0,0,0,0
1452,1452.png,vis272.png,data/vis2/vis272.png,exact,I,52.1,10,420.9888888888889,20.518013765686213,0,0,0,1,1,1,0,0,0,0,1,7,6,5,7,3,1,0,1,0,1,0,0,0,0,0,1,0,0
1453,1453.png,visMost327.png,data/vis1/visMost327.png,exact,I,48.6,10,558.9333333333334,23.641770943254937,0,0,0,1,0,1,0,0,1,0,1,14,0,0,1,1,0,0,0,0,1,0,0,0,0,0,0,0,0
1454,1454.png,wsj315.png,data/news/wsj315.png,exact,N,24.9,10,449.43333333333334,21.199842766712525,0,0,1,1,1,1,0,0,0,0,1,6,3,1,3,2,1,0,0,0,1,0,0,1,0,0,0,0,0
1455,1455.png,wsj301.png,data/news/wsj301.png,exact,N,45.7,10,684.4555555555555,26.162101512599396,0,0,1,1,1,1,0,0,0,0,1,6,2,1,2,2,1,0,1,0,0,0,0,0,1,0,0,0,0
1456,1456.png,visMost333.png,data/vis1/visMost333.png,exact,I,42.7,10,468.0111111111111,21.633564456906104,0,0,1,1,1,0,0,0,0,0,1,5,7,15,7,4,1,0,1,1,1,1,0,0,0,0,0,0,0
1457,1457.png,visMost455.png,data/vis1/visMost455.png,exact,I,39.6,10,472.7111111111111,21.74192059389214,0,0,0,1,1,0,0,0,1,0,1,7,5,4,1,2,1,0,0,0,0,0,0,0,1,0,1,0,0
1458,1458.png,vis500.png,data/vis2/vis500.png,exact,I,36.5,10,160.27777777777777,12.660086009888628,0,0,0,1,0,1,0,0,1,0,1,5,8,5,1,1,0,0,0,0,1,0,0,0,0,0,0,0,0
1459,1459.png,whoI16.png,data/government/whoI16.png,exact,G,19.6,10,242.04444444444445,15.557777619070292,0,1,1,0,1,1,0,0,1,1,0,0,1,1,1,1,0,0,1,0,0,0,0,0,0,0,0,0,0
1460,1460.png,economist_daily_chart_297.png,data/news/economist_daily_chart_297.png,exact,N,15.1,10,184.1,13.568345514468593,0,0,0,1,1,1,1,1,0,0,1,8,1,1,1,1,0,0,0,0,0,0,0,0,1,0,0,0,0
1461,1461.png,wsj467.png,data/news/wsj467.png,exact,N,43.3,10,168.45555555555555,12.979042936809924,0,0,0,1,1,1,0,0,0,0,1,3,0,1,1,1,0,0,0,0,0,0,0,0,1,0,0,0,0
1462,1462.png,v490_n7419_24_f3.png,data/science/v490_n7419_24_f3.png,exact,S,69.6,10,715.3777777777777,26.74654702532231,0,1,1,1,0,0,1,0,0,0,0,9,6,2,3,3,1,0,0,0,1,1,0,0,0,1,0,0,0
1463,1463.png,v482_n7386_5_f4.png,data/science/v482_n7386_5_f4.png,exact,S,71.7,10,295.56666666666666,17.192052427405713,0,0,0,1,1,0,0,0,0,0,0,9,0,0,4,2,1,0,0,0,1,0,0,0,0,0,1,0,0
1464,1464.png,vis528.png,data/vis3/vis528.png,exact,I,40.2,10,323.9555555555556,17.99876538975814,0,0,0,1,1,1,0,0,1,0,1,5,4,3,4,3,1,0,1,1,0,0,0,0,0,0,1,0,0
1465,1465.png,v488_n7412_18_f3.png,data/science/v488_n7412_18_f3.png,exact,S,71.1,10,173.65555555555554,13.177843357528406,0,1,1,0,1,0,0,1,0,0,0,12,6,4,4,4,1,0,0,1,1,0,0,1,0,1,0,0,0
1466,1466.png,wsj329.png,data/news/wsj329.png,exact,N,40.6,10,473.6,21.762352813976708,0,0,0,1,1,1,0,0,0,0,1,6,0,1,2,2,0,0,0,0,1,0,0,0,0,0,1,0,0
1467,1467.png,v484_n7392_10_f2.png,data/science/v484_n7392_10_f2.png,exact,S,33.5,10,354.05555555555554,18.81636403653893,0,1,1,0,1,0,0,0,0,0,0,9,5,2,2,2,1,0,0,0,0,0,0,1,0,1,0,0,0
1468,1468.png,v490_n7418_22_f1.png,data/science/v490_n7418_22_f1.png,exact,S,69.8,10,501.06666666666666,22.38451845956635,0,0,0,0,1,0,0,0,0,0,0,10,0,0,8,1,1,0,0,0,1,0,0,0,0,0,0,0,0
1469,1469.png,v488_n7413_10_f4.png,data/science/v488_n7413_10_f4.png,exact,S,56.2,10,59.06666666666667,7.685484153042453,0,1,1,1,1,0,0,1,0,0,0,9,8,5,7,3,1,0,1,0,1,0,0,1,0,0,0,0,0
1470,1470.png,visMost469.png,data/vis1/visMost469.png,exact,I,47.9,10,416.9888888888889,20.42030579812381,0,0,1,0,0,1,1,0,0,0,1,7,2,2,2,3,1,0,1,1,0,0,0,0,0,0,1,0,0
1471,1471.png,v489_n7414_24_f1.png,data/science/v489_n7414_24_f1.png,exact,S,38.3,10,328.4555555555556,18.123342836120372,0,0,0,1,1,0,0,0,0,0,0,8,0,1,1,2,0,0,0,0,1,0,0,0,1,0,0,0,0
1472,1472.png,v484_n7395_22_f3.png,data/science/v484_n7395_22_f3.png,exact,S,41.4,10,409.6,20.23857702507763,0,1,1,0,1,0,0,0,1,1,0,4,6,7,7,2,1,0,1,0,0,0,0,0,0,0,1,0,0
1473,1473.png,vis5.png,data/vis2/vis5.png,exact,I,44.0,10,454.6666666666667,21.322914122292634,0,0,0,0,1,0,0,0,1,0,1,12,3,1,1,2,1,0,1,0,0,0,0,0,0,0,1,0,0
1474,1474.png,wsj366.png,data/news/wsj366.png,exact,N,28.6,10,537.1555555555556,23.1766165683336,0,0,1,1,1,1,0,0,0,0,1,5,3,2,2,2,1,0,1,0,0,0,0,1,0,0,0,0,0
1475,1475.png,whoQ48_1.png,data/government/whoQ48_1.png,exact,G,10.9,10,352.98888888888894,18.78799853334274,0,0,1,1,0,0,0,0,0,0,0,1,1,1,1,1,0,0,1,0,0,0,0,0,0,0,0,0,0
1476,1476.png,visMost354.png,data/vis1/visMost354.png,exact,I,29.4,10,312.4888888888889,17.677355257189603,0,0,0,1,0,0,1,0,0,0,1,9,0,1,1,1,0,0,0,0,0,0,0,0,0,0,0,0,1
1477,1477.png,whoN17.png,data/government/whoN17.png,exact,G,20.9,10,249.65555555555557,15.800492256748065,0,0,0,1,0,1,1,1,0,0,0,5,1,1,1,1,0,0,0,0,0,0,0,0,1,0,0,0,0
1478,1478.png,vis201.png,data/vis2/vis201.png,exact,I,11.1,10,98.32222222222222,9.915756260730808,0,0,0,1,0,1,1,0,0,0,1,5,1,1,1,1,1,0,1,0,0,0,0,0,0,0,0,0,0
1479,1479.png,vis567.png,data/vis3/vis567.png,exact,I,78.3,10,588.4555555555555,24.258102884511715,0,1,1,1,1,1,0,0,0,0,0,20,1,2,1,1,0,0,0,0,1,0,0,0,0,0,0,0,0
1480,1480.png,visMost432.png,data/vis1/visMost432.png,exact,I,30.7,10,379.5666666666666,19.482470753645867,0,0,1,0,1,1,0,0,1,0,1,9,2,10,9,4,1,0,1,1,0,1,0,0,0,0,0,1,0
1481,1481.png,v483_n7390_1_f5.png,data/science/v483_n7390_1_f5.png,exact,S,57.8,10,564.4,23.757104200638594,0,1,0,1,0,0,1,0,0,0,0,14,3,0,2,2,1,0,0,0,0,0,1,0,0,1,0,0,0
1482,1482.png,wsj400.png,data/news/wsj400.png,exact,N,21.2,10,169.51111111111112,13.019643278950124,0,0,1,0,1,1,0,0,0,0,0,3,3,2,1,1,0,0,1,0,0,0,0,0,0,0,0,0,0
1483,1483.png,wsj414.png,data/news/wsj414.png,exact,N,8.9,10,45.65555555555556,6.756889488185785,0,0,1,1,1,1,1,0,0,0,1,3,2,2,2,1,1,0,1,0,0,0,0,0,0,0,0,0,0
1484,1484.png,vis573.png,data/vis3/vis573.png,exact,I,17.7,10,196.45555555555552,14.016260398392843,0,0,0,0,1,1,0,0,1,0,1,2,0,3,1,1,0,0,0,0,1,0,0,0,0,0,0,0,0
1485,1485.png,visMost426.png,data/vis1/visMost426.png,exact,I,39.4,10,343.6,18.536450577173614,0,0,0,1,1,1,0,0,1,0,1,15,1,15,2,2,0,0,0,0,1,0,0,0,0,0,1,0,0
1486,1486.png,whoA01_1.png,data/government/whoA01_1.png,exact,G,37.9,10,187.65555555555557,13.69874284580726,0,0,0,1,1,1,0,0,0,0,0,4,0,4,1,1,0,0,0,0,1,0,0,0,0,0,0,0,0
1487,1487.png,visMost340.png,data/vis1/visMost340.png,exact,I,15.3,10,198.45555555555555,14.087425440993664,0,0,0,1,1,0,0,0,0,0,0,2,1,1,1,1,0,0,0,0,1,0,0,0,0,0,0,0,0
1488,1488.png,whoN03.png,data/government/whoN03.png,exact,G,17.0,10,192.66666666666666,13.880441875771343,0,0,0,0,0,1,0,0,1,0,1,2,3,1,1,1,0,0,0,0,0,0,0,0,0,0,1,0,0
1489,1489.png,vis215.png,data/vis2/vis215.png,exact,I,45.9,10,434.5444444444444,20.84572964528813,0,1,0,0,1,0,1,0,1,0,1,3,9,3,8,6,1,1,0,1,1,0,0,1,1,0,1,0,0
1490,1490.png,wsj372.png,data/news/wsj372.png,exact,N,19.8,10,214.84444444444443,14.657572938397559,0,1,0,0,0,1,0,0,1,0,1,5,3,1,2,1,1,0,1,0,0,0,0,0,0,0,0,0,0
1491,1491.png,visMost368.png,data/vis1/visMost368.png,exact,I,50.1,10,670.1,25.88628980754098,0,0,1,0,0,1,0,0,1,1,1,0,4,4,7,4,1,0,1,1,0,1,0,0,1,0,0,0,0
1492,1492.png,v489_n7416_21_f1.png,data/science/v489_n7416_21_f1.png,exact,S,37.5,10,312.72222222222223,17.68395380626805,0,0,1,1,1,0,1,0,0,0,0,5,2,2,4,3,1,1,0,0,0,1,0,1,0,0,0,0,0
1493,1493.png,v489_n7414_1_f3.png,data/science/v489_n7414_1_f3.png,exact,S,40.7,10,440.9,20.997618912629118,0,1,1,1,1,0,0,0,1,0,0,15,4,2,2,3,1,1,0,0,0,1,0,0,0,0,1,0,0
1494,1494.png,v488_n7411_15_f4.png,data/science/v488_n7411_15_f4.png,exact,S,56.4,10,223.3777777777778,14.945828106123052,0,0,1,0,0,1,0,0,1,1,0,0,7,3,7,4,1,0,1,0,1,1,0,1,0,0,0,0,0
1495,1495.png,v483_n7388_11_f2.png,data/science/v483_n7388_11_f2.png,exact,S,32.1,10,398.9888888888889,19.97470622784948,0,1,1,0,1,0,0,0,0,1,0,0,1,1,1,1,0,0,1,0,0,0,0,0,0,0,0,0,0
1496,1496.png,v489_n7415_1_f3.png,data/science/v489_n7415_1_f3.png,exact,S,82.3,10,165.7888888888889,12.875903420299831,0,1,1,1,1,0,1,0,0,0,0,10,14,0,13,5,1,0,0,0,1,1,1,1,0,1,0,0,0
1497,1497.png,v486_n7402_17_f2.png,data/science/v486_n7402_17_f2.png,exact,S,53.2,10,322.84444444444443,17.967872563117883,0,0,1,0,1,0,0,0,0,0,0,7,1,7,3,3,1,0,1,0,1,0,1,0,0,0,0,0,0
1498,1498.png,wsj428.png,data/news/wsj428.png,exact,N,24.5,10,495.8333333333333,22.26731535981231,0,0,0,1,1,0,0,0,0,0,1,4,1,1,1,1,0,1,0,0,0,0,0,0,0,0,0,0,0
1499,1499.png,v484_n7393_2_f4.png,data/science/v484_n7393_2_f4.png,exact,S,76.9,10,424.5444444444445,20.604476320558224,0,0,0,1,1,1,0,1,1,0,0,12,2,6,12,3,1,0,1,0,1,0,0,0,0,0,1,0,0
1500,1500.png,v485_n7398_18_f3.png,data/science/v485_n7398_18_f3.png,exact,S,68.2,10,451.5111111111111,21.248790815270198,0,1,0,1,0,0,0,1,0,0,0,5,15,0,6,4,1,0,1,0,0,1,1,0,0,1,0,0,0
1501,1501.png,v483_n7391_13_f4.png,data/science/v483_n7391_13_f4.png,exact,S,27.3,10,203.56666666666666,14.267679091802796,0,0,1,0,0,1,0,0,1,0,0,4,0,0,1,1,0,0,0,0,0,0,0,0,0,0,0,0,1
1502,1502.png,vis229.png,data/vis2/vis229.png,exact,I,48.2,10,528.8444444444444,22.996618108853408,0,0,0,1,0,1,0,0,1,0,1,7,2,4,1,3,1,0,0,0,1,0,0,0,0,0,1,1,0
1503,1503.png,visMost397.png,data/vis1/visMost397.png,exact,I,50.9,10,510.3222222222222,22.590312574690554,0,1,0,1,1,1,0,1,0,0,1,16,3,3,34,2,1,0,0,1,0,0,0,0,0,0,0,1,0
1504,1504.png,economist_daily_chart_233.png,data/news/economist_daily_chart_233.png,exact,N,33.5,10,406.05555555555554,20.150820220416726,0,1,0,1,0,0,0,1,1,0,0,3,4,0,2,2,1,0,1,0,0,0,0,1,0,0,0,0,0
1505,1505.png,whoQ10_4.png,data/government/whoQ10_4.png,exact,G,18.2,10,138.6222222222222,11.773793875477105,0,0,1,0,0,1,1,0,0,0,1,3,4,0,1,1,0,0,0,0,0,0,0,1,0,0,0,0,0
1506,1506.png,whoJ20_2.png,data/government/whoJ20_2.png,exact,G,16.5,10,130.94444444444446,11.443095929181249,0,1,0,0,0,1,1,0,1,0,0,2,5,2,1,1,0,0,1,0,0,0,0,0,0,0,0,0,0
1507,1507.png,v484_n7394_16_f3.png,data/science/v484_n7394_16_f3.png,exact,S,58.6,10,358.93333333333334,18.945535973767893,0,1,0,0,0,0,1,0,0,0,0,6,3,2,6,2,1,0,1,0,0,0,0,1,0,0,0,0,0
1508,1508.png,economist_daily_chart_227.png,data/news/economist_daily_chart_227.png,exact,N,16.8,10,149.95555555555555,12.24563414264674,0,1,1,1,0,1,0,0,0,0,0,3,1,1,1,1,0,0,1,0,0,0,0,0,0,0,0,0,0
1509,1509.png,np_50.png,data/news/np_50.png,exact,N,75.9,10,351.2111111111111,18.740627287023003,0,0,0,1,1,0,0,1,1,0,0,4,4,3,2,2,1,0,1,0,0,0,0,0,1,0,0,0,0
1510,1510.png,whoJ43_1.png,data/government/whoJ43_1.png,exact,G,6.9,10,163.43333333333337,12.784104713797262,0,0,1,1,1,0,1,0,0,0,0,3,3,0,1,1,0,0,0,1,0,0,0,0,0,0,0,0,0
1511,1511.png,v487_n7408_23_f4.png,data/science/v487_n7408_23_f4.png,exact,S,51.8,10,759.5111111111112,27.55922914580724,0,0,0,0,1,0,1,0,0,0,0,6,0,0,3,1,0,0,0,0,1,0,0,0,0,0,0,0,0
1512,1512.png,visMost383.png,data/vis1/visMost383.png,exact,I,53.7,10,434.9,20.854256160314133,0,1,0,1,1,1,1,0,0,0,1,4,3,5,6,2,1,0,0,1,0,0,0,1,0,0,0,0,0
1513,1513.png,wsj399.png,data/news/wsj399.png,exact,N,28.1,10,401.43333333333334,20.03580129002415,0,0,1,1,1,0,0,1,0,0,1,4,0,0,1,1,0,0,0,0,1,0,0,0,0,0,0,0,0
1514,1514.png,v490_n7419_18_f4.png,data/science/v490_n7419_18_f4.png,exact,S,44.5,10,466.94444444444446,21.608897344483925,0,0,1,0,1,0,1,0,0,0,0,4,4,3,6,4,1,0,1,0,1,0,0,1,0,1,0,0,0
1515,1515.png,vis29.png,data/vis2/vis29.png,exact,I,42.9,10,629.8777777777777,25.097365952979562,0,0,1,1,0,1,1,0,0,0,1,8,0,6,8,2,1,0,0,1,1,0,0,0,0,0,0,0,0
1516,1516.png,vis598.png,data/vis3/vis598.png,exact,I,25.3,10,408.4555555555556,20.210283411064665,0,1,0,1,1,0,0,0,1,0,1,4,0,0,1,1,0,0,0,0,0,0,0,0,0,0,1,0,0
1517,1517.png,v488_n7410_4_f1.png,data/science/v488_n7410_4_f1.png,exact,S,73.7,10,656.0111111111111,25.612713856815546,0,0,1,0,0,0,1,0,0,0,0,9,5,0,4,2,1,0,0,0,0,0,1,0,0,1,0,0,0
1518,1518.png,v484_n7395_10_f1.png,data/science/v484_n7395_10_f1.png,exact,S,48.8,10,192.84444444444446,13.88684429395118,0,0,0,1,0,1,0,0,1,0,0,5,3,12,3,2,1,0,0,0,1,0,0,0,1,0,0,0,0
1519,1519.png,wsj602.png,data/news/wsj602.png,exact,N,22.8,10,298.62222222222226,17.28068928666395,0,0,0,1,0,1,1,0,0,0,1,6,0,20,2,2,1,0,0,0,1,0,0,0,0,0,0,1,0
1520,1520.png,visMost630.png,data/vis1/visMost630.png,exact,I,34.0,10,532.8888888888889,23.08438625757438,0,0,0,0,1,0,0,1,0,0,1,5,5,2,6,1,1,0,0,0,0,0,0,0,0,0,1,0,0
1521,1521.png,vis765.png,data/vis3/vis765.png,exact,I,37.9,10,625.6555555555556,25.013107674888293,0,0,1,1,1,0,1,0,0,0,1,9,5,6,8,3,1,0,1,1,0,0,0,0,1,0,0,0,0
1522,1522.png,whoL15.png,data/government/whoL15.png,exact,G,32.8,10,616.1777777777778,24.822928469013842,0,0,0,0,1,0,0,0,0,0,0,6,0,5,1,1,0,0,0,0,1,0,0,0,0,0,0,0,0
1523,1523.png,visMost156.png,data/vis1/visMost156.png,exact,I,27.1,10,207.65555555555557,14.41025869148627,0,0,0,1,1,0,0,0,0,0,1,8,1,6,1,1,0,0,0,0,1,0,0,0,0,0,0,0,0
1524,1524.png,v484_n7394_20_f2.png,data/science/v484_n7394_20_f2.png,exact,S,61.4,10,771.3777777777777,27.77368858790236,0,0,1,0,0,1,1,0,0,0,0,5,0,0,4,1,1,0,0,0,1,0,0,0,0,0,0,0,0
1525,1525.png,wsj164.png,data/news/wsj164.png,exact,N,32.2,10,379.73333333333335,19.48674763354145,0,0,0,1,0,1,1,0,0,0,1,3,0,3,1,1,0,0,0,0,1,0,0,0,0,0,0,0,0
1526,1526.png,wsj170.png,data/news/wsj170.png,exact,N,27.2,10,765.7333333333332,27.67188705768606,0,1,0,1,0,0,1,0,0,0,1,2,1,1,1,1,0,0,0,0,0,0,0,1,0,0,0,0,0
1527,1527.png,visMost624.png,data/vis1/visMost624.png,exact,I,50.4,10,282.26666666666665,16.80079363204806,0,0,1,1,0,1,0,0,1,0,0,5,3,0,3,3,1,0,0,0,1,0,0,1,1,0,0,0,0
1528,1528.png,visMost59.png,data/vis1/visMost59.png,exact,I,27.1,10,249.43333333333334,15.793458561484668,0,1,0,1,1,0,0,1,0,0,1,12,0,0,1,1,1,0,0,0,0,0,0,0,0,0,1,0,0
1529,1529.png,vis771.png,data/vis3/vis771.png,exact,I,63.1,10,910.5444444444445,30.175228987440086,0,0,1,1,0,1,0,0,1,0,1,1,5,0,10,2,1,0,1,0,0,0,1,0,0,0,0,0,0
1530,1530.png,visMost71.png,data/vis1/visMost71.png,exact,I,49.3,10,478.6777777777778,21.878706035270408,0,0,0,1,1,0,0,1,0,0,1,7,2,16,7,2,1,0,1,0,1,0,0,0,0,0,0,0,0
1531,1531.png,vis981.png,data/vis3/vis981.png,exact,I,58.8,10,501.06666666666666,22.38451845956635,0,0,1,1,1,0,1,1,0,0,1,7,0,6,1,1,1,0,0,0,0,0,0,0,0,0,0,0,1
1532,1532.png,vis759.png,data/vis3/vis759.png,exact,I,49.2,10,398.40000000000003,19.959959919799438,0,0,1,0,0,1,0,0,1,0,0,4,7,0,3,3,1,0,1,0,0,1,0,0,0,0,0,1,0
1533,1533.png,v489_n7414_20_f2.png,data/science/v489_n7414_20_f2.png,exact,S,59.1,10,739.6555555555556,27.19660926578083,0,1,0,0,0,0,1,0,0,0,0,2,2,0,2,1,1,0,0,0,0,0,0,0,0,1,0,0,0
1534,1534.png,v485_n7400_15_f1.png,data/science/v485_n7400_15_f1.png,exact,S,33.4,10,542.4888888888889,23.2913908749325,0,1,0,0,0,0,1,0,0,0,0,8,1,1,6,2,0,0,1,0,0,1,0,0,0,0,0,0,0
1535,1535.png,wsj158.png,data/news/wsj158.png,exact,N,22.9,10,381.8777777777778,19.541693319100517,0,0,0,1,1,1,1,0,0,0,1,10,2,3,3,1,1,0,0,1,0,0,0,0,0,0,0,0,0
1536,1536.png,v488_n7413_7_f3.png,data/science/v488_n7413_7_f3.png,exact,S,60.5,10,282.94444444444446,16.82095254272018,0,0,1,1,0,0,0,0,0,0,0,5,3,4,5,2,1,0,1,0,0,0,1,0,0,0,0,0,0
1537,1537.png,v488_n7412_7_f3.png,data/science/v488_n7412_7_f3.png,exact,S,51.0,10,1022.2222222222222,31.97221015541813,0,0,1,0,0,0,0,0,0,0,1,5,0,0,9,1,1,0,0,0,1,0,0,0,0,0,0,0,0
1538,1538.png,v482_n7386_1_f7.png,data/science/v482_n7386_1_f7.png,exact,S,61.5,10,1074.7222222222222,32.78295627642849,0,0,0,0,0,0,0,0,1,1,0,0,0,0,1,1,1,0,0,0,0,0,0,0,0,0,0,1,0
1539,1539.png,visMost618.png,data/vis1/visMost618.png,exact,I,39.8,10,437.06666666666666,20.906139449134713,0,0,1,1,1,0,0,1,0,0,1,3,6,14,4,3,1,0,1,1,0,0,0,0,0,0,0,1,0
1540,1540.png,v487_n7407_22_f4.png,data/science/v487_n7407_22_f4.png,exact,S,53.6,10,852.4888888888889,29.197412366319192,0,0,1,0,0,0,0,0,1,0,0,5,0,0,2,2,0,0,0,0,1,0,0,0,0,0,0,0,1
1541,1541.png,visMost65.png,data/vis1/visMost65.png,exact,I,9.1,10,158.1,12.573782247199924,0,0,0,1,0,0,0,0,1,0,1,2,0,0,1,1,0,0,0,0,0,0,0,0,0,0,0,0,1
1542,1542.png,treasuryD14.png,data/government/treasuryD14.png,exact,G,34.7,10,704.2333333333333,26.53739499900722,0,0,0,1,0,1,0,0,1,0,0,3,10,1,1,1,0,0,0,0,0,0,0,0,0,0,1,0,0
1543,1543.png,economist_daily_chart_35.png,data/news/economist_daily_chart_35.png,exact,N,32.8,10,478.6222222222222,21.87743637225857,0,0,1,1,0,1,1,0,0,0,0,3,2,3,1,1,0,0,1,0,0,0,0,0,0,0,0,0,0
1544,1544.png,v486_n7403_3_f2.png,data/science/v486_n7403_3_f2.png,exact,S,77.6,10,331.6,18.20988742414406,0,1,0,0,1,0,1,0,0,0,0,8,2,16,7,2,1,1,1,0,0,0,0,0,0,0,0,0,0
1545,1545.png,v483_n7387_10_f2.png,data/science/v483_n7387_10_f2.png,exact,S,38.4,10,477.82222222222225,21.859145047833465,0,1,0,0,1,0,1,0,0,1,0,0,2,2,2,1,1,0,0,0,0,0,0,1,0,0,0,0,0
1546,1546.png,visMost195.png,data/vis1/visMost195.png,exact,I,45.7,10,1124.4555555555555,33.53290258172644,0,0,0,1,1,0,0,1,1,0,0,7,2,3,2,3,1,0,1,1,0,0,0,0,0,0,1,0,0
1547,1547.png,visMost181.png,data/vis1/visMost181.png,exact,I,16.3,10,449.12222222222226,21.192503915824158,0,0,1,0,1,0,1,0,0,0,1,6,0,4,1,1,0,0,0,0,1,0,0,0,0,0,0,0,0
1548,1548.png,v485_n7399_2_f3.png,data/science/v485_n7399_2_f3.png,exact,S,31.4,10,285.15555555555557,16.886549545586735,0,1,1,0,1,0,1,0,0,0,0,4,5,2,3,2,1,1,1,0,0,0,0,0,0,0,0,0,0
1549,1549.png,v489_n7417_11_f2.png,data/science/v489_n7417_11_f2.png,exact,S,65.6,10,510.93333333333334,22.60383448296623,0,1,1,0,0,0,1,0,0,0,0,1,9,7,1,1,1,0,0,0,0,0,0,0,0,1,0,0,0
1550,1550.png,economist_daily_chart_21.png,data/news/economist_daily_chart_21.png,exact,N,43.2,10,358.84444444444443,18.9431899226198,0,0,1,0,1,0,1,0,0,0,1,5,5,9,4,3,1,0,1,0,0,0,0,0,1,0,1,0,0
1551,1551.png,v483_n7389_21_f1.png,data/science/v483_n7389_21_f1.png,exact,S,66.2,10,575.2888888888889,23.985180609886783,0,1,1,0,0,0,0,1,0,0,0,5,9,6,11,5,1,0,1,0,1,0,1,1,0,1,0,0,0
1552,1552.png,v489_n7416_2_f1.png,data/science/v489_n7416_2_f1.png,exact,S,50.4,10,450.26666666666665,21.21948789831335,0,1,1,0,1,0,1,0,0,0,0,3,9,2,12,1,1,0,1,0,0,0,0,0,0,0,0,0,0
1553,1553.png,visMost817.png,data/vis1/visMost817.png,exact,I,44.3,10,441.7888888888889,21.018774676200536,0,0,0,1,1,1,0,0,0,0,1,10,2,2,5,2,1,0,0,0,1,0,0,0,0,0,1,0,0
1554,1554.png,vis942.png,data/vis3/vis942.png,exact,I,31.7,10,434.01111111111106,20.832933329493258,0,1,1,1,1,1,0,0,0,0,1,5,4,2,6,5,1,0,1,1,0,1,0,0,0,1,1,0,0
1555,1555.png,v486_n7402_21_f3.png,data/science/v486_n7402_21_f3.png,exact,S,66.4,10,124.04444444444445,11.137524161340547,0,0,1,0,1,0,1,0,0,0,0,5,2,2,7,3,1,0,1,0,1,0,0,0,0,0,0,1,0
1556,1556.png,visMost803.png,data/vis1/visMost803.png,exact,I,39.7,10,362.67777777777775,19.044100865564058,0,0,1,1,1,1,1,0,0,0,1,7,3,4,8,3,1,0,0,1,0,0,0,1,0,0,1,0,0
1557,1557.png,v486_n7404_7_f3.png,data/science/v486_n7404_7_f3.png,exact,S,75.6,10,507.37777777777774,22.525047786359472,0,0,0,1,1,0,1,1,0,0,0,7,7,0,6,3,1,1,0,0,1,0,0,1,0,0,0,0,0
1558,1558.png,vis956.png,data/vis3/vis956.png,exact,I,32.1,10,562.7666666666667,23.722703612081542,0,0,0,1,1,1,0,0,0,0,0,6,1,1,3,1,0,0,0,0,1,0,0,0,0,0,0,0,0
1559,1559.png,economist_daily_chart_186.png,data/news/economist_daily_chart_186.png,exact,N,40.1,10,420.5444444444445,20.507180314330014,0,0,0,0,1,0,1,1,0,0,1,4,3,2,1,1,0,0,0,0,0,0,0,0,1,0,0,0,0
1560,1560.png,treasuryD06_1.png,data/government/treasuryD06_1.png,exact,G,33.2,10,484.6222222222222,22.01413687206978,0,0,0,1,0,1,0,0,1,0,0,3,4,1,1,1,0,0,0,0,0,0,0,0,0,0,1,0,0
1561,1561.png,vis611.png,data/vis3/vis611.png,exact,I,27.5,10,314.5,17.7341478509682,0,0,0,1,1,1,0,0,0,0,1,4,1,0,1,2,0,0,0,0,1,0,0,0,0,0,0,1,0
1562,1562.png,whoJ07.png,data/government/whoJ07.png,exact,G,39.3,10,657.7888888888889,25.647395362665755,0,1,1,1,1,1,0,1,0,0,0,7,2,3,4,3,1,0,1,0,0,0,0,0,1,1,0,0,0
1563,1563.png,visMost744.png,data/vis1/visMost744.png,exact,I,50.7,10,544.0111111111111,23.324045770644318,0,1,1,1,1,1,0,0,0,0,1,6,8,2,13,4,1,0,1,1,1,1,0,0,0,0,0,0,0
1564,1564.png,v484_n7392_18_f1.png,data/science/v484_n7392_18_f1.png,exact,S,64.1,10,475.2111111111111,21.799337400735627,0,1,1,0,1,0,1,0,0,0,0,5,6,3,8,5,1,0,1,0,1,0,0,1,0,1,1,0,0
1565,1565.png,vis177.png,data/vis2/vis177.png,exact,I,37.9,10,471.2111111111111,21.70739761259076,0,0,0,1,1,1,0,0,0,0,1,4,1,1,1,1,0,0,0,0,1,0,0,0,0,0,0,0,0
1566,1566.png,whoH01_2.png,data/government/whoH01_2.png,exact,G,21.8,10,561.9555555555556,23.705601775857865,0,1,1,1,1,0,1,0,0,0,1,5,2,1,1,1,1,0,1,0,0,0,0,0,0,0,0,0,0
1567,1567.png,vis163.png,data/vis2/vis163.png,exact,I,77.0,10,399.1111111111111,19.977765418362264,0,0,0,0,1,0,0,0,0,0,1,6,1,1,1,1,0,0,0,0,0,0,0,0,0,0,0,0,1
1568,1568.png,vis605.png,data/vis3/vis605.png,exact,I,61.9,10,986.3222222222222,31.40576734012755,0,0,0,1,1,1,1,0,0,0,1,9,6,3,7,3,1,0,1,1,0,0,0,0,0,0,1,0,0
1569,1569.png,v485_n7400_19_f1.png,data/science/v485_n7400_19_f1.png,exact,S,46.7,10,315.1222222222222,17.7516822364029,0,1,1,1,0,0,1,0,0,0,0,4,2,2,2,2,1,0,1,0,0,0,0,0,0,0,1,0,0
1570,1570.png,economist_daily_chart_192.png,data/news/economist_daily_chart_192.png,exact,N,12.4,10,527.6,22.969545054266966,0,0,1,1,1,1,1,0,0,0,1,2,2,2,2,1,1,0,1,0,0,0,0,0,0,0,0,0,0
1571,1571.png,v485_n7400_17_f4.png,data/science/v485_n7400_17_f4.png,exact,S,45.8,10,1050.8444444444444,32.416730933955144,0,0,0,0,1,0,0,0,0,0,0,6,0,1,2,1,1,0,0,0,1,0,0,0,0,0,0,0,0
1572,1572.png,visMost778.png,data/vis1/visMost778.png,exact,I,38.9,10,373.65555555555557,19.330172155352255,0,0,0,0,1,1,0,0,0,0,0,3,0,0,1,1,0,0,0,0,1,0,0,0,0,0,0,0,0
1573,1573.png,v488_n7413_5_f6.png,data/science/v488_n7413_5_f6.png,exact,S,61.0,10,388.22222222222223,19.70335560817553,0,0,1,1,0,1,0,0,0,0,0,13,2,2,14,1,1,0,0,0,0,1,0,0,0,0,0,0,0
1574,1574.png,v488_n7412_5_f6.png,data/science/v488_n7412_5_f6.png,exact,S,50.4,10,981.8222222222222,31.33404254516519,0,0,1,0,1,0,0,0,0,0,0,4,4,1,3,3,1,0,0,0,1,1,0,1,0,0,0,0,0
1575,1575.png,v482_n7386_3_f2.png,data/science/v482_n7386_3_f2.png,exact,S,59.8,10,473.73333333333335,21.76541599265526,0,0,1,0,0,0,1,0,0,0,0,4,1,5,3,2,1,0,0,0,0,0,1,0,0,0,1,0,0
1576,1576.png,v487_n7407_20_f1.png,data/science/v487_n7407_20_f1.png,exact,S,17.7,10,426.01111111111106,20.640036606341354,0,1,1,1,0,0,0,0,0,0,0,4,4,0,2,1,1,0,1,0,0,0,0,0,0,0,0,0,0
1577,1577.png,vis639.png,data/vis3/vis639.png,exact,I,61.1,10,796.5444444444445,28.223118970879963,0,0,0,1,0,1,0,0,0,0,1,6,0,2,1,1,0,0,0,0,1,0,0,0,0,0,0,0,0
1578,1578.png,visMost787.png,data/vis1/visMost787.png,exact,I,56.4,10,592.9333333333334,24.350222449360363,0,0,1,0,1,1,0,0,0,0,1,7,1,1,5,2,1,0,0,0,1,0,0,0,0,0,1,0,0
1579,1579.png,v486_n7403_1_f7.png,data/science/v486_n7403_1_f7.png,exact,S,23.7,10,566.2333333333332,23.795657867210423,0,1,1,0,0,0,0,0,0,1,0,0,2,0,1,2,0,0,0,0,0,1,0,1,0,0,0,0,0
1580,1580.png,treasuryG07_1.png,data/government/treasuryG07_1.png,exact,G,20.3,10,261.7888888888889,16.179891498056744,0,0,0,1,0,1,0,0,1,1,0,0,3,1,1,1,0,0,0,0,0,0,0,0,0,0,1,0,0
1581,1581.png,economist_daily_chart_145.png,data/news/economist_daily_chart_145.png,exact,N,29.7,10,366.67777777777775,19.14883228235544,0,0,1,1,1,1,0,0,0,0,0,6,1,1,5,2,0,0,0,1,0,0,0,0,0,0,1,0,0
1582,1582.png,v483_n7390_21_f2.png,data/science/v483_n7390_21_f2.png,exact,S,63.9,10,301.8777777777778,17.374630291830034,0,0,0,0,1,0,0,0,0,0,0,10,1,1,2,1,0,0,0,0,1,0,0,0,0,0,0,0,0
1583,1583.png,v486_n7403_25_f4.png,data/science/v486_n7403_25_f4.png,exact,S,52.1,10,302.76666666666665,17.400191569826656,0,1,1,1,0,0,1,0,0,0,0,11,2,3,12,1,1,0,1,0,0,0,0,0,0,0,0,0,0
1584,1584.png,treasuryB06.png,data/government/treasuryB06.png,exact,G,33.5,10,151.61111111111111,12.313046378175919,0,0,1,1,1,1,0,0,0,0,0,5,3,1,2,3,1,1,0,0,0,0,0,1,0,1,0,0,0
1585,1585.png,treasuryB12.png,data/government/treasuryB12.png,exact,G,29.8,10,469.2888888888889,21.663076625652437,0,0,1,1,1,1,0,0,0,0,0,4,3,1,2,2,1,1,1,0,0,0,0,0,0,0,0,0,0
1586,1586.png,v485_n7398_22_f2.png,data/science/v485_n7398_22_f2.png,exact,S,46.2,10,201.95555555555555,14.211106767439176,0,0,1,1,0,0,1,1,0,0,1,2,3,2,5,1,1,0,0,0,0,0,1,0,0,0,0,0,0
1587,1587.png,v486_n7402_1_f7.png,data/science/v486_n7402_1_f7.png,exact,S,48.8,10,158.62222222222223,12.594531441154222,0,1,1,0,0,0,1,0,0,0,0,8,7,1,2,3,1,0,0,0,0,1,1,1,0,0,0,0,0
1588,1588.png,economist_daily_chart_151.png,data/news/economist_daily_chart_151.png,exact,N,42.5,10,324.05555555555554,18.001543143729528,0,1,1,1,1,1,1,1,0,0,1,6,3,3,2,2,1,0,1,0,0,0,0,0,0,1,0,0,0
1589,1589.png,visMost793.png,data/vis1/visMost793.png,exact,I,20.0,10,171.77777777777777,13.106402167558333,0,0,0,1,0,1,0,0,0,0,1,7,0,2,2,2,1,0,0,0,1,0,0,0,0,0,1,0,0
1590,1590.png,v488_n7409_1_f2.png,data/science/v488_n7409_1_f2.png,exact,S,83.1,10,262.09999999999997,16.189502771858066,0,0,1,0,0,0,1,1,0,0,0,6,4,3,2,3,1,0,0,0,0,1,1,0,0,0,1,0,0
1591,1591.png,economist_daily_chart_179.png,data/news/economist_daily_chart_179.png,exact,N,9.4,10,120.26666666666668,10.966616007988366,0,0,1,1,0,1,0,0,0,0,0,6,1,1,1,1,0,0,1,0,0,0,0,0,0,0,0,0,0
1592,1592.png,vis836.png,data/vis3/vis836.png,exact,I,57.2,10,699.0666666666666,26.439868885201882,0,0,0,0,1,0,0,1,1,0,1,12,7,7,19,4,1,0,0,1,1,1,0,0,0,0,1,0,0
1593,1593.png,vis188.png,data/vis2/vis188.png,exact,I,29.0,10,789.3333333333334,28.095076674273972,0,0,0,1,1,1,1,0,0,0,1,6,1,1,1,1,0,0,0,0,0,0,0,0,1,0,0,0,0
1594,1594.png,v490_n7420_9_f5.png,data/science/v490_n7420_9_f5.png,exact,S,60.0,10,240.0,15.491933384829668,0,1,1,0,1,0,0,0,0,0,0,6,8,1,4,3,1,0,0,0,1,0,1,1,0,0,0,0,0
1595,1595.png,v485_n7397_15_f3.png,data/science/v485_n7397_15_f3.png,exact,S,19.4,10,216.04444444444445,14.698450409633134,0,0,0,0,0,1,0,0,1,1,0,0,4,0,1,1,0,0,0,0,0,0,0,0,0,0,1,0,0
1596,1596.png,v487_n7405_17_f3.png,data/science/v487_n7405_17_f3.png,exact,S,79.3,10,269.1222222222222,16.40494505392268,0,1,1,0,1,0,1,0,0,0,0,6,11,4,14,5,1,0,1,1,1,0,0,0,0,1,1,0,0
1597,1597.png,v482_n7386_12_f1.png,data/science/v482_n7386_12_f1.png,exact,S,72.4,10,287.6,16.95877354056006,0,1,1,0,0,0,1,1,0,0,0,3,3,5,5,3,1,0,1,0,0,0,1,0,0,0,0,1,0
1598,1598.png,vis822.png,data/vis3/vis822.png,exact,I,55.3,10,761.7888888888889,27.600523344474627,0,0,1,1,1,1,1,0,0,0,1,7,9,3,8,4,1,0,1,0,1,0,0,0,1,0,1,0,0
1599,1599.png,v490_n7419_1_f5.png,data/science/v490_n7419_1_f5.png,exact,S,49.4,10,706.7111111111111,26.584038653130023,0,0,0,0,1,0,0,0,0,0,0,2,0,1,1,1,0,0,0,0,1,0,0,0,0,0,0,0,0
1600,1600.png,v486_n7401_2_f5.png,data/science/v486_n7401_2_f5.png,exact,S,71.5,10,489.6111111111111,22.127157772997215,0,0,0,1,1,0,1,0,0,0,0,3,0,2,4,1,1,0,0,0,1,0,0,0,0,0,0,0,0
1601,1601.png,wsj212.png,data/news/wsj212.png,exact,N,33.8,10,474.4,21.78072542409917,0,1,1,1,1,1,1,0,0,0,1,3,3,2,2,2,1,0,1,0,0,0,0,0,1,0,0,0,0
1602,1602.png,vis375.png,data/vis2/vis375.png,exact,I,64.2,10,241.51111111111112,15.540627757948233,0,0,1,1,1,1,1,0,0,0,1,7,9,8,13,5,1,0,1,0,1,0,0,0,1,1,1,0,0
1603,1603.png,v486_n7404_21_f4.png,data/science/v486_n7404_21_f4.png,exact,S,76.9,10,147.8777777777778,12.160500720684892,0,1,1,0,1,0,1,0,0,0,0,5,13,4,17,4,1,0,1,0,0,1,0,1,0,1,0,0,0
1604,1604.png,visMost220.png,data/vis1/visMost220.png,exact,I,59.7,10,534.2333333333333,23.113488125623388,0,0,0,1,0,0,0,0,1,0,1,5,0,1,1,1,1,0,0,0,1,0,0,0,0,0,0,0,0
1605,1605.png,visMost546.png,data/vis1/visMost546.png,exact,I,42.0,10,387.55555555555554,19.686430746977866,0,1,1,1,1,1,0,0,0,0,1,8,3,1,3,3,1,0,0,1,0,0,0,1,1,0,0,0,0
1606,1606.png,whoH05.png,data/government/whoH05.png,exact,G,7.8,10,110.62222222222222,10.517709932405543,0,1,1,1,1,0,1,0,0,0,1,4,1,1,1,1,1,0,1,0,0,0,0,0,0,0,0,0,0
1607,1607.png,vis413.png,data/vis2/vis413.png,exact,I,61.8,10,279.06666666666666,16.705288583758936,0,0,0,1,1,1,1,0,0,0,1,19,18,3,20,3,1,0,0,0,1,0,0,0,1,0,1,0,0
1608,1608.png,wsj574.png,data/news/wsj574.png,exact,N,20.0,10,347.1111111111111,18.63091814997616,0,0,0,1,1,1,0,0,0,0,1,3,0,1,1,1,0,0,0,0,1,0,0,0,0,0,0,0,0
1609,1609.png,treasuryD04_3.png,data/government/treasuryD04_3.png,exact,G,13.1,10,154.32222222222222,12.42264956529895,0,0,0,1,0,0,0,0,1,0,1,2,1,1,1,1,0,0,0,0,0,0,0,0,0,0,1,0,0
1610,1610.png,economist_daily_chart_384.png,data/news/economist_daily_chart_384.png,exact,N,29.9,10,402.76666666666665,20.06904747781186,0,0,0,1,1,1,0,0,0,0,1,9,2,1,2,1,0,0,0,1,0,0,0,0,0,0,0,0,0
1611,1611.png,wsj560.png,data/news/wsj560.png,exact,N,29.5,10,572.0555555555555,23.917682905238866,0,0,0,1,1,1,0,0,0,0,1,7,1,1,2,2,0,0,0,0,1,1,0,0,0,0,0,0,0
1612,1612.png,economist_daily_chart_390.png,data/news/economist_daily_chart_390.png,exact,N,26.4,10,226.93333333333334,15.064306599818437,0,1,1,1,0,1,1,0,0,0,1,7,2,1,1,1,0,0,0,0,0,0,0,1,0,0,0,0,0
1613,1613.png,visMost552.png,data/vis1/visMost552.png,exact,I,54.4,10,238.04444444444445,15.42868900601877,0,1,1,1,1,1,1,0,0,0,1,6,12,4,10,6,1,1,1,1,1,0,0,1,0,0,1,0,0
1614,1614.png,vis407.png,data/vis2/vis407.png,exact,I,61.6,10,443.6,21.06181378704123,0,0,0,0,0,1,0,0,0,0,0,2,2,0,2,2,1,0,0,0,0,1,0,0,1,0,0,0,0
1615,1615.png,vis361.png,data/vis2/vis361.png,exact,I,49.4,10,584.2666666666667,24.17160869008653,0,0,0,1,0,1,0,0,0,0,1,2,8,0,5,2,1,0,0,0,1,0,0,0,0,0,1,0,0
1616,1616.png,visMost234.png,data/vis1/visMost234.png,exact,I,57.8,10,418.84444444444443,20.465689444639885,0,0,0,1,1,1,0,0,0,0,1,12,0,3,13,2,0,0,0,1,1,0,0,0,0,0,0,0,0
1617,1617.png,v483_n7390_17_f3.png,data/science/v483_n7390_17_f3.png,exact,S,84.8,10,127.95555555555555,11.311744142949642,0,1,1,1,1,0,1,0,0,0,0,6,5,4,14,4,1,0,1,0,1,0,0,1,0,0,1,0,0
1618,1618.png,wsj206.png,data/news/wsj206.png,exact,N,48.6,10,334.7111111111111,18.29511167255098,0,0,1,1,1,1,1,0,0,0,1,4,6,3,5,3,1,0,1,1,0,0,0,1,0,0,0,0,0
1619,1619.png,v488_n7411_19_f4.png,data/science/v488_n7411_19_f4.png,exact,S,67.4,10,359.59999999999997,18.963122105813692,0,1,1,0,1,0,1,0,0,0,0,4,4,2,7,2,1,0,1,0,1,0,0,0,0,0,0,0,0
1620,1620.png,v483_n7387_1_f3.png,data/science/v483_n7387_1_f3.png,exact,S,77.6,10,203.15555555555557,14.253264733230614,0,1,1,0,1,0,1,0,0,0,0,2,6,2,10,3,1,0,0,0,1,0,0,1,0,1,0,0,0
1621,1621.png,vis349.png,data/vis2/vis349.png,exact,I,51.7,10,349.56666666666666,18.696702026471584,0,0,0,1,1,1,0,0,0,0,1,7,2,2,1,1,1,0,0,0,1,0,0,0,0,0,0,0,0
1622,1622.png,v488_n7411_17_f1.png,data/science/v488_n7411_17_f1.png,exact,S,76.4,10,138.93333333333334,11.78699848703364,0,1,1,1,1,0,1,0,0,0,0,2,4,3,12,4,1,0,0,0,0,1,0,1,0,1,1,0,0
1623,1623.png,wsj548.png,data/news/wsj548.png,exact,N,31.7,10,314.9,17.745421944828475,0,0,0,1,1,1,1,0,0,0,1,1,1,1,1,1,0,0,0,0,0,0,0,0,1,0,0,0,0
1624,1624.png,v489_n7414_3_f6.png,data/science/v489_n7414_3_f6.png,exact,S,70.5,10,366.72222222222223,19.149992747315135,0,1,1,0,0,0,0,0,0,0,0,7,2,3,6,3,1,0,1,0,0,1,0,0,0,0,1,0,0
1625,1625.png,v487_n7405_21_f2.png,data/science/v487_n7405_21_f2.png,exact,S,57.8,10,288.1777777777778,16.97579976842852,0,1,1,0,0,0,0,0,0,0,0,4,4,1,2,2,0,0,0,0,1,0,0,1,0,0,0,0,0
1626,1626.png,v485_n7397_23_f2.png,data/science/v485_n7397_23_f2.png,exact,S,63.0,10,419.3333333333333,20.477630071210225,0,0,1,0,0,0,0,0,0,0,0,4,0,2,3,1,1,0,0,0,0,0,0,0,0,0,1,0,0
1627,1627.png,v483_n7391_11_f1.png,data/science/v483_n7391_11_f1.png,exact,S,67.6,10,381.3777777777778,19.528895969249717,0,1,1,0,1,0,1,1,0,0,0,7,5,1,5,2,1,1,0,0,1,0,0,0,0,0,0,0,0
1628,1628.png,wsj16.png,data/news/wsj16.png,exact,N,34.0,10,769.1111111111111,27.73285255993532,0,0,1,1,1,1,0,0,0,0,1,4,2,1,2,1,1,0,0,0,0,0,0,1,0,0,0,0,0
1629,1629.png,visMost208.png,data/vis1/visMost208.png,exact,I,72.9,10,315.8777777777778,17.772950733566383,0,0,1,1,1,1,1,0,0,0,1,10,4,1,16,4,1,0,1,0,1,1,0,0,0,1,0,0,0
1630,1630.png,whoQ30_1.png,data/government/whoQ30_1.png,exact,G,64.4,10,553.3777777777777,23.52398303386945,0,1,1,1,0,1,1,0,0,0,0,2,1,1,1,1,0,0,0,0,0,0,0,0,0,1,0,0,0
1631,1631.png,economist_daily_chart_421.png,data/news/economist_daily_chart_421.png,exact,N,36.8,10,355.9555555555556,18.866784451929153,0,1,1,1,1,1,0,0,0,0,1,7,1,2,1,1,0,0,1,0,0,0,0,0,0,0,0,0,0
1632,1632.png,v488_n7410_8_f1.png,data/science/v488_n7410_8_f1.png,exact,S,45.8,10,247.95555555555555,15.746604572273844,0,1,1,0,0,0,1,0,0,0,0,3,4,2,3,2,1,0,0,0,0,1,0,1,0,0,0,0,0
1633,1633.png,economist_daily_chart_347.png,data/news/economist_daily_chart_347.png,exact,N,30.0,10,223.33333333333334,14.944341180973263,0,0,1,1,1,1,0,0,0,0,1,4,3,1,2,1,1,0,1,0,0,0,0,0,0,0,0,0,0
1634,1634.png,visMost585.png,data/vis1/visMost585.png,exact,I,53.8,10,225.06666666666666,15.002222057637551,0,0,1,1,0,1,0,0,0,0,1,7,7,3,12,4,1,0,1,0,1,0,0,1,0,0,1,0,0
1635,1635.png,visMost591.png,data/vis1/visMost591.png,exact,I,49.1,10,199.2111111111111,14.114216631152829,0,0,1,1,1,1,0,0,0,0,1,7,12,7,12,3,1,1,1,1,0,0,0,0,0,0,0,0,0
1636,1636.png,whoQ53_2.png,data/government/whoQ53_2.png,exact,G,5.0,10,90.88888888888889,9.533566430716728,0,0,1,1,0,0,0,0,0,1,0,0,1,1,1,1,0,0,1,0,0,0,0,0,0,0,0,0,0
1637,1637.png,v487_n7408_21_f1.png,data/science/v487_n7408_21_f1.png,exact,S,68.1,10,459.43333333333334,21.434396033789554,0,1,1,1,0,0,1,0,0,0,1,3,2,9,4,2,1,0,0,0,0,0,0,1,0,0,1,0,0
1638,1638.png,economist_daily_chart_353.png,data/news/economist_daily_chart_353.png,exact,N,29.0,10,258.44444444444446,16.076207402383325,0,1,1,1,1,1,1,0,0,0,1,4,3,2,2,1,1,0,1,0,0,0,0,0,0,0,0,0,0
1639,1639.png,economist_daily_chart_435.png,data/news/economist_daily_chart_435.png,exact,N,12.5,10,176.05555555555554,13.268592824996762,0,1,1,1,0,1,0,0,0,0,1,4,1,2,2,1,1,0,1,0,0,0,0,0,0,0,0,0,0
1640,1640.png,v489_n7415_12_f4.png,data/science/v489_n7415_12_f4.png,exact,S,31.0,10,233.55555555555554,15.2825245151302,0,1,1,1,1,0,0,0,0,0,0,4,2,3,2,2,1,0,1,0,0,0,0,0,1,0,0,0,0
1641,1641.png,v488_n7411_8_f1.png,data/science/v488_n7411_8_f1.png,exact,S,61.5,10,489.6111111111111,22.127157772997215,0,1,1,0,1,0,0,0,0,0,0,6,2,2,2,2,0,0,0,0,1,0,0,1,0,0,0,0,0
1642,1642.png,v487_n7405_9_f2.png,data/science/v487_n7405_9_f2.png,exact,S,70.6,10,360.26666666666665,18.980691943832465,0,0,0,0,1,0,0,0,0,0,1,4,2,1,2,2,0,1,0,0,0,0,0,1,0,0,0,0,0
1643,1643.png,v488_n7411_6_f4.png,data/science/v488_n7411_6_f4.png,exact,S,45.8,10,461.73333333333335,21.48798113675022,0,1,1,0,1,0,1,0,0,0,0,4,3,2,1,1,0,0,0,0,0,0,0,1,0,0,0,0,0
1644,1644.png,whoF22.png,data/government/whoF22.png,exact,G,41.0,10,415.1111111111111,20.374275719914834,0,0,0,1,0,1,0,0,1,0,1,2,2,1,1,1,1,0,0,0,0,0,0,0,0,0,1,0,0
1645,1645.png,whoQ13.png,data/government/whoQ13.png,exact,G,35.0,10,567.1111111111111,23.814094799322334,0,0,0,1,0,1,1,0,0,0,0,2,0,1,1,1,0,0,0,0,0,0,0,0,1,0,0,0,0
1646,1646.png,whoQ07.png,data/government/whoQ07.png,exact,G,16.8,10,147.73333333333332,12.15456018675021,0,0,0,1,0,1,0,0,1,0,0,1,7,1,1,1,0,0,0,0,0,0,0,0,0,0,1,0,0
1647,1647.png,v484_n7395_12_f4.png,data/science/v484_n7395_12_f4.png,exact,S,68.4,10,663.8222222222222,25.764747664633205,0,1,1,0,1,0,1,0,0,0,0,9,2,1,4,1,1,0,0,0,0,0,0,0,0,1,0,0,0
1648,1648.png,v485_n7396_5_f3.png,data/science/v485_n7396_5_f3.png,exact,S,63.7,10,259.56666666666666,16.111072796889307,0,1,1,0,0,0,1,0,0,1,0,0,5,4,5,2,1,0,1,0,0,0,0,0,0,0,1,0,0
1649,1649.png,economist_daily_chart_409.png,data/news/economist_daily_chart_409.png,exact,N,22.8,10,184.4,13.579396157414365,0,0,1,1,0,1,1,0,0,0,1,3,1,2,1,1,0,0,1,0,0,0,0,0,0,0,0,0,0
1650,1650.png,v488_n7413_20_f3.png,data/science/v488_n7413_20_f3.png,exact,S,70.4,10,629.1555555555556,25.082973419344757,0,1,1,1,1,0,0,0,0,1,0,0,2,6,4,2,1,0,1,0,0,0,0,0,0,0,1,0,0
1651,1651.png,v488_n7413_20_f2.png,data/science/v488_n7413_20_f2.png,exact,S,78.5,10,126.72222222222223,11.257096527178854,0,1,1,0,0,0,1,0,0,1,0,0,4,5,10,2,1,0,1,0,0,0,0,0,0,0,1,0,0
1652,1652.png,economist_daily_chart_408.png,data/news/economist_daily_chart_408.png,exact,N,29.4,10,70.93333333333334,8.422192905255336,0,0,1,1,1,1,1,0,0,0,0,2,1,2,1,1,0,0,1,0,0,0,0,0,0,0,0,0,0
1653,1653.png,v485_n7396_5_f2.png,data/science/v485_n7396_5_f2.png,exact,S,78.2,10,243.06666666666666,15.59059545580818,0,1,1,0,0,0,1,0,0,1,0,0,9,4,12,2,1,0,1,0,0,0,0,0,0,0,1,0,0
1654,1654.png,v485_n7400_21_f4.png,data/science/v485_n7400_21_f4.png,exact,S,65.9,10,560.1,23.666431923718456,0,1,1,0,1,0,1,0,0,0,0,3,6,5,11,3,1,0,1,0,1,0,0,1,0,0,0,0,0
1655,1655.png,v488_n7411_6_f5.png,data/science/v488_n7411_6_f5.png,exact,S,26.2,10,339.06666666666666,18.413762968678256,0,1,1,0,0,0,0,0,0,1,0,0,2,0,1,2,0,0,0,0,0,0,0,1,0,1,0,0,0
1656,1656.png,v487_n7405_9_f3.png,data/science/v487_n7405_9_f3.png,exact,S,70.7,10,373.34444444444443,19.322123186763,0,1,1,0,1,0,0,0,0,0,0,5,6,1,3,3,1,1,0,0,0,0,0,1,0,1,0,0,0
1657,1657.png,v484_n7392_20_f4.png,data/science/v484_n7392_20_f4.png,exact,S,79.6,10,201.82222222222222,14.20641482648674,0,1,1,0,1,0,0,0,0,0,0,7,2,3,9,3,1,0,1,0,1,0,0,0,0,0,1,0,0
1658,1658.png,v485_n7397_5_f2.png,data/science/v485_n7397_5_f2.png,exact,S,39.5,10,448.27777777777777,21.172571354886912,0,1,1,0,0,0,0,0,0,1,0,0,2,0,1,1,0,0,0,0,0,0,0,1,0,0,0,0,0
1659,1659.png,economist_daily_chart_352.png,data/news/economist_daily_chart_352.png,exact,N,26.9,10,373.43333333333334,19.324423234170105,0,0,0,1,0,1,0,0,1,0,1,2,2,3,1,1,0,0,0,0,0,0,0,0,0,0,1,0,0
1660,1660.png,whoC04_1.png,data/government/whoC04_1.png,exact,G,16.1,10,337.43333333333334,18.36935854441666,0,1,1,1,0,0,0,0,0,0,0,3,2,1,1,1,1,0,1,0,0,0,0,0,0,0,0,0,0
1661,1661.png,visMost590.png,data/vis1/visMost590.png,exact,I,46.6,10,300.4888888888889,17.33461533720575,0,0,0,1,1,1,0,0,0,0,1,8,1,2,1,1,1,0,0,0,1,0,0,0,0,0,0,0,0
1662,1662.png,v489_n7415_12_f5.png,data/science/v489_n7415_12_f5.png,exact,S,18.1,10,219.87777777777777,14.828276291524169,0,1,1,0,0,0,1,0,0,0,0,2,1,2,1,1,0,0,1,0,0,0,0,0,0,0,0,0,0
1663,1663.png,economist_daily_chart_434.png,data/news/economist_daily_chart_434.png,exact,N,17.8,10,377.95555555555563,19.441079073846588,0,0,1,1,1,1,0,0,0,0,1,2,1,2,1,1,0,0,1,0,0,0,0,0,0,0,0,0,0
1664,1664.png,economist_daily_chart_420.png,data/news/economist_daily_chart_420.png,exact,N,29.2,10,188.62222222222223,13.73398056727263,0,1,1,1,1,1,0,0,0,0,1,2,2,1,1,1,0,0,0,0,0,0,0,0,0,1,0,0,0
1665,1665.png,whoK24_2.png,data/government/whoK24_2.png,exact,G,37.6,10,393.3777777777778,19.833753496950035,0,0,1,1,1,1,1,0,0,0,0,3,1,3,1,1,0,0,1,0,0,0,0,0,0,0,0,0,0
1666,1666.png,visMost584.png,data/vis1/visMost584.png,exact,I,42.4,10,739.6,27.195587877448062,0,0,0,1,1,1,0,0,0,0,1,10,3,3,5,4,1,0,0,1,1,1,0,0,0,0,1,0,0
1667,1667.png,treasuryG05_2.png,data/government/treasuryG05_2.png,exact,G,32.1,10,247.65555555555557,15.737075826072504,0,1,1,1,1,1,1,0,0,0,0,6,3,1,1,1,0,0,0,0,0,0,0,1,0,0,0,0,0
1668,1668.png,v487_n7405_21_f3.png,data/science/v487_n7405_21_f3.png,exact,S,79.8,10,381.73333333333335,19.537997167911897,0,0,0,0,1,0,0,0,0,0,0,5,1,0,3,1,1,0,0,0,1,0,0,0,0,0,0,0,0
1669,1669.png,visMost209.png,data/vis1/visMost209.png,exact,I,55.0,10,752.8888888888889,27.438820836342238,0,0,1,1,1,1,0,0,0,0,1,7,1,2,3,2,0,0,0,0,1,0,0,0,0,0,1,0,0
1670,1670.png,wsj17.png,data/news/wsj17.png,exact,N,61.9,10,533.8777777777777,23.105795328829903,0,0,0,1,1,1,0,0,0,0,0,3,2,1,3,2,1,1,0,0,1,0,0,0,0,0,0,0,0
1671,1671.png,v487_n7408_1_f1.png,data/science/v487_n7408_1_f1.png,exact,S,88.1,10,181.2111111111111,13.461467643281363,0,1,1,0,1,0,1,0,0,0,0,6,6,5,8,3,1,0,1,0,0,1,0,0,0,0,1,0,0
1672,1672.png,vis348.png,data/vis2/vis348.png,exact,I,48.1,10,820.9888888888889,28.652903672907026,0,0,1,1,1,1,0,0,0,0,0,5,8,3,10,5,1,0,1,1,1,0,0,0,1,0,1,0,0
1673,1673.png,v489_n7414_3_f7.png,data/science/v489_n7414_3_f7.png,exact,S,71.4,10,699.1555555555556,26.441549794888264,0,1,1,0,1,0,1,0,0,0,0,6,4,3,3,3,1,0,1,0,0,1,0,0,0,1,0,0,0
1674,1674.png,wsj549.png,data/news/wsj549.png,exact,N,10.2,10,114.17777777777778,10.685400216078843,0,0,1,1,1,1,0,0,0,0,1,3,2,0,1,1,0,0,1,0,0,0,0,0,0,0,0,0,0
1675,1675.png,vis406.png,data/vis2/vis406.png,exact,I,54.4,10,323.6,17.988885457415087,0,1,1,1,1,1,0,0,0,0,1,6,5,2,4,4,1,0,1,1,1,0,0,0,0,1,0,0,0
1676,1676.png,visMost553.png,data/vis1/visMost553.png,exact,I,63.2,10,440.17777777777775,20.980414146955674,0,0,1,1,1,1,1,0,0,0,1,5,3,2,4,3,1,0,1,0,1,0,0,0,0,0,1,0,0
1677,1677.png,v483_n7391_3_f1.png,data/science/v483_n7391_3_f1.png,exact,S,49.2,10,250.6222222222222,15.831052467294214,0,0,1,0,1,0,1,0,0,0,1,3,20,4,1,1,0,0,0,0,0,0,0,0,1,0,0,0,0
1678,1678.png,economist_daily_chart_391.png,data/news/economist_daily_chart_391.png,exact,N,9.3,10,162.45555555555558,12.745805410234206,0,0,1,1,1,1,0,0,0,0,1,3,20,1,1,1,0,0,1,0,0,0,0,0,0,0,0,0,0
1679,1679.png,wsj561.png,data/news/wsj561.png,exact,N,35.9,10,338.5444444444444,18.39957728983045,0,0,1,1,1,1,0,0,1,0,1,4,0,2,1,1,0,0,0,0,1,0,0,0,0,0,0,0,0
1680,1680.png,v483_n7387_1_f2.png,data/science/v483_n7387_1_f2.png,exact,S,66.2,10,384.17777777777775,19.60045350949252,0,1,1,1,0,0,1,0,0,0,0,2,8,1,12,3,1,0,0,0,0,1,0,1,0,1,0,0,0
1681,1681.png,wsj207.png,data/news/wsj207.png,exact,N,47.7,10,593.3444444444444,24.35866261608885,0,0,1,1,1,1,0,0,0,0,1,7,1,1,1,1,0,0,0,0,1,0,0,0,0,0,0,0,0
1682,1682.png,v483_n7390_17_f2.png,data/science/v483_n7390_17_f2.png,exact,S,68.0,10,144.44444444444446,12.01850425154663,0,1,1,1,1,0,1,0,0,0,0,5,5,4,10,2,1,0,1,0,1,0,0,0,0,0,0,0,0
1683,1683.png,visMost235.png,data/vis1/visMost235.png,exact,I,77.0,10,248.88888888888889,15.77621275493231,0,0,1,1,1,1,0,0,0,0,1,10,0,3,1,2,0,0,0,0,1,0,0,0,0,0,0,0,1
1684,1684.png,vis360.png,data/vis2/vis360.png,exact,I,50.3,10,403.7888888888889,20.094498970835,0,1,1,1,1,1,0,0,0,0,1,11,2,3,3,3,1,0,0,1,0,0,0,1,0,0,1,0,0
1685,1685.png,visMost221.png,data/vis1/visMost221.png,exact,I,72.3,10,78.67777777777778,8.8700494800073,0,0,1,1,1,1,0,0,0,0,1,8,6,5,9,5,1,1,0,0,1,0,0,0,1,1,1,0,0
1686,1686.png,treasuryL02_2.png,data/government/treasuryL02_2.png,exact,G,18.4,10,393.15555555555557,19.82815058333872,0,1,1,1,0,1,1,0,0,0,0,4,1,1,1,1,0,0,0,0,0,0,0,0,0,1,0,0,0
1687,1687.png,v483_n7390_3_f1.png,data/science/v483_n7390_3_f1.png,exact,S,74.8,10,145.06666666666666,12.044362443345296,0,1,1,1,1,1,0,0,0,0,0,9,2,6,12,2,1,0,0,0,1,0,0,0,0,0,1,0,0
1688,1688.png,vis374.png,data/vis2/vis374.png,exact,I,56.6,10,717.3777777777777,26.783908933868815,0,0,1,1,1,1,0,0,0,0,1,5,5,6,5,4,1,0,1,1,1,0,0,0,0,0,1,0,0
1689,1689.png,wsj213.png,data/news/wsj213.png,exact,N,23.0,10,262.8888888888889,16.21384867602041,0,0,1,1,1,1,0,0,0,0,1,2,2,1,1,1,0,0,1,0,0,0,0,0,0,0,0,0,0
1690,1690.png,v486_n7401_2_f4.png,data/science/v486_n7401_2_f4.png,exact,S,75.4,10,235.82222222222222,15.35650423183031,0,1,1,1,1,0,1,0,0,0,0,12,6,4,11,4,1,0,1,0,1,0,1,0,0,1,0,0,0
1691,1691.png,economist_daily_chart_385.png,data/news/economist_daily_chart_385.png,exact,N,35.4,10,464.0444444444444,21.541690844602808,0,0,1,1,1,1,0,0,0,0,1,9,4,3,3,3,1,0,1,1,0,0,0,1,0,0,0,0,0
1692,1692.png,wsj575.png,data/news/wsj575.png,exact,N,47.7,10,601.3444444444444,24.522325428972767,0,1,1,1,1,1,1,0,0,0,1,3,2,0,8,1,1,1,0,0,0,0,0,0,0,0,0,0,0
1693,1693.png,treasuryD04_2.png,data/government/treasuryD04_2.png,exact,G,30.3,10,415.34444444444443,20.380001090393602,0,1,1,1,1,0,1,0,0,0,1,4,4,1,2,3,1,0,1,0,0,0,0,1,0,0,1,0,0
1694,1694.png,vis412.png,data/vis2/vis412.png,exact,I,29.9,10,153.2111111111111,12.377847596052842,0,0,1,1,1,1,0,0,0,0,1,6,4,2,5,3,1,0,1,1,1,0,0,0,0,0,0,0,0
1695,1695.png,visMost547.png,data/vis1/visMost547.png,exact,I,64.9,10,324.5444444444444,18.015117108818483,0,0,1,0,1,1,1,0,0,0,1,5,2,1,2,2,0,1,0,0,0,0,0,0,0,0,1,0,0
1696,1696.png,v489_n7416_15_f4.png,data/science/v489_n7416_15_f4.png,exact,S,30.6,10,746.0444444444445,27.31381416873968,0,1,1,1,0,0,0,0,0,1,0,0,1,2,3,1,1,0,1,0,0,0,0,0,0,0,0,0,0
1697,1697.png,v488_n7411_21_f1.png,data/science/v488_n7411_21_f1.png,exact,S,64.2,10,144.17777777777778,12.007405122580723,0,1,1,1,1,0,0,0,0,0,0,6,6,5,8,3,1,1,1,0,0,0,0,0,0,1,0,0,0
1698,1698.png,v490_n7419_1_f4.png,data/science/v490_n7419_1_f4.png,exact,S,58.1,10,275.8777777777778,16.60956886188735,0,1,1,0,1,0,0,0,0,1,0,0,5,1,2,2,1,0,0,0,1,0,0,1,0,0,0,0,0
1699,1699.png,vis823.png,data/vis3/vis823.png,exact,I,47.8,10,1014.1777777777778,31.846157975143214,0,0,0,1,1,1,0,0,0,0,1,5,5,2,4,1,1,0,0,0,1,0,0,0,0,0,0,0,0
1700,1700.png,v486_n7404_19_f1.png,data/science/v486_n7404_19_f1.png,exact,S,84.9,10,217.87777777777777,14.760683513231282,0,1,1,1,1,0,1,0,0,1,0,0,2,5,7,3,1,0,1,0,1,0,1,0,0,0,0,0,0
1701,1701.png,vis837.png,data/vis3/vis837.png,exact,I,15.3,10,186.45555555555555,13.65487296006651,0,0,0,1,0,1,1,0,0,0,1,8,1,1,1,2,0,1,0,1,0,0,0,0,0,0,0,0,0
1702,1702.png,economist_daily_chart_178.png,data/news/economist_daily_chart_178.png,exact,N,7.5,10,61.611111111111114,7.849274559544411,0,0,1,1,1,1,0,0,0,0,0,1,2,0,1,1,0,0,1,0,0,0,0,0,0,0,0,0,0
1703,1703.png,v490_n7418_1_f4.png,data/science/v490_n7418_1_f4.png,exact,S,48.9,10,452.3222222222222,21.267868304609706,0,1,1,1,1,0,1,0,0,0,0,18,3,2,9,4,1,0,1,1,1,0,0,0,0,1,0,0,0
1704,1704.png,v487_n7405_17_f2.png,data/science/v487_n7405_17_f2.png,exact,S,66.1,10,93.21111111111111,9.65459015759401,0,1,1,1,1,0,1,0,0,1,0,0,9,4,10,4,1,1,1,0,0,1,0,0,0,1,0,0,0
1705,1705.png,v485_n7397_15_f2.png,data/science/v485_n7397_15_f2.png,exact,S,83.4,10,132.4888888888889,11.51038178727747,0,0,1,0,1,0,0,0,0,0,0,7,0,4,1,1,0,0,0,0,0,0,0,0,0,0,0,0,1
1706,1706.png,vis189.png,data/vis2/vis189.png,exact,I,69.2,10,524.4,22.89978165834775,0,0,1,1,1,1,0,0,0,0,1,17,1,6,6,5,1,0,1,1,1,0,0,0,1,0,1,0,0
1707,1707.png,v490_n7420_7_f1.png,data/science/v490_n7420_7_f1.png,exact,S,34.7,10,824.9,28.721072403376585,0,1,1,0,0,0,1,0,0,0,0,3,2,1,1,1,0,0,0,0,0,0,0,0,0,1,0,0,0
1708,1708.png,whoQ14_1.png,data/government/whoQ14_1.png,exact,G,12.6,10,132.93333333333334,11.529671865813587,0,1,1,1,0,0,0,0,1,0,1,2,1,2,1,1,0,0,0,0,0,0,0,0,0,0,1,0,0
1709,1709.png,v485_n7398_22_f3.png,data/science/v485_n7398_22_f3.png,exact,S,61.3,10,352.0111111111111,18.761959149063063,0,1,1,1,0,0,0,0,0,0,0,2,1,1,6,2,1,1,0,0,0,0,1,0,0,0,0,0,0
1710,1710.png,treasuryB13.png,data/government/treasuryB13.png,exact,G,17.8,10,206.4,14.366627996854376,0,0,1,1,1,1,0,0,0,0,0,6,1,2,1,1,0,0,1,0,0,0,0,0,0,0,0,0,0
1711,1711.png,v488_n7409_1_f3.png,data/science/v488_n7409_1_f3.png,exact,S,84.6,10,209.82222222222222,14.485241531373312,0,1,1,0,1,0,1,1,0,0,1,11,3,6,14,5,1,0,1,0,1,1,1,0,0,0,1,0,0
1712,1712.png,visMost792.png,data/vis1/visMost792.png,exact,I,43.0,10,776.2222222222222,27.86076492528915,0,0,0,1,1,1,1,0,0,0,0,7,1,0,2,1,1,0,0,0,0,0,0,0,1,0,0,0,0
1713,1713.png,whoQ51_1.png,data/government/whoQ51_1.png,exact,G,15.5,10,151.38888888888889,12.304019216861168,0,0,1,1,0,0,1,0,0,0,0,3,1,2,1,1,0,0,1,0,0,0,0,0,0,0,0,0,0
1714,1714.png,economist_daily_chart_150.png,data/news/economist_daily_chart_150.png,exact,N,19.0,10,175.33333333333334,13.241349377360804,0,0,1,1,1,1,0,0,0,0,0,4,2,1,1,1,0,0,1,0,0,0,0,0,0,0,0,0,0
1715,1715.png,v483_n7390_21_f3.png,data/science/v483_n7390_21_f3.png,exact,S,84.6,10,163.15555555555557,12.773235907770419,0,0,1,1,1,0,0,0,0,0,0,9,1,2,5,1,1,0,0,0,1,0,0,0,0,0,0,0,0
1716,1716.png,economist_daily_chart_144.png,data/news/economist_daily_chart_144.png,exact,N,41.1,10,646.7666666666667,25.431607630400926,0,0,0,1,1,1,1,0,0,0,0,7,1,1,2,1,1,0,0,0,0,0,0,0,1,0,0,0,0
1717,1717.png,visMost786.png,data/vis1/visMost786.png,exact,I,30.2,10,418.17777777777775,20.449395535755517,0,0,0,1,1,0,0,0,0,0,0,4,2,1,1,2,0,1,0,1,0,0,0,0,0,0,0,0,0
1718,1718.png,treasuryB07.png,data/government/treasuryB07.png,exact,G,29.2,10,760.1777777777777,27.57132165453404,0,0,1,1,1,1,0,0,0,0,0,5,3,0,2,2,1,0,1,0,0,0,0,1,0,0,0,0,0
1719,1719.png,whoQ32_2.png,data/government/whoQ32_2.png,exact,G,27.4,10,317.15555555555557,17.8088617142016,0,1,1,1,0,1,0,0,0,0,0,1,2,0,1,1,0,0,0,0,0,0,0,0,0,1,0,0,0
1720,1720.png,v486_n7403_25_f5.png,data/science/v486_n7403_25_f5.png,exact,S,78.3,10,101.78888888888889,10.089047967419368,0,1,1,1,0,0,1,0,0,0,0,6,2,1,2,2,1,0,0,0,0,0,0,0,0,1,1,0,0
1721,1721.png,v487_n7408_19_f4.png,data/science/v487_n7408_19_f4.png,exact,S,52.8,10,483.5111111111111,21.988886081634767,0,0,0,1,1,0,1,0,0,0,0,4,0,3,1,1,0,0,0,0,1,0,0,0,0,0,0,0,0
1722,1722.png,v482_n7386_3_f3.png,data/science/v482_n7386_3_f3.png,exact,S,80.9,10,144.1,12.004165943538101,0,1,1,1,1,0,1,0,0,0,0,6,1,6,22,3,1,0,0,0,1,0,1,0,0,0,1,0,0
1723,1723.png,vis638.png,data/vis3/vis638.png,exact,I,55.7,10,626.6777777777778,25.033533066224948,0,1,1,1,0,1,1,0,0,0,1,12,16,10,11,6,1,0,1,1,1,1,0,1,0,0,1,0,0
1724,1724.png,visMost779.png,data/vis1/visMost779.png,exact,I,45.3,10,176.9,13.300375934536588,0,0,1,1,1,1,0,0,0,0,1,5,6,3,8,3,1,0,1,0,0,0,0,1,1,0,0,0,0
1725,1725.png,vis162.png,data/vis2/vis162.png,exact,I,42.3,10,175.7888888888889,13.258540224658553,0,0,1,1,1,1,0,0,0,0,1,10,4,6,6,4,1,1,0,1,0,0,0,0,1,0,1,0,0
1726,1726.png,economist_daily_chart_193.png,data/news/economist_daily_chart_193.png,exact,N,32.4,10,264.26666666666665,16.25628083746915,0,0,1,1,0,1,0,0,0,0,0,4,1,1,1,1,1,0,1,0,0,0,0,0,0,0,0,0,0
1727,1727.png,visMost751.png,data/vis1/visMost751.png,exact,I,43.9,10,650.3222222222222,25.50141608268494,0,0,1,1,1,1,0,0,0,0,1,8,2,5,5,5,1,1,0,1,1,0,0,1,0,0,1,0,0
1728,1728.png,whoJ12.png,data/government/whoJ12.png,exact,G,41.3,10,657.1222222222223,25.634395296597543,0,1,1,1,1,1,1,0,0,0,0,7,3,3,4,3,1,0,1,0,0,0,0,0,1,1,0,0,0
1729,1729.png,vis604.png,data/vis3/vis604.png,exact,I,51.0,10,504.44444444444446,22.459840703897356,0,1,1,1,1,1,1,0,0,0,1,9,8,5,7,5,1,1,1,1,1,0,0,0,0,0,1,0,0
1730,1730.png,visMost745.png,data/vis1/visMost745.png,exact,I,49.6,10,712.7111111111111,26.696649810624386,0,1,1,1,1,1,0,0,0,0,1,8,1,2,2,2,0,0,1,0,0,0,0,0,0,0,1,0,0
1731,1731.png,whoB19_1.png,data/government/whoB19_1.png,exact,G,29.5,10,59.611111111111114,7.720823214600313,0,1,1,1,1,1,1,0,0,0,0,5,1,2,1,1,0,0,0,0,0,0,0,0,0,1,0,0,0
1732,1732.png,whoJ06.png,data/government/whoJ06.png,exact,G,34.5,10,291.1666666666667,17.0636064964786,0,0,0,1,0,1,1,1,0,0,0,6,0,1,1,1,0,0,0,0,0,0,0,0,1,0,0,0,0
1733,1733.png,vis610.png,data/vis3/vis610.png,exact,I,47.9,10,306.76666666666665,17.514755683898837,0,0,1,1,1,1,0,0,0,0,1,15,6,5,8,3,1,0,0,0,1,0,0,0,1,0,1,0,0
1734,1734.png,economist_daily_chart_187.png,data/news/economist_daily_chart_187.png,exact,N,36.0,10,168.66666666666666,12.987173159185437,0,0,1,1,1,1,0,0,0,0,0,3,2,1,1,1,0,0,1,0,0,0,0,0,0,0,0,0,0
1735,1735.png,v487_n7408_17_f1.png,data/science/v487_n7408_17_f1.png,exact,S,31.9,10,316.32222222222225,17.785449733482206,0,1,1,1,0,0,0,0,0,1,0,0,6,2,4,2,1,0,1,0,1,0,0,0,0,0,0,0,0
1736,1736.png,v490_n7419_22_f4.png,data/science/v490_n7419_22_f4.png,exact,S,63.5,10,627.8333333333334,25.05660258960367,0,1,1,1,1,0,1,0,0,1,0,0,10,4,6,3,1,0,1,0,0,0,0,1,0,1,0,0,0
1737,1737.png,vis176.png,data/vis2/vis176.png,exact,I,45.1,10,375.65555555555557,19.381835711705833,0,1,1,1,1,1,1,0,0,0,0,5,4,2,3,3,1,0,1,0,1,0,0,0,0,0,1,0,0
1738,1738.png,v490_n7419_3_f1.png,data/science/v490_n7419_3_f1.png,exact,S,51.2,10,365.2888888888889,19.112532246902525,0,1,1,1,1,0,1,0,0,0,1,2,2,3,4,2,1,0,1,0,1,0,0,0,0,0,0,0,0
1739,1739.png,vis957.png,data/vis3/vis957.png,exact,I,65.2,10,320.17777777777775,17.893512169995518,0,0,1,1,1,1,1,0,0,0,1,8,17,3,6,3,1,0,1,0,0,0,0,0,1,1,0,0,0
1740,1740.png,v486_n7404_7_f2.png,data/science/v486_n7404_7_f2.png,exact,S,80.9,10,832.1,28.846143589741768,0,1,1,1,1,1,0,0,0,0,0,17,6,2,16,4,1,0,0,0,1,0,1,0,0,1,1,0,0
1741,1741.png,visMost802.png,data/vis1/visMost802.png,exact,I,63.8,10,971.9555555555555,31.176201749981598,0,1,1,1,1,1,1,0,0,0,1,13,7,4,13,3,1,1,1,1,0,0,0,0,0,0,0,0,0
1742,1742.png,vis943.png,data/vis3/vis943.png,exact,I,45.3,10,480.9,21.929432277193133,0,0,1,1,1,1,0,0,0,0,1,2,5,3,5,4,1,0,1,1,1,0,0,0,0,0,1,0,0
1743,1743.png,visMost816.png,data/vis1/visMost816.png,exact,I,62.9,10,609.8777777777777,24.695703629938908,0,1,1,1,1,1,0,0,0,0,1,15,9,6,9,6,1,1,0,1,1,1,0,1,0,0,1,0,0
1744,1744.png,v486_n7402_21_f2.png,data/science/v486_n7402_21_f2.png,exact,S,58.8,10,748.8444444444444,27.36502228108803,0,1,1,1,0,0,0,0,0,1,0,0,5,2,4,1,1,0,1,0,0,0,0,0,0,0,0,0,0
1745,1745.png,v489_n7417_11_f3.png,data/science/v489_n7417_11_f3.png,exact,S,66.5,10,505.3888888888889,22.480856053293188,0,1,1,1,1,0,1,1,0,0,0,6,6,2,3,2,1,0,0,0,0,1,0,0,0,1,0,0,0
1746,1746.png,v486_n7404_15_f1.png,data/science/v486_n7404_15_f1.png,exact,S,77.3,10,602.4555555555555,24.544970066299847,0,1,1,1,1,0,1,0,0,0,0,7,2,5,8,4,1,0,0,0,1,0,1,1,0,1,0,0,0
1747,1747.png,economist_daily_chart_20.png,data/news/economist_daily_chart_20.png,exact,N,52.1,10,748.9888888888889,27.36766137047316,0,1,1,1,1,1,0,0,0,0,1,16,2,2,2,1,1,0,0,0,0,0,0,1,0,0,0,0,0
1748,1748.png,v485_n7399_2_f2.png,data/science/v485_n7399_2_f2.png,exact,S,76.2,10,337.9555555555556,18.383567541572436,0,1,1,1,0,0,1,0,0,1,0,0,6,5,5,3,1,0,1,0,0,0,1,0,0,1,0,0,0
1749,1749.png,visMost180.png,data/vis1/visMost180.png,exact,I,57.1,10,862.7666666666667,29.37288999514121,0,0,1,1,1,1,1,0,0,0,1,8,1,4,1,1,0,0,0,0,1,0,0,0,0,0,0,0,0
1750,1750.png,treasuryD01.png,data/government/treasuryD01.png,exact,G,55.7,10,773.5666666666667,27.8130664736319,0,1,1,1,1,1,0,0,0,0,0,4,5,4,3,3,1,0,1,0,0,0,0,1,0,0,1,0,0
1751,1751.png,treasuryD15.png,data/government/treasuryD15.png,exact,G,49.4,10,794.4888888888888,28.186679280981092,0,0,1,1,0,1,1,1,0,0,0,3,1,2,1,1,0,0,0,0,0,0,0,0,0,0,1,0,0
1752,1752.png,whoJ22_1.png,data/government/whoJ22_1.png,exact,G,24.5,10,853.3888888888889,29.21282062535025,0,1,1,1,0,1,0,0,0,0,0,1,2,1,1,1,0,0,0,0,0,0,0,0,0,0,1,0,0
1753,1753.png,visMost194.png,data/vis1/visMost194.png,exact,I,58.4,10,372.0444444444445,19.28845365612403,0,1,1,1,1,1,0,0,0,0,1,7,6,1,14,5,1,1,1,1,1,1,0,0,0,0,0,0,0
1754,1754.png,v486_n7403_3_f3.png,data/science/v486_n7403_3_f3.png,exact,S,84.3,10,286.0111111111111,16.91186302898386,0,1,1,1,1,0,0,0,0,0,0,5,5,2,4,3,1,0,0,0,0,1,0,0,0,1,0,0,1
1755,1755.png,economist_daily_chart_34.png,data/news/economist_daily_chart_34.png,exact,N,46.3,10,718.6777777777778,26.80816625168118,0,1,1,1,1,1,0,0,0,0,0,6,2,1,1,1,0,0,0,0,0,0,0,0,0,1,0,0,0
1756,1756.png,whoB24_1.png,data/government/whoB24_1.png,exact,G,53.9,10,930.1,30.497540884471324,0,0,1,1,0,1,0,0,0,0,0,1,1,1,1,2,0,0,0,0,0,1,0,0,0,1,0,0,0
1757,1757.png,visMost619.png,data/vis1/visMost619.png,exact,I,47.1,10,548.7666666666667,23.425769286549944,0,0,1,1,1,1,0,0,0,0,1,15,5,1,6,3,1,1,0,0,1,0,0,0,1,0,0,0,0
1758,1758.png,visMost64.png,data/vis1/visMost64.png,exact,I,57.3,10,950.9,30.836666486505962,0,1,1,1,1,1,1,0,0,0,0,20,2,1,8,2,1,0,1,0,0,0,0,0,1,0,0,0,0
1759,1759.png,v487_n7407_22_f5.png,data/science/v487_n7407_22_f5.png,exact,S,41.8,10,1232.1777777777777,35.10238991547125,0,1,1,0,0,1,0,0,1,1,0,0,1,2,1,1,0,0,0,0,0,0,0,0,0,0,1,0,0
1760,1760.png,v482_n7386_1_f6.png,data/science/v482_n7386_1_f6.png,exact,S,70.9,10,615.4333333333333,24.80792884005703,0,1,1,1,0,0,0,0,0,0,0,18,2,4,3,1,1,0,1,0,0,0,0,0,0,0,0,0,0
1761,1761.png,v488_n7412_7_f2.png,data/science/v488_n7412_7_f2.png,exact,S,65.9,10,260.1,16.127616066858735,0,0,1,1,1,0,0,0,0,0,0,5,1,1,9,3,1,0,1,0,1,1,0,0,0,0,0,0,0
1762,1762.png,v489_n7414_20_f3.png,data/science/v489_n7414_20_f3.png,exact,S,85.4,10,152.26666666666668,12.33963802818651,0,1,1,0,0,0,0,0,0,0,0,5,9,3,12,3,1,0,0,0,1,0,0,1,0,1,0,0,0
1763,1763.png,vis758.png,data/vis3/vis758.png,exact,I,51.6,10,1014.4888888888888,31.851042194705165,0,0,0,1,1,1,0,0,0,0,1,8,3,1,7,3,1,0,0,1,1,0,0,0,0,0,1,0,0
1764,1764.png,vis980.png,data/vis3/vis980.png,exact,I,52.2,10,558.8444444444444,23.639890956695304,0,0,1,1,1,1,1,1,0,0,1,11,4,2,3,2,1,0,0,1,0,0,0,0,0,0,1,0,0
1765,1765.png,visMost70.png,data/vis1/visMost70.png,exact,I,60.2,10,1002.8444444444444,31.667719280750934,0,0,0,1,1,1,0,0,0,0,1,4,0,0,1,1,0,0,0,0,1,0,0,0,0,0,0,0,0
1766,1766.png,v488_n7413_7_f2.png,data/science/v488_n7413_7_f2.png,exact,S,51.2,10,816.1777777777778,28.568825278225525,0,1,1,0,1,0,0,0,0,0,0,2,3,1,2,2,1,0,1,0,0,1,0,0,0,0,0,0,0
1767,1767.png,wsj159.png,data/news/wsj159.png,exact,N,55.6,10,905.3777777777777,30.089496136987368,0,0,1,1,1,1,1,1,0,0,1,5,6,2,4,2,1,0,1,0,0,0,0,1,0,0,0,0,0
1768,1768.png,visMost143.png,data/vis1/visMost143.png,exact,I,35.0,10,836.6666666666666,28.925190866555514,0,1,1,1,1,1,0,0,0,0,0,3,2,1,2,1,0,0,1,0,0,0,0,0,0,0,0,0,0
1769,1769.png,wsj171.png,data/news/wsj171.png,exact,N,35.2,10,967.9555555555556,31.111984114735524,0,0,0,1,0,1,0,0,1,0,1,4,1,1,1,1,0,0,0,0,0,0,0,0,0,0,1,0,0
1770,1770.png,vis770.png,data/vis3/vis770.png,exact,I,48.7,10,610.4555555555555,24.707398801888385,0,1,1,1,1,1,0,0,0,0,1,7,10,2,10,3,1,0,0,1,1,0,0,0,0,0,1,0,0
1771,1771.png,v483_n7389_8_f7.png,data/science/v483_n7389_8_f7.png,exact,S,77.3,10,530.6777777777778,23.036444555915693,0,1,1,1,0,0,1,1,0,0,0,9,4,2,5,3,1,1,0,0,1,0,0,1,0,0,0,0,0
1772,1772.png,whoQ29_1.png,data/government/whoQ29_1.png,exact,G,40.8,10,1059.2888888888888,32.546718557926674,0,1,1,1,0,1,0,0,0,0,0,1,1,1,1,1,0,0,0,0,0,1,0,0,0,0,0,0,0
1773,1773.png,visMost625.png,data/vis1/visMost625.png,exact,I,73.3,10,344.90000000000003,18.57148351640224,0,1,1,1,0,1,1,1,0,0,1,3,3,3,2,2,1,0,0,0,0,1,1,0,0,0,0,0,0
1774,1774.png,visMost58.png,data/vis1/visMost58.png,exact,I,44.5,10,624.7222222222222,24.99444382702328,0,0,0,1,1,1,0,0,0,0,1,11,1,0,2,2,0,0,0,0,1,0,0,0,0,0,1,0,0
1775,1775.png,vis764.png,data/vis3/vis764.png,exact,I,50.9,10,860.5444444444445,29.335037829265612,0,1,1,1,1,1,0,0,0,0,1,5,9,4,10,4,1,0,1,1,1,0,0,0,0,0,1,0,0
1776,1776.png,v488_n7412_12_f4.png,data/science/v488_n7412_12_f4.png,exact,S,39.8,10,1021.5111111111112,31.96108745194868,0,1,1,0,0,0,0,0,0,1,0,0,1,1,1,2,0,0,0,0,0,0,0,1,0,1,0,0,0
1777,1777.png,v490_n7419_20_f1.png,data/science/v490_n7419_20_f1.png,exact,S,68.9,10,659.6555555555556,25.683760541547564,0,1,1,1,1,0,1,0,0,0,0,6,4,1,2,2,0,0,0,0,0,1,0,0,0,1,0,0,0
1778,1778.png,visMost631.png,data/vis1/visMost631.png,exact,I,57.6,10,893.3777777777779,29.88942585226049,0,1,1,1,1,1,1,0,0,0,1,50,2,4,7,3,1,0,0,1,1,0,0,0,0,1,0,0,0
1779,1779.png,v487_n7406_6_f1.png,data/science/v487_n7406_6_f1.png,exact,S,49.7,10,863.7888888888889,29.390285621083862,0,0,0,0,0,0,1,0,0,0,1,3,0,0,1,1,0,0,0,0,0,0,0,1,0,0,0,0,0
1780,1780.png,wsj603.png,data/news/wsj603.png,exact,N,45.5,10,662.2777777777778,25.734758164353863,0,0,1,1,1,1,0,0,0,0,1,6,2,1,1,1,0,0,0,0,0,0,0,1,0,0,0,0,0
1781,1781.png,wsj165.png,data/news/wsj165.png,exact,N,22.699999999999996,10,533.5666666666666,23.099062030019024,0,0,0,1,1,1,0,0,0,0,1,3,0,1,1,1,0,0,0,0,1,0,0,0,0,0,0,0,0
1782,1782.png,v484_n7394_20_f3.png,data/science/v484_n7394_20_f3.png,exact,S,70.4,10,804.2666666666667,28.359595671776894,0,0,0,0,1,0,0,0,0,0,0,8,0,1,4,1,1,0,0,0,1,0,0,0,0,0,0,0,0
1783,1783.png,visMost157.png,data/vis1/visMost157.png,exact,I,49.6,10,720.2666666666667,26.837784309936367,0,0,0,1,1,1,0,0,0,0,1,8,7,2,5,4,1,0,0,0,1,1,0,0,0,1,1,0,0
1784,1784.png,whoL14.png,data/government/whoL14.png,exact,G,18.0,10,570.2222222222222,23.879326251429752,0,0,0,0,0,1,0,0,1,0,0,6,0,1,1,1,0,0,0,0,1,0,0,0,0,0,0,0,0
1785,1785.png,v487_n7407_14_f4.png,data/science/v487_n7407_14_f4.png,exact,S,60.5,10,735.3888888888889,27.11805466638212,0,1,1,0,1,0,0,0,0,0,0,8,2,2,1,1,0,0,0,0,0,0,0,0,0,1,0,0,0
1786,1786.png,wsj398.png,data/news/wsj398.png,exact,N,23.2,10,871.0666666666666,29.513838562048594,0,1,1,1,1,1,0,0,0,0,1,3,4,1,2,2,1,0,1,0,0,0,0,1,0,0,0,0,0
1787,1787.png,v484_n7392_22_f1.png,data/science/v484_n7392_22_f1.png,exact,S,84.4,10,289.15555555555557,17.004574547913734,0,1,1,0,1,0,1,1,0,0,0,4,5,6,8,4,1,0,1,0,1,0,0,0,0,1,1,0,0
1788,1788.png,vis599.png,data/vis3/vis599.png,exact,I,27.4,10,485.3777777777778,22.03129087860668,0,0,0,1,1,0,0,0,0,0,0,7,0,1,1,1,0,0,0,0,1,0,0,0,0,0,0,0,0
1789,1789.png,vis28.png,data/vis2/vis28.png,exact,I,59.9,10,792.7666666666667,28.156112421047524,0,1,1,1,1,1,1,1,0,0,0,14,2,1,9,4,1,0,0,1,0,1,0,0,0,1,1,0,0
1790,1790.png,economist_daily_chart_226.png,data/news/economist_daily_chart_226.png,exact,N,31.1,10,1032.7666666666669,32.13668723852331,0,1,1,1,0,1,1,0,0,0,0,3,2,1,1,1,0,0,0,0,0,0,0,1,0,0,0,0,0
1791,1791.png,v484_n7394_16_f2.png,data/science/v484_n7394_16_f2.png,exact,S,78.4,10,1054.9333333333334,32.479737273157454,0,1,1,1,1,0,0,0,0,0,0,7,8,3,8,5,1,0,1,0,0,1,0,1,0,1,1,0,0
1792,1792.png,visMost382.png,data/vis1/visMost382.png,exact,I,45.1,10,797.8777777777779,28.246730390928043,0,0,0,1,0,0,0,0,1,0,1,11,2,1,5,3,1,0,0,0,1,1,0,0,0,0,1,0,0
1793,1793.png,np_51.png,data/news/np_51.png,exact,N,68.8,10,725.0666666666667,26.927061976135953,0,0,1,1,1,1,0,0,0,0,0,4,2,4,7,4,1,1,1,0,0,1,0,0,1,0,0,0,0
1794,1794.png,np_45.png,data/news/np_45.png,exact,N,74.5,10,530.0555555555555,23.02293542438834,0,1,1,1,1,1,0,0,0,0,0,13,1,3,8,2,1,0,0,1,0,0,0,0,0,0,1,0,0
1795,1795.png,visMost396.png,data/vis1/visMost396.png,exact,I,52.5,10,1427.611111111111,37.783741359361315,0,0,1,1,1,1,1,1,0,0,1,12,6,6,7,4,1,0,1,0,1,0,0,0,1,0,1,0,0
1796,1796.png,vis14.png,data/vis2/vis14.png,exact,I,33.8,10,810.8444444444444,28.475330453647846,0,0,1,0,1,1,0,0,0,0,1,7,6,1,5,3,1,0,1,0,0,0,0,0,1,0,1,0,0
1797,1797.png,economist_daily_chart_232.png,data/news/economist_daily_chart_232.png,exact,N,50.3,10,554.0111111111111,23.537440623634318,0,1,1,1,1,0,1,1,0,0,1,4,3,0,4,1,1,0,1,0,0,0,0,0,0,0,0,0,0
1798,1798.png,wsj429.png,data/news/wsj429.png,exact,N,25.0,10,431.3333333333333,20.768565991260285,0,1,1,1,1,1,0,0,0,0,1,4,2,0,1,1,0,0,0,0,0,0,0,1,0,0,0,0,0
1799,1799.png,v486_n7402_17_f3.png,data/science/v486_n7402_17_f3.png,exact,S,65.8,10,623.9555555555555,24.979102376898084,0,1,1,0,1,0,0,0,0,0,0,2,2,3,7,3,1,0,1,0,0,0,0,1,0,1,0,0,0
1800,1800.png,v489_n7415_1_f2.png,data/science/v489_n7415_1_f2.png,exact,S,85.7,10,174.9,13.224976370489287,0,1,1,0,1,0,1,0,0,0,0,5,9,2,23,4,1,0,1,0,1,1,0,0,0,0,1,0,0
1801,1801.png,v485_n7398_18_f2.png,data/science/v485_n7398_18_f2.png,exact,S,72.1,10,186.54444444444445,13.658127413538228,0,1,1,0,0,0,1,1,0,0,0,7,3,2,4,2,1,0,0,0,0,0,1,1,0,0,0,0,0
1802,1802.png,v483_n7389_19_f4.png,data/science/v483_n7389_19_f4.png,exact,S,71.7,10,630.2333333333333,25.104448476979798,0,1,1,0,0,0,1,0,0,0,0,5,3,5,7,3,1,0,1,0,1,0,0,1,0,0,0,0,0
1803,1803.png,v484_n7393_2_f5.png,data/science/v484_n7393_2_f5.png,exact,S,74.4,10,509.15555555555557,22.56447552139326,0,1,1,0,0,0,1,1,0,0,0,6,1,5,4,3,1,0,1,0,1,0,0,0,0,0,1,0,0
1804,1804.png,v489_n7414_1_f2.png,data/science/v489_n7414_1_f2.png,exact,S,76.6,10,344.93333333333334,18.57238092796218,0,1,1,1,1,0,0,0,0,0,0,3,4,2,6,3,1,0,1,0,0,0,0,1,0,1,0,0,0
1805,1805.png,visMost369.png,data/vis1/visMost369.png,exact,I,66.6,10,512.2666666666667,22.63330878741919,0,0,0,1,1,1,0,0,0,0,1,4,0,1,1,1,0,0,0,0,1,0,0,0,0,0,0,0,0
1806,1806.png,visMost427.png,data/vis1/visMost427.png,exact,I,45.1,10,522.9888888888889,22.868950323285258,0,0,0,1,1,1,0,0,0,0,1,12,5,1,6,2,0,0,0,0,1,0,0,0,0,0,1,0,0
1807,1807.png,v488_n7409_11_f1.png,data/science/v488_n7409_11_f1.png,exact,S,67.2,10,738.4,27.173516518846064,0,1,1,1,1,1,1,0,0,0,0,5,5,2,8,2,1,0,0,0,0,0,0,1,0,1,0,0,0
1808,1808.png,v485_n7396_27_f4.png,data/science/v485_n7396_27_f4.png,exact,S,59.2,10,723.0666666666667,26.889898970927106,0,1,1,0,1,0,0,0,0,0,0,2,11,1,6,2,1,0,0,0,0,0,0,1,0,1,0,0,0
1809,1809.png,vis572.png,data/vis3/vis572.png,exact,I,49.0,10,375.77777777777777,19.384988464731617,0,1,1,1,1,1,0,0,0,0,1,11,0,4,2,1,1,0,1,0,0,0,0,0,0,0,0,0,0
1810,1810.png,wsj415.png,data/news/wsj415.png,exact,N,34.2,10,694.6222222222223,26.355686715056816,0,0,0,1,1,1,0,0,0,0,1,6,0,1,1,1,0,0,0,0,0,0,0,0,1,0,0,0,0
1811,1811.png,v486_n7403_11_f1.png,data/science/v486_n7403_11_f1.png,exact,S,35.8,10,1010.8444444444444,31.793779964710776,0,1,1,0,0,0,0,0,0,0,0,1,3,0,1,3,0,0,1,0,0,1,0,0,0,1,0,0,0
1812,1812.png,wsj373.png,data/news/wsj373.png,exact,N,69.4,10,394.26666666666665,19.856149341366937,0,0,0,1,1,1,0,0,0,0,0,10,7,5,1,4,1,0,1,1,1,0,0,0,0,0,1,0,0
1813,1813.png,vis214.png,data/vis2/vis214.png,exact,I,71.2,10,387.5111111111111,19.6853019055109,0,1,1,0,1,1,1,1,0,0,1,7,14,6,15,5,1,0,1,0,1,1,0,0,1,0,1,0,0
1814,1814.png,whoN02.png,data/government/whoN02.png,exact,G,24.7,10,484.01111111111106,22.000252523803244,0,0,0,1,0,1,0,0,1,0,0,2,3,1,1,1,0,0,0,0,0,0,0,0,0,0,1,0,0
1815,1815.png,visMost341.png,data/vis1/visMost341.png,exact,I,36.3,10,721.1222222222221,26.853718964460437,0,0,0,1,0,0,1,1,0,0,1,17,1,4,12,1,1,0,0,1,0,0,0,0,0,0,0,0,0
1816,1816.png,vis200.png,data/vis2/vis200.png,exact,I,43.3,10,654.2333333333333,25.577985325926928,0,0,0,1,1,1,0,0,0,0,1,15,8,2,4,1,1,0,0,0,0,0,0,0,0,0,1,0,0
1817,1817.png,visMost355.png,data/vis1/visMost355.png,exact,I,57.4,10,567.8222222222222,23.829020588816114,0,1,1,1,1,1,0,0,0,0,1,9,5,2,5,4,1,0,1,0,1,1,0,0,0,0,1,0,0
1818,1818.png,vis4.png,data/vis2/vis4.png,exact,I,51.2,10,968.1777777777778,31.115555238140583,0,1,1,1,1,1,1,0,0,0,1,4,6,2,8,3,1,0,1,1,0,0,0,1,0,0,0,0,0
1819,1819.png,wsj367.png,data/news/wsj367.png,exact,N,18.7,10,614.9,24.79717725871233,0,0,0,1,1,1,0,0,0,0,1,4,1,0,1,1,0,0,0,0,1,0,0,0,0,0,0,0,0
1820,1820.png,whoK19_2.png,data/government/whoK19_2.png,exact,G,22.0,10,828.2222222222222,28.778850258865834,0,1,1,1,1,1,1,0,0,0,0,2,2,2,1,1,0,0,1,0,0,0,0,0,0,0,0,0,0
1821,1821.png,wsj401.png,data/news/wsj401.png,exact,N,41.4,10,884.4888888888888,29.740357914606353,0,0,0,1,1,1,0,0,0,0,1,7,2,0,2,1,0,0,0,0,1,0,0,0,0,0,0,0,0
1822,1822.png,v483_n7390_1_f4.png,data/science/v483_n7390_1_f4.png,exact,S,48.1,10,678.9888888888888,26.057415238063978,0,1,1,0,0,0,1,0,0,0,0,4,4,1,3,1,1,0,0,0,0,0,0,1,0,0,0,0,0
1823,1823.png,visMost433.png,data/vis1/visMost433.png,exact,I,53.0,10,604.2222222222222,24.580932086115492,0,0,0,0,1,1,0,0,0,0,1,16,1,0,10,1,1,0,0,0,0,0,0,0,0,0,1,0,0
1824,1824.png,vis566.png,data/vis3/vis566.png,exact,I,34.9,10,703.8777777777776,26.530695011208763,0,0,1,1,0,0,1,0,0,0,0,4,1,2,1,1,0,0,1,0,0,0,0,0,0,0,0,0,0
1825,1825.png,visMost343.png,data/vis1/visMost343.png,exact,I,56.5,10,1248.0555555555557,35.32782976005681,0,0,0,1,1,1,0,0,0,0,1,15,1,3,6,2,1,0,1,0,0,0,0,0,0,0,1,0,0
1826,1826.png,vis216.png,data/vis2/vis216.png,exact,I,62.5,10,864.9444444444445,29.409937851761,0,0,0,1,1,0,0,0,0,0,1,8,1,2,1,1,0,0,0,0,1,0,0,0,0,0,0,0,0
1827,1827.png,wsj371.png,data/news/wsj371.png,exact,N,29.6,10,962.7111111111112,31.027586292058093,0,1,1,1,0,1,1,0,0,0,1,3,2,1,1,1,0,0,0,0,0,0,0,1,0,0,0,0,0
1828,1828.png,v486_n7403_11_f3.png,data/science/v486_n7403_11_f3.png,exact,S,57.1,10,732.3222222222222,27.061452699776154,0,1,1,0,0,0,0,0,0,0,0,2,2,1,1,1,0,0,0,0,0,0,0,0,0,1,0,0,0
1829,1829.png,wsj417.png,data/news/wsj417.png,exact,N,30.0,10,1214.4444444444443,34.84888010316033,0,0,0,1,1,1,1,0,0,0,1,5,1,1,1,1,0,0,0,0,0,0,0,0,1,0,0,0,0
1830,1830.png,vis570.png,data/vis3/vis570.png,exact,I,68.5,10,474.94444444444446,21.793220148579337,0,0,0,1,1,1,0,0,0,0,1,12,11,0,8,2,1,0,0,0,1,0,0,0,0,0,1,0,0
1831,1831.png,v488_n7409_11_f3.png,data/science/v488_n7409_11_f3.png,exact,S,70.9,10,186.98888888888888,13.67438806268452,0,1,1,0,1,0,1,0,0,0,0,5,3,3,12,2,1,0,0,0,1,0,0,0,0,1,0,0,0
1832,1832.png,visMost425.png,data/vis1/visMost425.png,exact,I,24.3,10,548.6777777777778,23.423871963827366,0,0,0,1,1,1,0,0,0,0,1,8,1,1,20,1,1,0,0,1,0,0,0,0,0,0,0,0,0
1833,1833.png,v483_n7387_3_f5.png,data/science/v483_n7387_3_f5.png,exact,S,82.2,10,320.84444444444443,17.912131208888695,0,0,0,0,1,0,0,0,0,0,0,6,0,1,2,1,1,0,0,0,1,0,0,0,0,0,0,0,0
1834,1834.png,vis564.png,data/vis3/vis564.png,exact,I,35.4,10,992.2666666666665,31.500264549153655,0,0,1,1,1,1,0,0,0,0,1,3,1,1,1,1,0,0,0,0,0,1,0,0,0,0,0,0,0
1835,1835.png,wsj403.png,data/news/wsj403.png,exact,N,28.3,10,801.7888888888889,28.315876975451225,0,1,1,1,1,1,0,0,0,0,1,5,4,1,3,2,1,0,1,1,0,0,0,0,0,0,0,0,0
1836,1836.png,v486_n7402_19_f4.png,data/science/v486_n7402_19_f4.png,exact,S,81.2,10,677.9555555555555,26.037579679293454,0,1,1,0,1,0,0,0,0,0,0,12,9,2,23,4,1,1,1,0,0,0,0,1,0,1,0,0,0
1837,1837.png,wsj365.png,data/news/wsj365.png,exact,N,24.2,10,927.9555555555555,30.46236293453867,0,0,1,1,1,1,1,0,0,0,1,4,2,3,3,1,1,0,1,0,0,0,0,0,0,0,0,0,0
1838,1838.png,vis6.png,data/vis2/vis6.png,exact,I,37.6,10,591.1555555555556,24.3136907020624,0,1,1,1,0,0,1,1,0,0,0,5,1,2,3,3,1,0,0,0,0,0,0,0,1,1,1,0,0
1839,1839.png,visMost357.png,data/vis1/visMost357.png,exact,I,45.2,10,850.8444444444444,29.169237981895318,0,0,0,1,1,1,0,0,0,0,1,10,1,1,1,1,0,0,0,1,0,0,0,0,0,0,0,0,0
1840,1840.png,whoQ48_2.png,data/government/whoQ48_2.png,exact,G,19.2,10,955.0666666666666,30.90415290323724,0,0,1,1,0,0,0,0,0,0,0,1,1,1,1,1,0,0,1,0,0,0,0,0,0,0,0,0,0
1841,1841.png,v488_n7410_13_f5.png,data/science/v488_n7410_13_f5.png,exact,S,65.4,10,806.0444444444445,28.39092186675953,0,1,1,0,1,0,0,0,0,0,0,9,2,3,3,3,0,0,0,0,1,0,0,0,0,0,1,0,1
1842,1842.png,whoN14.png,data/government/whoN14.png,exact,G,28.4,10,846.9333333333333,29.102119052284376,0,1,1,1,0,1,1,0,0,0,0,3,1,2,1,1,0,0,1,0,0,0,0,0,0,0,0,0,0
1843,1843.png,vis202.png,data/vis2/vis202.png,exact,I,50.4,10,874.2666666666667,29.568000721500713,0,0,0,1,1,1,0,0,0,0,1,4,2,1,2,2,1,0,0,0,1,0,0,0,0,0,1,0,0
1844,1844.png,v484_n7394_8_f3.png,data/science/v484_n7394_8_f3.png,exact,S,42.8,10,790.1777777777777,28.110100991952656,0,1,1,0,1,0,0,0,0,1,0,0,3,0,2,1,0,0,0,0,0,0,0,1,0,0,0,0,0
1845,1845.png,visMost419.png,data/vis1/visMost419.png,exact,I,48.2,10,418.84444444444443,20.465689444639885,0,0,0,1,1,1,0,0,0,0,1,16,0,1,1,1,0,0,0,0,1,0,0,0,0,0,0,0,0
1846,1846.png,v486_n7402_17_f1.png,data/science/v486_n7402_17_f1.png,exact,S,62.8,10,780.4,27.93564031841762,0,1,1,0,1,0,0,0,0,0,0,4,3,1,3,3,1,0,0,0,1,0,1,0,0,1,0,0,0
1847,1847.png,v489_n7414_30_f4.png,data/science/v489_n7414_30_f4.png,exact,S,62.0,10,814.8888888888889,28.546258754675524,0,1,1,0,0,0,1,0,0,1,0,0,4,6,6,2,1,0,1,0,0,0,0,0,0,0,1,0,0
1848,1848.png,v483_n7388_11_f1.png,data/science/v483_n7388_11_f1.png,exact,S,64.4,10,604.2666666666667,24.581836112598804,0,1,1,0,1,0,0,0,0,1,0,0,3,1,1,2,0,1,0,0,0,0,0,0,0,1,0,0,0
1849,1849.png,whoN28.png,data/government/whoN28.png,exact,G,35.2,10,778.6222222222223,27.90380300644022,0,1,1,1,0,0,1,0,0,0,0,6,2,1,1,2,0,0,1,0,0,1,0,0,0,0,0,0,0
1850,1850.png,wsj359.png,data/news/wsj359.png,exact,N,28.800000000000004,10,830.4000000000001,28.816661846924603,0,0,1,1,0,1,0,0,0,0,1,4,2,0,1,1,0,0,0,0,0,0,0,1,0,0,0,0,0
1851,1851.png,v489_n7416_21_f2.png,data/science/v489_n7416_21_f2.png,exact,S,52.6,10,976.4888888888889,31.24882220002682,0,1,1,0,1,0,1,0,0,0,0,4,7,1,4,3,1,0,0,1,0,0,0,1,0,0,1,0,0
1852,1852.png,np_53.png,data/news/np_53.png,exact,N,72.3,10,708.9,26.62517605575595,0,0,1,1,1,1,0,0,0,0,0,3,2,2,1,2,0,1,0,0,0,0,0,0,0,1,0,0,0
1853,1853.png,whoJ43_2.png,data/government/whoJ43_2.png,exact,G,47.0,10,1012.2222222222222,31.815439997306687,0,0,0,1,0,1,0,0,1,0,0,1,3,2,1,1,0,0,0,0,0,0,0,0,0,0,1,0,0
1854,1854.png,v490_n7419_16_f2.png,data/science/v490_n7419_16_f2.png,exact,S,64.7,10,688.4555555555555,26.238436606542614,0,0,0,0,1,0,0,0,0,0,1,6,0,0,3,1,1,0,0,0,1,0,0,0,0,0,0,0,0
1855,1855.png,visMost380.png,data/vis1/visMost380.png,exact,I,36.0,10,811.5555555555555,28.487814158961996,0,0,0,1,1,1,0,0,0,0,0,16,0,1,1,2,0,0,0,0,1,0,0,0,0,0,1,0,0
1856,1856.png,economist_daily_chart_224.png,data/news/economist_daily_chart_224.png,exact,N,50.6,10,650.0444444444445,25.495969180332104,0,1,1,1,0,1,1,0,0,0,1,6,2,3,2,1,1,0,1,0,0,0,0,0,0,0,0,0,0
1857,1857.png,economist_daily_chart_230.png,data/news/economist_daily_chart_230.png,exact,N,32.2,10,766.4,27.683930356797244,0,0,1,1,0,1,0,0,0,0,0,2,1,1,1,1,0,0,1,0,0,0,0,0,0,0,0,0,0
1858,1858.png,v487_n7406_12_f4.png,data/science/v487_n7406_12_f4.png,exact,S,68.0,10,891.5555555555555,29.85892756874492,0,1,1,1,0,0,1,1,0,1,0,0,4,0,5,3,1,0,1,0,0,0,0,1,1,0,0,0,0
1859,1859.png,vis16.png,data/vis2/vis16.png,exact,I,63.6,10,527.8222222222222,22.97438186812046,0,0,1,1,1,1,0,0,0,0,1,9,5,5,9,2,1,0,1,1,0,0,0,0,0,0,0,0,0
1860,1860.png,whoJ20_1.png,data/government/whoJ20_1.png,exact,G,37.0,10,287.3333333333333,16.950909513454825,0,1,1,1,1,1,1,0,0,0,0,6,1,2,2,2,1,0,1,0,0,0,0,0,1,0,0,0,0
1861,1861.png,visMost394.png,data/vis1/visMost394.png,exact,I,47.2,10,733.5111111111111,27.083410256301015,0,1,1,1,1,1,0,0,0,0,1,17,1,3,3,3,1,0,1,0,0,0,0,1,0,0,1,0,0
1862,1862.png,np_47.png,data/news/np_47.png,exact,N,43.9,10,1100.1,33.16775542601579,0,0,0,1,0,1,0,0,0,0,1,5,1,0,1,1,0,0,0,0,1,0,0,0,0,0,0,0,0
1863,1863.png,whoB26_1.png,data/government/whoB26_1.png,exact,G,27.4,10,854.711111111111,29.235442721311934,0,0,0,1,0,1,1,1,0,0,0,5,1,0,1,1,1,0,0,0,0,0,0,0,1,0,0,0,0
1864,1864.png,v488_n7410_4_f2.png,data/science/v488_n7410_4_f2.png,exact,S,95.0,10,49.111111111111114,7.007932013876213,0,0,1,0,1,0,1,1,0,0,0,12,5,3,5,3,1,0,0,0,0,0,1,0,0,1,0,0,1
1865,1865.png,v484_n7395_10_f2.png,data/science/v484_n7395_10_f2.png,exact,S,57.1,10,456.09999999999997,21.356497840235885,0,1,1,1,1,0,0,0,0,0,1,7,7,2,8,4,1,1,1,0,0,0,0,1,0,1,0,0,0
1866,1866.png,economist_daily_chart_218.png,data/news/economist_daily_chart_218.png,exact,N,44.1,10,1038.3222222222223,32.223007653262634,0,0,1,1,1,1,0,0,0,0,0,3,2,1,1,1,0,1,0,0,0,0,0,0,0,0,0,0,0
1867,1867.png,v484_n7392_22_f3.png,data/science/v484_n7392_22_f3.png,exact,S,73.1,10,564.3222222222222,23.755467206986737,0,1,1,0,1,0,1,0,0,0,0,3,5,1,4,2,1,0,0,0,0,1,0,0,0,0,1,0,0
1868,1868.png,visMost627.png,data/vis1/visMost627.png,exact,I,55.2,10,675.2888888888889,25.986321188057552,0,0,0,1,1,1,0,0,0,0,0,6,17,11,17,1,1,0,1,0,0,0,0,0,0,0,0,0,0
1869,1869.png,v483_n7389_8_f5.png,data/science/v483_n7389_8_f5.png,exact,S,79.4,10,279.15555555555557,16.70794887338226,0,1,1,0,0,0,0,0,0,0,0,10,6,1,6,3,1,1,0,0,0,0,1,1,0,0,0,0,0
1870,1870.png,vis772.png,data/vis3/vis772.png,exact,I,35.5,10,839.8333333333334,28.979878076578125,0,0,0,1,1,0,0,0,0,0,1,4,3,1,2,2,1,0,0,0,0,0,0,0,1,0,1,0,0
1871,1871.png,wsj173.png,data/news/wsj173.png,exact,N,37.9,10,975.2111111111111,31.228370292269673,0,1,1,1,1,1,0,0,0,0,1,2,1,2,9,2,1,0,1,0,0,0,0,0,0,0,1,0,0
1872,1872.png,visMost141.png,data/vis1/visMost141.png,exact,I,53.6,10,376.7111111111111,19.409047145883054,0,0,0,0,1,1,0,0,0,0,1,3,9,4,11,4,1,0,1,1,1,1,0,0,0,0,0,0,0
1873,1873.png,visMost155.png,data/vis1/visMost155.png,exact,I,65.3,10,521.5666666666666,22.83783410629534,0,1,1,1,1,1,0,0,0,0,1,7,3,5,14,5,1,1,1,1,1,0,0,0,0,0,1,0,0
1874,1874.png,v484_n7394_20_f1.png,data/science/v484_n7394_20_f1.png,exact,S,79.5,10,771.8333333333334,27.781888584711684,0,0,0,0,1,0,0,0,0,0,0,5,0,1,1,1,1,0,0,0,1,0,0,0,0,0,0,0,0
1875,1875.png,wsj167.png,data/news/wsj167.png,exact,N,22.7,10,857.7888888888889,29.288033202809792,0,1,1,1,1,1,0,0,0,0,1,4,2,0,1,2,0,1,0,0,0,0,0,1,0,0,0,0,0
1876,1876.png,wsj601.png,data/news/wsj601.png,exact,N,16.6,10,190.7111111111111,13.809819372863322,0,1,1,1,1,1,0,0,0,0,1,5,1,2,1,1,1,0,0,0,0,0,0,1,0,0,0,0,0
1877,1877.png,v487_n7406_6_f3.png,data/science/v487_n7406_6_f3.png,exact,S,60.6,10,565.1555555555556,23.773000558523435,0,1,1,0,0,0,0,0,0,0,0,3,8,0,16,1,1,1,0,0,0,0,0,0,0,0,0,0,0
1878,1878.png,visMost633.png,data/vis1/visMost633.png,exact,I,55.1,10,866.7666666666667,29.440901254320774,0,1,1,1,0,1,0,0,0,0,1,5,8,4,9,3,1,0,1,1,0,0,0,0,0,0,1,0,0
1879,1879.png,v490_n7419_20_f3.png,data/science/v490_n7419_20_f3.png,exact,S,63.3,10,1153.1222222222223,33.95765336742547,0,0,0,0,0,1,0,0,1,1,0,0,6,1,1,1,0,0,0,0,0,0,0,0,0,0,1,0,0
1880,1880.png,vis766.png,data/vis3/vis766.png,exact,I,53.9,10,709.2111111111111,26.631017838436275,0,1,0,1,1,1,0,0,0,0,1,5,4,1,8,4,1,0,1,1,0,0,0,1,0,0,1,0,0
1881,1881.png,visMost66.png,data/vis1/visMost66.png,exact,I,58.4,10,1105.6,33.250563904992646,0,1,1,1,1,1,1,0,0,0,1,5,9,4,7,4,1,1,0,0,1,0,0,1,0,1,0,0,0
1882,1882.png,v484_n7392_14_f2.png,data/science/v484_n7392_14_f2.png,exact,S,74.5,10,544.9444444444445,23.34404516026399,0,0,0,0,1,0,0,0,0,0,0,8,0,1,7,1,0,0,0,0,1,0,0,0,0,0,0,0,0
1883,1883.png,v485_n7400_15_f2.png,data/science/v485_n7400_15_f2.png,exact,S,41.3,10,814.6777777777778,28.5425608132448,0,1,1,0,0,0,0,0,0,0,0,12,1,1,6,3,0,1,1,0,0,1,0,0,0,0,0,0,0
1884,1884.png,v488_n7413_14_f4.png,data/science/v488_n7413_14_f4.png,exact,S,72.5,10,731.6111111111111,27.048310688675386,0,1,0,1,1,1,1,0,0,0,0,3,4,4,5,2,1,0,1,0,0,0,0,0,0,0,1,0,0
1885,1885.png,visMost169.png,data/vis1/visMost169.png,exact,I,62.2,10,522.4,22.856071403458643,0,1,0,1,1,1,0,0,0,0,0,12,5,6,8,5,1,1,1,1,1,0,0,0,0,0,1,0,0
1886,1886.png,visMost72.png,data/vis1/visMost72.png,exact,I,79.7,10,210.67777777777778,14.51474346234813,0,0,0,1,0,1,1,1,1,1,0,0,3,3,1,1,0,0,0,0,0,0,0,0,0,0,1,0,0
1887,1887.png,vis982.png,data/vis3/vis982.png,exact,I,56.9,10,236.54444444444445,15.38000144487784,0,0,0,1,1,1,0,0,0,0,0,10,5,4,7,4,1,0,1,1,1,0,0,0,0,0,1,0,0
1888,1888.png,v489_n7414_20_f1.png,data/science/v489_n7414_20_f1.png,exact,S,50.0,10,369.1111111111111,19.212264601319415,0,0,0,0,1,0,0,0,0,0,1,6,1,1,1,1,0,0,0,0,1,0,0,0,0,0,0,0,0
1889,1889.png,v483_n7389_21_f2.png,data/science/v483_n7389_21_f2.png,exact,S,78.7,10,885.3444444444444,29.75473818477394,0,1,1,0,1,0,1,0,0,0,1,2,9,8,26,3,1,0,1,0,0,0,0,0,0,1,1,0,0
1890,1890.png,visMost99.png,data/vis1/visMost99.png,exact,I,55.2,10,562.1777777777778,23.71028843725394,0,0,1,1,1,1,0,0,0,0,1,11,6,5,7,4,1,0,1,0,1,1,0,0,0,0,0,0,1
1891,1891.png,vis969.png,data/vis3/vis969.png,exact,I,13.3,10,262.6777777777778,16.2073371587617,0,0,1,1,0,1,0,0,0,0,0,28,0,1,1,1,0,0,0,0,0,0,1,0,0,0,0,0,0
1892,1892.png,visMost182.png,data/vis1/visMost182.png,exact,I,70.7,10,362.6777777777778,19.04410086556406,0,0,1,1,1,1,0,0,0,0,1,13,8,2,2,2,1,0,0,0,1,0,0,0,0,0,1,0,0
1893,1893.png,economist_daily_chart_22.png,data/news/economist_daily_chart_22.png,exact,N,9.5,10,220.27777777777777,14.841757907262124,0,0,1,1,0,1,0,0,0,0,0,1,1,1,1,1,0,0,1,0,0,0,0,0,0,0,0,0,0
1894,1894.png,v486_n7404_15_f3.png,data/science/v486_n7404_15_f3.png,exact,S,51.9,10,543.2111111111111,23.30688977772691,0,0,1,0,0,0,0,0,1,0,0,1,7,5,3,2,1,0,1,0,0,0,0,0,0,0,1,0,0
1895,1895.png,v489_n7417_11_f1.png,data/science/v489_n7417_11_f1.png,exact,S,66.9,10,436.76666666666665,20.89896329167231,0,0,1,0,1,0,1,0,0,0,0,10,2,3,3,2,1,0,0,0,1,0,0,0,1,0,0,0,0
1896,1896.png,economist_daily_chart_36.png,data/news/economist_daily_chart_36.png,exact,N,55.7,10,629.7888888888889,25.09559500966034,0,0,1,1,1,1,1,1,0,0,0,5,2,1,1,2,0,0,0,0,0,0,0,1,0,1,0,0,0
1897,1897.png,v486_n7403_3_f1.png,data/science/v486_n7403_3_f1.png,exact,S,79.7,10,215.56666666666666,14.682188755995023,0,1,1,0,1,0,0,0,0,1,0,0,4,1,12,3,1,0,1,0,1,1,0,0,0,0,0,0,0
1898,1898.png,v483_n7387_10_f1.png,data/science/v483_n7387_10_f1.png,exact,S,79.2,10,195.73333333333332,13.990472948879653,0,0,0,0,1,0,0,0,0,0,0,3,0,1,1,1,0,0,0,0,1,0,0,0,0,0,0,0,0
1899,1899.png,visMost196.png,data/vis1/visMost196.png,exact,I,56.7,10,707.3444444444444,26.59594789520472,0,1,1,1,1,1,1,0,0,0,1,6,8,5,7,4,1,0,1,1,0,1,0,1,0,0,0,0,0
1900,1900.png,visMost800.png,data/vis1/visMost800.png,exact,I,72.0,10,336.44444444444446,18.342421989596808,0,0,0,1,1,1,0,0,0,0,1,4,3,2,3,1,1,0,0,0,0,0,0,0,0,0,1,0,0
1901,1901.png,vis955.png,data/vis3/vis955.png,exact,I,67.2,10,245.95555555555555,15.682970240217749,0,0,0,1,1,1,0,0,0,0,1,9,1,5,8,2,1,0,0,0,1,0,0,0,0,0,1,0,0
1902,1902.png,v490_n7419_3_f3.png,data/science/v490_n7419_3_f3.png,exact,S,29.5,10,518.2777777777778,22.7657149630267,0,1,1,0,0,0,1,0,0,1,0,0,4,7,6,1,1,0,1,0,0,0,0,0,0,0,0,0,0
1903,1903.png,wsj198.png,data/news/wsj198.png,exact,N,44.2,10,735.0666666666667,27.11211291409555,0,0,0,1,1,1,0,0,0,0,1,3,0,2,2,2,0,0,0,0,1,0,0,0,0,0,1,0,0
1904,1904.png,treasuryK03_8.png,data/government/treasuryK03_8.png,exact,G,3.7,10,40.23333333333334,6.342975116877989,0,0,1,1,1,1,0,0,0,0,0,2,3,0,1,1,0,0,1,0,0,0,0,0,0,0,0,0,0
1905,1905.png,visMost814.png,data/vis1/visMost814.png,exact,I,64.2,10,664.8444444444444,25.784577647199196,0,0,0,1,1,1,0,0,0,0,1,8,3,5,8,4,1,0,1,1,1,0,0,0,0,0,1,0,0
1906,1906.png,v489_n7416_2_f2.png,data/science/v489_n7416_2_f2.png,exact,S,59.5,10,429.1666666666667,20.716338157760088,0,1,1,0,0,0,1,0,0,0,0,1,9,2,9,3,1,0,1,0,0,0,0,1,0,1,0,0,0
1907,1907.png,vis799.png,data/vis3/vis799.png,exact,I,34.7,10,377.34444444444443,19.425355709598843,0,0,0,1,1,1,0,0,0,0,1,21,0,1,5,1,1,0,0,0,1,0,0,0,0,0,0,0,0
1908,1908.png,vis941.png,data/vis3/vis941.png,exact,I,49.2,10,479.73333333333335,21.90281564852641,0,0,0,1,0,1,1,0,1,0,1,10,5,1,1,1,0,0,0,0,0,0,0,0,0,0,1,0,0
1909,1909.png,vis606.png,data/vis3/vis606.png,exact,I,49.3,10,266.23333333333335,16.316658154577283,0,0,1,1,1,1,0,0,0,0,1,8,4,3,20,5,1,1,1,0,0,1,0,0,1,1,0,0,0
1910,1910.png,whoJ10.png,data/government/whoJ10.png,exact,G,13.8,10,175.06666666666666,13.231276078544603,0,0,0,1,1,1,1,0,0,0,0,4,1,1,1,1,0,0,0,1,0,0,0,0,0,0,0,0,0
1911,1911.png,v485_n7400_19_f2.png,data/science/v485_n7400_19_f2.png,exact,S,56.6,10,401.3777777777778,20.034414834922874,0,1,1,0,1,0,1,0,0,0,0,2,4,1,3,2,1,0,1,0,1,0,0,0,0,0,0,0,0
1912,1912.png,visMost753.png,data/vis1/visMost753.png,exact,I,42.6,10,793.1555555555556,28.163017515095138,0,0,0,1,1,1,0,0,0,0,0,14,1,1,1,2,0,0,0,0,1,0,0,0,0,0,1,0,0
1913,1913.png,economist_daily_chart_191.png,data/news/economist_daily_chart_191.png,exact,N,15.3,10,136.45555555555555,11.681419244062578,0,0,0,1,1,0,0,0,0,0,0,2,0,1,1,1,0,0,0,0,0,0,0,0,1,0,0,0,0
1914,1914.png,v488_n7413_18_f4.png,data/science/v488_n7413_18_f4.png,exact,S,69.8,10,531.7333333333333,23.059343731627173,0,1,1,0,1,0,1,0,0,0,0,10,2,6,4,3,1,0,1,0,1,0,1,0,0,0,0,0,0
1915,1915.png,whoH01_1.png,data/government/whoH01_1.png,exact,G,8.4,10,585.8222222222221,24.203764629127885,0,0,0,1,1,0,0,0,0,0,1,7,1,1,1,1,1,0,0,1,0,0,0,0,0,0,0,0,0
1916,1916.png,vis160.png,data/vis2/vis160.png,exact,I,42.1,10,399.8777777777778,19.996944210998283,0,0,0,1,1,1,0,0,0,0,1,18,0,3,3,1,1,0,0,0,1,0,0,0,0,0,0,0,0
1917,1917.png,vis174.png,data/vis2/vis174.png,exact,I,41.0,10,256.0,16.0,0,0,0,1,1,1,0,0,0,0,1,6,3,1,4,3,1,0,0,1,0,1,0,0,1,0,0,0,0
1918,1918.png,v487_n7408_17_f3.png,data/science/v487_n7408_17_f3.png,exact,S,73.3,10,569.7888888888889,23.870251127478507,0,1,1,0,0,0,1,0,0,1,0,0,5,4,8,2,1,0,1,0,0,0,0,0,0,0,1,0,0
1919,1919.png,economist_daily_chart_185.png,data/news/economist_daily_chart_185.png,exact,N,14.5,10,410.05555555555554,20.249828531509976,0,0,1,1,0,1,1,0,0,0,0,2,1,2,1,1,0,0,1,0,0,0,0,0,0,0,0,0,0
1920,1920.png,treasuryD06_2.png,data/government/treasuryD06_2.png,exact,G,14.0,10,249.55555555555554,15.797327481430381,0,0,0,1,0,1,1,1,0,0,0,6,1,1,1,1,0,0,0,0,0,0,0,0,1,0,0,0,0
1921,1921.png,vis612.png,data/vis3/vis612.png,exact,I,70.0,10,507.1111111111111,22.519127672072713,0,0,0,1,1,1,0,0,0,0,1,10,10,3,14,3,1,0,0,1,1,0,0,0,0,1,0,0,0
1922,1922.png,whoJ04.png,data/government/whoJ04.png,exact,G,60.0,10,552.4444444444445,23.504136751738926,0,1,1,0,1,1,1,0,0,0,0,6,3,3,4,3,1,0,1,0,0,0,0,0,1,1,0,0,0
1923,1923.png,v490_n7420_10_f2.png,data/science/v490_n7420_10_f2.png,exact,S,57.0,10,743.1111111111111,27.26006440034783,0,1,1,0,0,0,1,0,0,0,0,6,3,2,4,1,1,0,0,0,0,0,0,1,0,0,0,0,0
1924,1924.png,v484_n7392_18_f2.png,data/science/v484_n7392_18_f2.png,exact,S,71.8,10,709.5111111111111,26.636649772655552,0,1,1,0,1,0,1,0,0,0,0,3,11,3,15,2,1,0,1,0,0,0,0,1,0,0,0,0,0
1925,1925.png,visMost747.png,data/vis1/visMost747.png,exact,I,64.4,10,562.7111111111111,23.721532646756007,0,0,1,1,1,0,0,0,0,0,1,10,4,4,6,3,1,0,1,0,1,1,0,0,0,0,0,0,0
1926,1926.png,v487_n7407_20_f2.png,data/science/v487_n7407_20_f2.png,exact,S,82.3,10,325.7888888888889,18.04962295697306,0,1,1,0,0,0,1,0,0,0,0,6,2,1,2,2,0,0,0,0,0,0,0,0,0,1,0,0,1
1927,1927.png,np_8.png,data/news/np_8.png,exact,N,71.9,10,464.1,21.542980295214495,0,0,1,1,1,1,0,0,0,0,0,9,3,2,8,2,1,0,1,0,0,0,1,0,0,0,0,0,0
1928,1928.png,v489_n7414_22_f4.png,data/science/v489_n7414_22_f4.png,exact,S,45.2,10,712.6222222222223,26.6949849638883,0,1,1,0,1,0,0,0,0,0,0,4,5,0,4,2,1,0,0,0,1,0,0,1,0,0,0,0,0
1929,1929.png,vis148.png,data/vis2/vis148.png,exact,I,64.4,10,602.0444444444445,24.53659398621668,0,0,0,1,1,1,0,0,1,0,1,8,2,4,4,2,1,0,0,0,1,0,0,0,0,0,1,0,0
1930,1930.png,v488_n7413_5_f5.png,data/science/v488_n7413_5_f5.png,exact,S,37.1,10,687.6555555555556,26.223187364535907,0,1,1,0,0,0,0,0,0,0,0,6,12,0,11,4,1,1,1,0,0,1,0,1,0,0,0,0,0
1931,1931.png,economist_daily_chart_152.png,data/news/economist_daily_chart_152.png,exact,N,34.1,10,446.7666666666667,21.13685564758076,0,0,1,1,0,1,1,0,0,0,0,4,1,2,1,1,0,0,0,0,0,0,0,0,0,1,0,0,0
1932,1932.png,visMost790.png,data/vis1/visMost790.png,exact,I,63.3,10,830.0111111111111,28.809913417278974,0,0,0,1,1,1,0,0,0,0,1,12,0,3,8,3,1,0,0,1,1,0,0,0,0,0,1,0,0
1933,1933.png,v488_n7409_1_f1.png,data/science/v488_n7409_1_f1.png,exact,S,82.7,10,310.0111111111111,17.607132393184052,0,1,1,0,0,0,1,1,0,0,0,10,3,9,2,1,1,0,0,0,0,0,1,0,0,0,0,0,0
1934,1934.png,treasuryB11.png,data/government/treasuryB11.png,exact,G,47.6,10,233.15555555555557,15.269432063949058,0,0,1,1,1,1,0,0,0,0,0,4,2,1,1,1,0,1,0,0,0,0,0,0,0,0,0,0,0
1935,1935.png,v485_n7398_22_f1.png,data/science/v485_n7398_22_f1.png,exact,S,86.7,10,251.12222222222223,15.8468363474298,0,1,1,1,1,0,0,0,0,0,0,14,5,3,8,4,1,0,1,0,1,1,1,0,0,0,0,0,0
1936,1936.png,whoQ14_3.png,data/government/whoQ14_3.png,exact,G,32.6,10,349.3777777777778,18.691649947978853,0,0,1,1,0,1,1,0,0,0,0,5,2,1,1,1,0,0,1,0,0,0,0,0,0,0,0,0,0
1937,1937.png,v486_n7402_1_f4.png,data/science/v486_n7402_1_f4.png,exact,S,76.1,10,674.5444444444445,25.97199346304485,0,0,1,0,1,0,0,1,0,0,0,6,4,1,20,2,1,1,0,0,0,0,0,0,0,0,1,0,0
1938,1938.png,v490_n7420_7_f3.png,data/science/v490_n7420_7_f3.png,exact,S,59.0,10,546.0,23.366642891095847,0,1,1,0,1,0,0,0,0,0,0,1,2,1,1,1,0,0,0,0,0,0,0,1,0,0,0,0,0
1939,1939.png,v486_n7403_25_f7.png,data/science/v486_n7403_25_f7.png,exact,S,74.8,10,223.51111111111112,14.950287994253191,0,0,1,0,1,0,1,0,0,0,0,10,1,3,2,2,1,0,1,0,0,0,0,0,0,0,1,0,0
1940,1940.png,treasuryB05.png,data/government/treasuryB05.png,exact,G,64.6,10,644.7111111111111,25.391162066969503,0,0,0,1,1,1,1,1,0,0,0,6,0,3,1,1,0,0,0,0,1,0,0,0,0,0,0,0,0
1941,1941.png,vis809.png,data/vis3/vis809.png,exact,I,64.6,10,222.04444444444445,14.901155809011744,0,1,1,1,1,1,1,0,0,0,1,18,15,6,17,4,1,0,1,1,0,1,0,0,0,0,1,0,0
1942,1942.png,visMost784.png,data/vis1/visMost784.png,exact,I,61.9,10,828.5444444444445,28.784447961433003,0,0,0,1,1,1,0,0,1,0,1,5,0,1,7,2,1,0,0,0,1,0,0,0,0,0,1,0,0
1943,1943.png,v486_n7403_1_f4.png,data/science/v486_n7403_1_f4.png,exact,S,69.5,10,316.72222222222223,17.796691327946952,0,0,0,0,1,0,0,0,0,1,0,0,1,0,1,1,1,0,0,0,1,0,0,0,0,0,0,0,0
1944,1944.png,economist_daily_chart_146.png,data/news/economist_daily_chart_146.png,exact,N,37.4,10,256.4888888888889,16.015270490656373,0,0,0,1,0,1,1,0,0,0,0,5,1,1,2,1,1,0,0,0,0,0,0,0,1,0,0,0,0
1945,1945.png,treasuryG07_2.png,data/government/treasuryG07_2.png,exact,G,14.9,10,304.5444444444445,17.45120180516071,0,0,1,1,0,1,1,0,0,0,0,3,2,1,1,1,0,0,0,0,0,0,0,1,0,0,0,0,0
1946,1946.png,v483_n7390_21_f1.png,data/science/v483_n7390_21_f1.png,exact,S,79.7,10,299.34444444444443,17.301573467301882,0,1,1,0,1,0,0,0,0,0,0,6,3,1,3,3,1,0,0,0,1,0,0,1,0,1,0,0,0
1947,1947.png,vis821.png,data/vis3/vis821.png,exact,I,70.6,10,431.8222222222222,20.78033258208882,0,1,1,1,1,1,1,0,0,0,1,12,9,10,22,6,1,0,1,1,0,0,1,1,0,1,1,0,0
1948,1948.png,v490_n7419_1_f6.png,data/science/v490_n7419_1_f6.png,exact,S,42.7,10,601.1222222222223,24.517793991756726,0,0,0,0,1,0,0,0,0,0,0,2,0,1,1,1,0,0,0,0,1,0,0,0,0,0,0,0,0
1949,1949.png,v488_n7411_21_f3.png,data/science/v488_n7411_21_f3.png,exact,S,80.4,10,599.6,24.48673110074107,0,1,1,0,1,0,1,0,0,0,0,5,3,5,5,3,1,0,1,0,1,0,1,0,0,0,0,0,0
1950,1950.png,v482_n7386_12_f2.png,data/science/v482_n7386_12_f2.png,exact,S,79.4,10,174.7111111111111,13.217833071691862,0,1,1,0,1,0,1,0,0,0,0,4,9,4,7,4,1,0,1,0,1,0,0,1,0,1,0,0,0
1951,1951.png,vis835.png,data/vis3/vis835.png,exact,I,76.1,10,357.2111111111111,18.900029394450982,0,0,0,1,1,1,0,0,0,0,1,10,8,8,16,4,1,0,1,1,1,0,0,0,0,0,1,0,0
1952,1952.png,v486_n7404_19_f3.png,data/science/v486_n7404_19_f3.png,exact,S,74.8,10,645.5111111111112,25.406910695932932,0,1,1,0,0,0,1,0,0,1,0,0,5,3,7,4,1,0,1,0,1,0,0,1,0,0,1,0,0
1953,1953.png,vis362.png,data/vis2/vis362.png,exact,I,71.7,10,149.7888888888889,12.238827104297572,0,0,0,1,1,1,0,0,0,0,0,13,0,0,11,1,1,0,0,0,1,0,0,0,0,0,0,0,0
1954,1954.png,wsj29.png,data/news/wsj29.png,exact,N,17.2,10,320.6222222222222,17.90592701376341,0,0,1,1,1,1,0,0,0,0,1,3,2,0,1,1,0,0,1,0,0,0,0,0,0,0,0,0,0
1955,1955.png,visMost237.png,data/vis1/visMost237.png,exact,I,68.1,10,89.43333333333334,9.456919865015953,0,0,0,1,1,1,1,0,0,0,0,6,1,3,1,3,0,1,0,1,0,0,0,0,0,1,0,0,0
1956,1956.png,wsj205.png,data/news/wsj205.png,exact,N,19.2,10,285.9555555555555,16.91022044668713,0,0,0,1,1,1,0,0,1,0,0,5,3,3,3,1,1,0,0,1,0,0,0,0,0,0,0,0,0
1957,1957.png,wsj563.png,data/news/wsj563.png,exact,N,40.5,10,409.1666666666667,20.227868564598364,0,1,1,1,1,1,0,0,0,0,1,13,4,2,3,2,1,0,1,0,0,0,0,1,0,0,0,0,0
1958,1958.png,v483_n7391_3_f3.png,data/science/v483_n7391_3_f3.png,exact,S,61.3,10,686.6777777777778,26.204537350958475,0,1,1,0,1,0,0,0,0,1,0,0,3,2,6,1,1,0,0,0,0,1,0,0,0,0,0,0,0
1959,1959.png,economist_daily_chart_393.png,data/news/economist_daily_chart_393.png,exact,N,23.7,10,430.0111111111111,20.736709264276026,0,1,0,1,0,1,1,0,0,0,1,4,1,2,1,1,0,0,0,0,0,0,0,0,0,1,0,0,0
1960,1960.png,visMost551.png,data/vis1/visMost551.png,exact,I,23.6,10,466.26666666666665,21.59320880894423,0,0,0,1,1,1,0,0,0,0,1,4,1,0,10,3,1,0,0,1,0,1,0,0,0,0,1,0,0
1961,1961.png,vis404.png,data/vis2/vis404.png,exact,I,34.4,10,689.6,26.260236099471765,0,0,1,1,1,1,0,0,0,0,1,13,5,1,3,2,1,0,1,1,0,0,0,0,0,0,0,0,0
1962,1962.png,visMost545.png,data/vis1/visMost545.png,exact,I,47.2,10,482.17777777777775,21.958546804781452,0,0,0,1,1,1,0,0,0,0,1,2,0,1,2,2,0,0,0,0,1,0,0,0,0,0,1,0,0
1963,1963.png,vis410.png,data/vis2/vis410.png,exact,I,56.1,10,199.2111111111111,14.114216631152829,0,0,0,1,1,1,0,0,0,0,1,12,2,3,7,3,1,0,0,1,1,0,0,0,0,0,1,0,0
1964,1964.png,wsj577.png,data/news/wsj577.png,exact,N,62.2,10,544.4,23.332380932943813,0,1,1,1,0,1,1,1,0,0,1,5,4,3,6,3,1,0,1,1,0,0,0,1,0,0,0,0,0
1965,1965.png,economist_daily_chart_387.png,data/news/economist_daily_chart_387.png,exact,N,26.4,10,392.7111111111111,19.816940003721843,0,0,0,1,1,1,0,0,0,0,1,6,2,2,6,2,0,0,0,1,0,0,0,0,0,0,1,0,0
1966,1966.png,wsj211.png,data/news/wsj211.png,exact,N,34.2,10,87.06666666666666,9.330952077181978,0,0,1,1,1,1,0,0,0,0,1,11,3,0,2,1,1,0,0,0,0,0,0,1,0,0,0,0,0
1967,1967.png,v483_n7390_3_f3.png,data/science/v483_n7390_3_f3.png,exact,S,68.7,10,476.9,21.83804020510998,0,1,1,0,0,0,1,0,0,0,0,3,6,4,11,1,1,0,0,0,0,0,0,1,0,0,0,0,0
1968,1968.png,vis376.png,data/vis2/vis376.png,exact,I,62.9,10,338.3222222222222,18.393537512458614,0,0,0,1,1,1,0,0,0,0,1,13,0,0,9,2,1,0,0,0,1,0,0,0,0,0,1,0,0
1969,1969.png,visMost223.png,data/vis1/visMost223.png,exact,I,70.9,10,950.3222222222222,30.827296706364347,0,0,0,1,1,1,0,0,0,0,1,12,6,0,8,2,1,0,0,0,0,1,0,0,0,0,1,0,0
1970,1970.png,wsj239.png,data/news/wsj239.png,exact,N,29.6,10,419.3777777777778,20.478715237479566,0,0,0,1,1,1,1,0,0,0,1,2,2,4,2,2,1,0,1,0,0,0,0,0,1,0,0,0,0
1971,1971.png,v489_n7415_3_f5.png,data/science/v489_n7415_3_f5.png,exact,S,52.3,10,629.3444444444444,25.08673841782635,0,1,1,0,1,0,0,0,0,0,0,1,1,2,7,2,1,0,1,0,0,0,0,0,0,0,1,0,0
1972,1972.png,v487_n7408_1_f3.png,data/science/v487_n7408_1_f3.png,exact,S,80.8,10,441.06666666666666,21.00158724160311,0,1,1,0,1,0,0,0,0,0,0,5,1,2,9,3,1,0,1,0,1,0,0,0,0,0,1,0,0
1973,1973.png,wsj15.png,data/news/wsj15.png,exact,N,42.5,10,619.3888888888889,24.887524764204432,0,0,0,1,0,1,1,1,0,0,1,5,1,1,1,1,0,0,0,0,0,0,0,0,1,0,0,0,0
1974,1974.png,vis438.png,data/vis2/vis438.png,exact,I,36.4,10,415.3777777777778,20.38081886916661,0,0,0,1,1,1,0,0,0,0,0,4,5,3,8,2,1,0,0,1,1,0,0,0,0,0,0,0,0
1975,1975.png,v485_n7397_23_f1.png,data/science/v485_n7397_23_f1.png,exact,S,80.1,10,245.65555555555557,15.673402807162061,0,1,1,0,1,0,1,0,0,0,0,8,7,2,11,4,1,0,1,0,1,0,0,1,0,0,1,0,0
1976,1976.png,v487_n7405_21_f1.png,data/science/v487_n7405_21_f1.png,exact,S,71.6,10,408.26666666666665,20.205609782104244,0,0,1,0,1,0,1,0,0,0,0,7,1,2,2,1,1,0,0,0,1,0,0,0,0,0,0,0,0
1977,1977.png,v483_n7391_11_f2.png,data/science/v483_n7391_11_f2.png,exact,S,76.3,10,299.34444444444443,17.301573467301882,0,1,1,0,1,0,1,0,0,0,0,13,11,1,10,3,1,1,0,0,0,0,0,1,0,1,0,0,0
1978,1978.png,visMost579.png,data/vis1/visMost579.png,exact,I,67.8,10,467.9555555555556,21.632280405809176,0,0,0,1,1,0,0,0,0,0,1,13,0,2,1,1,0,0,0,0,0,0,0,0,0,0,0,0,1
1979,1979.png,v489_n7414_3_f5.png,data/science/v489_n7414_3_f5.png,exact,S,66.1,10,435.2111111111111,20.861714002236514,0,1,1,0,1,0,1,0,0,0,0,9,9,4,8,4,1,0,0,1,0,1,1,1,0,0,0,0,0
1980,1980.png,v488_n7411_17_f2.png,data/science/v488_n7411_17_f2.png,exact,S,75.0,10,295.55555555555554,17.191729277636835,0,1,0,1,1,0,0,0,0,1,0,0,9,3,11,2,1,0,1,0,0,0,0,0,0,1,0,0,0
1981,1981.png,v483_n7388_13_f4.png,data/science/v483_n7388_13_f4.png,exact,S,40.2,10,375.9555555555556,19.389573372190416,0,1,1,0,1,0,0,0,0,0,0,20,0,9,2,2,0,0,0,0,0,0,0,0,0,0,1,0,1
1982,1982.png,economist_daily_chart_436.png,data/news/economist_daily_chart_436.png,exact,N,14.7,10,427.5666666666666,20.677685234732312,0,0,1,1,0,1,1,0,0,0,1,3,2,3,1,1,0,0,1,0,0,0,0,0,0,0,0,0,0
1983,1983.png,v488_n7411_8_f2.png,data/science/v488_n7411_8_f2.png,exact,S,51.4,10,452.93333333333334,21.282230459548487,0,1,1,0,0,0,1,1,0,0,0,7,8,1,4,3,1,1,0,0,0,1,0,1,0,0,0,0,0
1984,1984.png,visMost592.png,data/vis1/visMost592.png,exact,I,55.8,10,822.6222222222221,28.681391567046084,0,0,0,1,1,1,0,0,0,0,0,23,0,1,1,1,0,0,0,0,1,0,0,0,0,0,0,0,0
1985,1985.png,whoF09.png,data/government/whoF09.png,exact,G,27.3,10,654.9000000000001,25.591014047903613,0,1,1,1,0,1,1,0,0,0,1,3,1,3,1,1,1,0,1,0,0,0,0,0,0,0,0,0,0
1986,1986.png,whoQ53_1.png,data/government/whoQ53_1.png,exact,G,11.6,10,255.6,15.987495113369073,0,0,1,1,0,0,1,0,0,0,0,3,1,2,1,1,0,0,1,0,0,0,0,0,0,0,0,0,0
1987,1987.png,v487_n7408_21_f2.png,data/science/v487_n7408_21_f2.png,exact,S,71.4,10,806.9333333333333,28.406572009542675,0,1,1,0,0,0,1,0,0,0,0,4,4,8,12,4,1,0,1,0,0,0,0,1,0,1,1,0,0
1988,1988.png,whoQ38.png,data/government/whoQ38.png,exact,G,52.5,10,159.16666666666666,12.616127245183709,0,1,1,1,0,1,0,0,0,0,0,5,5,1,4,1,1,0,0,0,0,0,0,0,0,1,0,0,0
1989,1989.png,economist_daily_chart_350.png,data/news/economist_daily_chart_350.png,exact,N,25.7,10,247.56666666666666,15.734251385644843,0,0,0,0,1,0,1,1,0,0,1,7,1,1,1,1,0,0,0,0,0,0,0,0,1,0,0,0,0
1990,1990.png,v488_n7410_8_f2.png,data/science/v488_n7410_8_f2.png,exact,S,41.6,10,622.2666666666667,24.945273433391478,0,1,1,0,1,0,1,0,0,0,0,2,4,2,2,2,1,0,0,0,0,0,0,1,0,1,0,0,0
1991,1991.png,economist_daily_chart_344.png,data/news/economist_daily_chart_344.png,exact,N,5.7,10,64.23333333333333,8.014570065407959,0,0,1,1,0,1,0,0,0,0,1,3,1,1,1,1,0,0,1,0,0,0,0,0,0,0,0,0,0
1992,1992.png,visMost586.png,data/vis1/visMost586.png,exact,I,59.8,10,621.5111111111111,24.93012457070985,0,1,0,1,1,1,1,0,0,0,1,4,6,3,13,4,1,0,1,1,1,0,0,0,0,0,1,0,0
1993,1993.png,whoQ30_2.png,data/government/whoQ30_2.png,exact,G,46.4,10,495.82222222222225,22.26706586468505,0,1,1,1,0,1,1,0,0,0,0,5,2,1,1,1,0,0,0,0,0,0,0,0,0,1,0,0,0
1994,1994.png,economist_daily_chart_422.png,data/news/economist_daily_chart_422.png,exact,N,32.7,10,398.67777777777775,19.966917082458618,0,1,0,1,1,1,0,0,0,0,0,3,2,0,1,1,0,0,0,0,0,0,0,0,0,1,0,0,0
1995,1995.png,whoQ04.png,data/government/whoQ04.png,exact,G,27.0,10,444.22222222222223,21.076579946049648,0,0,0,1,0,1,0,0,1,0,0,2,0,1,1,1,0,0,0,0,1,0,0,0,0,0,0,0,0
1996,1996.png,whoF21.png,data/government/whoF21.png,exact,G,36.5,10,471.3888888888889,21.711492092642757,0,0,1,1,1,0,0,0,0,0,1,7,2,2,1,1,1,0,1,0,0,0,0,0,0,0,0,0,0
1997,1997.png,wsj588.png,data/news/wsj588.png,exact,N,35.1,10,286.1,16.91449082887215,0,0,0,1,1,1,0,0,0,0,1,4,3,3,3,1,1,0,1,0,0,0,0,0,0,0,0,0,0
1998,1998.png,economist_daily_chart_378.png,data/news/economist_daily_chart_378.png,exact,N,51.6,10,506.26666666666665,22.500370367322105,0,0,1,1,1,1,0,0,0,0,1,11,4,3,4,2,1,0,1,1,0,0,0,0,0,0,0,0,0
1999,1999.png,vis389.png,data/vis2/vis389.png,exact,I,79.0,10,408.0,20.199009876724155,0,0,1,1,0,1,1,0,0,0,0,5,0,1,1,1,0,0,0,0,0,0,0,0,0,0,0,0,1
2000,2000.png,v487_n7405_9_f1.png,data/science/v487_n7405_9_f1.png,exact,S,57.7,10,842.6777777777778,29.02891279014386,0,0,0,0,1,0,0,0,0,0,0,6,0,0,3,1,0,0,0,0,1,0,0,0,0,0,0,0,0
2001,2001.png,economist_daily_chart_379.png,data/news/economist_daily_chart_379.png,exact,N,12.0,10,96.0,9.797958971132712,0,0,1,1,0,1,1,0,0,0,1,4,1,2,1,1,0,0,1,0,0,0,0,0,0,0,0,0,0
2002,2002.png,wsj589.png,data/news/wsj589.png,exact,N,34.4,10,665.1555555555556,25.79060983295191,0,0,0,1,1,1,1,1,0,0,1,4,0,1,1,1,0,0,0,0,0,0,0,0,1,0,0,0,0
2003,2003.png,v485_n7400_8_f4.png,data/science/v485_n7400_8_f4.png,exact,S,66.8,10,443.73333333333335,21.064978835340266,0,1,1,0,1,0,0,0,0,0,0,4,6,0,3,2,1,0,0,0,0,0,0,1,0,1,0,0,0
2004,2004.png,v485_n7397_5_f1.png,data/science/v485_n7397_5_f1.png,exact,S,77.0,10,90.22222222222223,9.498537899183338,0,1,1,0,0,0,1,0,0,0,0,2,2,1,1,1,0,0,0,0,0,0,0,0,0,1,0,0,0
2005,2005.png,whoF20.png,data/government/whoF20.png,exact,G,25.4,10,232.93333333333334,15.26215362697327,0,1,1,1,1,1,0,0,0,0,1,5,2,1,1,1,1,0,0,0,0,0,0,1,0,0,0,0,0
2006,2006.png,vis388.png,data/vis2/vis388.png,exact,I,58.9,10,383.43333333333334,19.581453810515022,0,0,0,1,1,1,0,0,0,0,1,15,21,2,9,3,1,0,1,1,0,0,0,0,0,0,1,0,0
2007,2007.png,v488_n7413_20_f1.png,data/science/v488_n7413_20_f1.png,exact,S,65.8,10,655.0666666666667,25.594270192108755,0,1,1,0,0,0,1,0,0,1,0,0,4,5,7,2,1,0,1,0,1,0,0,0,0,0,0,0,0
2008,2008.png,v485_n7396_5_f1.png,data/science/v485_n7396_5_f1.png,exact,S,82.8,10,575.0666666666666,23.980547672367006,0,1,1,0,1,0,0,0,0,0,0,8,9,2,5,3,1,0,1,0,0,1,0,0,0,0,1,0,0
2009,2009.png,whoQ05.png,data/government/whoQ05.png,exact,G,31.8,10,301.5111111111111,17.364075302506354,0,0,1,1,0,1,1,0,0,0,0,2,1,2,4,1,1,0,1,0,0,0,0,0,0,0,0,0,0
2010,2010.png,visMost587.png,data/vis1/visMost587.png,exact,I,61.3,10,240.23333333333335,15.499462356266857,0,0,1,1,1,1,0,0,0,0,1,10,5,5,9,5,1,0,1,1,0,0,0,1,0,0,1,0,1
2011,2011.png,treasuryG05_1.png,data/government/treasuryG05_1.png,exact,G,36.1,10,412.9888888888889,20.322128060045504,0,0,1,1,1,1,0,0,0,0,0,2,3,0,1,1,0,0,0,0,0,0,0,1,0,0,0,0,0
2012,2012.png,v488_n7410_8_f3.png,data/science/v488_n7410_8_f3.png,exact,S,66.9,10,414.5444444444445,20.360364545961463,0,0,0,0,0,0,0,0,1,0,0,2,0,4,1,1,0,0,0,0,1,0,0,0,0,0,0,0,0
2013,2013.png,economist_daily_chart_423.png,data/news/economist_daily_chart_423.png,exact,N,24.3,10,356.6777777777778,18.885914798541737,0,0,1,1,0,1,1,0,0,0,1,5,1,2,1,1,0,0,1,0,0,0,0,0,0,0,0,0,0
2014,2014.png,whoK24_1.png,data/government/whoK24_1.png,exact,G,26.3,10,208.67777777777778,14.445683707522388,0,0,1,1,1,1,1,0,0,0,0,3,2,2,1,1,0,0,1,0,0,0,0,0,0,0,0,0,0
2015,2015.png,v488_n7411_8_f3.png,data/science/v488_n7411_8_f3.png,exact,S,63.3,10,604.4555555555555,24.58567785430281,0,0,1,0,0,0,0,1,0,0,0,4,3,1,3,1,1,0,0,0,0,0,1,0,0,0,0,0,0
2016,2016.png,economist_daily_chart_437.png,data/news/economist_daily_chart_437.png,exact,N,29.8,10,457.9555555555556,21.399896157588138,0,0,1,1,0,1,1,0,0,0,1,6,3,2,2,1,1,0,0,0,0,0,0,1,0,0,0,0,0
2017,2017.png,economist_daily_chart_351.png,data/news/economist_daily_chart_351.png,exact,N,17.9,10,280.32222222222225,16.74282599271169,0,0,1,1,0,1,0,0,0,0,1,3,2,1,2,1,1,0,1,0,0,0,0,0,0,0,0,0,0
2018,2018.png,v487_n7408_21_f3.png,data/science/v487_n7408_21_f3.png,exact,S,72.9,10,884.5444444444445,29.741291909472334,0,0,1,0,0,0,0,0,0,0,0,1,1,6,5,2,1,0,0,1,0,1,0,0,0,0,0,0,0
2019,2019.png,visMost593.png,data/vis1/visMost593.png,exact,I,33.0,10,448.6666666666667,21.18175315375634,0,0,0,1,1,1,0,0,0,0,1,8,9,5,3,2,1,0,0,0,1,0,0,0,0,0,1,0,0
2020,2020.png,whoF08.png,data/government/whoF08.png,exact,G,22.3,10,206.01111111111112,14.35308716308485,0,0,0,1,1,1,0,0,0,0,0,10,1,2,2,2,1,0,1,1,0,0,0,0,0,0,0,0,0
2021,2021.png,whoC04_2.png,data/government/whoC04_2.png,exact,G,18.4,10,476.7111111111111,21.83371500938654,0,1,1,1,0,0,1,0,0,0,0,1,3,1,1,1,1,0,1,0,0,0,0,0,0,0,0,0,0
2022,2022.png,v489_n7414_3_f4.png,data/science/v489_n7414_3_f4.png,exact,S,76.3,10,664.9,25.785654926722337,0,1,1,1,1,0,0,0,0,0,0,10,3,2,5,3,1,0,0,0,1,1,0,1,0,0,0,0,0
2023,2023.png,visMost578.png,data/vis1/visMost578.png,exact,I,46.7,10,308.23333333333335,17.556575216520258,0,0,0,1,1,1,1,1,0,0,1,12,4,1,5,2,1,0,0,0,1,0,0,0,0,0,1,0,0
2024,2024.png,v483_n7390_19_f4.png,data/science/v483_n7390_19_f4.png,exact,S,68.5,10,854.0555555555555,29.224228912933793,0,1,1,0,0,0,1,0,0,0,0,4,4,5,8,3,1,0,1,0,0,1,0,1,0,0,0,0,0
2025,2025.png,v488_n7411_17_f3.png,data/science/v488_n7411_17_f3.png,exact,S,71.4,10,785.1555555555556,28.020627322662772,0,0,1,0,0,0,1,0,0,1,0,0,5,4,8,2,1,0,1,0,0,1,0,0,0,0,0,0,0
2026,2026.png,wsj14.png,data/news/wsj14.png,exact,N,20.9,10,313.43333333333334,17.704048501213876,0,0,1,1,1,1,1,0,0,0,1,4,3,1,2,1,1,0,1,0,0,0,0,0,0,0,0,0,0
2027,2027.png,v487_n7408_1_f2.png,data/science/v487_n7408_1_f2.png,exact,S,80.3,10,303.1222222222222,17.410405573168656,0,1,1,0,0,0,0,0,0,0,0,3,4,2,7,3,1,0,1,0,0,0,0,1,0,1,0,0,0
2028,2028.png,v489_n7415_3_f4.png,data/science/v489_n7415_3_f4.png,exact,S,62.2,10,496.84444444444443,22.290007726433036,0,1,1,0,1,0,1,0,0,0,0,5,3,1,6,1,1,0,0,0,0,0,0,1,0,0,0,0,0
2029,2029.png,wsj238.png,data/news/wsj238.png,exact,N,16.9,10,235.4333333333333,15.3438369821024,0,0,0,1,1,1,0,0,0,0,0,2,3,0,1,1,1,1,0,0,0,0,0,0,0,0,0,0,0
2030,2030.png,v483_n7391_11_f3.png,data/science/v483_n7391_11_f3.png,exact,S,55.2,10,601.0666666666666,24.516661001585568,0,1,1,0,0,0,1,0,0,0,0,1,3,1,3,1,1,0,0,0,0,0,0,1,0,0,0,0,0
2031,2031.png,vis439.png,data/vis2/vis439.png,exact,I,47.6,10,769.1555555555556,27.73365384430179,0,0,0,1,1,1,1,1,0,0,1,13,3,4,6,3,1,0,0,1,0,0,0,0,1,0,1,0,0
2032,2032.png,v488_n7410_11_f1.png,data/science/v488_n7410_11_f1.png,exact,S,37.2,10,1612.8444444444444,40.16023461640189,0,0,0,0,1,0,0,0,0,0,0,1,0,1,1,1,1,0,0,0,1,0,0,0,0,0,0,0,0
2033,2033.png,economist_daily_chart_386.png,data/news/economist_daily_chart_386.png,exact,N,38.7,10,1758.4555555555555,41.933942761867215,1,0,0,0,0,0,0,0,0,0,1,1,0,0,1,1,1,0,0,0,0,0,0,0,1,0,0,0,0
2034,2034.png,treasuryD04_1.png,data/government/treasuryD04_1.png,exact,G,36.1,10,906.9888888888889,30.116256222991744,0,0,0,1,0,1,0,0,1,0,0,3,2,1,2,2,0,0,0,0,0,0,0,0,0,0,1,1,0
2035,2035.png,wsj576.png,data/news/wsj576.png,exact,N,48.2,10,582.1777777777778,24.128360445288813,0,1,1,1,1,1,1,0,0,0,0,4,4,2,2,2,1,1,0,0,0,0,0,1,0,0,0,0,0
2036,2036.png,vis411.png,data/vis2/vis411.png,exact,I,65.6,10,370.0444444444444,19.236539305302408,0,0,0,1,0,1,0,0,0,0,1,14,12,0,7,4,1,0,0,1,1,0,0,0,1,1,0,0,0
2037,2037.png,whoH07.png,data/government/whoH07.png,exact,G,20.2,10,508.3999999999999,22.54772715818603,0,0,1,1,1,0,0,0,0,0,0,1,1,1,1,1,1,0,1,0,0,0,0,0,0,0,0,0,0
2038,2038.png,visMost544.png,data/vis1/visMost544.png,exact,I,44.7,10,804.9,28.370759595047854,0,0,0,1,1,1,0,0,0,0,1,5,1,8,1,3,1,0,1,1,0,0,0,0,0,0,1,0,0
2039,2039.png,visMost222.png,data/vis1/visMost222.png,exact,I,42.4,10,551.1555555555556,23.476702399518455,0,0,1,1,1,1,0,0,0,0,1,12,4,8,7,5,1,0,1,1,1,1,0,0,1,0,0,0,0
2040,2040.png,treasuryL02_1.png,data/government/treasuryL02_1.png,exact,G,37.6,10,553.3777777777777,23.52398303386945,0,1,1,1,0,1,0,0,1,0,0,1,2,1,1,1,0,0,0,0,0,0,0,0,0,0,1,0,0
2041,2041.png,vis377.png,data/vis2/vis377.png,exact,I,49.1,10,871.4333333333333,29.52004968378836,0,0,1,1,1,1,0,0,0,0,0,2,8,5,7,4,1,1,0,0,0,0,0,0,1,1,1,0,0
2042,2042.png,v483_n7390_3_f2.png,data/science/v483_n7390_3_f2.png,exact,S,70.2,10,758.1777777777778,27.53502819642242,0,1,1,0,1,0,1,0,0,0,0,3,4,4,4,3,1,0,1,0,0,1,0,1,0,0,0,0,0
2043,2043.png,wsj210.png,data/news/wsj210.png,exact,N,47.7,10,308.4555555555556,17.562902822584757,0,1,1,1,1,1,0,0,0,0,1,3,2,1,1,1,1,0,0,0,0,1,0,0,0,0,0,0,0
2044,2044.png,wsj204.png,data/news/wsj204.png,exact,N,24.5,10,468.94444444444446,21.655125131119526,0,0,0,1,1,1,0,0,0,0,0,3,1,1,1,1,1,1,0,0,0,0,0,0,0,0,0,0,0
2045,2045.png,v483_n7387_1_f1.png,data/science/v483_n7387_1_f1.png,exact,S,90.5,10,151.61111111111111,12.313046378175919,0,1,1,0,0,0,1,0,0,0,0,7,8,0,11,4,1,0,0,0,1,1,0,1,0,1,0,0,0
2046,2046.png,v483_n7390_17_f1.png,data/science/v483_n7390_17_f1.png,exact,S,67.7,10,728.0111111111111,26.9816810282664,0,1,1,1,0,0,1,0,0,0,0,5,4,3,3,3,1,0,1,1,0,1,0,0,0,0,0,0,0
2047,2047.png,visMost236.png,data/vis1/visMost236.png,exact,I,41.5,10,724.0555555555555,26.908280427324886,0,0,1,1,1,1,0,0,0,0,0,2,1,5,5,3,1,1,1,0,0,0,0,0,0,0,1,0,0
2048,2048.png,wsj28.png,data/news/wsj28.png,exact,N,31.0,10,323.55555555555554,17.987650084309387,0,0,0,1,1,1,0,0,0,0,0,2,1,1,1,1,0,1,0,0,0,0,0,0,0,0,0,0,0
2049,2049.png,vis363.png,data/vis2/vis363.png,exact,I,43.7,10,734.0111111111111,27.092639426809473,0,0,0,1,1,1,0,0,0,0,1,2,0,1,4,1,1,0,0,0,1,0,0,0,0,0,0,0,0
2050,2050.png,vis405.png,data/vis2/vis405.png,exact,I,45.2,10,708.4,26.615784790233032,0,0,0,1,1,1,0,0,0,0,1,5,2,2,3,3,1,0,0,1,1,0,0,0,0,0,0,1,0
2051,2051.png,visMost550.png,data/vis1/visMost550.png,exact,I,43.5,10,1359.1666666666667,36.866877636527164,0,0,0,1,0,1,0,0,0,0,0,20,0,1,10,1,1,0,0,0,0,0,0,0,0,0,1,0,0
2052,2052.png,economist_daily_chart_392.png,data/news/economist_daily_chart_392.png,exact,N,15.9,10,505.8777777777778,22.491726874070338,0,0,1,1,0,1,0,0,0,0,1,3,1,1,1,1,0,0,1,0,0,0,0,0,0,0,0,0,0
2053,2053.png,v483_n7391_3_f2.png,data/science/v483_n7391_3_f2.png,exact,S,38.7,10,1164.4555555555555,34.12411985026948,0,0,0,0,1,0,0,0,0,0,0,1,1,1,6,1,1,0,0,0,1,0,0,0,0,0,0,0,0
2054,2054.png,wsj562.png,data/news/wsj562.png,exact,N,20.4,10,561.1555555555556,23.68872211740337,0,1,1,1,1,1,0,0,0,0,1,3,2,1,1,1,0,0,1,0,0,0,0,0,0,0,0,0,0
2055,2055.png,v485_n7397_15_f1.png,data/science/v485_n7397_15_f1.png,exact,S,64.2,10,813.5111111111112,28.522116175191336,0,1,0,0,1,0,0,0,0,0,0,6,1,1,1,1,0,0,0,0,1,0,0,0,0,0,0,0,0
2056,2056.png,v487_n7405_17_f1.png,data/science/v487_n7405_17_f1.png,exact,S,87.5,10,184.05555555555554,13.566707616645814,0,1,1,0,0,0,1,0,0,0,0,5,10,3,7,7,1,1,1,1,1,1,0,1,0,1,0,0,0
2057,2057.png,v486_n7404_19_f2.png,data/science/v486_n7404_19_f2.png,exact,S,78.2,10,212.17777777777778,14.566323413194484,0,1,1,0,0,0,1,0,0,1,0,0,5,3,6,2,1,0,1,0,0,0,0,0,0,0,1,0,0
2058,2058.png,vis834.png,data/vis3/vis834.png,exact,I,22.0,10,508.44444444444446,22.548712700383685,0,0,0,1,1,1,0,0,0,0,1,2,1,4,4,1,1,0,0,1,0,0,0,0,0,0,0,0,0
2059,2059.png,v488_n7411_21_f2.png,data/science/v488_n7411_21_f2.png,exact,S,91.3,10,151.7888888888889,12.320263344948795,0,1,1,0,0,0,0,0,0,0,0,5,4,5,7,5,1,0,1,0,0,0,1,1,0,1,1,0,0
2060,2060.png,v490_n7419_1_f7.png,data/science/v490_n7419_1_f7.png,exact,S,56.9,10,967.2111111111111,31.100017863517557,0,0,0,0,1,0,0,0,0,0,0,2,3,1,1,1,0,0,0,0,1,0,0,0,0,0,0,0,0
2061,2061.png,vis820.png,data/vis3/vis820.png,exact,I,79.5,10,477.8333333333333,21.859399198819105,0,0,1,1,1,1,0,0,0,0,0,5,6,4,22,2,1,0,1,0,0,0,0,0,0,0,1,0,0
2062,2062.png,v482_n7386_12_f3.png,data/science/v482_n7386_12_f3.png,exact,S,76.9,10,677.6555555555556,26.031818137724372,0,1,1,0,0,0,1,0,0,0,0,3,5,2,9,5,1,0,1,0,0,1,0,1,0,1,1,0,0
2063,2063.png,treasuryB04.png,data/government/treasuryB04.png,exact,G,58.0,10,588.2222222222222,24.253293018108327,0,1,1,1,1,1,1,1,0,0,0,5,3,3,2,2,0,0,1,0,0,0,0,1,0,0,0,0,0
2064,2064.png,whoQ32_1.png,data/government/whoQ32_1.png,exact,G,42.9,10,601.6555555555556,24.52866803468047,0,0,0,1,0,1,1,0,0,0,0,6,1,2,1,1,1,0,0,1,0,0,0,0,0,0,0,0,0
2065,2065.png,v486_n7403_25_f6.png,data/science/v486_n7403_25_f6.png,exact,S,54.8,10,584.8444444444444,24.18355731575577,0,1,1,0,0,0,1,0,0,0,0,5,2,1,2,1,1,0,0,0,0,0,0,1,0,0,0,0,0
2066,2066.png,economist_daily_chart_147.png,data/news/economist_daily_chart_147.png,exact,N,46.9,10,697.8777777777777,26.417376436311343,0,1,1,1,0,0,1,0,0,0,0,3,2,4,2,2,1,0,1,0,0,0,0,1,0,0,0,0,0
2067,2067.png,whoQ42_8.png,data/government/whoQ42_8.png,exact,G,21.4,10,508.0444444444445,22.539841269282366,0,0,1,1,0,0,1,0,0,0,0,2,1,2,1,1,0,0,1,0,0,0,0,0,0,0,0,0,0
2068,2068.png,visMost785.png,data/vis1/visMost785.png,exact,I,59.5,10,540.7222222222222,23.253434632806876,0,0,1,1,1,1,1,1,0,0,1,4,9,7,17,5,1,1,0,1,0,0,0,1,1,1,0,0,0
2069,2069.png,vis808.png,data/vis3/vis808.png,exact,I,51.3,10,1028.8999999999999,32.076471127603796,0,0,1,1,1,1,0,0,0,0,1,20,1,3,3,2,1,0,0,0,0,0,0,0,1,0,1,0,0
2070,2070.png,visMost791.png,data/vis1/visMost791.png,exact,I,51.1,10,398.3222222222222,19.958011479659547,0,0,0,1,1,1,1,0,0,0,1,4,2,8,8,2,1,0,0,1,0,0,0,0,0,0,1,0,0
2071,2071.png,whoQ51_2.png,data/government/whoQ51_2.png,exact,G,13.8,10,485.0666666666667,22.024229082232747,0,0,1,1,0,0,0,0,0,0,0,1,1,1,1,1,0,0,1,0,0,0,0,0,0,0,0,0,0
2072,2072.png,economist_daily_chart_153.png,data/news/economist_daily_chart_153.png,exact,N,24.3,10,486.23333333333335,22.050699157471932,0,0,1,1,0,1,1,0,0,0,0,3,2,1,1,1,0,1,0,0,0,0,0,0,0,0,0,0,0
2073,2073.png,v490_n7420_7_f2.png,data/science/v490_n7420_7_f2.png,exact,S,76.4,10,351.3777777777778,18.745073426844126,0,1,1,0,1,0,1,0,0,0,0,3,2,3,2,1,1,0,0,0,0,0,0,0,0,1,0,0,0
2074,2074.png,v486_n7402_1_f5.png,data/science/v486_n7402_1_f5.png,exact,S,79.8,10,219.51111111111112,14.815907367121026,0,1,1,0,1,0,0,0,0,0,0,6,3,1,9,1,1,0,0,0,0,0,0,1,0,0,0,0,0
2075,2075.png,v487_n7405_19_f4.png,data/science/v487_n7405_19_f4.png,exact,S,54.4,10,826.4888888888889,28.7487197782595,0,1,1,0,0,0,0,0,0,0,0,3,4,3,4,1,1,0,0,0,0,0,0,1,0,0,0,0,0
2076,2076.png,whoQ14_2.png,data/government/whoQ14_2.png,exact,G,25.2,10,738.6222222222221,27.177605159804315,0,1,1,1,0,1,0,0,0,0,0,1,1,1,1,1,0,0,1,0,0,0,0,0,0,0,0,0,0
2077,2077.png,treasuryB10.png,data/government/treasuryB10.png,exact,G,44.9,10,468.3222222222222,21.640753735076377,0,0,1,1,1,1,0,0,0,0,0,5,1,3,2,2,0,1,0,0,0,0,0,0,0,0,1,0,0
2078,2078.png,vis149.png,data/vis2/vis149.png,exact,I,54.8,10,869.0666666666666,29.479936680167185,0,0,0,1,1,1,0,0,0,0,1,14,8,9,6,3,1,0,0,1,0,0,0,0,0,1,1,0,0
2079,2079.png,v488_n7413_5_f4.png,data/science/v488_n7413_5_f4.png,exact,S,55.7,10,768.0111111111111,27.713013389220436,0,1,1,1,0,0,0,0,0,0,0,10,1,2,1,1,1,0,0,1,0,0,0,0,0,0,0,0,0
2080,2080.png,whoJ39.png,data/government/whoJ39.png,exact,G,41.6,10,846.0444444444445,29.086843150201855,0,1,1,1,1,1,1,0,0,0,0,3,3,1,2,2,1,1,0,1,0,0,0,0,0,0,0,0,0
2081,2081.png,v487_n7407_20_f3.png,data/science/v487_n7407_20_f3.png,exact,S,77.9,10,289.8777777777778,17.025797419732733,0,1,1,0,0,0,0,0,0,0,0,10,3,1,2,1,1,0,0,0,0,0,0,0,0,1,0,0,0
2082,2082.png,v487_n7408_17_f2.png,data/science/v487_n7408_17_f2.png,exact,S,85.5,10,159.83333333333334,12.642520845675254,0,0,1,1,1,0,1,0,0,0,0,5,1,5,2,2,1,1,0,0,1,0,0,0,0,0,0,0,0
2083,2083.png,vis175.png,data/vis2/vis175.png,exact,I,46.0,10,830.4444444444445,28.817432995401315,0,0,0,1,1,1,1,0,0,0,1,4,4,13,5,3,1,0,1,1,0,0,0,0,0,0,1,0,0
2084,2084.png,v484_n7392_18_f3.png,data/science/v484_n7392_18_f3.png,exact,S,82.8,10,247.51111111111112,15.732485852881327,0,1,1,0,0,0,1,0,0,0,0,6,9,5,11,5,1,0,1,0,1,1,0,1,0,1,0,0,0
2085,2085.png,visMost746.png,data/vis1/visMost746.png,exact,I,47.8,10,528.4,22.98695282111137,0,0,1,1,1,1,0,0,0,0,1,5,6,5,6,4,1,1,1,0,0,0,0,0,0,1,1,0,0
2086,2086.png,whoJ05.png,data/government/whoJ05.png,exact,G,46.1,10,404.09999999999997,20.102238681301145,0,0,0,1,1,1,1,1,0,0,0,5,0,3,2,1,1,0,0,0,0,0,0,0,1,0,0,0,0
2087,2087.png,vis613.png,data/vis3/vis613.png,exact,I,47.6,10,235.6,15.349267083479914,0,0,1,1,1,1,0,0,0,0,0,5,6,7,4,3,1,1,1,0,0,0,0,0,0,0,1,0,0
2088,2088.png,treasuryD06_3.png,data/government/treasuryD06_3.png,exact,G,16.4,10,444.4888888888889,21.082905133991588,0,0,0,1,0,1,1,1,0,0,0,5,1,0,1,1,0,0,0,0,0,0,0,0,1,0,0,0,0
2089,2089.png,economist_daily_chart_184.png,data/news/economist_daily_chart_184.png,exact,N,34.2,10,330.4,18.17690842800282,0,0,1,1,1,1,0,0,0,0,0,4,2,1,1,1,0,0,0,0,0,0,0,1,0,0,0,0,0
2090,2090.png,economist_daily_chart_190.png,data/news/economist_daily_chart_190.png,exact,N,23.5,10,555.8333333333334,23.576117859675993,0,0,1,1,0,1,1,0,0,0,0,3,2,1,1,1,0,0,1,0,0,0,0,0,0,0,0,0,0
2091,2091.png,visMost752.png,data/vis1/visMost752.png,exact,I,40.6,10,562.4888888888889,23.71684820731644,0,0,1,1,1,1,1,0,0,0,1,7,2,5,5,3,1,1,0,1,0,0,0,0,0,1,0,0,0
2092,2092.png,v485_n7400_19_f3.png,data/science/v485_n7400_19_f3.png,exact,S,74.8,10,611.0666666666666,24.719762674157423,0,1,1,0,1,0,0,0,0,0,0,2,7,3,5,2,1,0,1,0,0,1,0,0,0,0,0,0,0
2093,2093.png,whoJ11.png,data/government/whoJ11.png,exact,G,12.699999999999998,10,348.4555555555555,18.666964283341724,0,0,0,1,0,1,1,0,0,0,0,3,1,1,1,1,0,0,0,1,0,0,0,0,0,0,0,0,0
2094,2094.png,vis607.png,data/vis3/vis607.png,exact,I,34.7,10,854.2333333333333,29.227270370893915,0,1,1,1,1,0,0,0,0,0,1,5,1,5,4,1,1,1,0,0,0,0,0,0,0,0,0,0,0
2095,2095.png,vis161.png,data/vis2/vis161.png,exact,I,49.0,10,592.0,24.331050121192877,0,0,0,1,1,1,0,0,0,0,1,2,7,14,8,4,1,1,0,1,0,0,0,0,1,0,1,0,0
2096,2096.png,wsj199.png,data/news/wsj199.png,exact,N,14.5,10,449.8333333333333,21.209274700784402,0,0,0,1,1,1,1,0,0,0,1,2,0,2,1,1,0,0,0,0,0,0,0,0,1,0,0,0,0
2097,2097.png,v486_n7402_21_f1.png,data/science/v486_n7402_21_f1.png,exact,S,51.0,10,535.1111111111111,23.132468763863297,0,1,1,0,1,0,0,0,0,1,0,0,2,1,4,1,1,0,1,0,0,0,0,0,0,0,0,0,0
2098,2098.png,vis940.png,data/vis3/vis940.png,exact,I,45.4,10,548.7111111111111,23.424583477857425,0,0,1,1,1,1,0,0,0,0,0,3,2,3,3,1,0,0,0,0,0,0,0,0,0,0,1,0,0
2099,2099.png,v487_n7405_15_f4.png,data/science/v487_n7405_15_f4.png,exact,S,87.2,10,316.6222222222222,17.793881595150122,0,1,1,0,0,0,1,1,0,0,0,5,3,3,4,3,1,0,1,0,0,0,0,1,0,0,0,1,0
2100,2100.png,vis798.png,data/vis3/vis798.png,exact,I,56.4,10,544.9333333333334,23.34380717306698,0,0,0,1,1,1,0,0,0,0,1,10,1,7,4,2,1,0,0,1,0,0,0,0,0,0,1,0,0
2101,2101.png,v489_n7416_2_f3.png,data/science/v489_n7416_2_f3.png,exact,S,60.4,10,1366.7111111111112,36.969056129567484,0,1,1,0,0,0,1,0,0,0,0,3,7,2,8,1,1,0,1,0,0,0,0,0,0,0,0,0,0
2102,2102.png,visMost815.png,data/vis1/visMost815.png,exact,I,45.8,10,731.2888888888889,27.04235361223,0,0,1,1,1,1,0,0,0,0,1,10,4,6,7,3,1,1,0,0,0,0,0,0,1,0,1,0,0
2103,2103.png,vis954.png,data/vis3/vis954.png,exact,I,59.4,10,727.6,26.97406161481804,0,0,0,1,1,1,0,0,0,0,1,6,0,3,3,2,0,0,0,0,1,0,0,0,0,0,1,0,0
2104,2104.png,v486_n7404_7_f1.png,data/science/v486_n7404_7_f1.png,exact,S,74.6,10,461.3777777777778,21.479706184624078,0,1,1,0,0,0,0,0,0,0,0,6,1,2,5,2,1,1,0,0,1,0,0,0,0,0,0,0,0
2105,2105.png,visMost801.png,data/vis1/visMost801.png,exact,I,70.4,10,485.15555555555557,22.02624696936715,0,1,1,1,1,1,1,0,0,0,1,13,5,3,4,2,1,0,1,0,0,0,0,0,0,0,1,0,0
2106,2106.png,v490_n7419_3_f2.png,data/science/v490_n7419_3_f2.png,exact,S,65.2,10,466.4,21.59629597870894,0,0,1,0,0,0,1,0,0,0,0,3,1,4,5,2,1,0,1,0,0,0,0,0,0,0,1,0,0
2107,2107.png,visMost197.png,data/vis1/visMost197.png,exact,I,58.6,10,298.93333333333334,17.289688641885178,0,0,0,1,1,1,1,0,0,0,1,8,0,1,1,1,0,0,0,0,0,0,1,0,0,0,0,0,0
2108,2108.png,economist_daily_chart_37.png,data/news/economist_daily_chart_37.png,exact,N,27.0,10,502.8888888888889,22.425184255405547,0,0,1,1,1,1,1,1,0,0,1,7,2,1,1,1,0,0,1,0,0,0,0,0,0,0,0,0,0
2109,2109.png,whoB24_2.png,data/government/whoB24_2.png,exact,G,26.4,10,436.4888888888889,20.89231650365485,0,0,1,1,0,1,1,0,0,0,0,2,2,1,1,1,0,0,1,0,0,0,0,0,0,0,0,0,0
2110,2110.png,whoJ22_2.png,data/government/whoJ22_2.png,exact,G,45.3,10,345.7888888888889,18.59539967004982,0,1,1,1,0,1,1,1,0,0,0,7,4,2,3,3,1,0,1,0,0,0,0,0,1,1,0,0,0
2111,2111.png,vis968.png,data/vis3/vis968.png,exact,I,47.3,10,879.1222222222223,29.649995315720073,0,1,1,1,1,1,1,0,0,0,1,5,4,7,5,2,1,0,0,0,0,0,0,1,0,0,1,0,0
2112,2112.png,visMost98.png,data/vis1/visMost98.png,exact,I,51.2,10,565.2888888888889,23.775804694876026,0,0,1,1,1,1,0,0,0,0,1,5,6,15,9,3,1,1,1,0,0,0,0,0,0,0,1,0,0
2113,2113.png,v483_n7389_21_f3.png,data/science/v483_n7389_21_f3.png,exact,S,78.1,10,316.5444444444444,17.791695940647266,0,1,1,0,0,0,1,0,0,0,0,6,5,3,5,3,1,0,1,0,1,0,0,0,0,1,0,0,0
2114,2114.png,v486_n7404_15_f2.png,data/science/v486_n7404_15_f2.png,exact,S,87.6,10,217.6,14.75127113166862,0,1,1,0,1,0,1,0,0,0,0,4,3,3,5,4,1,0,0,0,1,0,0,1,0,1,1,0,0
2115,2115.png,economist_daily_chart_23.png,data/news/economist_daily_chart_23.png,exact,N,16.2,10,467.06666666666666,21.611725212640167,0,0,1,1,0,1,0,0,0,0,0,4,2,1,1,1,0,0,1,0,0,0,0,0,0,0,0,0,0
2116,2116.png,v485_n7399_2_f1.png,data/science/v485_n7399_2_f1.png,exact,S,33.1,10,626.9888888888889,25.039746182597156,0,1,1,0,0,0,0,0,0,0,0,4,2,0,2,1,1,0,0,0,0,0,0,1,0,0,0,0,0
2117,2117.png,visMost183.png,data/vis1/visMost183.png,exact,I,60.5,10,328.5,18.12456896039186,0,0,0,1,1,0,0,0,0,0,1,1,2,3,1,1,1,0,0,0,1,0,0,0,0,0,0,0,0
2118,2118.png,whoB02_1.png,data/government/whoB02_1.png,exact,G,31.0,10,648.6666666666666,25.468935326524086,0,1,1,1,0,1,0,0,0,0,0,2,2,1,1,1,0,0,0,0,0,0,0,0,0,0,1,0,0
2119,2119.png,visMost168.png,data/vis1/visMost168.png,exact,I,55.8,10,529.9555555555555,23.02076357455494,0,0,1,1,1,1,1,0,0,0,1,15,6,7,7,5,1,1,0,1,1,0,0,1,0,0,1,0,0
2120,2120.png,v488_n7413_7_f1.png,data/science/v488_n7413_7_f1.png,exact,S,68.4,10,656.7111111111111,25.626375301846945,0,1,1,0,0,0,1,0,0,0,0,6,4,1,5,2,1,0,1,0,0,0,0,1,0,0,0,0,0
2121,2121.png,v485_n7400_15_f3.png,data/science/v485_n7400_15_f3.png,exact,S,32.6,10,911.8222222222222,30.196394192390294,0,1,1,0,0,0,1,0,0,0,0,2,2,1,1,1,0,0,0,0,0,1,0,0,0,0,0,0,0
2122,2122.png,vis983.png,data/vis3/vis983.png,exact,I,42.2,10,455.9555555555556,21.35311582780264,0,0,0,1,1,1,0,0,0,0,1,6,1,8,1,1,0,0,0,0,0,0,0,0,0,0,1,0,0
2123,2123.png,v483_n7389_6_f1.png,data/science/v483_n7389_6_f1.png,exact,S,78.3,10,124.45555555555555,11.155965021259055,0,1,0,0,1,0,1,0,0,0,0,8,2,2,5,3,1,0,0,0,1,0,0,1,0,1,0,0,0
2124,2124.png,visMost73.png,data/vis1/visMost73.png,exact,I,46.0,10,618.2222222222222,24.86407493196202,0,0,1,1,1,1,0,0,0,0,1,3,11,9,2,2,1,0,0,0,1,0,0,0,0,0,1,0,0
2125,2125.png,visMost67.png,data/vis1/visMost67.png,exact,I,8.8,10,348.1777777777778,18.659522442382542,0,0,0,0,1,1,0,0,0,0,1,4,0,3,1,1,0,0,0,0,1,0,0,0,0,0,0,0,0
2126,2126.png,v488_n7412_7_f1.png,data/science/v488_n7412_7_f1.png,exact,S,71.6,10,710.7111111111111,26.659165611682432,0,0,0,0,1,0,0,0,0,0,0,4,1,1,4,1,0,0,0,0,1,0,0,0,0,0,0,0,0
2127,2127.png,v484_n7392_14_f3.png,data/science/v484_n7392_14_f3.png,exact,S,29.6,10,712.0444444444445,26.68416092824439,0,0,1,0,1,0,0,0,0,1,0,0,1,2,1,1,0,0,0,0,0,0,0,0,0,0,0,0,1
2128,2128.png,wsj166.png,data/news/wsj166.png,exact,N,32.2,10,535.9555555555555,23.150713931875956,0,0,1,1,1,1,0,0,0,0,0,8,7,3,5,4,1,1,1,0,0,0,0,1,0,0,1,0,0
2129,2129.png,v483_n7388_8_f4.png,data/science/v483_n7388_8_f4.png,exact,S,66.3,10,637.1222222222223,25.241280122494228,0,1,1,0,1,0,0,0,0,0,0,4,4,2,3,1,1,0,0,0,0,0,0,1,0,0,0,0,0
2130,2130.png,visMost154.png,data/vis1/visMost154.png,exact,I,53.9,10,713.4333333333333,26.710172843569044,0,0,1,1,1,1,0,0,0,0,1,12,6,25,8,3,1,0,0,0,1,0,0,0,0,1,0,1,0
2131,2131.png,vis767.png,data/vis3/vis767.png,exact,I,42.8,10,479.5111111111111,21.89774214642028,0,0,0,1,1,1,0,0,0,0,1,7,4,6,5,2,1,0,0,1,0,0,0,0,0,0,1,0,0
2132,2132.png,visMost632.png,data/vis1/visMost632.png,exact,I,50.3,10,315.56666666666666,17.76419620097309,0,0,1,1,1,1,0,0,0,0,1,10,5,2,5,2,0,0,0,0,0,0,0,0,0,1,1,0,0
2133,2133.png,v490_n7419_20_f2.png,data/science/v490_n7419_20_f2.png,exact,S,84.2,10,313.06666666666666,17.693690024035874,0,0,0,0,0,0,0,0,1,1,0,0,2,1,2,1,0,0,0,0,0,0,0,0,0,0,1,0,0
2134,2134.png,wsj600.png,data/news/wsj600.png,exact,N,23.9,10,737.8777777777777,27.16390579018006,0,0,1,1,1,1,0,0,0,0,1,3,2,0,2,1,1,0,1,0,0,0,0,0,0,0,0,0,0
2135,2135.png,wsj614.png,data/news/wsj614.png,exact,N,25.8,10,413.0666666666667,20.32404159281974,0,1,1,1,0,1,0,0,0,0,1,4,2,0,2,1,1,1,0,0,0,0,0,0,0,0,0,0,0
2136,2136.png,vis773.png,data/vis3/vis773.png,exact,I,39.7,10,468.67777777777775,21.64896712958329,0,0,0,1,1,1,0,0,0,0,1,7,3,9,8,4,1,1,0,0,1,0,0,0,0,0,1,1,0
2137,2137.png,whoQ29_2.png,data/government/whoQ29_2.png,exact,G,32.3,10,524.4555555555555,22.900994641184376,0,1,1,1,0,1,1,0,0,0,0,5,1,2,1,1,0,0,1,0,0,0,0,0,0,0,0,0,0
2138,2138.png,visMost626.png,data/vis1/visMost626.png,exact,I,89.4,10,199.6,14.127986409959489,0,0,0,0,0,0,0,0,1,0,0,5,0,2,1,1,0,0,0,0,0,0,0,0,0,0,0,0,1
2139,2139.png,visMost140.png,data/vis1/visMost140.png,exact,I,42.3,10,634.0111111111111,25.179577262359093,0,0,0,1,1,1,0,0,0,0,0,8,0,1,1,1,0,0,0,0,0,0,0,0,0,0,0,1,0
2140,2140.png,whoL03.png,data/government/whoL03.png,exact,G,18.2,10,356.6222222222222,18.884443921445563,0,0,0,0,0,0,0,0,1,0,0,1,0,2,1,1,0,0,0,0,0,0,0,0,0,0,1,0,0
2141,2141.png,wsj172.png,data/news/wsj172.png,exact,N,35.9,10,655.4333333333334,25.60143225160134,0,0,1,1,0,1,1,1,0,0,1,4,2,1,1,1,0,0,1,0,0,0,0,0,0,0,0,0,0
2142,2142.png,v484_n7394_18_f4.png,data/science/v484_n7394_18_f4.png,exact,S,63.0,10,813.3333333333334,28.51899951494325,0,1,1,0,0,0,1,0,0,1,0,0,2,1,2,2,1,0,0,0,0,0,0,1,0,0,1,0,0
2143,2143.png,v484_n7392_22_f2.png,data/science/v484_n7392_22_f2.png,exact,S,69.6,10,870.7111111111111,29.50781440756179,0,1,1,0,0,0,1,0,0,0,0,3,2,4,4,3,1,0,1,0,0,1,0,0,0,0,1,0,0
2144,2144.png,v488_n7410_4_f3.png,data/science/v488_n7410_4_f3.png,exact,S,52.7,10,1132.4555555555555,33.651976993269734,0,1,1,0,0,0,0,0,0,0,0,3,2,0,2,1,1,0,0,0,0,0,0,0,0,1,0,0,0
2145,2145.png,economist_daily_chart_219.png,data/news/economist_daily_chart_219.png,exact,N,38.4,10,757.1555555555556,27.516459720602786,0,0,0,0,1,1,1,1,0,0,0,2,1,2,1,3,0,1,0,1,0,0,0,0,1,0,0,0,0
2146,2146.png,vis17.png,data/vis2/vis17.png,exact,I,54.5,10,703.3888888888889,26.521479764313472,0,0,0,1,1,1,0,0,0,0,1,7,4,7,7,1,1,0,0,0,0,0,0,0,0,0,1,0,0
2147,2147.png,economist_daily_chart_231.png,data/news/economist_daily_chart_231.png,exact,N,42.8,10,544.6222222222223,23.337142546212085,0,1,1,1,1,1,0,0,0,0,0,2,2,1,1,1,0,0,0,0,0,0,0,0,0,1,0,0,0
2148,2148.png,np_46.png,data/news/np_46.png,exact,N,67.3,10,527.1222222222223,22.959142453981645,0,1,1,1,1,1,0,0,0,0,0,7,4,3,1,3,1,0,1,0,1,0,0,1,0,0,0,0,0
2149,2149.png,visMost395.png,data/vis1/visMost395.png,exact,I,76.3,10,521.7888888888889,22.84269880922324,0,0,1,1,1,1,0,0,0,0,1,17,13,13,12,3,1,0,0,0,1,0,0,0,1,0,1,0,0
2150,2150.png,visMost381.png,data/vis1/visMost381.png,exact,I,41.9,10,891.8777777777777,29.864322824697997,0,1,1,1,1,1,0,0,0,0,1,5,3,9,7,4,1,1,1,1,0,0,0,0,0,1,0,0,0
2151,2151.png,np_52.png,data/news/np_52.png,exact,N,91.6,10,110.04444444444445,10.490207073477837,0,0,1,1,1,1,0,0,0,0,0,1,3,3,3,4,1,1,1,0,0,1,0,0,0,0,0,0,1
2152,2152.png,economist_daily_chart_225.png,data/news/economist_daily_chart_225.png,exact,N,39.0,10,621.7777777777778,24.935472279020058,0,0,1,1,1,1,0,0,0,0,0,3,2,1,1,1,0,0,1,0,0,0,0,0,0,0,0,0,0
2153,2153.png,v484_n7394_16_f1.png,data/science/v484_n7394_16_f1.png,exact,S,74.3,10,403.1222222222222,20.077903830385836,0,0,1,0,1,0,0,0,0,0,1,6,1,3,7,2,1,1,0,0,1,0,0,0,0,0,0,0,0
2154,2154.png,vis559.png,data/vis3/vis559.png,exact,I,54.1,10,444.1,21.07368026710095,0,0,1,1,1,1,0,0,0,0,1,20,4,5,4,1,1,0,0,0,0,0,0,0,0,0,1,0,0
2155,2155.png,v489_n7414_1_f1.png,data/science/v489_n7414_1_f1.png,exact,S,90.5,10,146.72222222222223,12.112894873737748,0,1,1,1,1,0,1,0,0,0,0,5,5,2,6,6,1,1,1,0,0,1,1,1,0,1,0,0,0
2156,2156.png,wsj358.png,data/news/wsj358.png,exact,N,27.6,10,284.26666666666665,16.860209567697154,0,0,1,1,1,1,0,0,0,0,1,4,3,1,3,2,1,0,0,0,0,0,0,1,0,0,1,0,0
2157,2157.png,v489_n7416_21_f3.png,data/science/v489_n7416_21_f3.png,exact,S,51.1,10,995.2111111111111,31.54696674977027,0,1,1,0,0,0,1,0,0,0,0,4,2,2,2,1,1,0,0,0,0,0,0,1,0,0,0,0,0
2158,2158.png,v485_n7398_18_f1.png,data/science/v485_n7398_18_f1.png,exact,S,24.3,10,564.9000000000001,23.76762503911571,0,0,0,0,1,0,0,0,0,1,0,0,0,1,1,1,0,0,0,0,1,0,0,0,0,0,0,0,0
2159,2159.png,visMost418.png,data/vis1/visMost418.png,exact,I,32.6,10,849.3777777777779,29.1440864975689,0,0,1,1,1,1,0,0,0,0,1,8,1,1,1,1,0,0,0,0,1,0,0,0,0,0,0,0,0
2160,2160.png,v489_n7415_1_f1.png,data/science/v489_n7415_1_f1.png,exact,S,81.7,10,200.89999999999998,14.17391971192161,0,1,1,0,1,0,1,0,0,0,0,6,2,2,3,3,1,1,0,0,1,0,0,1,0,0,0,0,0
2161,2161.png,v484_n7394_8_f2.png,data/science/v484_n7394_8_f2.png,exact,S,36.9,10,1140.5444444444445,33.77194759625871,0,1,1,0,0,0,1,0,0,1,0,0,2,1,1,2,0,0,0,0,0,0,0,1,0,1,0,0,0
2162,2162.png,wsj402.png,data/news/wsj402.png,exact,N,47.9,10,304.76666666666665,17.457567604528034,0,0,0,1,1,1,1,0,0,0,1,4,1,2,1,1,0,0,0,0,0,0,0,0,1,0,0,0,0
2163,2163.png,whoK19_1.png,data/government/whoK19_1.png,exact,G,30.1,10,452.9888888888889,21.28353562942231,0,0,1,1,0,1,1,0,0,0,0,4,2,2,1,2,0,1,0,0,0,0,0,1,0,0,0,0,0
2164,2164.png,visMost430.png,data/vis1/visMost430.png,exact,I,54.5,10,704.5,26.542418879973994,0,0,0,1,1,1,0,0,0,0,1,17,10,7,16,4,1,1,1,0,1,0,0,0,0,0,1,0,0
2165,2165.png,vis565.png,data/vis3/vis565.png,exact,I,65.2,10,971.0666666666667,31.161942600978307,0,0,1,1,1,1,0,0,0,0,1,11,7,6,9,5,1,1,1,1,0,1,0,0,0,0,1,0,0
2166,2166.png,vis203.png,data/vis2/vis203.png,exact,I,27.4,10,724.4888888888888,26.916331267260194,0,1,0,1,1,1,0,0,0,0,0,4,1,3,4,2,1,0,0,1,1,0,0,0,0,0,0,0,0
2167,2167.png,whoN15.png,data/government/whoN15.png,exact,G,23.2,10,543.2888888888889,23.308558275639633,0,0,0,1,1,1,0,0,0,0,1,2,0,3,1,1,0,0,0,0,1,0,0,0,0,0,0,0,0
2168,2168.png,v485_n7398_16_f4.png,data/science/v485_n7398_16_f4.png,exact,S,62.8,10,827.0666666666666,28.758766779308647,0,1,1,0,0,0,0,0,0,0,0,2,1,2,2,4,1,1,1,0,0,1,0,0,0,0,1,0,0
2169,2169.png,v488_n7410_13_f4.png,data/science/v488_n7410_13_f4.png,exact,S,31.5,10,755.6111111111111,27.488381383979508,0,0,0,0,1,0,0,0,0,0,0,2,0,1,3,2,0,0,0,0,1,0,0,0,0,0,1,0,0
2170,2170.png,whoQ48_3.png,data/government/whoQ48_3.png,exact,G,27.3,10,725.788888888889,26.94046935168148,0,1,1,1,0,0,1,0,0,0,0,4,2,1,1,1,1,1,0,0,0,0,0,0,0,0,0,0,0
2171,2171.png,visMost356.png,data/vis1/visMost356.png,exact,I,44.5,10,630.0555555555555,25.100907464782136,0,0,1,1,1,1,1,0,0,0,1,2,7,17,10,5,1,1,1,1,1,0,0,0,0,0,1,0,0
2172,2172.png,wsj364.png,data/news/wsj364.png,exact,N,24.8,10,565.7333333333333,23.78514942844239,0,0,0,1,1,1,0,0,0,0,1,3,3,4,1,1,0,0,0,0,0,0,0,0,0,0,1,0,0
2173,2173.png,vis7.png,data/vis2/vis7.png,exact,I,59.2,10,653.7333333333333,25.56820942759452,0,1,0,1,1,1,0,0,0,0,1,6,9,8,5,5,1,1,0,1,1,0,0,0,0,1,1,0,0
2174,2174.png,v486_n7403_11_f2.png,data/science/v486_n7403_11_f2.png,exact,S,30.1,10,584.1,24.168160873347396,0,1,1,0,0,0,0,0,0,0,0,2,2,0,1,3,0,1,1,0,0,1,0,0,0,0,0,0,0
2175,2175.png,wsj370.png,data/news/wsj370.png,exact,N,39.9,10,327.2111111111111,18.08897761376002,0,1,1,1,1,1,1,0,0,0,1,6,4,1,2,2,1,0,0,0,0,0,0,1,0,1,0,0,0
2176,2176.png,vis217.png,data/vis2/vis217.png,exact,I,55.5,10,173.38888888888889,13.167721476735787,0,1,1,1,1,1,0,0,0,0,1,10,4,5,8,4,1,1,1,0,0,0,0,0,1,0,1,0,0
2177,2177.png,whoN01.png,data/government/whoN01.png,exact,G,29.9,10,261.65555555555557,16.17577063250946,0,0,0,1,0,1,1,1,0,0,0,6,1,1,1,1,0,0,0,0,0,0,0,0,1,0,0,0,0
2178,2178.png,visMost342.png,data/vis1/visMost342.png,exact,I,58.0,10,491.1111111111111,22.16102685145955,0,1,1,1,1,1,1,0,0,0,1,5,3,8,6,5,1,1,1,1,0,0,0,0,1,0,1,0,0
2179,2179.png,v483_n7387_3_f4.png,data/science/v483_n7387_3_f4.png,exact,S,67.2,10,384.1777777777778,19.600453509492525,0,1,1,0,0,0,1,0,0,0,0,7,2,4,3,5,1,0,1,1,0,1,0,0,0,1,1,0,0
2180,2180.png,visMost424.png,data/vis1/visMost424.png,exact,I,45.3,10,535.3444444444444,23.13751163034704,0,0,0,1,1,1,0,0,0,0,1,3,2,11,1,3,1,1,0,0,0,0,0,0,0,1,1,0,0
2181,2181.png,v488_n7409_11_f2.png,data/science/v488_n7409_11_f2.png,exact,S,59.4,10,520.9333333333333,22.823964014459303,0,1,1,0,0,0,1,0,0,0,0,5,3,2,4,2,1,0,0,0,0,0,0,1,0,1,0,0,0
2182,2182.png,vis571.png,data/vis3/vis571.png,exact,I,56.8,10,526.4,22.94340863951998,0,0,0,1,1,1,0,0,0,0,0,3,8,15,14,3,1,1,0,0,0,0,0,0,0,1,1,0,0
2183,2183.png,wsj416.png,data/news/wsj416.png,exact,N,34.8,10,428.6222222222222,20.703193527140257,0,0,1,1,1,1,1,0,0,0,1,2,3,2,2,3,1,1,0,0,0,1,0,1,0,0,0,0,0
2184,2184.png,vis549.png,data/vis3/vis549.png,exact,I,70.9,10,649.6555555555556,25.488341561497396,0,1,0,1,1,1,0,0,0,0,1,15,8,11,12,3,1,1,0,0,1,0,0,0,0,0,1,0,0
2185,2185.png,v489_n7415_1_f5.png,data/science/v489_n7415_1_f5.png,exact,S,72.4,10,242.7111111111111,15.579188397060712,0,1,0,0,1,0,0,0,0,0,0,4,1,2,6,3,1,1,0,0,1,0,0,0,0,0,1,0,0
2186,2186.png,v486_n7402_17_f4.png,data/science/v486_n7402_17_f4.png,exact,S,54.0,10,230.66666666666666,15.18771433319269,0,1,1,0,1,0,0,0,0,0,0,3,2,2,4,5,1,0,1,0,1,1,0,1,0,0,0,0,1
2187,2187.png,v489_n7414_30_f1.png,data/science/v489_n7414_30_f1.png,exact,S,37.9,10,775.4333333333333,27.846603622943558,0,1,1,0,0,0,1,0,0,1,0,0,2,1,3,1,1,0,1,0,0,0,0,0,0,0,0,0,0
2188,2188.png,wsj348.png,data/news/wsj348.png,exact,N,23.2,10,176.4,13.281566172707194,0,0,1,1,0,1,1,0,0,0,1,5,4,5,1,1,1,0,1,0,0,0,0,0,0,0,0,0,0
2189,2189.png,v484_n7393_2_f2.png,data/science/v484_n7393_2_f2.png,exact,S,59.3,10,446.23333333333335,21.124235686370604,0,0,1,0,1,0,0,0,0,0,0,5,0,4,10,2,1,0,0,0,1,0,0,0,0,0,1,0,0
2190,2190.png,v483_n7391_13_f2.png,data/science/v483_n7391_13_f2.png,exact,S,60.1,10,598.1,24.456083087853624,0,1,1,0,1,0,1,0,0,0,0,5,1,4,13,3,1,1,1,0,0,0,0,0,0,0,1,0,0
2191,2191.png,v483_n7389_19_f3.png,data/science/v483_n7389_19_f3.png,exact,S,67.7,10,71.12222222222222,8.433399209228876,0,1,1,0,0,0,1,0,0,1,0,0,3,5,4,2,1,1,1,0,0,0,0,0,0,0,0,0,0
2192,2192.png,v489_n7414_1_f5.png,data/science/v489_n7414_1_f5.png,exact,S,75.1,10,399.8777777777778,19.996944210998283,0,1,1,1,0,0,1,0,0,0,0,7,3,6,4,4,1,1,1,0,0,0,1,0,0,0,1,0,0
2193,2193.png,v488_n7411_15_f2.png,data/science/v488_n7411_15_f2.png,exact,S,64.6,10,344.26666666666665,18.55442444988975,0,1,1,1,0,0,0,0,0,1,0,0,8,4,16,3,1,0,0,0,0,1,0,1,0,1,0,0,0
2194,2194.png,visMost408.png,data/vis1/visMost408.png,exact,I,53.8,10,634.6222222222223,25.19170939460485,0,1,1,1,1,1,1,0,0,0,0,4,4,4,3,3,0,0,0,0,0,0,0,1,0,1,1,0,0
2195,2195.png,wsj412.png,data/news/wsj412.png,exact,N,34.4,10,187.37777777777777,13.688600285557971,0,0,1,1,1,1,0,0,0,0,0,3,3,3,3,2,1,0,1,0,0,0,0,1,0,0,0,0,0
2196,2196.png,v485_n7396_27_f3.png,data/science/v485_n7396_27_f3.png,exact,S,70.6,10,341.59999999999997,18.482424083436673,0,0,1,0,1,0,0,0,0,0,0,2,2,2,6,2,1,0,0,0,0,1,0,1,0,0,0,0,0
2197,2197.png,vis575.png,data/vis3/vis575.png,exact,I,9.3,10,263.12222222222226,16.221042575069653,0,0,0,1,1,1,0,0,0,0,1,3,2,1,1,2,0,1,0,0,1,0,0,0,0,0,0,0,0
2198,2198.png,visMost420.png,data/vis1/visMost420.png,exact,I,32.8,10,453.2888888888889,21.290582164160963,0,0,0,1,1,1,0,0,0,0,1,10,1,1,2,2,0,0,0,1,0,0,0,0,0,0,1,0,0
2199,2199.png,v483_n7391_1_f3.png,data/science/v483_n7391_1_f3.png,exact,S,70.7,10,544.2333333333333,23.328809085191924,0,1,1,0,1,1,1,1,0,0,0,8,4,2,1,2,0,0,0,0,0,0,0,1,0,1,0,0,0
2200,2200.png,visMost346.png,data/vis1/visMost346.png,exact,I,51.2,10,389.73333333333335,19.741664907837265,0,0,1,1,1,1,0,0,0,0,1,14,4,4,4,3,1,0,1,0,0,0,0,1,0,0,1,0,0
2201,2201.png,vis213.png,data/vis2/vis213.png,exact,I,43.3,10,533.5666666666667,23.099062030019027,0,1,1,1,1,1,0,0,0,0,1,10,14,14,5,3,1,1,0,0,0,0,0,0,0,1,1,0,0
2202,2202.png,whoN05.png,data/government/whoN05.png,exact,G,15.7,10,90.45555555555556,9.510812560215639,0,1,1,1,0,1,1,1,0,0,0,7,2,1,1,1,0,0,0,0,0,0,0,1,0,0,0,0,0
2203,2203.png,wsj374.png,data/news/wsj374.png,exact,N,19.2,10,569.2888888888889,23.859775541460756,0,1,1,1,0,1,0,0,0,0,0,3,2,1,1,2,0,0,1,0,0,0,0,0,0,0,1,0,0
2204,2204.png,treasuryD02_3.png,data/government/treasuryD02_3.png,exact,G,12.5,10,96.27777777777777,9.812124019690017,0,1,1,1,1,1,0,0,0,0,0,1,1,1,1,1,0,0,1,0,0,0,0,0,0,0,0,0,0
2205,2205.png,vis3.png,data/vis2/vis3.png,exact,I,71.7,10,472.6777777777778,21.741154012098296,0,0,1,1,0,1,0,0,0,0,0,7,0,2,1,2,0,1,0,0,0,0,1,0,0,0,0,0,0
2206,2206.png,wsj360.png,data/news/wsj360.png,exact,N,17.5,10,192.27777777777777,13.86642627996766,0,1,1,1,1,1,0,0,0,0,1,4,2,2,1,1,0,0,1,0,0,0,0,0,0,0,0,0,0
2207,2207.png,visMost352.png,data/vis1/visMost352.png,exact,I,54.2,10,488.62222222222226,22.104800886283105,0,0,1,1,1,1,0,0,0,0,1,15,2,8,2,3,1,0,1,0,1,0,0,0,0,0,1,0,0
2208,2208.png,whoQ48_7.png,data/government/whoQ48_7.png,exact,G,13.2,10,146.62222222222223,12.108766337749781,0,0,1,1,0,0,1,0,0,0,0,2,1,2,1,1,0,0,1,0,0,0,0,0,0,0,0,0,0
2209,2209.png,vis207.png,data/vis2/vis207.png,exact,I,48.4,10,753.8222222222222,27.45582310225323,0,0,0,1,1,1,0,0,0,0,0,6,3,9,4,1,0,0,0,0,0,0,0,0,0,0,1,0,0
2210,2210.png,whoN11.png,data/government/whoN11.png,exact,G,25.1,10,147.43333333333334,12.14221286806212,0,0,0,1,0,0,1,1,0,0,0,5,0,2,1,1,0,0,0,0,0,0,0,0,1,0,0,0,0
2211,2211.png,vis561.png,data/vis3/vis561.png,exact,I,50.0,10,750.2222222222222,27.39018477889885,0,0,1,1,1,0,0,0,0,0,1,4,1,3,1,3,1,0,0,1,1,0,0,0,0,0,0,0,1
2212,2212.png,visMost434.png,data/vis1/visMost434.png,exact,I,79.0,10,192.0,13.856406460551018,0,1,1,1,1,1,0,0,0,0,0,3,7,10,5,4,1,1,1,0,1,0,0,0,0,0,1,0,0
2213,2213.png,v484_n7394_6_f3.png,data/science/v484_n7394_6_f3.png,exact,S,65.6,10,959.8222222222222,30.98099776027593,0,1,1,0,1,0,0,0,0,0,0,3,2,1,1,2,0,0,0,0,0,0,0,1,0,1,0,0,0
2214,2214.png,v483_n7390_1_f3.png,data/science/v483_n7390_1_f3.png,exact,S,64.7,10,529.3444444444444,23.00748670421097,0,1,1,0,0,0,0,0,0,0,0,5,3,0,3,6,1,1,0,1,0,0,0,1,0,1,1,1,0
2215,2215.png,v486_n7402_19_f1.png,data/science/v486_n7402_19_f1.png,exact,S,78.3,10,160.23333333333332,12.658330590300338,0,1,1,0,1,0,1,0,0,0,0,5,7,10,10,5,1,1,1,0,1,0,0,1,0,0,1,0,0
2216,2216.png,wsj406.png,data/news/wsj406.png,exact,N,31.6,10,433.6,20.823064135712592,0,1,0,1,1,1,0,0,0,0,0,4,3,2,2,2,1,0,0,0,0,0,0,1,1,0,0,0,0
2217,2217.png,v487_n7407_14_f3.png,data/science/v487_n7407_14_f3.png,exact,S,62.0,10,493.55555555555554,22.216110270602176,0,1,1,0,1,0,0,0,0,0,0,6,2,1,4,2,1,1,0,0,0,0,0,0,0,0,1,0,0
2218,2218.png,v490_n7419_18_f2.png,data/science/v490_n7419_18_f2.png,exact,S,69.8,10,437.5111111111111,20.91676626802315,0,1,1,1,1,0,1,0,0,0,0,2,5,5,9,3,1,0,1,0,0,0,0,1,0,1,0,0,0
2219,2219.png,economist_daily_chart_209.png,data/news/economist_daily_chart_209.png,exact,N,34.0,10,257.1111111111111,16.034684627740923,0,1,1,1,1,1,0,0,0,0,0,7,2,1,1,1,0,0,0,0,0,0,0,1,0,0,0,0,0
2220,2220.png,whoQ36_1.png,data/government/whoQ36_1.png,exact,G,27.9,10,195.65555555555557,13.987693003335309,0,0,0,0,0,0,0,0,1,0,0,2,2,2,1,1,0,0,0,0,0,0,0,0,0,0,1,0,0
2221,2221.png,economist_daily_chart_221.png,data/news/economist_daily_chart_221.png,exact,N,23.4,10,88.4888888888889,9.406853293683755,0,0,1,1,0,1,1,0,0,0,0,7,2,2,2,1,1,0,0,0,0,0,0,1,0,0,0,0,0
2222,2222.png,v487_n7408_23_f2.png,data/science/v487_n7408_23_f2.png,exact,S,82.6,10,352.4888888888889,18.77468745116384,0,0,0,0,1,0,0,0,0,0,0,9,0,1,4,1,1,0,0,0,1,0,0,0,0,0,0,0,0
2223,2223.png,whoQ46_8.png,data/government/whoQ46_8.png,exact,G,11.8,10,115.28888888888889,10.737266360153729,0,0,1,1,0,0,1,0,0,0,0,2,1,2,1,1,0,0,1,0,0,0,0,0,0,0,0,0,0
2224,2224.png,visMost385.png,data/vis1/visMost385.png,exact,I,57.4,10,420.93333333333334,20.51665989710151,0,0,1,1,1,1,0,0,0,0,1,8,2,6,7,4,1,1,1,1,0,0,0,0,0,0,1,0,0
2225,2225.png,whoQ55_2.png,data/government/whoQ55_2.png,exact,G,9.8,10,219.0666666666667,14.800900873482894,0,1,1,1,0,0,0,0,0,0,0,1,1,1,1,1,0,0,1,0,0,0,0,0,0,0,0,0,0
2226,2226.png,visMost391.png,data/vis1/visMost391.png,exact,I,56.8,10,559.9555555555555,23.663380053482545,0,0,1,1,1,1,0,0,0,0,1,11,2,8,9,4,1,1,1,1,0,0,0,0,0,0,1,0,0
2227,2227.png,economist_daily_chart_235.png,data/news/economist_daily_chart_235.png,exact,N,31.2,10,330.84444444444443,18.18912984297062,0,1,1,1,0,1,1,0,0,0,0,6,2,2,1,3,0,0,0,0,0,1,0,1,0,1,0,0,0
2228,2228.png,whoQ10_2.png,data/government/whoQ10_2.png,exact,G,23.3,10,376.23333333333335,19.39673512046121,0,1,1,1,0,1,1,0,0,0,1,3,2,1,1,2,0,0,0,0,0,0,0,1,0,1,0,0,0
2229,2229.png,v487_n7406_12_f1.png,data/science/v487_n7406_12_f1.png,exact,S,21.1,10,413.65555555555557,20.338523927649113,0,1,1,0,0,0,1,0,0,1,0,0,3,0,2,1,1,0,0,0,0,0,0,1,0,0,0,0,0
2230,2230.png,visMost178.png,data/vis1/visMost178.png,exact,I,49.3,10,352.67777777777775,18.779717191102154,0,0,0,1,1,1,1,0,0,0,0,7,0,2,1,1,0,0,0,0,1,0,0,0,0,0,0,0,0
2231,2231.png,v488_n7412_7_f5.png,data/science/v488_n7412_7_f5.png,exact,S,32.0,10,298.6666666666667,17.281975195754296,0,1,1,0,0,0,1,0,0,0,0,3,3,0,3,2,1,0,0,0,0,1,0,1,0,0,0,0,0
2232,2232.png,v487_n7407_22_f2.png,data/science/v487_n7407_22_f2.png,exact,S,60.7,10,546.2333333333333,23.37163523019588,0,0,1,0,1,0,0,0,0,0,0,3,1,2,3,1,0,0,0,0,1,0,0,0,0,0,0,0,0
2233,2233.png,visMost63.png,data/vis1/visMost63.png,exact,I,54.6,10,830.7111111111111,28.822059452979953,0,0,0,1,1,1,0,0,0,0,1,6,10,18,3,3,1,0,0,1,0,0,0,0,0,1,1,0,0
2234,2234.png,vis987.png,data/vis3/vis987.png,exact,I,44.5,10,326.72222222222223,18.075459115115784,0,1,1,1,1,1,0,0,0,0,0,8,5,4,5,2,1,1,1,0,0,0,0,0,0,0,0,0,0
2235,2235.png,visMost77.png,data/vis1/visMost77.png,exact,I,55.4,10,869.3777777777777,29.485212866414543,0,0,0,1,1,1,0,0,0,0,0,10,1,2,1,1,0,0,0,0,0,0,0,0,0,0,0,0,1
2236,2236.png,v488_n7413_7_f5.png,data/science/v488_n7413_7_f5.png,exact,S,76.4,10,468.7111111111111,21.649736975564185,0,0,1,0,1,0,0,0,0,0,0,8,5,3,2,3,1,0,1,0,1,0,1,0,0,0,0,0,0
2237,2237.png,v488_n7413_14_f1.png,data/science/v488_n7413_14_f1.png,exact,S,68.9,10,722.3222222222222,26.876052950949145,0,1,1,0,0,0,1,0,0,0,0,4,3,1,5,3,1,0,1,0,1,0,0,0,0,0,1,0,0
2238,2238.png,wsj176.png,data/news/wsj176.png,exact,N,24.0,10,295.1111111111111,17.178798302300166,0,1,1,1,1,1,0,0,0,0,0,2,2,1,1,2,0,0,1,0,0,0,0,1,0,0,0,0,0
2239,2239.png,whoL07.png,data/government/whoL07.png,exact,G,62.6,10,627.6,25.051946032194785,0,0,0,0,1,1,1,0,0,0,0,4,0,6,1,2,0,0,0,0,1,0,0,0,0,0,1,0,0
2240,2240.png,visMost144.png,data/vis1/visMost144.png,exact,I,33.3,10,657.5666666666667,25.643062739592295,0,0,0,1,1,1,0,0,0,0,1,15,19,1,1,1,0,0,0,0,1,0,0,0,0,0,0,0,0
2241,2241.png,treasuryL06_1.png,data/government/treasuryL06_1.png,exact,G,18.7,10,40.01111111111111,6.325433669805661,0,0,0,0,0,0,0,0,1,0,0,1,3,1,1,1,0,0,0,0,0,0,0,0,0,0,1,0,0
2242,2242.png,visMost622.png,data/vis1/visMost622.png,exact,I,52.0,10,510.0,22.58317958127243,0,0,0,1,1,1,0,0,0,0,1,9,3,3,3,3,1,0,1,1,0,0,0,0,0,0,1,0,0
2243,2243.png,vis777.png,data/vis3/vis777.png,exact,I,50.9,10,448.9888888888889,21.189357915918286,0,0,1,1,1,0,0,0,0,0,0,9,2,8,6,3,1,1,1,1,0,0,0,0,0,0,0,0,0
2244,2244.png,wsj610.png,data/news/wsj610.png,exact,N,26.5,10,185.16666666666666,13.607595917966798,0,0,0,1,1,1,0,0,0,0,1,4,1,2,2,3,1,1,0,1,0,0,0,0,0,0,1,0,0
2245,2245.png,wsj604.png,data/news/wsj604.png,exact,N,28.1,10,326.9888888888889,18.082834094491076,0,0,1,1,0,1,1,0,0,0,1,6,2,2,1,1,1,0,0,0,0,0,0,1,0,0,0,0,0
2246,2246.png,v488_n7412_12_f3.png,data/science/v488_n7412_12_f3.png,exact,S,35.2,10,522.8444444444444,22.865792014370385,0,1,1,0,0,0,1,0,0,1,0,0,2,3,1,1,1,0,1,0,0,0,0,0,0,0,0,0,0
2247,2247.png,v487_n7408_15_f3.png,data/science/v487_n7408_15_f3.png,exact,S,39.8,10,745.0666666666666,27.295909339435216,0,1,1,0,0,0,1,0,0,1,0,0,1,2,1,1,0,0,1,0,0,0,0,0,0,0,0,0,0
2248,2248.png,visMost636.png,data/vis1/visMost636.png,exact,I,41.2,10,695.2888888888889,26.36833117375631,0,0,0,0,1,1,0,0,0,0,1,5,1,1,1,2,0,1,0,0,1,0,0,0,0,0,0,0,0
2249,2249.png,vis763.png,data/vis3/vis763.png,exact,I,49.4,10,302.93333333333334,17.404980130219435,0,0,0,1,1,1,0,0,0,0,0,1,1,13,3,2,1,0,0,0,1,0,0,0,0,0,1,0,0
2250,2250.png,whoL13.png,data/government/whoL13.png,exact,G,14.0,10,428.0,20.688160865577203,0,0,0,0,1,1,0,0,0,0,0,5,0,2,1,1,0,0,0,0,0,0,0,0,0,0,0,0,1
2251,2251.png,visMost150.png,data/vis1/visMost150.png,exact,I,92.1,10,114.76666666666667,10.712920547948942,0,0,0,1,1,1,0,0,0,0,0,5,0,2,1,3,0,0,0,1,1,0,0,0,0,0,0,0,1
2252,2252.png,v484_n7394_20_f4.png,data/science/v484_n7394_20_f4.png,exact,S,55.9,10,438.7666666666667,20.946757903472,0,1,0,0,1,0,0,0,0,0,0,6,0,5,1,1,0,0,0,0,1,0,0,0,0,0,0,0,0
2253,2253.png,wsj162.png,data/news/wsj162.png,exact,N,35.5,10,391.1666666666667,19.77793383209345,0,1,1,1,1,1,0,0,0,0,1,6,2,2,1,2,0,0,1,0,0,1,0,0,0,0,0,0,0
2254,2254.png,wsj189.png,data/news/wsj189.png,exact,N,32.7,10,218.23333333333335,14.772722610721875,0,0,1,1,1,1,0,0,0,0,1,2,1,4,1,2,1,0,1,0,0,1,0,0,0,0,0,0,0
2255,2255.png,v490_n7419_3_f6.png,data/science/v490_n7419_3_f6.png,exact,S,44.1,10,503.2111111111111,22.432367487875887,0,1,1,0,0,0,1,0,0,0,0,1,2,3,3,4,1,1,1,0,1,0,0,0,0,0,1,0,0
2256,2256.png,wsj9.png,data/news/wsj9.png,exact,N,13.6,10,78.71111111111111,8.87192826341101,0,1,1,1,0,1,1,1,0,0,1,3,1,2,1,2,0,1,1,0,0,0,0,0,0,0,0,0,0
2257,2257.png,vis788.png,data/vis3/vis788.png,exact,I,47.2,10,435.7333333333333,20.874226532576802,0,0,0,1,1,1,0,0,0,0,1,3,0,13,1,2,0,0,0,0,1,0,0,0,0,0,1,0,0
2258,2258.png,visMost805.png,data/vis1/visMost805.png,exact,I,32.8,10,613.9555555555555,24.778126554595598,0,0,0,1,1,0,0,0,0,0,1,10,6,2,4,2,0,0,0,0,1,0,0,0,0,0,1,0,0
2259,2259.png,v482_n7386_10_f2.png,data/science/v482_n7386_10_f2.png,exact,S,60.3,10,276.9,16.640312497065672,0,1,1,0,1,0,0,0,0,0,0,6,2,1,1,1,0,0,0,0,0,0,0,1,0,0,0,0,0
2260,2260.png,visMost811.png,data/vis1/visMost811.png,exact,I,39.4,10,622.9333333333334,24.958632441168195,0,0,0,0,1,1,0,0,0,0,1,15,0,3,3,1,1,0,0,0,0,0,0,0,0,0,0,1,0
2261,2261.png,vis944.png,data/vis3/vis944.png,exact,I,52.4,10,517.8222222222222,22.755707464770726,0,0,1,1,1,1,0,0,0,0,1,7,3,7,7,3,1,1,0,1,0,0,1,0,0,0,0,0,0
2262,2262.png,visMost187.png,data/vis1/visMost187.png,exact,I,25.7,10,612.6777777777777,24.75232873443987,0,0,0,1,1,1,0,0,0,0,0,8,1,1,1,1,0,1,0,0,0,0,0,0,0,0,0,0,0
2263,2263.png,v485_n7399_2_f5.png,data/science/v485_n7399_2_f5.png,exact,S,56.2,10,249.95555555555555,15.809982781633748,0,1,1,0,0,0,1,0,0,0,0,4,3,4,6,5,1,0,1,0,1,0,0,1,0,1,1,0,0
2264,2264.png,economist_daily_chart_27.png,data/news/economist_daily_chart_27.png,exact,N,38.8,10,381.2888888888889,19.52662000677252,0,0,1,1,0,1,1,1,0,0,0,8,3,2,2,4,1,1,0,1,0,1,0,1,0,0,0,0,0
2265,2265.png,treasuryG01_1.png,data/government/treasuryG01_1.png,exact,G,38.6,10,483.59999999999997,21.990907211845535,0,0,0,0,0,0,0,0,1,1,0,0,1,2,1,1,0,0,0,0,0,0,0,0,0,0,1,0,0
2266,2266.png,vis978.png,data/vis3/vis978.png,exact,I,58.1,10,502.7666666666667,22.422458979038556,0,0,1,1,1,1,1,0,0,0,0,12,4,17,5,5,1,1,1,1,0,0,0,1,0,0,1,0,0
2267,2267.png,treasuryD12.png,data/government/treasuryD12.png,exact,G,28.6,10,347.3777777777778,18.638073338673657,0,1,1,1,1,1,0,0,0,0,0,2,3,1,1,2,0,0,1,0,0,1,0,0,0,0,0,0,0
2268,2268.png,visMost88.png,data/vis1/visMost88.png,exact,I,48.9,10,702.9888888888889,26.51393763455155,0,0,1,1,1,1,0,0,0,0,1,3,3,11,10,4,1,1,0,0,1,1,0,0,0,0,1,0,0
2269,2269.png,whoK06_2.png,data/government/whoK06_2.png,exact,G,27.0,10,500.0,22.360679774997898,0,0,0,1,0,1,1,1,0,0,0,11,1,1,1,2,0,1,0,1,0,0,0,0,0,0,0,0,0
2270,2270.png,v489_n7416_19_f3.png,data/science/v489_n7416_19_f3.png,exact,S,76.6,10,157.15555555555554,12.536169891779368,0,0,0,0,0,0,0,0,1,1,0,0,10,2,1,1,0,0,0,0,0,0,0,0,0,0,1,0,0
2271,2271.png,economist_daily_chart_33.png,data/news/economist_daily_chart_33.png,exact,N,43.7,10,336.0111111111111,18.330605857720883,0,1,0,1,0,1,1,0,0,0,0,5,3,2,2,3,1,0,1,0,0,1,0,1,0,0,0,0,0
2272,2272.png,v486_n7403_3_f4.png,data/science/v486_n7403_3_f4.png,exact,S,80.0,10,157.11111111111111,12.534397117975445,0,1,1,0,0,0,1,0,0,0,0,15,3,2,1,1,1,0,0,0,0,1,0,0,0,0,0,0,0
2273,2273.png,visMost193.png,data/vis1/visMost193.png,exact,I,42.8,10,629.5111111111111,25.090060006128144,0,0,0,1,1,1,1,0,0,0,0,5,2,8,1,3,1,1,0,1,0,0,0,0,0,0,1,0,0
2274,2274.png,v483_n7387_10_f4.png,data/science/v483_n7387_10_f4.png,exact,S,46.0,10,333.55555555555554,18.263503375736967,0,1,1,0,0,0,1,1,0,0,0,18,5,0,2,2,1,1,0,0,0,0,0,1,0,0,0,0,0
2275,2275.png,v482_n7386_3_f4.png,data/science/v482_n7386_3_f4.png,exact,S,69.2,10,492.84444444444443,22.200100099874426,0,1,1,0,0,0,0,0,0,0,0,4,1,3,5,2,1,0,0,0,1,0,0,0,0,0,1,0,0
2276,2276.png,vis159.png,data/vis2/vis159.png,exact,I,35.3,10,625.7888888888889,25.015772802152025,0,0,0,1,1,1,0,0,0,0,1,8,1,2,1,1,0,0,0,0,1,0,0,0,0,0,0,0,0
2277,2277.png,v487_n7408_19_f3.png,data/science/v487_n7408_19_f3.png,exact,S,72.1,10,292.1,17.0909332688417,0,1,1,0,1,0,1,0,0,0,0,4,2,3,5,2,1,0,1,0,1,0,0,0,0,0,0,0,0
2278,2278.png,v485_n7400_17_f2.png,data/science/v485_n7400_17_f2.png,exact,S,57.9,10,319.8777777777778,17.8851272787693,0,1,1,0,1,0,1,0,0,0,0,5,5,3,3,3,1,0,1,0,0,1,0,1,0,0,0,0,0
2279,2279.png,v489_n7414_22_f1.png,data/science/v489_n7414_22_f1.png,exact,S,81.7,10,493.1222222222222,22.20635544663334,0,0,0,0,1,0,0,0,0,0,0,3,0,3,4,1,1,0,0,0,1,0,0,0,0,0,0,0,0
2280,2280.png,vis165.png,data/vis2/vis165.png,exact,I,69.9,10,221.65555555555554,14.888101140023046,0,1,0,1,1,1,0,0,0,0,1,7,2,4,3,4,1,1,1,1,0,0,0,0,0,0,1,0,0
2281,2281.png,vis603.png,data/vis3/vis603.png,exact,I,51.7,10,639.5666666666666,25.289655329139357,0,0,0,1,1,1,0,0,0,0,1,5,14,16,1,1,1,0,0,0,0,0,0,0,0,0,1,0,0
2282,2282.png,visMost756.png,data/vis1/visMost756.png,exact,I,74.5,10,413.1666666666667,20.326501584548843,0,0,0,1,1,1,1,0,0,0,0,18,1,2,2,2,0,0,0,0,0,0,0,0,0,0,1,0,1
2283,2283.png,v488_n7413_18_f1.png,data/science/v488_n7413_18_f1.png,exact,S,66.4,10,208.48888888888888,14.439144326755962,0,1,1,0,0,0,1,0,0,0,0,7,4,3,4,4,1,1,1,1,0,1,0,0,0,0,0,0,0
2284,2284.png,economist_daily_chart_194.png,data/news/economist_daily_chart_194.png,exact,N,52.1,10,412.7666666666667,20.316659830460978,0,0,1,1,1,1,1,0,0,0,0,4,2,2,1,1,0,0,0,0,0,0,0,1,0,0,0,0,0
2285,2285.png,economist_daily_chart_180.png,data/news/economist_daily_chart_180.png,exact,N,32.6,10,478.93333333333334,21.884545536367288,0,0,1,1,1,1,0,0,0,0,0,6,3,2,1,2,1,0,0,0,0,1,0,1,0,0,0,0,0
2286,2286.png,vis617.png,data/vis3/vis617.png,exact,I,58.1,10,452.9888888888889,21.28353562942231,0,0,0,1,1,1,0,0,0,0,1,3,9,10,7,4,1,1,1,1,0,0,0,0,0,0,1,0,0
2287,2287.png,visMost742.png,data/vis1/visMost742.png,exact,I,54.8,10,663.2888888888889,25.754395525596962,0,0,1,1,1,1,0,0,0,0,1,4,2,6,6,5,1,1,1,1,0,0,0,1,0,0,1,0,0
2288,2288.png,vis171.png,data/vis2/vis171.png,exact,I,50.4,10,510.93333333333334,22.60383448296623,0,0,1,1,1,0,1,0,0,0,1,9,3,4,3,3,1,0,1,0,0,0,0,0,1,0,1,0,0
2289,2289.png,v490_n7419_22_f3.png,data/science/v490_n7419_22_f3.png,exact,S,59.4,10,1082.7111111111112,32.904575838492605,0,0,1,0,0,0,0,0,0,0,0,7,1,2,10,3,1,0,1,0,1,0,0,0,0,0,1,0,0
2290,2290.png,whoO17_2.png,data/government/whoO17_2.png,exact,G,18.2,10,222.6222222222222,14.920530225907598,0,0,0,1,0,0,1,0,0,0,0,5,1,1,1,1,0,0,0,0,0,0,0,0,1,0,0,0,0
2291,2291.png,v489_n7416_15_f3.png,data/science/v489_n7416_15_f3.png,exact,S,18.2,10,572.4,23.924882444852262,0,1,1,0,0,0,0,0,0,1,0,0,1,1,2,1,1,0,1,0,0,0,0,0,0,0,0,0,0
2292,2292.png,vis824.png,data/vis3/vis824.png,exact,I,56.1,10,734.3222222222222,27.0983804354102,0,0,1,1,1,0,0,0,0,0,1,1,1,2,2,2,1,0,0,0,1,0,0,1,0,0,0,0,0
2293,2293.png,v490_n7419_1_f3.png,data/science/v490_n7419_1_f3.png,exact,S,56.6,10,520.4888888888889,22.814225581616594,0,0,0,0,1,0,0,0,0,0,0,2,3,2,7,1,1,0,0,0,1,0,0,0,0,0,0,0,0
2294,2294.png,vis830.png,data/vis3/vis830.png,exact,I,56.2,10,811.5111111111111,28.487034087653125,0,0,0,1,1,1,0,0,0,0,1,4,1,2,3,1,1,0,0,0,0,0,0,0,0,0,1,0,0
2295,2295.png,v490_n7420_9_f3.png,data/science/v490_n7420_9_f3.png,exact,S,70.7,10,206.23333333333332,14.360826345769011,0,1,1,0,1,0,1,0,0,0,0,7,7,0,4,3,1,0,0,0,1,1,0,1,0,0,0,0,0
2296,2296.png,v490_n7418_1_f3.png,data/science/v490_n7418_1_f3.png,exact,S,65.0,10,151.11111111111111,12.292725943057183,0,0,0,0,1,0,1,0,0,0,0,12,2,4,3,3,1,1,0,1,1,0,0,0,0,0,0,0,0
2297,2297.png,treasuryB14.png,data/government/treasuryB14.png,exact,G,22.3,10,161.1222222222222,12.693392857003293,0,1,1,1,0,1,1,0,0,0,0,4,2,1,1,2,1,1,0,0,0,0,0,0,0,0,1,0,0
2298,2298.png,v485_n7398_22_f4.png,data/science/v485_n7398_22_f4.png,exact,S,74.9,10,209.65555555555557,14.479487406519457,0,1,1,0,0,0,1,1,0,0,0,16,2,5,3,3,1,0,0,0,1,1,1,0,0,0,0,0,0
2299,2299.png,v486_n7402_1_f1.png,data/science/v486_n7402_1_f1.png,exact,S,71.1,10,376.1,19.393297811357407,0,1,1,0,1,0,1,0,0,0,0,3,2,3,6,2,1,0,0,0,1,0,0,1,0,0,0,0,0
2300,2300.png,economist_daily_chart_157.png,data/news/economist_daily_chart_157.png,exact,N,15.7,10,260.9,16.15239920259526,0,0,1,1,1,1,0,0,0,0,0,4,2,1,1,2,0,0,0,0,0,1,0,1,0,0,0,0,0
2301,2301.png,visMost795.png,data/vis1/visMost795.png,exact,I,64.6,10,363.59999999999997,19.068298298484844,0,0,1,1,1,1,1,0,0,0,0,8,2,16,9,3,1,0,1,1,0,0,0,0,0,0,1,0,0
2302,2302.png,vis818.png,data/vis3/vis818.png,exact,I,35.2,10,386.1777777777778,19.6514065088934,0,0,0,1,1,1,0,0,0,0,1,4,1,7,3,2,1,0,0,1,0,0,0,0,0,0,1,0,0
2303,2303.png,v489_n7417_13_f1.png,data/science/v489_n7417_13_f1.png,exact,S,49.6,10,269.15555555555557,16.40596097629016,0,1,1,0,0,0,0,0,0,1,0,0,4,0,3,2,1,0,0,0,0,0,0,1,0,1,0,0,0
2304,2304.png,v488_n7409_1_f4.png,data/science/v488_n7409_1_f4.png,exact,S,71.5,10,386.27777777777777,19.653950691343912,0,1,1,0,1,0,0,0,0,0,0,6,2,2,2,3,1,0,0,0,0,0,0,1,0,1,1,0,0
2305,2305.png,visMost781.png,data/vis1/visMost781.png,exact,I,68.2,10,1061.5111111111112,32.58083963176995,0,0,1,1,1,1,1,0,0,0,1,20,3,3,14,2,1,0,0,0,1,0,0,0,0,0,1,0,0
2306,2306.png,v486_n7403_1_f1.png,data/science/v486_n7403_1_f1.png,exact,S,64.0,10,330.6666666666667,18.184242262647807,0,1,1,0,0,0,1,0,0,0,0,6,3,0,1,2,0,0,0,0,0,0,1,0,0,1,0,0,0
2307,2307.png,economist_daily_chart_143.png,data/news/economist_daily_chart_143.png,exact,N,18.2,10,66.4,8.148619514985345,0,0,1,1,0,1,1,0,0,0,0,4,3,1,1,1,0,0,1,0,0,0,0,0,0,0,0,0,0
2308,2308.png,v483_n7390_21_f4.png,data/science/v483_n7390_21_f4.png,exact,S,44.0,10,785.7777777777778,28.031728055504853,0,0,0,0,1,0,0,0,0,0,0,5,0,3,1,1,0,0,0,0,1,0,0,0,0,0,0,0,0
2309,2309.png,v486_n7403_25_f2.png,data/science/v486_n7403_25_f2.png,exact,S,70.9,10,499.8777777777778,22.35794663599003,0,1,1,0,0,0,0,0,0,0,0,4,2,4,4,4,1,0,0,0,1,1,0,1,0,0,1,0,0
2310,2310.png,visMost568.png,data/vis1/visMost568.png,exact,I,60.4,10,521.8222222222222,22.843428425309153,0,1,1,1,1,1,1,0,0,0,0,20,9,10,4,4,1,1,0,0,1,0,0,1,0,0,1,0,0
2311,2311.png,v485_n7397_23_f4.png,data/science/v485_n7397_23_f4.png,exact,S,75.1,10,139.65555555555557,11.817595168034636,0,1,1,0,1,0,1,0,0,1,0,0,3,5,6,4,1,0,1,0,0,0,0,1,0,1,1,0,0
2312,2312.png,v487_n7405_21_f4.png,data/science/v487_n7405_21_f4.png,exact,S,81.2,10,231.06666666666666,15.200877167672484,0,0,0,0,1,0,0,0,0,0,0,8,2,1,2,1,0,0,0,0,1,0,0,0,0,0,0,0,0
2313,2313.png,v487_n7408_1_f6.png,data/science/v487_n7408_1_f6.png,exact,S,73.2,10,107.95555555555556,10.39016629104441,0,1,1,0,1,0,1,0,0,0,0,3,1,4,7,3,1,0,1,0,1,0,0,0,0,0,1,0,0
2314,2314.png,wsj10.png,data/news/wsj10.png,exact,N,45.7,10,256.9,16.028100324118263,0,0,0,1,1,1,1,0,0,0,0,4,1,2,1,1,0,0,0,0,0,0,0,0,1,0,0,0,0
2315,2315.png,wsj228.png,data/news/wsj228.png,exact,N,51.6,10,118.04444444444445,10.86482601998046,0,0,1,1,1,1,0,0,0,0,0,5,5,5,4,3,1,1,1,0,0,0,0,1,0,0,0,0,0
2316,2316.png,vis429.png,data/vis2/vis429.png,exact,I,26.1,10,270.3222222222222,16.441478711546058,0,1,1,1,1,1,0,0,0,0,1,14,2,1,1,1,0,0,1,0,0,0,0,0,0,0,0,0,0
2317,2317.png,economist_daily_chart_396.png,data/news/economist_daily_chart_396.png,exact,N,25.2,10,337.2888888888889,18.365426455404975,0,0,1,1,1,1,0,0,0,0,1,5,2,1,1,2,0,0,0,0,0,1,0,1,0,0,0,0,0
2318,2318.png,wsj566.png,data/news/wsj566.png,exact,N,36.1,10,322.76666666666665,17.96570807585013,0,1,1,1,0,1,1,0,0,0,1,5,2,3,1,1,1,0,1,0,0,0,0,0,0,0,0,0,0
2319,2319.png,visMost554.png,data/vis1/visMost554.png,exact,I,80.0,10,883.1111111111111,29.717185450696892,0,0,0,1,1,1,1,0,0,0,0,50,5,1,1,2,1,1,0,0,0,0,0,0,0,0,0,0,1
2320,2320.png,vis401.png,data/vis2/vis401.png,exact,I,63.6,10,139.15555555555557,11.796421302901807,0,0,1,1,1,0,0,0,0,0,1,6,0,7,6,3,0,0,0,0,1,0,0,0,0,0,1,0,1
2321,2321.png,vis367.png,data/vis2/vis367.png,exact,I,34.6,10,599.1555555555556,24.477654208595144,0,0,0,1,1,1,0,0,0,0,1,5,2,3,3,3,1,1,0,1,0,0,0,0,0,0,1,0,0
2322,2322.png,visMost232.png,data/vis1/visMost232.png,exact,I,42.9,10,813.4333333333333,28.520752678239987,0,0,0,1,1,1,0,0,0,0,1,11,9,14,8,2,0,0,0,1,0,0,0,0,0,0,1,0,0
2323,2323.png,v488_n7411_19_f2.png,data/science/v488_n7411_19_f2.png,exact,S,71.6,10,374.26666666666665,19.345972879818337,0,1,1,1,1,0,1,0,0,0,0,3,6,3,7,4,1,0,1,0,1,0,0,1,0,0,1,0,0
2324,2324.png,v483_n7387_1_f5.png,data/science/v483_n7387_1_f5.png,exact,S,80.3,10,356.0111111111111,18.86825670567133,0,1,1,0,1,0,0,0,0,0,0,12,5,5,7,3,1,0,0,0,1,0,0,1,0,1,0,0,0
2325,2325.png,wsj200.png,data/news/wsj200.png,exact,N,56.4,10,430.0444444444444,20.73751297635385,0,1,1,1,1,1,1,0,0,0,1,7,2,1,1,1,0,0,0,0,0,0,0,0,0,1,0,0,0
2326,2326.png,v486_n7401_2_f3.png,data/science/v486_n7401_2_f3.png,exact,S,78.2,10,147.73333333333335,12.154560186750212,0,1,1,1,0,0,1,0,0,0,0,5,2,4,6,2,1,0,1,0,1,0,0,0,0,0,0,0,0
2327,2327.png,wsj214.png,data/news/wsj214.png,exact,N,28.0,10,777.5555555555555,27.884683171152503,0,0,1,1,1,1,0,0,0,0,1,6,0,2,1,2,0,0,0,0,1,0,0,0,0,0,1,0,0
2328,2328.png,v486_n7404_21_f2.png,data/science/v486_n7404_21_f2.png,exact,S,87.1,10,190.76666666666665,13.811830677599065,0,1,1,0,1,0,1,0,0,0,0,4,3,3,6,3,1,0,0,0,0,0,0,1,0,1,1,0,0
2329,2329.png,vis373.png,data/vis2/vis373.png,exact,I,47.1,10,791.6555555555556,28.13637424323816,0,1,1,1,1,1,1,0,0,0,0,5,6,10,12,4,1,1,0,1,0,0,0,0,0,1,1,0,0
2330,2330.png,wsj38.png,data/news/wsj38.png,exact,N,37.2,10,699.7333333333333,26.45247310429279,0,0,1,1,1,1,0,0,0,0,1,6,2,2,2,3,1,0,1,0,0,1,0,1,0,0,0,0,0
2331,2331.png,visMost540.png,data/vis1/visMost540.png,exact,I,50.6,10,1096.0444444444445,33.10656195445919,0,1,1,1,1,1,0,0,0,0,1,3,5,8,3,4,1,0,0,1,0,1,0,1,0,0,1,0,0
2332,2332.png,vis415.png,data/vis2/vis415.png,exact,I,33.8,10,555.2888888888889,23.564568506316615,0,0,0,1,0,0,0,0,1,0,1,6,0,1,1,1,0,0,0,0,0,0,0,0,0,0,1,0,0
2333,2333.png,whoH03.png,data/government/whoH03.png,exact,G,20.4,10,514.4888888888889,22.682347517152824,0,0,0,1,1,0,1,0,0,0,0,9,1,1,1,1,1,0,0,1,0,0,0,0,0,0,0,0,0
2334,2334.png,economist_daily_chart_382.png,data/news/economist_daily_chart_382.png,exact,N,16.8,10,236.4,15.375304875026057,0,0,1,1,0,1,1,0,0,0,1,4,1,2,1,1,0,0,1,0,0,0,0,0,0,0,0,0,0
2335,2335.png,wsj572.png,data/news/wsj572.png,exact,N,28.4,10,455.59999999999997,21.344788591129216,0,1,1,1,0,1,0,0,0,0,1,3,3,1,1,2,1,1,1,0,0,0,0,0,0,0,0,0,0
2336,2336.png,economist_daily_chart_369.png,data/news/economist_daily_chart_369.png,exact,N,15.9,10,174.10000000000002,13.194695904036593,0,0,1,1,1,1,0,0,0,0,1,3,1,1,2,2,1,0,1,0,0,1,0,0,0,0,0,0,0
2337,2337.png,whoQ01.png,data/government/whoQ01.png,exact,G,21.4,10,391.15555555555557,19.777652933438677,0,0,1,1,0,1,0,0,1,0,0,2,2,2,1,1,0,0,0,0,0,0,0,0,0,0,1,0,0
2338,2338.png,wsj599.png,data/news/wsj599.png,exact,N,34.2,10,760.8444444444444,27.583408861930835,0,0,1,1,1,1,0,0,0,0,1,3,1,2,1,1,1,0,0,0,1,0,0,0,0,0,0,0,0
2339,2339.png,v488_n7410_6_f2.png,data/science/v488_n7410_6_f2.png,exact,S,70.3,10,579.3444444444444,24.069575078186247,0,0,1,0,1,0,1,0,0,0,1,13,1,3,1,1,1,0,0,0,1,0,0,0,0,0,0,0,0
2340,2340.png,v484_n7395_12_f2.png,data/science/v484_n7395_12_f2.png,exact,S,64.0,10,942.6666666666666,30.702877172451878,0,1,1,0,1,0,0,0,0,0,0,4,5,1,5,1,1,0,0,0,0,0,1,0,0,0,0,0,0
2341,2341.png,v485_n7396_5_f5.png,data/science/v485_n7396_5_f5.png,exact,S,70.7,10,613.7888888888889,24.774763144960417,0,1,1,1,0,0,1,0,0,1,0,0,2,3,4,2,1,0,1,0,0,0,0,0,0,0,1,0,0
2342,2342.png,v485_n7400_21_f3.png,data/science/v485_n7400_21_f3.png,exact,S,74.2,10,149.73333333333332,12.236557250032924,0,1,1,1,1,0,1,0,0,0,0,6,2,3,7,2,1,0,1,0,0,0,0,0,0,0,1,0,0
2343,2343.png,vis398.png,data/vis2/vis398.png,exact,I,15.3,10,170.23333333333335,13.047349667014116,0,0,0,1,1,1,0,0,0,0,1,3,1,1,1,2,0,0,0,1,0,0,0,0,0,0,0,0,1
2344,2344.png,v484_n7392_20_f3.png,data/science/v484_n7392_20_f3.png,exact,S,63.1,10,697.2111111111111,26.404755463952153,0,1,1,1,0,0,1,0,0,1,0,0,5,6,6,2,1,0,1,0,0,0,0,0,0,0,1,0,0
2345,2345.png,v487_n7405_9_f4.png,data/science/v487_n7405_9_f4.png,exact,S,73.3,10,340.9,18.46347746227671,0,1,1,0,1,0,1,0,0,0,0,10,5,4,3,3,1,1,0,0,1,0,0,0,0,1,0,0,0
2346,2346.png,visMost597.png,data/vis1/visMost597.png,exact,I,61.9,10,417.2111111111111,20.425746280396,0,0,1,1,1,1,0,0,0,0,1,15,1,1,1,2,0,0,0,0,1,0,0,0,0,0,1,0,0
2347,2347.png,economist_daily_chart_355.png,data/news/economist_daily_chart_355.png,exact,N,39.9,10,651.8777777777777,25.531897261617235,0,0,1,1,0,1,1,0,0,0,1,6,3,1,1,2,0,0,1,0,0,1,0,0,0,0,0,0,0
2348,2348.png,economist_daily_chart_433.png,data/news/economist_daily_chart_433.png,exact,N,31.2,10,571.2888888888889,23.901650338185622,0,0,1,1,1,1,0,0,0,0,1,3,2,2,2,3,1,0,0,0,0,1,0,1,0,0,1,0,0
2349,2349.png,v487_n7405_7_f1.png,data/science/v487_n7405_7_f1.png,exact,S,62.7,10,674.2333333333333,25.96600341472159,0,1,1,0,0,0,1,0,0,0,0,9,2,1,1,3,0,0,0,0,0,1,0,1,0,1,0,0,0
2350,2350.png,v489_n7415_12_f2.png,data/science/v489_n7415_12_f2.png,exact,S,37.1,10,419.43333333333334,20.480071614458122,0,1,1,1,0,0,0,0,0,0,0,2,1,2,1,2,1,0,1,0,0,1,0,0,0,0,0,0,0
2351,2351.png,economist_daily_chart_427.png,data/news/economist_daily_chart_427.png,exact,N,21.5,10,132.05555555555554,11.4915427839588,0,1,1,1,0,1,1,0,0,0,1,6,1,2,1,1,0,0,1,0,0,0,0,0,0,0,0,0,0
2352,2352.png,economist_daily_chart_341.png,data/news/economist_daily_chart_341.png,exact,N,33.9,10,608.1,24.65968369626829,0,0,1,1,0,1,1,0,0,0,1,5,1,2,1,3,0,0,1,0,0,0,0,1,0,1,0,0,0
2353,2353.png,whoJ45_1.png,data/government/whoJ45_1.png,exact,G,27.1,10,591.6555555555556,24.32397080156847,0,0,0,1,0,1,1,0,0,0,0,5,1,1,1,1,0,0,0,0,0,0,0,0,1,0,0,0,0
2354,2354.png,whoB06_1.png,data/government/whoB06_1.png,exact,G,22.7,10,327.34444444444443,18.0926627240007,0,0,0,1,1,1,0,0,0,0,0,4,2,2,1,1,1,0,0,1,0,0,0,0,0,0,0,0,0
2355,2355.png,whoF18.png,data/government/whoF18.png,exact,G,37.4,10,503.6,22.441033844277317,0,1,1,1,0,1,1,0,0,0,0,6,1,3,1,1,1,0,1,0,0,0,0,0,0,0,0,0,0
2356,2356.png,economist_daily_chart_426.png,data/news/economist_daily_chart_426.png,exact,N,28.5,10,499.6111111111111,22.35198226357365,0,0,1,1,1,1,0,0,0,0,1,9,2,1,2,2,1,0,1,1,0,0,0,0,0,0,0,0,0
2357,2357.png,whoF19.png,data/government/whoF19.png,exact,G,41.5,10,973.3888888888889,31.199180900928937,0,1,1,1,0,1,1,0,0,0,0,8,1,3,1,1,1,0,1,0,0,0,0,0,0,0,0,0,0
2358,2358.png,visMost582.png,data/vis1/visMost582.png,exact,I,21.5,10,482.27777777777777,21.960823704446465,0,0,0,1,1,1,0,0,0,0,1,7,3,4,4,3,1,0,1,1,0,0,0,0,0,0,1,0,0
2359,2359.png,economist_daily_chart_340.png,data/news/economist_daily_chart_340.png,exact,N,21.1,10,510.09999999999997,22.585393509965684,0,0,1,1,0,1,0,0,0,0,1,3,2,0,1,1,0,0,1,0,0,0,0,0,0,0,0,0,0
2360,2360.png,v487_n7407_18_f2.png,data/science/v487_n7407_18_f2.png,exact,S,77.3,10,329.7888888888889,18.16009055288241,0,1,1,1,0,0,0,0,0,0,0,5,1,3,5,3,1,0,1,0,0,1,0,0,0,0,0,0,1
2361,2361.png,economist_daily_chart_354.png,data/news/economist_daily_chart_354.png,exact,N,15.4,10,229.82222222222225,15.159888595310397,0,0,1,1,0,1,0,0,0,0,1,3,1,1,1,1,0,0,1,0,0,0,0,0,0,0,0,0,0
2362,2362.png,visMost596.png,data/vis1/visMost596.png,exact,I,44.8,10,538.1777777777778,23.198658965073342,0,0,0,1,1,1,1,0,0,0,1,6,6,9,4,2,1,0,0,0,0,0,0,0,1,0,1,0,0
2363,2363.png,v489_n7415_12_f3.png,data/science/v489_n7415_12_f3.png,exact,S,54.8,10,708.1777777777778,26.611609830631778,0,1,1,0,0,0,1,0,0,0,0,3,2,1,1,2,1,0,0,0,0,0,0,1,0,1,0,0,0
2364,2364.png,economist_daily_chart_432.png,data/news/economist_daily_chart_432.png,exact,N,55.3,10,857.7888888888889,29.288033202809792,0,0,0,0,1,0,0,0,0,0,1,4,0,1,1,1,0,0,0,0,0,0,0,0,1,0,0,0,0
2365,2365.png,v488_n7411_6_f3.png,data/science/v488_n7411_6_f3.png,exact,S,49.3,10,686.6777777777778,26.204537350958475,0,0,0,0,1,0,1,0,0,0,0,6,1,1,1,1,0,0,0,0,1,0,0,0,0,0,0,0,0
2366,2366.png,v484_n7392_20_f2.png,data/science/v484_n7392_20_f2.png,exact,S,84.3,10,144.01111111111112,12.000462954032695,0,0,1,0,1,0,1,0,0,0,0,10,0,4,8,2,1,0,0,0,1,0,0,0,0,0,1,0,0
2367,2367.png,v485_n7400_8_f1.png,data/science/v485_n7400_8_f1.png,exact,S,67.7,10,1038.2333333333333,32.22162834701768,0,1,1,0,1,0,0,0,0,0,0,5,2,2,2,3,0,1,0,0,1,0,0,1,0,0,0,0,0
2368,2368.png,v484_n7395_12_f3.png,data/science/v484_n7395_12_f3.png,exact,S,40.6,10,616.7111111111111,24.833668901535898,0,1,1,0,1,0,1,0,0,0,0,6,2,1,1,1,0,0,0,0,0,0,1,0,0,0,0,0,0
2369,2369.png,v488_n7410_6_f3.png,data/science/v488_n7410_6_f3.png,exact,S,45.7,10,1048.4555555555555,32.37986342706768,0,1,1,0,0,0,0,0,0,1,0,0,2,0,1,2,0,0,1,0,0,1,0,0,0,0,0,0,0
2370,2370.png,wsj598.png,data/news/wsj598.png,exact,N,20.1,10,161.43333333333334,12.705641791477255,0,0,1,1,1,1,0,0,0,0,1,3,2,1,1,1,0,0,1,0,0,0,0,0,0,0,0,0,0
2371,2371.png,economist_daily_chart_368.png,data/news/economist_daily_chart_368.png,exact,N,33.4,10,404.93333333333334,20.122955382680082,0,0,1,1,1,1,1,0,0,0,1,9,2,2,2,2,1,0,1,1,0,0,0,0,0,0,0,0,0
2372,2372.png,v490_n7418_12_f1.png,data/science/v490_n7418_12_f1.png,exact,S,69.1,10,639.6555555555556,25.29141268406246,0,1,1,0,1,0,0,0,0,0,0,4,3,1,1,1,0,0,0,0,0,0,0,0,0,1,0,0,0
2373,2373.png,v488_n7413_20_f4.png,data/science/v488_n7413_20_f4.png,exact,S,75.8,10,278.17777777777775,16.67866234977427,0,1,1,0,0,0,0,0,0,1,0,0,2,3,6,1,1,0,0,0,0,0,0,0,0,0,1,0,0
2374,2374.png,vis399.png,data/vis2/vis399.png,exact,I,81.2,10,827.0666666666666,28.758766779308647,0,0,1,1,0,1,1,0,0,0,0,12,2,2,1,1,0,0,0,0,0,0,0,0,0,0,0,0,1
2375,2375.png,v485_n7400_21_f2.png,data/science/v485_n7400_21_f2.png,exact,S,70.0,10,506.8888888888889,22.51419305435771,0,1,1,1,1,0,1,0,0,0,0,8,4,2,5,2,1,0,1,0,1,0,0,0,0,0,0,0,0
2376,2376.png,v485_n7396_5_f4.png,data/science/v485_n7396_5_f4.png,exact,S,76.6,10,423.6,20.581545131500697,0,1,1,1,1,0,1,0,0,0,0,4,5,3,8,2,1,0,1,0,0,0,0,0,0,0,1,0,0
2377,2377.png,wsj39.png,data/news/wsj39.png,exact,N,21.2,10,234.4,15.31012736720371,0,0,1,1,1,1,0,0,0,0,1,5,2,1,1,1,0,0,0,0,0,0,0,1,0,0,0,0,0
2378,2378.png,visMost227.png,data/vis1/visMost227.png,exact,I,31.8,10,645.2888888888889,25.402537056146357,0,0,0,1,1,1,0,0,0,0,1,18,6,2,1,3,0,0,0,0,1,0,0,0,0,1,1,0,0
2379,2379.png,vis372.png,data/vis2/vis372.png,exact,I,53.0,10,1024.2222222222222,32.00347203386255,0,0,0,1,1,1,0,0,0,0,1,20,0,6,11,1,1,0,0,0,0,0,0,0,0,0,1,0,0
2380,2380.png,v486_n7404_21_f3.png,data/science/v486_n7404_21_f3.png,exact,S,70.0,10,548.8888888888889,23.42837785440744,0,1,1,1,1,0,1,0,0,0,0,5,4,3,3,1,1,0,0,0,0,0,0,0,0,1,0,0,0
2381,2381.png,wsj215.png,data/news/wsj215.png,exact,N,25.6,10,734.7111111111111,27.105554986222124,0,0,1,1,1,1,0,0,0,0,1,5,2,0,1,2,0,0,1,0,0,0,0,0,0,0,1,0,0
2382,2382.png,v486_n7401_2_f2.png,data/science/v486_n7401_2_f2.png,exact,S,72.1,10,627.8777777777777,25.057489454807275,0,0,1,1,1,0,1,1,0,0,0,9,1,5,4,3,1,0,0,0,1,0,1,0,0,0,1,0,0
2383,2383.png,wsj573.png,data/news/wsj573.png,exact,N,16.1,10,326.9888888888889,18.082834094491076,0,1,1,1,0,1,0,0,0,0,0,2,2,0,1,2,0,0,1,0,0,1,0,0,0,0,0,0,0
2384,2384.png,economist_daily_chart_383.png,data/news/economist_daily_chart_383.png,exact,N,25.4,10,173.15555555555557,13.15885844424035,0,0,1,1,1,1,0,0,0,0,1,3,3,1,2,3,1,0,1,0,0,1,0,1,0,0,0,0,0
2385,2385.png,v488_n7410_11_f4.png,data/science/v488_n7410_11_f4.png,exact,S,68.1,10,655.8777777777777,25.610110850556225,0,1,0,0,1,0,1,1,0,1,0,0,1,2,1,1,0,0,0,0,1,0,0,0,0,0,0,0,0
2386,2386.png,v483_n7389_15_f2.png,data/science/v483_n7389_15_f2.png,exact,S,51.9,10,774.9888888888889,27.838622251988134,0,1,1,0,0,0,0,0,0,1,0,0,2,0,1,3,1,0,0,0,0,1,0,1,0,1,0,0,0
2387,2387.png,vis414.png,data/vis2/vis414.png,exact,I,41.3,10,514.6777777777778,22.686510921201123,0,0,0,1,1,1,0,0,0,0,1,9,1,8,5,5,1,1,0,1,0,0,0,0,1,1,1,0,0
2388,2388.png,visMost541.png,data/vis1/visMost541.png,exact,I,11.0,10,97.77777777777777,9.888264649460883,0,0,0,1,1,0,0,0,0,0,1,4,0,2,1,1,0,0,0,0,0,0,0,0,0,0,1,0,0
2389,2389.png,vis400.png,data/vis2/vis400.png,exact,I,39.0,10,553.5555555555555,23.527761380028394,0,0,0,1,1,1,0,0,0,0,1,15,15,15,15,5,1,1,1,0,0,0,0,0,1,1,1,0,0
2390,2390.png,visMost555.png,data/vis1/visMost555.png,exact,I,41.8,10,433.06666666666666,20.81025388280178,0,0,1,1,0,1,0,0,1,0,1,4,2,11,1,1,1,0,1,0,0,0,0,0,0,0,0,0,0
2391,2391.png,v486_n7403_13_f2.png,data/science/v486_n7403_13_f2.png,exact,S,52.4,10,920.7111111111111,30.34322183142573,0,1,1,0,1,0,1,1,0,0,0,6,3,0,1,2,0,0,0,0,1,0,1,0,0,0,0,0,0
2392,2392.png,whoC19_2.png,data/government/whoC19_2.png,exact,G,17.9,10,235.65555555555557,15.351076690433006,0,1,1,1,0,0,1,0,0,0,0,2,2,0,1,2,1,0,1,0,0,1,0,0,0,0,0,0,0
2393,2393.png,wsj567.png,data/news/wsj567.png,exact,N,16.5,10,231.61111111111111,15.218774954348694,0,0,1,1,1,1,0,0,0,0,1,8,0,2,1,1,0,0,0,0,1,0,0,0,0,0,0,0,0
2394,2394.png,economist_daily_chart_397.png,data/news/economist_daily_chart_397.png,exact,N,23.0,10,333.55555555555554,18.263503375736967,0,0,1,1,1,1,1,0,0,0,1,4,2,1,1,2,0,0,1,0,0,1,0,0,0,0,0,0,0
2395,2395.png,v483_n7390_17_f4.png,data/science/v483_n7390_17_f4.png,exact,S,74.5,10,291.1666666666667,17.0636064964786,0,1,1,1,1,0,1,0,0,0,0,9,3,4,4,2,1,0,0,0,1,1,0,0,0,0,0,0,0
2396,2396.png,wsj201.png,data/news/wsj201.png,exact,N,37.0,10,656.2222222222222,25.616834742454465,0,0,1,1,1,1,1,0,0,0,1,7,4,1,3,2,1,0,1,0,0,1,0,0,0,0,0,0,0
2397,2397.png,v483_n7387_1_f4.png,data/science/v483_n7387_1_f4.png,exact,S,68.6,10,662.2666666666667,25.73454228593675,0,1,1,1,1,0,0,0,0,0,0,4,5,3,8,3,1,0,0,0,1,0,0,1,0,1,0,0,0
2398,2398.png,v488_n7411_19_f3.png,data/science/v488_n7411_19_f3.png,exact,S,71.1,10,591.8777777777779,24.3285383403479,0,1,1,0,1,0,1,0,0,0,0,6,4,3,7,4,1,0,1,0,1,0,0,1,0,1,0,0,0
2399,2399.png,visMost233.png,data/vis1/visMost233.png,exact,I,29.9,10,624.5444444444445,24.990887228036634,0,0,0,1,1,1,1,0,0,0,0,8,0,3,1,1,0,0,0,0,1,0,0,0,0,0,0,0,0
2400,2400.png,vis366.png,data/vis2/vis366.png,exact,I,39.3,10,625.3444444444444,25.006887940014536,0,0,1,1,1,1,0,0,0,0,1,5,6,5,5,2,1,0,1,0,0,0,0,0,0,0,1,0,0
2401,2401.png,wsj229.png,data/news/wsj229.png,exact,N,21.3,10,258.6777777777778,16.083462866490468,0,0,1,1,1,1,1,0,0,0,1,4,2,2,2,3,1,0,1,0,0,1,0,0,1,0,0,0,0
2402,2402.png,v483_n7390_19_f1.png,data/science/v483_n7390_19_f1.png,exact,S,76.4,10,374.93333333333334,19.36319532859526,0,1,1,1,0,0,1,0,0,0,0,6,3,4,6,6,1,0,1,0,1,0,0,1,0,1,1,0,1
2403,2403.png,v489_n7414_3_f1.png,data/science/v489_n7414_3_f1.png,exact,S,82.7,10,161.56666666666666,12.710887721424758,0,1,1,1,1,0,0,0,0,0,0,6,5,4,3,4,1,0,1,1,1,1,0,0,0,0,0,0,0
2404,2404.png,vis428.png,data/vis2/vis428.png,exact,I,20.0,10,158.44444444444446,12.587471725666138,0,0,0,1,1,1,0,0,0,0,1,6,10,10,2,1,0,0,0,0,0,0,0,0,0,0,1,0,0
2405,2405.png,visMost569.png,data/vis1/visMost569.png,exact,I,38.9,10,517.4333333333333,22.747160995019428,0,0,0,1,1,1,1,1,0,0,0,4,3,1,1,1,0,1,0,0,0,0,0,0,0,0,0,0,0
2406,2406.png,wsj11.png,data/news/wsj11.png,exact,N,17.6,10,270.4888888888889,16.4465464122073,0,0,1,1,0,1,1,0,0,0,1,3,1,2,1,2,0,0,1,0,0,1,0,0,0,0,0,0,0
2407,2407.png,v489_n7415_3_f1.png,data/science/v489_n7415_3_f1.png,exact,S,64.4,10,412.26666666666665,20.304350929460085,0,1,1,1,1,0,1,0,0,0,0,1,7,3,4,3,1,0,1,0,0,0,0,1,0,0,1,0,0
2408,2408.png,economist_daily_chart_142.png,data/news/economist_daily_chart_142.png,exact,N,42.0,10,907.7777777777778,30.129350769271113,0,0,0,0,1,1,1,1,0,0,0,5,1,1,1,1,0,0,0,0,0,0,0,0,1,0,0,0,0
2409,2409.png,visMost780.png,data/vis1/visMost780.png,exact,I,69.4,10,630.2666666666667,25.105112361163943,0,0,0,0,0,0,1,1,0,0,1,5,1,1,1,2,0,0,0,0,0,0,0,0,1,0,0,0,1
2410,2410.png,treasuryB01.png,data/government/treasuryB01.png,exact,G,26.4,10,315.82222222222225,17.77138774047267,0,1,1,1,1,1,1,0,0,0,0,6,4,1,2,3,0,0,0,0,0,0,0,1,0,1,1,0,0
2411,2411.png,v486_n7403_25_f3.png,data/science/v486_n7403_25_f3.png,exact,S,75.7,10,276.6777777777778,16.633633931819524,0,1,1,0,0,0,1,0,0,0,0,3,1,3,2,1,1,0,0,0,0,0,0,0,0,1,0,0,0
2412,2412.png,v487_n7405_19_f1.png,data/science/v487_n7405_19_f1.png,exact,S,75.2,10,463.73333333333335,21.534468494330973,0,1,1,1,1,0,1,0,0,0,0,7,4,2,9,4,1,0,1,0,1,1,0,1,0,0,0,0,0
2413,2413.png,v485_n7398_22_f5.png,data/science/v485_n7398_22_f5.png,exact,S,74.4,10,93.6,9.674709297958259,0,1,1,1,1,0,1,1,0,0,0,9,2,5,4,3,1,0,1,1,1,0,0,0,0,0,0,0,0
2414,2414.png,whoJ24_1.png,data/government/whoJ24_1.png,exact,G,28.4,10,612.4888888888889,24.74851286216788,0,0,1,1,0,1,1,0,0,0,0,3,1,2,1,1,0,0,1,0,0,0,0,0,0,0,0,0,0
2415,2415.png,treasuryB15.png,data/government/treasuryB15.png,exact,G,32.6,10,840.0444444444445,28.98352022174747,0,1,1,1,1,1,0,0,0,0,0,2,2,1,2,2,0,0,0,0,0,0,0,0,0,1,1,0,0
2416,2416.png,v486_n7404_17_f2.png,data/science/v486_n7404_17_f2.png,exact,S,38.3,10,709.5666666666666,26.63769259276536,0,1,1,0,1,0,0,0,0,0,0,3,2,1,1,3,0,0,0,0,0,1,0,1,0,1,0,0,0
2417,2417.png,vis819.png,data/vis3/vis819.png,exact,I,42.1,10,625.4333333333334,25.00866516496499,0,0,1,1,1,1,0,0,0,0,1,6,4,4,5,3,1,1,0,0,0,0,0,0,0,1,1,0,0
2418,2418.png,visMost794.png,data/vis1/visMost794.png,exact,I,50.6,10,778.0444444444445,27.893448055850758,0,0,0,1,0,1,1,0,0,0,1,16,0,5,6,2,1,0,0,1,0,0,0,0,0,0,1,0,0
2419,2419.png,whoB22_1.png,data/government/whoB22_1.png,exact,G,23.9,10,494.32222222222225,22.23335832082554,0,1,1,1,1,1,0,0,0,0,0,3,1,2,1,2,0,1,0,0,0,0,0,0,0,0,1,0,0
2420,2420.png,economist_daily_chart_156.png,data/news/economist_daily_chart_156.png,exact,N,29.5,10,243.38888888888889,15.600925898448748,0,1,1,1,0,1,0,0,0,0,1,5,7,7,7,1,1,0,1,0,0,0,0,0,0,0,0,0,0
2421,2421.png,vis831.png,data/vis3/vis831.png,exact,I,26.2,10,551.5111111111111,23.48427369775593,0,0,0,1,1,0,0,0,0,0,1,2,1,1,1,1,0,0,0,0,1,0,0,0,0,0,0,0,0
2422,2422.png,v490_n7418_1_f2.png,data/science/v490_n7418_1_f2.png,exact,S,70.9,10,498.76666666666665,22.333084575729046,0,0,1,0,1,0,0,0,0,0,0,9,0,2,1,2,0,0,0,0,1,0,0,0,0,0,0,0,1
2423,2423.png,v487_n7405_17_f4.png,data/science/v487_n7405_17_f4.png,exact,S,80.2,10,276.84444444444443,16.638643107069893,0,1,1,1,1,0,1,0,0,0,0,9,6,3,4,3,1,0,0,0,1,0,1,0,0,1,0,0,0
2424,2424.png,v489_n7416_15_f2.png,data/science/v489_n7416_15_f2.png,exact,S,48.7,10,1391.3444444444444,37.300729811150404,0,1,1,1,0,0,1,0,0,1,0,0,2,1,1,1,0,0,0,0,0,0,0,0,0,1,0,0,0
2425,2425.png,v490_n7419_1_f2.png,data/science/v490_n7419_1_f2.png,exact,S,72.8,10,655.2888888888889,25.598611073433045,0,0,1,1,1,0,0,0,0,0,0,2,3,3,2,1,1,0,0,0,1,0,0,0,0,0,0,0,0
2426,2426.png,visMost743.png,data/vis1/visMost743.png,exact,I,46.5,10,456.5,21.365860619221497,0,1,0,1,1,1,0,0,0,0,1,18,1,3,1,2,0,0,0,0,1,0,0,0,0,0,1,0,0
2427,2427.png,vis616.png,data/vis3/vis616.png,exact,I,49.0,10,1008.0,31.74901573277509,0,1,1,1,1,1,0,0,0,0,1,10,3,3,6,4,1,0,1,1,1,0,0,0,0,0,1,0,0
2428,2428.png,economist_daily_chart_181.png,data/news/economist_daily_chart_181.png,exact,N,49.9,10,1029.4333333333334,32.084783517009015,0,0,1,1,1,1,1,0,0,0,1,7,3,3,2,3,1,0,1,0,0,1,0,1,0,0,0,0,0
2429,2429.png,vis170.png,data/vis2/vis170.png,exact,I,30.8,10,291.73333333333335,17.080202965226537,0,0,1,1,1,1,0,0,0,0,1,8,3,5,3,2,1,1,0,0,0,0,0,0,0,0,1,0,0
2430,2430.png,vis164.png,data/vis2/vis164.png,exact,I,40.3,10,353.34444444444443,18.797458457047973,0,0,0,1,1,1,0,0,1,0,1,18,0,4,9,2,1,0,0,0,1,0,0,0,0,0,1,0,0
2431,2431.png,v486_n7401_12_f1.png,data/science/v486_n7401_12_f1.png,exact,S,29.4,10,714.4888888888889,26.72992496975794,0,1,1,0,0,0,1,1,0,1,0,0,1,2,1,1,0,0,1,0,0,0,0,0,0,0,0,0,0
2432,2432.png,whoQ09_2.png,data/government/whoQ09_2.png,exact,G,23.2,10,369.51111111111106,19.222671799495277,0,1,1,1,0,1,1,0,0,0,0,2,1,2,1,2,0,0,1,0,0,1,0,0,0,0,0,0,0
2433,2433.png,economist_daily_chart_195.png,data/news/economist_daily_chart_195.png,exact,N,20.0,10,292.44444444444446,17.10100711784088,0,0,1,0,1,0,0,0,0,0,0,1,2,0,1,1,1,0,1,0,0,0,0,0,0,0,0,0,0
2434,2434.png,visMost757.png,data/vis1/visMost757.png,exact,I,40.8,10,603.0666666666667,24.557415716371025,0,0,1,1,1,1,0,0,1,0,0,12,3,7,6,5,1,1,1,1,1,0,0,0,0,0,1,0,0
2435,2435.png,vis602.png,data/vis3/vis602.png,exact,I,46.3,10,1206.6777777777777,34.73726785136934,1,0,0,0,0,0,0,0,0,0,1,2,0,0,1,1,0,0,0,0,0,0,1,0,0,0,0,0,0
2436,2436.png,v488_n7413_5_f1.png,data/science/v488_n7413_5_f1.png,exact,S,47.9,10,478.32222222222225,21.87057891831449,0,1,0,1,1,0,0,0,1,0,0,18,0,3,2,2,0,0,0,0,1,0,0,0,0,0,0,0,1
2437,2437.png,v485_n7400_17_f3.png,data/science/v485_n7400_17_f3.png,exact,S,68.5,10,178.05555555555554,13.343745934165396,0,1,1,0,1,0,1,0,0,0,0,4,2,2,1,2,1,0,0,0,0,0,0,1,0,0,1,0,0
2438,2438.png,v487_n7408_19_f2.png,data/science/v487_n7408_19_f2.png,exact,S,75.0,10,305.1111111111111,17.467430008765202,0,1,1,0,1,0,0,0,0,0,0,8,3,1,3,4,1,0,1,0,1,1,0,0,0,0,1,0,0
2439,2439.png,vis158.png,data/vis2/vis158.png,exact,I,29.2,10,659.5111111111111,25.680948407547394,0,0,0,1,1,1,0,0,1,0,1,4,2,4,2,3,1,0,1,0,1,0,0,0,0,0,1,0,0
2440,2440.png,v482_n7386_3_f5.png,data/science/v482_n7386_3_f5.png,exact,S,70.9,10,376.76666666666665,19.410478269910474,0,1,1,1,1,0,1,0,0,0,0,13,4,4,7,5,1,0,1,0,1,1,0,1,0,0,1,0,0
2441,2441.png,whoJ28.png,data/government/whoJ28.png,exact,G,17.8,10,455.9555555555556,21.35311582780264,0,1,1,1,1,1,1,0,0,0,0,2,1,2,1,1,0,0,1,0,0,0,0,0,0,0,0,0,0
2442,2442.png,v489_n7416_19_f2.png,data/science/v489_n7416_19_f2.png,exact,S,72.4,10,201.82222222222222,14.20641482648674,0,1,1,0,1,0,1,0,0,0,0,5,3,2,2,3,1,0,0,0,0,1,0,1,0,1,0,0,0
2443,2443.png,whoQ12_1.png,data/government/whoQ12_1.png,exact,G,16.1,10,321.65555555555557,17.934758307698367,0,1,1,1,0,1,0,0,1,0,0,3,1,8,1,1,0,0,0,0,0,0,0,0,0,0,1,0,0
2444,2444.png,visMost89.png,data/vis1/visMost89.png,exact,I,43.1,10,1101.8777777777777,33.19454439780395,0,0,0,1,1,1,0,0,0,0,0,10,6,7,7,3,1,0,1,0,1,0,0,0,0,0,1,0,0
2445,2445.png,treasuryD13.png,data/government/treasuryD13.png,exact,G,37.8,10,397.9555555555556,19.948823412811983,0,1,1,1,1,1,1,0,0,0,0,4,2,3,2,2,1,0,1,0,0,0,0,0,0,0,1,0,0
2446,2446.png,v486_n7404_9_f1.png,data/science/v486_n7404_9_f1.png,exact,S,78.9,10,128.1,11.31812705353673,0,1,1,0,1,0,1,0,0,0,0,7,3,1,1,3,0,0,0,0,0,1,0,1,0,1,0,0,0
2447,2447.png,vis979.png,data/vis3/vis979.png,exact,I,35.8,10,467.2888888888889,21.616865843338367,0,0,0,1,1,1,1,0,0,0,0,3,2,4,4,3,1,0,1,1,0,0,0,0,0,0,1,0,0
2448,2448.png,whoQ57_1.png,data/government/whoQ57_1.png,exact,G,25.6,10,519.1555555555556,22.784985309531265,0,0,1,1,0,0,1,0,0,0,0,3,1,2,1,1,0,0,1,0,0,0,0,0,0,0,0,0,0
2449,2449.png,visMost192.png,data/vis1/visMost192.png,exact,I,56.5,10,274.94444444444446,16.58144880414388,0,1,1,1,1,1,1,0,0,0,1,10,4,6,8,6,1,0,1,1,1,1,0,0,0,0,1,0,1
2450,2450.png,v486_n7403_3_f5.png,data/science/v486_n7403_3_f5.png,exact,S,62.4,10,684.2666666666667,26.158491291866714,0,1,1,1,1,0,1,0,0,0,0,11,8,2,2,3,1,0,0,0,0,1,0,1,0,1,0,0,0
2451,2451.png,economist_daily_chart_32.png,data/news/economist_daily_chart_32.png,exact,N,29.6,10,413.3777777777778,20.331693922980882,0,0,1,1,1,1,0,0,0,0,1,4,1,1,4,1,1,0,1,0,0,0,0,0,0,0,0,0,0
2452,2452.png,economist_daily_chart_26.png,data/news/economist_daily_chart_26.png,exact,N,29.6,10,415.3777777777778,20.38081886916661,0,0,1,0,1,0,1,1,0,0,0,4,1,2,2,3,1,0,1,0,0,1,0,0,1,0,0,0,0
2453,2453.png,v485_n7399_2_f4.png,data/science/v485_n7399_2_f4.png,exact,S,77.1,10,528.5444444444445,22.99009448533095,0,1,1,1,1,0,1,0,0,1,0,0,4,3,4,3,1,0,1,0,1,0,0,0,0,0,1,0,0
2454,2454.png,visMost186.png,data/vis1/visMost186.png,exact,I,42.1,10,693.4333333333334,26.333122362024096,0,0,0,1,1,1,0,0,0,0,1,6,7,11,4,2,1,0,0,0,1,0,0,0,0,0,1,0,0
2455,2455.png,vis945.png,data/vis3/vis945.png,exact,I,46.3,10,561.5666666666666,23.69739788809452,0,0,0,1,1,1,0,0,0,0,1,4,4,23,6,3,1,0,0,1,1,0,0,0,0,0,1,0,0
2456,2456.png,whoN35_1.png,data/government/whoN35_1.png,exact,G,9.7,10,174.9,13.224976370489287,0,0,0,1,1,0,1,0,0,0,0,4,1,1,1,1,0,0,0,1,0,0,0,0,0,0,0,0,0
2457,2457.png,visMost810.png,data/vis1/visMost810.png,exact,I,63.4,10,811.6,28.488594208911046,0,0,1,1,1,1,0,0,0,0,1,6,1,5,5,2,1,0,0,0,1,0,0,0,0,0,1,0,0
2458,2458.png,v487_n7405_15_f1.png,data/science/v487_n7405_15_f1.png,exact,S,45.9,10,647.2111111111111,25.44034416259165,0,0,0,0,1,0,1,0,0,0,0,6,1,2,2,2,1,0,0,0,0,0,0,0,1,0,0,0,1
2459,2459.png,v484_n7395_7_f10.png,data/science/v484_n7395_7_f10.png,exact,S,71.6,10,265.3777777777778,16.290419815884974,0,1,1,1,1,0,0,0,0,0,0,7,4,2,5,4,1,0,0,0,1,1,0,1,0,1,0,0,0
2460,2460.png,v486_n7402_21_f4.png,data/science/v486_n7402_21_f4.png,exact,S,41.1,10,609.6555555555556,24.69120401186535,0,1,1,0,1,0,1,0,0,1,0,0,4,1,3,3,1,0,1,0,0,0,0,1,0,1,0,0,0
2461,2461.png,wsj8.png,data/news/wsj8.png,exact,N,22.1,10,544.7666666666667,23.340237073917365,0,0,1,1,0,1,0,0,0,0,1,3,1,2,1,2,0,0,0,0,0,0,0,0,0,1,1,0,0
2462,2462.png,wsj188.png,data/news/wsj188.png,exact,N,8.8,10,120.84444444444445,10.992927018971992,0,0,1,1,1,1,1,0,0,0,1,3,2,1,1,2,0,0,1,0,0,1,0,0,0,0,0,0,0
2463,2463.png,v482_n7386_10_f3.png,data/science/v482_n7386_10_f3.png,exact,S,71.2,10,672.4,25.93067681338071,0,1,1,1,1,0,1,1,0,0,0,11,6,1,4,2,1,0,0,0,0,0,1,0,1,0,0,0,0
2464,2464.png,vis951.png,data/vis3/vis951.png,exact,I,32.6,10,317.3777777777778,17.81509971282164,0,0,1,1,1,1,0,0,0,0,1,9,3,3,1,2,0,1,0,0,0,0,0,0,0,0,1,0,0
2465,2465.png,visMost804.png,data/vis1/visMost804.png,exact,I,50.6,10,803.6,28.347839423843222,0,0,0,1,1,1,1,0,0,0,0,3,2,1,1,2,0,0,0,0,0,0,0,0,1,1,0,0,0
2466,2466.png,vis789.png,data/vis3/vis789.png,exact,I,51.9,10,305.65555555555557,17.483007623276826,0,0,0,1,1,1,0,0,0,0,1,3,6,11,9,2,1,0,0,1,0,0,0,0,0,0,1,0,0
2467,2467.png,vis762.png,data/vis3/vis762.png,exact,I,44.2,10,847.5111111111112,29.1120440902234,0,0,1,1,1,1,0,0,0,0,1,6,3,9,7,5,1,1,1,0,1,0,0,0,1,0,1,0,0
2468,2468.png,visMost637.png,data/vis1/visMost637.png,exact,I,35.4,10,285.15555555555557,16.886549545586735,0,0,1,1,1,1,0,0,0,0,1,7,4,9,8,2,1,0,0,0,1,0,0,0,0,0,1,0,0
2469,2469.png,v487_n7408_15_f2.png,data/science/v487_n7408_15_f2.png,exact,S,56.8,10,739.7333333333333,27.198039145007005,0,1,1,0,1,0,0,0,0,1,0,0,4,0,1,3,0,0,1,0,0,1,0,0,0,1,0,0,0
2470,2470.png,v488_n7412_12_f2.png,data/science/v488_n7412_12_f2.png,exact,S,45.6,10,1040.0444444444445,32.2497200676912,0,1,1,0,0,0,1,0,0,0,0,4,1,2,1,1,0,0,1,0,0,0,0,0,0,0,0,0,0
2471,2471.png,v488_n7412_9_f1.png,data/science/v488_n7412_9_f1.png,exact,S,74.5,10,485.8333333333333,22.041627284148813,0,0,1,0,1,0,1,1,0,0,1,5,3,2,1,2,0,1,0,0,0,0,0,0,1,0,0,0,0
2472,2472.png,wsj605.png,data/news/wsj605.png,exact,N,41.1,10,585.4333333333333,24.195729650773774,0,0,0,1,1,1,0,0,0,0,1,6,1,3,2,1,1,0,0,1,0,0,0,0,0,0,0,0,0
2473,2473.png,wsj163.png,data/news/wsj163.png,exact,N,46.7,10,353.7888888888889,18.80927667107082,0,1,1,1,1,1,1,0,0,0,1,3,3,2,2,3,1,1,1,0,0,1,0,0,0,0,0,0,0
2474,2474.png,v483_n7388_8_f1.png,data/science/v483_n7388_8_f1.png,exact,S,68.3,10,1037.7888888888888,32.21473092994707,0,0,0,0,1,0,1,0,0,0,1,6,1,1,5,1,1,0,0,0,1,0,0,0,0,0,0,0,0
2475,2475.png,visMost151.png,data/vis1/visMost151.png,exact,I,57.1,10,402.9888888888889,20.07458315604309,0,0,0,1,1,1,0,0,0,0,0,5,1,3,1,1,0,0,0,1,0,0,0,0,0,0,0,0,0
2476,2476.png,whoL12.png,data/government/whoL12.png,exact,G,23.5,10,370.72222222222223,19.25414818220277,0,0,0,1,1,1,0,0,0,0,0,2,0,1,1,1,0,0,0,0,1,0,0,0,0,0,0,0,0
2477,2477.png,visMost145.png,data/vis1/visMost145.png,exact,I,70.2,10,601.7333333333333,24.530253429863567,0,1,0,1,1,1,0,0,0,0,0,1,1,3,1,2,1,0,0,1,0,0,0,0,0,0,0,0,1
2478,2478.png,whoL06.png,data/government/whoL06.png,exact,G,22.4,10,515.3777777777777,22.701933348897352,0,1,1,1,0,1,1,0,0,0,0,5,1,2,1,1,0,0,1,0,0,0,0,0,0,0,0,0,0
2479,2479.png,wsj177.png,data/news/wsj177.png,exact,N,23.9,10,128.76666666666665,11.347540115226147,0,0,0,1,1,1,0,0,0,0,1,6,3,5,5,5,1,1,0,0,1,0,0,0,1,1,1,0,0
2480,2480.png,wsj611.png,data/news/wsj611.png,exact,N,30.4,10,780.2666666666665,27.933253778725216,0,0,1,1,0,1,0,0,0,0,1,5,3,0,2,3,1,1,1,0,0,1,0,0,0,0,0,0,0
2481,2481.png,v483_n7389_8_f1.png,data/science/v483_n7389_8_f1.png,exact,S,84.3,10,138.45555555555555,11.766713880925105,0,1,1,0,1,0,1,0,0,0,0,5,6,2,4,5,1,0,0,0,1,0,1,1,0,1,1,0,0
2482,2482.png,vis776.png,data/vis3/vis776.png,exact,I,37.1,10,442.1,21.0261741645978,0,0,0,1,1,1,0,0,0,0,1,5,4,10,9,3,1,1,0,1,0,0,0,0,0,0,1,0,0
2483,2483.png,visMost623.png,data/vis1/visMost623.png,exact,I,31.9,10,300.5444444444444,17.336217708728867,0,0,0,1,1,1,0,0,0,0,1,20,0,5,1,1,0,0,0,0,0,0,0,0,0,0,1,0,0
2484,2484.png,visMost76.png,data/vis1/visMost76.png,exact,I,51.2,10,618.6222222222223,24.872117365078154,0,0,0,1,1,1,1,0,0,0,1,15,0,1,1,1,0,0,0,0,0,0,0,0,0,0,0,0,1
2485,2485.png,vis986.png,data/vis3/vis986.png,exact,I,51.6,10,542.7111111111111,23.29616086635545,0,0,1,1,1,1,0,0,0,0,1,20,2,8,6,4,1,0,1,0,1,0,0,0,0,0,1,1,0
2486,2486.png,v488_n7413_7_f4.png,data/science/v488_n7413_7_f4.png,exact,S,55.4,10,615.6,24.8112877537624,0,1,1,1,1,0,0,0,0,1,0,0,8,4,3,1,1,0,1,0,0,0,0,0,0,0,0,0,0
2487,2487.png,visMost179.png,data/vis1/visMost179.png,exact,I,61.1,10,720.9888888888889,26.851236263697224,0,0,0,1,1,1,1,0,0,0,0,3,3,0,1,2,0,0,0,0,1,0,0,1,0,0,0,0,0
2488,2488.png,visMost62.png,data/vis1/visMost62.png,exact,I,62.1,10,246.76666666666665,15.708808569292156,0,0,1,0,1,0,0,0,0,0,1,8,6,20,8,6,1,1,1,1,0,0,0,1,0,1,1,0,0
2489,2489.png,v487_n7407_22_f3.png,data/science/v487_n7407_22_f3.png,exact,S,87.3,10,202.45555555555555,14.22868776646517,0,0,0,1,1,0,0,0,0,0,0,6,1,2,4,1,1,0,0,0,1,0,0,0,0,0,0,0,0
2490,2490.png,vis992.png,data/vis3/vis992.png,exact,I,38.8,10,468.4,21.642550681470055,0,0,0,1,1,1,0,0,0,0,1,2,11,9,1,4,1,1,0,1,0,0,0,0,1,0,1,0,0
2491,2491.png,v488_n7412_7_f4.png,data/science/v488_n7412_7_f4.png,exact,S,64.7,10,226.23333333333335,15.041054927541929,0,1,1,0,0,0,1,0,0,0,0,3,3,0,3,3,1,0,0,0,0,1,0,1,0,1,0,0,0
2492,2492.png,v489_n7414_18_f1.png,data/science/v489_n7414_18_f1.png,exact,S,56.2,10,659.2888888888889,25.676621446149976,0,1,1,0,1,0,1,0,0,0,0,3,5,1,2,3,1,0,0,0,0,1,0,1,0,1,0,0,0
2493,2493.png,whoC02_1.png,data/government/whoC02_1.png,exact,G,30.5,10,891.3888888888889,29.8561365365462,0,1,1,1,0,1,0,0,0,0,0,1,2,1,1,1,1,0,1,0,0,0,0,0,0,0,0,0,0
2494,2494.png,visMost390.png,data/vis1/visMost390.png,exact,I,56.9,10,412.76666666666665,20.316659830460978,0,0,0,1,1,1,0,0,0,0,1,2,9,11,3,3,0,0,0,0,0,0,0,0,1,1,1,0,0
2495,2495.png,vis12.png,data/vis2/vis12.png,exact,I,39.2,10,519.7333333333333,22.797660698706203,0,0,0,1,1,0,0,0,0,0,0,4,6,5,3,3,1,0,0,0,0,0,0,0,0,1,1,1,0
2496,2496.png,whoQ10_3.png,data/government/whoQ10_3.png,exact,G,35.4,10,572.0444444444445,23.917450625943488,0,1,1,1,0,1,1,0,0,0,1,3,2,1,1,2,0,0,0,0,0,0,0,1,0,1,0,0,0
2497,2497.png,whoK04_1.png,data/government/whoK04_1.png,exact,G,31.6,10,504.7111111111111,22.465776441314265,0,0,0,1,1,1,1,1,0,0,0,12,1,1,1,1,0,0,0,1,0,0,0,0,0,0,0,0,0
2498,2498.png,economist_daily_chart_234.png,data/news/economist_daily_chart_234.png,exact,N,50.4,10,463.3777777777778,21.526211412549532,0,0,1,1,1,1,1,0,0,0,0,4,4,4,2,3,1,0,0,0,1,0,0,0,0,1,1,0,0
2499,2499.png,economist_daily_chart_220.png,data/news/economist_daily_chart_220.png,exact,N,25.2,10,486.6222222222222,22.059515457557588,0,0,1,1,0,1,0,0,0,0,1,3,1,2,2,2,1,0,1,0,0,1,0,0,0,0,0,0,0
2500,2500.png,v484_n7394_16_f4.png,data/science/v484_n7394_16_f4.png,exact,S,79.7,10,423.56666666666666,20.58073532861901,0,0,1,0,1,0,1,0,0,0,0,7,6,6,9,3,1,0,1,0,1,0,0,1,0,0,0,0,0
2501,2501.png,visMost384.png,data/vis1/visMost384.png,exact,I,53.5,10,342.94444444444446,18.518759257694466,0,1,1,1,0,1,1,1,0,0,1,4,5,2,6,4,1,0,1,1,1,0,0,0,0,1,0,0,0
2502,2502.png,v487_n7408_23_f3.png,data/science/v487_n7408_23_f3.png,exact,S,76.2,10,276.40000000000003,16.625281952496326,0,0,0,0,1,0,0,0,0,0,0,6,0,0,3,1,0,0,0,0,1,0,0,0,0,0,0,0,0
2503,2503.png,treasuryG03_2.png,data/government/treasuryG03_2.png,exact,G,59.6,10,504.4888888888889,22.46083010240024,0,1,1,1,1,1,1,0,0,0,0,6,2,1,1,1,0,0,0,0,0,0,0,1,0,0,0,0,0
2504,2504.png,v490_n7419_18_f3.png,data/science/v490_n7419_18_f3.png,exact,S,70.1,10,174.98888888888888,13.228336588131135,0,1,1,1,1,0,0,0,0,0,0,5,20,4,10,4,1,0,1,0,1,0,0,1,0,1,0,0,0
2505,2505.png,v487_n7407_14_f2.png,data/science/v487_n7407_14_f2.png,exact,S,72.4,10,197.15555555555554,14.041209191360819,0,1,1,0,1,0,0,0,0,0,0,7,2,2,2,2,1,0,0,0,1,0,0,1,0,0,0,0,0
2506,2506.png,v484_n7394_18_f1.png,data/science/v484_n7394_18_f1.png,exact,S,85.1,10,154.1,12.413702106946179,0,1,1,0,1,0,1,0,0,0,1,6,6,3,12,3,1,0,0,0,1,0,1,0,0,1,0,0,0
2507,2507.png,economist_daily_chart_208.png,data/news/economist_daily_chart_208.png,exact,N,59.7,10,298.23333333333335,17.269433497753578,0,1,1,1,1,1,1,0,0,0,0,7,2,1,1,1,0,0,0,0,0,0,0,0,0,1,0,0,0
2508,2508.png,whoN10.png,data/government/whoN10.png,exact,G,29.6,10,603.6,24.5682722225231,0,1,1,1,0,1,0,0,0,0,1,3,4,3,1,1,0,0,0,0,0,0,0,0,0,0,1,0,0
2509,2509.png,vis206.png,data/vis2/vis206.png,exact,I,46.0,10,618.6666666666666,24.873010808236838,0,1,1,1,1,1,1,0,0,0,1,5,3,3,14,4,1,0,1,0,1,0,0,0,1,0,1,0,0
2510,2510.png,whoQ48_6.png,data/government/whoQ48_6.png,exact,G,14.1,10,340.9888888888889,18.465884459968034,0,1,1,1,0,0,1,0,0,0,0,1,2,0,1,1,0,0,0,0,0,0,0,1,0,0,0,0,0
2511,2511.png,visMost353.png,data/vis1/visMost353.png,exact,I,47.0,10,383.3333333333333,19.578900207451216,0,0,0,1,1,1,0,0,0,0,1,6,0,1,2,3,1,0,0,0,1,1,0,0,0,0,1,0,0
2512,2512.png,v485_n7398_16_f1.png,data/science/v485_n7398_16_f1.png,exact,S,62.2,10,404.84444444444443,20.12074661747035,0,1,1,0,1,0,1,0,0,0,1,16,2,2,2,2,1,0,0,0,0,0,0,1,0,0,0,1,0
2513,2513.png,vis2.png,data/vis2/vis2.png,exact,I,61.0,10,279.1111111111111,16.706618781522224,0,1,1,1,1,1,0,0,0,0,1,20,9,5,7,2,1,0,1,1,0,0,0,0,0,0,0,0,0
2514,2514.png,wsj361.png,data/news/wsj361.png,exact,N,14.9,10,321.2111111111111,17.922363435415296,0,0,1,0,1,1,0,0,0,0,1,4,2,0,1,1,1,0,0,0,0,0,0,1,0,0,0,0,0
2515,2515.png,wsj407.png,data/news/wsj407.png,exact,N,38.9,10,627.4333333333334,25.048619389765445,0,0,1,1,1,1,1,1,0,0,0,3,6,6,6,1,1,0,0,0,0,0,0,0,1,0,0,0,0
2516,2516.png,v483_n7390_1_f2.png,data/science/v483_n7390_1_f2.png,exact,S,65.1,10,351.8777777777778,18.75840552333214,0,1,1,0,1,0,1,0,0,0,0,2,2,1,2,2,0,0,0,0,1,0,0,1,0,0,0,0,0
2517,2517.png,v484_n7394_6_f2.png,data/science/v484_n7394_6_f2.png,exact,S,77.4,10,163.6,12.790621564255586,0,1,1,0,1,0,1,0,0,0,0,5,10,1,4,3,1,0,0,0,0,0,1,1,0,1,0,0,0
2518,2518.png,visMost435.png,data/vis1/visMost435.png,exact,I,26.3,10,405.7888888888889,20.144202364176373,0,0,0,0,0,0,0,0,1,0,0,20,0,2,1,1,1,0,0,0,0,0,0,0,0,0,1,0,0
2519,2519.png,vis560.png,data/vis3/vis560.png,exact,I,69.5,10,500.94444444444446,22.381788231605725,0,0,0,1,1,1,0,0,0,0,1,6,5,5,9,3,1,0,0,1,1,0,0,0,0,0,0,1,0
2520,2520.png,treasuryL04_2.png,data/government/treasuryL04_2.png,exact,G,17.9,10,204.76666666666665,14.309670389868058,0,0,0,1,1,1,0,0,0,0,0,5,1,1,1,1,0,0,0,1,0,0,0,0,0,0,0,0,0
2521,2521.png,v483_n7387_3_f1.png,data/science/v483_n7387_3_f1.png,exact,S,79.8,10,204.4,14.296852800529214,0,1,1,0,1,0,0,0,0,0,0,7,2,1,1,1,0,0,0,0,0,0,0,0,0,1,0,0,0
2522,2522.png,visMost421.png,data/vis1/visMost421.png,exact,I,62.5,10,600.0555555555555,24.49603142461153,0,1,1,0,1,1,1,1,0,0,1,20,15,14,21,7,1,1,1,1,1,0,0,1,1,0,0,1,0
2523,2523.png,vis574.png,data/vis3/vis574.png,exact,I,48.2,10,394.4,19.859506539690255,0,0,1,1,1,1,0,0,0,0,1,3,2,2,3,2,1,0,1,0,0,0,0,0,1,0,0,0,0
2524,2524.png,v485_n7396_27_f2.png,data/science/v485_n7396_27_f2.png,exact,S,80.8,10,214.17777777777778,14.634813896246778,0,1,1,0,1,0,1,0,0,0,0,2,8,2,8,1,1,0,0,0,0,0,0,1,0,0,0,0,0
2525,2525.png,wsj413.png,data/news/wsj413.png,exact,N,28.6,10,298.7111111111111,17.283261009170438,0,0,1,1,0,1,0,0,0,0,1,7,3,1,1,1,0,0,0,0,0,0,0,0,0,0,1,0,0
2526,2526.png,wsj375.png,data/news/wsj375.png,exact,N,17.0,10,187.55555555555554,13.695092389449425,0,0,1,1,1,1,0,0,0,0,0,3,1,2,1,1,0,0,1,0,0,0,0,0,0,0,0,0,0
2527,2527.png,treasuryD02_2.png,data/government/treasuryD02_2.png,exact,G,36.7,10,576.0111111111111,24.000231480365166,0,1,1,1,1,1,1,0,0,0,0,2,2,3,2,2,0,0,1,0,0,0,0,1,0,0,0,0,0
2528,2528.png,vis212.png,data/vis2/vis212.png,exact,I,55.8,10,551.7333333333333,23.489004519845736,0,0,0,1,1,0,0,0,0,0,1,9,1,2,5,3,1,0,0,1,0,0,0,0,0,0,1,1,0
2529,2529.png,visMost347.png,data/vis1/visMost347.png,exact,I,51.9,10,690.9888888888889,26.28666751204665,0,0,1,1,1,1,1,0,0,0,1,8,1,3,16,6,1,0,1,1,1,0,0,0,1,0,1,1,0
2530,2530.png,v483_n7391_1_f2.png,data/science/v483_n7391_1_f2.png,exact,S,77.1,10,111.87777777777778,10.577229210798912,0,1,1,0,1,0,1,0,0,0,0,11,2,3,3,3,1,1,0,0,0,0,0,1,0,1,0,0,0
2531,2531.png,v489_n7414_1_f4.png,data/science/v489_n7414_1_f4.png,exact,S,81.3,10,568.4555555555555,23.84230600331175,0,1,1,0,1,0,1,0,0,0,0,22,1,5,7,1,1,0,0,0,0,0,1,0,0,0,0,0,0
2532,2532.png,visMost409.png,data/vis1/visMost409.png,exact,I,61.3,10,473.7888888888889,21.766692189877837,0,0,0,0,0,0,0,0,1,0,1,20,0,0,1,1,0,0,0,0,1,0,0,0,0,0,0,0,0
2533,2533.png,v488_n7411_15_f3.png,data/science/v488_n7411_15_f3.png,exact,S,73.2,10,127.73333333333333,11.301917241483116,0,1,1,0,1,1,1,0,0,0,0,2,5,1,8,1,1,0,0,0,0,0,0,1,0,0,0,0,0
2534,2534.png,v489_n7415_1_f4.png,data/science/v489_n7415_1_f4.png,exact,S,74.0,10,307.1111111111111,17.524585904126553,0,1,1,0,1,0,1,0,0,0,0,4,5,6,6,2,1,1,1,0,0,0,0,0,0,0,0,0,0
2535,2535.png,vis548.png,data/vis3/vis548.png,exact,I,52.4,10,522.9333333333334,22.867735640708577,0,0,0,0,0,0,0,0,1,0,1,6,1,5,8,5,1,0,1,1,1,0,0,0,0,0,1,1,0
2536,2536.png,v483_n7389_19_f2.png,data/science/v483_n7389_19_f2.png,exact,S,80.6,10,172.7111111111111,13.141959941770905,0,1,1,1,1,0,1,0,0,1,0,2,6,6,8,3,1,0,1,0,1,0,0,0,0,1,0,0,0
2537,2537.png,v485_n7398_18_f4.png,data/science/v485_n7398_18_f4.png,exact,S,83.6,10,142.04444444444445,11.918239989379492,0,1,1,0,1,0,1,0,0,0,0,4,3,3,2,2,1,0,0,0,0,1,0,1,0,0,0,0,0
2538,2538.png,v483_n7391_13_f3.png,data/science/v483_n7391_13_f3.png,exact,S,70.0,10,293.55555555555554,17.13346303452853,0,1,1,0,1,0,1,0,0,0,0,6,2,3,4,3,1,0,0,0,0,1,0,1,0,1,0,0,0
2539,2539.png,wsj349.png,data/news/wsj349.png,exact,N,26.8,10,507.28888888888895,22.523074587828567,0,0,1,1,1,1,0,0,0,0,1,3,3,0,2,1,1,0,0,0,0,0,0,1,0,0,0,0,0
2540,2540.png,v484_n7393_2_f3.png,data/science/v484_n7393_2_f3.png,exact,S,82.5,10,116.27777777777777,10.783217413081207,0,1,1,1,1,0,0,0,0,0,1,6,2,11,26,2,1,0,1,0,1,0,0,0,0,0,0,0,0
2541,2541.png,wsj439.png,data/news/wsj439.png,exact,N,23.0,10,333.55555555555554,18.263503375736967,0,0,0,1,1,1,1,0,0,0,1,4,2,1,1,1,0,0,1,0,0,0,0,0,0,0,0,0,0
2542,2542.png,v488_n7411_15_f1.png,data/science/v488_n7411_15_f1.png,exact,S,79.1,10,372.32222222222225,19.295652935887457,0,1,1,1,1,0,0,0,0,0,0,7,2,3,24,3,1,0,1,0,1,0,0,1,0,0,0,0,0
2543,2543.png,vis238.png,data/vis2/vis238.png,exact,I,45.5,10,624.9444444444445,24.998888864196434,0,1,1,1,1,0,0,0,0,0,1,4,2,2,6,4,1,0,1,1,1,1,0,0,0,0,0,0,0
2544,2544.png,v489_n7416_21_f4.png,data/science/v489_n7416_21_f4.png,exact,S,76.4,10,216.7111111111111,14.721111069179225,0,1,1,0,1,0,1,0,0,0,0,6,9,7,10,4,1,1,1,0,0,0,0,1,0,0,0,0,1
2545,2545.png,v484_n7393_2_f1.png,data/science/v484_n7393_2_f1.png,exact,S,87.2,10,238.4,15.440207252495027,0,1,0,1,1,0,0,0,0,0,0,9,0,0,23,3,1,0,0,0,1,1,0,0,0,0,0,0,1
2546,2546.png,visMost379.png,data/vis1/visMost379.png,exact,I,62.3,10,572.0111111111111,23.916753774521972,0,0,0,0,1,1,0,0,0,0,1,4,0,9,15,4,1,0,0,1,1,0,0,0,1,0,0,1,0
2547,2547.png,v483_n7391_13_f1.png,data/science/v483_n7391_13_f1.png,exact,S,65.9,10,299.2111111111111,17.297719824043604,0,1,1,0,1,0,1,0,0,0,0,5,2,3,3,3,1,0,0,0,0,1,0,1,0,1,0,0,0
2548,2548.png,v489_n7414_30_f2.png,data/science/v489_n7414_30_f2.png,exact,S,73.4,10,770.0444444444445,27.74967467276769,0,1,1,0,0,0,0,0,0,0,0,2,0,10,5,1,1,0,0,0,0,0,0,0,0,0,0,0,1
2549,2549.png,vis562.png,data/vis3/vis562.png,exact,I,34.1,10,353.65555555555557,18.805731986699044,0,0,0,0,1,0,0,0,0,0,1,6,7,7,5,3,1,1,0,1,0,1,0,0,0,0,0,0,0
2550,2550.png,visMost437.png,data/vis1/visMost437.png,exact,I,38.4,10,377.15555555555557,19.42049318517827,0,1,1,1,1,1,0,0,0,0,1,3,2,2,5,3,1,0,1,1,0,1,0,0,0,0,0,0,0
2551,2551.png,wsj405.png,data/news/wsj405.png,exact,N,48.9,10,565.2111111111111,23.774168988865018,0,0,1,1,1,1,0,0,0,0,0,5,1,0,1,2,0,0,0,0,1,0,0,1,0,0,0,0,0
2552,2552.png,v486_n7402_19_f2.png,data/science/v486_n7402_19_f2.png,exact,S,74.9,10,142.1,11.92057045614848,0,1,1,0,1,0,1,0,0,0,0,3,11,1,16,4,1,0,1,0,0,1,0,1,0,1,0,0,0
2553,2553.png,wsj363.png,data/news/wsj363.png,exact,N,26.6,10,565.1555555555556,23.773000558523435,0,0,1,1,1,1,0,0,0,0,1,5,1,1,2,2,0,1,0,0,0,1,0,0,0,0,0,0,0
2554,2554.png,v485_n7398_16_f3.png,data/science/v485_n7398_16_f3.png,exact,S,87.9,10,260.5444444444444,16.141389173316046,0,1,1,0,1,0,0,0,0,0,1,3,2,7,5,3,1,0,1,0,1,0,0,0,0,0,0,0,1
2555,2555.png,whoQ48_4.png,data/government/whoQ48_4.png,exact,G,12.6,10,235.6,15.349267083479914,0,1,1,1,0,0,1,0,0,0,0,1,2,0,1,1,0,1,0,0,0,0,0,0,0,0,0,0,0
2556,2556.png,visMost351.png,data/vis1/visMost351.png,exact,I,49.3,10,316.4555555555556,17.789197720964136,0,0,0,1,1,0,0,0,0,0,1,16,4,3,6,3,1,1,0,1,0,0,0,0,0,0,1,0,0
2557,2557.png,vis204.png,data/vis2/vis204.png,exact,I,13.1,10,208.3222222222222,14.433371824429043,0,0,0,0,0,0,0,0,1,0,1,4,0,3,1,1,0,0,0,0,0,0,0,0,0,0,1,0,0
2558,2558.png,visMost345.png,data/vis1/visMost345.png,exact,I,70.8,10,199.2888888888889,14.116971661404188,0,0,1,1,1,1,0,0,0,0,0,2,1,2,2,2,1,0,0,0,1,0,0,1,0,0,0,0,0
2559,2559.png,vis210.png,data/vis2/vis210.png,exact,I,54.9,10,626.5444444444445,25.030869829960853,0,0,0,0,1,1,0,0,0,0,1,20,2,1,7,2,1,0,1,0,0,0,0,0,0,0,1,0,0
2560,2560.png,wsj377.png,data/news/wsj377.png,exact,N,31.2,10,546.4,23.375200533899168,0,0,0,1,1,0,0,0,0,0,1,5,0,1,1,1,0,0,0,0,0,0,0,0,1,0,0,0,0
2561,2561.png,wsj411.png,data/news/wsj411.png,exact,N,29.9,10,538.5444444444445,23.206560375127644,0,0,0,1,1,1,0,0,0,0,0,2,2,2,2,2,1,1,1,0,0,0,0,0,0,0,0,0,0
2562,2562.png,vis576.png,data/vis3/vis576.png,exact,I,36.4,10,134.7111111111111,11.606511582345107,0,0,1,1,1,1,0,0,0,0,1,7,4,2,4,4,1,0,1,1,0,1,0,0,1,0,0,0,0
2563,2563.png,v483_n7387_3_f3.png,data/science/v483_n7387_3_f3.png,exact,S,91.0,10,88.88888888888889,9.428090415820634,0,1,1,0,1,0,0,0,0,0,0,8,0,1,2,1,1,0,0,0,1,0,0,0,0,0,0,0,0
2564,2564.png,visMost423.png,data/vis1/visMost423.png,exact,I,51.0,10,155.77777777777777,12.48109681789937,0,0,1,0,1,1,1,1,0,0,0,7,6,5,6,6,1,1,1,1,0,0,0,1,1,1,0,0,0
2565,2565.png,v484_n7394_18_f3.png,data/science/v484_n7394_18_f3.png,exact,S,77.9,10,313.43333333333334,17.704048501213876,0,0,0,0,1,0,0,0,0,0,0,5,1,1,5,1,1,0,0,0,1,0,0,0,0,0,0,0,0
2566,2566.png,v490_n7419_18_f1.png,data/science/v490_n7419_18_f1.png,exact,S,87.0,10,184.0,13.564659966250536,0,1,1,0,1,0,1,0,0,0,0,8,4,4,12,3,1,0,1,0,1,0,0,1,0,0,0,0,0
2567,2567.png,v488_n7410_4_f4.png,data/science/v488_n7410_4_f4.png,exact,S,96.7,10,39.78888888888889,6.307843442008441,0,1,0,0,1,0,0,0,0,0,0,6,4,2,20,4,1,0,0,1,1,0,0,1,0,1,0,0,0
2568,2568.png,wsj388.png,data/news/wsj388.png,exact,N,18.4,10,198.04444444444445,14.07282645542268,0,1,1,1,0,1,1,0,0,0,1,6,2,1,1,1,0,0,0,0,0,0,0,1,0,0,0,0,0
2569,2569.png,vis38.png,data/vis2/vis38.png,exact,I,18.5,10,278.72222222222223,16.69497595752154,0,0,0,1,0,1,0,0,0,0,1,5,1,1,7,3,0,0,0,1,0,0,0,0,0,0,1,1,0
2570,2570.png,vis589.png,data/vis3/vis589.png,exact,I,47.9,10,503.65555555555557,22.44227162199842,0,0,0,0,0,0,0,0,1,0,1,9,1,1,1,1,0,0,0,0,1,0,0,0,0,0,0,0,0
2571,2571.png,economist_daily_chart_236.png,data/news/economist_daily_chart_236.png,exact,N,29.6,10,334.26666666666665,18.282961102257662,0,0,1,1,0,1,1,0,0,0,0,6,2,2,1,1,0,0,0,0,0,0,0,1,0,0,0,0,0
2572,2572.png,whoQ10_1.png,data/government/whoQ10_1.png,exact,G,40.1,10,581.2111111111111,24.108320371007,0,1,1,1,0,1,1,0,0,0,1,3,2,1,1,1,0,0,0,0,0,0,0,0,0,1,0,0,0
2573,2573.png,vis10.png,data/vis2/vis10.png,exact,I,45.8,10,482.40000000000003,21.963606261267753,0,0,0,1,1,1,0,0,0,0,1,12,3,3,6,2,1,0,0,0,0,0,0,0,0,0,1,1,0
2574,2574.png,v487_n7406_12_f2.png,data/science/v487_n7406_12_f2.png,exact,S,73.9,10,197.2111111111111,14.043187355835965,0,1,1,0,1,0,0,1,0,0,0,13,6,1,5,3,1,0,0,0,0,0,0,1,1,1,0,0,0
2575,2575.png,whoQ55_1.png,data/government/whoQ55_1.png,exact,G,30.9,10,903.6555555555556,30.060864185108777,0,0,1,1,0,0,1,0,0,0,0,3,1,2,1,1,0,0,1,0,0,0,0,0,0,0,0,0,0
2576,2576.png,visMost392.png,data/vis1/visMost392.png,exact,I,51.5,10,461.8333333333333,21.490307892939395,0,0,0,0,0,1,0,0,1,0,1,14,1,1,1,1,0,0,0,0,0,0,0,0,0,0,0,0,1
2577,2577.png,np_41.png,data/news/np_41.png,exact,N,69.3,10,410.2333333333333,20.254217667768195,0,0,0,0,0,0,0,0,1,0,1,3,1,0,3,1,1,0,0,0,1,0,0,0,0,0,0,0,0
2578,2578.png,v489_n7414_18_f3.png,data/science/v489_n7414_18_f3.png,exact,S,57.8,10,492.62222222222226,22.195094553126424,0,1,1,0,1,0,0,0,0,0,0,3,2,1,1,2,0,1,0,0,0,0,0,1,0,0,0,0,0
2579,2579.png,v487_n7408_23_f1.png,data/science/v487_n7408_23_f1.png,exact,S,90.1,10,219.8777777777778,14.82827629152417,0,0,0,0,1,0,0,0,0,0,0,6,0,1,2,1,1,0,0,0,1,0,0,0,0,0,0,0,0
2580,2580.png,visMost386.png,data/vis1/visMost386.png,exact,I,65.3,10,412.0111111111111,20.29805683091638,0,0,0,0,0,0,0,0,1,0,0,3,0,0,6,1,0,0,0,0,1,0,0,0,0,0,0,0,0
2581,2581.png,whoQ36_2.png,data/government/whoQ36_2.png,exact,G,17.5,10,206.5,14.370107863199914,0,1,1,1,0,1,1,0,0,0,0,3,1,3,1,2,0,0,1,0,0,1,0,0,0,0,0,0,0
2582,2582.png,economist_daily_chart_222.png,data/news/economist_daily_chart_222.png,exact,N,36.6,10,317.3777777777778,17.81509971282164,0,0,0,1,1,1,0,0,0,0,0,10,1,2,2,1,1,0,0,1,0,0,0,0,0,0,0,0,0
2583,2583.png,v488_n7413_14_f2.png,data/science/v488_n7413_14_f2.png,exact,S,74.8,10,216.62222222222223,14.718091663738958,0,1,1,1,1,0,1,0,0,0,0,2,7,3,8,3,1,0,1,0,0,1,0,0,0,1,0,0,0
2584,2584.png,vis984.png,data/vis3/vis984.png,exact,I,37.5,10,484.72222222222223,22.016408022704844,0,0,0,0,0,0,0,0,1,0,1,12,0,6,1,1,0,0,0,0,0,0,0,0,0,0,1,0,0
2585,2585.png,v483_n7389_6_f6.png,data/science/v483_n7389_6_f6.png,exact,S,74.0,10,215.33333333333334,14.674240468703426,0,1,1,0,1,0,1,0,0,0,0,6,6,2,3,4,1,0,0,0,1,1,0,1,0,1,0,0,0
2586,2586.png,visMost609.png,data/vis1/visMost609.png,exact,I,44.0,10,770.0,27.748873851023216,0,0,0,0,0,0,0,0,1,0,1,20,1,1,1,2,0,0,0,0,0,0,0,1,0,0,0,1,0
2587,2587.png,visMost74.png,data/vis1/visMost74.png,exact,I,31.5,10,579.8333333333334,24.07972868064201,0,0,1,1,1,1,0,0,0,0,1,7,2,1,3,3,1,0,0,0,1,0,0,1,1,0,0,0,0
2588,2588.png,v488_n7412_7_f6.png,data/science/v488_n7412_7_f6.png,exact,S,75.8,10,438.6222222222222,20.94330972464052,0,1,1,0,1,0,0,0,0,0,0,6,2,1,7,1,1,0,0,0,0,0,0,0,0,1,0,0,0
2589,2589.png,v482_n7386_1_f2.png,data/science/v482_n7386_1_f2.png,exact,S,73.2,10,637.7333333333333,25.253382611708343,0,0,0,0,1,0,0,0,0,0,1,5,4,2,2,2,0,1,0,0,0,0,0,0,0,0,0,0,1
2590,2590.png,vis990.png,data/vis3/vis990.png,exact,I,42.3,10,678.0111111111111,26.038646491534674,0,1,0,1,1,1,0,0,0,0,1,9,0,5,11,4,1,0,0,1,0,1,0,0,0,0,1,1,0
2591,2591.png,v487_n7407_22_f1.png,data/science/v487_n7407_22_f1.png,exact,S,65.6,10,779.3777777777777,27.917338300378454,0,0,0,0,1,0,0,0,0,0,1,2,0,1,4,1,0,0,0,0,1,0,0,0,0,0,0,0,0
2592,2592.png,visMost60.png,data/vis1/visMost60.png,exact,I,37.8,10,359.2888888888889,18.954917274651685,0,0,0,0,0,0,0,0,1,0,1,20,0,1,1,1,1,0,0,0,1,0,0,0,0,0,0,0,0
2593,2593.png,vis748.png,data/vis3/vis748.png,exact,I,49.8,10,417.06666666666666,20.42221013178218,0,0,0,1,1,1,0,0,0,0,1,6,4,3,5,3,1,0,0,1,1,1,0,0,0,0,0,0,0
2594,2594.png,wsj149.png,data/news/wsj149.png,exact,N,66.0,10,480.44444444444446,21.91904296369813,0,0,1,1,1,1,0,0,0,0,0,7,3,2,2,2,0,1,0,0,1,0,0,0,0,0,0,0,0
2595,2595.png,whoL10.png,data/government/whoL10.png,exact,G,44.0,10,388.44444444444446,19.708993998792643,0,1,0,0,1,1,0,0,0,0,1,6,0,6,1,1,0,0,0,0,1,0,0,0,0,0,0,0,0
2596,2596.png,visMost153.png,data/vis1/visMost153.png,exact,I,47.9,10,400.5444444444445,20.013606482701825,0,0,0,0,0,0,0,0,1,0,0,20,0,2,2,2,1,0,0,0,0,0,0,1,0,0,1,0,0
2597,2597.png,v483_n7388_8_f3.png,data/science/v483_n7388_8_f3.png,exact,S,65.2,10,478.4,21.872356983187704,0,1,1,0,1,0,0,0,0,0,0,6,7,2,3,2,1,0,0,0,0,0,0,1,0,1,0,0,0
2598,2598.png,wsj161.png,data/news/wsj161.png,exact,N,45.5,10,849.1666666666666,29.14046442091592,0,0,1,1,1,1,1,1,0,0,1,6,1,1,1,2,1,0,0,0,1,0,0,1,0,0,0,0,0
2599,2599.png,wsj607.png,data/news/wsj607.png,exact,N,24.4,10,833.1555555555556,28.864434093804014,0,0,1,1,0,1,0,0,0,0,1,3,2,1,1,1,0,0,1,0,0,0,0,0,0,0,0,0,0
2600,2600.png,visMost635.png,data/vis1/visMost635.png,exact,I,20.3,10,454.23333333333335,21.312750487286557,0,0,0,1,0,1,1,0,0,0,1,5,1,2,1,2,0,1,0,0,0,0,0,0,1,0,0,0,0
2601,2601.png,treasuryL06_2.png,data/government/treasuryL06_2.png,exact,G,30.4,10,334.0444444444445,18.276882787949493,0,0,0,1,1,1,0,0,0,0,0,7,1,1,1,1,1,0,0,1,0,0,0,0,0,0,0,0,0
2602,2602.png,visMost621.png,data/vis1/visMost621.png,exact,I,44.5,10,422.5,20.554804791094465,0,0,0,1,1,0,0,0,0,0,0,4,0,1,1,1,0,1,0,0,0,0,0,0,0,0,0,0,0
2603,2603.png,vis774.png,data/vis3/vis774.png,exact,I,45.6,10,400.4888888888889,20.012218489934813,0,0,0,1,1,1,0,0,0,0,1,4,5,5,5,2,1,1,0,0,0,1,0,0,0,0,0,0,0
2604,2604.png,wsj613.png,data/news/wsj613.png,exact,N,30.6,10,403.15555555555557,20.078733913161845,0,1,1,1,1,1,0,0,0,0,1,4,2,1,3,3,1,1,1,0,0,0,0,0,0,0,1,0,0
2605,2605.png,wsj175.png,data/news/wsj175.png,exact,N,41.0,10,465.1111111111111,21.566434826162414,0,0,1,1,1,1,0,0,0,0,1,4,5,1,4,2,1,0,1,0,0,0,0,1,0,0,0,0,0
2606,2606.png,whoL04.png,data/government/whoL04.png,exact,G,67.4,10,90.93333333333334,9.53589709116732,0,0,0,1,1,1,1,1,0,0,1,9,0,14,1,1,0,0,0,0,0,0,0,0,0,0,0,0,1
2607,2607.png,visMost147.png,data/vis1/visMost147.png,exact,I,38.0,10,392.44444444444446,19.810210610804834,0,0,0,0,0,1,1,0,0,0,1,7,0,2,2,2,0,1,0,0,0,0,0,0,1,0,0,0,0
2608,2608.png,v487_n7405_15_f3.png,data/science/v487_n7405_15_f3.png,exact,S,68.4,10,376.26666666666665,19.397594352565132,0,1,1,0,1,0,1,0,0,0,0,5,2,3,2,3,1,0,0,0,1,1,0,0,0,1,0,0,0
2609,2609.png,v489_n7416_2_f4.png,data/science/v489_n7416_2_f4.png,exact,S,79.2,10,117.28888888888889,10.829999487021636,0,1,1,1,1,0,1,0,0,0,0,8,6,4,8,4,1,0,1,0,1,1,0,1,0,0,0,0,0
2610,2610.png,visMost812.png,data/vis1/visMost812.png,exact,I,25.5,10,499.8333333333333,22.35695268441863,0,0,0,1,1,0,0,0,0,0,1,8,6,1,4,1,1,0,0,0,0,0,0,0,0,0,0,1,0
2611,2611.png,whoN35_3.png,data/government/whoN35_3.png,exact,G,20.3,10,413.5666666666667,20.33633857572859,0,0,1,1,0,0,1,0,0,0,0,5,1,1,1,1,0,0,0,1,0,0,0,0,0,0,0,0,0
2612,2612.png,vis947.png,data/vis3/vis947.png,exact,I,40.5,10,515.8333333333334,22.711964541477546,0,0,1,1,1,1,0,0,0,0,1,8,3,2,2,2,1,0,1,0,1,0,0,0,0,0,0,0,0
2613,2613.png,visMost806.png,data/vis1/visMost806.png,exact,I,70.1,10,872.1,29.53133928557931,0,0,0,1,1,1,0,0,1,0,1,6,8,5,6,3,1,0,0,0,0,1,0,0,0,0,1,1,0
2614,2614.png,vis953.png,data/vis3/vis953.png,exact,I,49.1,10,553.4333333333333,23.525163832231506,0,0,0,1,1,1,0,0,0,0,1,10,6,1,5,2,0,0,0,0,0,0,0,0,0,0,1,1,0
2615,2615.png,v482_n7386_10_f1.png,data/science/v482_n7386_10_f1.png,exact,S,73.2,10,674.4,25.969212541007092,1,0,0,0,0,0,0,0,0,0,0,8,1,1,1,1,0,0,0,0,0,0,0,0,1,0,0,0,0
2616,2616.png,economist_daily_chart_18.png,data/news/economist_daily_chart_18.png,exact,N,52.6,10,663.6,25.760434778939583,0,0,1,1,0,0,0,0,0,0,0,2,8,3,1,1,0,0,0,0,0,0,0,0,0,0,1,0,0
2617,2617.png,v490_n7419_3_f5.png,data/science/v490_n7419_3_f5.png,exact,S,81.0,10,333.55555555555554,18.263503375736967,0,1,1,1,0,0,1,0,0,0,0,6,1,7,4,3,1,0,1,0,0,1,1,0,0,0,0,0,0
2618,2618.png,economist_daily_chart_30.png,data/news/economist_daily_chart_30.png,exact,N,65.3,10,294.9,17.172652678022693,0,0,1,1,0,1,1,0,0,0,0,8,3,1,4,2,1,1,1,0,0,0,0,0,0,0,0,0,0
2619,2619.png,visMost190.png,data/vis1/visMost190.png,exact,I,58.8,10,701.0666666666667,26.477663542440197,0,1,1,1,1,1,1,1,0,0,1,10,4,2,2,2,0,0,0,0,0,1,0,0,0,1,0,0,0
2620,2620.png,treasuryD11.png,data/government/treasuryD11.png,exact,G,33.6,10,809.3777777777777,28.44956551123018,0,1,1,1,1,1,0,0,0,0,0,2,1,1,1,1,0,0,1,0,0,0,0,0,0,0,0,0,0
2621,2621.png,whoQ12_3.png,data/government/whoQ12_3.png,exact,G,35.6,10,390.7111111111111,19.766413713952037,0,0,0,0,0,1,1,1,0,0,0,5,1,1,1,1,0,0,0,0,0,0,0,0,1,0,0,0,0
2622,2622.png,whoK06_1.png,data/government/whoK06_1.png,exact,G,23.4,10,198.7111111111111,14.096492865642542,0,0,0,1,0,1,1,0,0,0,0,5,1,1,1,1,0,0,0,0,0,0,0,0,1,0,0,0,0
2623,2623.png,v483_n7389_21_f4.png,data/science/v483_n7389_21_f4.png,exact,S,60.8,10,628.1777777777778,25.063474974108793,0,0,1,0,0,1,0,0,0,1,0,0,8,4,1,1,0,0,0,0,0,0,0,0,0,0,1,0,0
2624,2624.png,visMost184.png,data/vis1/visMost184.png,exact,I,55.0,10,549.5555555555555,23.442601296689656,0,0,0,1,0,0,0,0,1,0,1,15,0,0,1,1,0,0,0,0,1,0,0,0,0,0,0,0,0
2625,2625.png,v485_n7399_2_f6.png,data/science/v485_n7399_2_f6.png,exact,S,80.4,10,606.7111111111111,24.63150647262792,0,1,1,0,0,0,1,0,0,0,0,5,2,4,4,3,1,0,1,0,0,1,1,0,0,0,0,0,0
2626,2626.png,treasuryG01_2.png,data/government/treasuryG01_2.png,exact,G,24.1,10,519.6555555555556,22.7959548068414,0,1,1,1,0,0,0,0,0,0,0,1,4,0,1,1,0,0,0,0,0,0,0,0,0,0,1,0,0
2627,2627.png,economist_daily_chart_24.png,data/news/economist_daily_chart_24.png,exact,N,41.4,10,662.9333333333333,25.747491787227222,0,0,1,1,0,1,1,1,0,0,0,5,5,4,4,3,1,0,1,0,0,0,0,0,1,0,1,0,0
2628,2628.png,v489_n7414_22_f2.png,data/science/v489_n7414_22_f2.png,exact,S,71.1,10,527.8777777777777,22.97559091248314,0,0,1,0,1,0,0,0,0,0,1,2,2,0,4,1,1,0,0,0,0,0,1,0,0,0,0,0,0
2629,2629.png,v485_n7400_17_f1.png,data/science/v485_n7400_17_f1.png,exact,S,87.8,10,369.06666666666666,19.211107897949734,0,1,1,0,1,0,0,0,0,0,0,12,5,6,7,6,1,0,0,1,1,1,1,1,0,1,0,0,0
2630,2630.png,vis628.png,data/vis3/vis628.png,exact,I,58.2,10,675.7333333333333,25.994871289031867,0,0,0,1,1,1,0,0,0,0,1,12,5,2,3,3,1,0,0,1,0,1,0,0,1,0,0,0,0
2631,2631.png,v488_n7413_5_f3.png,data/science/v488_n7413_5_f3.png,exact,S,60.2,10,895.7333333333333,29.928804408685178,0,1,1,0,0,0,0,0,0,0,0,15,2,5,13,1,1,0,0,1,0,0,0,0,0,0,0,0,0
2632,2632.png,visMost769.png,data/vis1/visMost769.png,exact,I,44.6,10,188.93333333333334,13.745302227791623,0,0,1,1,1,1,0,0,0,0,1,11,4,4,4,2,1,0,1,1,0,0,0,0,0,0,0,0,0
2633,2633.png,v488_n7412_5_f3.png,data/science/v488_n7412_5_f3.png,exact,S,81.7,10,418.4555555555555,20.456186241710736,0,1,1,0,1,0,0,0,0,0,0,4,3,1,2,1,1,0,0,0,0,0,0,1,0,0,0,0,0
2634,2634.png,treasuryL18.png,data/government/treasuryL18.png,exact,G,29.8,10,255.51111111111112,15.984714921171134,0,1,1,1,0,1,0,0,0,0,0,7,3,1,2,2,1,0,0,1,0,0,0,0,0,0,1,0,0
2635,2635.png,vis172.png,data/vis2/vis172.png,exact,I,55.3,10,607.7888888888889,24.6533747971528,0,0,1,0,0,0,1,1,0,0,1,13,0,1,1,1,0,0,0,0,0,0,0,0,1,0,0,0,0
2636,2636.png,economist_daily_chart_183.png,data/news/economist_daily_chart_183.png,exact,N,32.6,10,420.0444444444444,20.494985836649033,0,0,1,1,1,1,1,0,0,0,0,4,2,2,1,2,0,0,1,0,0,1,0,0,0,0,0,0,0
2637,2637.png,whoJ02.png,data/government/whoJ02.png,exact,G,30.6,10,265.6,16.29723902997069,0,0,0,0,0,1,1,1,0,0,0,7,1,1,1,1,0,0,0,0,0,0,0,0,1,0,0,0,0
2638,2638.png,vis614.png,data/vis3/vis614.png,exact,I,40.4,10,590.9333333333333,24.30912037350042,0,0,0,1,1,1,0,0,0,0,1,7,11,2,4,2,1,0,0,0,1,0,0,0,0,0,1,0,0
2639,2639.png,v484_n7392_18_f4.png,data/science/v484_n7392_18_f4.png,exact,S,90.4,10,153.82222222222222,12.402508706798887,0,1,1,0,0,0,1,0,0,0,0,10,4,6,7,3,1,0,1,0,1,0,1,0,0,0,0,0,0
2640,2640.png,visMost741.png,data/vis1/visMost741.png,exact,I,49.9,10,465.8777777777778,21.58420204171972,0,0,0,1,1,1,0,0,0,0,1,5,4,1,5,3,1,0,1,1,0,0,0,0,0,0,1,0,0
2641,2641.png,v490_n7420_10_f4.png,data/science/v490_n7420_10_f4.png,exact,S,52.4,10,806.4888888888889,28.39874801622228,0,1,1,0,1,0,0,0,0,0,0,5,2,1,4,1,1,0,0,0,0,0,0,1,0,0,0,0,0
2642,2642.png,whoJ16.png,data/government/whoJ16.png,exact,G,31.5,10,556.2777777777778,23.5855417105009,0,0,0,1,1,1,1,0,0,0,0,8,4,4,4,1,1,0,0,1,0,0,0,0,0,0,0,0,0
2643,2643.png,vis600.png,data/vis3/vis600.png,exact,I,60.4,10,579.6,24.074883177286655,0,0,1,1,1,0,1,0,0,0,0,12,6,4,4,4,1,1,0,1,1,0,0,0,1,0,0,0,0
2644,2644.png,visMost755.png,data/vis1/visMost755.png,exact,I,46.3,10,623.7888888888889,24.97576603207375,0,0,1,1,1,0,0,0,0,0,1,8,5,0,1,1,0,1,0,0,0,0,0,0,0,0,0,0,0
2645,2645.png,v485_n7400_19_f4.png,data/science/v485_n7400_19_f4.png,exact,S,81.7,10,669.1222222222221,25.867396896909092,0,1,1,0,0,0,0,0,0,0,0,5,1,5,2,1,1,0,0,0,0,0,1,0,0,0,0,0,0
2646,2646.png,v488_n7413_18_f2.png,data/science/v488_n7413_18_f2.png,exact,S,81.8,10,548.8444444444444,23.427429317883863,0,1,1,0,1,0,1,0,0,0,0,20,1,1,3,2,1,0,1,0,0,0,1,0,0,0,0,0,0
2647,2647.png,economist_daily_chart_197.png,data/news/economist_daily_chart_197.png,exact,N,21.8,10,221.2888888888889,14.875781958905183,0,0,1,1,0,1,1,0,0,0,0,3,1,2,1,1,0,0,1,0,0,0,0,0,0,0,0,0,0
2648,2648.png,v486_n7401_12_f3.png,data/science/v486_n7401_12_f3.png,exact,S,54.1,10,646.9888888888889,25.43597627158999,0,0,0,0,1,0,1,0,0,0,0,7,2,2,1,1,0,0,0,0,0,0,0,0,1,0,0,0,0
2649,2649.png,vis166.png,data/vis2/vis166.png,exact,I,59.3,10,838.2333333333333,28.952259554883334,0,0,0,1,1,1,0,0,0,0,1,16,1,2,4,1,1,0,0,0,1,0,0,0,0,0,0,0,0
2650,2650.png,vis833.png,data/vis3/vis833.png,exact,I,45.4,10,863.1555555555556,29.37950911018691,0,0,0,1,1,1,0,0,0,0,1,13,7,2,3,3,1,0,0,1,0,0,0,0,1,0,1,0,0
2651,2651.png,vis827.png,data/vis3/vis827.png,exact,I,55.8,10,680.8444444444444,26.09299608025963,0,0,1,1,1,0,1,1,0,0,1,19,2,2,2,2,1,1,0,0,0,0,0,1,0,0,0,0,0
2652,2652.png,economist_daily_chart_168.png,data/news/economist_daily_chart_168.png,exact,N,31.8,10,595.9555555555556,24.412200956807553,0,1,1,1,1,1,0,0,0,0,0,4,2,2,1,1,0,0,1,0,0,0,0,0,0,0,0,0,0
2653,2653.png,whoO17_1.png,data/government/whoO17_1.png,exact,G,20.1,10,495.2111111111111,22.25333932494427,0,1,1,1,0,0,0,0,0,0,1,3,3,2,1,1,0,0,0,0,0,0,0,0,0,0,1,0,0
2654,2654.png,vis199.png,data/vis2/vis199.png,exact,I,55.6,10,501.59999999999997,22.396428286671068,0,0,0,1,1,1,0,0,0,0,1,5,3,7,6,5,1,0,0,1,1,0,0,0,1,0,1,1,0
2655,2655.png,v486_n7403_25_f1.png,data/science/v486_n7403_25_f1.png,exact,S,76.6,10,890.0444444444445,29.833612661634604,0,0,0,0,1,0,0,0,0,0,0,6,0,1,2,1,1,0,0,0,1,0,0,0,0,0,0,0,0
2656,2656.png,treasuryB03.png,data/government/treasuryB03.png,exact,G,45.7,10,242.67777777777778,15.578118557058737,0,1,0,1,1,1,0,0,0,0,0,4,3,1,1,1,0,0,0,0,0,0,0,1,0,0,0,0,0
2657,2657.png,visMost782.png,data/vis1/visMost782.png,exact,I,33.4,10,360.26666666666665,18.980691943832465,0,0,1,1,1,1,0,0,0,0,1,13,3,3,3,3,1,1,1,0,0,0,0,0,1,0,0,0,0
2658,2658.png,v486_n7403_1_f2.png,data/science/v486_n7403_1_f2.png,exact,S,63.9,10,1008.7666666666667,31.761087302966608,0,1,1,0,0,0,0,0,0,1,0,0,2,0,1,2,0,0,1,0,0,0,0,1,0,0,0,0,0
2659,2659.png,economist_daily_chart_140.png,data/news/economist_daily_chart_140.png,exact,N,32.3,10,695.7888888888889,26.37781054009011,0,0,0,1,1,0,1,1,0,0,0,4,1,1,1,1,0,0,0,0,0,0,0,0,1,0,0,0,0
2660,2660.png,economist_daily_chart_154.png,data/news/economist_daily_chart_154.png,exact,N,11.9,10,224.32222222222225,14.977390367558103,1,0,0,0,0,0,0,0,0,0,0,2,0,0,1,1,1,0,0,0,1,0,0,0,0,0,0,0,0
2661,2661.png,visMost796.png,data/vis1/visMost796.png,exact,I,58.7,10,888.2333333333333,29.8032436713411,0,0,1,1,1,0,0,0,0,0,1,18,5,2,5,2,1,0,0,0,1,0,0,0,0,0,1,0,0
2662,2662.png,v489_n7417_13_f2.png,data/science/v489_n7417_13_f2.png,exact,S,61.9,10,1126.9888888888888,33.57065517515095,0,1,1,0,0,0,0,0,0,1,0,0,4,0,2,3,1,0,0,0,0,1,0,1,0,1,0,0,0
2663,2663.png,treasuryB17.png,data/government/treasuryB17.png,exact,G,51.8,10,439.5111111111111,20.964520292892733,0,0,1,1,1,1,0,0,0,0,0,4,3,1,2,2,1,1,0,0,0,0,0,1,0,0,0,0,0
2664,2664.png,v486_n7402_1_f2.png,data/science/v486_n7402_1_f2.png,exact,S,71.7,10,1516.2333333333333,38.93884093464177,0,1,1,0,1,0,1,0,0,0,0,10,3,2,4,2,1,0,0,0,0,0,1,1,0,0,0,0,0
2665,2665.png,v487_n7405_19_f3.png,data/science/v487_n7405_19_f3.png,exact,S,47.7,10,1027.5666666666666,32.055680723807235,0,1,1,0,0,0,0,0,0,0,0,2,3,2,5,1,1,0,1,0,0,0,0,0,0,0,0,0,0
2666,2666.png,v489_n7414_3_f3.png,data/science/v489_n7414_3_f3.png,exact,S,82.3,10,909.5666666666667,30.159022972680443,0,1,1,1,1,0,0,0,0,0,0,7,4,4,7,4,1,0,1,1,0,0,1,0,0,0,1,0,0
2667,2667.png,visMost219.png,data/vis1/visMost219.png,exact,I,71.2,10,1068.6222222222223,32.68978773596155,0,1,0,1,0,1,1,0,0,0,1,8,2,1,2,2,0,0,1,0,0,0,0,0,1,0,0,0,0
2668,2668.png,v483_n7390_19_f3.png,data/science/v483_n7390_19_f3.png,exact,S,85.6,10,323.3777777777778,17.98270774321203,0,1,1,1,0,0,1,1,0,0,0,6,10,4,7,4,1,0,0,0,0,1,1,1,0,1,0,0,0
2669,2669.png,v483_n7388_13_f2.png,data/science/v483_n7388_13_f2.png,exact,S,46.8,10,1028.8444444444444,32.07560512982482,1,0,0,0,0,0,0,0,0,1,0,0,0,0,3,1,1,0,0,0,1,0,0,0,0,0,0,0,0
2670,2670.png,v488_n7411_17_f4.png,data/science/v488_n7411_17_f4.png,exact,S,84.2,10,795.5111111111111,28.204806524972142,0,0,1,1,0,0,0,0,0,0,0,5,4,7,6,3,1,0,1,0,0,0,1,0,0,0,0,1,0
2671,2671.png,v489_n7415_3_f3.png,data/science/v489_n7415_3_f3.png,exact,S,83.1,10,521.2111111111111,22.83004842550955,0,1,1,0,0,0,1,0,0,0,0,6,9,9,8,3,1,0,1,0,0,0,1,1,0,0,0,0,0
2672,2672.png,v487_n7408_1_f5.png,data/science/v487_n7408_1_f5.png,exact,S,76.4,10,1079.1555555555556,32.85050312484659,0,1,1,0,0,0,0,0,0,0,0,5,3,3,14,4,1,0,1,0,1,0,1,0,0,1,0,0,0
2673,2673.png,vis358.png,data/vis2/vis358.png,exact,I,45.7,10,856.4555555555555,29.265261925285333,0,0,0,1,1,1,0,0,0,0,1,5,6,1,3,2,1,0,0,0,0,0,0,0,0,0,1,1,0
2674,2674.png,wsj13.png,data/news/wsj13.png,exact,N,46.6,10,669.8222222222222,25.880923905885243,0,0,1,1,1,1,0,0,0,0,1,3,2,0,1,1,0,0,1,0,0,0,0,0,0,0,0,0,0
2675,2675.png,wsj559.png,data/news/wsj559.png,exact,N,11.8,10,186.84444444444446,13.669105473455257,0,0,1,1,0,1,0,0,0,0,1,3,1,2,1,1,0,0,0,0,0,1,0,0,0,0,0,0,0
2676,2676.png,v483_n7391_11_f4.png,data/science/v483_n7391_11_f4.png,exact,S,78.8,10,278.17777777777775,16.67866234977427,0,1,1,0,0,0,1,0,0,0,0,7,3,1,4,2,1,0,0,0,0,0,1,1,0,0,0,0,0
2677,2677.png,visMost543.png,data/vis1/visMost543.png,exact,I,54.3,10,816.2333333333333,28.569797572494863,0,0,1,1,1,1,1,0,0,0,1,8,12,5,15,5,1,0,1,1,0,1,0,0,0,1,1,0,0
2678,2678.png,vis416.png,data/vis2/vis416.png,exact,I,23.4,10,423.6,20.581545131500697,0,0,0,1,0,1,0,0,1,0,1,7,3,0,1,1,0,0,0,0,0,0,0,0,0,0,0,1,0
2679,2679.png,economist_daily_chart_381.png,data/news/economist_daily_chart_381.png,exact,N,13.7,10,170.9,13.072872675888801,0,0,1,1,1,1,0,0,0,0,1,4,2,1,1,1,0,0,0,0,0,0,0,1,0,0,0,0,0
2680,2680.png,wsj571.png,data/news/wsj571.png,exact,N,35.5,10,728.2777777777778,26.986622200226872,0,0,1,1,1,1,0,0,0,0,0,5,1,3,1,2,1,0,1,0,0,1,0,0,0,0,0,0,0
2681,2681.png,wsj217.png,data/news/wsj217.png,exact,N,36.9,10,251.87777777777777,15.87065776134618,0,0,0,1,1,1,1,0,0,0,1,6,1,2,2,1,1,0,0,0,0,0,0,0,1,0,0,0,0
2682,2682.png,v486_n7404_21_f1.png,data/science/v486_n7404_21_f1.png,exact,S,86.3,10,196.9,14.032106042928838,0,1,1,0,1,0,1,0,0,0,0,4,5,1,3,2,1,0,0,0,0,0,0,1,0,1,0,0,0
2683,2683.png,vis370.png,data/vis2/vis370.png,exact,I,51.4,10,841.6,29.010342983149993,0,1,1,0,1,1,1,1,0,0,1,20,11,4,12,5,1,0,1,1,0,1,0,1,1,0,0,0,0
2684,2684.png,v483_n7390_3_f5.png,data/science/v483_n7390_3_f5.png,exact,S,90.5,10,116.05555555555556,10.772908407461541,0,1,1,0,0,1,1,0,0,0,1,8,4,1,5,3,1,0,0,0,0,0,1,1,0,0,1,0,0
2685,2685.png,visMost225.png,data/vis1/visMost225.png,exact,I,54.4,10,1115.6,33.40059879702758,0,0,0,1,1,1,0,0,0,0,1,8,6,5,3,2,0,0,0,0,1,0,0,0,0,0,1,0,0
2686,2686.png,vis364.png,data/vis2/vis364.png,exact,I,48.4,10,1108.7111111111112,33.29731387230975,0,0,0,1,1,1,0,0,0,0,1,4,8,8,5,5,1,0,0,1,1,1,0,0,0,0,1,1,0
2687,2687.png,visMost231.png,data/vis1/visMost231.png,exact,I,81.0,10,126.0,11.224972160321824,1,0,0,1,0,0,1,1,0,0,1,18,3,3,18,3,1,0,0,1,1,0,0,0,0,0,0,0,1
2688,2688.png,wsj203.png,data/news/wsj203.png,exact,N,40.5,10,503.6111111111111,22.441281405283235,0,0,1,1,1,0,0,0,0,0,1,5,5,1,4,1,1,0,0,0,0,0,0,1,0,0,0,0,0
2689,2689.png,v488_n7411_19_f1.png,data/science/v488_n7411_19_f1.png,exact,S,85.4,10,204.93333333333334,14.315492772983168,0,1,1,1,0,0,0,0,0,0,0,4,3,1,13,2,1,0,0,0,1,0,0,1,0,0,0,0,0
2690,2690.png,economist_daily_chart_395.png,data/news/economist_daily_chart_395.png,exact,N,51.2,10,187.73333333333332,13.701581417242803,0,0,0,1,1,1,1,1,0,0,1,6,2,2,1,1,1,0,0,0,0,0,0,0,1,0,0,0,0
2691,2691.png,v483_n7391_3_f5.png,data/science/v483_n7391_3_f5.png,exact,S,67.1,10,670.9888888888888,25.903453223245908,0,1,1,0,1,0,1,0,0,1,0,1,1,2,1,1,0,0,0,0,0,1,0,0,0,0,0,0,0
2692,2692.png,wsj565.png,data/news/wsj565.png,exact,N,31.1,10,590.9888888888888,24.31026303619294,0,0,1,1,1,1,1,1,0,0,1,7,3,3,3,2,1,1,0,0,0,0,0,0,0,1,0,0,0
2693,2693.png,vis402.png,data/vis2/vis402.png,exact,I,46.9,10,694.5444444444445,26.354211133032315,0,0,1,1,1,1,0,0,0,0,1,5,4,3,4,4,1,0,0,0,1,1,0,0,1,0,1,0,0
2694,2694.png,v485_n7400_8_f3.png,data/science/v485_n7400_8_f3.png,exact,S,62.9,10,1178.5444444444445,34.32993510690698,0,1,1,0,0,0,0,0,0,0,0,6,4,2,2,1,0,0,0,0,0,0,0,0,0,1,0,0,0
2695,2695.png,whoQ16.png,data/government/whoQ16.png,exact,G,50.7,10,466.9,21.6078689370331,0,1,1,1,0,1,1,0,0,0,0,3,1,2,1,2,0,0,0,0,0,1,0,0,0,1,0,0,0
2696,2696.png,economist_daily_chart_418.png,data/news/economist_daily_chart_418.png,exact,N,23.8,10,253.73333333333335,15.929009176133127,0,0,1,1,0,0,0,0,0,0,1,3,1,1,1,1,0,0,1,0,0,0,0,0,0,0,0,0,0
2697,2697.png,v488_n7411_6_f1.png,data/science/v488_n7411_6_f1.png,exact,S,73.5,10,636.0555555555555,25.220141862320194,0,1,1,0,1,0,0,0,0,0,0,4,2,3,1,1,0,0,0,0,1,0,0,0,0,0,0,0,0
2698,2698.png,v485_n7396_5_f6.png,data/science/v485_n7396_5_f6.png,exact,S,87.5,10,510.27777777777777,22.58932884743984,0,1,1,0,0,0,1,0,0,0,0,9,9,4,7,2,1,0,1,0,0,0,1,0,0,0,0,0,0
2699,2699.png,v490_n7418_12_f3.png,data/science/v490_n7418_12_f3.png,exact,S,58.8,10,832.6222222222223,28.85519402503165,0,1,1,0,0,0,0,0,0,0,0,4,3,1,1,3,0,1,0,0,0,0,0,1,0,1,0,0,0
2700,2700.png,whoQ02.png,data/government/whoQ02.png,exact,G,31.1,10,331.87777777777774,18.21751294161137,0,1,1,1,0,0,1,0,0,0,0,8,1,2,1,1,0,0,1,0,0,0,0,0,0,0,0,0,0
2701,2701.png,v488_n7410_6_f1.png,data/science/v488_n7410_6_f1.png,exact,S,78.0,10,433.77777777777777,20.82733246908441,0,0,0,1,0,0,1,0,0,0,1,18,1,2,4,1,1,0,0,0,1,0,0,0,0,0,0,0,0
2702,2702.png,v484_n7395_12_f1.png,data/science/v484_n7395_12_f1.png,exact,S,86.2,10,203.51111111111112,14.265732056614238,0,1,1,0,0,0,0,0,0,0,0,4,5,1,4,2,1,0,0,0,0,0,1,1,0,0,0,0,0
2703,2703.png,v488_n7410_8_f4.png,data/science/v488_n7410_8_f4.png,exact,S,88.0,10,136.0,11.661903789690601,0,1,1,0,0,0,1,0,0,0,0,3,4,2,2,2,1,0,0,0,0,0,0,1,0,1,0,0,0
2704,2704.png,economist_daily_chart_342.png,data/news/economist_daily_chart_342.png,exact,N,34.5,10,434.94444444444446,20.85532172958366,0,0,1,1,0,0,1,0,0,0,1,4,1,2,1,1,0,0,1,0,0,0,0,0,0,0,0,0,0
2705,2705.png,whoJ45_2.png,data/government/whoJ45_2.png,exact,G,31.6,10,604.7111111111111,24.590874549537904,0,1,1,1,1,1,1,0,0,0,0,4,1,2,1,1,0,0,1,0,0,0,0,0,0,0,0,0,0
2706,2706.png,visMost580.png,data/vis1/visMost580.png,exact,I,48.4,10,704.0444444444445,26.533835841137716,0,1,1,1,0,1,0,0,0,0,1,8,5,3,4,3,1,0,0,0,1,0,0,1,0,0,1,0,0
2707,2707.png,economist_daily_chart_424.png,data/news/economist_daily_chart_424.png,exact,N,18.7,10,174.67777777777778,13.216572088774676,0,0,1,1,1,1,0,0,0,0,1,4,2,1,1,1,0,0,0,0,0,0,0,1,0,0,0,0,0
2708,2708.png,economist_daily_chart_430.png,data/news/economist_daily_chart_430.png,exact,N,19.7,10,340.4555555555555,18.45143776391302,0,0,1,1,1,1,0,0,0,0,1,9,2,1,1,1,0,0,0,0,0,0,0,1,0,0,0,0,0
2709,2709.png,v489_n7415_12_f1.png,data/science/v489_n7415_12_f1.png,exact,S,31.9,10,915.6555555555555,30.25980098340958,0,1,1,0,1,0,0,0,0,1,0,1,2,1,1,1,0,0,1,0,0,0,0,0,0,0,0,0,0
2710,2710.png,v488_n7411_8_f4.png,data/science/v488_n7411_8_f4.png,exact,S,69.6,10,937.5999999999999,30.620254734407418,0,1,1,0,0,0,1,1,0,0,0,20,3,0,3,1,1,0,1,0,0,0,0,0,0,0,0,0,0
2711,2711.png,visMost594.png,data/vis1/visMost594.png,exact,I,53.3,10,1110.6777777777777,33.32683269945972,0,0,0,1,1,0,0,0,1,0,1,15,2,1,1,3,0,0,0,0,1,0,0,0,0,0,1,1,0
2712,2712.png,v487_n7408_21_f4.png,data/science/v487_n7408_21_f4.png,exact,S,91.9,10,68.10000000000001,8.252272414311104,0,1,1,0,1,0,1,0,0,0,0,6,6,8,6,4,1,0,1,0,0,0,1,1,0,1,0,0,0
2713,2713.png,whoB20_1.png,data/government/whoB20_1.png,exact,G,64.4,10,469.3777777777778,21.66512815050439,0,1,1,1,0,1,1,0,0,0,0,13,2,2,1,1,0,0,1,0,0,0,0,0,0,0,0,0,0
2714,2714.png,economist_daily_chart_356.png,data/news/economist_daily_chart_356.png,exact,N,46.7,10,783.7888888888889,27.99622990491557,0,0,0,1,0,0,0,0,1,0,1,3,2,2,1,1,0,0,0,0,0,0,0,0,0,0,1,0,0
2715,2715.png,economist_daily_chart_431.png,data/news/economist_daily_chart_431.png,exact,N,21.4,10,274.26666666666665,16.560998359599783,0,0,1,1,0,0,1,0,0,0,1,6,2,1,1,1,0,0,0,0,0,0,0,1,0,0,0,0,0
2716,2716.png,v487_n7407_18_f1.png,data/science/v487_n7407_18_f1.png,exact,S,79.8,10,665.9555555555556,25.80611469314115,0,0,0,0,0,0,1,0,0,0,0,18,0,1,2,2,1,0,0,0,0,0,0,1,1,0,0,0,0
2717,2717.png,economist_daily_chart_357.png,data/news/economist_daily_chart_357.png,exact,N,50.5,10,766.2777777777778,27.68172281086887,0,0,1,1,0,0,1,0,0,0,1,7,4,2,2,2,1,0,1,0,0,0,0,1,0,0,0,0,0
2718,2718.png,visMost595.png,data/vis1/visMost595.png,exact,I,52.2,10,780.4,27.93564031841762,0,1,1,1,1,1,0,0,0,0,1,6,4,5,4,3,1,0,1,0,0,0,0,0,1,0,1,0,0
2719,2719.png,visMost581.png,data/vis1/visMost581.png,exact,I,48.2,10,350.4,18.718974330876144,0,1,0,1,1,1,0,0,0,0,1,9,3,4,3,3,1,0,0,1,1,0,0,0,0,0,1,0,0
2720,2720.png,economist_daily_chart_343.png,data/news/economist_daily_chart_343.png,exact,N,26.8,10,339.06666666666666,18.413762968678256,0,0,1,1,0,1,1,0,0,0,1,6,1,2,1,1,0,0,1,0,0,0,0,0,0,0,0,0,0
2721,2721.png,economist_daily_chart_425.png,data/news/economist_daily_chart_425.png,exact,N,36.2,10,506.84444444444443,22.51320600102181,0,0,1,1,1,1,0,0,0,0,1,8,2,2,1,1,0,0,0,0,0,0,0,1,0,0,0,0,0
2722,2722.png,v490_n7418_12_f2.png,data/science/v490_n7418_12_f2.png,exact,S,56.8,10,897.0666666666667,29.95107121067069,0,1,1,0,0,1,0,0,0,0,0,13,8,1,1,1,1,0,0,0,0,0,0,1,0,0,0,0,0
2723,2723.png,v485_n7400_21_f1.png,data/science/v485_n7400_21_f1.png,exact,S,84.8,10,532.8444444444444,23.083423585864477,0,1,1,0,1,0,1,0,0,0,0,9,11,6,9,5,1,0,1,0,1,0,1,1,0,1,0,0,0
2724,2724.png,whoQ03.png,data/government/whoQ03.png,exact,G,30.1,10,301.8777777777778,17.374630291830034,0,1,1,1,0,0,1,0,0,0,0,6,1,2,1,1,0,0,1,0,0,0,0,0,0,0,0,0,0
2725,2725.png,v485_n7400_8_f2.png,data/science/v485_n7400_8_f2.png,exact,S,80.2,10,146.84444444444446,12.117938952001882,0,1,1,0,1,0,1,0,0,0,1,12,4,0,4,4,1,1,0,0,0,0,1,1,0,1,0,0,0
2726,2726.png,v484_n7392_20_f1.png,data/science/v484_n7392_20_f1.png,exact,S,81.7,10,547.5666666666667,23.400142449708863,0,1,1,0,0,0,0,0,0,0,0,4,2,7,6,3,1,0,0,0,0,0,1,1,0,1,0,0,0
2727,2727.png,economist_daily_chart_419.png,data/news/economist_daily_chart_419.png,exact,N,18.9,10,103.65555555555555,10.181137242742363,0,0,1,1,0,1,1,0,0,0,1,7,1,1,1,1,0,0,1,0,0,0,0,0,0,0,0,0,0
2728,2728.png,wsj202.png,data/news/wsj202.png,exact,N,24.7,10,414.8999999999999,20.369094236121544,0,0,0,1,1,1,0,0,0,0,1,10,1,1,2,2,0,0,1,0,0,0,0,0,0,0,0,1,0
2729,2729.png,visMost230.png,data/vis1/visMost230.png,exact,I,47.1,10,1186.3222222222223,34.44302864473771,0,0,1,1,1,1,1,0,0,0,1,20,2,2,2,2,1,0,1,1,0,0,0,0,0,0,0,0,0
2730,2730.png,vis365.png,data/vis2/vis365.png,exact,I,31.4,10,171.82222222222222,13.108097582113974,0,0,0,0,0,0,0,0,1,0,1,3,0,1,1,1,0,0,0,0,1,0,0,0,0,0,0,0,0
2731,2731.png,whoH15.png,data/government/whoH15.png,exact,G,28.3,10,304.9,17.461385970191483,0,1,1,1,0,0,1,0,0,0,1,3,2,1,1,1,1,0,1,0,0,0,0,0,0,0,0,0,0
2732,2732.png,vis403.png,data/vis2/vis403.png,exact,I,53.2,10,625.2888888888889,25.005777110277716,0,0,1,1,1,1,0,0,0,0,0,10,6,7,5,4,1,1,1,1,0,1,0,0,0,0,0,0,0
2733,2733.png,visMost556.png,data/vis1/visMost556.png,exact,I,54.2,10,1011.7333333333333,31.80775586760772,0,0,0,1,1,1,0,0,0,0,1,6,6,0,1,1,1,0,0,0,0,0,0,0,0,0,1,0,0
2734,2734.png,whoC19_1.png,data/government/whoC19_1.png,exact,G,27.8,10,555.7333333333333,23.57399697406728,0,0,0,0,0,0,1,1,0,0,0,4,1,1,1,1,1,0,0,0,0,0,0,0,1,0,0,0,0
2735,2735.png,v486_n7403_13_f1.png,data/science/v486_n7403_13_f1.png,exact,S,80.0,10,555.3333333333334,23.56551152284485,0,1,1,0,1,0,1,1,0,0,0,20,7,1,6,2,1,0,0,0,0,0,1,0,1,0,0,0,0
2736,2736.png,wsj564.png,data/news/wsj564.png,exact,N,50.1,10,908.1,30.134697609234443,0,0,1,1,1,1,0,0,0,0,1,5,1,1,1,1,0,0,0,0,0,0,0,0,1,0,0,0,0
2737,2737.png,v483_n7391_3_f4.png,data/science/v483_n7391_3_f4.png,exact,S,70.9,10,573.2111111111111,23.94182764767784,0,1,1,0,0,0,1,0,0,1,0,0,2,1,1,1,0,0,0,0,0,0,0,0,0,1,0,0,0
2738,2738.png,economist_daily_chart_394.png,data/news/economist_daily_chart_394.png,exact,N,52.7,10,396.4555555555556,19.91119171610669,0,0,0,1,1,0,1,1,0,0,1,10,0,1,1,1,0,0,0,0,0,0,0,0,1,0,0,0,0
2739,2739.png,wsj570.png,data/news/wsj570.png,exact,N,45.2,10,606.4,24.625190354594217,0,1,1,1,1,1,0,0,0,0,1,7,3,1,2,2,1,1,0,0,0,0,0,1,0,0,0,0,0
2740,2740.png,v483_n7389_15_f1.png,data/science/v483_n7389_15_f1.png,exact,S,40.9,10,742.1,27.24151243965724,0,1,1,0,0,0,0,0,0,1,0,9,3,0,2,1,1,1,0,0,0,0,0,0,0,0,0,0,0
2741,2741.png,economist_daily_chart_380.png,data/news/economist_daily_chart_380.png,exact,N,18.0,10,246.0,15.684387141358123,0,0,1,1,1,0,0,0,0,0,1,4,2,1,1,1,0,0,0,0,0,0,0,1,0,0,0,0,0
2742,2742.png,vis417.png,data/vis2/vis417.png,exact,I,34.7,10,578.4555555555555,24.05110300080966,0,0,0,1,1,1,0,0,0,0,1,10,2,1,1,1,0,0,0,0,1,0,0,0,0,0,0,0,0
2743,2743.png,visMost542.png,data/vis1/visMost542.png,exact,I,49.2,10,808.1777777777778,28.428467735313802,0,0,0,1,1,0,0,0,0,0,1,12,0,1,1,1,0,0,0,0,1,0,0,0,0,0,0,0,0
2744,2744.png,visMost224.png,data/vis1/visMost224.png,exact,I,17.4,10,338.93333333333334,18.410142132350128,0,0,0,1,1,0,0,0,0,0,1,12,0,1,1,2,0,0,0,1,1,0,0,0,0,0,0,0,0
2745,2745.png,v483_n7390_3_f4.png,data/science/v483_n7390_3_f4.png,exact,S,70.0,10,873.3333333333334,29.552213679068668,0,0,1,1,1,0,0,0,0,1,0,0,2,1,2,2,1,0,0,0,1,0,1,0,0,0,0,0,0
2746,2746.png,vis371.png,data/vis2/vis371.png,exact,I,57.8,10,498.1777777777778,22.319896455355202,0,0,1,0,1,1,1,1,0,0,0,15,4,4,6,4,1,1,0,1,0,1,0,0,0,0,1,0,0
2747,2747.png,wsj216.png,data/news/wsj216.png,exact,N,35.8,10,525.9555555555555,22.93372092695722,0,1,0,1,1,1,0,0,0,0,1,4,3,1,4,1,1,0,0,0,0,0,0,1,0,0,0,0,0
2748,2748.png,v486_n7401_2_f1.png,data/science/v486_n7401_2_f1.png,exact,S,70.9,10,1119.8777777777777,33.46457496783394,0,1,1,0,1,0,1,0,0,0,0,8,5,5,5,4,1,0,1,1,1,0,0,0,0,0,1,0,0
2749,2749.png,wsj12.png,data/news/wsj12.png,exact,N,26.3,10,834.0111111111112,28.87925052890243,0,0,0,0,1,0,0,0,0,0,1,3,0,1,1,1,0,0,0,0,0,0,0,0,1,0,0,0,0
2750,2750.png,vis359.png,data/vis2/vis359.png,exact,I,52.2,10,928.8444444444444,30.47694939531259,0,0,0,1,1,1,0,0,0,0,1,10,4,1,2,2,1,0,0,0,1,0,0,0,0,0,1,0,0
2751,2751.png,v487_n7408_1_f4.png,data/science/v487_n7408_1_f4.png,exact,S,71.1,10,1118.9888888888888,33.45129128881109,0,1,1,1,0,1,0,0,0,0,0,5,4,4,20,3,1,0,1,0,0,0,0,1,0,1,0,0,0
2752,2752.png,v489_n7415_3_f2.png,data/science/v489_n7415_3_f2.png,exact,S,80.2,10,195.95555555555555,13.998412608419411,0,1,1,0,1,0,1,0,0,0,0,6,6,3,8,2,1,0,1,0,0,0,0,1,0,0,0,0,0
2753,2753.png,v483_n7391_11_f5.png,data/science/v483_n7391_11_f5.png,exact,S,76.1,10,978.7666666666667,31.285246789288184,0,1,1,0,0,0,1,1,0,0,0,3,4,1,5,2,1,0,0,0,0,1,0,1,0,0,0,0,0
2754,2754.png,wsj558.png,data/news/wsj558.png,exact,N,30.2,10,377.51111111111106,19.4296451617396,0,0,0,1,1,1,0,0,0,0,1,2,1,1,2,2,1,1,0,0,0,0,0,0,0,0,1,0,0
2755,2755.png,v489_n7414_3_f2.png,data/science/v489_n7414_3_f2.png,exact,S,71.3,10,874.9,29.578708558691336,0,1,1,1,1,0,0,0,0,0,0,4,4,4,3,4,1,0,1,1,0,1,0,0,0,1,0,0,0
2756,2756.png,v483_n7388_13_f3.png,data/science/v483_n7388_13_f3.png,exact,S,28.800000000000004,10,800.6222222222223,28.295268548331933,0,0,0,1,0,0,0,0,0,0,1,6,0,1,4,1,1,0,0,0,1,0,0,0,0,0,0,0,0
2757,2757.png,v483_n7390_19_f2.png,data/science/v483_n7390_19_f2.png,exact,S,77.0,10,581.7777777777778,24.120070020167393,0,1,1,1,1,0,1,0,0,0,0,7,7,6,5,3,1,0,0,0,0,0,1,1,0,0,1,0,0
2758,2758.png,visMost218.png,data/vis1/visMost218.png,exact,I,40.1,10,940.1,30.661050210323847,0,0,1,1,0,0,1,0,0,0,0,5,1,2,2,1,0,0,1,0,0,0,0,0,0,0,0,0,0
2759,2759.png,v486_n7404_17_f1.png,data/science/v486_n7404_17_f1.png,exact,S,52.6,10,1024.0444444444445,32.000694436909406,0,1,1,0,0,0,1,0,0,0,0,4,4,2,6,2,1,0,0,0,0,0,0,1,0,1,0,0,0
2760,2760.png,visMost797.png,data/vis1/visMost797.png,exact,I,38.1,10,1107.4333333333334,33.2781209405419,0,0,0,1,1,0,0,0,0,0,1,2,0,1,1,1,0,0,0,0,0,0,0,0,0,0,0,0,1
2761,2761.png,economist_daily_chart_155.png,data/news/economist_daily_chart_155.png,exact,N,33.6,10,760.7111111111112,27.580991844223284,0,1,1,1,0,1,1,1,0,0,1,8,2,1,2,2,1,0,1,0,0,0,0,0,1,0,0,0,0
2762,2762.png,whoB22_2.png,data/government/whoB22_2.png,exact,G,33.3,10,1147.788888888889,33.87903317523818,0,0,0,0,0,0,1,1,0,0,1,6,0,1,1,1,0,0,0,0,0,0,0,0,1,0,0,0,0
2763,2763.png,v487_n7405_19_f2.png,data/science/v487_n7405_19_f2.png,exact,S,55.9,10,1222.9888888888888,34.97125803983735,0,1,1,1,0,0,0,0,0,0,0,2,5,2,8,1,1,0,1,0,0,0,0,0,0,0,0,0,0
2764,2764.png,v486_n7402_1_f3.png,data/science/v486_n7402_1_f3.png,exact,S,69.2,10,630.4,25.107767722360343,0,1,1,0,0,0,1,1,0,0,0,6,2,3,4,1,1,0,0,0,0,0,0,1,0,0,0,0,0
2765,2765.png,whoJ24_2.png,data/government/whoJ24_2.png,exact,G,20.6,10,515.8222222222222,22.71171993095684,0,0,0,0,1,1,1,0,0,0,0,4,1,1,1,1,0,0,0,1,0,0,0,0,0,0,0,0,0
2766,2766.png,treasuryB16.png,data/government/treasuryB16.png,exact,G,42.1,10,907.2111111111111,30.11994540352142,0,0,1,1,1,1,0,0,0,0,0,4,4,3,2,2,1,1,0,0,0,0,0,1,0,0,0,0,0
2767,2767.png,treasuryB02.png,data/government/treasuryB02.png,exact,G,37.1,10,780.3222222222222,27.93424819504227,0,0,1,1,1,1,0,0,0,0,0,4,2,1,1,1,0,0,1,0,0,0,0,0,0,0,0,0,0
2768,2768.png,economist_daily_chart_141.png,data/news/economist_daily_chart_141.png,exact,N,19.7,10,259.1222222222222,16.09727375123571,0,0,1,1,0,1,0,0,0,0,0,3,2,1,1,1,0,0,1,0,0,0,0,0,0,0,0,0,0
2769,2769.png,v486_n7403_1_f3.png,data/science/v486_n7403_1_f3.png,exact,S,53.5,10,914.0555555555555,30.233351708924957,0,1,1,0,1,0,0,0,0,1,0,0,5,0,2,1,0,0,0,0,0,1,0,0,0,0,0,0,0
2770,2770.png,whoB04_1.png,data/government/whoB04_1.png,exact,G,34.2,10,924.4,30.403947112176077,0,1,1,1,1,1,0,0,0,0,0,3,2,1,1,1,0,0,0,0,0,0,0,1,0,0,0,0,0
2771,2771.png,visMost783.png,data/vis1/visMost783.png,exact,I,34.2,10,542.8444444444444,23.29902239246197,0,1,1,0,0,1,0,0,0,0,1,20,9,6,7,5,1,1,1,1,0,1,0,0,1,0,0,0,0
2772,2772.png,economist_daily_chart_169.png,data/news/economist_daily_chart_169.png,exact,N,28.4,10,1143.822222222222,33.82044089337426,0,1,1,1,0,1,0,0,0,0,0,3,2,1,1,1,0,0,1,0,0,0,0,0,0,0,0,0,0
2773,2773.png,v488_n7411_21_f4.png,data/science/v488_n7411_21_f4.png,exact,S,85.4,10,152.04444444444445,12.33063033443321,0,0,1,0,1,0,0,0,0,0,0,7,2,6,3,2,1,0,0,0,0,0,1,0,0,0,1,0,0
2774,2774.png,v490_n7419_1_f1.png,data/science/v490_n7419_1_f1.png,exact,S,60.4,10,806.0444444444445,28.39092186675953,0,0,0,1,1,0,1,0,0,0,0,3,0,0,5,1,1,0,0,0,1,0,0,0,0,0,0,0,0
2775,2775.png,vis826.png,data/vis3/vis826.png,exact,I,29.7,10,482.9,21.97498577929005,0,0,0,1,0,0,0,0,0,0,1,3,0,1,1,1,0,0,0,0,1,0,0,0,0,0,0,0,0
2776,2776.png,v489_n7416_15_f1.png,data/science/v489_n7416_15_f1.png,exact,S,42.2,10,799.2888888888889,28.271697665490287,0,1,1,0,0,0,0,0,0,0,0,5,2,0,2,1,1,0,0,0,0,0,0,1,0,0,0,0,0
2777,2777.png,vis198.png,data/vis2/vis198.png,exact,I,43.1,10,656.9888888888889,25.631794492171025,0,0,0,1,1,0,1,1,0,0,1,5,1,2,1,1,0,0,0,0,0,1,0,0,0,0,0,0,0
2778,2778.png,v490_n7418_1_f1.png,data/science/v490_n7418_1_f1.png,exact,S,75.2,10,429.73333333333335,20.7300104518385,0,0,0,1,1,1,0,0,0,0,0,8,1,2,1,1,1,0,0,0,1,0,0,0,0,0,0,0,0
2779,2779.png,v490_n7420_9_f1.png,data/science/v490_n7420_9_f1.png,exact,S,85.1,10,127.87777777777778,11.308305698811727,0,0,0,0,1,0,0,0,0,0,0,7,0,0,3,1,1,0,0,0,1,0,0,0,0,0,0,0,0
2780,2780.png,v486_n7404_19_f4.png,data/science/v486_n7404_19_f4.png,exact,S,75.8,10,293.2888888888889,17.125679224161853,0,1,1,0,0,0,1,1,0,1,0,0,3,10,6,2,1,0,1,0,0,0,1,0,0,0,0,0,0
2781,2781.png,vis832.png,data/vis3/vis832.png,exact,I,38.6,10,637.3777777777777,25.246341869224892,0,1,0,0,1,1,0,0,0,0,1,9,5,6,7,4,1,0,1,1,0,1,0,0,0,0,1,0,0
2782,2782.png,economist_daily_chart_196.png,data/news/economist_daily_chart_196.png,exact,N,41.4,10,744.9333333333333,27.293466861747945,0,0,1,1,1,1,0,0,0,0,0,7,2,1,2,1,1,0,0,1,0,0,0,0,0,0,0,0,0
2783,2783.png,v488_n7413_18_f3.png,data/science/v488_n7413_18_f3.png,exact,S,67.4,10,861.6,29.353023694331732,0,0,1,0,1,0,0,0,0,0,0,8,2,2,8,5,1,0,0,0,1,1,1,1,0,0,1,0,0
2784,2784.png,visMost754.png,data/vis1/visMost754.png,exact,I,35.7,10,689.1222222222223,26.251137541489936,0,1,1,0,1,1,0,0,0,0,1,9,4,2,3,3,1,0,0,0,0,0,0,1,1,0,1,0,0
2785,2785.png,whoJ17.png,data/government/whoJ17.png,exact,G,42.0,10,368.0,19.183326093250876,0,1,1,1,1,1,1,0,0,0,0,7,2,3,4,3,1,0,1,0,0,0,0,0,1,1,0,0,0
2786,2786.png,vis167.png,data/vis2/vis167.png,exact,I,48.6,10,1226.9333333333334,35.02760815889851,0,0,0,0,1,1,0,0,0,0,0,16,10,4,2,3,1,0,1,0,1,0,0,0,0,0,1,0,0
2787,2787.png,v486_n7401_12_f2.png,data/science/v486_n7401_12_f2.png,exact,S,42.5,10,706.7222222222222,26.584247633179732,0,0,0,1,1,0,1,0,0,1,0,0,1,2,5,1,1,0,0,1,0,0,0,0,0,0,0,0,0
2788,2788.png,whoQ09_1.png,data/government/whoQ09_1.png,exact,G,36.4,10,869.1555555555556,29.48144425830518,0,0,1,0,0,0,1,0,0,0,0,2,1,3,1,1,0,0,1,0,0,0,0,0,0,0,0,0,0
2789,2789.png,v490_n7419_22_f1.png,data/science/v490_n7419_22_f1.png,exact,S,55.7,10,875.5666666666667,29.58997578009598,0,1,1,1,1,0,1,0,0,1,0,0,1,2,2,1,1,0,1,0,0,0,0,0,0,0,0,0,0
2790,2790.png,v487_n7408_17_f4.png,data/science/v487_n7408_17_f4.png,exact,S,63.8,10,539.5111111111112,23.22737848124732,0,0,0,1,1,0,1,1,0,0,0,7,0,2,1,2,0,0,0,1,0,0,0,0,0,0,0,0,1
2791,2791.png,vis173.png,data/vis2/vis173.png,exact,I,17.2,10,333.9555555555555,18.274450896143378,0,0,0,0,1,1,0,0,0,0,1,6,1,1,1,1,1,0,0,1,0,0,0,0,0,0,0,0,0
2792,2792.png,visMost740.png,data/vis1/visMost740.png,exact,I,41.1,10,831.2111111111111,28.83073205992368,0,0,0,0,0,0,1,1,1,0,1,15,11,8,6,3,1,0,0,1,0,0,0,0,0,0,1,1,0
2793,2793.png,vis615.png,data/vis3/vis615.png,exact,I,29.8,10,585.7333333333333,24.201928297830595,0,0,0,0,0,0,0,0,1,0,1,18,0,1,8,2,1,0,0,0,1,0,0,0,0,0,0,1,0
2794,2794.png,whoJ03.png,data/government/whoJ03.png,exact,G,34.9,10,543.2111111111111,23.30688977772691,0,0,0,1,1,1,0,0,0,0,0,2,4,1,1,1,0,0,0,0,0,0,0,0,0,0,1,0,0
2795,2795.png,economist_daily_chart_182.png,data/news/economist_daily_chart_182.png,exact,N,41.6,10,1051.3777777777777,32.424956095232844,0,0,1,1,0,1,0,0,0,0,0,3,1,2,2,1,0,0,1,0,0,0,0,0,0,0,0,0,0
2796,2796.png,visMost768.png,data/vis1/visMost768.png,exact,I,33.3,10,490.0111111111111,22.13619459417339,0,0,0,0,0,0,0,0,1,0,1,2,3,0,1,1,1,0,0,0,0,0,0,0,0,0,1,0,0
2797,2797.png,v487_n7408_19_f1.png,data/science/v487_n7408_19_f1.png,exact,S,75.4,10,982.7111111111111,31.348223412358013,0,0,1,1,1,0,0,0,0,0,0,8,1,7,6,4,1,0,0,1,1,1,1,0,0,0,0,0,0
2798,2798.png,v489_n7414_22_f3.png,data/science/v489_n7414_22_f3.png,exact,S,62.6,10,787.6,28.064212085857676,0,1,1,0,1,0,0,0,0,0,0,4,4,5,6,1,1,0,0,0,0,0,0,1,0,0,0,0,0
2799,2799.png,v488_n7413_5_f2.png,data/science/v488_n7413_5_f2.png,exact,S,44.3,10,380.0111111111111,19.49387368152136,0,0,0,1,0,0,1,0,0,0,0,11,1,1,11,1,1,0,0,0,0,0,0,0,1,0,0,0,0
2800,2800.png,vis629.png,data/vis3/vis629.png,exact,I,37.5,10,568.5,23.843238035132728,0,0,0,1,1,1,0,0,0,0,1,7,4,3,3,3,1,0,0,1,1,0,0,0,0,0,1,0,0
2801,2801.png,v486_n7404_15_f4.png,data/science/v486_n7404_15_f4.png,exact,S,74.8,10,228.62222222222223,15.12025866915716,0,1,1,0,1,0,1,0,0,0,0,7,6,5,7,3,1,0,1,0,0,0,0,1,0,1,0,0,0
2802,2802.png,economist_daily_chart_25.png,data/news/economist_daily_chart_25.png,exact,N,33.0,10,1108.4444444444443,33.29330930449006,0,0,0,1,0,1,1,0,0,0,0,3,1,2,1,1,0,0,1,0,0,0,0,0,0,0,0,0,0
2803,2803.png,whoQ44_8.png,data/government/whoQ44_8.png,exact,G,23.9,10,480.7666666666667,21.92639201206315,0,0,1,1,0,0,1,0,0,0,0,2,1,2,1,1,0,0,1,0,0,0,0,0,0,0,0,0,0
2804,2804.png,visMost185.png,data/vis1/visMost185.png,exact,I,33.3,10,612.9,24.75681724293331,0,0,0,0,1,0,0,0,0,0,1,20,1,1,1,1,0,0,0,0,1,0,0,0,0,0,0,0,0
2805,2805.png,whoQ57_2.png,data/government/whoQ57_2.png,exact,G,22.3,10,906.6777777777779,30.111090610899133,0,0,1,1,0,0,0,0,0,0,0,1,1,1,1,1,0,0,1,0,0,0,0,0,0,0,0,0,0
2806,2806.png,visMost191.png,data/vis1/visMost191.png,exact,I,42.6,10,870.7111111111111,29.50781440756179,0,0,0,1,1,1,0,0,0,0,0,6,0,6,4,2,0,0,0,0,1,0,0,0,0,0,1,0,0
2807,2807.png,economist_daily_chart_31.png,data/news/economist_daily_chart_31.png,exact,N,32.2,10,1141.5111111111112,33.78625624586292,0,0,1,1,1,1,1,0,0,0,0,4,1,2,1,1,0,0,1,0,0,0,0,0,0,0,0,0,0
2808,2808.png,v489_n7416_19_f1.png,data/science/v489_n7416_19_f1.png,exact,S,61.2,10,807.5111111111112,28.416739980355086,0,1,1,0,1,0,0,0,0,0,0,3,2,1,2,1,1,0,0,0,0,0,0,0,0,1,0,0,0
2809,2809.png,whoQ12_2.png,data/government/whoQ12_2.png,exact,G,34.3,10,995.5666666666667,31.552601583176415,0,1,1,1,0,1,1,0,0,0,0,5,2,1,1,1,1,0,0,0,0,0,0,1,0,0,0,0,0
2810,2810.png,v486_n7404_9_f2.png,data/science/v486_n7404_9_f2.png,exact,S,69.9,10,391.8777777777778,19.795903055374307,0,1,1,0,1,0,1,0,0,0,0,6,4,1,3,2,0,0,0,0,0,0,0,1,0,1,0,0,0
2811,2811.png,treasuryD10.png,data/government/treasuryD10.png,exact,G,39.2,10,1086.8444444444444,32.96732388964025,0,0,1,0,1,1,1,0,0,0,0,2,1,2,1,1,0,0,1,0,0,0,0,0,0,0,0,0,0
2812,2812.png,vis952.png,data/vis3/vis952.png,exact,I,31.9,10,468.76666666666665,21.65101999136915,0,0,1,1,1,0,0,0,0,0,1,10,4,5,1,4,1,1,1,1,0,0,0,0,0,0,1,0,0
2813,2813.png,visMost807.png,data/vis1/visMost807.png,exact,I,44.1,10,936.5444444444445,30.603013649711762,0,0,0,0,1,1,0,0,0,0,1,17,3,2,4,2,1,0,0,0,1,0,0,0,0,0,1,0,0
2814,2814.png,v490_n7419_3_f4.png,data/science/v490_n7419_3_f4.png,exact,S,57.6,10,775.8222222222222,27.85358544644158,0,0,1,0,1,0,1,0,0,0,0,5,1,4,4,2,1,0,1,0,0,0,1,0,0,0,0,0,0
2815,2815.png,economist_daily_chart_19.png,data/news/economist_daily_chart_19.png,exact,N,34.3,10,995.5666666666667,31.552601583176415,0,1,1,1,0,0,1,0,0,0,0,5,2,1,1,2,1,0,1,0,0,0,0,1,0,0,0,0,0
2816,2816.png,vis946.png,data/vis3/vis946.png,exact,I,46.4,10,920.7111111111111,30.34322183142573,0,0,0,0,1,1,1,0,0,0,1,12,1,1,4,1,1,0,0,0,1,0,0,0,0,0,0,0,0
2817,2817.png,whoN35_2.png,data/government/whoN35_2.png,exact,G,26.8,10,862.1777777777778,29.362863923292256,0,0,0,1,1,1,1,0,0,0,0,5,1,1,1,1,0,0,0,1,0,0,0,0,0,0,0,0,0
2818,2818.png,visMost813.png,data/vis1/visMost813.png,exact,I,32.5,10,399.3888888888889,19.984716382498124,0,1,0,1,1,0,0,0,0,0,0,15,2,5,3,2,1,0,1,0,0,0,0,0,1,0,0,0,0
2819,2819.png,v489_n7416_2_f5.png,data/science/v489_n7416_2_f5.png,exact,S,71.5,10,436.27777777777777,20.887263530146253,0,1,1,0,1,0,1,0,0,0,0,3,8,5,7,3,1,0,1,0,0,0,0,1,0,1,0,0,0
2820,2820.png,v487_n7405_15_f2.png,data/science/v487_n7405_15_f2.png,exact,S,81.0,10,221.11111111111111,14.869805348796975,0,1,1,0,0,1,1,0,0,0,0,21,1,3,2,2,1,0,0,0,1,0,0,0,0,0,0,0,1
2821,2821.png,wsj612.png,data/news/wsj612.png,exact,N,22.0,10,480.8888888888889,21.9291789378647,0,0,1,1,1,1,0,0,0,0,1,4,2,1,1,1,0,0,0,0,0,0,0,1,0,0,0,0,0
2822,2822.png,vis775.png,data/vis3/vis775.png,exact,I,45.6,10,758.2666666666667,27.536642254760594,0,0,0,0,0,0,0,0,1,0,1,4,1,2,4,1,1,0,0,0,0,0,0,0,0,0,1,0,0
2823,2823.png,visMost620.png,data/vis1/visMost620.png,exact,I,23.0,10,254.44444444444446,15.951314818673865,0,0,0,0,0,0,0,0,1,0,1,12,1,1,9,1,0,0,0,0,0,0,0,0,0,0,1,0,0
2824,2824.png,visMost146.png,data/vis1/visMost146.png,exact,I,71.0,10,1017.5555555555555,31.899146627387317,0,0,0,1,0,1,0,0,0,0,0,4,0,1,1,1,1,0,0,0,0,0,1,0,0,0,0,0,0
2825,2825.png,whoL05.png,data/government/whoL05.png,exact,G,20.3,10,466.4555555555556,21.597582169204856,0,0,1,1,0,0,1,0,0,0,0,3,1,2,1,1,0,0,1,0,0,0,0,0,0,0,0,0,0
2826,2826.png,wsj174.png,data/news/wsj174.png,exact,N,38.9,10,934.5444444444445,30.570319665395136,0,0,1,1,0,1,1,0,0,0,1,6,3,2,3,2,1,0,1,0,0,0,0,1,0,0,0,0,0
2827,2827.png,wsj160.png,data/news/wsj160.png,exact,N,61.6,10,996.9333333333333,31.574251112787035,0,0,1,1,1,1,1,1,0,0,1,5,5,7,8,4,1,0,0,1,0,1,0,1,0,0,1,0,0
2828,2828.png,v483_n7388_8_f2.png,data/science/v483_n7388_8_f2.png,exact,S,65.5,10,676.7222222222222,26.013885181230084,0,1,1,0,1,0,1,0,0,0,0,10,6,2,3,2,1,0,0,0,0,0,0,1,0,1,0,0,0
2829,2829.png,visMost152.png,data/vis1/visMost152.png,exact,I,44.2,10,432.84444444444443,20.804913949460218,0,1,1,1,1,1,1,0,0,0,1,6,9,6,9,5,1,1,1,1,0,1,0,0,0,0,1,0,0
2830,2830.png,whoL11.png,data/government/whoL11.png,exact,G,25.8,10,379.5111111111111,19.481044918358744,0,0,0,0,0,1,1,0,0,0,1,7,0,1,1,1,0,0,0,0,0,0,0,0,1,0,0,0,0
2831,2831.png,vis761.png,data/vis3/vis761.png,exact,I,45.8,10,973.9555555555555,31.208261014602456,0,0,0,1,1,1,0,0,0,0,1,9,7,2,7,2,1,0,0,0,1,0,0,0,0,0,1,0,0
2832,2832.png,visMost634.png,data/vis1/visMost634.png,exact,I,56.4,10,1156.9333333333334,34.01372272088625,0,0,1,0,1,1,0,0,0,0,1,15,1,2,1,3,0,0,0,0,1,1,0,0,0,0,1,0,0
2833,2833.png,visMost49.png,data/vis1/visMost49.png,exact,I,39.6,10,724.2666666666667,26.912202932251137,0,0,1,0,1,1,0,0,0,0,1,16,6,3,6,5,1,0,1,0,1,1,0,0,1,0,1,0,0
2834,2834.png,v488_n7412_12_f1.png,data/science/v488_n7412_12_f1.png,exact,S,69.5,10,826.9444444444445,28.756641744898594,0,1,1,0,0,0,1,1,0,0,0,16,4,4,3,3,1,0,1,0,0,0,1,0,0,1,0,0,0
2835,2835.png,v487_n7408_15_f1.png,data/science/v487_n7408_15_f1.png,exact,S,56.6,10,866.7111111111111,29.43995772943825,0,1,1,0,0,0,1,0,0,1,0,2,2,3,2,2,1,0,1,0,0,0,0,0,0,1,0,0,0
2836,2836.png,v487_n7406_6_f4.png,data/science/v487_n7406_6_f4.png,exact,S,74.5,10,591.8333333333334,24.327624901196856,0,1,1,0,0,0,0,0,0,0,0,4,3,0,1,1,0,0,0,0,0,0,0,1,0,0,0,0,0
2837,2837.png,v488_n7412_9_f2.png,data/science/v488_n7412_9_f2.png,exact,S,58.5,10,754.9444444444445,27.476252372629794,0,1,1,1,0,0,1,0,0,0,0,2,2,1,5,2,1,0,0,0,0,0,0,1,0,1,0,0,0
2838,2838.png,wsj606.png,data/news/wsj606.png,exact,N,42.6,10,980.9333333333333,31.31985525722195,0,0,1,1,0,0,1,0,0,0,1,6,4,2,4,3,1,1,1,0,0,0,0,0,0,0,1,0,0
2839,2839.png,vis749.png,data/vis3/vis749.png,exact,I,41.9,10,728.7666666666667,26.995678666532292,0,0,0,1,1,1,0,0,0,0,1,7,4,2,4,3,1,1,0,0,0,0,0,0,0,1,1,0,0
2840,2840.png,visMost61.png,data/vis1/visMost61.png,exact,I,35.4,10,642.2666666666667,25.342980619229984,0,1,1,1,0,1,0,0,0,0,1,7,3,6,6,5,1,0,1,1,1,0,0,0,1,0,1,0,0
2841,2841.png,vis991.png,data/vis3/vis991.png,exact,I,21.1,10,340.76666666666665,18.45986637727009,0,0,0,0,0,1,0,0,0,0,1,13,2,2,3,2,1,0,0,1,0,0,0,0,0,0,1,0,0
2842,2842.png,v482_n7386_1_f3.png,data/science/v482_n7386_1_f3.png,exact,S,80.0,10,191.77777777777777,13.848385385227326,0,0,0,1,1,0,0,0,0,0,0,6,0,0,3,1,1,0,0,0,1,0,0,0,0,0,0,0,0
2843,2843.png,wsj148.png,data/news/wsj148.png,exact,N,45.0,10,962.4444444444445,31.02328874320781,0,0,1,1,1,1,1,0,0,0,1,3,3,4,3,3,1,0,0,0,0,1,0,1,0,0,1,0,0
2844,2844.png,v488_n7413_14_f3.png,data/science/v488_n7413_14_f3.png,exact,S,84.2,10,166.4,12.89961239727768,0,1,1,0,1,0,0,0,0,0,0,5,8,3,7,4,1,0,1,0,1,0,0,1,0,1,0,0,0
2845,2845.png,visMost608.png,data/vis1/visMost608.png,exact,I,31.6,10,922.4888888888889,30.372502183535833,0,0,0,1,1,1,0,0,1,0,1,6,1,6,5,3,1,0,0,0,1,0,0,0,1,0,1,0,0
2846,2846.png,visMost75.png,data/vis1/visMost75.png,exact,I,35.0,10,399.77777777777777,19.994443672625096,0,0,1,1,1,1,0,0,0,0,1,9,1,3,3,3,1,0,1,0,1,0,0,0,1,0,0,0,0
2847,2847.png,v483_n7389_6_f7.png,data/science/v483_n7389_6_f7.png,exact,S,80.2,10,296.84444444444443,17.229174224101527,0,1,1,0,1,0,0,0,0,0,0,11,2,1,4,3,1,0,0,0,0,0,1,1,0,1,0,0,0
2848,2848.png,vis985.png,data/vis3/vis985.png,exact,I,44.1,10,929.6555555555556,30.49025345180908,0,0,0,1,1,1,0,0,0,0,1,19,3,7,7,5,1,0,1,1,1,0,0,0,1,0,1,0,0
2849,2849.png,visMost387.png,data/vis1/visMost387.png,exact,I,21.8,10,299.5111111111111,17.306389314675407,0,0,0,0,0,0,0,0,1,0,1,12,0,4,6,1,0,0,0,0,0,0,0,0,0,0,1,0,0
2850,2850.png,treasuryG03_1.png,data/government/treasuryG03_1.png,exact,G,51.8,10,1027.9555555555555,32.06174598420297,0,1,1,1,1,1,1,1,0,0,0,3,1,3,1,1,0,0,1,0,0,0,0,0,0,0,0,0,0
2851,2851.png,np_54.png,data/news/np_54.png,exact,N,43.9,10,942.9888888888888,30.70812415125497,0,0,0,1,1,1,0,0,0,0,0,3,1,1,1,1,0,1,0,0,0,0,0,0,0,0,0,0,0
2852,2852.png,economist_daily_chart_223.png,data/news/economist_daily_chart_223.png,exact,N,51.4,10,436.0444444444444,20.88167724212891,0,1,1,1,1,1,1,0,0,0,0,5,2,2,1,2,0,0,0,0,0,0,0,1,0,1,0,0,0
2853,2853.png,v487_n7406_12_f3.png,data/science/v487_n7406_12_f3.png,exact,S,77.2,10,295.06666666666666,17.177504669382763,0,1,1,0,1,0,0,0,0,0,0,11,5,1,2,3,1,1,0,0,0,0,1,1,0,0,0,0,0
2854,2854.png,vis11.png,data/vis2/vis11.png,exact,I,36.8,10,646.1777777777778,25.420027100256558,0,1,1,1,1,1,0,0,0,0,0,10,2,2,3,3,1,0,0,0,1,0,0,1,0,1,0,0,0
2855,2855.png,whoK04_2.png,data/government/whoK04_2.png,exact,G,39.3,10,887.3444444444444,29.788327318673744,0,1,1,1,1,1,0,0,0,0,0,2,2,2,2,1,0,0,1,0,0,0,0,0,0,0,0,0,0
2856,2856.png,economist_daily_chart_237.png,data/news/economist_daily_chart_237.png,exact,N,43.9,10,1261.8777777777777,35.5229190492248,0,0,1,1,1,1,1,0,0,0,0,4,2,2,1,1,0,0,1,0,0,0,0,0,0,0,0,0,0
2857,2857.png,v489_n7414_18_f2.png,data/science/v489_n7414_18_f2.png,exact,S,73.1,10,237.8777777777778,15.423286866870427,0,1,1,0,1,0,0,0,0,0,0,4,2,1,1,2,1,1,0,0,0,0,0,1,0,0,0,0,0
2858,2858.png,np_40.png,data/news/np_40.png,exact,N,48.7,10,961.7888888888889,31.012721404109136,0,0,0,0,0,1,0,0,0,0,0,5,0,1,1,1,0,0,0,0,0,0,0,0,0,0,1,0,0
2859,2859.png,visMost393.png,data/vis1/visMost393.png,exact,I,36.5,10,958.7222222222222,30.963239853449156,0,1,1,1,1,1,1,0,0,0,1,4,1,1,1,1,0,0,0,0,0,0,0,0,1,0,0,0,0
2860,2860.png,whoC02_2.png,data/government/whoC02_2.png,exact,G,14.0,10,118.22222222222223,10.873004286866728,0,0,0,0,0,0,0,0,1,0,1,4,2,1,1,1,1,0,0,0,0,0,0,0,0,0,1,0,0
2861,2861.png,wsj389.png,data/news/wsj389.png,exact,N,34.4,10,593.6,24.363907732545698,0,0,1,1,1,1,1,0,0,0,1,5,2,2,1,2,0,1,0,0,0,0,0,0,0,1,0,0,0
2862,2862.png,v488_n7410_4_f5.png,data/science/v488_n7410_4_f5.png,exact,S,59.8,10,996.8444444444444,31.572843464668246,0,0,0,0,0,0,0,0,1,1,0,0,3,4,3,1,0,0,0,0,0,0,0,0,0,0,1,0,0
2863,2863.png,vis588.png,data/vis3/vis588.png,exact,I,42.0,10,498.8888888888889,22.335820757001272,0,0,1,1,1,1,0,0,0,0,1,5,9,6,8,5,1,1,1,1,0,1,0,0,0,0,1,0,0
2864,2864.png,vis39.png,data/vis2/vis39.png,exact,I,31.6,10,542.9333333333333,23.300929881301588,0,0,0,0,0,0,0,0,1,0,1,13,3,4,3,1,1,0,0,0,0,0,0,0,0,0,1,0,0
2865,2865.png,v484_n7394_18_f2.png,data/science/v484_n7394_18_f2.png,exact,S,86.8,10,198.4,14.085453489327207,0,1,1,0,0,0,1,0,0,0,0,8,6,4,5,5,1,0,0,0,1,0,0,1,1,1,1,0,0
2866,2866.png,v484_n7392_22_f4.png,data/science/v484_n7392_22_f4.png,exact,S,70.1,10,416.1,20.398529358755255,0,1,1,0,1,0,1,1,0,1,0,0,6,4,6,4,1,0,1,0,0,0,0,1,0,1,1,0,0
2867,2867.png,v487_n7407_14_f1.png,data/science/v487_n7407_14_f1.png,exact,S,46.1,10,1296.5444444444445,36.007560934398825,0,0,1,0,1,0,0,0,0,0,0,2,2,0,2,1,1,0,0,0,0,0,0,1,0,0,0,0,0
2868,2868.png,treasuryD02_1.png,data/government/treasuryD02_1.png,exact,G,24.5,10,418.05555555555554,20.44640691064216,0,0,0,0,0,0,0,0,1,0,0,2,1,2,1,1,0,0,0,0,0,0,0,0,0,0,1,0,0
2869,2869.png,wsj376.png,data/news/wsj376.png,exact,N,37.6,10,984.7111111111111,31.380106932754565,0,0,1,1,1,1,1,0,0,0,1,5,2,3,2,1,1,0,1,0,0,0,0,0,0,0,0,0,0
2870,2870.png,whoN07.png,data/government/whoN07.png,exact,G,26.100000000000005,10,943.6555555555557,30.71897712417449,0,1,1,1,1,0,0,0,0,0,0,2,3,1,1,1,0,0,0,0,0,0,0,0,0,0,1,0,0
2871,2871.png,vis211.png,data/vis2/vis211.png,exact,I,28.3,10,321.7888888888889,17.93847509931903,0,0,0,0,1,1,0,0,0,0,1,2,2,1,2,2,1,1,0,0,0,1,0,0,0,0,0,0,0
2872,2872.png,visMost344.png,data/vis1/visMost344.png,exact,I,41.2,10,608.4,24.66576574931336,0,1,0,0,1,0,0,0,0,0,1,9,0,9,7,4,1,0,1,1,1,0,0,0,0,0,1,0,0
2873,2873.png,v483_n7391_1_f1.png,data/science/v483_n7391_1_f1.png,exact,S,51.8,10,145.2888888888889,12.053584068188552,0,0,0,1,1,0,1,0,0,0,1,10,1,1,4,2,0,0,0,0,0,0,0,1,1,0,0,0,0
2874,2874.png,treasuryL04_1.png,data/government/treasuryL04_1.png,exact,G,14.9,10,173.65555555555557,13.177843357528408,0,0,0,0,0,0,0,0,1,0,0,1,3,1,1,1,0,0,0,0,0,0,0,0,0,0,1,0,0
2875,2875.png,visMost422.png,data/vis1/visMost422.png,exact,I,52.7,10,1000.9,31.637003650788422,0,1,1,0,1,0,1,0,0,0,0,7,0,2,1,1,0,0,0,0,0,0,1,0,0,0,0,0,0
2876,2876.png,v483_n7387_3_f2.png,data/science/v483_n7387_3_f2.png,exact,S,79.2,10,835.5111111111111,28.905209065341683,0,0,0,1,1,0,0,0,0,0,0,6,0,1,4,1,1,0,0,0,1,0,0,0,0,0,0,0,0
2877,2877.png,vis577.png,data/vis3/vis577.png,exact,I,39.7,10,895.1222222222221,29.91859325272868,0,0,0,0,1,1,0,0,0,0,1,10,8,7,7,3,1,0,0,1,0,0,0,0,1,0,1,0,0
2878,2878.png,v485_n7396_27_f1.png,data/science/v485_n7396_27_f1.png,exact,S,74.0,10,395.77777777777777,19.89416441516903,0,1,1,0,1,0,0,0,0,0,0,1,5,2,6,1,1,0,0,0,0,0,0,1,0,0,0,0,0
2879,2879.png,wsj410.png,data/news/wsj410.png,exact,N,37.5,10,1110.5,33.324165405903265,0,0,1,1,1,1,0,0,0,0,1,5,4,1,3,1,1,0,0,0,0,0,0,1,0,0,0,0,0
2880,2880.png,wsj404.png,data/news/wsj404.png,exact,N,21.3,10,438.23333333333335,20.934023343192617,0,0,1,1,0,1,0,0,0,0,1,2,2,0,1,1,0,0,1,0,0,0,0,0,0,0,0,0,0
2881,2881.png,v486_n7402_19_f3.png,data/science/v486_n7402_19_f3.png,exact,S,72.3,10,443.1222222222222,21.05046845612283,0,1,1,0,1,0,0,0,0,0,0,7,5,3,5,3,1,0,1,0,0,0,1,1,0,0,0,0,0
2882,2882.png,v484_n7394_6_f1.png,data/science/v484_n7394_6_f1.png,exact,S,73.0,10,796.4444444444445,28.2213473180223,0,0,1,0,1,0,0,0,0,0,0,9,5,1,4,2,1,0,0,0,1,0,0,1,0,0,0,0,0
2883,2883.png,visMost436.png,data/vis1/visMost436.png,exact,I,41.1,10,876.9888888888888,29.613998191545985,0,0,0,0,1,1,0,0,0,0,1,13,4,11,6,3,1,0,0,1,0,1,0,0,0,0,1,0,0
2884,2884.png,vis563.png,data/vis3/vis563.png,exact,I,40.8,10,1429.288888888889,37.805937217438334,0,0,1,0,0,1,1,0,0,0,1,4,4,4,3,3,1,0,1,0,0,0,0,1,1,0,0,0,0
2885,2885.png,whoN13.png,data/government/whoN13.png,exact,G,34.1,10,1130.7666666666667,33.62687417329578,0,0,0,0,0,0,0,0,1,0,0,2,1,2,1,1,0,0,0,0,0,0,0,0,0,0,1,0,0
2886,2886.png,vis205.png,data/vis2/vis205.png,exact,I,42.4,10,785.8222222222223,28.032520796785693,0,0,0,1,1,1,1,0,0,0,0,11,0,1,8,2,1,0,0,0,1,0,0,0,0,0,1,0,0
2887,2887.png,visMost350.png,data/vis1/visMost350.png,exact,I,28.6,10,326.0444444444444,18.05670081837888,0,0,0,1,1,1,0,0,0,0,1,10,1,2,1,2,1,0,0,1,1,0,0,0,0,0,0,0,0
2888,2888.png,whoQ48_5.png,data/government/whoQ48_5.png,exact,G,33.3,10,935.1222222222223,30.579768184572988,0,1,1,1,0,0,1,0,0,0,0,4,2,1,1,1,0,0,0,0,0,0,0,1,0,0,0,0,0
2889,2889.png,v485_n7398_16_f2.png,data/science/v485_n7398_16_f2.png,exact,S,60.0,10,639.5555555555555,25.289435651187542,0,1,1,0,1,0,1,0,0,0,0,5,2,2,4,4,1,0,1,0,1,0,0,0,0,1,1,0,0
2890,2890.png,wsj362.png,data/news/wsj362.png,exact,N,38.1,10,1108.5444444444445,33.294811073866214,0,0,1,1,1,1,0,0,0,0,1,5,3,1,2,2,1,0,1,0,0,0,0,1,0,0,0,0,0
2891,2891.png,vis1.png,data/vis2/vis1.png,exact,I,29.1,10,395.8777777777778,19.896677556259935,0,0,0,1,0,1,1,0,0,0,1,4,2,1,1,2,0,1,0,0,0,0,0,0,0,0,0,0,1
2892,2892.png,v483_n7389_19_f1.png,data/science/v483_n7389_19_f1.png,exact,S,67.0,10,938.2222222222222,30.630413353760378,0,1,1,0,1,0,0,0,0,0,0,11,1,3,13,3,1,0,1,0,0,0,0,0,1,0,1,0,0
2893,2893.png,visMost378.png,data/vis1/visMost378.png,exact,I,33.5,10,1001.3888888888889,31.64472924341254,0,0,0,0,0,0,0,0,1,0,1,8,1,1,1,1,0,0,0,0,0,0,0,0,0,0,1,0,0
2894,2894.png,v489_n7414_30_f3.png,data/science/v489_n7414_30_f3.png,exact,S,72.9,10,354.7666666666667,18.835250639868498,0,1,1,1,1,0,1,0,0,1,0,0,5,10,7,4,1,0,1,0,0,0,0,1,0,1,1,0,0
2895,2895.png,v484_n7394_8_f4.png,data/science/v484_n7394_8_f4.png,exact,S,41.3,10,865.7888888888889,29.424290796702117,0,1,1,0,1,0,1,0,0,1,0,0,2,1,1,2,0,0,0,0,0,0,0,1,0,1,0,0,0
2896,2896.png,wsj438.png,data/news/wsj438.png,exact,N,41.3,10,936.6777777777778,30.60519200687651,0,0,1,1,1,1,0,0,0,0,1,7,2,2,2,3,1,0,1,0,0,0,0,1,0,1,0,0,0
2897,2897.png,v489_n7414_1_f7.png,data/science/v489_n7414_1_f7.png,exact,S,76.5,10,148.05555555555554,12.167808165629319,0,1,0,0,0,1,0,0,0,0,0,7,5,6,13,3,1,0,0,0,1,0,0,0,1,1,0,0,0
2898,2898.png,vis239.png,data/vis2/vis239.png,exact,I,39.5,10,755.8333333333334,27.492423198643902,0,1,1,1,0,1,1,0,0,0,1,5,8,6,9,2,1,1,1,0,0,0,0,0,0,0,0,0,0
2899,2899.png,visMost375.png,data/vis1/visMost375.png,exact,I,31.2,10,487.9555555555555,22.089716058735466,0,0,1,1,1,0,0,0,0,0,1,15,1,1,1,1,0,0,1,0,0,0,0,0,0,0,0,0,0
2900,2900.png,v486_n7401_9_f5.png,data/science/v486_n7401_9_f5.png,exact,S,55.7,10,974.2333333333333,31.212711085923527,0,1,1,0,1,0,0,0,0,1,0,0,3,1,2,2,1,0,0,0,0,0,0,1,0,1,0,0,0
2901,2901.png,v489_n7415_6_f3.png,data/science/v489_n7415_6_f3.png,exact,S,34.7,10,588.0111111111111,24.248940412131642,0,1,1,1,1,0,0,0,0,0,0,2,2,1,2,2,1,0,0,0,0,0,0,1,0,1,0,0,0
2902,2902.png,whoN36.png,data/government/whoN36.png,exact,G,21.0,10,622.8888888888889,24.95774206311318,0,1,1,1,0,0,0,0,0,1,0,1,1,1,1,1,0,0,1,0,0,0,0,0,0,0,0,0,0
2903,2903.png,vis220.png,data/vis2/vis220.png,exact,I,57.6,10,634.4888888888889,25.189062882308445,0,0,0,1,1,1,1,0,0,0,1,8,5,3,3,4,1,0,1,1,1,0,0,0,1,0,0,0,0
2904,2904.png,wsj347.png,data/news/wsj347.png,exact,N,31.7,10,877.5666666666666,29.623751731788914,0,1,1,1,0,1,1,0,0,0,1,7,1,2,1,1,0,0,1,0,0,0,0,0,0,0,0,0,0
2905,2905.png,v486_n7402_10_f2.png,data/science/v486_n7402_10_f2.png,exact,S,48.2,10,960.6222222222221,30.99390621109611,0,1,1,1,0,0,0,0,0,0,0,3,2,1,2,1,1,0,0,0,0,0,1,0,0,0,0,0,0
2906,2906.png,wsj421.png,data/news/wsj421.png,exact,N,33.2,10,577.9555555555555,24.040706219983544,0,1,1,1,0,1,0,0,0,0,1,3,1,2,1,2,0,1,0,0,0,0,0,0,0,0,1,0,0
2907,2907.png,vis546.png,data/vis3/vis546.png,exact,I,59.3,10,399.56666666666666,19.989163731048546,0,0,0,1,1,1,0,0,0,0,1,7,13,6,1,4,1,0,1,1,1,0,0,0,0,0,1,0,0
2908,2908.png,v483_n7391_14_f4.png,data/science/v483_n7391_14_f4.png,exact,S,75.6,10,184.04444444444445,13.566298111291983,0,1,1,0,0,0,1,0,0,0,0,4,3,6,5,2,1,0,1,0,1,0,0,0,0,0,0,0,0
2909,2909.png,visMost413.png,data/vis1/visMost413.png,exact,I,79.4,10,655.8222222222222,25.609026186526933,0,0,0,1,1,1,0,0,0,0,0,17,0,1,1,1,0,0,0,0,1,0,0,0,0,0,0,0,0
2910,2910.png,vis552.png,data/vis3/vis552.png,exact,I,49.8,10,665.5111111111111,25.79750203238893,0,1,1,1,1,1,1,0,0,0,1,8,15,8,2,5,1,1,0,1,1,1,0,0,0,0,1,0,0
2911,2911.png,visMost407.png,data/vis1/visMost407.png,exact,I,58.2,10,560.8444444444444,23.682154556637038,0,0,1,1,1,1,0,0,0,0,1,6,6,9,4,4,1,0,1,1,1,0,0,0,1,0,0,0,0
2912,2912.png,wsj435.png,data/news/wsj435.png,exact,N,28.8,10,766.1777777777778,27.67991650597555,0,0,1,1,0,1,1,0,0,0,1,3,1,2,1,1,0,0,1,0,0,0,0,0,0,0,0,0,0
2913,2913.png,wsj353.png,data/news/wsj353.png,exact,N,65.9,10,1032.1,32.126313202731495,0,0,1,1,1,1,0,0,0,0,0,14,3,2,1,3,1,0,1,0,1,0,0,0,0,1,0,0,0
2914,2914.png,visMost361.png,data/vis1/visMost361.png,exact,I,54.8,10,236.84444444444446,15.389751279486113,0,1,1,1,0,1,0,0,0,0,1,12,8,8,4,3,1,0,1,1,0,0,0,0,0,0,1,0,0
2915,2915.png,v488_n7411_12_f4.png,data/science/v488_n7411_12_f4.png,exact,S,50.1,10,733.2111111111111,27.07787124408252,0,0,0,0,0,0,0,0,1,1,0,0,4,3,1,1,0,0,0,0,0,0,0,0,0,0,1,0,0
2916,2916.png,v485_n7399_17_f4.png,data/science/v485_n7399_17_f4.png,exact,S,37.2,10,600.1777777777778,24.498526032759152,0,1,1,0,1,0,0,0,0,0,0,3,2,1,1,1,0,0,0,0,0,0,0,1,0,0,0,0,0
2917,2917.png,whoN22.png,data/government/whoN22.png,exact,G,43.0,10,762.0,27.60434748368452,0,0,0,1,0,1,1,1,0,0,0,5,0,1,1,1,0,0,0,0,0,0,0,0,1,0,0,0,0
2918,2918.png,v484_n7392_5_f4.png,data/science/v484_n7392_5_f4.png,exact,S,67.6,10,709.6,26.63831826523589,0,1,1,1,1,0,0,0,0,0,0,3,7,3,8,2,1,0,0,0,0,0,0,1,0,1,0,0,0
2919,2919.png,visMost349.png,data/vis1/visMost349.png,exact,I,48.4,10,602.9333333333334,24.554700839825628,0,0,0,1,1,1,0,0,0,0,1,7,0,2,1,1,0,0,0,0,1,0,0,0,0,0,0,0,0
2920,2920.png,v484_n7395_1_f5.png,data/science/v484_n7395_1_f5.png,exact,S,73.2,10,295.2888888888889,17.183971860105245,0,1,1,0,1,0,1,1,0,0,0,13,6,3,9,3,1,0,0,0,0,0,1,1,0,1,0,0,0
2921,2921.png,wsj409.png,data/news/wsj409.png,exact,N,19.5,10,570.5,23.885141824992374,0,1,1,1,0,1,0,0,0,0,1,2,1,1,1,1,0,0,1,0,0,0,0,0,0,0,0,0,0
2922,2922.png,v484_n7394_1_f5.png,data/science/v484_n7394_1_f5.png,exact,S,52.7,10,597.5666666666666,24.445176756707376,0,1,1,0,0,0,1,0,0,1,0,0,3,1,2,2,1,0,1,0,0,0,0,0,0,1,0,0,0
2923,2923.png,whoQ48_8.png,data/government/whoQ48_8.png,exact,G,21.5,10,907.8333333333334,30.130272705923744,0,0,1,1,0,0,1,0,0,0,0,2,1,2,1,1,0,0,1,0,0,0,0,0,0,0,0,0,0
2924,2924.png,vis208.png,data/vis2/vis208.png,exact,I,62.8,10,692.6222222222223,26.3177168884807,0,0,0,1,1,1,0,0,0,0,1,18,0,2,1,2,0,0,0,0,1,0,0,0,0,0,1,0,0
2925,2925.png,v489_n7417_20_f3.png,data/science/v489_n7417_20_f3.png,exact,S,75.7,10,236.23333333333335,15.369883972669845,0,1,1,1,1,0,1,0,0,0,0,6,5,8,7,4,1,0,1,0,0,0,0,1,0,1,1,0,0
2926,2926.png,wsj384.png,data/news/wsj384.png,exact,N,30.2,10,638.1777777777777,25.262180780324126,0,0,0,1,1,1,0,0,0,0,1,9,0,0,1,2,0,0,0,0,1,0,0,0,0,0,1,0,0
2927,2927.png,vis34.png,data/vis2/vis34.png,exact,I,60.4,10,470.4888888888889,21.69075583950197,0,0,1,1,1,1,1,0,0,0,1,15,5,7,5,5,1,1,1,1,1,0,0,0,0,0,1,0,0
2928,2928.png,v488_n7410_3_f1.png,data/science/v488_n7410_3_f1.png,exact,S,72.5,10,418.94444444444446,20.468132412226684,0,1,1,1,1,0,0,0,0,0,0,10,9,4,10,5,1,0,1,0,1,0,0,1,0,1,1,0,0
2929,2929.png,vis585.png,data/vis3/vis585.png,exact,I,77.8,10,351.06666666666666,18.73677311242965,0,0,1,1,1,1,1,0,0,0,1,11,8,7,8,3,1,0,1,0,1,0,0,0,0,0,1,0,0
2930,2930.png,economist_daily_chart_212.png,data/news/economist_daily_chart_212.png,exact,N,38.0,10,768.2222222222222,27.716822007983204,0,1,1,1,0,1,1,0,0,0,1,5,3,3,2,1,1,0,1,0,0,0,0,0,0,0,0,0,0
2931,2931.png,v484_n7395_17_f1.png,data/science/v484_n7395_17_f1.png,exact,S,70.8,10,87.06666666666666,9.330952077181978,0,1,1,0,1,0,0,0,0,0,0,15,9,3,4,5,1,1,0,0,1,0,0,1,0,1,1,0,0
2932,2932.png,economist_daily_chart_206.png,data/news/economist_daily_chart_206.png,exact,N,43.5,10,1064.7222222222222,32.63008155402346,0,1,1,1,0,1,1,0,0,0,1,9,4,3,2,2,1,0,1,0,0,0,0,1,0,0,0,0,0
2933,2933.png,vis591.png,data/vis3/vis591.png,exact,I,29.8,10,401.28888888888895,20.032196307167343,0,0,0,1,1,1,0,0,0,0,1,4,4,1,1,1,0,1,0,0,0,0,0,0,0,0,0,0,0
2934,2934.png,v487_n7407_13_f5.png,data/science/v487_n7407_13_f5.png,exact,S,61.7,10,1089.3444444444444,33.00521844261063,0,0,0,1,1,0,0,0,0,1,0,0,0,1,4,1,1,0,0,0,1,0,0,0,0,0,0,0,0
2935,2935.png,v488_n7411_3_f1.png,data/science/v488_n7411_3_f1.png,exact,S,67.1,10,968.0999999999999,31.114305391571897,0,1,1,0,1,0,1,0,0,0,0,20,8,1,11,3,1,0,0,0,1,0,0,1,0,1,0,0,0
2936,2936.png,wsj390.png,data/news/wsj390.png,exact,N,40.1,10,622.3222222222222,24.946386957277443,0,0,1,1,1,1,0,0,0,0,1,4,2,2,1,1,0,0,1,0,0,0,0,0,0,0,0,0,0
2937,2937.png,whoQ46_7.png,data/government/whoQ46_7.png,exact,G,29.300000000000004,10,1022.0111111111112,31.968908506721203,0,0,1,1,0,0,1,0,0,0,0,2,1,2,1,1,0,0,1,0,0,0,0,0,0,0,0,0,0
2938,2938.png,whoB35_1.png,data/government/whoB35_1.png,exact,G,42.2,10,958.1777777777778,30.954446817505524,0,0,0,0,0,1,0,0,1,0,0,9,2,3,4,1,1,0,0,0,0,0,0,0,0,0,1,0,0
2939,2939.png,v490_n7420_23_f5.png,data/science/v490_n7420_23_f5.png,exact,S,53.5,10,712.7222222222222,26.69685790916643,0,0,1,0,1,0,0,0,0,0,0,6,0,0,1,1,0,0,0,0,1,0,0,0,0,0,0,0,0
2940,2940.png,v484_n7394_11_f3.png,data/science/v484_n7394_11_f3.png,exact,S,63.8,10,898.6222222222223,29.977028242009286,0,1,0,0,1,0,0,0,0,1,0,0,0,1,6,1,1,0,0,0,0,0,0,1,0,0,0,0,0
2941,2941.png,v489_n7415_17_f1.png,data/science/v489_n7415_17_f1.png,exact,S,44.1,10,957.4333333333334,30.942419642512338,0,1,1,1,0,0,0,0,0,0,0,7,2,1,1,1,1,0,0,0,0,0,0,0,0,1,0,0,0
2942,2942.png,v487_n7405_2_f2.png,data/science/v487_n7405_2_f2.png,exact,S,70.1,10,215.2111111111111,14.670075361466658,0,1,1,1,1,0,0,0,0,0,0,5,3,6,5,3,1,0,1,0,0,0,0,1,0,1,0,0,0
2943,2943.png,v488_n7412_23_f4.png,data/science/v488_n7412_23_f4.png,exact,S,77.5,10,164.05555555555554,12.808417371227232,0,1,1,0,1,0,1,0,0,0,0,8,5,8,8,3,1,0,1,0,1,0,0,0,0,0,1,0,0
2944,2944.png,v490_n7419_11_f1.png,data/science/v490_n7419_11_f1.png,exact,S,69.9,10,350.9888888888889,18.73469745923026,0,1,1,0,1,0,1,1,0,0,1,6,3,0,1,2,0,0,0,0,0,0,1,0,0,1,0,0,0
2945,2945.png,v484_n7395_19_f4.png,data/science/v484_n7395_19_f4.png,exact,S,72.8,10,475.06666666666666,21.796024102268436,0,1,1,0,1,0,1,0,0,0,0,9,0,4,2,2,1,0,1,0,0,0,0,0,0,0,1,0,0
2946,2946.png,v486_n7401_21_f2.png,data/science/v486_n7401_21_f2.png,exact,S,75.3,10,931.5666666666666,30.5215770671613,0,0,0,1,1,0,0,0,0,0,0,8,0,1,3,2,1,0,0,0,1,0,0,0,0,0,1,0,0
2947,2947.png,whoJ15_2.png,data/government/whoJ15_2.png,exact,G,19.5,10,190.94444444444446,13.81826488544942,0,0,0,0,0,0,0,0,1,0,0,2,3,1,1,1,0,0,0,0,0,0,0,0,0,0,1,0,0
2948,2948.png,whoB13_2.png,data/government/whoB13_2.png,exact,G,55.6,10,524.7111111111111,22.90657353492903,0,0,0,1,1,1,0,0,0,0,0,11,2,2,1,2,0,1,0,1,0,0,0,0,0,0,0,0,0
2949,2949.png,visMost611.png,data/vis1/visMost611.png,exact,I,59.7,10,544.6777777777778,23.338332797733813,0,0,1,1,1,1,0,0,0,0,1,10,4,2,1,4,1,0,1,0,1,1,0,0,0,0,1,0,0
2950,2950.png,vis744.png,data/vis3/vis744.png,exact,I,65.7,10,347.1222222222222,18.631216337701147,0,0,1,1,1,1,0,0,0,0,1,15,5,6,5,3,1,0,0,1,1,0,0,0,0,0,1,0,0
2951,2951.png,v484_n7392_13_f1.png,data/science/v484_n7392_13_f1.png,exact,S,83.3,10,63.34444444444445,7.9589223167740775,0,1,1,0,1,0,1,0,0,0,0,17,7,3,1,3,0,0,0,0,0,0,1,1,0,1,0,0,0
2952,2952.png,v483_n7388_1_f3.png,data/science/v483_n7388_1_f3.png,exact,S,66.2,10,275.06666666666666,16.585133905599516,0,1,1,1,0,0,1,0,0,0,0,5,4,4,2,3,1,0,0,0,0,0,0,1,0,1,1,0,0
2953,2953.png,wsj145.png,data/news/wsj145.png,exact,N,58.0,10,537.3333333333334,23.18045153428495,0,0,0,1,1,1,0,0,0,0,1,7,0,1,1,1,0,0,0,0,1,0,0,0,0,0,0,0,0
2954,2954.png,visMost177.png,data/vis1/visMost177.png,exact,I,65.2,10,341.5111111111111,18.480019240009224,0,0,0,1,1,1,0,0,0,0,1,17,2,6,6,3,1,0,1,0,1,0,0,0,0,0,1,0,0
2955,2955.png,visMost163.png,data/vis1/visMost163.png,exact,I,61.1,10,755.2111111111111,27.481104619558348,0,0,0,1,0,0,0,0,1,0,1,10,0,1,5,2,1,0,0,0,1,0,0,0,0,0,1,0,0
2956,2956.png,v483_n7389_1_f3.png,data/science/v483_n7389_1_f3.png,exact,S,69.0,10,918.4444444444445,30.305848353815215,0,0,1,0,0,0,1,0,0,0,0,13,0,5,25,2,1,0,0,0,1,0,0,0,0,0,1,0,0
2957,2957.png,v489_n7414_27_f2.png,data/science/v489_n7414_27_f2.png,exact,S,72.1,10,245.87777777777777,15.680490355144439,0,1,1,0,0,0,0,0,0,0,0,3,2,4,7,2,1,0,1,0,0,1,0,0,0,0,0,0,0
2958,2958.png,wsj151.png,data/news/wsj151.png,exact,N,33.4,10,708.4888888888889,26.61745459071714,0,1,1,1,0,1,0,0,0,0,1,6,3,1,2,2,1,0,0,1,0,0,0,1,0,0,0,0,0
2959,2959.png,v485_n7400_12_f1.png,data/science/v485_n7400_12_f1.png,exact,S,73.9,10,486.9888888888889,22.067824743025508,0,0,0,1,1,0,0,0,0,0,0,14,2,3,5,2,1,0,0,0,1,0,0,0,0,0,1,0,0
2960,2960.png,visMost78.png,data/vis1/visMost78.png,exact,I,50.5,10,839.3888888888889,28.972208905930678,0,0,0,1,1,1,0,0,1,0,1,22,0,1,9,2,0,0,0,0,1,0,0,0,0,0,1,0,0
2961,2961.png,visMost605.png,data/vis1/visMost605.png,exact,I,55.2,10,506.6222222222222,22.508270085064783,0,0,0,1,1,1,0,0,1,0,0,17,0,1,1,1,0,0,0,0,1,0,0,0,0,0,0,0,0
2962,2962.png,vis988.png,data/vis3/vis988.png,exact,I,51.0,10,696.6666666666666,26.394443859772206,0,0,0,1,0,1,0,0,1,0,1,6,0,1,1,1,0,0,0,0,1,0,0,0,0,0,0,0,0
2963,2963.png,v490_n7418_21_f2.png,data/science/v490_n7418_21_f2.png,exact,S,68.9,10,1134.5444444444445,33.682999338604695,0,0,0,1,1,0,0,0,0,0,0,7,1,1,8,2,1,0,0,0,1,0,0,0,0,0,1,0,0
2964,2964.png,vis750.png,data/vis3/vis750.png,exact,I,54.3,10,734.0111111111111,27.092639426809473,0,0,1,1,1,1,1,0,0,0,1,11,5,5,3,4,1,1,1,1,0,0,0,0,0,0,1,0,0
2965,2965.png,visMost50.png,data/vis1/visMost50.png,exact,I,67.0,10,871.7777777777778,29.52588318370473,0,0,1,1,0,1,1,0,0,0,1,20,0,4,1,2,0,0,0,1,0,0,1,0,0,0,0,0,0
2966,2966.png,vis778.png,data/vis3/vis778.png,exact,I,50.4,10,808.2666666666667,28.430031070448493,0,0,0,1,1,1,0,0,1,0,0,5,0,3,3,1,1,0,0,0,0,0,0,0,0,0,1,0,0
2967,2967.png,whoL08.png,data/government/whoL08.png,exact,G,31.6,10,537.8222222222222,23.190994420727677,0,1,1,1,0,1,0,0,0,0,0,2,0,1,1,1,0,0,0,0,0,0,0,0,0,0,1,0,0
2968,2968.png,wsj179.png,data/news/wsj179.png,exact,N,61.3,10,358.67777777777775,18.938790293410445,0,1,1,1,0,1,0,0,0,0,1,9,1,3,2,2,1,0,1,0,0,0,0,0,0,0,1,0,0
2969,2969.png,v484_n7393_15_f3.png,data/science/v484_n7393_15_f3.png,exact,S,75.0,10,256.8888888888889,16.027753706895076,0,1,1,1,1,0,0,0,0,0,0,11,5,5,9,4,1,0,1,0,0,0,0,1,0,1,1,0,0
2970,2970.png,whoC28_1.png,data/government/whoC28_1.png,exact,G,24.0,10,756.0,27.49545416973504,0,0,0,1,1,1,0,0,0,0,0,5,1,1,1,1,1,0,0,1,0,0,0,0,0,0,0,0,0
2971,2971.png,v482_n7386_8_f2.png,data/science/v482_n7386_8_f2.png,exact,S,41.2,10,1148.1777777777777,33.8847720632407,0,1,1,1,1,0,0,0,0,0,0,3,2,1,4,4,1,1,0,0,1,0,0,1,0,1,0,0,0
2972,2972.png,v487_n7408_12_f5.png,data/science/v487_n7408_12_f5.png,exact,S,41.9,10,1032.9888888888888,32.14014450634733,0,0,0,0,0,0,0,0,1,1,0,0,7,2,1,1,0,0,0,0,0,0,0,0,0,0,1,0,0
2973,2973.png,v488_n7412_15_f5.png,data/science/v488_n7412_15_f5.png,exact,S,62.3,10,674.0111111111111,25.961723962616794,0,1,1,1,0,0,1,0,0,1,0,0,1,2,8,2,1,0,1,0,1,0,0,0,0,0,0,0,0
2974,2974.png,visMost44.png,data/vis1/visMost44.png,exact,I,58.9,10,457.8777777777778,21.398078833806032,0,0,0,1,1,1,0,0,1,0,1,10,6,4,1,2,1,0,0,0,1,0,0,0,0,0,1,0,0
2975,2975.png,visMost639.png,data/vis1/visMost639.png,exact,I,57.4,10,718.9333333333333,26.812932203198763,0,0,0,1,0,0,0,0,1,0,1,13,0,0,2,2,1,0,0,1,1,0,0,0,0,0,0,0,0
2976,2976.png,v490_n7420_15_f4.png,data/science/v490_n7420_15_f4.png,exact,S,48.3,10,608.6777777777778,24.67139594303042,0,1,1,1,0,0,1,0,0,0,0,2,4,2,5,2,1,0,1,0,0,0,0,1,0,0,0,0,0
2977,2977.png,v485_n7396_18_f1.png,data/science/v485_n7396_18_f1.png,exact,S,74.4,10,450.4888888888889,21.22472352915083,0,1,1,1,1,0,0,0,0,0,0,12,1,1,11,3,1,0,1,0,1,0,0,0,0,0,1,0,0
2978,2978.png,vis787.png,data/vis3/vis787.png,exact,I,47.8,10,550.4,23.46060527778429,0,0,0,1,0,1,0,0,1,0,0,4,5,2,1,4,1,0,0,1,1,1,0,0,0,0,1,0,0
2979,2979.png,v483_n7388_20_f3.png,data/science/v483_n7388_20_f3.png,exact,S,77.8,10,145.2888888888889,12.053584068188552,0,1,1,0,0,0,1,0,0,0,0,8,5,8,14,4,1,0,1,0,1,0,0,0,0,1,1,0,0
2980,2980.png,economist_daily_chart_14.png,data/news/economist_daily_chart_14.png,exact,N,52.4,10,740.7111111111111,27.216008361093497,0,1,1,1,1,1,0,0,0,0,1,6,4,3,4,4,1,0,1,0,0,1,0,0,1,0,1,0,0
2981,2981.png,wsj186.png,data/news/wsj186.png,exact,N,34.2,10,578.4,24.04994802489186,0,1,1,1,1,1,0,0,0,0,1,4,3,1,2,4,1,1,1,0,0,0,0,1,0,0,1,0,0
2982,2982.png,wsj192.png,data/news/wsj192.png,exact,N,34.4,10,424.2666666666667,20.59773450325707,0,0,1,1,0,1,1,1,0,0,1,8,2,1,2,1,1,0,0,0,0,0,0,1,0,0,0,0,0
2983,2983.png,v485_n7398_29_f2.png,data/science/v485_n7398_29_f2.png,exact,S,68.3,10,1239.3444444444444,35.20432422933928,0,0,0,1,1,0,0,0,0,0,0,7,0,1,4,2,1,0,0,0,1,0,0,0,0,0,1,0,0
2984,2984.png,treasuryK03_2.png,data/government/treasuryK03_2.png,exact,G,25.4,10,719.6,26.825361134568162,0,0,1,1,0,1,0,0,0,0,0,2,1,1,1,1,0,0,1,0,0,0,0,0,0,0,0,0,0
2985,2985.png,vis793.png,data/vis3/vis793.png,exact,I,35.2,10,633.0666666666667,25.1608160969923,0,0,0,1,1,1,0,0,1,0,1,4,1,1,2,2,1,0,0,0,1,0,0,0,0,0,1,0,0
2986,2986.png,visMost93.png,data/vis1/visMost93.png,exact,I,66.6,10,551.8222222222222,23.49089658191492,0,0,0,1,1,1,0,0,0,0,0,29,0,5,1,2,0,0,0,1,1,0,0,0,0,0,0,0,0
2987,2987.png,vis963.png,data/vis3/vis963.png,exact,I,45.3,10,628.0111111111111,25.060149862103998,0,0,1,1,1,1,0,0,0,0,1,8,7,7,7,4,1,0,1,1,1,0,0,0,0,0,1,0,0
2988,2988.png,treasuryD09.png,data/government/treasuryD09.png,exact,G,44.3,10,653.7888888888889,25.569295823093935,0,0,0,1,0,1,0,0,1,0,0,3,7,6,1,1,0,0,0,0,0,0,0,0,0,0,1,0,0
2989,2989.png,v488_n7409_4_f7.png,data/science/v488_n7409_4_f7.png,exact,S,38.4,10,804.9333333333334,28.3713470482692,0,1,1,0,0,0,0,0,0,0,0,5,4,1,2,2,1,0,0,0,0,0,0,1,0,1,0,0,0
2990,2990.png,economist_daily_chart_28.png,data/news/economist_daily_chart_28.png,exact,N,21.7,10,480.2333333333333,21.914226733638888,0,1,1,1,0,1,0,0,0,0,0,3,2,1,1,1,0,0,1,0,0,0,0,0,0,0,0,0,0
2991,2991.png,v490_n7420_2_f5.png,data/science/v490_n7420_2_f5.png,exact,S,72.4,10,452.26666666666665,21.26656217320201,0,1,1,1,1,1,0,0,0,0,0,8,1,3,4,3,1,0,1,0,1,0,0,0,0,0,1,0,0
2992,2992.png,visMost188.png,data/vis1/visMost188.png,exact,I,50.0,10,731.7777777777778,27.05139142036464,0,0,0,1,1,1,0,0,1,0,1,18,3,7,4,3,1,0,1,0,1,0,0,0,0,0,1,0,0
2993,2993.png,whoQ44_5.png,data/government/whoQ44_5.png,exact,G,20.4,10,562.0444444444445,23.707476551595374,0,1,1,1,0,0,1,0,0,0,0,1,2,0,1,1,0,0,0,0,0,0,0,1,0,0,0,0,0
2994,2994.png,v485_n7398_5_f3.png,data/science/v485_n7398_5_f3.png,exact,S,70.7,10,320.0111111111111,17.888854382299364,0,1,1,1,0,0,1,0,0,0,0,10,4,4,6,2,1,0,1,0,1,0,0,0,0,0,0,0,0
2995,2995.png,treasuryL08_1.png,data/government/treasuryL08_1.png,exact,G,25.300000000000004,10,923.5666666666668,30.39023966122457,0,0,0,0,0,1,0,0,1,0,0,1,3,1,1,1,0,0,0,0,0,0,0,0,0,0,1,0,0
2996,2996.png,v488_n7409_20_f1.png,data/science/v488_n7409_20_f1.png,exact,S,81.9,10,51.65555555555555,7.187179944564875,0,1,1,1,0,0,1,0,0,0,0,7,2,10,8,4,1,0,1,0,1,0,1,0,0,0,1,0,0
2997,2997.png,visMost87.png,data/vis1/visMost87.png,exact,I,40.8,10,729.0666666666666,27.001234539677377,0,1,1,1,1,1,0,0,0,0,1,3,5,4,2,3,1,0,1,1,0,0,0,0,0,0,1,0,0
2998,2998.png,v483_n7387_17_f2.png,data/science/v483_n7387_17_f2.png,exact,S,72.4,10,413.15555555555557,20.326228266836804,0,1,1,1,0,0,0,0,0,1,0,0,1,12,6,2,1,0,0,0,0,0,1,0,0,0,1,0,0
2999,2999.png,vis977.png,data/vis3/vis977.png,exact,I,59.0,10,801.3333333333334,28.307831660749528,0,1,1,1,0,0,0,0,0,0,1,20,4,6,5,4,1,1,1,0,0,0,0,0,0,1,1,0,0
3000,3000.png,vis630.png,data/vis3/vis630.png,exact,I,28.8,10,537.7333333333333,23.189077888810786,0,0,0,0,1,1,0,0,0,0,0,4,1,0,2,3,0,1,1,1,0,0,0,0,0,0,0,0,0
3001,3001.png,whoJ26.png,data/government/whoJ26.png,exact,G,50.1,10,528.7666666666667,22.994926976763086,0,1,1,1,0,1,1,1,0,0,0,8,4,3,4,3,1,0,1,0,0,0,0,0,1,1,0,0,0
3002,3002.png,visMost765.png,data/vis1/visMost765.png,exact,I,79.8,10,440.17777777777775,20.980414146955674,0,0,1,1,1,1,1,0,0,0,1,10,1,2,1,1,0,0,0,0,1,0,0,0,0,0,0,0,0
3003,3003.png,vis156.png,data/vis2/vis156.png,exact,I,34.4,10,828.4888888888888,28.78348291796684,0,0,1,1,1,1,0,0,0,0,1,7,0,2,1,1,0,0,0,0,1,0,0,0,0,0,0,0,0
3004,3004.png,vis142.png,data/vis2/vis142.png,exact,I,64.9,10,382.5444444444444,19.558743427031413,0,1,1,1,0,1,1,0,0,0,1,9,5,7,10,4,1,1,1,0,0,0,0,0,1,0,1,0,0
3005,3005.png,v485_n7400_10_f4.png,data/science/v485_n7400_10_f4.png,exact,S,38.1,10,766.9888888888889,27.694564248041328,0,1,1,1,0,0,0,0,0,0,0,1,7,0,4,1,1,0,0,0,0,0,0,0,0,1,0,0,0
3006,3006.png,v488_n7413_11_f2.png,data/science/v488_n7413_11_f2.png,exact,S,40.6,10,892.7111111111111,29.878271554946267,0,1,1,1,1,0,0,0,0,0,0,4,3,0,4,1,1,0,0,0,0,0,0,0,0,1,0,0,0
3007,3007.png,np_2.png,data/news/np_2.png,exact,N,21.0,10,674.2222222222222,25.96578945886726,0,0,0,1,0,1,0,0,0,0,1,7,0,0,1,1,0,0,0,0,1,0,0,0,0,0,0,0,0
3008,3008.png,vis624.png,data/vis3/vis624.png,exact,I,40.9,10,589.8777777777777,24.28739956804305,0,0,1,1,1,1,0,0,0,0,1,2,6,4,7,3,1,0,0,1,1,0,0,0,1,0,0,0,0
3009,3009.png,v484_n7393_19_f3.png,data/science/v484_n7393_19_f3.png,exact,S,51.5,10,885.1666666666666,29.751750648771353,0,1,1,1,0,0,0,0,0,1,0,0,2,2,3,3,1,0,0,0,1,1,1,0,0,0,0,0,0
3010,3010.png,whoJ32.png,data/government/whoJ32.png,exact,G,29.2,10,573.9555555555555,23.957369545831938,0,1,1,1,0,1,0,0,0,0,0,3,1,1,1,1,0,0,1,0,0,0,0,0,0,0,0,0,0
3011,3011.png,visMost771.png,data/vis1/visMost771.png,exact,I,56.1,10,672.5444444444445,25.933461867719174,0,0,0,1,1,1,0,0,0,0,1,7,5,1,1,1,1,0,0,0,1,0,0,0,0,0,0,0,0
3012,3012.png,visMost759.png,data/vis1/visMost759.png,exact,I,55.3,10,850.9,29.17019026334933,0,0,0,1,1,1,0,0,0,0,1,13,10,5,7,2,1,0,0,0,1,0,0,0,0,0,1,0,0
3013,3013.png,v487_n7407_3_f5.png,data/science/v487_n7407_3_f5.png,exact,S,17.1,10,422.9888888888889,20.566693679074643,0,1,1,0,0,0,0,0,0,1,0,0,4,1,1,1,0,0,0,0,0,0,0,0,0,0,1,0,0
3014,3014.png,v487_n7406_21_f3.png,data/science/v487_n7406_21_f3.png,exact,S,58.2,10,505.73333333333335,22.488515587591223,0,1,1,1,0,0,1,0,0,1,0,0,6,2,9,3,1,1,1,0,0,0,0,1,0,0,0,0,0
3015,3015.png,whoH12_1.png,data/government/whoH12_1.png,exact,G,37.5,10,882.5,29.706901555025897,0,1,1,1,1,0,1,0,0,0,0,6,3,1,1,1,1,0,0,0,0,0,0,0,0,1,0,0,0
3016,3016.png,v490_n7420_17_f1.png,data/science/v490_n7420_17_f1.png,exact,S,79.3,10,206.45555555555555,14.368561359981575,0,1,1,1,1,0,1,0,0,0,0,6,8,4,20,4,1,1,1,0,0,0,0,1,0,1,0,0,0
3017,3017.png,treasuryL14.png,data/government/treasuryL14.png,exact,G,24.6,10,767.8222222222222,27.709605233965753,0,1,1,1,0,0,0,0,1,0,0,1,1,1,1,1,0,0,0,0,0,0,0,0,0,0,1,0,0
3018,3018.png,vis618.png,data/vis3/vis618.png,exact,I,32.4,10,533.3777777777777,23.09497299798763,0,0,0,1,1,0,1,1,0,0,0,3,1,2,1,1,0,0,0,0,0,0,0,0,1,0,0,0,0
3019,3019.png,v487_n7406_3_f5.png,data/science/v487_n7406_3_f5.png,exact,S,65.3,10,934.6777777777777,30.57250035207748,0,0,0,0,1,0,0,0,0,0,0,5,0,0,1,1,1,0,0,0,1,0,0,0,0,0,0,0,0
3020,3020.png,economist_daily_chart_164.png,data/news/economist_daily_chart_164.png,exact,N,27.3,10,441.78888888888895,21.018774676200536,0,0,1,1,1,0,0,0,0,0,0,1,3,1,2,2,1,0,0,0,0,0,0,0,1,0,1,0,0
3021,3021.png,v485_n7398_9_f3.png,data/science/v485_n7398_9_f3.png,exact,S,48.4,10,811.3777777777777,28.484693745550043,0,1,1,1,1,0,1,0,0,0,0,8,5,1,3,3,1,0,0,0,0,0,1,1,0,1,0,0,0
3022,3022.png,vis195.png,data/vis2/vis195.png,exact,I,53.2,10,766.4,27.683930356797244,0,1,1,1,1,1,0,0,0,0,1,10,6,5,7,5,1,0,1,0,1,1,0,0,0,0,1,1,0
3023,3023.png,v485_n7399_9_f3.png,data/science/v485_n7399_9_f3.png,exact,S,58.9,10,835.2111111111111,28.90001922336923,0,0,0,1,1,0,0,0,0,0,0,5,0,0,5,2,1,1,0,1,0,0,0,0,0,0,0,0,0
3024,3024.png,vis181.png,data/vis2/vis181.png,exact,I,51.4,10,765.3777777777779,27.66546182115487,0,0,0,1,1,1,0,0,0,0,1,12,13,7,1,1,1,0,0,0,1,0,0,0,0,0,0,0,0
3025,3025.png,economist_daily_chart_170.png,data/news/economist_daily_chart_170.png,exact,N,35.1,10,813.4333333333333,28.520752678239987,0,1,1,0,0,1,1,0,0,0,0,6,1,2,1,1,0,0,1,0,0,0,0,0,0,0,0,0,0
3026,3026.png,v487_n7405_10_f3.png,data/science/v487_n7405_10_f3.png,exact,S,42.8,10,831.2888888888889,28.83208089765442,0,1,1,1,0,0,1,0,0,0,0,8,6,0,3,3,1,0,0,0,1,0,0,1,0,1,0,0,0
3027,3027.png,vis817.png,data/vis3/vis817.png,exact,I,37.2,10,663.7333333333333,25.763022596996134,0,0,0,1,1,1,0,0,0,0,1,9,5,2,5,2,1,0,0,0,1,0,0,0,0,0,1,0,0
3028,3028.png,economist_daily_chart_158.png,data/news/economist_daily_chart_158.png,exact,N,35.4,10,444.7111111111111,21.088174674710732,0,1,1,1,1,1,1,0,0,0,1,5,5,1,2,2,1,0,1,0,0,0,0,1,0,0,0,0,0
3029,3029.png,v489_n7416_9_f1.png,data/science/v489_n7416_9_f1.png,exact,S,58.7,10,784.0111111111111,28.000198411995424,0,1,1,1,0,0,1,0,0,0,0,11,4,0,2,2,1,0,0,0,1,0,0,0,0,1,0,0,0
3030,3030.png,v485_n7398_25_f2.png,data/science/v485_n7398_25_f2.png,exact,S,74.8,10,345.2888888888889,18.581950621204676,0,1,1,1,0,0,1,0,0,0,0,8,2,8,13,4,1,0,1,0,1,1,0,1,0,0,0,0,0
3031,3031.png,v488_n7410_20_f2.png,data/science/v488_n7410_20_f2.png,exact,S,76.9,10,322.32222222222225,17.953334571110243,0,1,1,1,1,0,1,0,0,0,0,8,4,2,11,2,1,0,1,0,1,0,0,0,0,0,0,0,0
3032,3032.png,v488_n7409_6_f2.png,data/science/v488_n7409_6_f2.png,exact,S,51.8,10,678.4,26.04611295375953,0,1,1,1,0,0,1,1,0,0,0,9,5,0,3,2,1,0,0,0,0,1,0,1,0,0,0,0,0
3033,3033.png,v489_n7417_9_f1.png,data/science/v489_n7417_9_f1.png,exact,S,75.1,10,191.65555555555557,13.843971812870596,0,1,1,1,1,0,1,0,0,0,0,10,3,4,7,3,1,0,0,0,1,0,0,1,0,1,0,0,0
3034,3034.png,whoK13_1.png,data/government/whoK13_1.png,exact,G,33.5,10,888.9444444444445,29.81517138043054,0,1,1,1,1,1,0,0,0,0,0,2,2,2,1,1,0,0,1,0,0,0,0,0,0,0,0,0,0
3035,3035.png,v488_n7409_22_f4.png,data/science/v488_n7409_22_f4.png,exact,S,74.0,10,298.6666666666667,17.281975195754296,0,1,1,1,0,0,1,1,0,0,0,14,8,5,10,4,1,0,1,0,0,1,1,1,0,0,0,0,0
3036,3036.png,v485_n7396_14_f1.png,data/science/v485_n7396_14_f1.png,exact,S,54.4,10,885.3777777777777,29.755298314380546,0,0,0,1,1,0,0,0,0,0,0,9,0,1,2,1,1,0,0,0,1,0,0,0,0,0,0,0,0
3037,3037.png,vis803.png,data/vis3/vis803.png,exact,I,61.4,10,572.4888888888889,23.92674003889558,0,1,1,1,1,1,0,0,0,0,1,8,8,6,11,5,1,1,1,1,1,0,0,0,0,0,1,0,0
3038,3038.png,whoQ42_3.png,data/government/whoQ42_3.png,exact,G,26.2,10,909.9555555555555,30.16546958950839,0,1,1,1,0,0,1,0,0,0,0,2,2,1,1,1,1,1,0,0,0,0,0,0,0,0,0,0,0
3039,3039.png,vis354.png,data/vis2/vis354.png,exact,I,51.0,10,767.3333333333334,27.700782179088975,0,0,1,1,1,1,0,0,0,0,1,9,8,5,7,5,1,0,1,1,1,1,0,0,0,0,1,0,0
3040,3040.png,visMost201.png,data/vis1/visMost201.png,exact,I,52.2,10,614.6222222222223,24.791575630084957,0,1,1,1,1,1,0,0,0,0,1,7,6,4,7,3,1,0,0,0,1,0,0,0,1,0,1,0,0
3041,3041.png,wsj233.png,data/news/wsj233.png,exact,N,24.4,10,791.1555555555555,28.127487544314288,0,0,1,1,0,1,0,0,0,0,1,11,1,2,1,1,0,0,0,0,0,0,0,0,0,0,1,0,0
3042,3042.png,wsj555.png,data/news/wsj555.png,exact,N,34.9,10,660.5444444444445,25.70105920860937,0,0,1,1,0,1,0,0,0,0,1,3,4,0,3,2,1,1,1,0,0,0,0,0,0,0,0,0,0
3043,3043.png,visMost567.png,data/vis1/visMost567.png,exact,I,60.3,10,704.4555555555555,26.541581632516845,0,0,1,1,1,1,0,0,0,0,1,14,1,3,8,3,0,0,0,0,1,0,0,0,1,0,1,0,0
3044,3044.png,vis432.png,data/vis2/vis432.png,exact,I,64.2,10,746.6222222222223,27.324388780395843,0,0,1,1,1,1,0,0,0,0,1,9,1,6,5,2,1,0,0,0,1,0,0,0,0,0,1,0,0
3045,3045.png,visMost573.png,data/vis1/visMost573.png,exact,I,67.7,10,485.56666666666666,22.0355772937009,0,0,0,1,1,1,1,1,0,0,1,7,0,3,1,3,0,1,0,1,0,0,0,0,1,0,0,0,0
3046,3046.png,v490_n7419_1_f12.png,data/science/v490_n7419_1_f12.png,exact,S,44.6,10,666.4888888888889,25.816446093312088,0,0,0,0,1,0,0,0,0,1,0,0,3,1,1,1,1,0,0,0,1,0,0,0,0,0,0,0,0
3047,3047.png,vis426.png,data/vis2/vis426.png,exact,I,52.9,10,795.8777777777777,28.211305850275306,0,0,1,1,1,1,0,0,0,0,1,7,4,3,5,2,0,0,0,0,1,0,0,0,0,0,1,0,0
3048,3048.png,wsj541.png,data/news/wsj541.png,exact,N,43.9,10,332.76666666666665,18.24189317660496,0,1,1,1,1,1,0,0,0,0,1,4,4,0,2,1,1,0,0,0,0,0,0,1,0,0,0,0,0
3049,3049.png,v484_n7392_7_f1.png,data/science/v484_n7392_7_f1.png,exact,S,61.8,10,775.5111111111112,27.84800012767723,0,1,1,1,1,0,0,0,0,1,0,0,5,1,3,3,1,1,0,0,0,1,0,0,0,1,0,0,0
3050,3050.png,wsj227.png,data/news/wsj227.png,exact,N,41.2,10,285.9555555555555,16.91022044668713,0,0,1,1,1,1,0,0,0,0,1,3,2,0,2,1,1,0,0,0,0,0,0,1,0,0,0,0,0
3051,3051.png,vis340.png,data/vis2/vis340.png,exact,I,62.2,10,1029.9555555555555,32.0929206454563,0,0,0,1,1,1,1,0,0,0,1,4,4,4,5,2,1,0,0,1,1,0,0,0,0,0,0,0,0
3052,3052.png,treasuryI04_1.png,data/government/treasuryI04_1.png,exact,G,55.5,10,367.8333333333333,19.17898155099309,0,1,1,1,1,1,1,0,0,1,1,0,2,1,1,1,0,0,1,0,0,0,0,0,0,0,0,0,0
3053,3053.png,visMost215.png,data/vis1/visMost215.png,exact,I,44.9,10,1601.2111111111112,40.01513602514817,0,0,0,1,1,0,0,0,0,0,1,8,0,1,1,1,0,0,0,0,0,0,0,0,1,0,0,0,0
3054,3054.png,vis368.png,data/vis2/vis368.png,exact,I,51.5,10,991.1666666666666,31.482799536678225,0,0,1,1,1,1,0,0,0,0,1,8,5,4,11,4,1,1,0,1,1,0,1,0,0,0,0,0,0
3055,3055.png,wsj23.png,data/news/wsj23.png,exact,N,43.4,10,368.26666666666665,19.19027531503044,0,0,1,1,1,1,0,0,0,0,1,5,2,0,6,1,1,0,1,0,0,0,0,0,0,0,0,0,0
3056,3056.png,whoH18.png,data/government/whoH18.png,exact,G,14.6,10,87.82222222222222,9.371351141762975,0,1,1,1,0,0,1,0,0,0,1,5,2,1,1,1,1,0,1,0,0,0,0,0,0,0,0,0,0
3057,3057.png,whoB08_1.png,data/government/whoB08_1.png,exact,G,4.2,10,45.51111111111111,6.7461923416925424,0,0,1,1,1,1,0,0,0,0,1,4,1,1,1,1,0,0,0,1,0,0,0,0,0,0,0,0,0
3058,3058.png,v483_n7390_10_f3.png,data/science/v483_n7390_10_f3.png,exact,S,70.0,10,522.8888888888889,22.866763848189994,0,1,1,1,0,0,0,0,0,1,0,0,4,1,5,2,1,0,0,0,1,0,0,1,0,0,0,0,0
3059,3059.png,wsj569.png,data/news/wsj569.png,exact,N,19.9,10,227.87777777777777,15.095621145808401,0,1,1,1,1,1,0,0,0,0,1,3,3,1,1,1,0,0,0,0,0,0,0,1,0,0,0,0,0
3060,3060.png,economist_daily_chart_399.png,data/news/economist_daily_chart_399.png,exact,N,34.3,10,667.7888888888889,25.841611576851953,0,1,1,1,1,1,0,0,0,0,1,3,2,0,1,2,0,0,1,0,0,0,0,1,0,0,0,0,0
3061,3061.png,v489_n7414_1_f10.png,data/science/v489_n7414_1_f10.png,exact,S,63.2,10,894.1777777777778,29.90280551683701,0,1,1,0,1,0,1,0,0,1,1,7,3,5,4,5,1,1,1,0,0,1,0,0,0,1,1,0,0
3062,3062.png,v484_n7393_9_f4.png,data/science/v484_n7393_9_f4.png,exact,S,67.9,10,302.32222222222225,17.387415628040362,0,1,1,1,0,1,1,0,0,1,0,0,5,2,4,3,1,0,0,0,0,1,0,1,1,0,0,0,0
3063,3063.png,wsj37.png,data/news/wsj37.png,exact,N,62.4,10,606.7111111111111,24.63150647262792,0,1,1,1,1,1,0,0,0,0,1,4,6,2,5,2,1,0,1,0,0,0,0,1,0,0,0,0,0
3064,3064.png,whoH10_3.png,data/government/whoH10_3.png,exact,G,26.2,10,552.8444444444444,23.512644352442464,0,1,1,1,1,0,0,0,0,1,0,0,1,1,1,1,1,0,1,0,0,0,0,0,0,0,0,0,0
3065,3065.png,whoQ18_4.png,data/government/whoQ18_4.png,exact,G,23.2,10,725.5111111111111,26.935313458564224,0,1,1,1,0,1,1,0,0,1,0,0,2,1,1,1,0,0,0,0,0,0,0,1,0,0,0,0,0
3066,3066.png,v483_n7391_18_f4.png,data/science/v483_n7391_18_f4.png,exact,S,67.2,10,553.5111111111112,23.52681685037547,0,1,1,1,1,0,1,0,0,0,1,8,5,2,4,2,1,0,0,0,1,0,0,0,0,1,0,0,0
3067,3067.png,v488_n7410_16_f3.png,data/science/v488_n7410_16_f3.png,exact,S,43.2,10,732.1777777777778,27.058783745352965,0,1,1,1,0,0,0,0,0,1,0,0,3,1,4,2,1,0,1,0,0,0,0,1,0,0,0,0,0
3068,3068.png,economist_daily_chart_400.png,data/news/economist_daily_chart_400.png,exact,N,28.7,10,954.0111111111111,30.887070290189566,1,0,0,0,0,0,0,0,0,0,1,4,0,0,1,1,1,0,0,0,0,0,0,1,0,0,0,0,0
3069,3069.png,v488_n7410_1_f4.png,data/science/v488_n7410_1_f4.png,exact,S,53.2,10,717.9555555555555,26.794692675146614,0,1,1,1,0,0,1,0,0,1,0,0,3,1,3,2,1,0,0,0,0,0,1,1,0,0,0,0,0
3070,3070.png,whoN04_2.png,data/government/whoN04_2.png,exact,G,17.2,10,125.28888888888889,11.193251935380035,0,1,1,1,0,1,0,0,1,0,1,5,1,2,1,1,0,0,0,0,0,0,0,0,0,0,1,0,0
3071,3071.png,vis397.png,data/vis2/vis397.png,exact,I,47.2,10,512.1777777777778,22.631345028030875,0,0,1,1,1,1,0,0,0,0,1,4,2,5,5,1,1,0,0,0,1,0,0,0,0,0,0,0,0
3072,3072.png,v484_n7395_15_f4.png,data/science/v484_n7395_15_f4.png,exact,S,83.0,10,202.22222222222223,14.220486005134362,0,0,1,1,1,1,0,0,0,0,1,5,6,5,13,5,1,0,1,1,1,1,0,0,0,1,0,0,0
3073,3073.png,wsj596.png,data/news/wsj596.png,exact,N,54.5,10,509.1666666666667,22.564721728101738,0,1,1,1,1,1,1,0,0,0,1,4,3,3,4,2,1,0,1,1,0,0,0,0,0,0,0,0,0
3074,3074.png,economist_daily_chart_366.png,data/news/economist_daily_chart_366.png,exact,N,10.8,10,133.06666666666666,11.535452599125302,0,1,1,1,0,1,0,0,0,0,1,2,2,1,1,1,0,0,1,0,0,0,0,0,0,0,0,0,0
3075,3075.png,wsj582.png,data/news/wsj582.png,exact,N,42.5,10,622.7222222222222,24.954402862465418,0,0,1,1,1,1,1,0,0,0,1,2,1,2,1,2,1,0,1,0,0,1,0,0,0,0,0,0,0
3076,3076.png,economist_daily_chart_372.png,data/news/economist_daily_chart_372.png,exact,N,35.4,10,996.4888888888887,31.567212244493316,0,1,1,1,1,0,0,0,0,0,1,2,2,1,1,1,0,0,0,0,0,0,0,0,0,1,0,0,0
3077,3077.png,v488_n7411_1_f4.png,data/science/v488_n7411_1_f4.png,exact,S,72.0,10,597.1111111111111,24.43585707748167,0,1,1,1,0,0,1,0,0,0,1,11,4,3,7,3,1,0,1,0,0,0,0,1,0,0,1,0,0
3078,3078.png,vis383.png,data/vis2/vis383.png,exact,I,57.3,10,591.3444444444444,24.31757480598023,0,0,1,1,1,1,1,0,0,1,0,0,15,5,17,4,1,0,1,1,0,1,0,0,1,0,0,0,0
3079,3079.png,economist_daily_chart_414.png,data/news/economist_daily_chart_414.png,exact,N,29.5,10,488.27777777777777,22.097008344519804,0,0,0,0,0,0,1,1,0,0,1,5,1,1,1,1,0,0,0,0,0,0,0,0,1,0,0,0,0
3080,3080.png,v485_n7397_2_f3.png,data/science/v485_n7397_2_f3.png,exact,S,72.1,10,679.4333333333333,26.06594201891298,0,1,1,0,1,0,0,0,0,0,0,5,4,4,4,2,1,0,0,0,0,1,0,1,0,0,0,0,0
3081,3081.png,whoQ23_2.png,data/government/whoQ23_2.png,exact,G,21.0,10,215.55555555555554,14.681810363696826,0,1,1,1,0,0,0,0,0,0,1,3,2,0,1,1,0,0,0,0,0,0,0,0,0,1,0,0,0
3082,3082.png,v485_n7400_1_f3.png,data/science/v485_n7400_1_f3.png,exact,S,82.8,10,92.62222222222222,9.624043964063247,0,1,1,1,1,1,0,0,0,1,0,0,4,4,17,3,1,0,0,0,1,1,0,0,0,0,1,0,0
3083,3083.png,v488_n7412_21_f1.png,data/science/v488_n7412_21_f1.png,exact,S,75.4,10,722.7111111111111,26.883286836082956,0,1,1,1,1,0,1,0,0,0,1,8,2,6,9,5,1,0,1,0,0,1,0,1,1,0,1,0,0
3084,3084.png,v490_n7419_13_f4.png,data/science/v490_n7419_13_f4.png,exact,S,40.9,10,561.8777777777777,23.703961225452968,0,1,1,1,1,0,0,0,0,0,1,2,3,0,3,1,1,0,0,0,0,0,0,1,0,0,0,0,0
3085,3085.png,whoF03.png,data/government/whoF03.png,exact,G,23.5,10,260.72222222222223,16.146895126377153,0,1,1,1,0,1,1,0,0,1,0,0,2,1,1,1,1,0,1,0,0,0,0,0,0,0,0,0,0
3086,3086.png,visMost598.png,data/vis1/visMost598.png,exact,I,39.7,10,653.7888888888889,25.569295823093935,0,1,1,1,1,1,0,0,0,0,1,4,3,3,7,3,1,1,0,1,0,1,0,0,0,0,0,0,0
3087,3087.png,v489_n7415_15_f4.png,data/science/v489_n7415_15_f4.png,exact,S,79.0,10,919.3333333333334,30.32051011004487,0,1,1,1,0,0,1,0,0,1,0,0,8,3,12,4,1,0,1,0,0,0,1,1,0,1,0,0,0
3088,3088.png,whoF17.png,data/government/whoF17.png,exact,G,45.0,10,672.6666666666666,25.93581821856921,0,1,1,1,0,1,1,0,0,0,1,8,1,2,1,1,1,0,1,0,0,0,0,0,0,0,0,0,0
3089,3089.png,whoQ26.png,data/government/whoQ26.png,exact,G,24.0,10,520.8888888888889,22.82299035816492,0,0,0,1,1,1,1,0,0,0,1,2,0,2,1,2,0,0,0,0,0,0,0,0,1,1,0,0,0
3090,3090.png,economist_daily_chart_428.png,data/news/economist_daily_chart_428.png,exact,N,41.1,10,609.6555555555556,24.69120401186535,0,1,1,1,1,1,0,0,0,0,1,4,2,1,1,1,0,0,0,0,0,0,0,1,0,0,0,0,0
3091,3091.png,whoQ27.png,data/government/whoQ27.png,exact,G,17.1,10,470.5444444444444,21.69203642917014,0,0,0,1,1,1,0,0,0,0,1,2,0,1,1,1,0,0,1,0,0,0,0,0,0,0,0,0,0
3092,3092.png,whoF16.png,data/government/whoF16.png,exact,G,21.4,10,368.7111111111111,19.201851762554337,0,1,1,1,0,1,1,0,0,0,0,2,1,2,1,1,1,0,1,0,0,0,0,0,0,0,0,0,0
3093,3093.png,economist_daily_chart_429.png,data/news/economist_daily_chart_429.png,exact,N,22.4,10,100.4888888888889,10.024414640710393,0,1,1,1,1,1,0,0,0,0,1,3,2,1,1,1,0,0,1,0,0,0,0,0,0,0,0,0,0
3094,3094.png,v485_n7400_1_f2.png,data/science/v485_n7400_1_f2.png,exact,S,78.6,10,651.8222222222222,25.53080927472183,0,1,1,1,1,0,1,0,0,1,0,0,2,6,34,5,1,1,1,0,1,1,1,0,0,0,0,0,0
3095,3095.png,whoQ23_3.png,data/government/whoQ23_3.png,exact,G,16.2,10,574.6222222222221,23.97127911109923,0,1,1,1,0,0,0,0,0,0,1,2,2,0,1,1,0,0,0,0,0,0,0,0,0,1,0,0,0
3096,3096.png,whoF02.png,data/government/whoF02.png,exact,G,14.7,10,486.8999999999999,22.065810658119947,0,1,1,1,0,1,0,0,0,0,1,3,3,0,1,1,1,0,0,1,0,0,0,0,0,0,0,0,0
3097,3097.png,visMost599.png,data/vis1/visMost599.png,exact,I,93.2,10,80.84444444444445,8.991353871606014,0,0,1,1,1,1,0,0,0,0,1,9,0,0,1,1,0,0,0,0,0,0,0,0,0,0,0,0,1
3098,3098.png,v490_n7420_21_f1.png,data/science/v490_n7420_21_f1.png,exact,S,74.3,10,834.4555555555555,28.886944379002006,0,1,1,0,1,0,0,0,0,0,0,6,5,4,12,5,1,0,1,0,0,1,0,1,0,1,0,1,0
3099,3099.png,whoQ33.png,data/government/whoQ33.png,exact,G,23.8,10,660.4000000000001,25.69824896758532,0,1,1,1,0,0,1,0,0,0,1,3,3,1,2,1,1,0,1,0,0,0,0,0,0,0,0,0,0
3100,3100.png,whoC31_1.png,data/government/whoC31_1.png,exact,G,24.5,10,958.0555555555555,30.95247252733706,0,1,1,1,0,1,0,0,1,0,1,3,2,1,1,1,1,0,0,0,0,0,0,0,0,0,1,0,0
3101,3101.png,economist_daily_chart_373.png,data/news/economist_daily_chart_373.png,exact,N,36.8,10,449.5111111111111,21.201677082511917,0,0,1,1,0,1,1,0,0,0,1,6,1,2,1,1,0,0,1,0,0,0,0,0,0,0,0,0,0
3102,3102.png,wsj583.png,data/news/wsj583.png,exact,N,27.0,10,837.7777777777778,28.944391128123215,0,0,1,1,1,1,0,0,0,0,1,3,2,1,1,1,0,0,0,0,0,0,0,1,0,0,0,0,0
3103,3103.png,economist_daily_chart_103.png,data/news/economist_daily_chart_103 (1).png,documented_alias,N,29.8,10,328.40000000000003,18.121810064118872,0,0,1,1,1,1,1,0,0,1,0,0,2,1,1,1,0,0,1,0,0,0,0,0,0,0,0,0,0
3104,3104.png,v485_n7397_2_f2.png,data/science/v485_n7397_2_f2.png,exact,S,74.2,10,512.4,22.63625410707346,0,1,1,1,1,0,1,0,0,1,0,0,7,4,7,5,1,1,1,1,0,1,0,1,0,0,0,0,0
3105,3105.png,economist_daily_chart_415.png,data/news/economist_daily_chart_415.png,exact,N,19.7,10,592.4555555555555,24.34040992989961,0,1,1,1,0,1,1,0,0,0,1,4,2,1,1,1,0,0,0,0,0,0,0,1,0,0,0,0,0
3106,3106.png,vis382.png,data/vis2/vis382.png,exact,I,39.8,10,470.6222222222222,21.693829127708696,0,1,1,1,1,1,0,0,0,0,1,3,7,6,7,3,1,0,1,0,0,0,0,0,0,1,1,0,0
3107,3107.png,vis396.png,data/vis2/vis396.png,exact,I,40.6,10,857.3777777777777,29.281013947228292,0,0,1,1,1,1,0,0,0,0,1,2,1,2,1,1,0,0,1,0,0,0,0,0,0,0,0,0,0
3108,3108.png,economist_daily_chart_113.png,data/news/economist_daily_chart_113 (1).png,documented_alias,N,37.9,10,559.2111111111111,23.6476449379449,0,1,1,1,1,1,1,0,0,0,1,4,3,3,2,2,1,0,1,0,0,0,0,1,0,0,0,0,0
3109,3109.png,economist_daily_chart_401.png,data/news/economist_daily_chart_401.png,exact,N,27.5,10,508.72222222222223,22.554871363459874,0,0,1,1,0,1,1,0,0,0,1,3,2,1,1,1,0,0,1,0,0,0,0,0,0,0,0,0,0
3110,3110.png,economist_daily_chart_367.png,data/news/economist_daily_chart_367.png,exact,N,34.8,10,444.40000000000003,21.080796948882174,0,0,1,1,0,1,1,1,0,0,1,5,1,2,1,1,0,0,1,0,0,0,0,0,0,0,0,0,0
3111,3111.png,wsj597.png,data/news/wsj597.png,exact,N,38.5,10,463.3888888888889,21.52646949429676,0,0,1,1,1,1,1,0,0,0,1,5,2,1,2,1,1,0,0,0,0,0,0,1,0,0,0,0,0
3112,3112.png,v484_n7394_3_f1.png,data/science/v484_n7394_3_f1.png,exact,S,83.0,10,242.66666666666666,15.57776192739723,0,1,1,1,1,0,0,0,0,0,1,7,1,3,5,2,1,0,1,0,1,0,0,0,0,0,0,0,0
3113,3113.png,v488_n7410_16_f2.png,data/science/v488_n7410_16_f2.png,exact,S,78.9,10,650.5444444444445,25.50577276705108,0,1,1,1,0,0,0,0,0,1,0,0,3,0,11,4,1,0,1,0,0,1,0,1,0,1,0,0,0
3114,3114.png,v485_n7398_13_f2.png,data/science/v485_n7398_13_f2.png,exact,S,55.8,10,894.6222222222223,29.910236077674515,0,1,1,1,1,0,0,0,0,0,1,4,2,1,3,1,1,0,0,0,0,0,0,1,0,0,0,0,0
3115,3115.png,whoH10_2.png,data/government/whoH10_2.png,exact,G,21.1,10,333.2111111111111,18.254071083216235,0,1,1,1,0,0,1,0,0,1,0,0,3,0,1,1,1,0,0,0,0,0,0,0,0,1,0,0,0
3116,3116.png,wsj36.png,data/news/wsj36.png,exact,N,28.9,10,667.6555555555556,25.83903162960167,0,0,0,1,1,1,0,0,0,0,1,3,1,2,1,1,1,0,0,0,1,0,0,0,0,0,0,0,0
3117,3117.png,visMost228.png,data/vis1/visMost228.png,exact,I,75.4,10,682.4888888888889,26.12448829908232,0,1,1,1,1,1,1,0,0,0,1,8,5,7,6,2,1,0,0,0,1,0,0,0,0,0,1,0,0
3118,3118.png,wsj22.png,data/news/wsj22.png,exact,N,39.6,10,556.9333333333333,23.59943502148586,0,0,1,1,1,1,0,0,0,0,1,6,1,1,1,2,0,0,1,0,0,1,0,0,0,0,0,0,0
3119,3119.png,treasuryL11_1.png,data/government/treasuryL11_1.png,exact,G,15.1,10,445.21111111111105,21.100026329630754,0,1,1,1,0,0,0,0,1,1,0,0,3,1,1,1,0,0,0,0,0,0,0,0,0,0,1,0,0
3120,3120.png,vis369.png,data/vis2/vis369.png,exact,I,51.7,10,437.1222222222222,20.907468096884,0,1,1,1,1,1,0,0,0,0,1,6,6,8,9,7,1,1,1,1,1,1,0,0,1,1,0,0,0
3121,3121.png,v485_n7396_22_f1.png,data/science/v485_n7396_22_f1.png,exact,S,71.2,10,612.6222222222221,24.751206480133895,0,1,1,1,1,0,1,0,0,1,0,0,5,7,6,4,1,0,1,0,1,1,0,0,0,0,1,0,0
3122,3122.png,economist_daily_chart_398.png,data/news/economist_daily_chart_398.png,exact,N,24.1,10,791.4333333333334,28.132424945840224,0,1,1,1,1,0,0,0,0,1,0,0,2,1,1,1,0,0,1,0,0,0,0,0,0,0,0,0,0
3123,3123.png,v488_n7409_14_f4.png,data/science/v488_n7409_14_f4.png,exact,S,67.3,10,700.2333333333333,26.461922328760117,0,0,0,1,0,0,0,0,0,0,1,7,0,1,8,1,1,0,0,0,1,0,0,0,0,0,0,0,0
3124,3124.png,wsj568.png,data/news/wsj568.png,exact,N,31.0,10,623.1111111111111,24.96219363579874,0,0,0,1,1,1,1,0,0,0,1,4,1,2,1,1,0,0,0,0,0,0,0,0,1,0,0,0,0
3125,3125.png,v483_n7390_10_f2.png,data/science/v483_n7390_10_f2.png,exact,S,63.0,10,952.2222222222222,30.858098162754978,0,1,1,1,1,0,0,0,0,0,1,3,2,0,2,1,0,0,0,0,1,0,0,0,0,0,0,0,0
3126,3126.png,whoH19.png,data/government/whoH19.png,exact,G,5.7,10,38.455555555555556,6.2012543533994435,0,1,1,1,1,0,0,0,0,0,1,4,2,0,1,1,1,0,1,0,0,0,0,0,0,0,0,0,0
3127,3127.png,wsj540.png,data/news/wsj540.png,exact,N,40.7,10,803.3444444444444,28.343331569250015,0,1,1,1,1,1,0,0,0,0,1,4,2,1,1,1,0,0,0,0,0,0,0,0,0,1,0,0,0
3128,3128.png,vis427.png,data/vis2/vis427.png,exact,I,33.8,10,1025.7333333333333,32.02707188197718,0,1,1,1,0,1,0,0,0,0,1,3,2,5,1,2,0,0,0,0,0,0,0,0,0,0,1,1,0
3129,3129.png,v490_n7419_1_f13.png,data/science/v490_n7419_1_f13.png,exact,S,39.0,10,757.3333333333334,27.519689920733725,0,0,0,0,1,0,0,0,0,0,1,3,3,1,1,1,1,0,0,0,1,0,0,0,0,0,0,0,0
3130,3130.png,visMost572.png,data/vis1/visMost572.png,exact,I,47.0,10,813.1111111111111,28.51510321059896,0,0,0,1,1,1,0,0,0,0,1,10,5,5,4,3,0,0,1,0,1,0,0,0,0,0,0,1,0
3131,3131.png,visMost214.png,data/vis1/visMost214.png,exact,I,36.6,10,844.7111111111111,29.063914242770384,0,0,0,1,1,0,1,0,0,0,1,8,0,2,1,1,0,0,0,0,0,0,0,0,0,0,0,0,1
3132,3132.png,vis341.png,data/vis2/vis341.png,exact,I,49.3,10,459.34444444444443,21.4323224230237,0,1,1,1,1,1,0,0,0,0,0,8,1,4,4,2,0,0,0,0,0,1,0,0,0,0,1,0,0
3133,3133.png,wsj226.png,data/news/wsj226.png,exact,N,40.7,10,501.1222222222222,22.385759362197707,0,1,1,1,1,1,0,0,0,0,1,9,3,1,1,1,0,0,1,0,0,0,0,0,0,0,0,0,0
3134,3134.png,wsj232.png,data/news/wsj232.png,exact,N,39.9,10,604.9888888888889,24.596521886008375,0,0,0,1,1,1,0,0,0,0,0,5,1,1,1,1,0,0,0,0,1,0,0,0,0,0,0,0,0
3135,3135.png,visMost200.png,data/vis1/visMost200.png,exact,I,63.0,10,636.6666666666666,25.232254490367417,0,1,1,1,1,1,1,0,0,0,1,6,2,6,1,1,1,0,0,0,1,0,0,0,0,0,0,0,0
3136,3136.png,vis355.png,data/vis2/vis355.png,exact,I,51.6,10,862.4888888888888,29.368161142449637,0,0,1,1,1,1,0,0,0,0,1,4,8,4,10,5,1,0,1,1,0,1,0,0,0,0,1,1,0
3137,3137.png,vis433.png,data/vis2/vis433.png,exact,I,39.4,10,589.8222222222222,24.28625582962969,0,1,1,1,1,1,0,0,0,0,1,8,5,2,6,3,1,1,0,0,1,0,0,0,0,0,0,1,0
3138,3138.png,v487_n7408_6_f1.png,data/science/v487_n7408_6_f1.png,exact,S,66.9,10,494.32222222222225,22.23335832082554,0,1,1,1,1,0,0,0,0,0,1,4,6,1,2,2,1,0,0,0,1,0,0,1,0,0,0,0,0
3139,3139.png,visMost566.png,data/vis1/visMost566.png,exact,I,15.5,10,481.3888888888889,21.940576311685362,0,0,0,1,1,1,0,0,0,0,1,6,0,1,1,1,0,0,0,0,1,0,0,0,0,0,0,0,0
3140,3140.png,wsj554.png,data/news/wsj554.png,exact,N,55.7,10,496.23333333333335,22.276295323355125,0,1,1,1,1,1,1,0,0,0,1,4,4,2,3,2,1,0,1,0,0,0,0,1,0,0,0,0,0
3141,3141.png,v490_n7419_8_f1.png,data/science/v490_n7419_8_f1.png,exact,S,63.1,10,730.7666666666667,27.032696252254723,0,0,0,1,1,0,1,0,0,0,0,6,0,1,5,1,1,0,0,0,1,0,0,0,0,0,0,0,0
3142,3142.png,whoQ42_2.png,data/government/whoQ42_2.png,exact,G,26.8,10,232.84444444444443,15.259241280104474,0,1,1,1,0,0,1,0,0,0,0,3,1,2,1,1,0,0,1,0,0,0,0,0,0,0,0,0,0
3143,3143.png,vis802.png,data/vis3/vis802.png,exact,I,32.0,10,436.22222222222223,20.885933597094056,0,0,1,1,0,1,0,0,0,0,1,3,0,1,3,2,1,0,0,0,0,1,0,0,0,0,1,0,0
3144,3144.png,v485_n7398_25_f3.png,data/science/v485_n7398_25_f3.png,exact,S,72.8,10,561.5111111111112,23.696225672269225,0,1,1,1,1,0,1,0,0,0,0,6,6,6,9,7,1,1,1,0,0,1,0,1,0,1,1,1,0
3145,3145.png,v488_n7410_20_f3.png,data/science/v488_n7410_20_f3.png,exact,S,86.1,10,451.65555555555557,21.252189429693015,0,1,1,1,0,0,1,0,0,0,0,8,4,4,8,2,1,0,1,0,1,0,0,0,0,0,0,0,0
3146,3146.png,v490_n7418_8_f1.png,data/science/v490_n7418_8_f1.png,exact,S,53.0,10,1109.5555555555557,33.30999182761166,0,1,1,1,0,0,0,0,0,0,1,2,2,0,3,2,1,0,0,0,1,0,0,1,0,0,0,0,0
3147,3147.png,economist_daily_chart_159.png,data/news/economist_daily_chart_159.png,exact,N,48.3,10,887.1222222222221,29.784597063284608,0,0,1,1,1,1,1,0,0,0,1,3,3,1,1,1,0,0,0,0,0,0,0,0,0,1,0,0,0
3148,3148.png,vis816.png,data/vis3/vis816.png,exact,I,57.6,10,952.7111111111111,30.866018711701564,0,0,1,1,1,1,1,0,0,0,1,8,7,8,9,6,1,1,1,1,1,1,0,0,1,0,0,0,0
3149,3149.png,v486_n7404_10_f4.png,data/science/v486_n7404_10_f4.png,exact,S,73.7,10,426.0111111111111,20.640036606341354,0,1,1,1,1,0,0,0,0,0,0,6,3,2,5,2,1,0,0,0,0,1,0,1,0,0,0,0,0
3150,3150.png,v488_n7409_6_f3.png,data/science/v488_n7409_6_f3.png,exact,S,46.3,10,552.9,23.513825720201297,0,1,1,1,1,0,0,0,0,0,1,5,3,0,2,1,1,0,0,0,0,0,0,0,0,1,0,0,0
3151,3151.png,vis180.png,data/vis2/vis180.png,exact,I,38.0,10,722.8888888888889,26.88659310676771,0,0,1,0,1,1,0,0,0,0,1,3,3,1,1,1,1,0,0,0,1,0,0,0,0,0,0,0,0
3152,3152.png,v485_n7399_9_f2.png,data/science/v485_n7399_9_f2.png,exact,S,46.5,10,1065.611111111111,32.643699409091354,0,1,1,0,1,0,0,0,0,0,0,2,2,1,1,1,0,0,0,0,0,0,0,0,0,1,0,0,0
3153,3153.png,v487_n7405_10_f2.png,data/science/v487_n7405_10_f2.png,exact,S,66.7,10,574.0111111111111,23.95852898470837,0,1,1,1,0,0,1,0,0,0,1,3,5,0,5,3,1,0,0,0,1,0,0,1,0,1,0,0,0
3154,3154.png,economist_daily_chart_171.png,data/news/economist_daily_chart_171.png,exact,N,26.9,10,396.3222222222222,19.90784323381672,0,1,1,1,0,1,1,0,0,0,0,4,2,1,3,1,1,0,0,0,0,0,0,1,0,0,0,0,0
3155,3155.png,v483_n7391_20_f1.png,data/science/v483_n7391_20_f1.png,exact,S,79.0,10,248.22222222222223,15.755069730795299,0,1,1,1,1,0,1,0,0,0,0,6,4,6,9,3,1,0,0,0,1,1,0,1,0,0,0,0,0
3156,3156.png,v485_n7398_9_f2.png,data/science/v485_n7398_9_f2.png,exact,S,64.0,10,457.55555555555554,21.39054827617926,0,1,0,1,0,0,0,0,0,0,0,11,5,0,4,1,1,0,0,0,1,0,0,0,0,0,0,0,0
3157,3157.png,economist_daily_chart_165.png,data/news/economist_daily_chart_165.png,exact,N,20.8,10,279.9555555555556,16.731872446189506,0,0,1,1,0,1,1,0,0,0,0,2,1,2,1,1,0,0,1,0,0,0,0,0,0,0,0,0,0
3158,3158.png,v485_n7399_23_f1.png,data/science/v485_n7399_23_f1.png,exact,S,80.4,10,137.6,11.730302638892145,0,0,0,1,1,0,0,0,0,0,0,5,0,2,3,1,1,0,0,0,1,0,0,0,0,0,0,0,0
3159,3159.png,whoN06_1.png,data/government/whoN06_1.png,exact,G,12.6,10,449.37777777777774,21.198532443963607,0,1,1,1,0,1,1,0,0,0,0,4,2,1,1,1,0,0,0,0,0,0,0,1,0,0,0,0,0
3160,3160.png,v489_n7417_7_f5.png,data/science/v489_n7417_7_f5.png,exact,S,66.1,10,523.6555555555556,22.883521485024012,0,1,1,1,0,0,1,0,0,0,0,8,4,6,6,1,1,0,0,0,0,0,0,0,0,1,0,0,0
3161,3161.png,vis194.png,data/vis2/vis194.png,exact,I,40.7,10,733.5666666666666,27.084435874994085,0,0,1,1,0,1,0,0,0,0,1,5,1,1,1,1,0,0,0,0,0,0,0,0,0,0,1,0,0
3162,3162.png,v487_n7406_3_f4.png,data/science/v487_n7406_3_f4.png,exact,S,74.1,10,640.5444444444445,25.30897952198872,0,0,0,0,1,0,0,0,0,0,0,10,0,0,2,1,1,0,0,0,1,0,0,0,0,0,0,0,0
3163,3163.png,vis619.png,data/vis3/vis619.png,exact,I,57.0,10,1052.888888888889,32.448249396367885,0,0,1,1,1,1,0,0,0,0,1,7,4,3,1,1,1,0,0,0,0,0,0,0,0,0,1,0,0
3164,3164.png,visMost758.png,data/vis1/visMost758.png,exact,I,56.6,10,988.2666666666667,31.436708903233917,0,0,0,1,1,1,0,0,0,0,1,2,6,4,5,2,0,1,0,0,0,0,0,1,0,0,0,0,0
3165,3165.png,v487_n7406_21_f2.png,data/science/v487_n7406_21_f2.png,exact,S,74.4,10,424.4888888888889,20.603128133584203,0,1,1,0,1,1,1,0,0,1,0,0,9,3,22,4,1,1,1,0,0,1,0,0,0,1,0,0,0
3166,3166.png,v487_n7407_3_f4.png,data/science/v487_n7407_3_f4.png,exact,S,74.2,10,247.2888888888889,15.725421739619224,0,1,1,0,1,1,1,0,0,0,0,7,6,3,6,3,1,0,1,0,0,1,0,1,0,0,0,0,0
3167,3167.png,treasuryL01.png,data/government/treasuryL01.png,exact,G,28.5,10,517.6111111111111,22.751068350983235,0,1,1,1,0,1,0,0,1,0,1,1,6,0,1,1,0,0,0,0,0,0,0,0,0,0,1,0,0
3168,3168.png,np_3.png,data/news/np_3.png,exact,N,48.8,10,991.7333333333333,31.491797873943835,0,1,1,1,1,0,1,0,0,1,0,0,4,8,8,4,1,1,1,1,0,0,0,0,1,0,0,0,0
3169,3169.png,v488_n7413_11_f3.png,data/science/v488_n7413_11_f3.png,exact,S,47.7,10,1369.3444444444444,37.00465436191026,0,1,1,0,1,0,0,0,0,1,0,0,1,1,6,1,1,0,0,0,0,0,0,1,0,0,0,0,0
3170,3170.png,vis143.png,data/vis2/vis143.png,exact,I,58.2,10,733.0666666666667,27.075203908127207,0,0,1,1,1,1,0,0,0,0,1,6,1,6,6,4,1,0,1,0,1,1,0,0,0,0,1,0,0
3171,3171.png,visMost770.png,data/vis1/visMost770.png,exact,I,52.7,10,954.4555555555555,30.894264120635007,0,0,1,1,1,1,0,0,0,0,1,4,8,6,13,4,1,0,1,0,1,1,0,0,0,0,1,0,0
3172,3172.png,whoJ33.png,data/government/whoJ33.png,exact,G,19.0,10,180.22222222222223,13.424687043734846,0,1,1,1,0,1,1,0,0,1,0,0,2,1,1,1,0,0,0,0,0,0,0,1,0,0,0,0,0
3173,3173.png,vis625.png,data/vis3/vis625.png,exact,I,41.5,10,663.8333333333334,25.764963289966733,0,1,1,1,1,1,0,0,0,0,1,6,1,1,1,2,0,0,0,1,0,1,0,0,0,0,0,0,0
3174,3174.png,v484_n7393_19_f2.png,data/science/v484_n7393_19_f2.png,exact,S,78.4,10,309.82222222222225,17.60176758800724,0,1,1,1,1,0,1,0,0,1,0,0,1,6,6,3,1,0,1,0,1,1,0,0,0,0,0,0,0
3175,3175.png,visMost764.png,data/vis1/visMost764.png,exact,I,63.4,10,771.3777777777777,27.77368858790236,0,0,1,1,1,1,0,0,0,0,1,7,6,5,9,3,1,0,1,0,1,0,0,0,0,0,1,0,0
3176,3176.png,vis631.png,data/vis3/vis631.png,exact,I,53.9,10,692.3222222222222,26.31201668862009,0,1,1,1,1,1,1,0,0,0,1,5,3,5,9,3,1,0,1,0,0,0,0,0,1,0,1,0,0
3177,3177.png,vis157.png,data/vis2/vis157.png,exact,I,61.0,10,498.6666666666667,22.3308456325923,0,0,0,1,1,1,0,0,0,0,1,7,9,5,10,3,1,1,0,1,0,1,0,0,0,0,0,0,0
3178,3178.png,v485_n7398_5_f2.png,data/science/v485_n7398_5_f2.png,exact,S,77.2,10,153.73333333333335,12.398924684557663,0,1,1,1,1,0,1,0,0,0,0,8,3,4,16,2,1,0,1,0,1,0,0,0,0,0,0,0,0
3179,3179.png,whoB11_1.png,data/government/whoB11_1.png,exact,G,60.9,10,595.4333333333333,24.40150268596861,0,1,1,0,1,1,1,0,0,1,0,0,2,2,2,1,0,0,1,0,0,0,0,0,0,0,0,0,0
3180,3180.png,vis976.png,data/vis3/vis976.png,exact,I,49.1,10,845.6555555555556,29.080157419717583,0,0,1,1,1,1,0,0,0,0,1,3,3,1,2,3,1,1,0,0,1,0,0,1,0,0,0,0,0
3181,3181.png,v483_n7387_17_f3.png,data/science/v483_n7387_17_f3.png,exact,S,81.4,10,161.6,12.712198865656562,0,1,1,1,1,0,1,0,0,0,0,7,4,8,6,3,1,0,0,0,0,1,0,0,0,1,1,0,0
3182,3182.png,visMost86.png,data/vis1/visMost86.png,exact,I,42.4,10,784.7111111111111,28.01269553454489,0,0,0,1,1,1,0,0,0,0,1,5,0,1,1,1,0,0,0,0,0,0,0,0,0,0,0,0,1
3183,3183.png,v488_n7409_4_f6.png,data/science/v488_n7409_4_f6.png,exact,S,63.3,10,818.4555555555555,28.608662246871237,0,1,1,1,0,0,0,0,0,0,0,4,5,0,2,2,1,0,0,0,0,0,0,1,0,1,0,0,0
3184,3184.png,treasuryD08.png,data/government/treasuryD08.png,exact,G,53.8,10,792.6222222222223,28.15354724048503,0,1,1,1,1,1,0,0,1,0,1,3,2,2,3,1,0,0,0,0,0,0,0,0,0,0,1,0,0
3185,3185.png,vis962.png,data/vis3/vis962.png,exact,I,50.8,10,837.0666666666667,28.932104428587056,0,1,1,1,1,1,0,0,0,0,1,5,9,8,9,5,1,0,1,1,1,1,0,0,0,0,1,0,0
3186,3186.png,visMost92.png,data/vis1/visMost92.png,exact,I,51.4,10,680.7111111111111,26.09044099111993,0,1,1,1,1,1,1,0,0,0,1,4,1,3,1,2,0,0,0,0,0,0,0,1,0,1,0,0,0
3187,3187.png,whoQ44_4.png,data/government/whoQ44_4.png,exact,G,21.8,10,115.28888888888889,10.737266360153729,0,1,1,1,0,0,1,0,0,0,1,8,2,1,1,1,0,1,0,0,0,0,0,0,0,0,0,0,0
3188,3188.png,v490_n7420_2_f4.png,data/science/v490_n7420_2_f4.png,exact,S,76.2,10,700.6222222222221,26.46926939343476,0,1,1,1,0,0,0,0,0,1,0,0,2,4,4,2,1,0,1,0,1,0,0,0,0,0,0,0,0
3189,3189.png,visMost189.png,data/vis1/visMost189.png,exact,I,46.3,10,628.4555555555555,25.069015847367353,0,0,1,1,1,1,0,0,0,0,1,7,10,2,9,6,1,0,1,1,0,0,0,1,1,0,1,1,0
3190,3190.png,economist_daily_chart_29.png,data/news/economist_daily_chart_29.png,exact,N,47.2,10,302.84444444444443,17.402426395317534,0,1,1,1,1,1,1,0,0,0,0,10,3,4,3,3,1,1,1,0,0,0,0,0,1,0,0,0,0
3191,3191.png,v485_n7398_29_f3.png,data/science/v485_n7398_29_f3.png,exact,S,68.3,10,393.56666666666666,19.83851472935075,0,0,1,1,0,1,1,0,0,0,0,12,0,2,5,1,1,0,0,0,1,0,0,0,0,0,0,0,0
3192,3192.png,v490_n7418_4_f1.png,data/science/v490_n7418_4_f1.png,exact,S,89.3,10,133.12222222222223,11.537860383200268,0,0,1,0,0,1,1,0,0,0,0,5,2,6,1,1,0,0,0,0,0,0,1,0,0,0,0,0,0
3193,3193.png,v483_n7391_22_f4.png,data/science/v483_n7391_22_f4.png,exact,S,71.1,10,348.32222222222225,18.663392570007797,0,0,0,0,1,0,0,0,0,0,0,6,7,4,12,3,1,0,1,0,1,1,0,0,0,0,0,0,0
3194,3194.png,wsj193.png,data/news/wsj193.png,exact,N,48.4,10,207.3777777777778,14.400617270720648,0,1,0,1,1,1,0,0,0,0,1,12,0,2,2,1,0,0,0,0,0,0,0,0,1,0,0,0,0
3195,3195.png,vis792.png,data/vis3/vis792.png,exact,I,39.6,10,610.4888888888889,24.70807335445014,0,0,0,1,1,1,0,0,0,0,1,11,12,4,8,2,1,0,0,0,1,1,0,0,0,0,0,0,0
3196,3196.png,treasuryK03_3.png,data/government/treasuryK03_3.png,exact,G,11.0,10,88.88888888888889,9.428090415820634,0,1,1,1,1,1,0,0,0,0,0,4,2,0,1,1,0,0,1,0,0,0,0,0,0,0,0,0,0
3197,3197.png,v483_n7388_20_f2.png,data/science/v483_n7388_20_f2.png,exact,S,80.4,10,602.0444444444445,24.53659398621668,0,1,1,1,1,0,1,0,0,0,0,16,7,9,16,4,1,0,1,0,1,0,0,0,0,1,1,0,0
3198,3198.png,vis786.png,data/vis3/vis786.png,exact,I,46.4,10,1167.8222222222223,34.17341396791111,0,0,1,1,0,1,0,0,0,0,1,3,0,2,1,1,1,0,0,0,1,0,0,0,0,0,0,0,0
3199,3199.png,treasuryJ01_4.png,data/government/treasuryJ01_4.png,exact,G,37.9,10,1060.3222222222223,32.56258930463335,0,0,1,1,1,1,0,0,0,0,0,5,2,1,1,1,0,0,0,0,0,0,0,1,0,0,0,0,0
3200,3200.png,v490_n7419_4_f1.png,data/science/v490_n7419_4_f1.png,exact,S,81.6,10,175.6,13.251415018781957,0,1,1,1,1,0,0,0,0,0,0,13,4,2,26,4,1,0,0,0,1,1,0,1,0,1,0,0,0
3201,3201.png,wsj187.png,data/news/wsj187.png,exact,N,32.1,10,419.43333333333334,20.480071614458122,0,1,1,1,1,1,0,1,0,0,1,4,2,3,1,1,1,0,1,0,0,0,0,0,0,0,0,0,0
3202,3202.png,economist_daily_chart_15.png,data/news/economist_daily_chart_15.png,exact,N,30.9,10,393.43333333333334,19.835153978059594,0,0,1,1,0,1,1,1,0,0,0,5,2,2,1,2,0,0,1,0,0,0,0,1,0,0,0,0,0
3203,3203.png,wsj7.png,data/news/wsj7.png,exact,N,37.8,10,238.6222222222222,15.447401795195923,0,0,0,1,1,1,1,0,0,0,1,8,5,1,2,3,1,1,0,0,0,0,0,1,0,0,1,0,0
3204,3204.png,v488_n7412_15_f4.png,data/science/v488_n7412_15_f4.png,exact,S,83.0,10,247.33333333333334,15.726834816113932,0,1,1,1,1,0,1,0,0,0,0,8,3,3,11,2,1,0,1,0,1,0,0,0,0,0,0,0,0
3205,3205.png,v487_n7408_12_f4.png,data/science/v487_n7408_12_f4.png,exact,S,75.3,10,270.0111111111111,16.432014822020797,0,1,1,1,1,0,0,0,0,1,0,0,2,0,8,1,1,0,0,0,0,0,0,0,0,1,0,0,0
3206,3206.png,v482_n7386_8_f3.png,data/science/v482_n7386_8_f3.png,exact,S,66.2,10,261.73333333333335,16.178174598307848,0,1,1,1,1,0,0,0,0,0,0,10,3,1,2,2,1,0,0,0,0,0,0,1,0,1,0,0,0
3207,3207.png,v487_n7406_1_f1.png,data/science/v487_n7406_1_f1.png,exact,S,81.9,10,180.1,13.42013412749664,0,1,1,1,1,0,1,0,0,0,0,10,5,2,13,3,1,0,1,0,0,0,0,1,0,1,0,0,0
3208,3208.png,v489_n7415_21_f1.png,data/science/v489_n7415_21_f1.png,exact,S,87.2,10,172.17777777777778,13.121653012398163,0,1,1,1,1,0,1,0,0,0,0,18,4,4,15,3,1,0,1,0,1,0,0,1,0,0,0,0,0
3209,3209.png,visMost45.png,data/vis1/visMost45.png,exact,I,45.0,10,898.0,29.966648127543394,0,0,1,1,0,1,0,0,0,0,1,7,15,4,4,1,1,0,0,0,0,0,0,0,0,0,1,0,0
3210,3210.png,visMost638.png,data/vis1/visMost638.png,exact,I,46.1,10,508.9888888888889,22.560782098342443,0,0,1,1,0,1,0,0,0,0,1,6,0,3,1,1,0,0,0,0,0,0,0,0,0,0,1,0,0
3211,3211.png,vis779.png,data/vis3/vis779.png,exact,I,44.1,10,401.43333333333334,20.03580129002415,0,0,1,1,1,1,0,0,0,0,1,10,7,5,15,4,1,0,1,1,0,1,0,0,1,0,0,0,0
3212,3212.png,visMost51.png,data/vis1/visMost51.png,exact,I,48.5,10,568.2777777777778,23.838577511625516,0,1,0,1,1,1,0,0,0,0,1,9,9,7,10,3,1,0,1,1,0,1,0,0,0,0,0,0,0
3213,3213.png,v487_n7407_1_f1.png,data/science/v487_n7407_1_f1.png,exact,S,83.7,10,279.56666666666666,16.720247207103927,0,1,1,1,1,0,1,0,0,0,0,14,3,0,9,2,1,0,0,0,1,1,0,0,0,0,0,0,0
3214,3214.png,v484_n7393_15_f2.png,data/science/v484_n7393_15_f2.png,exact,S,90.3,10,219.7888888888889,14.825278712013777,0,1,1,1,1,0,0,0,0,0,0,25,1,3,24,2,1,0,1,0,1,0,0,0,0,0,0,0,0
3215,3215.png,wsj178.png,data/news/wsj178.png,exact,N,27.7,10,120.45555555555556,10.975224624378107,0,1,1,1,0,0,0,1,0,0,1,6,3,1,1,1,0,0,1,0,0,0,0,0,0,0,0,0,0
3216,3216.png,whoL09.png,data/government/whoL09.png,exact,G,45.6,10,550.2666666666667,23.45776346258668,0,0,1,1,0,0,0,1,0,1,0,0,0,2,1,2,0,0,0,1,1,0,0,0,0,0,0,0,0
3217,3217.png,wsj150.png,data/news/wsj150.png,exact,N,27.7,10,154.9,12.44588285337766,0,0,1,1,1,1,0,0,0,0,1,5,1,1,1,1,0,0,0,0,1,0,0,0,0,0,0,0,0
3218,3218.png,v489_n7414_27_f3.png,data/science/v489_n7414_27_f3.png,exact,S,73.8,10,476.6222222222222,21.831679326662485,0,1,1,1,1,0,0,0,0,0,0,15,2,4,16,3,1,0,1,0,1,1,0,0,0,0,0,0,0
3219,3219.png,v484_n7395_21_f1.png,data/science/v484_n7395_21_f1.png,exact,S,80.2,10,188.6222222222222,13.73398056727263,0,1,1,1,1,0,1,0,0,0,0,8,4,2,10,4,1,0,1,0,1,1,0,0,0,0,1,0,0
3220,3220.png,v483_n7389_1_f2.png,data/science/v483_n7389_1_f2.png,exact,S,76.1,10,615.8777777777777,24.81688493300031,0,0,1,1,1,0,1,0,0,0,0,25,0,3,36,3,1,0,1,0,1,1,0,0,0,0,0,0,0
3221,3221.png,visMost162.png,data/vis1/visMost162.png,exact,I,29.0,10,185.11111111111111,13.605554421305701,0,0,1,1,1,1,0,0,0,0,1,12,10,6,12,4,1,1,1,1,0,0,0,0,0,0,1,0,0
3222,3222.png,v490_n7418_21_f3.png,data/science/v490_n7418_21_f3.png,exact,S,85.8,10,208.84444444444443,14.451451291979101,0,0,0,0,1,0,1,0,0,0,0,8,0,3,3,1,1,0,0,0,1,0,0,0,0,0,0,0,0
3223,3223.png,vis751.png,data/vis3/vis751.png,exact,I,31.2,10,489.28888888888883,22.119875426613252,0,0,1,1,1,1,0,0,0,0,0,9,3,3,11,4,1,0,0,1,0,1,0,0,1,0,1,0,0
3224,3224.png,vis989.png,data/vis3/vis989.png,exact,I,25.7,10,256.23333333333335,16.00729000591085,0,0,1,1,0,1,0,0,0,0,1,7,0,1,1,1,1,0,0,0,0,0,0,0,0,0,1,0,0
3225,3225.png,visMost79.png,data/vis1/visMost79.png,exact,I,47.0,10,322.6666666666667,17.962924780409974,0,0,1,1,1,1,0,0,0,0,1,7,5,3,4,3,1,0,1,0,0,0,0,0,0,1,1,0,0
3226,3226.png,visMost604.png,data/vis1/visMost604.png,exact,I,42.1,10,787.4333333333333,28.06124254792245,0,0,1,1,1,1,0,0,0,0,1,9,5,5,6,6,1,1,1,1,1,1,0,0,0,0,1,0,0
3227,3227.png,v483_n7388_1_f2.png,data/science/v483_n7388_1_f2.png,exact,S,70.6,10,344.4888888888889,18.560411872824613,0,1,1,1,0,0,0,0,0,0,0,2,4,0,2,3,1,0,1,0,0,1,0,1,0,0,0,0,0
3228,3228.png,vis745.png,data/vis3/vis745.png,exact,I,40.4,10,540.7111111111111,23.253195718247227,0,0,1,1,1,1,1,1,0,0,1,12,7,3,6,2,1,0,1,0,0,0,0,0,0,0,1,0,0
3229,3229.png,visMost176.png,data/vis1/visMost176.png,exact,I,48.7,10,850.6777777777778,29.166380950981523,0,0,1,1,1,1,0,0,0,0,1,5,2,7,7,2,1,0,0,0,1,0,0,0,0,0,1,0,0
3230,3230.png,wsj144.png,data/news/wsj144.png,exact,N,29.3,10,216.23333333333332,14.704874475266129,0,0,1,1,1,1,0,0,0,0,1,3,0,2,2,2,0,0,0,0,0,0,0,0,1,0,1,0,0
3231,3231.png,v486_n7401_21_f3.png,data/science/v486_n7401_21_f3.png,exact,S,82.0,10,337.77777777777777,18.37873166945363,0,0,0,1,1,0,0,0,0,0,0,12,0,1,11,1,1,0,0,0,1,0,0,0,0,0,0,0,0
3232,3232.png,v487_n7405_2_f3.png,data/science/v487_n7405_2_f3.png,exact,S,83.9,10,136.98888888888888,11.704225257952313,0,1,1,1,1,0,1,0,0,0,0,14,5,3,15,5,1,0,0,1,1,1,0,0,0,1,1,0,0
3233,3233.png,v484_n7394_11_f2.png,data/science/v484_n7394_11_f2.png,exact,S,77.0,10,278.6666666666667,16.69331203406522,0,1,1,1,0,0,0,0,0,0,0,12,2,0,3,1,1,0,0,0,0,0,0,0,0,1,0,0,0
3234,3234.png,whoQ46_6.png,data/government/whoQ46_6.png,exact,G,54.4,10,720.2666666666667,26.837784309936367,0,1,1,1,1,0,1,0,0,0,0,9,2,1,1,1,0,0,0,0,0,0,0,1,0,0,0,0,0
3235,3235.png,v487_n7407_13_f4.png,data/science/v487_n7407_13_f4.png,exact,S,78.2,10,494.6222222222222,22.24010391662373,0,0,0,1,1,0,1,0,0,0,1,8,1,1,4,1,1,0,0,0,1,0,0,0,0,0,0,0,0
3236,3236.png,vis590.png,data/vis3/vis590.png,exact,I,46.9,10,591.2111111111111,24.314833149974753,0,0,1,1,1,1,0,0,0,0,1,12,3,5,5,5,1,1,0,1,0,1,0,0,1,0,1,0,0
3237,3237.png,vis21.png,data/vis2/vis21.png,exact,I,56.5,10,540.5,23.24865587512534,0,0,1,1,0,1,0,0,0,0,1,4,0,2,2,1,1,0,0,0,0,0,0,0,0,0,1,0,0
3238,3238.png,economist_daily_chart_207.png,data/news/economist_daily_chart_207.png,exact,N,26.5,10,125.61111111111111,11.207636285636285,0,0,1,1,1,1,0,0,0,0,0,5,2,1,1,1,0,0,0,0,0,0,0,1,0,0,0,0,0
3239,3239.png,wsj391.png,data/news/wsj391.png,exact,N,24.5,10,410.94444444444446,20.271764709675487,0,1,1,1,1,1,0,0,0,0,1,6,4,1,2,2,1,0,1,0,0,0,0,0,0,0,1,0,0
3240,3240.png,wsj385.png,data/news/wsj385.png,exact,N,22.1,10,171.2111111111111,13.084766375870496,0,0,1,1,1,1,0,0,0,0,1,8,2,1,1,1,0,0,0,0,0,0,0,1,0,0,0,0,0
3241,3241.png,economist_daily_chart_213.png,data/news/economist_daily_chart_213.png,exact,N,34.2,10,337.2888888888889,18.365426455404975,0,1,1,1,1,1,1,0,0,0,0,6,6,3,4,4,1,1,0,1,0,0,0,1,0,1,0,0,0
3242,3242.png,vis584.png,data/vis3/vis584.png,exact,I,62.1,10,513.2111111111111,22.654163218073432,0,0,1,1,1,1,1,0,0,0,1,5,6,5,10,5,1,0,1,0,0,1,0,0,1,1,1,0,0
3243,3243.png,vis35.png,data/vis2/vis35.png,exact,I,44.3,10,485.1222222222222,22.025490283356287,0,0,1,1,1,1,0,0,0,0,1,18,5,2,7,3,1,0,1,1,0,0,0,0,1,0,0,0,0
3244,3244.png,v483_n7389_10_f1.png,data/science/v483_n7389_10_f1.png,exact,S,75.4,10,450.26666666666665,21.21948789831335,0,0,0,1,1,0,0,0,0,0,0,7,2,2,3,1,1,0,0,0,1,0,0,0,0,0,0,0,0
3245,3245.png,wsj408.png,data/news/wsj408.png,exact,N,19.8,10,228.62222222222223,15.12025866915716,0,1,1,1,1,1,0,1,0,0,1,3,2,1,1,1,0,0,0,0,0,0,0,0,0,1,0,0,0
3246,3246.png,v489_n7417_20_f2.png,data/science/v489_n7417_20_f2.png,exact,S,84.4,10,211.82222222222222,14.554113584214678,0,1,1,1,1,0,1,0,0,1,0,0,14,3,15,3,1,0,1,0,0,1,0,0,0,0,1,0,0
3247,3247.png,vis209.png,data/vis2/vis209.png,exact,I,63.5,10,319.3888888888889,17.871454582346924,0,0,1,1,1,1,1,0,0,0,1,12,6,5,8,6,1,1,1,1,0,1,0,0,1,0,1,0,0
3248,3248.png,v486_n7401_7_f1.png,data/science/v486_n7401_7_f1.png,exact,S,38.8,10,550.4,23.46060527778429,0,1,1,0,1,0,0,0,0,0,0,3,2,0,1,1,0,0,0,0,0,0,0,0,0,1,0,0,0
3249,3249.png,v484_n7394_1_f4.png,data/science/v484_n7394_1_f4.png,exact,S,80.7,10,175.56666666666666,13.250157231771503,0,1,1,1,1,0,1,0,0,1,0,0,3,4,7,2,1,0,1,0,0,0,0,1,0,0,0,0,0
3250,3250.png,v485_n7396_20_f4.png,data/science/v485_n7396_20_f4.png,exact,S,84.2,10,141.06666666666666,11.877148928369412,0,1,1,0,1,0,1,0,0,0,0,6,7,6,48,5,1,0,1,0,1,1,0,1,0,1,0,0,0
3251,3251.png,v488_n7409_16_f1.png,data/science/v488_n7409_16_f1.png,exact,S,63.4,10,523.1555555555556,22.872593983970326,0,1,1,0,0,0,0,0,0,0,0,3,2,1,1,1,1,0,0,0,0,0,0,0,0,1,0,0,0
3252,3252.png,visMost348.png,data/vis1/visMost348.png,exact,I,39.5,10,342.05555555555554,18.4947439981081,0,0,1,1,1,1,0,0,0,0,0,8,18,6,6,2,1,1,1,0,0,0,0,0,0,0,0,0,0
3253,3253.png,v486_n7403_16_f1.png,data/science/v486_n7403_16_f1.png,exact,S,67.8,10,665.2888888888889,25.79319462356086,0,0,1,1,0,0,0,0,0,0,0,4,1,0,2,1,0,0,0,0,1,0,0,0,0,0,0,0,0
3254,3254.png,v484_n7395_1_f4.png,data/science/v484_n7395_1_f4.png,exact,S,75.0,10,367.1111111111111,19.160143817599884,0,1,1,1,1,0,0,0,0,0,0,6,2,3,4,2,1,0,0,0,0,1,1,0,0,0,0,0,0
3255,3255.png,wsj434.png,data/news/wsj434.png,exact,N,27.9,10,270.1,16.43471934655411,0,1,1,1,1,1,1,0,0,0,1,3,2,1,4,1,1,0,0,0,0,0,0,1,0,0,0,0,0
3256,3256.png,visMost406.png,data/vis1/visMost406.png,exact,I,59.4,10,320.26666666666665,17.895995827745004,0,0,1,1,1,0,0,0,0,0,1,12,2,2,25,3,1,0,0,1,1,0,0,0,0,0,1,0,0
3257,3257.png,v483_n7391_8_f1.png,data/science/v483_n7391_8_f1.png,exact,S,45.9,10,790.7666666666667,28.120573725773568,0,1,1,0,0,0,0,0,0,1,0,0,2,0,1,2,0,0,0,0,0,0,0,1,0,1,0,0,0
3258,3258.png,v484_n7392_5_f5.png,data/science/v484_n7392_5_f5.png,exact,S,84.0,10,175.11111111111111,13.232955494186138,0,1,1,1,1,0,1,1,0,0,0,5,10,1,7,3,1,0,0,0,1,1,0,0,0,1,0,0,0
3259,3259.png,vis235.png,data/vis2/vis235.png,exact,I,40.9,10,373.65555555555557,19.330172155352255,0,0,1,1,1,1,0,0,0,0,0,6,0,2,2,2,1,0,0,0,1,0,0,0,0,0,1,0,0
3260,3260.png,v488_n7409_18_f4.png,data/science/v488_n7409_18_f4.png,exact,S,84.8,10,180.84444444444443,13.447841627727643,0,1,1,1,1,0,0,0,0,0,0,7,4,2,5,3,1,0,0,0,0,1,0,0,0,1,1,0,0
3261,3261.png,visMost360.png,data/vis1/visMost360.png,exact,I,53.2,10,779.2888888888889,27.915746253483693,0,0,1,1,1,1,1,0,0,0,1,7,4,3,3,2,1,0,0,0,0,0,0,0,1,0,1,0,0
3262,3262.png,wsj352.png,data/news/wsj352.png,exact,N,11.1,10,282.3222222222222,16.802446911751343,0,0,0,1,0,1,0,0,0,0,0,5,3,0,1,1,0,0,0,0,0,0,0,0,0,0,1,0,0
3263,3263.png,v487_n7408_4_f4.png,data/science/v487_n7408_4_f4.png,exact,S,72.6,10,429.15555555555557,20.716069983362086,0,0,0,0,0,1,1,1,1,1,0,0,19,1,3,1,0,0,0,0,0,0,0,0,0,0,1,0,0
3264,3264.png,v486_n7402_10_f3.png,data/science/v486_n7402_10_f3.png,exact,S,68.8,10,781.0666666666667,27.947569959956567,0,1,1,1,0,0,1,0,0,0,0,4,4,1,2,2,1,0,0,0,0,0,0,1,0,1,0,0,0
3265,3265.png,v483_n7390_8_f1.png,data/science/v483_n7390_8_f1.png,exact,S,55.2,10,610.6222222222223,24.710771380558363,0,1,1,0,1,0,0,0,0,0,0,3,2,2,1,1,0,0,0,0,0,0,0,1,0,0,0,0,0
3266,3266.png,wsj346.png,data/news/wsj346.png,exact,N,13.2,10,209.06666666666666,14.459137825841022,0,0,1,1,0,1,0,0,0,0,1,7,2,1,1,1,0,0,0,0,0,0,0,0,0,0,1,0,0
3267,3267.png,vis221.png,data/vis2/vis221.png,exact,I,57.2,10,245.51111111111112,15.668794181784095,0,0,0,1,1,1,1,0,0,0,0,8,1,2,70,2,1,1,0,1,0,0,0,0,0,0,0,0,0
3268,3268.png,whoN37.png,data/government/whoN37.png,exact,G,28.1,10,243.43333333333334,15.602350250309513,0,1,1,1,0,1,0,0,0,0,0,3,1,3,1,1,0,0,0,0,0,0,0,0,0,0,1,0,0
3269,3269.png,visMost374.png,data/vis1/visMost374.png,exact,I,56.5,10,316.05555555555554,17.777951388041185,0,0,1,1,1,0,1,0,0,0,1,14,2,3,2,3,0,1,0,0,0,0,0,0,1,0,1,0,0
3270,3270.png,visMost412.png,data/vis1/visMost412.png,exact,I,28.0,10,237.11111111111111,15.398412616601464,0,0,1,1,1,1,0,0,0,0,0,12,0,1,1,2,0,0,0,0,1,0,0,0,0,0,1,0,0
3271,3271.png,vis547.png,data/vis3/vis547.png,exact,I,43.4,10,681.6,26.107470195329153,0,0,1,1,0,1,0,0,0,0,1,10,3,6,1,1,0,0,0,0,0,0,0,0,0,0,1,0,0
3272,3272.png,wsj420.png,data/news/wsj420.png,exact,N,36.9,10,572.1,23.918611999863202,0,0,1,1,1,1,1,1,0,0,1,6,3,2,4,2,1,0,1,0,0,0,0,1,0,0,0,0,0
3273,3273.png,whoL01_2.png,data/government/whoL01_2.png,exact,G,55.7,10,637.3444444444444,25.24568169894496,0,1,1,1,0,1,0,0,0,1,0,0,0,1,1,1,0,0,0,0,1,0,0,0,0,0,0,0,0
3274,3274.png,wsj350.png,data/news/wsj350.png,exact,N,29.5,10,376.5,19.403607911932255,0,0,1,1,1,1,0,0,0,0,1,6,2,0,2,1,1,0,0,0,0,0,0,1,0,0,0,0,0
3275,3275.png,v489_n7414_1_f9.png,data/science/v489_n7414_1_f9.png,exact,S,66.0,10,404.44444444444446,20.11080417199781,0,1,1,1,1,0,1,0,0,0,0,8,4,4,3,5,1,0,1,1,1,1,0,1,0,0,0,0,0
3276,3276.png,visMost362.png,data/vis1/visMost362.png,exact,I,43.2,10,592.8444444444444,24.348397163765103,0,0,0,1,1,1,0,0,0,0,1,5,0,0,1,1,0,0,0,0,0,0,0,0,0,0,0,0,1
3277,3277.png,vis237.png,data/vis2/vis237.png,exact,I,53.3,10,781.3444444444444,27.95253914127381,0,0,1,1,1,1,0,0,0,0,1,22,4,5,1,1,1,0,0,0,0,0,0,0,0,0,1,0,0
3278,3278.png,v483_n7391_8_f3.png,data/science/v483_n7391_8_f3.png,exact,S,52.5,10,623.1666666666666,24.963306404934958,0,1,1,0,0,0,1,0,0,0,0,11,4,0,1,4,0,1,0,0,0,1,0,1,1,0,0,0,0
3279,3279.png,vis551.png,data/vis3/vis551.png,exact,I,17.2,10,142.62222222222223,11.94245461461848,0,0,1,1,1,1,1,0,0,0,1,4,2,1,1,1,0,0,1,0,0,0,0,0,0,0,0,0,0
3280,3280.png,visMost404.png,data/vis1/visMost404.png,exact,I,71.6,10,572.4888888888888,23.92674003889558,0,0,1,1,1,1,0,0,0,0,1,11,0,0,1,2,0,0,0,0,1,0,0,0,0,0,0,0,1
3281,3281.png,wsj436.png,data/news/wsj436.png,exact,N,26.8,10,361.06666666666666,19.001754304975808,0,0,1,1,1,1,0,0,0,0,1,5,3,1,1,1,0,0,1,0,0,0,0,0,0,0,0,0,0
3282,3282.png,wsj422.png,data/news/wsj422.png,exact,N,7.1,10,62.32222222222222,7.894442489639292,0,1,1,1,0,1,0,0,0,0,1,3,2,0,1,2,0,1,0,0,0,0,0,1,0,0,0,0,0
3283,3283.png,vis545.png,data/vis3/vis545.png,exact,I,74.5,10,614.7222222222222,24.79359236218548,0,0,1,1,1,1,0,0,0,0,1,15,1,3,2,3,1,0,1,1,0,1,0,0,0,0,0,0,0
3284,3284.png,visMost410.png,data/vis1/visMost410.png,exact,I,39.8,10,255.06666666666666,15.970806700560454,0,0,1,1,1,1,0,0,0,0,1,6,5,2,4,3,1,0,1,1,0,0,0,0,0,0,1,0,0
3285,3285.png,visMost376.png,data/vis1/visMost376.png,exact,I,28.4,10,617.1555555555556,24.842615714846847,0,0,1,1,1,1,1,0,0,0,0,7,1,1,2,2,0,0,0,1,0,0,0,0,0,0,1,0,0
3286,3286.png,vis223.png,data/vis2/vis223.png,exact,I,39.9,10,342.1,18.495945501649814,0,1,1,1,1,1,1,0,0,0,1,12,6,4,6,3,1,0,1,0,0,1,0,0,0,0,1,0,0
3287,3287.png,wsj344.png,data/news/wsj344.png,exact,N,50.9,10,480.09999999999997,21.91118435867856,0,0,1,1,0,1,0,0,0,0,1,7,8,8,8,2,1,0,1,0,0,0,0,0,0,0,1,0,0
3288,3288.png,v483_n7390_8_f3.png,data/science/v483_n7390_8_f3.png,exact,S,69.4,10,466.7111111111111,21.603497659201185,0,1,1,1,1,0,0,0,0,0,0,4,3,1,4,2,1,0,1,0,0,0,0,1,0,0,0,0,0
3289,3289.png,v486_n7402_10_f1.png,data/science/v486_n7402_10_f1.png,exact,S,64.9,10,373.65555555555557,19.330172155352255,0,1,1,1,1,0,0,0,0,0,0,6,2,0,4,2,1,0,0,0,0,1,0,1,0,0,0,0,0
3290,3290.png,v483_n7389_6_f10.png,data/science/v483_n7389_6_f10.png,exact,S,75.1,10,433.65555555555557,20.82439808387161,0,1,1,0,1,0,0,0,0,0,0,7,4,0,8,4,1,1,0,0,0,1,1,1,0,0,0,0,0
3291,3291.png,v486_n7401_7_f3.png,data/science/v486_n7401_7_f3.png,exact,S,63.8,10,598.6222222222223,24.466757493019426,0,1,1,1,1,0,1,0,0,0,0,5,4,2,2,1,1,0,0,0,0,0,0,0,0,1,0,0,0
3292,3292.png,v483_n7389_10_f3.png,data/science/v483_n7389_10_f3.png,exact,S,68.2,10,569.7333333333333,23.869087400513102,0,1,1,1,0,0,0,0,0,0,0,6,2,2,2,2,1,0,0,0,1,0,0,1,0,0,0,0,0
3293,3293.png,visMost438.png,data/vis1/visMost438.png,exact,I,45.1,10,578.7666666666667,24.05756984125094,0,0,1,1,1,1,1,0,0,0,1,15,3,2,1,2,1,1,0,0,1,0,0,0,0,0,0,0,0
3294,3294.png,vis579.png,data/vis3/vis579.png,exact,I,19.2,10,174.4,13.206059215375342,0,0,0,1,1,1,0,0,0,0,1,4,2,0,1,2,0,1,1,0,0,0,0,0,0,0,0,0,0
3295,3295.png,v484_n7395_1_f6.png,data/science/v484_n7395_1_f6.png,exact,S,79.8,10,320.17777777777775,17.893512169995518,0,1,1,1,0,0,1,1,0,0,0,17,9,1,9,2,1,0,0,0,0,0,1,0,0,1,0,0,0
3296,3296.png,v486_n7403_16_f3.png,data/science/v486_n7403_16_f3.png,exact,S,69.6,10,515.3777777777777,22.701933348897352,0,0,1,1,1,1,1,0,0,0,0,6,3,4,6,1,1,0,0,0,0,0,0,0,0,1,0,0,0
3297,3297.png,wsj378.png,data/news/wsj378.png,exact,N,11.8,10,129.06666666666666,11.360751148875089,0,0,1,1,1,1,0,0,0,0,1,2,1,1,1,1,0,0,1,0,0,0,0,0,0,0,0,0,0
3298,3298.png,whoN09.png,data/government/whoN09.png,exact,G,27.2,10,252.4,15.8871016865884,0,0,0,1,0,1,1,1,0,0,0,9,1,0,1,1,1,0,0,0,0,0,0,0,1,0,0,0,0
3299,3299.png,v488_n7411_3_f2.png,data/science/v488_n7411_3_f2.png,exact,S,84.6,10,165.82222222222222,12.877197762798481,0,1,1,1,1,0,1,0,0,0,0,8,13,3,22,4,1,0,1,0,0,1,0,1,0,1,0,0,0
3300,3300.png,wsj393.png,data/news/wsj393.png,exact,N,33.1,10,282.9888888888889,16.82227359452012,0,0,1,1,1,1,0,0,0,0,1,3,5,0,4,2,1,0,1,0,0,0,0,1,0,0,0,0,0
3301,3301.png,economist_daily_chart_205.png,data/news/economist_daily_chart_205.png,exact,N,38.0,10,618.6666666666666,24.873010808236838,0,1,1,1,1,1,0,0,0,0,1,3,3,1,2,2,1,0,1,0,0,1,0,0,0,0,0,0,0
3302,3302.png,vis23.png,data/vis2/vis23.png,exact,I,34.2,10,469.9555555555555,21.678458329769565,0,0,0,1,0,1,1,0,0,0,0,5,0,2,2,1,1,0,0,0,0,0,0,0,1,0,0,0,0
3303,3303.png,vis592.png,data/vis3/vis592.png,exact,I,61.7,10,610.9,24.71639132235934,0,0,0,1,1,1,1,1,0,0,1,15,0,3,4,3,1,0,0,0,0,1,0,0,0,1,0,0,1
3304,3304.png,v488_n7410_3_f2.png,data/science/v488_n7410_3_f2.png,exact,S,75.0,10,516.6666666666666,22.73030282830976,0,1,1,1,1,0,0,0,0,0,0,12,2,2,6,3,1,0,1,0,1,0,0,1,0,0,0,0,0
3305,3305.png,vis37.png,data/vis2/vis37.png,exact,I,49.6,10,789.3777777777777,28.095867628136663,0,0,0,1,1,1,0,0,0,0,1,7,1,5,5,1,1,0,0,0,0,0,0,0,1,0,0,0,0
3306,3306.png,treasuryJ03_4.png,data/government/treasuryJ03_4.png,exact,G,9.9,10,95.21111111111112,9.757618106439251,0,1,1,1,1,1,0,0,0,0,0,1,2,0,1,1,0,0,1,0,0,0,0,0,0,0,0,0,0
3307,3307.png,vis586.png,data/vis3/vis586.png,exact,I,18.5,10,202.27777777777777,14.222439234455452,0,1,1,1,1,1,1,0,0,0,0,4,2,1,1,1,0,0,0,0,0,0,0,1,0,0,0,0,0
3308,3308.png,economist_daily_chart_211.png,data/news/economist_daily_chart_211.png,exact,N,21.5,10,179.38888888888889,13.39361373524296,0,1,1,1,0,1,0,0,0,0,0,2,3,0,1,1,0,0,0,0,0,0,0,1,0,0,0,0,0
3309,3309.png,v484_n7395_17_f2.png,data/science/v484_n7395_17_f2.png,exact,S,71.8,10,886.6222222222223,29.776202280046096,0,1,1,1,1,1,1,0,0,0,0,14,2,2,6,2,1,0,0,0,1,1,0,0,0,0,0,0,0
3310,3310.png,wsj387.png,data/news/wsj387.png,exact,N,41.0,10,502.8888888888889,22.425184255405547,0,0,1,1,1,1,0,0,0,0,1,8,3,0,10,2,1,0,1,0,0,0,0,1,0,0,0,0,0
3311,3311.png,whoB13_1.png,data/government/whoB13_1.png,exact,G,18.0,10,160.88888888888889,12.684198393626966,0,1,1,1,1,1,0,0,0,0,0,3,1,2,1,2,0,0,1,0,0,0,0,0,0,0,1,0,0
3312,3312.png,whoJ15_1.png,data/government/whoJ15_1.png,exact,G,22.6,10,212.26666666666665,14.56937427162425,0,1,1,1,1,1,0,0,0,0,0,2,1,1,1,1,0,0,1,0,0,0,0,0,0,0,0,0,0
3313,3313.png,v486_n7401_21_f1.png,data/science/v486_n7401_21_f1.png,exact,S,84.0,10,312.44444444444446,17.676098111417136,0,1,1,1,1,0,0,0,0,0,0,10,5,3,10,3,1,0,0,0,1,0,0,1,0,1,0,0,0
3314,3314.png,v485_n7400_3_f5.png,data/science/v485_n7400_3_f5.png,exact,S,58.9,10,453.43333333333334,21.29397410849683,0,1,1,1,1,0,1,0,0,0,0,4,4,3,4,3,1,0,1,0,1,0,0,0,0,0,1,0,0
3315,3315.png,v490_n7419_11_f2.png,data/science/v490_n7419_11_f2.png,exact,S,78.3,10,227.7888888888889,15.092676664160301,0,1,1,1,1,0,1,1,0,0,0,14,7,0,4,4,1,1,0,0,0,1,0,0,1,1,0,0,0
3316,3316.png,whoQ46_4.png,data/government/whoQ46_4.png,exact,G,29.7,10,536.9,23.171102692793884,0,1,1,1,0,0,1,0,0,0,0,9,2,1,1,1,0,1,0,0,0,0,0,0,0,0,0,0,0
3317,3317.png,visMost389.png,data/vis1/visMost389.png,exact,I,42.0,10,464.6666666666667,21.55612828563299,0,0,0,1,1,1,1,0,0,0,1,12,3,7,23,4,1,0,1,1,0,1,0,1,0,0,0,0,0
3318,3318.png,v489_n7415_17_f2.png,data/science/v489_n7415_17_f2.png,exact,S,68.9,10,278.32222222222225,16.68299200450034,0,1,1,1,1,0,0,0,0,0,0,5,2,0,6,2,1,0,0,0,1,0,0,0,0,1,0,0,0
3319,3319.png,v487_n7405_2_f1.png,data/science/v487_n7405_2_f1.png,exact,S,77.9,10,450.76666666666665,21.231266252078953,0,1,1,1,1,0,0,0,0,0,0,10,6,3,18,4,1,0,1,1,1,0,0,0,0,1,0,0,0
3320,3320.png,v485_n7400_12_f2.png,data/science/v485_n7400_12_f2.png,exact,S,82.1,10,302.9888888888889,17.40657602427568,0,0,1,1,1,0,1,0,0,0,0,6,1,0,4,1,1,0,0,0,1,0,0,0,0,0,0,0,0
3321,3321.png,visMost606.png,data/vis1/visMost606.png,exact,I,31.3,10,250.9,15.839823231336895,0,1,1,1,1,0,0,0,0,0,1,5,18,4,4,2,1,0,1,0,0,1,0,0,0,0,0,0,0
3322,3322.png,v488_n7413_13_f4.png,data/science/v488_n7413_13_f4.png,exact,S,45.2,10,386.84444444444443,19.668361508891493,0,1,1,1,0,1,0,0,0,1,0,0,2,1,1,1,0,0,0,0,0,0,0,0,0,0,1,0,0
3323,3323.png,vis753.png,data/vis3/vis753.png,exact,I,45.5,10,717.1666666666666,26.779967637520897,0,0,1,1,1,1,0,0,0,0,1,6,8,0,1,2,1,0,0,1,0,1,0,0,0,0,0,0,0
3324,3324.png,v490_n7418_21_f1.png,data/science/v490_n7418_21_f1.png,exact,S,70.0,10,621.3333333333334,24.926558794453225,0,1,1,1,1,0,1,0,0,0,0,5,4,2,3,2,1,0,0,0,0,1,0,0,0,1,0,0,0
3325,3325.png,visMost160.png,data/vis1/visMost160.png,exact,I,35.4,10,387.15555555555557,19.676268842327694,0,0,1,1,1,1,0,0,0,0,1,15,0,1,1,2,1,0,0,0,0,0,0,0,1,0,1,0,0
3326,3326.png,v489_n7414_27_f1.png,data/science/v489_n7414_27_f1.png,exact,S,77.2,10,199.51111111111112,14.124840215418761,0,1,1,1,1,0,0,0,0,0,0,5,2,3,15,2,1,0,1,0,0,1,0,0,0,0,0,0,0
3327,3327.png,v484_n7395_21_f3.png,data/science/v484_n7395_21_f3.png,exact,S,80.0,10,177.11111111111111,13.308309851784752,0,1,1,1,1,0,0,0,0,0,0,5,2,2,7,3,1,0,1,0,1,0,0,1,0,0,0,0,0
3328,3328.png,wsj152.png,data/news/wsj152.png,exact,N,18.5,10,150.72222222222223,12.276897907135265,0,1,1,1,1,1,0,0,0,0,1,4,3,0,2,3,1,1,1,0,0,0,0,1,0,0,0,0,0
3329,3329.png,wsj146.png,data/news/wsj146.png,exact,N,53.7,10,950.2333333333333,30.82585494894397,0,0,0,1,1,1,1,1,0,0,1,6,2,2,3,4,1,1,1,1,0,0,0,0,1,0,0,0,0
3330,3330.png,visMost174.png,data/vis1/visMost174.png,exact,I,20.1,10,293.8777777777778,17.14286375661248,0,0,1,0,1,1,0,0,0,0,0,6,0,1,9,1,1,0,1,0,0,0,0,0,0,0,0,0,0
3331,3331.png,visMost612.png,data/vis1/visMost612.png,exact,I,50.0,10,549.7777777777778,23.447340526758634,0,0,1,1,1,1,0,0,0,0,1,9,8,5,8,5,1,1,1,1,0,0,0,0,1,0,1,0,0
3332,3332.png,vis747.png,data/vis3/vis747.png,exact,I,59.4,10,399.82222222222225,19.995555061618624,0,0,0,1,1,1,0,0,0,0,1,8,12,8,15,4,1,1,1,1,0,0,0,1,0,0,0,0,0
3333,3333.png,v484_n7392_13_f2.png,data/science/v484_n7392_13_f2.png,exact,S,50.1,10,624.1,24.981993515330196,0,1,1,1,1,0,1,0,0,0,0,27,2,1,6,2,1,1,0,0,0,0,0,0,1,0,0,0,0
3334,3334.png,visMost47.png,data/vis1/visMost47.png,exact,I,43.9,10,450.5444444444444,21.226032235075035,0,0,1,1,1,1,1,0,0,0,1,6,2,2,7,3,1,1,0,1,0,0,0,0,0,0,1,0,0
3335,3335.png,wsj608.png,data/news/wsj608.png,exact,N,45.7,10,832.4555555555555,28.852305896679308,0,0,1,1,1,1,0,0,0,0,1,4,4,0,3,2,1,0,1,0,0,0,0,1,0,0,0,0,0
3336,3336.png,v489_n7415_21_f3.png,data/science/v489_n7415_21_f3.png,exact,S,83.3,10,296.0111111111111,17.20497344116262,0,1,1,1,1,0,0,0,0,0,0,6,4,2,6,5,1,1,0,0,1,1,0,1,0,1,0,0,0
3337,3337.png,v487_n7406_1_f3.png,data/science/v487_n7406_1_f3.png,exact,S,87.2,10,360.84444444444443,18.99590599167211,0,1,1,1,1,0,1,0,0,0,0,6,5,5,11,4,1,0,1,0,1,1,0,0,0,1,0,0,0
3338,3338.png,whoC28_2.png,data/government/whoC28_2.png,exact,G,28.9,10,528.1,22.9804264538324,0,1,1,1,0,1,1,0,0,0,0,5,2,1,1,2,1,0,1,0,0,0,0,1,0,0,0,0,0
3339,3339.png,v482_n7386_8_f1.png,data/science/v482_n7386_8_f1.png,exact,S,83.1,10,628.7666666666667,25.075220171848276,0,0,1,1,1,0,0,0,0,0,0,4,3,2,8,2,1,0,0,0,1,1,0,0,0,0,0,0,0
3340,3340.png,visMost148.png,data/vis1/visMost148.png,exact,I,56.8,10,1032.6222222222223,32.13443981497456,0,0,1,1,1,1,0,0,0,0,1,25,6,4,5,3,1,0,1,1,0,0,0,0,0,0,1,0,0
3341,3341.png,v489_n7414_29_f4.png,data/science/v489_n7414_29_f4.png,exact,S,75.8,10,409.5111111111111,20.23638087976976,0,1,1,1,1,0,0,0,0,0,0,7,6,4,20,4,1,0,1,0,1,1,0,1,0,0,0,0,0
3342,3342.png,visMost53.png,data/vis1/visMost53.png,exact,I,64.0,10,807.5555555555555,28.41752198126282,0,1,1,1,1,1,0,0,0,0,0,2,5,2,4,4,1,0,0,1,0,0,0,1,0,0,1,0,1
3343,3343.png,v487_n7407_1_f3.png,data/science/v487_n7407_1_f3.png,exact,S,84.6,10,475.8222222222222,21.813349633245743,0,1,1,1,0,0,0,0,0,1,0,0,3,1,12,1,1,0,0,0,0,0,0,0,0,1,0,0,0
3344,3344.png,treasuryK03_1.png,data/government/treasuryK03_1.png,exact,G,12.2,10,54.17777777777778,7.360555534589612,0,0,1,1,1,1,0,0,0,0,0,1,2,0,1,1,0,0,1,0,0,0,0,0,0,0,0,0,0
3345,3345.png,vis790.png,data/vis3/vis790.png,exact,I,57.1,10,1136.7666666666667,33.7159704986623,0,0,1,1,1,1,0,0,0,0,1,7,0,5,5,2,1,0,0,0,1,0,0,0,0,0,1,0,0
3346,3346.png,vis948.png,data/vis3/vis948.png,exact,I,60.1,10,966.7666666666667,31.092871637509884,0,1,1,1,1,1,0,0,0,0,1,8,16,1,4,3,1,0,0,1,1,0,0,0,0,0,1,0,0
3347,3347.png,v489_n7417_18_f4.png,data/science/v489_n7417_18_f4.png,exact,S,88.4,10,199.15555555555554,14.112248423109463,0,1,1,1,1,0,1,0,0,0,0,7,9,4,13,3,1,0,1,0,0,0,0,1,0,1,0,0,0
3348,3348.png,wsj191.png,data/news/wsj191.png,exact,N,59.1,10,794.3222222222222,28.18372264663102,0,1,1,1,1,1,0,0,0,0,1,4,4,2,8,2,1,0,0,0,0,0,0,0,0,1,1,0,0
3349,3349.png,v490_n7418_4_f3.png,data/science/v490_n7418_4_f3.png,exact,S,96.4,10,45.82222222222222,6.769211344183473,0,1,1,1,0,0,1,1,0,0,0,11,0,15,3,1,1,0,0,0,0,1,0,0,0,0,0,0,0
3350,3350.png,v485_n7398_29_f1.png,data/science/v485_n7398_29_f1.png,exact,S,89.0,10,251.11111111111111,15.846485765339617,0,0,0,1,1,0,0,0,0,0,0,6,0,1,7,2,1,0,0,0,1,0,0,0,0,0,0,1,0
3351,3351.png,wsj5.png,data/news/wsj5.png,exact,N,18.2,10,385.06666666666666,19.623115620784244,0,0,1,1,1,1,0,0,0,0,1,2,3,1,3,1,1,0,1,0,0,0,0,0,0,0,0,0,0
3352,3352.png,economist_daily_chart_17.png,data/news/economist_daily_chart_17.png,exact,N,55.0,10,1180.888888888889,34.36406391695966,0,0,0,1,1,1,1,0,0,0,1,5,7,4,4,3,1,0,1,0,0,0,0,0,1,0,1,0,0
3353,3353.png,wsj185.png,data/news/wsj185.png,exact,N,35.0,10,963.3333333333334,31.037611591959415,0,1,1,1,1,1,0,0,0,0,1,2,1,2,2,2,1,0,1,0,1,0,0,0,0,0,0,0,0
3354,3354.png,v490_n7419_4_f3.png,data/science/v490_n7419_4_f3.png,exact,S,83.2,10,363.2888888888889,19.060138742645314,0,1,1,1,1,0,1,0,0,0,0,9,11,3,7,6,1,1,1,1,1,1,0,1,0,0,0,0,0
3355,3355.png,visMost809.png,data/vis1/visMost809.png,exact,I,62.0,10,594.0,24.372115213907882,0,0,1,1,1,1,0,0,0,0,1,3,11,4,7,4,1,1,1,1,0,0,0,1,0,0,0,0,0
3356,3356.png,vis784.png,data/vis3/vis784.png,exact,I,49.2,10,890.1777777777778,29.835847193900456,0,0,1,1,1,1,0,0,0,0,0,1,1,1,1,1,1,0,0,0,0,0,0,0,0,0,1,0,0
3357,3357.png,v483_n7387_19_f4.png,data/science/v483_n7387_19_f4.png,exact,S,69.2,10,459.73333333333335,21.44139298957354,0,1,1,1,0,0,0,0,0,0,0,6,1,1,5,2,1,0,1,0,1,0,0,0,0,0,0,0,0
3358,3358.png,v485_n7396_18_f2.png,data/science/v485_n7396_18_f2.png,exact,S,91.6,10,207.82222222222222,14.41604044882721,0,1,1,1,1,0,0,0,0,0,0,5,7,5,10,4,1,0,0,0,1,0,0,1,0,1,1,0,0
3359,3359.png,v488_n7409_20_f2.png,data/science/v488_n7409_20_f2.png,exact,S,77.3,10,498.0111111111111,22.316162553429994,0,1,1,1,0,0,1,0,0,0,0,4,4,1,2,2,1,0,0,0,0,0,0,1,0,1,0,0,0
3360,3360.png,treasuryL08_2.png,data/government/treasuryL08_2.png,exact,G,14.4,10,528.0444444444445,22.979217663890225,0,0,1,1,1,1,0,0,0,0,0,4,1,1,1,2,0,0,0,1,0,1,0,0,0,0,0,0,0
3361,3361.png,v483_n7387_17_f1.png,data/science/v483_n7387_17_f1.png,exact,S,81.0,10,560.2222222222222,23.66901396810231,0,1,1,1,1,0,0,0,0,0,0,6,5,5,7,3,1,0,0,0,1,0,0,0,0,1,1,0,0
3362,3362.png,visMost84.png,data/vis1/visMost84.png,exact,I,54.9,10,1176.3222222222223,34.297554172596946,0,1,1,1,1,1,0,0,0,0,1,6,12,9,9,4,1,1,1,1,0,0,0,0,0,0,1,0,0
3363,3363.png,vis974.png,data/vis3/vis974.png,exact,I,45.6,10,1018.7111111111111,31.917254128623142,0,0,1,1,1,1,0,0,0,0,0,4,6,2,3,4,1,0,1,1,0,1,0,0,0,0,1,0,0
3364,3364.png,v486_n7402_4_f1.png,data/science/v486_n7402_4_f1.png,exact,S,71.8,10,451.5111111111111,21.248790815270198,0,1,1,1,1,0,1,0,0,0,0,10,3,2,3,1,1,0,0,0,0,0,0,0,0,1,0,0,0
3365,3365.png,v485_n7398_27_f4.png,data/science/v485_n7398_27_f4.png,exact,S,90.7,10,125.78888888888889,11.215564581816151,0,0,0,1,1,0,0,0,0,0,0,5,0,1,3,1,0,0,0,0,1,0,0,0,0,0,0,0,0
3366,3366.png,whoQ44_6.png,data/government/whoQ44_6.png,exact,G,51.2,10,1197.9555555555555,34.61149455824691,0,1,1,1,0,0,1,0,0,0,0,9,1,1,1,1,0,0,0,0,0,0,0,1,0,0,0,0,0
3367,3367.png,visMost90.png,data/vis1/visMost90.png,exact,I,57.0,10,899.1111111111111,29.985181525398694,0,0,1,1,1,1,0,0,0,0,0,5,5,1,3,3,1,1,0,1,1,0,0,0,0,0,0,0,0
3368,3368.png,vis960.png,data/vis3/vis960.png,exact,I,59.7,10,677.7888888888889,26.03437898028084,0,1,1,1,1,1,1,0,0,0,0,8,6,5,6,6,1,1,0,1,1,0,0,1,1,0,1,0,0
3369,3369.png,v483_n7389_3_f5.png,data/science/v483_n7389_3_f5.png,exact,S,90.8,10,207.5111111111111,14.405245958022066,0,1,1,1,0,0,1,1,0,0,0,5,3,6,5,2,1,0,0,0,0,1,0,0,0,1,0,0,0
3370,3370.png,vis627.png,data/vis3/vis627.png,exact,I,68.2,10,694.6222222222223,26.355686715056816,0,0,1,1,1,1,0,0,0,0,1,3,1,1,1,1,0,0,0,0,1,0,0,0,0,0,0,0,0
3371,3371.png,whoJ31.png,data/government/whoJ31.png,exact,G,15.7,10,178.01111111111112,13.342080464122194,0,1,1,1,1,1,1,0,0,0,0,2,1,2,1,1,0,0,1,0,0,0,0,0,0,0,0,0,0
3372,3372.png,v489_n7414_25_f4.png,data/science/v489_n7414_25_f4.png,exact,S,76.9,10,608.7666666666667,24.67319733367904,0,1,1,1,0,0,0,0,0,0,0,3,5,0,2,4,1,0,1,0,0,1,0,1,0,1,0,0,0
3373,3373.png,visMost772.png,data/vis1/visMost772.png,exact,I,51.8,10,1299.0666666666666,36.04256742612361,0,1,1,1,1,1,1,0,0,0,1,6,9,3,7,4,1,0,1,1,1,0,0,0,1,0,0,0,0
3374,3374.png,vis141.png,data/vis2/vis141.png,exact,I,40.3,10,1096.2333333333333,33.109414572494835,0,0,1,1,1,1,0,0,0,0,1,6,1,2,2,2,1,0,0,0,0,0,0,0,1,0,0,0,1
3375,3375.png,v488_n7413_11_f1.png,data/science/v488_n7413_11_f1.png,exact,S,85.3,10,283.56666666666666,16.839437837014234,0,1,1,1,1,0,1,0,0,0,0,6,3,2,3,3,1,0,0,0,1,0,0,1,0,1,0,0,0
3376,3376.png,np_1.png,data/news/np_1.png,exact,N,59.9,10,857.8777777777777,29.289550658516045,0,0,1,1,0,1,0,0,0,0,0,2,0,1,1,1,0,0,0,0,0,0,0,0,0,0,0,0,1
3377,3377.png,v483_n7388_3_f5.png,data/science/v483_n7388_3_f5.png,exact,S,89.2,10,309.9555555555556,17.605554679008428,0,1,1,1,0,0,0,0,0,0,0,3,6,3,17,2,1,0,0,0,0,0,0,1,0,1,0,0,0
3378,3378.png,vis155.png,data/vis2/vis155.png,exact,I,53.0,10,1014.6666666666666,31.85383284106744,0,0,1,1,1,1,0,0,0,0,0,5,3,1,1,1,1,0,0,0,0,0,0,0,0,0,1,0,0
3379,3379.png,vis633.png,data/vis3/vis633.png,exact,I,46.3,10,1139.1222222222223,33.75088476206545,0,0,0,1,1,1,0,0,0,0,1,7,12,3,3,1,1,0,0,0,0,0,0,0,0,0,1,0,0
3380,3380.png,visMost766.png,data/vis1/visMost766.png,exact,I,44.4,10,784.0444444444445,28.000793639546085,0,0,1,1,1,1,1,0,0,0,1,6,6,2,5,2,1,0,1,0,0,1,0,0,0,0,0,0,0
3381,3381.png,whoH12_2.png,data/government/whoH12_2.png,exact,G,8.6,10,198.04444444444445,14.07282645542268,0,1,1,1,1,0,0,0,0,0,0,2,2,0,1,1,1,0,1,0,0,0,0,0,0,0,0,0,0
3382,3382.png,v490_n7420_17_f2.png,data/science/v490_n7420_17_f2.png,exact,S,81.9,10,228.76666666666665,15.125034435222508,0,1,1,1,1,0,1,0,0,0,0,6,6,4,14,4,1,0,1,0,1,1,0,1,0,0,0,0,0
3383,3383.png,treasuryL17.png,data/government/treasuryL17.png,exact,G,16.1,10,117.65555555555555,10.846914563854348,0,1,1,1,1,1,0,0,0,0,0,5,3,1,2,2,1,0,0,1,0,0,0,0,0,0,1,0,0
3384,3384.png,vis169.png,data/vis2/vis169.png,exact,I,33.5,10,651.3888888888889,25.522321385189258,0,0,1,1,1,1,0,0,0,0,1,5,3,1,1,1,1,0,0,0,1,0,0,0,0,0,0,0,0
3385,3385.png,economist_daily_chart_198.png,data/news/economist_daily_chart_198.png,exact,N,15.2,10,126.62222222222222,11.252654007931739,0,0,1,1,1,1,0,0,0,0,0,2,2,1,1,1,0,0,0,0,0,0,0,1,0,0,0,0,0
3386,3386.png,whoJ19.png,data/government/whoJ19.png,exact,G,38.5,10,1059.611111111111,32.551668330687924,0,1,1,1,1,1,0,0,1,0,0,2,1,1,1,1,0,0,0,0,0,0,0,0,0,0,1,0,0
3387,3387.png,economist_daily_chart_173.png,data/news/economist_daily_chart_173.png,exact,N,18.2,10,310.1777777777778,17.61186468769783,0,0,1,0,1,0,1,0,0,0,0,4,1,2,1,1,0,0,0,0,0,0,0,0,1,0,0,0,0
3388,3388.png,v483_n7391_20_f3.png,data/science/v483_n7391_20_f3.png,exact,S,91.1,10,240.76666666666668,15.516657715715285,0,1,1,1,1,0,1,0,0,0,0,6,2,3,6,2,1,0,0,0,1,1,0,0,0,0,0,0,0
3389,3389.png,vis182.png,data/vis2/vis182.png,exact,I,48.1,10,894.7666666666667,29.912650612519556,0,0,1,1,1,1,1,0,0,0,1,8,7,6,7,5,1,1,1,1,1,0,0,0,0,0,1,0,0
3390,3390.png,vis196.png,data/vis2/vis196.png,exact,I,43.7,10,756.6777777777778,27.50777667820098,0,0,1,1,1,1,0,0,0,0,1,6,2,2,1,1,1,0,0,0,1,0,0,0,0,0,0,0,0
3391,3391.png,v485_n7399_23_f3.png,data/science/v485_n7399_23_f3.png,exact,S,68.0,10,692.8888888888889,26.322782696532844,0,1,1,1,1,0,1,0,0,0,0,6,3,3,7,2,1,0,1,0,1,0,0,0,0,0,0,0,0
3392,3392.png,economist_daily_chart_167.png,data/news/economist_daily_chart_167.png,exact,N,31.3,10,1152.4555555555557,33.947835800762846,0,0,1,1,1,1,0,0,0,0,0,2,2,1,1,1,0,0,1,0,0,0,0,0,0,0,0,0,0
3393,3393.png,vis828.png,data/vis3/vis828.png,exact,I,62.4,10,680.4888888888889,26.086181953074103,0,0,1,1,1,1,0,0,0,0,1,1,8,7,22,5,1,0,1,1,1,0,0,0,1,0,1,0,0
3394,3394.png,vis800.png,data/vis3/vis800.png,exact,I,57.2,10,349.5111111111111,18.695216262753185,0,1,1,1,1,1,1,0,0,0,1,5,4,1,2,2,1,0,1,0,0,0,0,0,0,0,1,0,0
3395,3395.png,v489_n7417_9_f2.png,data/science/v489_n7417_9_f2.png,exact,S,63.0,10,1058.0,32.526911934581186,0,1,1,1,1,0,0,0,0,0,0,4,4,0,5,1,1,0,0,0,0,0,0,0,0,1,0,0,0
3396,3396.png,v490_n7419_8_f3.png,data/science/v490_n7419_8_f3.png,exact,S,88.4,10,354.0444444444444,18.816068782943063,0,1,1,1,1,0,1,0,0,0,0,5,4,2,10,2,1,0,0,0,1,0,0,1,0,0,0,0,0
3397,3397.png,whoK13_2.png,data/government/whoK13_2.png,exact,G,16.4,10,103.37777777777778,10.167486305758064,0,0,1,1,1,1,1,0,0,0,0,10,1,1,1,1,0,0,0,1,0,0,0,0,0,0,0,0,0
3398,3398.png,v485_n7396_14_f2.png,data/science/v485_n7396_14_f2.png,exact,S,62.2,10,1052.4,32.440715158578115,0,0,0,1,0,0,0,0,0,0,0,6,0,0,8,2,1,0,0,1,1,0,0,0,0,0,0,0,0
3399,3399.png,v488_n7409_6_f1.png,data/science/v488_n7409_6_f1.png,exact,S,78.5,10,381.1666666666667,19.52349012514583,0,1,1,1,1,0,0,0,0,0,0,6,6,0,5,3,1,0,0,0,1,0,0,1,0,1,0,0,0
3400,3400.png,treasuryB18.png,data/government/treasuryB18.png,exact,G,29.3,10,623.5666666666667,24.97131687890462,0,0,1,1,1,1,0,0,0,0,0,2,2,0,2,1,1,1,0,0,0,0,0,0,0,0,0,0,0
3401,3401.png,vis814.png,data/vis3/vis814.png,exact,I,44.8,10,1153.7333333333333,33.96665031075825,0,0,1,1,1,1,0,0,0,0,1,6,8,3,2,3,1,0,1,1,0,0,0,0,0,0,1,0,0
3402,3402.png,visMost799.png,data/vis1/visMost799.png,exact,I,53.6,10,713.8222222222222,26.717451641618485,0,0,1,1,1,1,0,0,0,0,1,5,2,2,2,2,1,0,1,0,0,0,0,0,0,0,1,0,0
3403,3403.png,v489_n7416_9_f2.png,data/science/v489_n7416_9_f2.png,exact,S,82.0,10,403.55555555555554,20.088692231092484,0,1,1,1,1,0,1,0,0,0,0,8,8,2,6,2,1,0,1,0,0,0,0,0,0,1,0,0,0
3404,3404.png,v486_n7402_6_f4.png,data/science/v486_n7402_6_f4.png,exact,S,70.2,10,605.0666666666667,24.598102907880246,0,1,1,0,1,0,0,0,0,0,0,4,1,2,1,1,0,0,1,0,0,0,0,0,0,0,0,0,0
3405,3405.png,v488_n7410_20_f1.png,data/science/v488_n7410_20_f1.png,exact,S,82.3,10,342.0111111111111,18.493542416506124,0,1,1,1,1,0,0,0,0,0,0,18,5,4,4,3,1,1,1,0,0,0,0,0,0,1,0,0,0
3406,3406.png,v485_n7398_25_f1.png,data/science/v485_n7398_25_f1.png,exact,S,73.7,10,643.1222222222223,25.359854538664496,0,1,1,1,0,0,0,0,0,0,0,3,2,9,9,2,1,0,0,0,0,1,0,0,0,0,1,0,0
3407,3407.png,wsj224.png,data/news/wsj224.png,exact,N,28.3,10,731.7888888888889,27.051596790002783,0,0,1,1,1,1,0,0,0,0,1,3,0,1,1,1,0,0,0,0,1,0,0,0,0,0,0,0,0
3408,3408.png,treasuryI04_2.png,data/government/treasuryI04_2.png,exact,G,26.9,10,1352.5444444444443,36.77695534494997,0,1,1,0,0,1,0,0,1,0,0,2,2,2,1,1,0,0,0,0,0,0,0,0,0,0,1,0,0
3409,3409.png,visMost216.png,data/vis1/visMost216.png,exact,I,72.2,10,699.2888888888889,26.44407095908058,0,0,0,1,1,1,1,0,0,0,1,7,1,4,6,4,1,0,1,0,1,0,0,0,1,0,0,0,1
3410,3410.png,visMost570.png,data/vis1/visMost570.png,exact,I,77.2,10,283.9555555555556,16.85098084847157,0,1,1,1,1,1,1,1,0,0,1,13,4,4,5,5,1,1,1,1,1,0,0,0,0,0,1,0,0
3411,3411.png,vis425.png,data/vis2/vis425.png,exact,I,33.2,10,950.4,30.828558188796308,0,0,0,1,1,1,0,0,0,0,1,3,8,4,1,1,0,0,0,0,1,0,0,0,0,0,0,0,0
3412,3412.png,v490_n7419_1_f11.png,data/science/v490_n7419_1_f11.png,exact,S,70.3,10,733.1222222222221,27.076229837667988,0,0,0,0,1,0,0,0,0,0,0,3,3,1,1,1,1,0,0,0,1,0,0,0,0,0,0,0,0
3413,3413.png,wsj542.png,data/news/wsj542.png,exact,N,32.2,10,666.1777777777778,25.810419945785032,0,0,1,1,1,1,0,0,0,0,1,6,3,0,3,1,1,0,0,0,0,0,0,1,0,0,0,0,0
3414,3414.png,v485_n7399_15_f2.png,data/science/v485_n7399_15_f2.png,exact,S,76.0,10,953.1111111111111,30.872497649382225,0,0,1,1,1,0,0,0,0,0,1,3,3,1,9,1,1,0,0,0,1,0,0,0,0,0,0,0,0
3415,3415.png,v483_n7388_14_f4.png,data/science/v483_n7388_14_f4.png,exact,S,63.6,10,870.9333333333333,29.5115796482217,0,1,1,1,1,0,0,0,0,0,0,3,2,0,3,2,1,0,0,0,0,1,0,0,0,1,0,0,0
3416,3416.png,v484_n7392_7_f2.png,data/science/v484_n7392_7_f2.png,exact,S,76.5,10,861.3888888888889,29.349427403083844,0,1,1,1,1,0,1,0,0,0,0,6,5,2,8,6,1,1,1,0,0,1,0,1,0,1,0,0,1
3417,3417.png,wsj556.png,data/news/wsj556.png,exact,N,17.4,10,190.48888888888888,13.801771222886172,0,0,1,1,1,1,0,0,0,0,1,6,1,1,1,1,0,0,0,1,0,0,0,0,0,0,0,0,0
3418,3418.png,visMost564.png,data/vis1/visMost564.png,exact,I,54.0,10,1065.7777777777778,32.646252124520785,0,1,1,1,1,1,0,0,0,0,1,9,5,3,2,1,1,0,0,0,0,0,0,0,0,0,1,0,0
3419,3419.png,v487_n7408_6_f3.png,data/science/v487_n7408_6_f3.png,exact,S,81.5,10,648.7222222222222,25.470025956449714,0,1,1,1,1,0,1,1,0,0,0,4,6,0,7,4,1,1,1,0,0,0,0,1,0,1,0,0,0
3420,3420.png,vis357.png,data/vis2/vis357.png,exact,I,30.300000000000004,10,862.6777777777778,29.371376845115343,0,0,1,1,1,1,0,0,0,0,0,8,0,3,3,2,1,0,0,0,1,0,0,0,0,0,1,0,0
3421,3421.png,visMost202.png,data/vis1/visMost202.png,exact,I,40.7,10,1072.6777777777777,32.7517599187857,0,0,1,1,1,1,1,0,0,0,1,6,0,2,1,1,0,0,0,0,0,0,0,0,0,0,1,0,0
3422,3422.png,wsj230.png,data/news/wsj230.png,exact,N,12.0,10,224.22222222222223,14.974051630144135,0,0,1,1,1,1,0,0,0,0,1,1,2,1,1,1,0,0,0,0,0,0,0,1,0,0,0,0,0
3423,3423.png,wsj34.png,data/news/wsj34.png,exact,N,22.2,10,186.17777777777778,13.644697789902779,0,0,1,1,1,1,0,0,0,0,1,4,1,3,3,3,1,1,1,1,0,0,0,0,0,0,0,0,0
3424,3424.png,wsj218.png,data/news/wsj218.png,exact,N,35.6,10,334.4888888888889,18.28903739645389,0,0,1,1,1,1,0,0,0,0,1,4,3,1,3,3,1,1,1,1,0,0,0,0,0,0,0,0,0
3425,3425.png,v484_n7394_3_f3.png,data/science/v484_n7394_3_f3.png,exact,S,89.0,10,198.88888888888889,14.102797200870786,0,1,1,1,1,0,0,0,0,0,0,7,5,4,7,3,1,0,1,0,1,0,0,0,0,1,0,0,0
3426,3426.png,vis419.png,data/vis2/vis419.png,exact,I,36.7,10,675.1222222222223,25.983114174829435,0,0,1,1,1,1,0,0,0,0,1,2,3,4,3,1,1,0,1,0,0,0,0,0,0,0,0,0,0
3427,3427.png,visMost558.png,data/vis1/visMost558.png,exact,I,21.1,10,766.9888888888889,27.694564248041328,0,0,0,1,1,1,0,0,0,0,1,6,0,1,1,1,0,0,0,0,1,0,0,0,0,0,0,0,0
3428,3428.png,v485_n7396_22_f3.png,data/science/v485_n7396_22_f3.png,exact,S,87.9,10,483.2111111111111,21.982063395211814,0,1,1,1,1,0,0,0,0,0,0,1,4,5,12,4,1,0,1,0,1,0,0,0,0,0,1,1,0
3429,3429.png,wsj20.png,data/news/wsj20.png,exact,N,34.6,10,394.4888888888889,19.861744356649265,0,0,0,1,1,1,0,0,0,0,1,8,2,2,1,1,0,0,0,0,1,0,0,0,0,0,0,0,0
3430,3430.png,vis380.png,data/vis2/vis380.png,exact,I,69.3,10,962.6777777777777,31.02704913100467,0,0,1,1,1,1,1,0,0,0,1,6,5,4,6,5,1,1,1,1,1,0,0,0,0,0,1,0,0
3431,3431.png,economist_daily_chart_417.png,data/news/economist_daily_chart_417.png,exact,N,12.4,10,115.82222222222224,10.76207332358511,0,0,1,1,0,1,1,0,0,0,1,3,2,2,1,1,0,0,1,0,0,0,0,0,0,0,0,0,0
3432,3432.png,wsj581.png,data/news/wsj581.png,exact,N,15.9,10,384.1,19.598469327985796,0,0,1,1,1,1,0,0,0,0,1,3,2,1,1,1,0,0,0,0,0,0,0,1,0,0,0,0,0
3433,3433.png,whoQ19.png,data/government/whoQ19.png,exact,G,52.8,10,1303.9555555555555,36.11032477776343,0,1,1,1,0,1,0,0,0,0,0,1,1,2,1,1,0,0,0,0,0,1,0,0,0,0,0,0,0
3434,3434.png,economist_daily_chart_371.png,data/news/economist_daily_chart_371.png,exact,N,42.2,10,881.9555555555555,29.697736539264326,0,0,0,1,1,1,1,0,0,0,1,7,1,1,6,1,1,0,0,1,0,0,0,0,0,0,0,0,0
3435,3435.png,v487_n7406_19_f4.png,data/science/v487_n7406_19_f4.png,exact,S,80.2,10,319.06666666666666,17.862437310363518,0,1,1,1,1,0,1,0,0,0,0,8,4,4,5,4,1,0,0,0,1,1,1,0,0,1,0,0,0
3436,3436.png,wsj595.png,data/news/wsj595.png,exact,N,35.1,10,719.6555555555556,26.826396618919127,0,0,1,1,1,1,0,0,0,0,1,4,3,2,2,2,1,0,1,0,0,0,0,0,0,1,0,0,0
3437,3437.png,economist_daily_chart_365.png,data/news/economist_daily_chart_365.png,exact,N,22.4,10,300.26666666666665,17.32820436937038,0,0,1,1,1,1,0,0,0,0,1,3,2,1,1,2,0,0,0,0,0,0,0,1,0,1,0,0,0
3438,3438.png,economist_daily_chart_403.png,data/news/economist_daily_chart_403.png,exact,N,26.300000000000004,10,813.788888888889,28.52698527515463,0,0,0,1,1,1,1,0,0,0,1,3,3,1,1,1,0,0,1,0,0,0,0,0,0,0,0,0,0
3439,3439.png,whoN04_1.png,data/government/whoN04_1.png,exact,G,33.4,10,894.2666666666667,29.904291776711027,0,0,0,1,0,1,1,0,0,0,0,7,1,0,1,1,0,0,0,0,0,0,0,0,1,0,0,0,0
3440,3440.png,vis394.png,data/vis2/vis394.png,exact,I,65.3,10,1013.5666666666667,31.83656179091371,0,0,1,1,1,1,0,0,0,0,1,4,5,5,5,1,0,0,0,0,0,0,0,0,0,0,1,0,0
3441,3441.png,whoF14.png,data/government/whoF14.png,exact,G,20.3,10,125.78888888888889,11.215564581816151,0,1,1,1,0,1,1,0,0,0,1,3,1,2,1,1,1,0,1,0,0,0,0,0,0,0,0,0,0
3442,3442.png,whoQ25.png,data/government/whoQ25.png,exact,G,26.4,10,436.93333333333334,20.902950349970535,0,1,1,1,1,1,1,0,0,0,0,3,2,1,1,1,0,0,1,0,0,0,0,0,0,0,0,0,0
3443,3443.png,economist_daily_chart_359.png,data/news/economist_daily_chart_359.png,exact,N,42.9,10,982.1,31.338474755482277,0,0,1,1,1,1,1,0,0,0,1,6,3,1,1,1,0,0,1,0,0,0,0,0,0,0,0,0,0
3444,3444.png,whoQ31.png,data/government/whoQ31.png,exact,G,14.8,10,520.6222222222223,22.81714754789087,0,1,1,1,0,1,1,0,0,0,0,2,3,0,1,1,0,1,0,0,0,0,0,0,0,0,0,0,0
3445,3445.png,v490_n7420_21_f3.png,data/science/v490_n7420_21_f3.png,exact,S,74.7,10,882.0111111111111,29.698671874531883,0,1,1,1,1,0,1,0,0,0,0,14,5,5,5,3,1,0,1,0,1,0,0,0,0,0,1,0,0
3446,3446.png,whoQ23_1.png,data/government/whoQ23_1.png,exact,G,28.8,10,1065.9555555555557,32.6489748009881,0,1,1,1,0,0,0,0,0,0,1,2,2,0,1,1,0,0,0,0,0,0,0,0,0,1,0,0,0
3447,3447.png,v488_n7412_21_f2.png,data/science/v488_n7412_21_f2.png,exact,S,64.1,10,572.7666666666667,23.932544090979267,0,1,1,1,1,0,1,0,0,0,0,5,5,2,11,2,1,0,1,0,1,0,0,0,0,0,0,0,0
3448,3448.png,whoF01.png,data/government/whoF01.png,exact,G,7.5,10,133.38888888888889,11.549410759380276,0,1,1,1,0,1,0,0,1,0,1,3,1,1,2,1,1,0,0,0,0,0,0,0,0,0,1,0,0
3449,3449.png,v484_n7394_13_f4.png,data/science/v484_n7394_13_f4.png,exact,S,73.0,10,994.4444444444445,31.534813214040835,0,1,1,1,0,0,0,0,0,0,0,9,6,0,3,3,1,1,0,0,0,0,0,1,0,1,0,0,0
3450,3450.png,v490_n7420_21_f2.png,data/science/v490_n7420_21_f2.png,exact,S,75.7,10,580.4555555555555,24.092645258575395,0,1,1,1,1,0,1,0,0,0,0,4,2,5,8,4,1,0,1,0,1,1,0,1,0,0,0,0,0
3451,3451.png,economist_daily_chart_358.png,data/news/economist_daily_chart_358.png,exact,N,27.1,10,256.5444444444444,16.01700485248239,0,1,1,1,0,1,0,0,0,0,1,3,3,0,1,2,0,0,1,0,0,0,0,1,0,0,0,0,0
3452,3452.png,whoC31_2.png,data/government/whoC31_2.png,exact,G,16.4,10,142.93333333333334,11.955472944778611,0,1,1,1,0,0,1,0,0,0,0,3,2,1,1,2,1,0,1,0,0,0,0,1,0,0,0,0,0
3453,3453.png,v488_n7412_21_f3.png,data/science/v488_n7412_21_f3.png,exact,S,87.0,10,278.6666666666667,16.69331203406522,0,1,1,1,1,0,1,0,0,0,0,4,4,4,11,3,1,0,1,0,1,0,0,0,0,0,1,0,0
3454,3454.png,v485_n7400_1_f1.png,data/science/v485_n7400_1_f1.png,exact,S,91.0,10,222.0,14.89966442575134,0,1,1,1,0,0,1,0,0,0,0,5,5,5,15,4,1,0,1,0,1,0,0,0,0,1,1,0,0
3455,3455.png,whoF15.png,data/government/whoF15.png,exact,G,16.2,10,119.73333333333333,10.942272768183644,0,0,1,1,1,1,0,0,0,0,1,4,2,0,2,1,1,0,0,1,0,0,0,0,0,0,0,0,0
3456,3456.png,economist_daily_chart_364.png,data/news/economist_daily_chart_364.png,exact,N,12.0,10,123.11111111111111,11.095544651395493,0,0,1,1,0,1,0,0,0,0,1,3,2,1,2,1,1,0,1,0,0,0,0,0,0,0,0,0,0
3457,3457.png,wsj594.png,data/news/wsj594.png,exact,N,44.7,10,378.6777777777778,19.459644852303388,0,0,1,1,1,1,1,0,0,0,0,6,4,3,4,3,1,0,1,1,0,1,0,0,0,0,0,0,0
3458,3458.png,v490_n7418_15_f4.png,data/science/v490_n7418_15_f4.png,exact,S,30.8,10,649.9555555555556,25.494225925796524,0,0,1,0,1,0,0,0,0,1,0,0,0,0,1,1,0,0,0,0,0,0,0,0,0,0,0,0,1
3459,3459.png,vis395.png,data/vis2/vis395.png,exact,I,52.2,10,851.5111111111112,29.1806633082785,0,0,1,1,1,1,1,0,0,0,1,7,8,4,12,4,1,0,1,1,1,0,0,0,0,0,1,0,0
3460,3460.png,v488_n7410_1_f6.png,data/science/v488_n7410_1_f6.png,exact,S,79.3,10,360.6777777777778,18.99151857482118,0,1,1,1,0,0,0,0,0,0,0,4,2,0,3,4,1,1,0,0,1,1,0,1,0,0,0,0,0
3461,3461.png,economist_daily_chart_402.png,data/news/economist_daily_chart_402.png,exact,N,39.6,10,747.6,27.342274960214997,0,1,1,1,1,1,0,0,0,0,1,3,2,1,1,1,0,0,0,0,0,0,0,0,0,1,0,0,0
3462,3462.png,v485_n7397_2_f1.png,data/science/v485_n7397_2_f1.png,exact,S,83.5,10,601.3888888888889,24.523231615936936,0,1,1,1,1,0,1,0,0,0,0,5,4,3,3,4,1,1,1,0,1,0,0,0,0,0,0,1,0
3463,3463.png,economist_daily_chart_416.png,data/news/economist_daily_chart_416.png,exact,N,34.1,10,713.8777777777777,26.718491308039415,0,1,1,1,0,1,0,0,0,0,1,3,3,0,1,2,0,0,1,0,0,0,0,1,0,0,0,0,0
3464,3464.png,vis381.png,data/vis2/vis381.png,exact,I,51.3,10,418.23333333333335,20.45075385733576,0,0,1,1,1,1,0,0,0,0,1,6,13,1,1,1,0,0,0,0,1,0,0,0,0,0,0,0,0
3465,3465.png,economist_daily_chart_370.png,data/news/economist_daily_chart_370.png,exact,N,20.7,10,739.3444444444443,27.190888996949774,0,0,1,1,1,1,0,0,0,0,1,2,2,1,1,1,0,0,1,0,0,0,0,0,0,0,0,0,0
3466,3466.png,wsj580.png,data/news/wsj580.png,exact,N,35.9,10,305.43333333333334,17.47665109033574,0,0,1,1,1,1,0,0,0,0,1,5,4,0,9,1,1,0,1,0,0,0,0,0,0,0,0,0,0
3467,3467.png,v485_n7396_22_f2.png,data/science/v485_n7396_22_f2.png,exact,S,88.6,10,316.4888888888889,17.79013459445681,0,1,1,1,1,0,1,0,0,1,0,0,4,5,19,3,1,0,0,0,1,1,0,0,0,1,0,0,0
3468,3468.png,visMost559.png,data/vis1/visMost559.png,exact,I,47.1,10,1333.4333333333334,36.51620644773131,0,0,1,1,1,1,0,0,0,0,1,1,0,1,1,1,1,0,0,0,0,0,0,0,0,0,1,0,0
3469,3469.png,wsj21.png,data/news/wsj21.png,exact,N,46.2,10,716.6222222222223,26.76980056373641,0,0,1,1,1,1,1,1,0,0,1,5,2,3,1,3,0,1,0,1,0,0,0,0,0,1,0,0,0
3470,3470.png,treasuryL11_2.png,data/government/treasuryL11_2.png,exact,G,12.6,10,88.04444444444445,9.383200117467625,0,0,1,1,1,1,0,0,0,0,0,8,1,1,1,2,0,0,0,1,0,1,0,0,0,0,0,0,0
3471,3471.png,v485_n7398_13_f1.png,data/science/v485_n7398_13_f1.png,exact,S,43.1,10,1142.7666666666667,33.80483200175186,0,1,1,1,0,0,0,0,0,0,0,3,4,0,3,2,1,0,0,0,0,0,0,1,0,1,0,0,0
3472,3472.png,v488_n7410_16_f1.png,data/science/v488_n7410_16_f1.png,exact,S,73.2,10,477.5111111111111,21.852027620134272,0,1,1,1,1,0,0,0,0,0,0,6,1,2,5,3,1,0,1,0,1,0,1,0,0,0,0,0,0
3473,3473.png,wsj219.png,data/news/wsj219.png,exact,N,36.5,10,1128.5,33.59315406448165,0,0,0,1,0,1,1,1,0,0,0,6,1,1,1,1,0,0,0,0,0,0,0,0,1,0,0,0,0
3474,3474.png,whoH10_1.png,data/government/whoH10_1.png,exact,G,10.5,10,111.83333333333333,10.575128052810204,0,1,1,1,0,0,1,0,0,0,0,4,2,1,1,1,1,0,1,0,0,0,0,0,0,0,0,0,0
3475,3475.png,wsj35.png,data/news/wsj35.png,exact,N,28.4,10,534.0444444444445,23.109401646179514,0,0,1,1,1,1,0,0,0,0,1,4,3,0,2,2,1,0,1,0,0,0,0,1,0,0,0,0,0
3476,3476.png,vis418.png,data/vis2/vis418.png,exact,I,28.1,10,776.1,27.858571391943272,0,0,0,1,1,1,1,0,0,0,0,3,0,2,1,1,0,0,0,0,0,0,0,0,1,0,0,0,0
3477,3477.png,v484_n7394_3_f2.png,data/science/v484_n7394_3_f2.png,exact,S,90.6,10,217.6,14.75127113166862,0,0,0,1,1,0,0,0,0,0,0,10,1,2,5,1,1,0,0,0,1,0,0,0,0,0,0,0,0
3478,3478.png,v487_n7408_6_f2.png,data/science/v487_n7408_6_f2.png,exact,S,68.0,10,930.6666666666666,30.506829836393468,0,1,1,1,1,0,0,0,0,0,0,3,6,0,4,1,1,0,0,0,0,0,0,0,0,1,0,0,0
3479,3479.png,visMost565.png,data/vis1/visMost565.png,exact,I,27.8,10,998.4000000000001,31.5974682530104,0,0,1,1,1,1,0,0,0,0,1,4,0,1,1,1,0,0,0,0,0,0,0,0,0,0,1,0,0
3480,3480.png,wsj557.png,data/news/wsj557.png,exact,N,31.8,10,543.2888888888889,23.308558275639633,0,1,1,1,1,1,0,0,0,0,1,6,2,0,1,1,0,0,1,0,0,0,0,0,0,0,0,0,0
3481,3481.png,wsj231.png,data/news/wsj231.png,exact,N,44.6,10,733.3777777777777,27.080948612959954,0,0,1,1,1,1,0,0,0,0,1,6,5,0,2,2,0,0,1,0,0,1,0,0,0,0,0,0,0
3482,3482.png,v488_n7410_18_f4.png,data/science/v488_n7410_18_f4.png,exact,S,80.7,10,113.12222222222222,10.63589310881894,0,1,1,1,1,0,1,0,0,0,0,6,3,3,14,5,1,1,1,0,1,1,0,0,0,0,1,0,0
3483,3483.png,visMost203.png,data/vis1/visMost203.png,exact,I,46.7,10,678.6777777777778,26.051444830906746,0,0,1,1,1,1,1,0,0,0,1,9,9,1,14,3,1,1,0,1,0,1,0,0,0,0,0,0,0
3484,3484.png,vis356.png,data/vis2/vis356.png,exact,I,54.0,10,840.4444444444445,28.9904198735452,0,1,1,1,1,1,1,1,0,0,1,6,3,6,8,2,1,0,0,0,0,0,0,0,1,0,1,0,0
3485,3485.png,visMost217.png,data/vis1/visMost217.png,exact,I,31.1,10,792.9888888888889,28.160058396404096,0,1,1,1,1,1,1,0,0,0,1,5,1,5,1,1,0,0,1,0,0,0,0,0,0,0,0,0,0
3486,3486.png,vis342.png,data/vis2/vis342.png,exact,I,51.9,10,897.2111111111111,29.953482453816804,0,0,0,1,1,1,0,0,0,0,0,3,6,8,13,6,1,0,1,1,1,1,0,1,0,0,1,0,0
3487,3487.png,wsj225.png,data/news/wsj225.png,exact,N,38.7,10,672.9,25.940316112183368,0,0,0,1,1,1,0,0,0,0,1,7,0,1,1,1,0,0,0,0,0,0,0,0,1,0,0,0,0
3488,3488.png,v484_n7392_7_f3.png,data/science/v484_n7392_7_f3.png,exact,S,66.0,10,691.7777777777778,26.301668726105152,0,1,1,1,1,0,0,0,0,0,0,2,6,2,7,5,1,1,0,0,0,1,0,1,0,1,0,0,1
3489,3489.png,wsj543.png,data/news/wsj543.png,exact,N,46.3,10,961.5666666666666,31.009138437993833,0,0,1,1,1,1,1,0,0,0,1,7,0,1,1,1,0,0,0,0,1,0,0,0,0,0,0,0,0
3490,3490.png,v490_n7419_1_f10.png,data/science/v490_n7419_1_f10.png,exact,S,38.9,10,623.6555555555556,24.973096635290457,0,0,0,0,1,0,0,0,0,0,0,2,3,1,1,1,1,0,0,0,1,0,0,0,0,0,0,0,0
3491,3491.png,visMost571.png,data/vis1/visMost571.png,exact,I,50.5,10,782.5,27.97320146139873,0,1,1,1,1,1,1,0,0,0,1,6,5,4,3,4,1,0,1,1,1,0,0,0,0,0,1,0,0
3492,3492.png,treasuryB19.png,data/government/treasuryB19.png,exact,G,65.0,10,388.8888888888889,19.72026594366539,0,1,1,1,1,1,0,0,0,0,0,8,5,3,3,4,0,1,1,0,0,1,0,1,0,0,0,0,0
3493,3493.png,v490_n7418_8_f2.png,data/science/v490_n7418_8_f2.png,exact,S,32.7,10,971.3444444444444,31.166399285840583,0,1,1,0,1,0,0,0,0,0,0,3,3,0,1,1,0,0,0,0,0,0,0,0,0,1,0,0,0
3494,3494.png,v489_n7416_9_f3.png,data/science/v489_n7416_9_f3.png,exact,S,74.9,10,260.5444444444444,16.141389173316046,0,1,1,1,0,0,0,0,0,0,0,4,4,0,8,4,1,1,1,0,1,1,0,0,0,0,0,0,0
3495,3495.png,visMost798.png,data/vis1/visMost798.png,exact,I,40.5,10,594.0555555555555,24.373254923287444,0,1,1,1,1,1,0,0,0,0,1,6,1,1,1,1,0,0,0,0,1,0,0,0,0,0,0,0,0
3496,3496.png,vis815.png,data/vis3/vis815.png,exact,I,38.0,10,822.8888888888889,28.686039965266886,0,1,1,1,1,1,0,0,0,0,1,7,3,2,1,2,1,0,0,1,0,0,0,0,0,0,1,0,0
3497,3497.png,whoQ42_1.png,data/government/whoQ42_1.png,exact,G,15.9,10,482.7666666666667,21.971951817411824,0,1,1,1,0,0,0,0,0,0,0,1,1,1,1,1,0,0,1,0,0,0,0,0,0,0,0,0,0
3498,3498.png,v485_n7398_7_f4.png,data/science/v485_n7398_7_f4.png,exact,S,74.6,10,207.15555555555557,14.392899483966238,0,1,1,0,1,0,1,0,0,0,0,3,2,2,1,1,0,0,0,0,0,0,0,0,0,1,0,0,0
3499,3499.png,vis801.png,data/vis3/vis801.png,exact,I,35.7,10,456.0111111111111,21.35441666520327,0,1,1,1,1,1,0,0,0,0,1,3,4,2,3,3,1,1,1,0,0,1,0,0,0,0,0,0,0
3500,3500.png,v485_n7396_14_f3.png,data/science/v485_n7396_14_f3.png,exact,S,63.6,10,776.2666666666667,27.8615625309613,0,0,0,0,1,0,0,0,0,0,0,6,1,1,1,1,0,0,0,0,1,0,0,0,0,0,0,0,0
3501,3501.png,v490_n7419_8_f2.png,data/science/v490_n7419_8_f2.png,exact,S,70.6,10,492.26666666666665,22.187083329420897,0,1,1,1,1,0,1,0,0,0,0,5,3,1,4,2,0,0,0,0,1,0,0,1,0,0,0,0,0
3502,3502.png,v489_n7417_9_f3.png,data/science/v489_n7417_9_f3.png,exact,S,67.7,10,480.90000000000003,21.929432277193133,0,1,1,1,1,0,1,0,0,0,0,7,5,3,7,3,1,0,1,0,0,0,0,0,0,1,0,0,1
3503,3503.png,v485_n7399_23_f2.png,data/science/v485_n7399_23_f2.png,exact,S,85.1,10,183.65555555555557,13.551957628164116,0,1,1,1,1,0,1,0,0,0,0,12,2,4,5,2,1,0,0,0,1,1,0,0,0,0,0,0,0
3504,3504.png,whoN06_2.png,data/government/whoN06_2.png,exact,G,18.1,10,149.87777777777777,12.24245799575305,0,0,0,1,0,1,1,0,0,0,0,6,0,1,1,1,0,0,0,0,0,0,0,0,1,0,0,0,0
3505,3505.png,vis197.png,data/vis2/vis197.png,exact,I,57.5,10,728.5,26.99073915253156,0,1,1,1,1,1,0,0,0,0,1,4,6,3,5,2,1,0,1,0,0,1,0,0,0,0,0,0,0
3506,3506.png,v485_n7398_9_f1.png,data/science/v485_n7398_9_f1.png,exact,S,46.1,10,624.3222222222222,24.986440767388665,0,1,1,0,0,0,1,1,0,0,1,4,4,2,1,1,0,0,0,0,0,0,0,1,0,0,0,0,0
3507,3507.png,vis829.png,data/vis3/vis829.png,exact,I,41.3,10,1142.6777777777777,33.803517239745595,0,0,1,1,1,1,1,0,0,0,1,6,4,1,6,3,1,0,0,1,0,1,0,0,1,0,0,0,0
3508,3508.png,v486_n7404_2_f4.png,data/science/v486_n7404_2_f4.png,exact,S,76.3,10,519.5666666666667,22.7940050598105,0,1,1,1,1,0,0,0,0,0,0,6,8,4,13,4,1,0,1,1,1,1,0,0,0,0,0,0,0
3509,3509.png,economist_daily_chart_166.png,data/news/economist_daily_chart_166.png,exact,N,26.9,10,538.7666666666667,23.211347799442123,0,0,1,1,0,1,1,0,0,0,1,4,2,2,2,1,1,0,1,0,0,0,0,0,0,0,0,0,0
3510,3510.png,v487_n7405_10_f1.png,data/science/v487_n7405_10_f1.png,exact,S,61.4,10,694.7111111111111,26.35737299336015,0,1,1,1,1,0,0,0,0,0,1,4,2,2,5,1,0,0,0,0,1,0,0,0,0,0,0,0,0
3511,3511.png,v483_n7391_20_f2.png,data/science/v483_n7391_20_f2.png,exact,S,85.1,10,196.54444444444445,14.019430960079815,0,0,0,1,1,0,0,0,0,0,0,4,6,2,6,1,1,0,0,0,1,0,0,0,0,0,0,0,0
3512,3512.png,economist_daily_chart_172.png,data/news/economist_daily_chart_172.png,exact,N,21.6,10,599.8222222222222,24.49126828529348,0,1,1,1,1,1,0,0,0,0,0,3,2,1,1,1,0,0,1,0,0,0,0,0,0,0,0,0,0
3513,3513.png,vis183.png,data/vis2/vis183.png,exact,I,61.4,10,510.93333333333334,22.60383448296623,0,0,1,1,1,1,1,0,0,0,1,6,2,3,2,3,1,1,0,1,0,0,0,0,0,0,0,0,1
3514,3514.png,v485_n7399_9_f1.png,data/science/v485_n7399_9_f1.png,exact,S,72.5,10,357.3888888888889,18.904731917932317,0,1,1,1,1,0,0,0,0,0,0,3,6,1,4,3,1,0,0,0,1,0,0,1,0,1,0,0,0
3515,3515.png,v487_n7406_21_f1.png,data/science/v487_n7406_21_f1.png,exact,S,69.6,10,441.3777777777778,21.00899278351482,0,1,1,1,1,0,0,0,0,1,0,0,1,3,5,2,1,0,1,0,0,0,0,0,0,0,0,0,1
3516,3516.png,vis168.png,data/vis2/vis168.png,exact,I,57.4,10,768.4888888888889,27.721632146915322,0,1,1,1,1,1,0,0,0,0,1,6,8,2,5,3,1,0,0,1,0,0,0,0,1,1,0,0,0
3517,3517.png,whoJ18.png,data/government/whoJ18.png,exact,G,50.9,10,542.3222222222222,23.287812740191427,0,1,1,1,1,1,1,0,0,0,0,6,4,1,3,3,1,0,1,0,0,0,0,0,1,1,0,0,0
3518,3518.png,economist_daily_chart_199.png,data/news/economist_daily_chart_199.png,exact,N,36.6,10,680.0444444444445,26.07766179020743,0,1,1,1,1,1,0,0,0,0,1,3,1,1,3,1,1,0,1,0,0,0,0,0,0,0,0,0,0
3519,3519.png,treasuryL16.png,data/government/treasuryL16.png,exact,G,35.0,10,733.5555555555555,27.0842307543625,0,1,1,1,1,0,1,0,0,0,0,5,2,1,1,1,0,0,1,0,0,0,0,0,0,0,0,0,0
3520,3520.png,v490_n7420_17_f3.png,data/science/v490_n7420_17_f3.png,exact,S,85.2,10,99.95555555555556,9.997777530809312,0,1,1,1,1,0,0,0,0,0,0,3,8,4,10,4,1,0,1,0,1,1,0,0,0,0,1,0,0
3521,3521.png,vis154.png,data/vis2/vis154.png,exact,I,44.8,10,861.0666666666667,29.343937477214382,0,1,1,1,1,0,0,0,0,0,0,4,3,1,1,1,0,0,0,0,1,0,0,0,0,0,0,0,0
3522,3522.png,v483_n7388_3_f4.png,data/science/v483_n7388_3_f4.png,exact,S,86.6,10,131.82222222222222,11.481385901633226,0,1,1,1,1,0,0,0,0,0,0,2,5,3,14,4,1,0,1,0,0,1,0,1,1,0,0,0,0
3523,3523.png,visMost767.png,data/vis1/visMost767.png,exact,I,43.5,10,827.3888888888889,28.764368390230455,0,0,0,1,1,1,0,0,0,0,1,5,0,2,1,1,1,0,0,0,0,0,0,0,0,0,0,0,1
3524,3524.png,vis632.png,data/vis3/vis632.png,exact,I,40.0,10,824.6666666666666,28.717010057919794,0,1,1,1,1,1,0,0,0,0,1,7,7,1,4,2,1,0,1,1,0,0,0,0,0,0,0,0,0
3525,3525.png,visMost773.png,data/vis1/visMost773.png,exact,I,30.3,10,888.6777777777778,29.810699048794174,0,1,1,1,1,1,0,0,0,0,1,6,1,1,1,1,0,0,0,0,0,0,0,0,0,0,1,0,0
3526,3526.png,whoJ30.png,data/government/whoJ30.png,exact,G,47.4,10,718.4888888888888,26.804643047220175,0,1,1,1,1,1,1,1,0,0,0,6,4,2,3,3,1,0,1,0,0,0,0,0,1,1,0,0,0
3527,3527.png,v484_n7393_19_f1.png,data/science/v484_n7393_19_f1.png,exact,S,72.2,10,262.84444444444443,16.212478047616422,0,1,1,1,1,0,0,0,0,0,0,3,3,5,4,4,1,0,1,0,1,1,0,0,0,0,1,0,0
3528,3528.png,vis626.png,data/vis3/vis626.png,exact,I,51.1,10,682.1,26.11704424317576,0,1,1,1,1,1,0,0,0,0,0,3,3,2,4,5,1,1,1,1,0,1,0,0,1,0,0,0,0
3529,3529.png,v483_n7389_3_f4.png,data/science/v483_n7389_3_f4.png,exact,S,73.0,10,641.7777777777778,25.333333333333336,0,1,1,0,0,0,0,0,0,0,0,10,4,5,4,1,1,0,0,0,0,0,0,0,1,0,0,0,0
3530,3530.png,vis140.png,data/vis2/vis140.png,exact,I,43.5,10,1175.388888888889,34.28394506017195,0,1,1,1,1,1,0,0,0,0,1,3,5,1,1,2,1,0,0,0,0,0,0,1,0,0,1,0,0
3531,3531.png,whoQ44_7.png,data/government/whoQ44_7.png,exact,G,24.1,10,953.8777777777777,30.88491181431117,0,0,1,1,0,0,1,0,0,0,0,2,1,2,1,1,0,0,1,0,0,0,0,0,0,0,0,0,0
3532,3532.png,whoB37_1.png,data/government/whoB37_1.png,exact,G,27.9,10,277.43333333333334,16.656330128012392,0,1,1,1,0,1,0,0,0,0,1,3,1,2,1,2,1,1,0,0,0,0,0,0,0,0,1,0,0
3533,3533.png,vis961.png,data/vis3/vis961.png,exact,I,61.0,10,949.7777777777778,30.81846488353659,0,1,1,1,1,1,0,0,0,0,1,5,1,2,1,1,0,0,0,0,0,0,0,0,0,0,1,0,0
3534,3534.png,visMost91.png,data/vis1/visMost91.png,exact,I,47.8,10,807.2888888888889,28.41282965297348,0,0,0,0,0,0,1,0,0,0,1,10,0,1,1,1,0,0,0,0,0,0,0,0,1,0,0,0,0
3535,3535.png,vis975.png,data/vis3/vis975.png,exact,I,43.4,10,945.3777777777779,30.746996239922005,0,0,1,1,1,1,0,0,0,0,1,3,5,1,3,2,1,0,1,0,0,0,0,0,0,0,1,0,0
3536,3536.png,visMost85.png,data/vis1/visMost85.png,exact,I,56.5,10,594.2777777777778,24.377813227969767,0,0,0,1,1,1,0,0,0,0,1,7,1,0,1,1,0,0,0,0,1,0,0,0,0,0,0,0,0
3537,3537.png,v488_n7409_20_f3.png,data/science/v488_n7409_20_f3.png,exact,S,68.9,10,863.2111111111111,29.38045457631844,0,1,1,1,1,0,1,0,0,0,0,4,5,6,6,1,1,0,1,0,0,0,0,0,0,0,0,0,0
3538,3538.png,visMost820.png,data/vis1/visMost820.png,exact,I,67.5,10,981.3888888888889,31.32712704492528,0,0,1,1,1,1,0,0,0,0,0,3,1,1,1,1,1,0,0,0,1,0,0,0,0,0,0,0,0
3539,3539.png,v485_n7398_5_f1.png,data/science/v485_n7398_5_f1.png,exact,S,77.0,10,641.7777777777778,25.333333333333336,0,1,1,1,1,0,1,0,0,0,0,7,14,4,9,4,1,0,1,0,1,0,0,1,0,0,1,0,0
3540,3540.png,wsj184.png,data/news/wsj184.png,exact,N,53.3,10,620.2333333333333,24.90448420131068,0,0,1,1,1,1,0,0,0,0,1,2,2,1,1,1,0,0,0,0,0,0,0,1,0,0,0,0,0
3541,3541.png,economist_daily_chart_16.png,data/news/economist_daily_chart_16.png,exact,N,60.2,10,738.6222222222223,27.17760515980432,0,1,1,1,1,1,1,0,0,0,1,8,3,2,3,3,1,1,1,0,0,0,0,0,1,0,0,0,0
3542,3542.png,wsj4.png,data/news/wsj4.png,exact,N,31.1,10,701.4333333333333,26.484586712526465,0,1,1,1,0,1,0,0,0,0,1,4,4,1,2,1,1,1,0,0,0,0,0,0,0,0,0,0,0
3543,3543.png,v483_n7388_20_f1.png,data/science/v483_n7388_20_f1.png,exact,S,67.7,10,932.2333333333333,30.532496349518055,0,1,1,1,1,0,1,0,0,0,0,6,6,4,15,3,1,0,1,0,1,0,0,0,0,0,1,0,0
3544,3544.png,v485_n7396_18_f3.png,data/science/v485_n7396_18_f3.png,exact,S,79.0,10,115.77777777777777,10.760008261045982,0,1,1,1,1,0,0,0,0,0,0,3,5,5,8,3,1,0,1,0,1,0,0,1,0,0,0,0,0
3545,3545.png,vis785.png,data/vis3/vis785.png,exact,I,47.6,10,786.2666666666667,28.04044697694148,0,1,1,1,1,1,0,0,0,0,1,6,5,3,6,4,1,0,1,1,1,0,0,0,0,0,1,0,0
3546,3546.png,visMost808.png,data/vis1/visMost808.png,exact,I,45.7,10,1268.4555555555555,35.61538369238152,0,1,1,1,1,1,0,0,0,0,1,4,1,3,3,2,1,0,0,0,0,1,0,0,0,0,1,0,0
3547,3547.png,v490_n7419_4_f2.png,data/science/v490_n7419_4_f2.png,exact,S,78.6,10,719.3777777777779,26.8212187973958,0,1,1,1,1,0,0,0,0,0,0,5,10,3,14,4,1,0,1,0,1,1,0,0,1,0,0,0,0
3548,3548.png,vis791.png,data/vis3/vis791.png,exact,I,59.0,10,974.0,31.20897306865447,0,1,1,1,1,1,0,0,0,0,1,4,0,0,2,2,1,0,1,1,0,0,0,0,0,0,0,0,0
3549,3549.png,v490_n7418_4_f2.png,data/science/v490_n7418_4_f2.png,exact,S,86.9,10,80.32222222222222,8.962266578395345,0,0,1,1,0,0,1,0,0,0,0,9,2,3,3,1,1,0,0,0,0,0,1,0,0,0,0,0,0
3550,3550.png,wsj190.png,data/news/wsj190.png,exact,N,30.6,10,765.3777777777777,27.66546182115487,0,1,1,1,1,1,0,0,0,0,1,4,1,2,1,1,0,0,1,0,0,0,0,0,0,0,0,0,0
3551,3551.png,v484_n7393_15_f1.png,data/science/v484_n7393_15_f1.png,exact,S,79.9,10,828.5444444444445,28.784447961433003,0,1,1,1,1,0,1,0,0,0,0,3,4,8,11,3,1,0,0,0,1,0,0,1,0,0,1,0,0
3552,3552.png,v489_n7414_29_f5.png,data/science/v489_n7414_29_f5.png,exact,S,74.0,10,651.5555555555555,25.525586292102197,0,1,1,1,1,0,1,0,0,0,0,5,4,4,8,2,1,0,1,0,1,0,0,0,0,0,0,0,0
3553,3553.png,visMost149.png,data/vis1/visMost149.png,exact,I,48.800000000000004,10,1177.9555555555555,34.321357134524206,0,1,1,1,1,1,0,0,0,0,1,2,5,4,4,3,1,0,1,0,1,0,0,0,0,0,1,0,0
3554,3554.png,v487_n7407_1_f2.png,data/science/v487_n7407_1_f2.png,exact,S,68.6,10,311.3777777777778,17.64589974407023,0,1,1,1,0,0,1,0,0,0,0,7,6,1,4,2,1,0,0,0,0,0,1,0,0,1,0,0,0
3555,3555.png,visMost52.png,data/vis1/visMost52.png,exact,I,83.8,10,448.40000000000003,21.175457492106283,0,1,1,1,1,1,0,0,0,0,1,13,1,1,1,1,0,0,0,0,1,0,0,0,0,0,0,0,0
3556,3556.png,v489_n7415_21_f2.png,data/science/v489_n7415_21_f2.png,exact,S,69.5,10,171.38888888888889,13.091557924436987,0,1,0,1,0,0,0,0,0,0,0,4,4,3,8,2,1,0,0,0,1,0,0,1,0,0,0,0,0
3557,3557.png,wsj609.png,data/news/wsj609.png,exact,N,25.2,10,272.1777777777778,16.497811302647932,0,1,1,1,1,1,0,0,0,0,1,4,1,2,1,2,1,1,0,1,0,0,0,0,0,0,0,0,0
3558,3558.png,visMost46.png,data/vis1/visMost46.png,exact,I,67.3,10,541.7888888888889,23.276359012716934,0,1,1,1,1,0,0,0,0,1,1,0,0,1,1,1,0,0,0,0,0,0,0,0,0,0,0,0,1
3559,3559.png,v487_n7406_1_f2.png,data/science/v487_n7406_1_f2.png,exact,S,84.9,10,386.32222222222225,19.655081333391177,0,1,1,1,1,0,1,0,0,0,0,4,7,5,17,5,1,0,1,0,1,1,0,1,0,1,0,0,0
3560,3560.png,visMost175.png,data/vis1/visMost175.png,exact,I,58.1,10,796.5444444444445,28.223118970879963,0,1,1,1,0,0,0,0,0,0,1,3,0,1,1,1,1,0,0,0,0,0,0,0,0,0,1,0,0
3561,3561.png,wsj147.png,data/news/wsj147.png,exact,N,34.9,10,653.2111111111111,25.55799505264666,0,0,0,1,1,1,0,0,0,0,1,4,0,0,1,1,0,0,0,0,1,0,0,0,0,0,0,0,0
3562,3562.png,v483_n7388_1_f1.png,data/science/v483_n7388_1_f1.png,exact,S,57.0,10,672.0,25.92296279363144,0,1,1,1,1,0,1,0,0,0,1,5,2,5,2,3,1,0,0,0,1,1,0,1,0,0,0,0,0
3563,3563.png,vis746.png,data/vis3/vis746.png,exact,I,63.8,10,966.6222222222223,31.090548760390547,0,1,1,1,1,1,0,0,0,0,1,8,5,1,8,3,1,0,1,1,0,0,0,0,0,0,0,0,1
3564,3564.png,visMost613.png,data/vis1/visMost613.png,exact,I,63.6,10,865.3777777777777,29.41730405352907,0,1,1,1,1,1,0,0,0,0,1,34,4,4,6,3,1,0,1,1,1,0,0,0,0,0,0,0,0
3565,3565.png,vis752.png,data/vis3/vis752.png,exact,I,43.4,10,1225.3777777777777,35.005396409379195,0,1,1,1,1,1,0,0,0,0,0,4,4,2,7,3,1,0,0,1,0,1,0,0,1,0,0,0,0
3566,3566.png,visMost607.png,data/vis1/visMost607.png,exact,I,65.6,10,655.8222222222222,25.609026186526933,0,1,1,1,1,1,0,0,0,0,0,7,10,4,5,4,1,1,0,1,0,0,0,1,1,0,0,0,0
3567,3567.png,wsj153.png,data/news/wsj153.png,exact,N,36.3,10,610.2333333333333,24.702901314083196,0,1,1,1,1,1,0,0,0,0,1,3,4,4,3,3,1,1,0,1,0,1,0,0,0,0,0,0,0
3568,3568.png,v484_n7395_21_f2.png,data/science/v484_n7395_21_f2.png,exact,S,85.4,10,519.3777777777779,22.789861293517735,0,1,1,1,1,0,1,0,0,0,0,3,4,3,7,3,1,0,1,0,0,0,0,0,1,0,1,0,0
3569,3569.png,v486_n7401_19_f4.png,data/science/v486_n7401_19_f4.png,exact,S,72.7,10,508.23333333333335,22.544030991225444,0,1,1,1,1,0,1,0,0,1,0,0,4,3,6,2,1,0,1,0,0,1,0,0,0,0,0,0,0
3570,3570.png,visMost161.png,data/vis1/visMost161.png,exact,I,64.6,10,654.4888888888889,25.582980453592363,0,0,1,1,1,1,1,1,0,0,0,11,2,2,3,4,1,1,1,1,0,0,0,0,1,0,0,0,0
3571,3571.png,v483_n7389_1_f1.png,data/science/v483_n7389_1_f1.png,exact,S,70.2,10,693.2888888888889,26.330379581177496,0,1,1,1,1,0,0,0,0,0,0,5,2,9,14,2,1,0,1,0,1,0,0,0,0,0,0,0,0
3572,3572.png,v490_n7419_11_f3.png,data/science/v490_n7419_11_f3.png,exact,S,86.7,10,54.9,7.409453421137082,0,1,1,0,1,0,1,1,0,0,0,5,5,1,3,4,1,1,0,0,0,1,0,1,0,1,0,0,0
3573,3573.png,v485_n7400_3_f4.png,data/science/v485_n7400_3_f4.png,exact,S,48.4,10,719.8222222222222,26.829502832184986,0,1,1,1,1,0,1,0,0,0,0,3,8,4,4,1,1,0,1,0,0,0,0,0,0,0,0,0,0
3574,3574.png,v484_n7394_11_f1.png,data/science/v484_n7394_11_f1.png,exact,S,63.3,10,737.7888888888889,27.16226958280344,0,1,1,1,1,0,1,0,0,0,0,6,1,3,11,4,1,0,1,0,1,1,0,0,0,1,0,0,0
3575,3575.png,v489_n7415_17_f3.png,data/science/v489_n7415_17_f3.png,exact,S,81.3,10,88.23333333333333,9.393259994982218,0,1,1,0,1,0,1,0,0,0,0,6,6,4,16,3,1,0,0,0,0,1,0,1,0,1,0,0,0
3576,3576.png,visMost388.png,data/vis1/visMost388.png,exact,I,50.0,10,725.3333333333334,26.932013168965543,0,1,1,1,1,1,0,0,0,0,1,8,5,1,2,2,1,0,1,1,0,0,0,0,0,0,0,0,0
3577,3577.png,whoQ46_5.png,data/government/whoQ46_5.png,exact,G,22.7,10,410.67777777777775,20.26518634944613,0,1,1,1,0,0,1,0,0,0,0,3,2,3,1,1,0,0,0,0,0,0,0,1,0,0,0,0,0
3578,3578.png,v490_n7418_19_f4.png,data/science/v490_n7418_19_f4.png,exact,S,68.4,10,694.2666666666667,26.348940522659856,0,1,1,1,1,0,0,0,0,0,0,3,6,4,4,3,1,0,1,0,1,0,0,1,0,0,0,0,0
3579,3579.png,economist_daily_chart_238.png,data/news/economist_daily_chart_238.png,exact,N,23.699999999999996,10,504.9,22.469979973288805,0,0,1,1,1,1,0,0,0,0,1,4,2,1,1,1,0,0,1,0,0,0,0,0,0,0,0,0,0
3580,3580.png,v484_n7395_17_f3.png,data/science/v484_n7395_17_f3.png,exact,S,72.3,10,609.3444444444444,24.68490316862605,0,1,1,1,1,0,1,0,0,0,0,5,5,4,6,2,1,1,0,0,0,0,0,1,0,0,0,0,0
3581,3581.png,economist_daily_chart_210.png,data/news/economist_daily_chart_210.png,exact,N,34.9,10,744.3222222222222,27.282269374489765,0,1,1,1,0,1,1,1,0,0,1,9,3,3,2,2,1,0,1,0,0,0,0,1,0,0,0,0,0
3582,3582.png,vis587.png,data/vis3/vis587.png,exact,I,58.1,10,994.5444444444445,31.536398723450407,0,0,1,1,1,1,0,0,0,0,1,6,10,1,3,4,1,1,0,1,1,0,0,0,1,0,0,0,0
3583,3583.png,vis36.png,data/vis2/vis36.png,exact,I,46.3,10,1287.5666666666666,35.88267920134541,0,1,1,1,1,1,0,0,0,0,1,10,2,1,2,2,1,0,0,0,0,0,0,0,1,0,1,0,0
3584,3584.png,v488_n7410_3_f3.png,data/science/v488_n7410_3_f3.png,exact,S,89.5,10,61.611111111111114,7.849274559544411,0,1,1,1,1,0,0,0,0,0,0,3,9,2,12,3,1,0,1,0,0,0,0,1,0,1,0,0,0
3585,3585.png,wsj386.png,data/news/wsj386.png,exact,N,32.2,10,817.7333333333333,28.596037021470885,0,1,1,1,1,1,0,0,0,0,1,8,3,1,2,4,0,1,0,1,1,1,0,0,0,0,0,0,0
3586,3586.png,wsj392.png,data/news/wsj392.png,exact,N,20.3,10,574.2333333333333,23.963166179228764,0,1,0,1,1,1,0,0,0,0,1,2,1,2,2,1,0,0,1,0,0,0,0,0,0,0,0,0,0
3587,3587.png,v488_n7411_3_f3.png,data/science/v488_n7411_3_f3.png,exact,S,77.0,10,671.3333333333334,25.9101009904117,0,1,1,1,1,0,0,0,0,0,0,4,11,5,23,4,1,0,1,0,1,1,0,0,0,1,0,0,0
3588,3588.png,vis593.png,data/vis3/vis593.png,exact,I,43.9,10,626.5444444444445,25.030869829960853,0,1,1,1,1,1,0,0,0,0,1,7,5,1,3,3,1,0,0,1,0,1,0,0,0,0,1,0,0
3589,3589.png,vis22.png,data/vis2/vis22.png,exact,I,57.5,10,1212.9444444444443,34.827351958546096,0,1,1,1,1,1,1,0,0,0,1,2,6,4,8,4,1,0,1,1,1,0,0,0,0,0,1,0,0
3590,3590.png,economist_daily_chart_204.png,data/news/economist_daily_chart_204.png,exact,N,37.2,10,721.0666666666667,26.852684533704757,0,1,1,1,0,1,1,0,0,0,0,4,2,3,1,1,0,0,1,0,0,0,0,0,0,0,0,0,0
3591,3591.png,v486_n7403_16_f2.png,data/science/v486_n7403_16_f2.png,exact,S,58.0,10,606.2222222222222,24.62158041682585,0,1,1,1,1,0,0,0,0,0,0,2,2,3,3,2,1,0,0,0,0,0,0,1,0,1,0,0,0
3592,3592.png,vis578.png,data/vis3/vis578.png,exact,I,28.2,10,388.6222222222222,19.7135035501613,0,0,1,1,1,0,0,0,0,0,1,1,5,2,2,1,1,0,0,0,0,1,0,0,0,0,0,0,0
3593,3593.png,whoN08.png,data/government/whoN08.png,exact,G,24.8,10,445.28888888888895,21.10186932214511,0,1,1,1,0,1,0,0,1,0,1,1,2,2,1,1,0,0,0,0,0,0,0,0,0,0,1,0,0
3594,3594.png,v488_n7409_16_f2.png,data/science/v488_n7409_16_f2.png,exact,S,68.0,10,427.77777777777777,20.68278940998476,0,1,1,1,1,0,0,0,0,1,0,0,3,3,7,2,1,0,1,0,0,1,0,0,0,0,0,0,0
3595,3595.png,v483_n7390_12_f4.png,data/science/v483_n7390_12_f4.png,exact,S,42.7,10,746.4555555555555,27.321338831681647,0,1,1,1,0,0,1,0,0,0,0,4,3,0,2,2,1,0,0,0,0,1,0,0,1,0,0,0,0
3596,3596.png,wsj379.png,data/news/wsj379.png,exact,N,28.4,10,323.82222222222225,17.995061050805642,0,0,1,1,0,1,1,0,0,0,1,7,2,3,2,1,1,0,0,0,0,0,0,1,0,0,0,0,0
3597,3597.png,v489_n7417_20_f1.png,data/science/v489_n7417_20_f1.png,exact,S,51.0,10,661.7777777777778,25.725041842099653,0,1,1,0,1,0,1,0,0,1,0,0,2,1,2,2,0,0,1,0,0,1,0,0,0,0,0,0,0
3598,3598.png,v486_n7401_7_f2.png,data/science/v486_n7401_7_f2.png,exact,S,58.5,10,357.3888888888889,18.904731917932317,0,1,1,0,1,0,1,0,0,0,0,3,2,1,1,1,0,0,0,0,0,0,0,0,0,1,0,0,0
3599,3599.png,v483_n7389_10_f2.png,data/science/v483_n7389_10_f2.png,exact,S,69.8,10,427.2888888888889,20.67096729446614,0,1,1,1,1,0,0,0,0,0,0,3,2,1,4,1,1,0,0,0,0,0,0,1,0,0,0,0,0
3600,3600.png,visMost439.png,data/vis1/visMost439.png,exact,I,49.4,10,963.1555555555556,31.03474755102022,0,1,1,1,1,0,0,0,0,0,1,4,7,1,1,1,1,0,0,0,0,0,0,0,0,0,1,0,0
3601,3601.png,v485_n7398_11_f4.png,data/science/v485_n7398_11_f4.png,exact,S,55.0,10,366.44444444444446,19.142738687148306,0,1,1,1,1,0,0,0,0,0,0,4,2,2,4,2,1,0,0,0,0,0,0,1,0,0,1,0,0
3602,3602.png,visMost411.png,data/vis1/visMost411.png,exact,I,42.5,10,611.3888888888889,24.726279317537625,0,0,1,1,1,1,0,0,0,0,1,3,1,1,1,1,0,0,0,0,0,0,0,0,0,0,1,0,0
3603,3603.png,vis544.png,data/vis3/vis544.png,exact,I,59.1,10,833.2111111111111,28.86539643086703,0,0,1,1,1,1,0,0,0,0,0,3,6,2,11,3,1,1,1,1,0,0,0,0,0,0,0,0,0
3604,3604.png,wsj423.png,data/news/wsj423.png,exact,N,20.1,10,421.2111111111111,20.523428346918823,0,0,1,1,1,1,0,0,0,0,1,3,0,1,1,1,0,0,0,0,1,0,0,0,0,0,0,0,0
3605,3605.png,whoL01_1.png,data/government/whoL01_1.png,exact,G,14.8,10,551.7333333333333,23.489004519845736,0,1,1,1,0,0,0,0,1,0,1,1,0,2,1,1,0,0,0,0,0,0,0,0,0,0,1,0,0
3606,3606.png,v483_n7390_8_f2.png,data/science/v483_n7390_8_f2.png,exact,S,46.8,10,432.1777777777778,20.788885919591213,0,1,1,1,1,0,0,0,0,0,0,6,3,1,2,2,1,1,0,0,1,0,0,0,0,0,0,0,0
3607,3607.png,wsj345.png,data/news/wsj345.png,exact,N,42.0,10,844.6666666666666,29.06314963431642,0,1,1,1,1,1,0,0,0,0,1,4,2,0,2,1,1,0,1,0,0,0,0,0,0,0,0,0,0
3608,3608.png,vis222.png,data/vis2/vis222.png,exact,I,58.6,10,670.7111111111111,25.89809087772902,0,1,1,1,1,0,0,0,0,0,1,3,4,3,6,2,1,0,1,1,0,0,0,0,0,0,0,0,0
3609,3609.png,whoN34.png,data/government/whoN34.png,exact,G,12.9,10,98.76666666666667,9.938142012804338,0,1,1,1,0,0,0,0,0,0,0,2,1,2,1,1,0,0,1,0,0,0,0,0,0,0,0,0,0
3610,3610.png,v486_n7401_9_f7.png,data/science/v486_n7401_9_f7.png,exact,S,52.9,10,773.8777777777777,27.818658806236108,0,1,1,0,1,0,1,0,0,1,0,0,2,2,1,2,0,0,0,0,0,0,0,1,0,1,0,0,0
3611,3611.png,visMost377.png,data/vis1/visMost377.png,exact,I,48.1,10,927.6555555555556,30.457438427345718,0,1,1,1,1,1,0,0,0,0,1,1,4,2,1,1,1,0,0,0,0,0,0,0,0,0,1,0,0
3612,3612.png,vis236.png,data/vis2/vis236.png,exact,I,59.5,10,1178.7222222222222,34.33252426231171,0,1,1,1,1,1,0,0,0,0,1,10,0,5,2,2,1,0,0,0,1,0,0,0,0,0,1,0,0
3613,3613.png,whoN20.png,data/government/whoN20.png,exact,G,33.4,10,810.2666666666667,28.465183411786875,0,1,1,1,0,1,0,0,1,0,1,3,3,2,1,1,0,0,0,0,0,0,0,0,0,0,1,0,0
3614,3614.png,visMost363.png,data/vis1/visMost363.png,exact,I,42.2,10,821.7333333333333,28.665891462386675,0,1,1,1,1,1,0,0,0,0,0,6,4,1,4,5,1,1,0,1,1,1,0,0,0,0,1,0,0
3615,3615.png,v489_n7414_1_f8.png,data/science/v489_n7414_1_f8.png,exact,S,87.9,10,36.1,6.008327554319921,0,0,1,1,0,0,1,0,0,0,0,6,4,2,4,2,1,0,0,0,0,1,1,0,0,0,0,0,0
3616,3616.png,wsj351.png,data/news/wsj351.png,exact,N,41.4,10,768.2666666666667,27.71762375577435,0,1,1,1,1,1,0,0,0,0,1,5,6,5,5,2,1,0,1,0,0,0,0,0,0,0,1,0,0
3617,3617.png,wsj437.png,data/news/wsj437.png,exact,N,34.6,10,941.8222222222222,30.68912221328955,0,1,1,1,1,1,1,0,0,0,1,2,1,2,6,1,0,0,1,0,0,0,0,0,0,0,0,0,0
3618,3618.png,visMost405.png,data/vis1/visMost405.png,exact,I,33.7,10,609.5666666666667,24.689403935021733,0,0,1,1,0,0,0,0,0,0,1,6,2,1,1,1,0,0,0,0,0,0,0,0,0,0,1,0,0
3619,3619.png,v483_n7391_8_f2.png,data/science/v483_n7391_8_f2.png,exact,S,45.2,10,1077.5111111111112,32.82546437007573,0,1,1,0,1,0,0,0,0,1,0,0,2,1,1,2,0,1,0,0,0,0,0,1,0,0,0,0,0
3620,3620.png,vis550.png,data/vis3/vis550.png,exact,I,40.4,10,495.3777777777778,22.257083766247945,0,0,1,1,1,1,0,0,0,0,0,2,2,3,3,2,1,1,0,0,0,0,0,0,0,0,1,0,0
3621,3621.png,v484_n7394_1_f3.png,data/science/v484_n7394_1_f3.png,exact,S,73.0,10,458.0,21.400934559032695,0,1,1,1,1,0,1,0,0,1,0,0,13,5,14,3,1,0,1,0,0,0,0,1,0,1,0,0,0
3622,3622.png,whoN18.png,data/government/whoN18.png,exact,G,30.8,10,802.1777777777778,28.32274311887494,0,1,1,1,0,1,0,0,1,0,1,2,1,4,1,1,0,0,0,0,0,0,0,0,0,0,1,0,0
3623,3623.png,wsj369.png,data/news/wsj369.png,exact,N,54.8,10,389.73333333333335,19.741664907837265,0,1,1,1,1,1,0,0,0,0,1,5,0,2,2,1,0,0,0,0,1,0,0,0,0,0,0,0,0
3624,3624.png,v483_n7388_18_f1.png,data/science/v483_n7388_18_f1.png,exact,S,57.7,10,880.6777777777777,29.676215691657482,0,1,1,1,1,0,0,0,0,0,0,2,6,3,8,2,1,0,1,0,0,0,0,1,0,0,0,0,0
3625,3625.png,v485_n7396_20_f3.png,data/science/v485_n7396_20_f3.png,exact,S,76.3,10,335.34444444444443,18.312412305440386,0,1,1,0,1,0,1,1,0,0,0,3,5,3,12,3,1,0,1,0,0,1,0,1,0,0,0,0,0
3626,3626.png,visMost429.png,data/vis1/visMost429.png,exact,I,46.5,10,598.5,24.464259645450134,0,0,0,1,1,1,0,0,0,0,1,8,0,0,2,2,0,0,1,0,0,0,0,0,0,0,1,0,0
3627,3627.png,v484_n7395_1_f3.png,data/science/v484_n7395_1_f3.png,exact,S,65.8,10,379.06666666666666,19.469634476966093,0,1,1,1,1,0,1,0,0,0,0,5,4,4,5,3,1,1,1,0,0,0,0,1,0,0,0,0,0
3628,3628.png,whoH16_3.png,data/government/whoH16_3.png,exact,G,24.3,10,314.6777777777778,17.739159443947106,0,1,1,1,1,0,0,0,0,0,0,4,1,1,1,1,1,0,1,0,0,0,0,0,0,0,0,0,0
3629,3629.png,vis554.png,data/vis3/vis554.png,exact,I,72.6,10,371.82222222222225,19.282692297037315,0,0,1,1,0,1,0,0,0,0,0,17,1,2,1,3,0,1,0,1,0,0,0,0,0,1,0,0,0
3630,3630.png,v483_n7391_8_f6.png,data/science/v483_n7391_8_f6.png,exact,S,51.1,10,714.7666666666667,26.735120472267685,0,1,1,0,1,0,0,0,0,0,0,5,3,1,3,2,1,0,0,0,0,0,0,1,0,1,0,0,0
3631,3631.png,visMost401.png,data/vis1/visMost401.png,exact,I,42.6,10,905.3777777777777,30.089496136987368,0,0,1,1,1,1,0,0,0,0,1,16,1,1,1,1,0,0,0,0,1,0,0,0,0,0,0,0,0
3632,3632.png,wsj433.png,data/news/wsj433.png,exact,N,17.3,10,300.67777777777775,17.340062796246666,0,1,1,1,0,1,0,0,1,0,1,3,2,2,4,1,0,0,0,0,0,0,0,0,0,0,1,0,0
3633,3633.png,wsj355.png,data/news/wsj355.png,exact,N,47.7,10,245.78888888888886,15.677655720447776,0,1,1,1,1,1,0,0,0,0,1,5,3,1,9,1,1,0,1,0,0,0,0,0,0,0,0,0,0
3634,3634.png,visMost367.png,data/vis1/visMost367.png,exact,I,42.5,10,464.05555555555554,21.541948740899826,0,0,1,1,1,1,0,0,0,0,1,9,3,3,4,3,1,0,1,1,0,0,0,0,0,0,1,0,0
3635,3635.png,v484_n7392_5_f2.png,data/science/v484_n7392_5_f2.png,exact,S,82.6,10,296.93333333333334,17.231753634883866,0,1,1,0,1,1,1,1,0,0,0,5,4,2,13,3,1,0,0,0,1,1,0,1,0,0,0,0,0
3636,3636.png,vis232.png,data/vis2/vis232.png,exact,I,59.8,10,854.8444444444444,29.237722969555005,0,1,1,1,1,1,1,0,0,0,0,6,5,5,7,4,1,0,1,1,0,0,0,1,0,0,1,0,0
3637,3637.png,v488_n7409_18_f3.png,data/science/v488_n7409_18_f3.png,exact,S,71.1,10,563.6555555555556,23.741431202763568,0,1,1,1,1,0,0,0,0,0,0,6,0,3,3,3,1,0,0,1,0,0,0,1,0,1,0,0,0
3638,3638.png,whoN24.png,data/government/whoN24.png,exact,G,26.4,10,553.6,23.528705871764387,0,1,1,1,1,0,0,0,1,0,1,4,5,2,1,1,0,0,0,0,0,0,0,0,0,0,1,0,0
3639,3639.png,v488_n7411_12_f2.png,data/science/v488_n7411_12_f2.png,exact,S,58.5,10,956.9444444444445,30.934518655450976,0,0,0,0,1,0,1,1,0,0,0,3,2,2,1,1,0,0,0,0,0,0,0,0,0,0,0,0,1
3640,3640.png,v485_n7399_17_f2.png,data/science/v485_n7399_17_f2.png,exact,S,82.8,10,127.06666666666666,11.272385136547928,0,1,1,1,1,0,1,0,0,0,0,10,9,4,11,3,1,0,0,0,1,1,0,1,0,0,0,0,0
3641,3641.png,v486_n7401_9_f3.png,data/science/v486_n7401_9_f3.png,exact,S,51.8,10,466.4,21.59629597870894,0,1,1,1,1,0,1,0,0,1,0,0,4,3,3,1,1,0,0,0,0,0,0,0,0,1,0,0,0
3642,3642.png,visMost373.png,data/vis1/visMost373.png,exact,I,61.2,10,624.6222222222223,24.992443302370866,0,0,1,1,1,1,0,0,0,0,0,4,2,6,8,5,1,1,0,1,1,0,0,0,1,0,1,0,0
3643,3643.png,vis226.png,data/vis2/vis226.png,exact,I,52.1,10,409.8777777777778,20.245438443703257,0,1,1,1,1,1,0,0,0,0,1,7,4,2,2,2,1,0,1,0,0,0,0,1,0,0,0,0,0
3644,3644.png,whoN30.png,data/government/whoN30.png,exact,G,21.3,10,214.01111111111112,14.629118603357863,0,0,0,1,0,0,1,1,0,0,0,4,1,1,1,1,0,0,0,0,0,0,0,0,1,0,0,0,0
3645,3645.png,wsj341.png,data/news/wsj341.png,exact,N,40.1,10,329.8777777777778,18.162537757091595,0,1,1,1,1,1,0,0,0,0,1,8,2,3,4,3,1,1,1,0,0,0,0,0,0,0,1,0,0
3646,3646.png,v487_n7408_4_f3.png,data/science/v487_n7408_4_f3.png,exact,S,70.8,10,266.84444444444443,16.335374022177895,0,1,1,1,1,0,0,0,0,0,0,10,6,1,5,2,1,0,0,1,0,0,0,0,0,1,0,0,0
3647,3647.png,wsj427.png,data/news/wsj427.png,exact,N,35.1,10,661.6555555555556,25.722666182873727,0,0,0,1,1,1,0,0,0,0,0,3,0,0,1,1,0,0,0,0,1,0,0,0,0,0,0,0,0
3648,3648.png,treasuryI02_1.png,data/government/treasuryI02_1.png,exact,G,28.3,10,120.01111111111112,10.95495828888048,0,1,1,1,1,1,1,0,0,0,0,4,2,1,1,2,0,0,1,0,0,0,0,1,0,0,0,0,0
3649,3649.png,v483_n7391_14_f2.png,data/science/v483_n7391_14_f2.png,exact,S,60.3,10,703.5666666666666,26.524831133612643,0,1,1,1,0,0,1,1,0,0,0,8,4,3,6,2,1,0,1,0,0,1,0,0,0,0,0,0,0
3650,3650.png,vis540.png,data/vis3/vis540.png,exact,I,50.6,10,495.6,22.262075374951007,0,1,1,1,1,0,0,0,0,0,1,13,5,4,4,3,1,0,1,1,0,1,0,0,0,0,0,0,0
3651,3651.png,visMost415.png,data/vis1/visMost415.png,exact,I,46.5,10,546.0555555555555,23.367831640003647,0,1,1,1,1,1,0,0,0,0,0,8,0,9,6,3,1,0,0,1,1,0,0,0,0,0,1,0,0
3652,3652.png,v485_n7397_26_f1.png,data/science/v485_n7397_26_f1.png,exact,S,71.5,10,255.83333333333334,15.994790818680103,0,1,1,1,1,0,0,0,0,0,0,8,0,9,3,5,1,0,1,0,1,0,0,1,0,1,1,0,0
3653,3653.png,v484_n7395_19_f2.png,data/science/v484_n7395_19_f2.png,exact,S,86.4,10,170.04444444444445,13.040109065665227,0,1,1,1,1,0,0,0,0,0,0,7,6,3,7,4,1,0,1,0,1,1,1,0,0,0,0,0,0
3654,3654.png,v486_n7401_21_f4.png,data/science/v486_n7401_21_f4.png,exact,S,72.7,10,352.9,18.78563280807969,0,0,0,1,1,0,1,1,0,0,0,13,0,6,7,1,1,0,0,0,1,0,0,0,0,0,0,0,0
3655,3655.png,whoI09_1.png,data/government/whoI09_1.png,exact,G,21.6,10,480.93333333333334,21.930192277618847,0,1,1,1,0,1,0,0,1,1,0,0,4,2,1,1,0,0,0,0,0,0,0,0,0,0,1,0,0
3656,3656.png,visMost398.png,data/vis1/visMost398.png,exact,I,40.7,10,776.4555555555555,27.86495210036356,0,0,0,1,1,1,0,0,0,0,1,20,1,1,1,1,0,0,0,0,0,0,0,0,0,0,1,0,0
3657,3657.png,v488_n7409_4_f11.png,data/science/v488_n7409_4_f11.png,exact,S,50.0,10,549.1111111111111,23.4331199610959,0,1,1,1,1,0,0,0,0,0,0,5,4,2,4,1,1,0,0,0,0,0,0,1,0,0,0,0,0
3658,3658.png,whoQ46_1.png,data/government/whoQ46_1.png,exact,G,10.4,10,157.15555555555557,12.53616989177937,0,0,1,1,0,0,0,0,0,0,0,1,1,1,1,1,0,0,1,0,0,0,0,0,0,0,0,0,0
3659,3659.png,v490_n7420_23_f3.png,data/science/v490_n7420_23_f3.png,exact,S,26.5,10,187.83333333333334,13.705230145215852,0,1,1,1,1,0,0,0,0,0,0,3,3,0,3,2,1,0,1,0,0,0,0,1,0,0,0,0,0
3660,3660.png,v487_n7405_2_f4.png,data/science/v487_n7405_2_f4.png,exact,S,70.7,10,254.45555555555555,15.951663096854684,0,1,1,1,1,0,0,0,0,0,0,6,2,5,6,2,1,0,1,0,1,0,0,0,0,0,0,0,0
3661,3661.png,economist_daily_chart_228.png,data/news/economist_daily_chart_228.png,exact,N,39.7,10,630.2333333333333,25.104448476979798,0,1,1,1,1,1,0,0,0,0,1,3,3,1,2,2,1,0,1,0,0,0,0,1,0,0,0,0,0
3662,3662.png,v488_n7412_23_f2.png,data/science/v488_n7412_23_f2.png,exact,S,70.4,10,399.3777777777778,19.984438390352075,0,1,1,1,1,0,0,0,0,1,0,0,4,4,7,2,1,0,0,0,0,1,0,1,0,0,0,0,0
3663,3663.png,economist_daily_chart_200.png,data/news/economist_daily_chart_200.png,exact,N,36.2,10,379.9555555555556,19.492448680336587,0,1,1,1,1,1,0,0,0,0,0,3,2,1,1,1,0,0,1,0,0,0,0,0,0,0,0,0,0
3664,3664.png,vis597.png,data/vis3/vis597.png,exact,I,48.5,10,1347.8333333333333,36.71284970324877,0,0,1,1,1,1,0,0,0,0,1,10,0,2,4,2,1,0,0,0,1,0,0,0,0,0,1,0,0
3665,3665.png,v489_n7415_19_f2.png,data/science/v489_n7415_19_f2.png,exact,S,39.1,10,362.09999999999997,19.028925350633966,0,1,1,1,1,0,1,0,0,0,0,4,4,1,4,1,1,0,0,0,0,0,0,1,0,0,0,0,0
3666,3666.png,wsj396.png,data/news/wsj396.png,exact,N,42.2,10,431.06666666666666,20.762145040112465,0,0,0,1,1,1,1,0,0,0,1,3,0,2,1,1,0,0,0,0,0,0,0,0,1,0,0,0,0
3667,3667.png,wsj382.png,data/news/wsj382.png,exact,N,21.6,10,261.82222222222225,16.180921550462514,0,0,0,1,1,1,0,0,0,0,1,3,0,3,1,1,0,0,0,0,0,0,0,0,1,0,0,0,0
3668,3668.png,vis32.png,data/vis2/vis32.png,exact,I,60.9,10,502.5444444444445,22.41750308228917,0,0,0,1,1,1,0,0,0,0,0,8,0,0,23,3,0,0,0,0,1,1,0,0,0,0,1,0,0
3669,3669.png,treasuryJ03_1.png,data/government/treasuryJ03_1.png,exact,G,7.7,10,88.9,9.428679653058534,0,1,1,1,1,1,0,0,0,0,0,2,0,1,1,1,0,0,1,0,0,0,0,0,0,0,0,0,0
3670,3670.png,vis583.png,data/vis3/vis583.png,exact,I,66.8,10,680.8444444444444,26.09299608025963,0,0,0,1,1,1,0,0,0,0,0,8,0,1,3,2,1,0,0,0,0,1,0,0,1,0,0,0,0
3671,3671.png,economist_daily_chart_214.png,data/news/economist_daily_chart_214.png,exact,N,21.1,10,616.7666666666667,24.834787429464072,1,0,0,0,0,0,0,0,0,0,1,1,0,0,1,1,1,0,0,0,0,0,0,0,1,0,0,0,0
3672,3672.png,v487_n7406_1_f6.png,data/science/v487_n7406_1_f6.png,exact,S,60.6,10,342.0444444444444,18.494443610026348,0,1,1,1,1,0,1,0,0,0,0,2,4,2,2,1,1,0,1,0,0,0,0,0,0,0,0,0,0
3673,3673.png,v482_n7386_8_f4.png,data/science/v482_n7386_8_f4.png,exact,S,64.5,10,405.6111111111111,20.13978925190408,0,1,1,1,1,0,0,0,0,0,0,5,3,2,2,4,1,1,0,0,1,0,0,1,0,1,0,0,0
3674,3674.png,v488_n7412_15_f3.png,data/science/v488_n7412_15_f3.png,exact,S,65.8,10,572.4,23.924882444852262,0,1,1,1,0,0,1,0,0,0,0,7,6,2,9,3,1,0,1,0,1,0,0,0,0,0,0,0,1
3675,3675.png,visMost159.png,data/vis1/visMost159.png,exact,I,43.9,10,314.9888888888889,17.747926326444137,0,0,0,1,1,0,1,1,0,0,1,2,1,4,2,3,0,1,0,1,1,0,0,0,0,0,0,0,0
3676,3676.png,visMost42.png,data/vis1/visMost42.png,exact,I,36.5,10,410.5,20.26079958935481,0,1,1,1,1,1,1,0,0,0,0,10,2,3,3,4,1,0,1,1,0,0,0,0,1,0,1,0,0
3677,3677.png,treasuryL15_2.png,data/government/treasuryL15_2.png,exact,G,9.9,10,109.87777777777778,10.482260146446366,0,1,1,1,1,0,0,0,0,0,0,1,1,1,1,1,0,0,1,0,0,0,0,0,0,0,0,0,0
3678,3678.png,v490_n7420_15_f2.png,data/science/v490_n7420_15_f2.png,exact,S,63.7,10,542.6777777777778,23.295445429907062,0,1,1,1,1,0,1,0,0,0,0,6,4,2,9,2,1,0,1,0,0,0,0,1,0,0,0,0,0
3679,3679.png,whoH14_1.png,data/government/whoH14_1.png,exact,G,33.8,10,330.4,18.17690842800282,0,0,0,1,1,1,0,0,0,0,1,11,6,2,1,1,1,0,0,1,0,0,0,0,0,0,0,0,0
3680,3680.png,visMost56.png,data/vis1/visMost56.png,exact,I,75.3,10,728.4555555555556,26.989915812309523,0,1,1,1,1,0,0,0,0,0,1,2,1,3,1,2,1,1,0,0,0,0,0,0,0,0,1,0,0
3681,3681.png,v489_n7414_29_f1.png,data/science/v489_n7414_29_f1.png,exact,S,38.2,10,974.1777777777778,31.211821122417348,0,1,1,1,0,0,0,0,0,1,0,0,6,1,2,2,1,0,0,0,0,1,0,0,0,1,0,0,0
3682,3682.png,visMost165.png,data/vis1/visMost165.png,exact,I,42.8,10,642.6222222222223,25.349994521147774,0,0,0,1,1,1,0,0,0,0,0,6,0,1,2,1,1,0,0,0,0,0,0,0,1,0,0,0,0
3683,3683.png,wsj157.png,data/news/wsj157.png,exact,N,47.8,10,477.9555555555556,21.86219466466154,0,0,0,1,1,1,0,0,0,0,1,4,0,0,1,1,0,0,0,0,1,0,0,0,0,0,0,0,0
3684,3684.png,v489_n7414_27_f4.png,data/science/v489_n7414_27_f4.png,exact,S,58.7,10,367.56666666666666,19.1720282356006,0,1,1,0,1,0,0,0,0,0,0,6,3,2,8,1,1,0,1,0,0,0,0,0,0,0,0,0,0
3685,3685.png,visMost603.png,data/vis1/visMost603.png,exact,I,37.2,10,760.4,27.575351312358652,0,1,1,1,0,1,0,0,0,0,1,12,0,6,1,1,0,0,0,0,0,0,0,0,0,0,1,0,0
3686,3686.png,v490_n7418_21_f4.png,data/science/v490_n7418_21_f4.png,exact,S,75.0,10,662.0,25.729360660537214,0,1,1,1,1,1,0,0,0,0,0,11,0,6,5,1,1,0,0,0,1,0,0,0,0,0,0,0,0
3687,3687.png,vis756.png,data/vis3/vis756.png,exact,I,51.5,10,436.5,20.89258241577618,0,1,1,1,1,1,0,0,1,0,1,14,3,4,5,3,1,0,1,1,0,0,0,1,0,0,0,0,0
3688,3688.png,v488_n7413_13_f1.png,data/science/v488_n7413_13_f1.png,exact,S,70.6,10,239.82222222222222,15.486194568783585,0,1,1,1,1,0,1,0,0,0,0,24,2,5,7,4,1,0,1,0,1,1,0,0,0,1,0,0,0
3689,3689.png,visMost617.png,data/vis1/visMost617.png,exact,I,36.3,10,867.5666666666666,29.45448466136637,0,0,0,1,0,1,0,0,0,0,1,22,0,1,1,1,0,0,0,0,0,0,1,0,0,0,0,0,0
3690,3690.png,wsj143.png,data/news/wsj143.png,exact,N,32.9,10,662.5444444444443,25.739938703199048,0,1,1,1,1,1,1,0,0,0,0,2,2,0,1,1,0,0,0,0,0,0,0,1,0,0,0,0,0
3691,3691.png,visMost171.png,data/vis1/visMost171.png,exact,I,46.7,10,802.6777777777778,28.33156857249132,0,0,0,1,1,1,0,0,0,0,1,5,1,0,1,1,0,0,0,0,1,0,0,0,0,0,0,0,0
3692,3692.png,whoB01.png,data/government/whoB01.png,exact,G,53.8,10,270.17777777777775,16.437085440484204,0,1,1,1,1,1,1,0,0,0,0,13,2,3,4,1,1,0,1,0,0,0,0,0,0,0,0,0,0
3693,3693.png,v485_n7398_5_f5.png,data/science/v485_n7398_5_f5.png,exact,S,62.2,10,504.6222222222222,22.463798036445713,0,1,1,1,1,0,1,0,0,0,0,4,3,2,5,3,1,0,1,0,1,0,0,0,0,1,0,0,0
3694,3694.png,whoC35_2.png,data/government/whoC35_2.png,exact,G,14.4,10,267.3777777777778,16.351690364539618,0,1,1,1,0,0,0,0,1,0,0,4,0,4,1,1,1,0,0,0,0,0,0,0,0,0,1,0,0
3695,3695.png,vis971.png,data/vis3/vis971.png,exact,I,27.0,10,447.3333333333333,21.150256105620407,0,1,1,1,1,1,0,0,0,0,0,6,1,2,3,3,1,1,0,1,0,0,0,1,0,0,0,0,0
3696,3696.png,visMost81.png,data/vis1/visMost81.png,exact,I,46.2,10,763.2888888888889,27.627683378974954,0,0,1,1,1,0,1,0,0,0,1,24,0,0,1,1,0,0,0,0,1,0,0,0,0,0,0,0,0
3697,3697.png,v483_n7387_17_f4.png,data/science/v483_n7387_17_f4.png,exact,S,62.5,10,414.27777777777777,20.35381482125102,0,1,1,1,1,0,1,0,0,0,0,3,2,2,4,2,1,0,0,0,0,0,0,1,0,0,1,0,0
3698,3698.png,vis965.png,data/vis3/vis965.png,exact,I,41.6,10,348.4888888888889,18.66785710489795,0,0,0,1,1,1,0,0,0,0,0,7,1,1,3,2,1,0,0,1,1,0,0,0,0,0,0,0,0
3699,3699.png,visMost95.png,data/vis1/visMost95.png,exact,I,33.3,10,478.9,21.883783950679096,0,1,1,1,1,1,0,0,0,0,1,4,4,1,4,3,0,0,1,0,0,1,0,0,1,0,0,0,0
3700,3700.png,v488_n7409_4_f1.png,data/science/v488_n7409_4_f1.png,exact,S,67.2,10,862.4,29.366647748764244,0,1,1,1,1,0,0,0,0,0,1,10,2,3,4,2,1,0,0,0,1,1,0,0,0,0,0,0,0
3701,3701.png,whoK15_1.png,data/government/whoK15_1.png,exact,G,18.2,10,268.4,16.382917933017914,0,0,0,1,0,1,1,1,0,0,0,5,1,0,1,1,0,0,0,0,0,0,0,0,1,0,0,0,0
3702,3702.png,v490_n7420_2_f3.png,data/science/v490_n7420_2_f3.png,exact,S,56.4,10,646.0444444444445,25.417404360879267,0,1,1,1,1,0,0,0,0,0,0,5,1,1,2,2,1,0,1,0,1,0,0,0,0,0,0,0,0
3703,3703.png,whoQ44_3.png,data/government/whoQ44_3.png,exact,G,21.8,10,951.0666666666667,30.839368778667744,0,1,1,1,1,0,0,0,0,0,0,1,2,1,1,1,0,1,0,0,0,0,0,0,0,0,0,0,0
3704,3704.png,v485_n7398_27_f1.png,data/science/v485_n7398_27_f1.png,exact,S,71.9,10,478.3222222222222,21.87057891831449,0,0,0,1,1,0,1,0,0,0,0,8,0,5,4,2,1,0,0,0,1,0,0,0,0,0,1,0,0
3705,3705.png,wsj194.png,data/news/wsj194.png,exact,N,32.9,10,467.65555555555557,21.625345212401943,0,1,1,1,1,1,0,0,0,0,0,2,1,3,3,2,1,0,0,0,0,0,0,0,0,1,1,0,0
3706,3706.png,v485_n7398_29_f4.png,data/science/v485_n7398_29_f4.png,exact,S,78.4,10,327.3777777777778,18.093583884288314,0,0,1,1,1,0,0,0,0,0,0,9,0,5,4,1,1,0,0,0,1,0,0,0,0,0,0,0,0
3707,3707.png,v483_n7391_22_f3.png,data/science/v483_n7391_22_f3.png,exact,S,53.9,10,560.3222222222222,23.671126340379796,0,1,1,1,1,0,1,0,0,0,0,2,4,3,6,3,1,0,1,0,1,1,0,0,0,0,0,0,0
3708,3708.png,vis795.png,data/vis3/vis795.png,exact,I,48.5,10,684.2777777777778,26.15870367158468,0,0,0,1,0,1,1,0,0,0,1,11,6,3,6,3,1,0,0,1,1,0,0,0,1,0,0,0,0
3709,3709.png,visMost818.png,data/vis1/visMost818.png,exact,I,41.0,10,806.0,28.39013913315678,0,0,0,1,1,1,1,0,0,0,1,17,0,0,1,1,0,0,0,0,1,0,0,0,0,0,0,0,0
3710,3710.png,treasuryK03_4.png,data/government/treasuryK03_4.png,exact,G,15.3,10,186.9,13.671137480107499,0,1,1,1,1,0,0,0,0,0,0,3,2,0,1,1,0,0,1,0,0,0,0,0,0,0,0,0,0
3711,3711.png,v489_n7417_18_f1.png,data/science/v489_n7417_18_f1.png,exact,S,75.8,10,238.84444444444443,15.454592988637534,0,1,1,1,0,0,1,1,0,0,0,13,4,6,5,3,1,0,1,0,0,0,0,1,0,0,1,0,0
3712,3712.png,v490_n7419_4_f6.png,data/science/v490_n7419_4_f6.png,exact,S,71.5,10,324.05555555555554,18.001543143729528,0,1,1,1,1,0,1,0,0,0,0,11,3,3,6,2,1,0,0,0,1,1,0,0,0,0,0,0,0
3713,3713.png,v483_n7387_19_f1.png,data/science/v483_n7387_19_f1.png,exact,S,77.9,10,136.1,11.666190466471907,0,1,1,1,0,1,1,1,0,0,0,5,5,4,8,4,1,0,1,0,1,0,0,1,0,1,0,0,0
3714,3714.png,vis781.png,data/vis3/vis781.png,exact,I,49.0,10,840.0,28.982753492378876,0,0,1,1,1,1,0,0,0,0,0,3,3,2,4,4,1,0,0,1,1,1,0,0,0,0,0,1,0
3715,3715.png,treasuryJ01_3.png,data/government/treasuryJ01_3.png,exact,G,23.6,10,204.48888888888888,14.299961149908375,0,0,1,1,1,1,0,0,0,0,0,3,2,1,1,1,0,0,0,0,0,0,0,1,0,0,0,0,0
3716,3716.png,v485_n7399_21_f3.png,data/science/v485_n7399_21_f3.png,exact,S,58.5,10,443.3888888888889,21.05680148761651,0,1,1,1,1,0,1,1,0,0,0,5,5,3,3,3,1,0,1,0,1,0,0,0,0,0,1,0,0
3717,3717.png,vis959.png,data/vis3/vis959.png,exact,I,39.4,10,522.4888888888889,22.858015856344334,0,0,1,1,1,1,0,0,0,0,0,3,2,1,2,2,1,0,1,0,1,0,0,0,0,0,0,0,0
3718,3718.png,wsj180.png,data/news/wsj180.png,exact,N,36.3,10,603.1222222222223,24.558546826354004,0,1,1,1,1,0,0,0,0,0,1,3,2,0,1,1,0,0,0,0,0,0,0,1,0,0,0,0,0
3719,3719.png,economist_daily_chart_12.png,data/news/economist_daily_chart_12.png,exact,N,11.0,10,280.44444444444446,16.74647558277396,1,0,0,0,0,0,0,0,0,0,0,5,0,0,1,1,1,0,0,0,1,0,0,0,0,0,0,0,0
3720,3720.png,treasuryL12.png,data/government/treasuryL12.png,exact,G,32.0,10,723.5555555555555,26.898988002442685,0,1,1,1,0,0,0,0,1,0,0,1,1,2,1,1,0,0,0,0,0,0,0,0,0,0,1,0,0
3721,3721.png,vis178.png,data/vis2/vis178.png,exact,I,37.2,10,474.84444444444443,21.79092573628859,0,0,0,1,1,1,0,0,1,0,1,9,2,4,2,3,1,0,0,1,1,0,0,0,0,0,1,0,0
3722,3722.png,whoJ08.png,data/government/whoJ08.png,exact,G,31.4,10,526.0444444444445,22.93565879682649,0,1,1,1,0,1,0,0,0,0,0,3,5,1,1,1,0,0,0,0,0,0,0,0,0,0,1,0,0
3723,3723.png,v487_n7406_3_f3.png,data/science/v487_n7406_3_f3.png,exact,S,60.0,10,416.0,20.396078054371138,0,1,1,0,1,0,1,0,0,0,0,7,3,2,2,2,1,0,0,0,1,0,0,1,0,0,0,0,0
3724,3724.png,economist_daily_chart_189.png,data/news/economist_daily_chart_189.png,exact,N,18.9,10,213.43333333333334,14.60935773171885,0,1,1,1,0,1,0,0,0,0,0,3,2,1,1,1,0,0,1,0,0,0,0,0,0,0,0,0,0
3725,3725.png,v487_n7407_3_f3.png,data/science/v487_n7407_3_f3.png,exact,S,28.1,10,836.3222222222223,28.91923619707516,0,0,0,1,1,0,1,0,0,0,0,5,0,2,3,1,1,0,0,1,0,0,0,0,0,0,0,0,0
3726,3726.png,vis144.png,data/vis2/vis144.png,exact,I,57.8,10,442.17777777777775,21.02802362985589,0,1,1,1,1,1,1,1,0,0,1,11,8,10,23,4,1,0,1,1,0,0,1,0,0,0,1,0,0
3727,3727.png,v485_n7400_10_f2.png,data/science/v485_n7400_10_f2.png,exact,S,70.3,10,264.6777777777778,16.26892060887193,0,1,1,1,1,0,1,0,0,0,0,11,5,2,5,3,1,0,0,0,0,1,1,1,0,0,0,0,0
3728,3728.png,np_4.png,data/news/np_4.png,exact,N,61.0,10,548.6666666666666,23.423634787681152,0,1,1,1,1,1,0,0,0,0,0,4,2,6,5,3,1,0,1,0,0,1,0,0,0,0,1,0,0
3729,3729.png,v488_n7413_11_f4.png,data/science/v488_n7413_11_f4.png,exact,S,47.9,10,826.7666666666667,28.753550505401357,0,1,1,1,1,0,1,0,0,0,0,5,7,3,3,1,1,0,0,0,0,0,0,1,0,0,0,0,0
3730,3730.png,vis622.png,data/vis3/vis622.png,exact,I,51.5,10,658.9444444444445,25.669913214587314,0,1,1,1,1,1,1,0,1,0,1,3,10,5,10,3,1,0,1,1,0,0,0,0,0,0,1,0,0
3731,3731.png,v484_n7393_19_f5.png,data/science/v484_n7393_19_f5.png,exact,S,67.0,10,538.4444444444445,23.20440571194282,0,1,1,1,1,0,0,0,0,0,0,8,3,7,4,2,1,0,0,0,1,1,0,0,0,0,0,0,0
3732,3732.png,visMost777.png,data/vis1/visMost777.png,exact,I,30.4,10,288.93333333333334,16.99803910259455,0,1,1,1,1,1,0,0,0,0,0,1,2,1,1,1,0,1,0,0,0,0,0,0,0,0,0,0,0
3733,3733.png,v489_n7414_25_f1.png,data/science/v489_n7414_25_f1.png,exact,S,43.4,10,518.9333333333334,22.780108281861466,0,1,1,1,1,0,1,1,0,0,1,5,3,1,2,1,0,0,0,0,0,0,0,0,1,0,0,0,0
3734,3734.png,vis636.png,data/vis3/vis636.png,exact,I,43.7,10,479.56666666666666,21.899010632141962,0,1,1,1,1,1,0,0,0,0,1,5,7,3,7,2,1,0,1,1,0,0,0,0,0,0,0,0,0
3735,3735.png,visMost763.png,data/vis1/visMost763.png,exact,I,45.5,10,694.2777777777778,26.349151367316896,0,1,1,1,1,1,1,0,0,0,0,5,3,2,4,2,1,0,1,0,0,0,0,0,1,0,0,0,0
3736,3736.png,v488_n7412_5_f9.png,data/science/v488_n7412_5_f9.png,exact,S,27.1,10,940.9888888888888,30.675542193886137,0,1,1,1,1,0,0,0,0,0,0,5,2,1,1,2,1,0,0,0,0,0,0,1,0,1,0,0,0
3737,3737.png,v490_n7420_19_f2.png,data/science/v490_n7420_19_f2.png,exact,S,29.3,10,533.3444444444444,23.094251328944274,0,1,1,1,1,0,1,0,0,1,0,0,1,3,2,1,1,0,1,0,0,0,0,0,0,0,0,0,0
3738,3738.png,vis150.png,data/vis2/vis150.png,exact,I,28.7,10,486.01111111111106,22.04565968872583,0,0,1,1,1,1,0,0,0,0,1,3,3,1,1,2,1,0,0,1,1,0,0,0,0,0,0,0,0
3739,3739.png,treasuryB09.png,data/government/treasuryB09.png,exact,G,35.0,10,810.6666666666666,28.472208672083497,0,0,0,1,1,1,0,0,1,0,0,5,7,1,7,1,0,0,0,0,1,0,0,0,0,0,0,0,0
3740,3740.png,v488_n7409_22_f2.png,data/science/v488_n7409_22_f2.png,exact,S,49.5,10,581.6111111111111,24.11661483523571,0,1,1,1,1,0,1,0,0,0,0,7,5,3,5,3,1,1,1,1,0,0,0,0,0,0,0,0,0
3741,3741.png,v483_n7387_15_f1.png,data/science/v483_n7387_15_f1.png,exact,S,75.1,10,541.2111111111111,23.263944444378108,0,1,1,1,1,0,0,0,0,0,0,4,3,3,6,5,1,0,1,0,1,0,0,1,0,1,1,0,0
3742,3742.png,vis805.png,data/vis3/vis805.png,exact,I,58.5,10,745.3888888888889,27.301811091736916,0,1,1,1,1,1,1,1,0,0,0,9,7,3,2,2,1,0,0,0,0,0,0,0,1,0,0,0,1
3743,3743.png,whoQ42_5.png,data/government/whoQ42_5.png,exact,G,9.7,10,100.45555555555556,10.022751895340699,0,1,1,1,0,0,1,0,0,0,0,2,2,1,1,1,0,0,0,0,0,0,0,1,0,0,0,0,0
3744,3744.png,v486_n7403_1_f8.png,data/science/v486_n7403_1_f8.png,exact,S,36.3,10,477.7888888888889,21.85838257714621,0,1,1,0,1,0,1,0,0,0,0,4,2,1,1,1,0,0,1,0,0,0,0,0,0,0,0,0,0
3745,3745.png,vis811.png,data/vis3/vis811.png,exact,I,51.6,10,575.8222222222222,23.99629601047258,0,0,1,1,1,0,0,0,1,0,1,5,6,2,2,1,1,0,0,0,0,0,0,0,0,0,1,0,0
3746,3746.png,v486_n7402_6_f1.png,data/science/v486_n7402_6_f1.png,exact,S,76.3,10,227.7888888888889,15.092676664160301,0,1,1,1,1,0,1,0,0,0,0,3,3,1,3,2,1,0,1,0,0,0,0,0,0,1,0,0,0
3747,3747.png,v485_n7398_25_f4.png,data/science/v485_n7398_25_f4.png,exact,S,78.8,10,292.84444444444443,17.11269833908272,0,1,1,1,1,0,0,0,0,0,0,7,5,3,10,3,1,0,1,0,1,0,1,0,0,0,0,0,0
3748,3748.png,v488_n7410_20_f4.png,data/science/v488_n7410_20_f4.png,exact,S,51.0,10,738.8888888888889,27.182510717166817,0,1,1,1,1,0,0,0,0,0,0,5,2,4,3,2,0,0,0,0,1,0,0,0,0,1,0,0,0
3749,3749.png,v483_n7389_24_f2.png,data/science/v483_n7389_24_f2.png,exact,S,52.4,10,368.4888888888889,19.196064411459158,0,1,1,1,1,0,1,0,0,0,0,7,4,1,7,2,0,0,1,0,0,0,0,1,0,0,0,0,0
3750,3750.png,v488_n7409_6_f4.png,data/science/v488_n7409_6_f4.png,exact,S,55.9,10,568.3222222222222,23.839509689215973,0,1,1,1,1,0,1,1,0,0,0,8,3,1,2,2,1,0,0,0,0,1,0,0,0,1,0,0,0
3751,3751.png,v489_n7417_14_f1.png,data/science/v489_n7417_14_f1.png,exact,S,53.9,10,585.8777777777777,24.204912265442687,0,1,1,1,1,0,0,0,0,0,0,7,1,1,1,1,1,0,0,0,0,0,0,0,0,1,0,0,0
3752,3752.png,v486_n7404_10_f3.png,data/science/v486_n7404_10_f3.png,exact,S,62.0,10,336.22222222222223,18.336363385966756,0,1,1,1,1,0,1,1,0,0,0,3,5,2,2,2,0,0,0,0,0,0,0,1,0,1,0,0,0
3753,3753.png,v485_n7399_9_f5.png,data/science/v485_n7399_9_f5.png,exact,S,46.0,10,458.44444444444446,21.411315803668966,0,1,1,0,1,0,1,0,0,0,0,6,2,1,1,2,0,0,0,0,0,0,0,1,0,1,0,0,0
3754,3754.png,vis187.png,data/vis2/vis187.png,exact,I,58.0,10,709.1111111111111,26.629140262335003,0,1,1,1,1,0,1,1,0,0,0,8,5,10,8,5,1,0,1,1,0,1,0,1,0,0,1,0,0
3755,3755.png,v488_n7409_8_f1.png,data/science/v488_n7409_8_f1.png,exact,S,40.0,10,832.4444444444445,28.85211334450987,0,1,1,1,1,0,1,1,0,0,0,4,4,2,3,1,0,0,0,0,0,0,0,1,0,0,0,0,0
3756,3756.png,vis839.png,data/vis3/vis839.png,exact,I,64.0,10,753.1111111111111,27.44286995033703,0,1,1,1,1,0,1,1,0,0,1,10,4,4,4,3,1,0,1,1,0,0,0,0,1,0,0,0,0
3757,3757.png,v490_n7418_6_f3.png,data/science/v490_n7418_6_f3.png,exact,S,55.9,10,942.1,30.693647551244215,0,1,1,0,1,0,0,0,0,0,0,3,2,2,1,2,0,0,0,0,0,0,0,1,0,1,0,0,0
3758,3758.png,economist_daily_chart_176.png,data/news/economist_daily_chart_176.png,exact,N,20.2,10,206.62222222222223,14.37435988912975,0,0,1,1,1,1,1,0,0,0,0,4,2,1,1,1,0,0,0,0,0,0,0,1,0,0,0,0,0
3759,3759.png,economist_daily_chart_162.png,data/news/economist_daily_chart_162.png,exact,N,35.4,10,646.2666666666667,25.421775442849516,0,1,1,1,1,1,0,0,0,0,0,7,2,1,1,1,0,0,0,0,0,0,0,1,0,0,0,0,0
3760,3760.png,v489_n7416_12_f3.png,data/science/v489_n7416_12_f3.png,exact,S,66.8,10,405.5111111111111,20.13730645123898,0,1,1,1,1,0,1,0,0,0,1,7,6,1,6,1,1,0,0,0,0,0,0,0,1,0,0,0,0
3761,3761.png,whoO22_2.png,data/government/whoO22_2.png,exact,G,13.5,10,186.27777777777777,13.648361725048826,0,1,1,1,0,0,0,0,1,0,0,3,3,1,1,1,0,0,0,0,0,0,0,0,0,0,1,0,0
3762,3762.png,vis193.png,data/vis2/vis193.png,exact,I,42.1,10,835.4333333333333,28.903863640235596,0,0,1,1,1,1,0,0,0,0,1,5,5,8,17,5,1,0,1,1,1,0,0,0,1,0,1,0,0
3763,3763.png,treasuryK05_2.png,data/government/treasuryK05_2.png,exact,G,9.2,10,75.73333333333333,8.702490065109718,0,0,1,1,1,1,0,0,0,0,0,4,1,1,1,1,0,0,0,1,0,0,0,0,0,0,0,0,0
3764,3764.png,v489_n7417_7_f2.png,data/science/v489_n7417_7_f2.png,exact,S,31.7,10,594.9,24.390571949013413,0,1,1,1,1,0,0,0,0,0,0,2,4,2,2,2,1,0,0,0,0,0,0,1,0,1,0,0,0
3765,3765.png,v486_n7401_5_f3.png,data/science/v486_n7401_5_f3.png,exact,S,68.7,10,608.6777777777778,24.67139594303042,0,1,1,1,1,0,0,0,0,1,0,0,3,2,2,2,1,0,0,0,0,1,0,1,0,0,0,0,0
3766,3766.png,visMost549.png,data/vis1/visMost549.png,exact,I,37.4,10,765.6,27.66947776883402,0,0,0,1,1,1,0,0,0,0,1,3,10,1,1,2,1,0,0,0,0,1,0,0,0,0,1,0,0
3767,3767.png,v484_n7393_9_f2.png,data/science/v484_n7393_9_f2.png,exact,S,60.3,10,400.9,20.022487357968288,0,1,1,1,1,0,1,0,0,0,0,8,5,3,4,2,1,1,0,0,0,0,0,1,0,0,0,0,0
3768,3768.png,wsj31.png,data/news/wsj31.png,exact,N,13.5,10,96.05555555555556,9.800793618659437,0,0,1,1,1,1,0,0,0,0,1,2,1,1,1,1,0,1,0,0,0,0,0,0,0,0,0,0,0
3769,3769.png,whoQ18_2.png,data/government/whoQ18_2.png,exact,G,20.7,10,229.56666666666666,15.15145757564818,0,1,1,1,1,0,1,0,0,0,0,6,2,1,1,1,0,0,1,0,0,0,0,0,0,0,0,0,0
3770,3770.png,v483_n7391_18_f2.png,data/science/v483_n7391_18_f2.png,exact,S,78.7,10,229.12222222222223,15.136783747620306,0,1,1,1,1,0,1,0,0,0,0,8,6,2,4,3,1,0,1,0,0,0,1,0,0,1,0,0,0
3771,3771.png,whoI12_2.png,data/government/whoI12_2.png,exact,G,66.0,10,283.3333333333333,16.832508230603462,0,1,1,1,1,1,1,0,0,1,0,0,3,1,1,2,0,0,1,0,0,0,1,0,0,0,0,0,0
3772,3772.png,wsj209.png,data/news/wsj209.png,exact,N,61.8,10,254.62222222222223,15.95688635737631,0,0,1,1,1,1,0,0,0,0,1,4,6,3,1,2,1,0,1,0,1,0,0,0,0,0,0,0,0
3773,3773.png,v486_n7403_14_f3.png,data/science/v486_n7403_14_f3.png,exact,S,64.1,10,443.8777777777778,21.0684071011023,0,1,1,0,1,0,1,0,0,0,0,4,3,1,1,2,1,0,0,0,0,0,0,1,0,1,0,0,0
3774,3774.png,wsj25.png,data/news/wsj25.png,exact,N,25.8,10,427.2888888888889,20.67096729446614,0,0,1,1,1,1,0,0,0,0,1,3,2,1,2,1,0,0,1,0,0,0,0,0,0,0,0,0,0
3775,3775.png,vis408.png,data/vis2/vis408.png,exact,I,49.9,10,616.3222222222222,24.825837794971235,0,0,0,1,1,1,0,0,0,0,0,3,4,2,1,2,0,1,0,0,0,0,0,0,0,0,1,0,0
3776,3776.png,v488_n7409_14_f3.png,data/science/v488_n7409_14_f3.png,exact,S,82.8,10,135.51111111111112,11.640923980127656,0,1,1,1,0,0,1,0,0,0,0,12,1,1,10,3,1,0,0,0,0,1,1,0,0,1,0,0,0
3777,3777.png,v484_n7392_9_f2.png,data/science/v484_n7392_9_f2.png,exact,S,62.4,10,610.7111111111111,24.712569900985837,0,1,1,1,1,0,0,0,0,1,0,0,4,0,2,1,1,0,0,0,0,0,0,0,0,1,0,0,0
3778,3778.png,v483_n7390_10_f5.png,data/science/v483_n7390_10_f5.png,exact,S,72.6,10,604.4888888888889,24.586355746407172,0,1,1,1,1,0,0,0,0,0,0,11,7,2,3,2,1,0,0,0,0,0,1,0,0,1,0,0,0
3779,3779.png,visMost575.png,data/vis1/visMost575.png,exact,I,65.4,10,191.6,13.841965178398622,0,1,1,1,1,1,1,1,0,0,1,5,1,3,1,2,0,0,0,0,1,0,0,0,0,0,0,0,1
3780,3780.png,vis420.png,data/vis2/vis420.png,exact,I,49.1,10,737.4333333333333,27.155723767436825,0,0,1,1,1,1,0,0,0,0,1,5,8,3,5,7,1,1,1,0,1,1,0,0,1,0,1,0,1
3781,3781.png,v490_n7419_1_f14.png,data/science/v490_n7419_1_f14.png,exact,S,56.3,10,405.1222222222222,20.127648203956223,0,0,0,0,1,0,0,0,0,0,0,3,3,2,1,1,0,0,0,0,1,0,0,0,0,0,0,0,0
3782,3782.png,wsj547.png,data/news/wsj547.png,exact,N,40.7,10,290.23333333333335,17.036235890986404,0,0,1,1,1,1,1,0,0,0,1,5,2,1,1,1,0,0,0,0,0,0,0,1,0,0,0,0,0
3783,3783.png,v483_n7388_14_f1.png,data/science/v483_n7388_14_f1.png,exact,S,60.9,10,481.65555555555557,21.94665249088242,0,1,1,1,1,0,0,0,0,0,0,1,3,0,6,3,1,0,0,0,1,0,0,1,0,1,0,0,0
3784,3784.png,wsj221.png,data/news/wsj221.png,exact,N,46.0,10,724.0,26.90724809414742,0,1,1,1,1,1,0,0,0,0,0,4,3,3,1,1,1,0,1,0,0,0,0,0,0,0,0,0,0
3785,3785.png,vis346.png,data/vis2/vis346.png,exact,I,44.1,10,597.8777777777777,24.45153937439886,0,0,1,1,1,1,1,0,0,0,1,3,4,2,6,5,1,1,0,1,0,1,0,0,1,0,0,1,0
3786,3786.png,visMost213.png,data/vis1/visMost213.png,exact,I,48.5,10,789.3888888888889,28.09606536312316,0,0,1,1,1,1,0,0,0,0,1,7,2,2,5,3,1,0,1,0,0,1,0,0,0,0,0,1,0
3787,3787.png,vis352.png,data/vis2/vis352.png,exact,I,55.4,10,636.4888888888889,25.228731416559352,0,0,1,1,1,1,0,0,0,0,0,12,12,7,2,2,1,0,1,0,0,0,0,0,0,0,1,0,0
3788,3788.png,wsj19.png,data/news/wsj19.png,exact,N,45.7,10,475.1222222222222,21.797298507434864,0,0,1,1,1,1,0,0,0,0,0,1,2,9,8,2,1,0,1,0,1,0,0,0,0,0,0,0,0
3789,3789.png,visMost207.png,data/vis1/visMost207.png,exact,I,55.1,10,544.9888888888889,23.34499708479076,0,0,1,1,1,1,0,0,0,0,1,7,1,3,3,3,1,1,0,0,1,0,0,0,0,0,1,0,0
3790,3790.png,whoN19_1.png,data/government/whoN19_1.png,exact,G,8.4,10,101.37777777777778,10.06865322561949,0,1,1,1,0,0,0,0,0,1,0,0,1,1,1,1,0,0,1,0,0,0,0,0,0,0,0,0,0
3791,3791.png,wsj235.png,data/news/wsj235.png,exact,N,24.4,10,819.5999999999999,28.62865697164294,0,0,0,1,1,1,1,0,0,0,0,1,0,1,1,1,0,0,0,0,0,0,0,0,1,0,0,0,0
3792,3792.png,wsj553.png,data/news/wsj553.png,exact,N,24.9,10,641.8777777777777,25.335306940666374,0,0,1,1,1,1,0,0,0,0,1,7,1,1,1,2,0,0,1,0,0,1,0,0,0,0,0,0,0
3793,3793.png,visMost561.png,data/vis1/visMost561.png,exact,I,66.2,10,788.4,28.078461496314215,0,0,1,1,1,1,1,1,0,0,0,14,3,4,5,5,1,0,1,0,0,1,0,1,1,1,0,0,0
3794,3794.png,vis434.png,data/vis2/vis434.png,exact,I,49.7,10,683.3444444444444,26.140857760303973,0,0,1,1,1,1,0,0,0,0,0,4,9,3,4,3,1,0,1,1,0,1,0,0,0,0,0,0,0
3795,3795.png,v486_n7402_12_f1.png,data/science/v486_n7402_12_f1.png,exact,S,29.3,10,303.34444444444443,17.416786283480786,0,1,1,0,1,0,0,0,0,0,0,1,2,1,3,1,1,0,1,0,0,0,0,0,0,0,0,0,0
3796,3796.png,whoF11.png,data/government/whoF11.png,exact,G,31.7,10,731.5666666666666,27.047489100962157,0,1,1,1,1,1,0,0,0,0,1,3,2,1,1,2,1,0,0,0,0,0,0,1,0,1,0,0,0
3797,3797.png,whoB33_1.png,data/government/whoB33_1.png,exact,G,49.7,10,933.3444444444444,30.550686480739586,0,1,1,1,1,1,1,0,0,0,0,13,2,3,2,1,0,0,1,0,0,0,0,0,0,0,0,0,0
3798,3798.png,economist_daily_chart_348.png,data/news/economist_daily_chart_348.png,exact,N,19.6,10,168.7111111111111,12.988884136488057,0,0,1,1,1,1,0,0,0,0,1,3,2,2,1,1,0,0,1,0,0,0,0,0,0,0,0,0,0
3799,3799.png,v490_n7419_13_f2.png,data/science/v490_n7419_13_f2.png,exact,S,49.9,10,530.3222222222222,23.028726022561955,0,1,1,1,0,0,1,0,0,0,0,4,4,1,2,1,1,0,0,0,0,0,0,1,0,0,0,0,0
3800,3800.png,whoJ13_2.png,data/government/whoJ13_2.png,exact,G,37.8,10,773.5111111111111,27.81206772448088,0,0,0,1,1,1,1,0,0,0,0,13,2,2,2,1,1,0,0,1,0,0,0,0,0,0,0,0,0
3801,3801.png,whoQ34.png,data/government/whoQ34.png,exact,G,29.4,10,655.1555555555556,25.59600663297999,0,1,1,1,0,1,0,0,1,0,0,2,0,5,1,1,0,0,0,0,0,0,0,0,0,0,1,0,0
3802,3802.png,whoF05.png,data/government/whoF05.png,exact,G,18.7,10,194.9,13.960659010233005,0,1,1,1,1,1,1,0,0,0,1,4,1,2,1,2,1,0,1,0,0,1,0,0,0,0,0,0,0
3803,3803.png,v489_n7415_15_f2.png,data/science/v489_n7415_15_f2.png,exact,S,84.1,10,137.87777777777777,11.742136848877966,0,0,1,1,0,0,1,0,0,0,0,9,7,10,12,3,1,0,0,0,1,0,1,1,0,0,0,0,0
3804,3804.png,economist_daily_chart_374.png,data/news/economist_daily_chart_374.png,exact,N,21.7,10,135.56666666666666,11.643309953216338,0,0,1,1,0,1,1,0,0,0,1,3,1,2,1,1,0,0,1,0,0,0,0,0,0,0,0,0,0
3805,3805.png,wsj584.png,data/news/wsj584.png,exact,N,42.8,10,454.4,21.316660151158764,0,1,1,1,1,1,0,0,0,0,1,5,3,3,1,2,0,0,0,0,0,0,0,1,0,0,1,0,0
3806,3806.png,v488_n7411_1_f2.png,data/science/v488_n7411_1_f2.png,exact,S,81.3,10,399.56666666666666,19.989163731048546,0,1,1,1,1,0,1,0,0,0,0,11,7,5,6,5,1,0,0,0,1,1,1,1,0,1,0,0,0
3807,3807.png,vis385.png,data/vis2/vis385.png,exact,I,53.6,10,693.6,26.336286754210434,0,0,1,1,1,1,0,0,0,0,1,8,2,4,1,4,1,0,0,0,1,0,0,0,1,1,1,0,0
3808,3808.png,economist_daily_chart_412.png,data/news/economist_daily_chart_412.png,exact,N,60.2,10,763.0666666666667,27.62366135519813,0,1,1,1,0,1,1,0,0,0,1,10,3,1,2,2,1,1,0,0,0,0,0,1,0,0,0,0,0
3809,3809.png,economist_daily_chart_406.png,data/news/economist_daily_chart_406.png,exact,N,42.8,10,889.5111111111111,29.824672858408874,0,0,0,1,1,1,1,0,0,0,1,4,1,1,1,1,0,0,0,0,0,0,0,0,1,0,0,0,0
3810,3810.png,v488_n7410_1_f2.png,data/science/v488_n7410_1_f2.png,exact,S,80.4,10,226.04444444444445,15.034774505939371,0,1,1,1,1,0,1,0,0,0,0,6,6,1,3,4,1,0,0,0,0,1,1,1,0,1,0,0,0
3811,3811.png,v484_n7395_15_f2.png,data/science/v484_n7395_15_f2.png,exact,S,69.2,10,352.40000000000003,18.772320048411704,0,0,1,1,1,0,0,0,0,0,1,8,0,2,3,2,1,0,0,0,1,0,0,0,0,0,1,0,0
3812,3812.png,vis391.png,data/vis2/vis391.png,exact,I,45.9,10,355.8777777777778,18.86472310366038,0,0,0,1,1,1,0,0,0,0,1,10,4,4,1,2,1,0,0,0,1,0,0,0,0,0,1,0,0
3813,3813.png,v487_n7406_19_f1.png,data/science/v487_n7406_19_f1.png,exact,S,87.4,10,174.26666666666665,13.201010062365176,0,0,1,0,0,0,1,1,0,0,0,8,0,5,1,2,1,0,0,0,0,1,1,0,0,0,0,0,0
3814,3814.png,economist_daily_chart_360.png,data/news/economist_daily_chart_360.png,exact,N,54.7,10,230.67777777777778,15.1880801215222,0,1,1,1,1,1,0,0,0,0,1,4,3,3,1,3,1,0,0,0,0,0,0,0,1,0,1,1,0
3815,3815.png,wsj590.png,data/news/wsj590.png,exact,N,20.0,10,645.1111111111111,25.399037602064986,0,0,1,1,1,0,0,0,0,0,1,3,2,1,1,1,0,0,0,0,0,0,0,1,0,0,0,0,0
3816,3816.png,vis390.png,data/vis2/vis390.png,exact,I,43.0,10,863.3333333333334,29.382534494718684,0,0,1,1,1,1,1,0,0,0,0,6,6,3,4,4,1,1,1,1,1,0,0,0,0,0,0,0,0
3817,3817.png,v484_n7395_15_f3.png,data/science/v484_n7395_15_f3.png,exact,S,66.4,10,581.1555555555556,24.107168136377105,0,1,1,1,1,0,0,0,0,1,0,0,5,3,8,1,1,0,1,0,0,0,0,0,0,0,0,0,0
3818,3818.png,v488_n7410_1_f3.png,data/science/v488_n7410_1_f3.png,exact,S,75.8,10,71.73333333333333,8.469553313683864,0,1,1,1,1,0,0,0,0,0,0,2,5,1,3,2,1,0,1,0,0,0,0,1,0,0,0,0,0
3819,3819.png,economist_daily_chart_407.png,data/news/economist_daily_chart_407.png,exact,N,46.7,10,574.0111111111111,23.95852898470837,0,0,1,1,1,1,1,0,0,0,1,7,4,2,2,2,1,1,0,0,0,0,0,1,0,0,0,0,0
3820,3820.png,wsj591.png,data/news/wsj591.png,exact,N,22.2,10,690.1777777777777,26.271234797355408,0,0,1,1,1,1,0,0,0,0,1,3,2,1,1,2,0,0,0,0,0,0,0,1,0,0,0,1,0
3821,3821.png,v490_n7418_15_f1.png,data/science/v490_n7418_15_f1.png,exact,S,71.6,10,590.4888888888889,24.299977137620704,0,1,1,1,1,0,0,0,0,1,0,0,6,1,5,2,1,0,0,0,0,1,0,0,0,1,0,0,0
3822,3822.png,economist_daily_chart_361.png,data/news/economist_daily_chart_361.png,exact,N,45.8,10,629.7333333333333,25.094488106620812,0,0,1,1,1,1,0,0,0,0,1,4,3,2,2,1,0,0,0,0,0,0,0,1,0,0,0,0,0
3823,3823.png,v488_n7411_1_f3.png,data/science/v488_n7411_1_f3.png,exact,S,79.9,10,157.2111111111111,12.53838550655989,0,1,1,0,1,0,1,0,0,0,0,4,2,4,3,3,1,0,0,0,1,0,1,1,0,0,0,0,0
3824,3824.png,wsj585.png,data/news/wsj585.png,exact,N,60.2,10,363.9555555555555,19.077619231852687,0,0,1,1,1,1,1,0,0,0,1,4,3,2,1,4,1,1,1,1,0,0,0,0,1,0,0,0,0
3825,3825.png,economist_daily_chart_375.png,data/news/economist_daily_chart_375.png,exact,N,30.2,10,285.2888888888889,16.8904969994636,0,1,1,1,0,1,1,0,0,0,1,4,2,2,2,1,1,0,1,0,0,0,0,0,0,0,0,0,0
3826,3826.png,v485_n7397_2_f4.png,data/science/v485_n7397_2_f4.png,exact,S,62.4,10,206.7111111111111,14.377451481786023,0,0,1,1,1,0,1,0,0,0,0,6,2,4,4,2,1,0,0,0,0,1,0,1,0,0,0,0,0
3827,3827.png,whoO06_2.png,data/government/whoO06_2.png,exact,G,27.1,10,529.4333333333333,23.009418361473923,0,0,1,1,0,0,1,0,0,0,0,3,1,2,1,2,0,0,1,0,0,1,0,0,0,0,0,0,0
3828,3828.png,economist_daily_chart_413.png,data/news/economist_daily_chart_413.png,exact,N,27.5,10,590.9444444444445,24.309348910335803,0,0,1,1,1,1,0,0,0,0,1,2,1,2,1,1,0,0,1,0,0,0,0,0,0,0,0,0,0
3829,3829.png,vis384.png,data/vis2/vis384.png,exact,I,41.8,10,785.2888888888889,28.023006421311916,0,0,0,1,1,1,0,0,0,0,1,4,6,3,1,1,1,0,0,0,0,0,0,0,0,0,1,0,0
3830,3830.png,v490_n7419_13_f3.png,data/science/v490_n7419_13_f3.png,exact,S,52.6,10,467.15555555555557,21.613781611637414,0,1,1,0,1,0,0,0,0,0,0,3,2,1,1,1,0,0,0,0,0,0,0,0,0,1,0,0,0
3831,3831.png,v485_n7400_1_f4.png,data/science/v485_n7400_1_f4.png,exact,S,70.9,10,597.4333333333334,24.44244941353737,0,1,1,1,1,0,0,0,0,0,0,6,6,5,14,4,1,0,1,0,1,0,1,0,0,0,1,0,0
3832,3832.png,v489_n7415_15_f3.png,data/science/v489_n7415_15_f3.png,exact,S,83.0,10,206.44444444444446,14.368174708168205,0,1,1,1,1,0,1,0,0,0,0,16,5,5,3,3,1,0,0,0,0,0,1,1,0,1,0,0,0
3833,3833.png,whoF04.png,data/government/whoF04.png,exact,G,18.9,10,214.1,14.632156368765337,0,1,1,1,1,1,1,0,0,0,0,2,1,2,1,1,1,0,1,0,0,0,0,0,0,0,0,0,0
3834,3834.png,v484_n7394_13_f1.png,data/science/v484_n7394_13_f1.png,exact,S,75.0,10,399.1111111111111,19.977765418362264,0,1,1,1,1,0,0,0,0,0,0,6,5,3,9,3,1,1,0,0,0,0,0,1,0,1,0,0,0
3835,3835.png,whoQ21.png,data/government/whoQ21.png,exact,G,24.0,10,637.3333333333334,25.24546163834865,0,1,1,1,0,0,0,0,1,0,0,3,3,2,1,1,0,0,0,0,0,0,0,0,0,0,1,0,0
3836,3836.png,economist_daily_chart_349.png,data/news/economist_daily_chart_349.png,exact,N,46.1,10,434.76666666666665,20.85105912577744,0,1,1,1,1,1,0,0,0,0,1,1,2,1,1,1,0,0,0,0,0,0,0,0,0,1,0,0,0
3837,3837.png,whoF10.png,data/government/whoF10.png,exact,G,37.0,10,466.22222222222223,21.59217965426886,0,1,1,1,0,1,1,0,0,0,1,7,1,2,1,1,1,0,1,0,0,0,0,0,0,0,0,0,0
3838,3838.png,wsj234.png,data/news/wsj234.png,exact,N,37.4,10,552.0444444444445,23.4956260704933,0,0,1,1,1,1,0,0,0,0,1,4,3,2,2,2,1,0,1,0,0,0,0,0,0,0,1,0,0
3839,3839.png,v488_n7410_18_f1.png,data/science/v488_n7410_18_f1.png,exact,S,66.3,10,536.9,23.171102692793884,0,1,1,1,1,0,0,0,0,1,0,0,3,3,11,3,0,0,0,0,1,1,0,1,0,0,0,0,0
3840,3840.png,visMost206.png,data/vis1/visMost206.png,exact,I,63.9,10,636.3222222222222,25.22542808798737,0,0,1,1,1,0,1,0,0,0,0,5,1,3,1,3,0,0,1,1,0,1,0,0,0,0,0,0,0
3841,3841.png,wsj18.png,data/news/wsj18.png,exact,N,42.9,10,516.7666666666667,22.732502428607958,0,0,1,1,1,1,0,0,0,0,1,4,3,3,6,2,1,0,1,0,0,0,0,1,0,0,0,0,0
3842,3842.png,vis353.png,data/vis2/vis353.png,exact,I,47.6,10,627.3777777777777,25.04751041077292,0,0,0,1,1,1,0,0,0,0,1,11,5,3,1,5,1,1,0,1,1,1,0,0,0,0,1,0,0
3843,3843.png,vis435.png,data/vis2/vis435.png,exact,I,50.0,10,857.3333333333334,29.280255007997,0,0,1,1,1,1,0,0,0,0,1,10,8,7,1,5,1,0,1,0,0,1,0,0,1,1,1,0,0
3844,3844.png,visMost560.png,data/vis1/visMost560.png,exact,I,59.8,10,1248.4,35.33270439691816,0,0,1,1,1,0,0,0,0,0,0,25,0,2,1,1,0,0,0,0,1,0,0,0,0,0,0,0,0
3845,3845.png,wsj552.png,data/news/wsj552.png,exact,N,32.5,10,328.5,18.12456896039186,0,1,1,1,1,1,0,0,0,0,1,6,1,1,5,1,1,0,0,1,0,0,0,0,0,0,0,0,0
3846,3846.png,v483_n7387_8_f1.png,data/science/v483_n7387_8_f1.png,exact,S,46.7,10,699.1222222222223,26.44091946627844,0,0,0,1,1,0,0,0,0,0,0,3,1,3,8,1,1,0,0,0,1,0,0,0,0,0,0,0,0
3847,3847.png,wsj546.png,data/news/wsj546.png,exact,N,44.2,10,786.4,28.042824394129774,0,0,1,1,1,1,1,1,0,0,1,4,1,2,1,1,0,0,1,0,0,0,0,0,0,0,0,0,0
3848,3848.png,vis421.png,data/vis2/vis421.png,exact,I,68.4,10,842.0444444444444,29.018002075340135,0,0,0,1,1,1,0,0,0,0,1,17,5,12,6,3,1,0,1,0,1,1,0,0,0,0,0,0,0
3849,3849.png,visMost574.png,data/vis1/visMost574.png,exact,I,24.9,10,764.9888888888888,27.658432509614293,0,1,0,0,1,0,0,0,0,0,0,8,0,1,1,1,0,0,0,0,0,1,0,0,0,0,0,0,0
3850,3850.png,visMost212.png,data/vis1/visMost212.png,exact,I,49.2,10,604.1777777777778,24.580028026383083,0,0,1,1,1,1,1,0,0,0,1,16,6,6,10,4,1,0,0,1,1,0,0,1,0,0,0,1,0
3851,3851.png,vis347.png,data/vis2/vis347.png,exact,I,45.2,10,781.0666666666667,27.947569959956567,0,0,0,1,1,1,0,0,0,0,1,4,5,4,5,3,1,1,0,1,1,0,0,0,0,0,0,0,0
3852,3852.png,wsj220.png,data/news/wsj220.png,exact,N,25.3,10,883.5666666666667,29.72484931276636,0,0,1,1,1,1,0,0,0,0,1,2,2,0,1,1,0,0,1,0,0,0,0,0,0,0,0,0,0
3853,3853.png,wsj24.png,data/news/wsj24.png,exact,N,37.7,10,495.34444444444443,22.25633492838487,0,0,1,1,1,1,1,0,0,0,0,4,2,2,2,1,1,0,0,0,0,0,0,1,0,0,0,0,0
3854,3854.png,v486_n7403_14_f2.png,data/science/v486_n7403_14_f2.png,exact,S,81.3,10,163.7888888888889,12.798003316489995,0,1,1,1,1,0,0,0,0,0,0,7,4,6,15,2,1,0,0,0,0,0,0,1,0,1,0,0,0
3855,3855.png,wsj208.png,data/news/wsj208.png,exact,N,40.0,10,1115.111111111111,33.39327943031518,0,0,1,1,1,1,1,0,0,0,0,3,2,1,1,2,0,0,1,0,0,1,0,0,0,0,0,0,0
3856,3856.png,v484_n7392_9_f3.png,data/science/v484_n7392_9_f3.png,exact,S,57.5,10,863.8333333333334,29.391041719090758,0,1,1,0,1,0,0,0,0,1,0,0,1,0,1,2,0,0,0,0,0,0,0,1,0,1,0,0,0
3857,3857.png,v483_n7390_10_f4.png,data/science/v483_n7390_10_f4.png,exact,S,66.7,10,398.23333333333335,19.95578445797943,0,1,1,1,0,0,0,0,0,0,0,7,6,4,4,3,1,0,0,0,0,1,0,1,0,1,0,0,0
3858,3858.png,v488_n7409_14_f2.png,data/science/v488_n7409_14_f2.png,exact,S,77.7,10,520.6777777777778,22.81836492340715,0,1,1,1,1,0,1,0,0,0,0,30,2,7,6,4,1,0,1,0,0,1,1,1,0,0,0,0,0
3859,3859.png,vis409.png,data/vis2/vis409.png,exact,I,48.7,10,576.6777777777778,24.014116218961252,0,0,1,1,1,1,1,0,0,0,0,20,3,2,3,3,0,0,0,1,0,0,0,0,0,1,1,0,0
3860,3860.png,visMost548.png,data/vis1/visMost548.png,exact,I,39.3,10,546.2333333333333,23.37163523019588,0,0,1,1,1,1,0,0,0,0,0,3,3,1,3,3,1,0,1,0,0,0,0,1,1,0,0,0,0
3861,3861.png,whoQ18_3.png,data/government/whoQ18_3.png,exact,G,39.1,10,714.9888888888889,26.739276147436918,0,1,1,1,0,0,1,0,0,0,0,7,2,1,1,1,0,0,1,0,0,0,0,0,0,0,0,0,0
3862,3862.png,v483_n7391_18_f3.png,data/science/v483_n7391_18_f3.png,exact,S,79.7,10,220.67777777777778,14.855227287987814,0,1,1,1,0,0,0,0,0,0,0,6,5,2,4,3,1,0,0,0,1,0,1,0,0,0,1,0,0
3863,3863.png,v488_n7410_16_f4.png,data/science/v488_n7410_16_f4.png,exact,S,16.3,10,245.56666666666666,15.670566890405295,0,1,1,1,0,0,0,0,0,0,0,4,1,1,3,1,1,0,1,0,0,0,0,0,0,0,0,0,0
3864,3864.png,v483_n7389_12_f2.png,data/science/v483_n7389_12_f2.png,exact,S,52.2,10,463.73333333333335,21.534468494330973,0,0,0,1,1,0,0,0,0,0,1,3,0,2,2,1,0,0,0,0,1,0,0,0,0,0,0,0,0
3865,3865.png,wsj30.png,data/news/wsj30.png,exact,N,41.4,10,628.4888888888889,25.069680669862727,0,0,0,1,1,1,1,0,0,0,1,4,1,2,1,3,0,1,0,1,0,0,0,0,1,0,0,0,0
3866,3866.png,v484_n7393_9_f3.png,data/science/v484_n7393_9_f3.png,exact,S,79.9,10,423.43333333333334,20.577495798403977,0,0,1,1,1,0,1,0,0,0,0,9,4,0,5,3,1,0,0,0,0,1,1,0,1,0,0,0,0
3867,3867.png,v485_n7398_9_f4.png,data/science/v485_n7398_9_f4.png,exact,S,81.2,10,152.84444444444443,12.363027317143825,0,1,1,0,1,0,1,0,0,0,1,8,5,0,3,2,1,0,0,0,0,0,1,1,0,0,0,0,0
3868,3868.png,v489_n7416_12_f2.png,data/science/v489_n7416_12_f2.png,exact,S,56.3,10,335.34444444444443,18.312412305440386,0,1,1,1,1,0,0,0,0,0,0,1,4,1,2,2,1,0,1,0,0,0,0,0,0,1,0,0,0
3869,3869.png,v486_n7404_2_f1.png,data/science/v486_n7404_2_f1.png,exact,S,86.1,10,163.43333333333334,12.78410471379726,0,1,1,1,1,1,0,0,0,0,0,7,11,6,11,6,1,0,1,1,1,0,1,0,0,1,1,0,0
3870,3870.png,economist_daily_chart_163.png,data/news/economist_daily_chart_163.png,exact,N,27.7,10,321.34444444444443,17.926082796987313,0,0,1,1,0,1,1,0,0,0,0,4,1,2,1,1,0,0,1,0,0,0,0,0,0,0,0,0,0
3871,3871.png,whoO22_3.png,data/government/whoO22_3.png,exact,G,20.6,10,170.26666666666665,13.048627003124377,0,1,1,1,0,0,1,0,0,0,1,3,1,3,1,1,0,0,1,0,0,0,0,0,0,0,0,0,0
3872,3872.png,vis186.png,data/vis2/vis186.png,exact,I,87.4,10,147.15555555555554,12.130768959779736,0,0,0,1,1,1,1,1,0,0,0,10,5,4,1,1,0,0,0,0,1,0,0,0,0,0,0,0,0
3873,3873.png,v485_n7399_9_f4.png,data/science/v485_n7399_9_f4.png,exact,S,41.7,10,288.23333333333335,16.97743600586771,0,1,1,1,1,0,0,0,0,0,0,1,3,1,2,2,1,0,0,0,0,0,0,1,0,1,0,0,0
3874,3874.png,economist_daily_chart_177.png,data/news/economist_daily_chart_177.png,exact,N,40.7,10,704.9,26.54995291897897,0,0,1,1,1,1,1,0,0,0,0,3,2,2,2,1,1,0,1,0,0,0,0,0,0,0,0,0,0
3875,3875.png,vis838.png,data/vis3/vis838.png,exact,I,25.9,10,412.09999999999997,20.300246303924492,0,0,0,1,1,1,0,0,0,0,0,4,6,1,1,2,1,0,0,0,0,0,0,0,0,0,1,1,0
3876,3876.png,v483_n7389_24_f3.png,data/science/v483_n7389_24_f3.png,exact,S,61.5,10,375.8333333333333,19.386421364793794,0,0,0,0,1,0,0,0,0,0,0,4,0,2,1,1,0,0,0,0,1,0,0,0,0,0,0,0,0
3877,3877.png,whoB17_1.png,data/government/whoB17_1.png,exact,G,25.0,10,151.77777777777777,12.31981240838422,0,1,1,1,1,1,0,0,0,0,0,4,1,2,1,2,0,0,1,0,0,0,0,1,0,0,0,0,0
3878,3878.png,vis810.png,data/vis3/vis810.png,exact,I,37.0,10,778.0,27.892651361962706,0,0,0,1,1,1,0,0,0,0,1,8,2,1,1,1,0,0,0,0,0,0,0,0,1,0,0,0,0
3879,3879.png,v488_n7409_22_f3.png,data/science/v488_n7409_22_f3.png,exact,S,71.0,10,506.22222222222223,22.499382707581606,0,1,1,0,0,1,1,0,0,0,0,5,9,4,6,4,1,0,0,0,0,1,1,1,0,1,0,0,0
3880,3880.png,treasuryB08.png,data/government/treasuryB08.png,exact,G,49.6,10,344.93333333333334,18.57238092796218,0,1,1,1,1,1,0,0,0,0,0,3,2,3,1,1,0,0,0,0,0,0,0,1,0,0,0,0,0
3881,3881.png,whoQ42_4.png,data/government/whoQ42_4.png,exact,G,38.7,10,518.0111111111111,22.759857449270438,0,1,1,1,0,0,1,0,0,0,0,15,2,1,1,2,0,1,0,0,0,0,0,1,0,0,0,0,0
3882,3882.png,vis804.png,data/vis3/vis804.png,exact,I,56.1,10,908.1,30.134697609234443,0,0,0,1,1,1,0,0,0,0,1,6,12,6,5,4,1,0,0,0,0,1,0,1,0,0,1,1,0
3883,3883.png,v485_n7398_7_f1.png,data/science/v485_n7398_7_f1.png,exact,S,86.7,10,131.12222222222223,11.450861200024312,0,0,1,1,1,0,1,0,0,0,1,5,6,4,3,2,1,0,0,0,0,1,1,0,0,0,0,0,0
3884,3884.png,visMost789.png,data/vis1/visMost789.png,exact,I,55.7,10,545.1222222222223,23.347852625503318,0,0,0,1,1,0,1,1,0,0,0,7,1,3,1,2,0,0,1,0,0,0,0,0,1,0,0,0,0
3885,3885.png,vis637.png,data/vis3/vis637.png,exact,I,51.8,10,678.8444444444444,26.054643433454324,0,0,1,1,1,1,0,0,0,0,1,15,11,7,8,5,1,0,1,1,1,0,0,1,1,0,0,0,0
3886,3886.png,whoJ21.png,data/government/whoJ21.png,exact,G,50.1,10,487.2111111111111,22.07285915125431,0,1,1,1,1,1,1,1,0,0,0,10,2,2,3,3,1,0,1,0,0,0,0,0,1,1,0,0,0
3887,3887.png,v483_n7388_3_f1.png,data/science/v483_n7388_3_f1.png,exact,S,74.7,10,312.0111111111111,17.66383625125389,0,1,1,1,1,0,0,0,0,1,0,0,6,2,6,2,1,0,1,0,0,0,0,1,0,0,0,0,0
3888,3888.png,v490_n7420_19_f3.png,data/science/v490_n7420_19_f3.png,exact,S,64.1,10,702.3222222222222,26.50136264840399,0,1,1,1,0,1,0,0,1,1,0,0,3,1,1,1,0,0,0,0,0,0,0,0,0,0,1,0,0
3889,3889.png,vis151.png,data/vis2/vis151.png,exact,I,62.8,10,463.73333333333335,21.534468494330973,0,1,1,1,1,1,0,0,0,0,0,8,4,4,5,5,1,1,1,0,1,0,0,0,1,0,0,1,0
3890,3890.png,v488_n7412_5_f8.png,data/science/v488_n7412_5_f8.png,exact,S,63.3,10,374.9,19.362334569984064,0,1,1,1,1,0,0,0,0,0,0,4,3,1,2,2,1,0,0,0,0,0,0,1,0,1,0,0,0
3891,3891.png,np_5.png,data/news/np_5.png,exact,N,64.7,10,816.2333333333332,28.56979757249486,0,1,1,1,1,1,0,0,0,0,0,6,11,3,44,5,1,0,1,0,1,0,1,1,0,0,1,0,0
3892,3892.png,v485_n7400_10_f3.png,data/science/v485_n7400_10_f3.png,exact,S,54.2,10,969.9555555555555,31.144109484067055,0,1,1,1,0,0,0,0,0,0,0,3,3,2,2,1,1,0,0,0,0,0,0,0,0,1,0,0,0
3893,3893.png,vis145.png,data/vis2/vis145.png,exact,I,70.4,10,673.6,25.953805116013335,0,0,0,1,1,1,0,0,0,0,0,6,0,2,1,1,0,0,0,0,1,0,0,0,0,0,0,0,0
3894,3894.png,visMost776.png,data/vis1/visMost776.png,exact,I,24.4,10,551.3777777777777,23.48143474700338,0,0,0,1,1,1,1,0,0,0,0,3,1,2,1,2,0,1,0,0,0,0,0,0,0,0,1,0,0
3895,3895.png,vis623.png,data/vis3/vis623.png,exact,I,71.3,10,789.7888888888889,28.103182896050917,0,1,1,1,1,1,0,0,0,0,1,4,5,4,3,4,1,0,0,1,1,0,0,0,0,0,1,1,0
3896,3896.png,v484_n7393_19_f4.png,data/science/v484_n7393_19_f4.png,exact,S,71.9,10,128.32222222222222,11.327939893123649,0,1,1,1,1,0,1,0,0,0,0,8,2,4,3,2,1,0,1,0,0,0,0,0,0,0,1,0,0
3897,3897.png,whoJ35.png,data/government/whoJ35.png,exact,G,31.5,10,301.3888888888889,17.360555546666383,0,1,1,1,0,1,0,0,0,0,0,2,1,1,1,2,0,0,1,0,0,1,0,0,0,0,0,0,0
3898,3898.png,v483_n7389_3_f1.png,data/science/v483_n7389_3_f1.png,exact,S,80.4,10,325.6,18.04438970982394,0,1,1,1,1,0,0,0,0,0,0,9,3,2,5,3,1,1,0,0,1,0,0,1,0,0,0,0,0
3899,3899.png,v487_n7406_21_f4.png,data/science/v487_n7406_21_f4.png,exact,S,75.4,10,201.37777777777777,14.19076381939245,0,1,1,1,0,0,1,0,0,0,0,4,6,3,3,2,1,0,1,0,1,0,0,0,0,0,0,0,0
3900,3900.png,v487_n7407_3_f2.png,data/science/v487_n7407_3_f2.png,exact,S,89.9,10,120.76666666666667,10.989388821343372,0,1,0,1,0,1,1,0,0,0,0,4,1,2,69,2,1,0,0,0,0,0,1,0,0,1,0,0,0
3901,3901.png,vis179.png,data/vis2/vis179.png,exact,I,58.8,10,919.2888888888889,30.319777190620794,0,0,1,1,1,1,0,0,0,0,0,15,1,2,1,2,1,0,0,0,1,0,0,0,0,0,1,0,0
3902,3902.png,treasuryL13.png,data/government/treasuryL13.png,exact,G,45.0,10,415.3333333333333,20.37972849017703,0,0,0,1,1,1,0,0,1,0,0,1,5,1,1,2,0,0,0,0,0,0,0,0,0,0,1,1,0
3903,3903.png,economist_daily_chart_188.png,data/news/economist_daily_chart_188.png,exact,N,29.3,10,456.23333333333335,21.359619222573546,0,0,1,1,1,1,0,0,0,0,0,1,2,1,1,2,0,0,1,0,0,1,0,0,0,0,0,0,0
3904,3904.png,whoJ09.png,data/government/whoJ09.png,exact,G,41.4,10,619.8222222222222,24.89622907635255,0,1,1,1,1,1,1,1,0,0,0,6,2,2,3,2,1,0,1,0,0,0,0,0,1,0,0,0,0
3905,3905.png,v487_n7406_3_f2.png,data/science/v487_n7406_3_f2.png,exact,S,86.1,10,142.98888888888888,11.957796155182145,0,1,1,1,1,0,1,0,0,0,0,10,3,5,4,3,1,0,0,0,1,0,0,1,0,1,0,0,0
3906,3906.png,v483_n7388_20_f4.png,data/science/v483_n7388_20_f4.png,exact,S,76.3,10,316.23333333333335,17.78295063630705,0,1,1,1,1,0,1,0,0,0,1,3,3,3,15,2,1,0,1,0,1,0,0,0,0,0,0,0,0
3907,3907.png,v485_n7399_21_f2.png,data/science/v485_n7399_21_f2.png,exact,S,66.5,10,375.8333333333333,19.386421364793794,0,0,1,1,1,0,1,0,0,0,0,4,1,5,3,4,1,0,0,0,1,1,0,0,0,1,1,0,0
3908,3908.png,vis958.png,data/vis3/vis958.png,exact,I,39.1,10,431.2111111111111,20.765623301772358,0,0,1,1,1,1,0,0,0,0,1,18,1,3,2,2,0,0,1,0,0,0,0,0,0,0,1,0,0
3909,3909.png,treasuryJ01_2.png,data/government/treasuryJ01_2.png,exact,G,19.7,10,621.7888888888888,24.935695075310992,0,0,1,1,1,1,0,0,0,0,0,2,2,1,1,1,0,0,0,0,0,0,0,1,0,0,0,0,0
3910,3910.png,vis780.png,data/vis3/vis780.png,exact,I,77.3,10,218.45555555555555,14.78024206687954,0,0,1,1,1,0,1,0,0,0,1,10,2,1,2,1,0,0,0,0,0,0,0,0,0,1,0,0,0
3911,3911.png,v482_n7386_17_f3.png,data/science/v482_n7386_17_f3.png,exact,S,76.8,10,172.4,13.130118049735882,0,1,1,1,0,0,0,0,0,0,0,11,6,4,7,3,1,0,1,0,0,0,0,1,0,0,1,0,0
3912,3912.png,economist_daily_chart_13.png,data/news/economist_daily_chart_13.png,exact,N,19.5,10,151.38888888888889,12.304019216861168,0,0,1,1,1,1,1,0,0,0,0,1,1,2,1,1,0,0,1,0,0,0,0,0,0,0,0,0,0
3913,3913.png,wsj181.png,data/news/wsj181.png,exact,N,59.6,10,549.6,23.443549219348167,0,0,1,1,1,1,1,0,0,0,1,8,2,2,2,2,1,1,0,0,0,0,0,1,0,0,0,0,0
3914,3914.png,wsj1.png,data/news/wsj1.png,exact,N,46.0,10,595.5555555555555,24.404006956964167,0,0,1,1,1,1,0,0,0,0,1,10,3,2,2,2,1,0,1,1,0,0,0,0,0,0,0,0,0
3915,3915.png,v485_n7397_10_f1.png,data/science/v485_n7397_10_f1.png,exact,S,56.0,10,579.7777777777778,24.078575077810935,0,1,1,0,1,0,0,0,0,0,0,6,2,1,1,1,0,0,0,0,0,0,0,0,1,0,0,0,0
3916,3916.png,v483_n7391_22_f2.png,data/science/v483_n7391_22_f2.png,exact,S,64.3,10,299.34444444444443,17.301573467301882,0,1,1,1,1,0,0,0,0,1,0,0,6,2,7,2,1,0,1,0,0,1,0,0,0,0,0,0,0
3917,3917.png,wsj195.png,data/news/wsj195.png,exact,N,49.7,10,282.67777777777775,16.813024052138204,0,0,1,1,1,1,0,0,0,0,1,13,5,3,4,3,1,1,1,0,0,0,0,1,0,0,0,0,0
3918,3918.png,treasuryK03_5.png,data/government/treasuryK03_5.png,exact,G,16.2,10,271.5111111111111,16.477594214906226,0,0,1,1,1,1,0,0,0,0,0,1,2,0,1,1,0,0,1,0,0,0,0,0,0,0,0,0,0
3919,3919.png,vis794.png,data/vis3/vis794.png,exact,I,57.7,10,518.6777777777778,22.774498408917324,0,1,1,1,1,1,0,0,0,0,1,7,1,1,7,5,1,0,1,1,0,0,0,1,1,0,0,1,0
3920,3920.png,visMost94.png,data/vis1/visMost94.png,exact,I,71.8,10,241.73333333333335,15.547775832360504,0,0,1,1,1,1,0,0,0,0,1,8,1,3,9,2,1,0,0,1,0,0,0,0,0,0,1,0,0
3921,3921.png,vis964.png,data/vis3/vis964.png,exact,I,59.6,10,270.0444444444444,16.43302907088174,0,0,0,1,1,1,1,0,1,0,1,6,1,5,6,3,1,0,0,0,1,0,0,0,1,0,0,1,0
3922,3922.png,whoQ44_2.png,data/government/whoQ44_2.png,exact,G,19.0,10,586.6666666666666,24.221202832779934,0,0,1,1,0,0,1,0,0,1,0,3,1,2,1,1,0,0,1,0,0,0,0,0,0,0,0,0,0
3923,3923.png,v490_n7420_2_f2.png,data/science/v490_n7420_2_f2.png,exact,S,67.4,10,373.8222222222222,19.33448272445431,0,1,1,1,1,0,0,0,0,0,0,7,1,4,3,2,1,0,1,0,1,0,0,0,0,0,0,0,0
3924,3924.png,v485_n7398_5_f4.png,data/science/v485_n7398_5_f4.png,exact,S,69.8,10,186.17777777777778,13.644697789902779,0,1,1,1,1,0,1,0,0,0,0,6,5,4,10,3,1,0,1,0,1,1,0,0,0,0,0,0,0
3925,3925.png,visMost80.png,data/vis1/visMost80.png,exact,I,41.4,10,364.26666666666665,19.085771314428627,0,0,1,1,1,1,1,0,0,0,1,6,4,3,6,3,1,0,1,0,0,0,0,0,1,0,0,1,0
3926,3926.png,vis970.png,data/vis3/vis970.png,exact,I,55.9,10,749.6555555555556,27.379838486659406,0,0,1,1,1,1,1,0,0,0,1,7,5,3,6,4,1,0,1,1,0,0,0,0,0,0,0,1,1
3927,3927.png,v483_n7388_1_f4.png,data/science/v483_n7388_1_f4.png,exact,S,54.7,10,528.6777777777778,22.992994102068955,0,1,1,1,0,0,1,1,0,0,0,10,2,3,5,3,1,0,0,0,1,0,1,0,1,0,0,0,0
3928,3928.png,v482_n7386_1_f9.png,data/science/v482_n7386_1_f9.png,exact,S,50.5,10,868.2777777777778,29.466553544277584,0,1,1,1,1,0,0,0,0,0,0,1,2,0,6,1,1,0,1,0,0,0,0,0,0,0,0,0,0
3929,3929.png,vis743.png,data/vis3/vis743.png,exact,I,69.2,10,493.73333333333335,22.220111010823807,0,1,1,1,1,1,0,0,1,0,1,1,0,2,10,2,1,0,0,0,1,0,0,0,0,0,1,0,0
3930,3930.png,visMost616.png,data/vis1/visMost616.png,exact,I,54.6,10,602.7111111111111,24.550175378418604,0,1,1,1,1,1,1,0,0,0,1,5,3,1,6,2,1,0,1,0,1,0,0,0,0,0,0,0,0
3931,3931.png,visMost170.png,data/vis1/visMost170.png,exact,I,50.3,10,618.4555555555555,24.86876666735919,0,0,1,1,0,1,0,0,1,0,1,28,0,1,22,1,0,0,0,0,0,0,0,0,0,0,1,0,0
3932,3932.png,wsj142.png,data/news/wsj142.png,exact,N,45.6,10,673.8222222222222,25.958085873619847,0,1,1,1,1,1,0,0,0,0,1,11,4,2,5,6,1,1,1,1,0,0,0,1,0,0,1,1,0
3933,3933.png,wsj156.png,data/news/wsj156.png,exact,N,48.1,10,668.1,25.8476304523258,0,0,1,1,1,1,0,0,0,0,0,3,5,1,3,1,1,0,0,0,0,0,0,1,0,0,0,0,0
3934,3934.png,v486_n7401_19_f1.png,data/science/v486_n7401_19_f1.png,exact,S,79.1,10,202.76666666666668,14.239616099694075,0,1,1,1,1,0,0,0,0,1,0,0,4,5,7,2,1,0,1,0,0,0,0,0,0,0,1,0,0
3935,3935.png,visMost164.png,data/vis1/visMost164.png,exact,I,18.1,10,545.8777777777777,23.3640274305989,0,0,0,1,0,0,0,0,0,0,1,11,1,1,3,1,1,0,1,0,0,0,0,0,0,0,0,0,0
3936,3936.png,v483_n7389_1_f4.png,data/science/v483_n7389_1_f4.png,exact,S,76.7,10,387.1222222222222,19.67542178003364,0,0,0,0,1,0,1,0,0,0,0,4,0,4,1,2,1,0,0,0,0,1,0,0,0,0,0,0,1
3937,3937.png,vis757.png,data/vis3/vis757.png,exact,I,44.9,10,570.7666666666667,23.89072344376927,0,0,1,1,1,1,0,0,0,0,1,4,3,1,7,3,1,0,1,1,0,0,0,0,0,0,0,1,0
3938,3938.png,visMost602.png,data/vis1/visMost602.png,exact,I,74.4,10,237.15555555555557,15.399855699179637,0,0,0,1,1,1,0,0,1,0,0,2,0,1,1,1,0,0,0,0,0,0,0,0,0,0,0,0,1
3939,3939.png,v483_n7389_8_f8.png,data/science/v483_n7389_8_f8.png,exact,S,74.1,10,94.54444444444445,9.723396754449777,0,1,1,1,1,0,0,0,0,0,0,4,3,1,8,2,1,0,0,0,1,0,0,1,0,0,0,0,0
3940,3940.png,visMost57.png,data/vis1/visMost57.png,exact,I,46.7,10,527.1222222222223,22.959142453981645,0,0,1,1,0,1,1,0,0,0,1,9,3,2,8,6,1,1,1,1,1,0,0,0,1,0,0,1,0
3941,3941.png,v484_n7393_15_f4.png,data/science/v484_n7393_15_f4.png,exact,S,78.5,10,202.72222222222223,14.238055422782361,0,0,1,1,1,0,0,0,0,0,0,6,7,7,19,4,1,0,1,0,1,0,0,1,0,1,0,0,0
3942,3942.png,v488_n7412_15_f2.png,data/science/v488_n7412_15_f2.png,exact,S,75.6,10,379.3777777777778,19.47762248781349,0,1,1,1,1,0,1,0,0,1,0,0,3,2,12,3,1,0,1,0,1,0,0,1,0,0,0,0,0
3943,3943.png,visMost158.png,data/vis1/visMost158.png,exact,I,37.7,10,672.9,25.940316112183368,0,0,0,1,1,1,1,1,0,0,1,1,2,1,1,1,0,0,0,0,0,0,0,0,0,1,0,0,0
3944,3944.png,v490_n7420_15_f3.png,data/science/v490_n7420_15_f3.png,exact,S,64.5,10,118.05555555555556,10.865337342004414,0,1,1,1,1,0,1,0,0,0,0,1,4,3,5,2,1,0,1,0,0,0,0,0,0,0,0,0,1
3945,3945.png,visMost43.png,data/vis1/visMost43.png,exact,I,60.6,10,146.48888888888888,12.103259432437564,0,0,1,1,1,1,1,0,0,0,1,6,4,4,10,5,1,1,1,1,1,0,0,0,1,0,0,0,0
3946,3946.png,wsj383.png,data/news/wsj383.png,exact,N,22.2,10,191.51111111111112,13.838753958037953,0,0,1,1,1,1,0,0,0,0,1,3,1,3,2,2,1,0,1,0,0,0,0,1,0,0,0,0,0
3947,3947.png,economist_daily_chart_215.png,data/news/economist_daily_chart_215.png,exact,N,17.3,10,216.9,14.727525250360292,0,0,0,1,1,0,1,0,0,0,0,3,0,1,1,1,0,0,0,0,0,0,0,0,1,0,0,0,0
3948,3948.png,vis582.png,data/vis3/vis582.png,exact,I,50.8,10,379.5111111111111,19.481044918358744,0,0,1,1,1,1,0,0,0,0,1,7,1,2,3,2,1,0,0,0,1,0,0,0,1,0,0,0,0
3949,3949.png,vis33.png,data/vis2/vis33.png,exact,I,55.6,10,403.15555555555557,20.078733913161845,0,1,1,1,1,1,0,0,0,0,1,11,2,3,3,2,1,0,1,0,0,0,0,0,0,0,1,0,0
3950,3950.png,v488_n7410_3_f6.png,data/science/v488_n7410_3_f6.png,exact,S,75.1,10,152.54444444444445,12.350888407092198,0,1,1,1,1,0,0,0,0,0,0,6,1,4,4,2,1,0,1,0,1,0,0,0,0,0,0,0,0
3951,3951.png,vis596.png,data/vis3/vis596.png,exact,I,52.8,10,382.84444444444443,19.5664111283711,0,0,1,1,1,1,0,0,0,0,1,6,9,3,6,4,1,0,0,1,1,0,0,0,0,0,1,1,0
3952,3952.png,vis27.png,data/vis2/vis27.png,exact,I,20.5,10,676.7222222222222,26.013885181230084,0,0,1,1,1,1,0,0,0,0,0,1,2,0,1,1,0,0,0,0,0,0,0,1,0,0,0,0,0
3953,3953.png,economist_daily_chart_201.png,data/news/economist_daily_chart_201.png,exact,N,23.8,10,417.95555555555563,20.443961346949266,0,0,1,1,0,1,1,0,0,0,0,3,1,2,1,1,0,0,1,0,0,0,0,0,0,0,0,0,0
3954,3954.png,wsj397.png,data/news/wsj397.png,exact,N,23.2,10,313.06666666666666,17.693690024035874,0,0,0,1,1,1,0,0,0,0,1,6,2,3,2,1,0,0,0,0,1,0,0,0,0,0,0,0,0
3955,3955.png,v489_n7415_19_f3.png,data/science/v489_n7415_19_f3.png,exact,S,29.0,10,433.3333333333333,20.816659994661325,0,1,1,1,0,0,1,0,0,0,0,2,3,3,2,2,1,0,0,0,0,0,0,1,0,1,0,0,0
3956,3956.png,v488_n7411_3_f6.png,data/science/v488_n7411_3_f6.png,exact,S,69.9,10,282.76666666666665,16.815667297691956,0,1,1,1,1,0,1,0,0,0,0,6,6,8,8,3,1,0,1,0,0,0,0,1,0,1,0,0,0
3957,3957.png,v487_n7405_2_f5.png,data/science/v487_n7405_2_f5.png,exact,S,69.3,10,170.67777777777778,13.064370546558214,0,0,0,1,1,0,0,0,0,0,0,5,0,3,1,1,1,0,0,0,1,0,0,0,0,0,0,0,0
3958,3958.png,v490_n7420_23_f2.png,data/science/v490_n7420_23_f2.png,exact,S,62.0,10,632.6666666666666,25.152865973217974,0,1,1,1,0,0,1,0,0,0,0,4,2,3,3,2,1,0,0,0,0,0,0,1,0,1,0,0,0
3959,3959.png,v488_n7412_23_f3.png,data/science/v488_n7412_23_f3.png,exact,S,77.5,10,165.16666666666666,12.851718432438,0,0,1,1,0,0,0,0,0,1,0,0,4,6,11,2,1,0,0,0,0,1,0,0,0,0,1,0,0
3960,3960.png,v485_n7400_3_f1.png,data/science/v485_n7400_3_f1.png,exact,S,71.8,10,145.73333333333335,12.072006185109968,0,1,1,1,0,0,0,0,0,0,0,6,4,5,15,3,1,0,1,0,1,0,0,1,0,0,0,0,0
3961,3961.png,whoK17_2.png,data/government/whoK17_2.png,exact,G,9.8,10,139.51111111111112,11.811482172492626,0,0,0,1,0,1,0,0,1,0,0,1,4,1,1,1,0,0,0,0,0,0,0,0,0,0,1,0,0
3962,3962.png,economist_daily_chart_229.png,data/news/economist_daily_chart_229.png,exact,N,40.8,10,443.9555555555556,21.070252859316984,0,0,1,1,0,1,1,0,0,0,0,5,2,2,1,1,0,0,1,0,0,0,0,0,0,0,0,0,0
3963,3963.png,v484_n7395_19_f3.png,data/science/v484_n7395_19_f3.png,exact,S,78.9,10,513.6555555555556,22.663970427874187,0,1,1,1,0,0,1,0,0,0,1,6,5,7,11,3,1,0,1,0,0,1,0,0,0,1,0,0,0
3964,3964.png,visMost399.png,data/vis1/visMost399.png,exact,I,43.5,10,688.7222222222222,26.24351771813798,0,0,0,1,0,1,0,0,0,0,1,4,0,3,3,1,0,0,0,0,0,0,0,0,0,0,1,0,0
3965,3965.png,v490_n7418_19_f1.png,data/science/v490_n7418_19_f1.png,exact,S,78.9,10,248.1,15.751190431202335,0,1,1,1,0,0,0,0,0,0,0,5,6,1,20,3,1,0,1,0,1,0,0,0,0,1,0,0,0
3966,3966.png,v487_n7408_4_f2.png,data/science/v487_n7408_4_f2.png,exact,S,70.8,10,368.40000000000003,19.193748982416125,0,1,1,1,1,0,0,0,0,0,0,2,4,1,7,3,1,0,1,0,1,0,0,0,0,1,0,0,0
3967,3967.png,wsj340.png,data/news/wsj340.png,exact,N,16.2,10,151.95555555555555,12.32702541392511,0,0,1,1,1,1,0,0,0,0,1,5,1,1,1,1,0,0,0,1,0,0,0,0,0,0,0,0,0
3968,3968.png,whoN31.png,data/government/whoN31.png,exact,G,18.4,10,275.15555555555557,16.587813465178453,0,0,0,1,0,0,1,1,0,0,0,7,0,1,1,1,0,0,0,0,0,0,0,0,1,0,0,0,0
3969,3969.png,vis227.png,data/vis2/vis227.png,exact,I,49.4,10,835.8222222222222,28.910590139639528,0,0,1,1,1,1,0,0,0,0,0,4,6,1,10,3,1,0,1,0,0,0,0,1,0,0,0,1,0
3970,3970.png,visMost372.png,data/vis1/visMost372.png,exact,I,58.3,10,198.45555555555555,14.087425440993664,0,1,1,1,1,0,0,0,0,0,1,8,2,1,2,2,1,0,0,0,1,0,0,0,0,1,0,0,0
3971,3971.png,v489_n7415_6_f4.png,data/science/v489_n7415_6_f4.png,exact,S,64.0,10,370.6666666666667,19.252705437591537,0,1,1,1,1,0,1,0,0,0,0,5,2,2,4,2,1,0,0,0,1,0,0,0,0,1,0,0,0
3972,3972.png,visMost414.png,data/vis1/visMost414.png,exact,I,30.0,10,80.88888888888889,8.993825042154693,0,0,0,1,1,1,0,0,0,0,1,4,0,1,1,1,0,0,0,0,0,0,0,0,0,0,1,0,0
3973,3973.png,v483_n7391_14_f3.png,data/science/v483_n7391_14_f3.png,exact,S,66.0,10,308.22222222222223,17.55625877635159,0,1,1,1,1,0,0,0,0,0,0,4,2,6,4,6,1,1,1,1,1,1,1,0,0,0,0,0,0
3974,3974.png,wsj426.png,data/news/wsj426.png,exact,N,28.1,10,519.2111111111111,22.78620440334702,0,0,1,1,1,1,0,0,0,0,1,5,4,1,3,3,1,1,1,0,0,0,0,1,0,0,0,0,0
3975,3975.png,wsj432.png,data/news/wsj432.png,exact,N,23.6,10,329.8222222222222,18.161008293104825,0,0,1,1,0,1,1,0,0,0,1,3,2,1,1,1,0,0,1,0,0,0,0,0,0,0,0,0,0
3976,3976.png,visMost400.png,data/vis1/visMost400.png,exact,I,59.5,10,404.5,20.112185361118765,0,0,1,1,0,0,1,0,0,1,0,0,2,1,1,2,0,1,0,0,0,0,0,0,0,0,0,0,1
3977,3977.png,vis555.png,data/vis3/vis555.png,exact,I,68.5,10,358.05555555555554,18.922355972646628,0,1,1,1,1,1,0,0,0,0,0,32,4,3,1,4,1,1,0,1,1,0,0,0,0,0,1,0,0
3978,3978.png,v488_n7411_12_f3.png,data/science/v488_n7411_12_f3.png,exact,S,61.9,10,620.9888888888888,24.919648650992027,0,0,0,0,1,0,0,0,0,0,0,3,1,1,1,1,0,0,0,0,0,0,0,0,0,0,0,0,1
3979,3979.png,v485_n7399_17_f3.png,data/science/v485_n7399_17_f3.png,exact,S,82.7,10,242.45555555555555,15.57098441189752,0,1,1,1,1,0,1,0,0,0,0,3,8,1,23,2,1,0,1,0,1,0,0,0,0,0,0,0,0
3980,3980.png,whoN25.png,data/government/whoN25.png,exact,G,16.4,10,332.0444444444444,18.222086720363407,0,1,1,1,0,0,0,0,1,0,0,2,3,2,2,1,0,0,0,0,0,0,0,0,0,0,1,0,0
3981,3981.png,vis233.png,data/vis2/vis233.png,exact,I,43.7,10,515.1222222222223,22.69630415336872,0,0,1,1,1,1,0,0,0,0,0,6,1,0,1,1,0,0,0,0,1,0,0,0,0,0,0,0,0
3982,3982.png,v488_n7409_18_f2.png,data/science/v488_n7409_18_f2.png,exact,S,62.7,10,871.3444444444444,29.518544077315948,0,0,1,0,0,0,1,0,0,0,0,5,0,5,5,1,1,0,0,0,0,0,1,0,0,0,0,0,0
3983,3983.png,v484_n7392_5_f3.png,data/science/v484_n7392_5_f3.png,exact,S,63.3,10,265.7888888888889,16.303033119296817,0,1,1,1,0,0,1,0,0,0,0,8,5,2,6,3,1,0,0,0,0,0,1,1,0,1,0,0,0
3984,3984.png,visMost366.png,data/vis1/visMost366.png,exact,I,54.4,10,515.8222222222222,22.71171993095684,0,0,0,1,1,1,0,0,0,0,1,5,0,3,1,1,1,0,0,0,0,0,0,0,0,0,1,0,0
3985,3985.png,wsj354.png,data/news/wsj354.png,exact,N,58.8,10,345.5111111111111,18.587929177590254,0,0,1,1,1,1,1,0,0,0,0,10,2,3,6,3,1,0,1,1,0,0,0,0,1,0,0,0,0
3986,3986.png,v485_n7396_20_f2.png,data/science/v485_n7396_20_f2.png,exact,S,74.8,10,650.1777777777778,25.49858383867186,0,1,1,1,1,0,1,0,0,0,0,10,9,6,10,4,1,0,1,1,1,1,0,0,0,0,0,0,0
3987,3987.png,v483_n7390_12_f1.png,data/science/v483_n7390_12_f1.png,exact,S,27.6,10,925.6,30.42367499169027,0,1,1,0,0,0,1,0,0,0,0,2,3,1,1,1,0,0,0,0,0,0,0,1,0,0,0,0,0
3988,3988.png,whoH16_2.png,data/government/whoH16_2.png,exact,G,20.1,10,217.43333333333334,14.745620818851044,0,1,1,1,1,0,0,0,0,0,0,3,1,1,1,1,1,0,1,0,0,0,0,0,0,0,0,0,0
3989,3989.png,v484_n7395_1_f2.png,data/science/v484_n7395_1_f2.png,exact,S,81.0,10,265.77777777777777,16.302692347516643,0,0,1,1,0,0,1,0,0,0,0,7,7,2,12,3,1,0,0,0,1,0,1,1,0,0,0,0,0
3990,3990.png,visMost428.png,data/vis1/visMost428.png,exact,I,49.8,10,727.9555555555555,26.980651503541488,0,1,1,1,1,1,0,0,0,0,1,4,8,6,9,4,1,1,0,1,1,1,0,0,0,0,0,0,0
3991,3991.png,v485_n7398_11_f1.png,data/science/v485_n7398_11_f1.png,exact,S,60.6,10,287.82222222222225,16.965324111911986,0,1,1,1,1,0,0,0,0,0,0,5,6,3,3,2,1,0,0,0,1,0,0,1,0,0,0,0,0
3992,3992.png,v488_n7410_14_f1.png,data/science/v488_n7410_14_f1.png,exact,S,64.4,10,270.0444444444445,16.433029070881744,0,1,1,1,0,0,1,1,0,0,1,5,3,3,4,4,1,0,1,0,0,0,1,0,1,0,0,0,1
3993,3993.png,vis569.png,data/vis3/vis569.png,exact,I,63.8,10,437.2888888888889,20.91145353362336,0,0,0,1,1,1,0,0,0,0,0,4,7,1,7,2,1,1,0,1,0,0,0,0,0,0,0,0,0
3994,3994.png,v489_n7417_20_f4.png,data/science/v489_n7417_20_f4.png,exact,S,67.4,10,604.0444444444445,24.577315647654537,0,0,0,0,1,0,0,0,0,0,0,2,0,3,1,1,0,0,0,0,1,0,0,0,0,0,0,0,0
3995,3995.png,wsj368.png,data/news/wsj368.png,exact,N,34.2,10,330.6222222222222,18.18302016228938,0,0,1,1,1,1,0,0,0,0,1,4,4,1,3,1,1,0,1,0,0,0,0,0,0,0,0,0,0
3996,3996.png,v489_n7415_8_f1.png,data/science/v489_n7415_8_f1.png,exact,S,53.3,10,534.2333333333333,23.113488125623388,0,0,1,0,1,0,0,0,0,0,1,2,1,1,1,1,0,0,0,0,1,0,0,0,0,0,0,0,0
3997,3997.png,v484_n7394_1_f2.png,data/science/v484_n7394_1_f2.png,exact,S,63.8,10,86.4,9.2951600308978,0,1,1,1,0,0,1,0,0,1,0,0,8,2,11,2,1,0,1,0,0,0,0,1,0,0,0,0,0
3998,3998.png,wsj418.png,data/news/wsj418.png,exact,N,40.9,10,328.1,18.11353085403285,0,0,1,1,1,1,0,0,0,0,1,3,5,1,4,2,1,0,1,0,0,0,0,1,0,0,0,0,0
3999,3999.png,whoB28_1.png,data/government/whoB28_1.png,exact,G,25.9,10,411.8777777777778,20.2947721785138,0,0,0,1,0,1,0,0,1,0,0,4,3,1,4,1,1,0,0,0,0,0,0,0,0,0,1,0,0
4000,4000.png,v483_n7388_18_f2.png,data/science/v483_n7388_18_f2.png,exact,S,78.3,10,412.4555555555556,20.30900183552987,0,1,1,1,1,0,1,0,0,0,0,3,2,3,12,2,1,0,1,0,0,0,1,0,0,0,0,0,0
4001,4001.png,v483_n7390_12_f3.png,data/science/v483_n7390_12_f3.png,exact,S,31.099999999999998,10,758.3222222222222,27.53765099318063,0,1,1,0,0,0,0,0,0,0,0,5,2,1,1,1,0,0,0,0,0,0,0,1,0,0,0,0,0
4002,4002.png,vis219.png,data/vis2/vis219.png,exact,I,44.4,10,659.3777777777777,25.67835231820332,0,1,1,1,1,1,0,0,0,0,1,8,1,11,10,3,1,0,1,0,0,0,0,0,1,0,1,0,0
4003,4003.png,visMost358.png,data/vis1/visMost358.png,exact,I,45.7,10,366.4555555555555,19.143028902332972,0,1,1,1,1,1,0,0,0,0,1,6,7,4,4,2,1,0,0,0,1,0,0,0,0,0,1,0,0
4004,4004.png,vis9.png,data/vis2/vis9.png,exact,I,41.6,10,362.0444444444445,19.027465528662624,0,0,0,1,1,1,0,0,0,0,1,5,7,7,7,4,1,0,1,1,0,1,1,0,0,0,0,0,0
4005,4005.png,v488_n7410_14_f3.png,data/science/v488_n7410_14_f3.png,exact,S,38.0,10,507.3333333333333,22.524061208701536,0,1,1,1,0,0,0,0,0,1,0,0,5,1,8,1,1,0,0,0,0,0,0,1,0,0,0,0,0
4006,4006.png,v485_n7398_11_f3.png,data/science/v485_n7398_11_f3.png,exact,S,60.7,10,552.6777777777778,23.509099892972888,0,1,1,1,1,0,0,0,0,0,0,4,2,0,8,2,1,0,0,0,1,0,0,0,0,1,0,0,0
4007,4007.png,wsj424.png,data/news/wsj424.png,exact,N,37.8,10,347.2888888888889,18.63568858102348,0,1,1,1,0,1,1,0,0,0,1,4,4,1,1,2,0,0,1,0,0,1,0,0,0,0,0,0,0
4008,4008.png,v483_n7391_14_f1.png,data/science/v483_n7391_14_f1.png,exact,S,70.5,10,462.5,21.50581316760657,0,1,1,1,1,0,0,0,0,0,0,2,2,4,4,2,1,0,1,0,1,0,0,0,0,0,0,0,0
4009,4009.png,treasuryI02_2.png,data/government/treasuryI02_2.png,exact,G,13.0,10,185.77777777777777,13.630032200173915,0,0,1,1,0,1,1,0,0,0,0,2,2,1,1,1,0,0,0,0,0,0,0,1,0,0,0,0,0
4010,4010.png,vis543.png,data/vis3/vis543.png,exact,I,60.7,10,176.01111111111112,13.266917920568858,0,0,1,1,1,1,0,0,0,0,1,7,6,4,9,4,1,0,1,1,0,1,0,0,0,0,1,0,0
4011,4011.png,v485_n7397_26_f2.png,data/science/v485_n7397_26_f2.png,exact,S,81.8,10,500.4,22.369622258768697,0,0,0,1,1,0,0,0,0,0,0,6,2,1,4,1,1,0,0,0,1,0,0,0,0,0,0,0,0
4012,4012.png,visMost370.png,data/vis1/visMost370.png,exact,I,79.7,10,291.34444444444443,17.06881496895565,0,0,1,1,1,1,0,0,0,0,1,5,0,1,1,1,0,0,0,0,0,0,0,0,0,0,0,0,1
4013,4013.png,vis225.png,data/vis2/vis225.png,exact,I,41.4,10,373.59999999999997,19.32873508535931,0,0,0,1,1,1,0,0,0,0,0,3,6,1,8,2,1,0,0,0,1,1,0,0,0,0,0,0,0
4014,4014.png,whoN33.png,data/government/whoN33.png,exact,G,16.6,10,594.2666666666667,24.37758533297887,0,0,1,1,1,0,0,0,0,0,0,2,1,1,1,1,0,0,0,0,1,0,0,0,0,0,0,0,0
4015,4015.png,wsj342.png,data/news/wsj342.png,exact,N,55.9,10,154.10000000000002,12.41370210694618,0,0,1,1,1,1,0,0,0,0,1,13,3,2,1,3,1,0,1,1,0,0,0,0,0,0,1,0,0
4016,4016.png,wsj356.png,data/news/wsj356.png,exact,N,59.7,10,534.4555555555555,23.118294823700893,0,0,1,1,1,1,0,0,0,0,0,6,1,2,7,2,0,0,0,0,1,0,0,0,1,0,0,0,0
4017,4017.png,visMost364.png,data/vis1/visMost364.png,exact,I,60.0,10,295.1111111111111,17.178798302300166,0,1,1,1,1,1,0,0,0,0,1,11,9,4,14,5,1,1,0,1,1,0,0,0,1,0,1,0,0
4018,4018.png,vis231.png,data/vis2/vis231.png,exact,I,54.6,10,926.7111111111111,30.441930147595947,1,0,0,0,0,0,0,0,0,0,0,5,0,0,1,1,0,0,0,0,0,0,0,0,1,0,0,0,0
4019,4019.png,v484_n7392_5_f1.png,data/science/v484_n7392_5_f1.png,exact,S,68.7,10,336.0111111111111,18.330605857720883,0,1,1,1,1,0,1,0,0,0,0,4,5,4,5,5,1,0,1,0,1,1,0,1,0,1,0,0,0
4020,4020.png,v485_n7399_17_f1.png,data/science/v485_n7399_17_f1.png,exact,S,49.8,10,346.40000000000003,18.611824198610947,0,1,1,1,1,0,0,0,0,0,0,4,9,2,9,2,1,0,1,0,0,0,0,0,0,0,1,0,0
4021,4021.png,v488_n7411_12_f1.png,data/science/v488_n7411_12_f1.png,exact,S,70.4,10,200.7111111111111,14.167254889748794,0,0,1,1,1,0,1,1,0,0,0,5,1,4,3,4,1,0,1,0,0,1,0,0,1,0,0,0,1
4022,4022.png,whoN27.png,data/government/whoN27.png,exact,G,17.0,10,707.7777777777778,26.60409325231322,0,1,1,1,0,0,0,0,0,0,0,1,2,0,1,1,0,0,1,0,0,0,0,0,0,0,0,0,0
4023,4023.png,v483_n7391_8_f5.png,data/science/v483_n7391_8_f5.png,exact,S,57.0,10,302.22222222222223,17.384539747207064,0,1,1,0,0,0,1,0,0,0,0,10,4,0,1,3,0,1,0,0,0,1,0,0,1,0,0,0,0
4024,4024.png,vis557.png,data/vis3/vis557.png,exact,I,53.0,10,656.0,25.612496949731394,0,0,1,1,1,1,0,0,0,0,1,15,3,5,6,4,1,0,1,1,1,0,0,0,0,0,1,0,0
4025,4025.png,visMost402.png,data/vis1/visMost402.png,exact,I,34.1,10,504.1,22.452171387195495,0,0,1,1,1,1,0,0,0,0,0,8,1,2,1,1,0,0,0,0,1,0,0,0,0,0,0,0,0
4026,4026.png,wsj430.png,data/news/wsj430.png,exact,N,42.5,10,311.8333333333333,17.658803281460873,0,1,1,1,1,1,0,0,0,0,1,3,5,1,3,4,1,0,1,1,0,0,0,1,0,0,1,0,0
4027,4027.png,v485_n7400_3_f3.png,data/science/v485_n7400_3_f3.png,exact,S,72.3,10,333.56666666666666,18.263807562134097,0,1,1,1,1,0,0,0,0,0,0,6,3,4,10,4,1,0,1,0,1,0,0,1,0,0,1,0,0
4028,4028.png,v490_n7419_11_f4.png,data/science/v490_n7419_11_f4.png,exact,S,72.2,10,421.73333333333335,20.53614699337082,0,1,1,1,1,1,0,0,0,0,0,3,11,0,7,2,1,0,0,0,0,0,0,0,1,1,0,0,0
4029,4029.png,v488_n7412_23_f1.png,data/science/v488_n7412_23_f1.png,exact,S,65.6,10,604.2666666666667,24.581836112598804,0,0,1,1,0,0,0,0,0,0,0,1,4,4,4,2,1,0,0,0,0,1,0,0,0,0,1,0,0
4030,4030.png,whoQ46_2.png,data/government/whoQ46_2.png,exact,G,19.8,10,249.2888888888889,15.788884979278585,0,0,1,1,0,0,1,0,0,0,0,2,1,2,1,1,0,0,1,0,0,0,0,0,0,0,0,0,0
4031,4031.png,v489_n7415_17_f4.png,data/science/v489_n7415_17_f4.png,exact,S,60.6,10,475.82222222222225,21.813349633245746,0,1,1,1,1,0,1,0,0,0,0,5,2,1,6,4,1,1,0,0,0,1,0,1,1,0,0,0,0
4032,4032.png,np_48.png,data/news/np_48.png,exact,N,57.5,10,736.9444444444445,27.146720694117814,0,0,1,1,1,1,0,0,0,0,0,1,2,3,1,3,0,1,0,1,0,0,0,0,0,0,0,0,1
4033,4033.png,v490_n7418_19_f3.png,data/science/v490_n7418_19_f3.png,exact,S,73.2,10,742.8444444444444,27.255172801588408,0,1,1,1,1,1,0,0,0,0,0,4,5,3,12,4,1,0,1,0,1,1,0,1,0,0,0,0,0
4034,4034.png,v484_n7395_19_f1.png,data/science/v484_n7395_19_f1.png,exact,S,81.6,10,315.82222222222225,17.77138774047267,0,1,1,1,1,0,0,0,0,0,0,6,4,5,8,3,1,0,1,0,1,1,0,0,0,0,0,0,0
4035,4035.png,whoI09_2.png,data/government/whoI09_2.png,exact,G,64.4,10,258.0444444444445,16.06376183975735,0,1,1,1,0,1,1,0,0,1,0,0,2,1,1,1,0,0,1,0,0,0,0,0,0,0,0,0,0
4036,4036.png,vis31.png,data/vis2/vis31.png,exact,I,48.5,10,329.6111111111111,18.155195154861627,0,1,1,1,0,0,1,0,0,0,1,1,2,3,3,3,1,0,1,1,0,0,0,0,1,0,0,0,0
4037,4037.png,v488_n7410_3_f4.png,data/science/v488_n7410_3_f4.png,exact,S,79.1,10,311.43333333333334,17.647473851328787,0,1,1,1,1,1,0,0,0,0,0,4,6,5,6,5,1,0,1,1,1,0,0,0,1,0,1,0,0
4038,4038.png,vis580.png,data/vis3/vis580.png,exact,I,56.6,10,738.0444444444445,27.16697341340114,0,1,1,1,1,1,0,0,0,0,1,9,1,7,7,3,1,0,0,0,0,0,0,0,0,0,1,1,1
4039,4039.png,treasuryJ03_2.png,data/government/treasuryJ03_2.png,exact,G,20.6,10,346.26666666666665,18.60824190155176,0,0,1,1,0,1,1,0,0,0,0,2,2,1,1,1,0,0,1,0,0,0,0,0,0,0,0,0,0
4040,4040.png,economist_daily_chart_217.png,data/news/economist_daily_chart_217.png,exact,N,18.1,10,184.54444444444445,13.584713631300604,0,0,1,1,0,1,1,0,0,0,0,4,1,2,1,1,0,0,1,0,0,0,0,0,0,0,0,0,0
4041,4041.png,v484_n7395_17_f4.png,data/science/v484_n7395_17_f4.png,exact,S,48.9,10,304.76666666666665,17.457567604528034,0,1,1,1,0,0,1,0,0,0,0,5,5,2,6,2,1,0,1,0,0,0,0,0,0,1,0,0,0
4042,4042.png,wsj381.png,data/news/wsj381.png,exact,N,37.8,10,665.5111111111111,25.79750203238893,0,0,0,1,1,1,1,0,0,0,1,6,1,2,2,1,1,0,0,0,0,0,0,0,1,0,0,0,0
4043,4043.png,v488_n7411_3_f4.png,data/science/v488_n7411_3_f4.png,exact,S,72.8,10,476.17777777777775,21.821498064472514,0,1,1,1,1,0,1,0,0,0,0,4,12,2,12,3,1,0,1,0,0,0,0,1,0,1,0,0,0
4044,4044.png,v489_n7415_19_f1.png,data/science/v489_n7415_19_f1.png,exact,S,40.6,10,562.2666666666667,23.712162842445785,0,1,1,1,0,0,1,0,0,0,0,2,6,1,4,1,1,0,0,0,0,0,0,1,0,0,0,0,0
4045,4045.png,wsj395.png,data/news/wsj395.png,exact,N,39.2,10,725.9555555555555,26.943562413971087,0,0,1,1,1,1,0,0,0,0,1,3,2,1,1,1,0,0,0,0,0,0,0,1,0,0,0,0,0
4046,4046.png,economist_daily_chart_203.png,data/news/economist_daily_chart_203.png,exact,N,47.5,10,391.1666666666667,19.77793383209345,0,0,1,1,1,1,1,1,0,0,1,6,2,2,2,1,1,1,0,0,0,0,0,0,0,0,0,0,0
4047,4047.png,vis25.png,data/vis2/vis25.png,exact,I,62.4,10,305.82222222222225,17.487773506716692,0,0,1,1,1,1,0,0,0,0,1,12,14,2,1,1,0,0,0,0,0,0,0,0,0,0,1,0,0
4048,4048.png,vis594.png,data/vis3/vis594.png,exact,I,50.1,10,300.32222222222225,17.32980733367288,0,0,1,1,1,1,0,0,0,0,1,4,5,4,7,3,1,0,1,1,1,0,0,0,0,0,0,0,0
4049,4049.png,v489_n7414_29_f2.png,data/science/v489_n7414_29_f2.png,exact,S,78.0,10,521.7777777777778,22.84245559868242,0,1,1,1,1,0,1,0,0,0,0,6,5,4,23,2,1,0,1,0,1,0,0,0,0,0,0,0,0
4050,4050.png,whoH14_2.png,data/government/whoH14_2.png,exact,G,22.8,10,467.9555555555556,21.632280405809176,0,1,1,1,0,0,1,0,0,0,1,5,2,2,1,2,1,0,1,0,0,0,0,0,0,1,0,0,0
4051,4051.png,v487_n7407_1_f5.png,data/science/v487_n7407_1_f5.png,exact,S,50.6,10,391.15555555555557,19.777652933438677,0,1,1,1,0,0,1,0,0,1,0,0,2,2,2,1,1,0,0,0,0,0,0,0,0,1,0,0,0
4052,4052.png,visMost55.png,data/vis1/visMost55.png,exact,I,9.9,10,204.54444444444445,14.301903525211056,0,1,1,1,1,1,0,0,0,0,1,9,1,1,1,1,0,0,1,0,0,0,0,0,0,0,0,0,0
4053,4053.png,visMost628.png,data/vis1/visMost628.png,exact,I,59.7,10,272.6777777777778,16.512957874886553,0,1,1,1,1,1,1,0,0,0,0,12,5,7,12,2,1,0,1,0,0,0,0,0,0,0,1,0,0
4054,4054.png,visMost41.png,data/vis1/visMost41.png,exact,I,46.5,10,452.05555555555554,21.261598142086015,0,0,1,1,1,1,0,0,0,0,1,7,5,2,7,4,1,1,0,1,1,1,0,0,0,0,0,0,0
4055,4055.png,vis769.png,data/vis3/vis769.png,exact,I,54.8,10,512.4,22.63625410707346,0,0,1,1,1,1,0,0,0,0,0,5,7,2,5,4,1,0,1,0,1,0,0,0,0,0,1,0,1
4056,4056.png,treasuryL15_1.png,data/government/treasuryL15_1.png,exact,G,8.8,10,78.84444444444445,8.879439421745296,0,1,1,1,1,0,0,0,0,0,0,1,1,1,1,1,0,0,1,0,0,0,0,0,0,0,0,0,0
4057,4057.png,v487_n7406_1_f5.png,data/science/v487_n7406_1_f5.png,exact,S,77.6,10,176.7111111111111,13.293273152655486,0,1,1,1,1,0,1,0,0,0,0,6,10,4,10,2,1,0,0,0,1,0,0,0,0,1,0,0,0
4058,4058.png,wsj168.png,data/news/wsj168.png,exact,N,43.2,10,570.1777777777778,23.878395628219618,0,1,1,1,1,1,1,0,0,0,1,5,2,2,1,1,0,0,0,0,0,0,0,0,0,1,0,0,0
4059,4059.png,wsj140.png,data/news/wsj140.png,exact,N,20.5,10,171.16666666666666,13.083067937860243,0,0,1,1,1,1,0,0,0,0,1,8,4,2,3,3,1,0,1,1,0,1,0,0,0,0,0,0,0
4060,4060.png,visMost172.png,data/vis1/visMost172.png,exact,I,58.7,10,872.2333333333333,29.53359668806584,0,1,1,1,1,1,0,0,0,0,0,8,5,2,5,6,1,1,1,1,1,0,0,1,0,0,0,0,1
4061,4061.png,visMost69.png,data/vis1/visMost69.png,exact,I,31.4,10,497.37777777777774,22.301968024768076,0,0,1,1,1,1,0,0,0,0,1,5,2,1,1,2,0,0,0,0,1,0,0,0,0,0,1,0,0
4062,4062.png,visMost614.png,data/vis1/visMost614.png,exact,I,39.4,10,894.9333333333334,29.91543637210284,0,0,1,1,0,1,0,0,0,0,0,6,0,2,1,2,1,0,0,0,1,0,0,0,0,0,1,0,0
4063,4063.png,vis741.png,data/vis3/vis741.png,exact,I,47.6,10,931.8222222222222,30.52576325372098,0,0,1,1,1,1,0,0,0,0,1,4,3,8,6,2,1,0,1,0,0,0,0,0,0,0,1,0,0
4064,4064.png,v485_n7400_12_f4.png,data/science/v485_n7400_12_f4.png,exact,S,47.7,10,1347.7888888888888,36.71224440004845,1,0,0,0,0,0,0,0,0,0,0,2,0,0,1,1,1,0,0,0,0,0,1,0,0,0,0,0,0
4065,4065.png,visMost600.png,data/vis1/visMost600.png,exact,I,64.3,10,707.5666666666667,26.600125312988034,0,1,1,1,1,1,0,0,0,0,0,14,15,6,11,4,1,0,0,1,1,1,0,0,0,0,1,0,0
4066,4066.png,vis755.png,data/vis3/vis755.png,exact,I,33.4,10,631.6,25.13165334791963,0,0,1,1,1,1,0,0,0,0,0,4,4,2,4,2,1,0,1,0,1,0,0,0,0,0,0,0,0
4067,4067.png,v488_n7413_13_f2.png,data/science/v488_n7413_13_f2.png,exact,S,87.5,10,226.27777777777777,15.042532292728435,0,1,1,1,1,0,1,0,0,0,0,5,6,5,16,4,1,1,1,0,1,1,0,0,0,0,0,0,0
4068,4068.png,visMost166.png,data/vis1/visMost166.png,exact,I,41.4,10,1110.2666666666667,33.320664259085035,0,1,1,1,1,1,0,0,0,0,1,5,10,4,6,2,1,0,0,0,1,0,0,0,0,0,1,0,0
4069,4069.png,v486_n7401_19_f3.png,data/science/v486_n7401_19_f3.png,exact,S,88.1,10,225.8777777777778,15.029230777979883,0,1,1,1,1,0,1,0,0,0,0,5,4,7,5,4,1,0,1,0,0,1,0,0,0,1,1,0,0
4070,4070.png,wsj154.png,data/news/wsj154.png,exact,N,25.9,10,94.54444444444444,9.723396754449777,0,0,1,1,1,1,1,0,0,0,0,5,2,3,2,2,1,0,1,0,0,0,0,0,1,0,0,0,0
4071,4071.png,v485_n7398_27_f2.png,data/science/v485_n7398_27_f2.png,exact,S,87.9,10,137.65555555555554,11.73267043581961,0,0,0,1,1,0,0,0,0,0,0,6,0,2,5,1,1,0,0,0,1,0,0,0,0,0,0,0,0
4072,4072.png,vis966.png,data/vis3/vis966.png,exact,I,60.2,10,778.4,27.899820787954894,0,0,1,1,1,1,1,1,0,0,1,5,2,3,1,2,1,0,0,0,1,0,0,0,0,0,1,0,0
4073,4073.png,visMost96.png,data/vis1/visMost96.png,exact,I,39.1,10,1136.1,33.70608253713267,0,0,1,1,1,1,0,0,0,0,1,12,0,11,2,1,0,0,0,0,0,0,0,0,0,0,1,0,0
4074,4074.png,whoK15_2.png,data/government/whoK15_2.png,exact,G,12.3,10,88.23333333333333,9.393259994982218,0,0,0,1,0,1,1,0,0,0,0,12,1,1,1,2,0,0,0,1,0,1,0,0,0,0,0,0,0
4075,4075.png,v488_n7409_20_f4.png,data/science/v488_n7409_20_f4.png,exact,S,75.8,10,453.06666666666666,21.2853627327952,0,1,1,1,0,0,1,0,0,0,0,7,6,6,7,2,1,0,1,0,0,1,0,0,0,0,0,0,0
4076,4076.png,vis972.png,data/vis3/vis972.png,exact,I,26.1,10,810.7666666666667,28.473964716327558,0,0,1,1,1,1,0,0,0,0,1,5,4,1,2,2,0,0,0,0,1,0,0,0,0,0,1,0,0
4077,4077.png,visMost82.png,data/vis1/visMost82.png,exact,I,55.3,10,825.7888888888889,28.736542744194,0,0,1,1,0,1,0,0,0,0,1,27,1,0,1,1,0,0,0,0,0,0,0,0,0,0,0,0,1
4078,4078.png,visMost199.png,data/vis1/visMost199.png,exact,I,58.5,10,794.0555555555555,28.178991386413312,0,0,1,1,1,1,0,0,0,0,1,21,1,1,1,1,0,0,0,0,1,0,0,0,0,0,0,0,0
4079,4079.png,v485_n7398_5_f6.png,data/science/v485_n7398_5_f6.png,exact,S,60.0,10,459.3333333333333,21.432063207571346,0,1,1,1,0,0,0,0,0,0,0,5,3,4,6,3,1,0,1,1,0,0,0,0,0,1,0,0,0
4080,4080.png,economist_daily_chart_39.png,data/news/economist_daily_chart_39.png,exact,N,54.8,10,424.1777777777778,20.59557665562627,0,1,1,1,0,1,1,0,0,0,1,6,2,2,3,2,1,0,0,0,0,0,0,1,1,0,0,0,0
4081,4081.png,whoC35_1.png,data/government/whoC35_1.png,exact,G,26.6,10,660.7111111111111,25.704301412625693,0,1,1,1,0,1,0,0,0,0,0,3,2,1,1,2,1,0,1,0,0,0,0,0,0,1,0,0,0
4082,4082.png,wsj3.png,data/news/wsj3.png,exact,N,21.8,10,239.95555555555555,15.490498880137965,0,1,1,1,1,1,0,0,0,0,1,4,2,1,1,4,1,1,1,1,0,0,0,0,0,0,1,0,0
4083,4083.png,wsj183.png,data/news/wsj183.png,exact,N,42.0,10,235.33333333333334,15.340577998671801,0,0,1,1,1,1,0,0,0,0,0,2,4,1,4,4,1,0,1,0,1,1,0,1,0,0,0,0,0
4084,4084.png,economist_daily_chart_11.png,data/news/economist_daily_chart_11.png,exact,N,34.9,10,903.8777777777779,30.06456016271946,0,1,1,1,0,1,1,0,0,0,1,6,2,1,1,1,0,0,0,0,0,0,0,0,0,0,1,0,0
4085,4085.png,v482_n7386_17_f1.png,data/science/v482_n7386_17_f1.png,exact,S,74.7,10,686.0111111111111,26.191813818655458,0,0,1,1,0,0,1,0,0,0,0,4,3,3,3,3,1,0,0,0,1,0,0,1,0,0,1,0,0
4086,4086.png,v490_n7419_4_f5.png,data/science/v490_n7419_4_f5.png,exact,S,80.7,10,147.56666666666666,12.147702114666242,0,1,1,1,1,0,1,0,0,0,0,9,5,2,10,3,1,0,1,0,1,0,0,1,0,0,0,0,0
4087,4087.png,v485_n7396_18_f4.png,data/science/v485_n7396_18_f4.png,exact,S,74.2,10,444.84444444444443,21.09133576719228,0,1,1,1,1,0,1,0,0,0,0,4,8,3,12,4,1,0,1,0,1,1,0,0,0,1,0,0,0
4088,4088.png,vis782.png,data/vis3/vis782.png,exact,I,32.4,10,754.9333333333333,27.47605017707846,0,0,1,1,1,1,0,0,0,0,0,1,1,1,1,1,1,0,0,0,1,0,0,0,0,0,0,0,0
4089,4089.png,v483_n7387_19_f2.png,data/science/v483_n7387_19_f2.png,exact,S,92.3,10,111.78888888888889,10.573026477262264,0,0,1,1,1,0,0,0,0,0,0,10,3,2,10,2,1,1,0,0,1,0,0,0,0,0,0,0,0
4090,4090.png,vis796.png,data/vis3/vis796.png,exact,I,85.6,10,417.8222222222222,20.440700140215895,0,0,0,1,1,1,0,0,0,0,1,5,0,1,1,2,0,1,0,0,0,0,0,0,0,0,0,0,1
4091,4091.png,treasuryK03_7.png,data/government/treasuryK03_7.png,exact,G,11.9,10,327.8777777777778,18.107395665246226,0,1,1,1,1,1,0,0,0,0,0,1,2,0,1,1,0,0,1,0,0,0,0,0,0,0,0,0,0
4092,4092.png,v489_n7417_18_f2.png,data/science/v489_n7417_18_f2.png,exact,S,68.3,10,239.56666666666666,15.47794129290671,0,1,1,1,1,0,1,0,0,0,0,10,5,2,8,2,1,0,0,0,1,0,0,0,0,1,0,0,0
4093,4093.png,wsj197.png,data/news/wsj197.png,exact,N,49.8,10,384.62222222222226,19.611787838497087,0,1,1,1,1,1,1,0,0,0,1,6,3,2,2,2,1,0,1,0,0,0,0,1,0,0,0,0,0
4094,4094.png,v490_n7418_4_f5.png,data/science/v490_n7418_4_f5.png,exact,S,91.6,10,136.04444444444445,11.663809173869591,0,1,1,1,1,0,1,1,0,0,0,7,2,6,2,2,1,0,0,0,1,0,1,0,0,0,0,0,0
4095,4095.png,v485_n7397_10_f3.png,data/science/v485_n7397_10_f3.png,exact,S,64.1,10,388.76666666666665,19.717166801208197,0,1,1,1,0,0,1,0,0,1,0,0,4,1,3,1,1,0,0,0,0,0,0,1,0,0,0,0,0
4096,4096.png,vis609.png,data/vis3/vis609.png,exact,I,11.3,10,116.67777777777778,10.801748829600593,0,0,0,1,1,1,0,0,0,0,1,2,4,0,1,1,0,0,0,0,1,0,0,0,0,0,0,0,0
4097,4097.png,visMost748.png,data/vis1/visMost748.png,exact,I,31.8,10,632.4000000000001,25.14756449439985,0,1,1,1,1,0,0,0,0,0,0,18,0,2,2,2,0,0,0,0,0,0,0,0,0,0,1,0,1
4098,4098.png,v490_n7420_17_f4.png,data/science/v490_n7420_17_f4.png,exact,S,83.9,10,169.87777777777777,13.03371695940102,0,1,1,1,1,0,1,0,0,0,0,3,7,5,10,5,1,0,1,0,1,0,0,1,0,1,1,0,0
4099,4099.png,treasuryL11.png,data/government/treasuryL11.png,exact,G,29.7,10,320.4555555555556,17.901272456324314,0,1,1,1,1,1,0,0,0,0,0,9,3,2,2,2,1,0,0,1,0,0,0,0,0,0,1,0,0
4100,4100.png,vis153.png,data/vis2/vis153.png,exact,I,34.4,10,440.7111111111111,20.99312056629769,0,0,1,1,1,1,0,0,0,0,0,7,5,3,7,5,1,1,1,1,1,0,0,0,0,0,1,0,0
4101,4101.png,v490_n7420_19_f1.png,data/science/v490_n7420_19_f1.png,exact,S,90.8,10,247.06666666666666,15.718354451616959,0,0,1,0,0,0,0,0,0,0,0,5,1,0,1,1,0,0,0,0,0,0,0,0,0,0,0,0,1
4102,4102.png,v483_n7388_3_f3.png,data/science/v483_n7388_3_f3.png,exact,S,77.6,10,217.82222222222222,14.758801517136215,0,1,1,1,0,1,0,0,0,1,0,0,6,1,13,4,1,0,1,0,1,0,0,1,0,1,0,0,0
4103,4103.png,whoJ23.png,data/government/whoJ23.png,exact,G,20.7,10,773.1222222222221,27.805075475931048,0,0,0,1,1,1,1,0,0,0,0,4,1,1,1,1,0,0,0,1,0,0,0,0,0,0,0,0,0
4104,4104.png,vis635.png,data/vis3/vis635.png,exact,I,48.9,10,523.2111111111111,22.873808408551277,0,1,1,1,1,1,0,0,0,0,1,8,0,6,6,2,1,0,0,0,1,0,0,0,0,0,1,0,0
4105,4105.png,visMost760.png,data/vis1/visMost760.png,exact,I,78.2,10,888.8444444444444,29.813494334687512,0,0,0,1,1,1,1,1,0,0,1,5,0,2,2,2,0,0,0,0,0,0,0,0,0,0,1,0,1
4106,4106.png,v483_n7389_3_f3.png,data/science/v483_n7389_3_f3.png,exact,S,86.6,10,139.37777777777777,11.80583659796195,0,1,1,1,1,0,1,0,0,0,0,12,3,3,3,5,1,0,0,0,1,1,0,1,0,1,1,0,0
4107,4107.png,vis621.png,data/vis3/vis621.png,exact,I,36.0,10,302.8888888888889,17.40370330960882,0,1,1,1,1,1,0,0,0,0,1,8,3,5,4,3,1,0,1,0,0,0,0,0,0,0,1,0,1
4108,4108.png,visMost774.png,data/vis1/visMost774.png,exact,I,32.6,10,562.9333333333334,23.726216161312646,0,1,1,1,1,1,0,0,0,0,1,13,5,5,8,3,1,0,1,0,1,0,0,0,0,0,1,0,0
4109,4109.png,v489_n7414_25_f2.png,data/science/v489_n7414_25_f2.png,exact,S,48.7,10,900.6777777777778,30.01129417032491,0,1,1,0,0,0,0,0,0,0,0,3,3,0,1,2,0,0,0,0,0,0,0,1,0,1,0,0,0
4110,4110.png,vis147.png,data/vis2/vis147.png,exact,I,39.8,10,564.1777777777778,23.752426776600696,0,0,1,1,1,1,0,0,0,0,1,5,5,4,6,4,1,0,0,1,1,1,0,0,0,0,1,0,0
4111,4111.png,v485_n7400_10_f1.png,data/science/v485_n7400_10_f1.png,exact,S,70.5,10,381.3888888888889,19.529180445909372,0,1,1,1,1,1,1,1,0,0,1,14,4,1,4,3,1,1,0,0,0,1,0,1,0,0,0,0,0
4112,4112.png,np_7.png,data/news/np_7.png,exact,N,69.5,10,789.3888888888889,28.09606536312316,0,0,1,1,1,1,1,1,0,0,0,5,1,2,1,1,0,0,0,0,1,0,0,0,0,0,0,0,0
4113,4113.png,v489_n7417_14_f2.png,data/science/v489_n7417_14_f2.png,exact,S,62.5,10,538.2777777777778,23.200814161959443,0,1,1,0,0,0,0,0,0,0,0,10,1,3,1,2,1,0,0,0,0,1,0,0,0,1,0,0,0
4114,4114.png,vis812.png,data/vis3/vis812.png,exact,I,13.1,10,457.6555555555555,21.392885629469333,0,0,0,1,0,1,1,0,0,0,1,4,0,1,1,1,0,0,0,0,0,0,0,0,1,0,0,0,0
4115,4115.png,v489_n7416_9_f4.png,data/science/v489_n7416_9_f4.png,exact,S,86.4,10,230.26666666666668,15.17454008089427,0,1,1,1,1,0,1,0,0,0,0,8,5,3,5,3,1,0,0,0,1,1,0,0,0,1,0,0,0
4116,4116.png,v486_n7402_6_f2.png,data/science/v486_n7402_6_f2.png,exact,S,69.5,10,617.6111111111111,24.85178285578544,0,1,1,1,0,0,0,0,0,0,0,3,2,1,3,2,1,0,1,0,0,0,0,0,0,1,0,0,0
4117,4117.png,v483_n7389_24_f1.png,data/science/v483_n7389_24_f1.png,exact,S,85.4,10,666.2666666666667,25.812141845779994,0,0,0,0,1,0,0,0,0,0,0,3,0,2,1,1,1,0,0,0,1,0,0,0,0,0,0,0,0
4118,4118.png,economist_daily_chart_149.png,data/news/economist_daily_chart_149.png,exact,N,9.5,10,352.94444444444446,18.78681570794914,1,0,0,0,0,0,0,0,0,0,1,3,0,0,1,1,1,0,0,0,0,0,0,0,1,0,0,0,0
4119,4119.png,v485_n7398_7_f3.png,data/science/v485_n7398_7_f3.png,exact,S,47.6,10,601.3777777777777,24.523005072335195,0,1,1,1,1,0,0,0,0,0,0,4,4,1,3,3,0,1,0,0,0,0,0,1,0,0,1,0,0
4120,4120.png,vis806.png,data/vis3/vis806.png,exact,I,59.2,10,835.0666666666666,28.897520078142804,0,1,1,1,1,1,1,0,0,0,0,20,1,10,10,2,1,0,0,0,1,0,0,0,0,0,1,0,0
4121,4121.png,whoQ42_6.png,data/government/whoQ42_6.png,exact,G,53.9,10,591.2111111111111,24.314833149974753,0,1,1,1,0,0,1,0,0,0,0,15,2,1,1,1,0,0,0,0,0,0,0,1,0,0,0,0,0
4122,4122.png,v486_n7403_25_f8.png,data/science/v486_n7403_25_f8.png,exact,S,60.6,10,1158.0444444444445,34.03005207819178,0,1,1,0,0,1,0,0,1,1,0,0,5,1,1,1,0,0,0,0,0,0,0,0,0,0,1,0,0
4123,4123.png,v489_n7417_9_f4.png,data/science/v489_n7417_9_f4.png,exact,S,89.6,10,321.15555555555557,17.920813473599786,0,1,1,1,1,0,1,0,0,0,0,4,4,1,7,2,1,0,0,0,1,0,0,1,0,0,0,0,0
4124,4124.png,v488_n7409_22_f1.png,data/science/v488_n7409_22_f1.png,exact,S,80.6,10,305.82222222222225,17.487773506716692,0,1,1,1,0,0,1,0,0,0,0,8,3,5,3,3,1,0,1,0,0,1,0,0,0,0,1,0,0
4125,4125.png,v483_n7387_15_f2.png,data/science/v483_n7387_15_f2.png,exact,S,73.2,10,446.1777777777778,21.122920673471693,0,1,1,1,0,0,0,0,0,1,0,0,4,1,7,2,1,0,1,0,1,0,0,0,0,0,0,0,0
4126,4126.png,v485_n7396_14_f4.png,data/science/v485_n7396_14_f4.png,exact,S,64.5,10,376.72222222222223,19.409333379130317,0,1,1,0,1,0,1,0,0,0,0,2,2,1,1,2,0,1,0,0,0,0,0,0,0,1,0,0,0
4127,4127.png,whoO22_1.png,data/government/whoO22_1.png,exact,G,16.5,10,469.6111111111111,21.670512479198806,0,1,1,1,0,0,0,0,1,0,0,1,1,1,1,1,0,0,0,0,0,0,0,0,0,0,1,0,0
4128,4128.png,vis190.png,data/vis2/vis190.png,exact,I,50.8,10,533.5111111111111,23.097859448682925,0,1,1,1,1,1,0,0,0,0,1,4,17,3,11,6,1,0,1,1,1,1,0,0,1,0,1,0,0
4129,4129.png,treasuryK05_1.png,data/government/treasuryK05_1.png,exact,G,16.7,10,571.1222222222221,23.898163574262817,0,0,1,1,1,1,0,0,0,0,0,4,1,1,1,1,0,0,0,1,0,0,0,0,0,0,0,0,0
4130,4130.png,v489_n7417_7_f1.png,data/science/v489_n7417_7_f1.png,exact,S,83.4,10,340.2666666666667,18.446318512556015,0,0,1,1,1,0,0,0,0,0,0,6,3,0,3,1,1,0,0,0,0,0,0,0,0,0,0,0,1
4131,4131.png,economist_daily_chart_161.png,data/news/economist_daily_chart_161.png,exact,N,54.9,10,753.4333333333333,27.44874010466297,0,1,1,1,1,1,0,0,0,0,0,5,4,2,3,3,1,0,1,1,0,0,0,1,0,0,0,0,0
4132,4132.png,v486_n7404_2_f3.png,data/science/v486_n7404_2_f3.png,exact,S,85.2,10,359.73333333333335,18.966637375489977,0,1,1,1,1,0,0,0,0,0,0,6,5,4,19,3,1,0,1,0,1,0,0,0,0,0,1,0,0
4133,4133.png,v490_n7419_1_f9.png,data/science/v490_n7419_1_f9.png,exact,S,51.3,10,1065.3444444444444,32.63961464914138,0,0,0,0,1,0,0,0,0,0,0,2,3,1,1,1,0,0,0,0,1,0,0,0,0,0,0,0,0
4134,4134.png,economist_daily_chart_175.png,data/news/economist_daily_chart_175.png,exact,N,32.3,10,809.1222222222221,28.44507377776022,0,1,1,1,0,1,0,0,0,0,0,3,3,1,3,2,1,1,0,1,0,0,0,0,0,0,0,0,0
4135,4135.png,vis184.png,data/vis2/vis184.png,exact,I,43.7,10,599.5666666666667,24.486050450545648,0,1,1,1,1,1,0,0,0,0,1,12,4,3,9,2,1,0,0,0,1,0,0,0,0,0,1,0,0
4136,4136.png,v488_n7409_8_f2.png,data/science/v488_n7409_8_f2.png,exact,S,49.2,10,194.17777777777778,13.934768666101988,0,1,1,1,1,0,0,0,0,0,0,4,3,1,2,2,1,0,1,0,0,0,0,1,0,0,0,0,0
4137,4137.png,v484_n7392_9_f1.png,data/science/v484_n7392_9_f1.png,exact,S,65.2,10,745.5111111111112,27.304049353733433,0,1,1,1,0,0,0,0,0,1,0,0,3,0,4,1,1,0,0,0,0,0,0,0,0,1,0,0,0
4138,4138.png,whoI12_1.png,data/government/whoI12_1.png,exact,G,29.0,10,561.7777777777778,23.70185177950824,0,1,1,1,0,1,0,0,1,1,0,0,4,2,1,1,0,0,0,0,0,0,0,0,0,0,1,0,0
4139,4139.png,wsj26.png,data/news/wsj26.png,exact,N,4.0,10,63.77777777777778,7.986099033807293,0,0,1,1,1,1,0,0,0,0,1,6,1,1,1,1,0,0,0,0,0,0,0,0,0,0,1,0,0
4140,4140.png,visMost238.png,data/vis1/visMost238.png,exact,I,42.5,10,621.1666666666666,24.923215415886183,0,1,1,1,1,1,1,1,0,0,1,6,5,7,8,4,1,0,0,1,1,0,0,0,1,0,1,0,0
4141,4141.png,v484_n7393_9_f1.png,data/science/v484_n7393_9_f1.png,exact,S,70.9,10,224.32222222222222,14.977390367558103,0,1,1,1,1,0,0,0,0,0,0,6,2,3,3,1,1,0,0,0,0,0,0,1,0,0,0,0,0
4142,4142.png,vis379.png,data/vis2/vis379.png,exact,I,53.4,10,724.9333333333333,26.924586038290975,0,1,1,1,1,1,0,0,0,0,0,8,6,3,9,4,1,0,1,1,0,0,0,0,0,1,1,0,0
4143,4143.png,wsj32.png,data/news/wsj32.png,exact,N,25.7,10,520.6777777777778,22.81836492340715,0,1,1,1,1,1,0,0,0,0,1,3,4,1,3,1,1,0,1,0,0,0,0,0,0,0,0,0,0
4144,4144.png,v483_n7391_18_f1.png,data/science/v483_n7391_18_f1.png,exact,S,71.3,10,383.7888888888889,19.590530592326715,0,1,1,0,1,0,0,0,0,0,0,3,7,7,7,3,1,0,1,0,0,1,0,0,0,0,1,0,0
4145,4145.png,whoQ18_1.png,data/government/whoQ18_1.png,exact,G,7.6,10,62.71111111111111,7.919034733546198,0,1,1,1,0,1,0,0,0,0,0,2,2,1,1,1,0,0,1,0,0,0,0,0,0,0,0,0,0
4146,4146.png,economist_daily_chart_388.png,data/news/economist_daily_chart_388.png,exact,N,13.6,10,292.26666666666665,17.095808453146248,0,0,1,1,1,1,0,0,0,0,1,3,2,1,1,1,0,0,1,0,0,0,0,0,0,0,0,0,0
4147,4147.png,v484_n7394_3_f5.png,data/science/v484_n7394_3_f5.png,exact,S,81.6,10,523.6,22.882307575941724,0,0,0,0,1,0,0,0,0,0,0,6,1,2,2,1,0,0,0,0,1,0,0,0,0,0,0,0,0
4148,4148.png,wsj578.png,data/news/wsj578.png,exact,N,52.8,10,854.1777777777778,29.22631994928164,0,1,1,1,1,1,0,0,0,0,0,4,6,1,5,3,1,1,1,0,0,0,0,1,0,0,0,0,0
4149,4149.png,whoH09.png,data/government/whoH09.png,exact,G,5.4,10,43.15555555555556,6.569288816573341,0,1,1,1,0,0,1,0,0,0,1,5,2,1,1,1,1,0,1,0,0,0,0,0,0,0,0,0,0
4150,4150.png,wsj550.png,data/news/wsj550.png,exact,N,35.1,10,671.4333333333334,25.912030667883467,0,1,1,1,1,1,0,0,0,0,1,5,3,1,2,2,1,0,1,0,0,0,0,1,0,0,0,0,0
4151,4151.png,visMost562.png,data/vis1/visMost562.png,exact,I,37.6,10,657.8222222222222,25.64804519300101,0,0,0,1,1,1,1,0,0,0,1,9,8,7,9,5,1,0,1,1,1,0,0,1,1,0,0,0,0
4152,4152.png,v487_n7408_6_f5.png,data/science/v487_n7408_6_f5.png,exact,S,75.6,10,431.8222222222222,20.78033258208882,0,1,1,1,0,0,1,0,0,0,0,4,4,0,2,2,1,1,0,0,0,0,1,0,0,0,0,0,0
4153,4153.png,vis437.png,data/vis2/vis437.png,exact,I,51.7,10,600.0111111111111,24.49512423138758,0,1,1,1,1,1,0,0,0,0,1,12,10,4,5,3,1,0,0,0,0,1,0,0,0,1,1,0,0
4154,4154.png,v486_n7402_12_f2.png,data/science/v486_n7402_12_f2.png,exact,S,62.9,10,555.4333333333333,23.567633172071677,0,0,1,1,0,0,1,0,0,0,0,6,3,0,4,2,1,1,0,0,0,0,1,0,0,0,0,0,0
4155,4155.png,vis351.png,data/vis2/vis351.png,exact,I,45.4,10,500.71111111111117,22.376575053191477,0,0,1,1,1,1,0,0,0,0,1,1,4,2,6,2,1,0,1,0,0,0,0,0,0,0,1,0,0
4156,4156.png,visMost204.png,data/vis1/visMost204.png,exact,I,39.7,10,584.4555555555555,24.17551562129659,0,0,1,1,1,1,0,0,0,0,1,7,4,3,4,2,1,0,1,0,1,0,0,0,0,0,0,0,0
4157,4157.png,v488_n7410_18_f3.png,data/science/v488_n7410_18_f3.png,exact,S,80.9,10,265.43333333333334,16.29212488699167,0,1,1,1,1,1,0,0,0,0,0,5,4,5,15,3,1,0,1,0,1,0,0,0,0,0,0,0,1
4158,4158.png,whoN19_2.png,data/government/whoN19_2.png,exact,G,18.0,10,229.11111111111111,15.136416719656971,0,1,1,1,0,0,1,0,0,0,0,5,2,1,1,1,0,0,1,0,0,0,0,0,0,0,0,0,0
4159,4159.png,wsj236.png,data/news/wsj236.png,exact,N,27.3,10,120.89999999999999,10.995453605922767,0,1,1,1,1,1,0,0,0,0,1,4,4,2,3,2,1,0,1,0,0,0,0,1,0,0,0,0,0
4160,4160.png,wsj222.png,data/news/wsj222.png,exact,N,28.1,10,768.988888888889,27.730648908543216,0,0,1,1,1,1,0,0,0,0,1,4,1,1,1,1,0,0,1,0,0,0,0,0,0,0,0,0,0
4161,4161.png,vis345.png,data/vis2/vis345.png,exact,I,42.9,10,438.32222222222225,20.93614630781468,0,1,1,1,1,1,0,0,0,0,1,6,3,4,9,2,1,0,0,0,1,0,0,0,0,0,1,0,0
4162,4162.png,visMost210.png,data/vis1/visMost210.png,exact,I,44.7,10,311.34444444444443,17.644955212310528,0,0,1,1,1,1,0,0,0,0,0,6,0,2,2,2,0,0,0,0,1,0,0,0,0,0,1,0,0
4163,4163.png,visMost576.png,data/vis1/visMost576.png,exact,I,66.8,10,715.7333333333333,26.753192955857312,0,0,1,1,1,1,0,0,0,0,1,9,1,2,1,1,0,0,0,0,0,0,0,0,0,0,0,0,1
4164,4164.png,vis423.png,data/vis2/vis423.png,exact,I,64.3,10,421.34444444444443,20.526676410087543,0,1,1,1,1,1,0,0,0,0,0,6,16,4,14,3,1,0,0,1,1,0,0,0,0,0,1,0,0
4165,4165.png,wsj544.png,data/news/wsj544.png,exact,N,39.3,10,466.9,21.6078689370331,0,1,1,1,1,1,0,0,0,0,1,9,7,3,4,3,1,1,1,0,0,0,0,0,0,0,1,0,0
4166,4166.png,v484_n7392_7_f4.png,data/science/v484_n7392_7_f4.png,exact,S,79.2,10,352.4,18.772320048411704,0,1,1,1,1,0,0,0,0,0,0,2,4,1,9,3,1,1,0,0,0,1,0,0,0,1,0,0,0
4167,4167.png,v483_n7387_8_f3.png,data/science/v483_n7387_8_f3.png,exact,S,86.4,10,565.1555555555556,23.773000558523435,0,0,0,1,1,1,0,0,0,0,0,2,2,2,9,1,1,0,0,0,1,0,0,0,0,0,0,0,0
4168,4168.png,whoB15_1.png,data/government/whoB15_1.png,exact,G,49.4,10,587.6,24.240462041801102,0,1,1,1,0,1,1,0,0,0,0,13,2,3,2,1,0,0,1,0,0,0,0,0,0,0,0,0,0
4169,4169.png,whoF06.png,data/government/whoF06.png,exact,G,14.8,10,259.06666666666666,16.09554803871762,0,1,1,1,0,1,1,0,0,0,0,7,1,2,1,1,1,0,1,0,0,0,0,0,0,0,0,0,0
4170,4170.png,v489_n7415_15_f1.png,data/science/v489_n7415_15_f1.png,exact,S,73.0,10,716.0,26.758176320519304,0,1,1,1,1,0,1,0,0,0,0,9,7,0,10,4,1,0,0,0,1,0,1,1,0,1,0,0,0
4171,4171.png,v484_n7394_13_f3.png,data/science/v484_n7394_13_f3.png,exact,S,80.6,10,706.0444444444445,26.57149684237688,0,1,1,1,0,0,0,0,0,0,0,4,5,0,11,1,1,0,0,0,0,0,0,0,0,1,0,0,0
4172,4172.png,economist_daily_chart_439.png,data/news/economist_daily_chart_439.png,exact,N,10.2,10,146.4,12.09958676980334,0,0,1,1,0,1,1,0,0,0,1,4,2,1,1,1,0,0,1,0,0,0,0,0,0,0,0,0,0
4173,4173.png,v490_n7419_13_f1.png,data/science/v490_n7419_13_f1.png,exact,S,76.8,10,478.17777777777775,21.867276414262882,0,1,1,1,1,0,1,1,0,0,0,7,3,3,3,3,1,1,0,0,0,0,1,0,1,0,0,0,0
4174,4174.png,v488_n7412_21_f4.png,data/science/v488_n7412_21_f4.png,exact,S,80.6,10,384.93333333333334,19.619717972828592,0,1,1,1,1,0,1,0,0,0,0,9,1,4,13,3,1,0,1,0,1,1,0,0,0,0,0,0,0
4175,4175.png,whoJ13_1.png,data/government/whoJ13_1.png,exact,G,17.7,10,736.4555555555555,27.137714633984114,0,1,1,1,0,1,0,0,1,0,0,2,2,1,1,1,0,0,0,0,0,0,0,0,0,0,1,0,0
4176,4176.png,visMost589.png,data/vis1/visMost589.png,exact,I,26.3,10,565.1222222222223,23.772299472752362,0,0,1,1,1,1,0,0,0,0,1,6,1,5,5,2,0,0,0,1,0,0,0,0,0,0,1,0,0
4177,4177.png,whoF12.png,data/government/whoF12.png,exact,G,27.8,10,299.06666666666666,17.29354407478891,0,1,1,1,1,1,0,0,0,0,1,4,2,2,1,1,1,0,0,0,0,0,0,0,0,1,0,0,0
4178,4178.png,v487_n7406_19_f2.png,data/science/v487_n7406_19_f2.png,exact,S,84.4,10,222.26666666666665,14.908610487455451,0,1,1,1,1,0,1,0,0,0,0,9,6,7,7,5,1,0,1,0,1,0,0,0,0,1,1,1,0
4179,4179.png,economist_daily_chart_363.png,data/news/economist_daily_chart_363.png,exact,N,37.7,10,681.5666666666666,26.106831800635376,0,0,1,1,1,1,0,0,0,0,1,8,2,1,1,1,0,0,0,0,0,0,0,1,0,0,0,0,0
4180,4180.png,wsj593.png,data/news/wsj593.png,exact,N,4.1,10,30.988888888888887,5.566766466171263,0,0,1,1,1,1,0,0,0,0,1,2,1,1,1,1,0,0,1,0,0,0,0,0,0,0,0,0,0
4181,4181.png,v490_n7418_15_f3.png,data/science/v490_n7418_15_f3.png,exact,S,63.7,10,395.7888888888889,19.894443668745524,0,1,1,1,0,1,1,0,0,1,0,0,3,3,2,1,1,0,1,0,0,0,0,0,0,0,0,0,0
4182,4182.png,economist_daily_chart_405.png,data/news/economist_daily_chart_405.png,exact,N,33.3,10,207.1222222222222,14.39174145898342,0,1,1,1,1,0,0,0,0,0,0,3,1,3,3,2,1,0,0,0,1,0,0,0,0,0,0,0,1
4183,4183.png,v488_n7410_1_f1.png,data/science/v488_n7410_1_f1.png,exact,S,66.3,10,611.3444444444444,24.725380572287346,0,1,1,1,1,0,0,0,0,0,0,4,4,4,7,4,0,0,1,0,0,1,0,0,0,1,1,0,0
4184,4184.png,v484_n7395_15_f1.png,data/science/v484_n7395_15_f1.png,exact,S,66.4,10,426.0444444444444,20.640844082654286,0,1,1,1,1,0,0,0,0,0,0,3,1,3,6,3,1,0,1,0,1,0,0,1,0,0,0,0,0
4185,4185.png,vis392.png,data/vis2/vis392.png,exact,I,54.0,10,761.5555555555555,27.596296047758937,0,1,1,1,1,1,0,0,0,0,0,5,9,8,17,6,1,0,1,0,1,1,0,1,0,0,1,1,0
4186,4186.png,vis386.png,data/vis2/vis386.png,exact,I,47.6,10,581.8222222222222,24.120991319226956,0,1,1,1,1,1,0,0,0,0,0,8,1,2,1,1,0,0,0,0,1,0,0,0,0,0,0,0,0
4187,4187.png,economist_daily_chart_411.png,data/news/economist_daily_chart_411.png,exact,N,19.7,10,343.34444444444443,18.529555969975224,0,0,1,1,1,1,0,0,0,0,1,3,2,1,1,1,0,0,1,0,0,0,0,0,0,0,0,0,0
4188,4188.png,economist_daily_chart_377.png,data/news/economist_daily_chart_377.png,exact,N,56.2,10,550.1777777777778,23.455868727842457,0,0,1,1,1,1,1,0,0,0,1,8,3,1,1,2,0,0,1,0,0,0,0,1,0,0,0,0,0
4189,4189.png,wsj587.png,data/news/wsj587.png,exact,N,34.0,10,592.4444444444445,24.340181684704913,0,1,1,1,0,1,0,0,0,0,1,5,2,0,8,1,1,0,0,0,0,0,0,1,0,0,0,0,0
4190,4190.png,v488_n7411_1_f1.png,data/science/v488_n7411_1_f1.png,exact,S,53.5,10,708.0555555555555,26.609313323638315,0,0,0,1,1,0,0,0,0,0,0,3,0,0,4,1,1,0,0,0,1,0,0,0,0,0,0,0,0
4191,4191.png,whoO06_1.png,data/government/whoO06_1.png,exact,G,15.2,10,433.7333333333333,20.82626546775329,0,1,1,1,0,0,1,0,0,0,1,4,1,2,1,1,0,0,1,0,0,0,0,0,0,0,0,0,0
4192,4192.png,economist_daily_chart_410.png,data/news/economist_daily_chart_410.png,exact,N,19.1,10,202.54444444444445,14.231811003679203,0,0,0,1,0,1,1,1,0,0,1,7,1,0,1,1,0,0,0,0,0,0,0,0,1,0,0,0,0
4193,4193.png,vis387.png,data/vis2/vis387.png,exact,I,42.6,10,602.4888888888889,24.545649082655952,0,1,1,1,1,1,0,0,0,0,0,10,9,2,5,3,1,1,0,0,1,0,0,0,0,0,1,0,0
4194,4194.png,wsj586.png,data/news/wsj586.png,exact,N,27.4,10,496.0444444444444,22.27205523620226,0,1,1,1,1,1,0,0,0,0,1,4,3,1,2,4,1,1,1,0,0,1,0,1,0,0,0,0,0
4195,4195.png,economist_daily_chart_376.png,data/news/economist_daily_chart_376.png,exact,N,32.2,10,858.8444444444444,29.30604791582182,0,1,1,1,0,1,0,0,1,0,0,7,2,2,1,1,0,0,0,0,0,0,0,0,0,0,1,0,0
4196,4196.png,v490_n7418_15_f2.png,data/science/v490_n7418_15_f2.png,exact,S,72.6,10,803.3777777777777,28.34391959094186,0,1,1,1,1,0,0,0,0,0,0,1,1,1,2,1,1,0,0,0,0,0,0,1,0,0,0,0,0
4197,4197.png,wsj592.png,data/news/wsj592.png,exact,N,24.0,10,332.22222222222223,18.22696415265642,0,1,1,1,1,1,0,0,0,0,0,6,6,0,3,2,1,0,1,0,0,0,0,1,0,0,0,0,0
4198,4198.png,economist_daily_chart_362.png,data/news/economist_daily_chart_362.png,exact,N,14.7,10,150.67777777777778,12.275087689209302,0,0,1,1,0,1,0,0,0,0,1,2,2,0,1,1,0,0,0,0,0,0,0,1,0,0,0,0,0
4199,4199.png,v487_n7406_19_f3.png,data/science/v487_n7406_19_f3.png,exact,S,79.7,10,778.9,27.90877998050076,0,1,1,1,0,0,1,0,0,0,0,18,2,6,11,3,1,0,1,0,1,1,0,0,0,0,0,0,0
4200,4200.png,vis393.png,data/vis2/vis393.png,exact,I,56.9,10,322.1,17.947144619688114,0,1,1,1,1,0,1,0,0,0,0,7,3,0,1,1,0,0,0,0,0,0,1,0,0,0,0,0,0
4201,4201.png,economist_daily_chart_404.png,data/news/economist_daily_chart_404.png,exact,N,14.0,10,270.8888888888889,16.45870252750468,0,1,1,1,1,1,0,0,0,0,1,3,2,1,1,1,0,0,1,0,0,0,0,0,0,0,0,0,0
4202,4202.png,visMost588.png,data/vis1/visMost588.png,exact,I,48.0,10,469.77777777777777,21.674357609345144,0,1,1,1,1,1,0,0,0,0,0,23,2,3,5,4,1,1,1,1,0,1,0,0,0,0,0,0,0
4203,4203.png,whoF13.png,data/government/whoF13.png,exact,G,10.6,10,129.37777777777777,11.37443527291697,0,1,1,1,0,1,1,0,0,0,1,4,1,2,1,1,1,0,1,0,0,0,0,0,0,0,0,0,0
4204,4204.png,v484_n7394_13_f2.png,data/science/v484_n7394_13_f2.png,exact,S,72.6,10,490.93333333333334,22.157015442819308,0,1,1,1,0,0,0,0,0,0,0,4,2,0,12,1,1,0,0,0,0,0,0,0,0,1,0,0,0
4205,4205.png,whoF07.png,data/government/whoF07.png,exact,G,23.2,10,215.06666666666666,14.665151436881471,0,0,1,1,0,1,1,0,0,0,1,4,1,2,1,1,1,0,0,0,0,0,0,0,0,0,1,0,0
4206,4206.png,v490_n7420_21_f4.png,data/science/v490_n7420_21_f4.png,exact,S,51.7,10,400.23333333333335,20.00583248288692,0,1,1,1,0,0,0,0,0,0,0,3,3,1,5,2,1,0,1,0,0,0,0,0,0,0,1,0,0
4207,4207.png,whoQ36.png,data/government/whoQ36.png,exact,G,65.9,10,731.2111111111111,27.040915500609646,0,1,1,1,0,1,1,0,0,0,1,5,3,4,2,2,1,0,1,0,0,0,0,0,0,0,1,0,0
4208,4208.png,economist_daily_chart_438.png,data/news/economist_daily_chart_438.png,exact,N,48.4,10,244.7111111111111,15.643244903507428,0,0,1,1,1,1,1,0,0,0,1,7,3,1,3,3,1,0,1,0,0,1,0,0,1,0,0,0,0
4209,4209.png,visMost211.png,data/vis1/visMost211.png,exact,I,65.0,10,290.0,17.029386365926403,0,1,1,1,1,1,0,0,0,0,1,10,7,2,7,3,1,0,1,0,1,0,0,0,0,0,0,0,1
4210,4210.png,vis344.png,data/vis2/vis344.png,exact,I,56.0,10,111.55555555555556,10.561986345169906,0,0,1,1,1,1,1,0,0,0,1,4,4,4,6,3,1,0,1,0,0,1,0,0,0,0,1,0,0
4211,4211.png,wsj223.png,data/news/wsj223.png,exact,N,34.4,10,316.26666666666665,17.78388783890257,0,0,1,1,1,1,0,0,0,0,1,2,1,3,12,2,1,0,0,0,0,0,0,0,0,1,1,0,0
4212,4212.png,v483_n7387_8_f2.png,data/science/v483_n7387_8_f2.png,exact,S,64.0,10,807.7777777777778,28.421431663056275,0,0,0,0,1,1,0,0,0,0,0,2,1,2,10,1,0,0,0,0,1,0,0,0,0,0,0,0,0
4213,4213.png,v483_n7388_14_f3.png,data/science/v483_n7388_14_f3.png,exact,S,23.5,10,680.9444444444445,26.09491223293239,0,1,1,0,0,0,1,0,0,0,0,5,2,1,1,1,0,0,0,0,0,0,0,0,0,1,0,0,0
4214,4214.png,v484_n7392_7_f5.png,data/science/v484_n7392_7_f5.png,exact,S,63.5,10,221.16666666666666,14.871673297469476,0,1,1,1,1,0,0,0,0,0,0,3,6,3,5,3,1,1,0,0,0,1,0,0,0,1,0,0,0
4215,4215.png,wsj545.png,data/news/wsj545.png,exact,N,41.4,10,527.3777777777777,22.96470722168645,0,1,1,1,0,1,0,0,0,0,1,6,1,3,2,3,0,0,0,0,0,1,1,0,0,0,1,0,0
4216,4216.png,vis422.png,data/vis2/vis422.png,exact,I,69.7,10,181.7888888888889,13.482910994621632,0,0,1,1,1,1,1,1,0,0,1,4,5,3,5,3,1,0,1,0,1,0,0,0,0,1,0,0,0
4217,4217.png,visMost577.png,data/vis1/visMost577.png,exact,I,71.0,10,301.77777777777777,17.371752294393843,0,0,1,1,1,1,1,0,0,0,1,8,5,9,9,3,1,1,0,0,0,0,0,0,0,0,1,0,1
4218,4218.png,v486_n7402_12_f3.png,data/science/v486_n7402_12_f3.png,exact,S,42.3,10,674.2333333333333,25.96600341472159,0,1,1,0,0,0,0,0,0,0,0,5,2,0,3,1,1,0,1,0,0,0,0,0,0,0,0,0,0
4219,4219.png,v487_n7408_6_f4.png,data/science/v487_n7408_6_f4.png,exact,S,41.7,10,752.0111111111111,27.42282099112181,0,1,1,0,0,0,0,0,0,0,0,3,3,0,2,1,0,0,0,0,0,0,0,0,0,1,0,0,0
4220,4220.png,visMost563.png,data/vis1/visMost563.png,exact,I,50.6,10,353.3777777777778,18.79834508082501,0,1,1,1,1,1,0,0,0,0,1,7,4,3,3,3,1,0,1,1,0,0,0,0,0,0,1,0,0
4221,4221.png,wsj551.png,data/news/wsj551.png,exact,N,35.1,10,379.2111111111111,19.47334360378595,0,0,0,1,1,1,0,0,0,0,0,5,3,1,1,1,0,0,0,0,1,0,0,0,0,0,0,0,0
4222,4222.png,wsj237.png,data/news/wsj237.png,exact,N,34.6,10,322.7111111111111,17.9641618538442,0,0,1,1,1,1,0,0,0,0,1,7,0,0,1,1,0,0,0,0,1,0,0,0,0,0,0,0,0
4223,4223.png,v488_n7410_18_f2.png,data/science/v488_n7410_18_f2.png,exact,S,59.5,10,307.6111111111111,17.538845774768394,0,1,1,1,1,1,0,0,0,0,0,5,1,2,7,2,0,0,0,0,1,0,0,0,0,0,1,0,0
4224,4224.png,visMost205.png,data/vis1/visMost205.png,exact,I,56.0,10,453.3333333333333,21.29162589689508,0,1,1,1,1,1,1,1,0,0,1,12,3,1,3,4,1,1,1,1,0,0,0,0,1,0,0,0,0
4225,4225.png,vis350.png,data/vis2/vis350.png,exact,I,56.7,10,420.6777777777778,20.51043095056215,0,0,1,1,1,1,0,0,0,0,1,3,5,4,4,2,1,0,1,0,0,0,0,0,0,0,1,0,0
4226,4226.png,wsj33.png,data/news/wsj33.png,exact,N,56.1,10,512.1,22.62962659877533,0,0,0,1,1,1,0,0,0,0,1,4,0,3,3,1,0,0,0,0,0,0,0,0,1,0,0,0,0
4227,4227.png,vis378.png,data/vis2/vis378.png,exact,I,65.8,10,371.06666666666666,19.26309078696009,0,0,0,1,1,1,0,0,0,0,1,6,1,4,5,3,1,0,0,0,1,1,0,0,0,0,1,0,0
4228,4228.png,v486_n7401_5_f1.png,data/science/v486_n7401_5_f1.png,exact,S,71.6,10,156.7111111111111,12.518430856585466,0,1,1,1,1,0,0,0,0,0,0,1,4,2,11,3,1,0,0,0,0,1,0,1,0,1,0,0,0
4229,4229.png,v484_n7394_3_f4.png,data/science/v484_n7394_3_f4.png,exact,S,61.3,10,438.23333333333335,20.934023343192617,0,1,1,1,1,0,1,0,0,0,0,11,5,4,8,3,1,0,0,0,1,0,0,1,0,1,0,0,0
4230,4230.png,wsj579.png,data/news/wsj579.png,exact,N,54.0,10,307.55555555555554,17.537261917287875,0,1,1,1,1,1,0,0,0,0,1,4,5,0,4,2,1,0,1,0,0,0,0,1,0,0,0,0,0
4231,4231.png,economist_daily_chart_389.png,data/news/economist_daily_chart_389.png,exact,N,24.0,10,126.88888888888889,11.264496832477201,0,0,1,1,1,1,0,0,0,0,1,4,2,2,1,1,0,0,1,0,0,0,0,0,0,0,0,0,0
4232,4232.png,v485_n7396_22_f4.png,data/science/v485_n7396_22_f4.png,exact,S,67.8,10,164.6222222222222,12.830519171967369,0,1,1,1,1,0,1,0,0,0,0,6,3,6,7,4,1,0,1,0,1,1,0,0,0,1,0,0,0
4233,4233.png,v488_n7409_14_f1.png,data/science/v488_n7409_14_f1.png,exact,S,67.7,10,371.34444444444443,19.270299542156692,0,1,1,1,0,0,1,0,0,0,0,10,3,1,2,2,0,0,0,0,0,0,0,0,0,1,0,0,1
4234,4234.png,visMost239.png,data/vis1/visMost239.png,exact,I,52.2,10,655.2888888888889,25.598611073433045,0,0,1,1,1,1,1,0,0,0,1,11,4,2,4,3,1,0,0,1,1,0,0,0,0,0,1,0,0
4235,4235.png,wsj27.png,data/news/wsj27.png,exact,N,41.0,10,419.55555555555554,20.483055327649623,0,1,1,1,1,1,0,0,0,0,1,3,4,1,4,3,1,1,1,0,0,0,0,1,0,0,0,0,0
4236,4236.png,v486_n7403_14_f1.png,data/science/v486_n7403_14_f1.png,exact,S,70.8,10,342.84444444444443,18.516059095942754,0,1,1,1,1,0,0,0,0,0,0,5,7,2,8,2,1,0,0,0,1,0,0,0,0,1,0,0,0
4237,4237.png,economist_daily_chart_174.png,data/news/economist_daily_chart_174.png,exact,N,20.2,10,171.2888888888889,13.0877381120226,0,0,1,1,1,1,0,0,0,0,0,2,2,1,1,1,0,0,1,0,0,0,0,0,0,0,0,0,0
4238,4238.png,v483_n7391_20_f4.png,data/science/v483_n7391_20_f4.png,exact,S,69.9,10,420.5444444444444,20.507180314330014,0,0,0,1,1,0,0,0,0,0,0,6,3,3,7,2,1,0,0,0,1,0,0,0,0,0,0,1,0
4239,4239.png,vis185.png,data/vis2/vis185.png,exact,I,56.8,10,329.73333333333335,18.158560882771887,0,0,1,1,1,1,0,0,0,0,1,2,7,1,6,3,1,0,1,0,1,1,0,0,0,0,0,0,0
4240,4240.png,vis191.png,data/vis2/vis191.png,exact,I,44.0,10,953.1111111111111,30.872497649382225,0,0,0,1,1,1,0,0,0,0,1,5,2,0,1,1,1,0,0,0,1,0,0,0,0,0,0,0,0
4241,4241.png,v490_n7419_1_f8.png,data/science/v490_n7419_1_f8.png,exact,S,41.2,10,975.7333333333333,31.23673051606607,0,0,0,0,1,0,0,0,0,0,0,2,3,1,1,1,0,0,0,0,1,0,0,0,0,0,0,0,0
4242,4242.png,v489_n7416_12_f1.png,data/science/v489_n7416_12_f1.png,exact,S,50.4,10,158.04444444444445,12.571572870744712,0,1,1,1,0,0,1,1,0,0,1,8,7,0,3,4,1,0,1,0,0,0,1,1,1,0,0,0,0
4243,4243.png,v486_n7404_2_f2.png,data/science/v486_n7404_2_f2.png,exact,S,58.5,10,803.1666666666666,28.340195247504322,0,0,1,1,1,0,0,0,0,0,0,8,1,4,5,3,1,0,0,0,1,1,0,0,0,0,1,0,0
4244,4244.png,economist_daily_chart_102.png,data/news/economist_daily_chart_102 (1).png,documented_alias,N,27.1,10,492.9888888888889,22.203353100126314,0,1,1,1,1,1,0,0,0,0,0,3,2,1,1,1,0,0,1,0,0,0,0,0,0,0,0,0,0
4245,4245.png,economist_daily_chart_160.png,data/news/economist_daily_chart_160.png,exact,N,18.0,10,363.55555555555554,19.067132861433457,0,1,1,1,1,1,0,0,0,0,1,3,2,1,1,1,0,0,1,0,0,0,0,0,0,0,0,0,0
4246,4246.png,whoQ42_7.png,data/government/whoQ42_7.png,exact,G,24.300000000000004,10,480.23333333333335,21.914226733638888,0,0,1,1,0,0,1,0,0,0,0,2,1,2,1,1,0,0,1,0,0,0,0,0,0,0,0,0,0
4247,4247.png,vis807.png,data/vis3/vis807.png,exact,I,76.0,10,270.22222222222223,16.438437341250605,0,0,1,1,1,1,1,0,0,0,1,9,7,5,10,4,1,0,1,1,1,0,0,0,0,0,1,0,0
4248,4248.png,v485_n7398_7_f2.png,data/science/v485_n7398_7_f2.png,exact,S,46.0,10,686.8888888888889,26.20856518180438,0,1,1,0,1,0,0,0,0,0,0,3,3,0,15,2,1,0,0,0,0,0,0,1,0,1,0,0,0
4249,4249.png,whoB31_1.png,data/government/whoB31_1.png,exact,G,21.3,10,209.56666666666666,14.47641760473449,0,1,1,1,0,1,0,0,0,0,1,3,1,2,1,2,0,0,1,0,0,0,0,0,0,0,1,0,0
4250,4250.png,economist_daily_chart_148.png,data/news/economist_daily_chart_148.png,exact,N,13.7,10,164.45555555555555,12.824022596500505,0,1,1,1,1,1,0,0,0,0,0,3,2,1,1,1,0,0,1,0,0,0,0,0,0,0,0,0,0
4251,4251.png,v483_n7387_15_f3.png,data/science/v483_n7387_15_f3.png,exact,S,51.3,10,248.89999999999998,15.776564898608315,0,1,1,1,1,0,1,0,0,0,0,3,3,2,5,4,1,0,1,0,1,1,0,1,0,0,0,0,0
4252,4252.png,v490_n7419_8_f4.png,data/science/v490_n7419_8_f4.png,exact,S,74.5,10,124.94444444444444,11.17785509140481,0,1,1,1,1,0,0,0,0,0,0,6,7,2,14,3,1,0,0,0,1,0,0,1,0,1,0,0,0
4253,4253.png,whoJ37_1.png,data/government/whoJ37_1.png,exact,G,40.3,10,432.9,20.80624906127964,0,0,0,1,1,1,1,0,0,0,0,11,1,1,1,1,0,0,0,0,0,0,0,0,1,0,0,0,0
4254,4254.png,v486_n7404_10_f1.png,data/science/v486_n7404_10_f1.png,exact,S,59.6,10,350.4888888888889,18.721348479446903,0,0,0,0,1,0,0,0,0,0,0,6,0,1,1,2,0,0,0,0,1,0,0,1,0,0,0,0,0
4255,4255.png,v489_n7417_14_f3.png,data/science/v489_n7417_14_f3.png,exact,S,57.9,10,366.76666666666665,19.151153141956403,0,1,1,0,1,0,0,0,0,0,0,10,1,3,1,2,1,0,0,0,0,1,0,0,0,1,0,0,0
4256,4256.png,v486_n7402_6_f3.png,data/science/v486_n7402_6_f3.png,exact,S,65.6,10,574.4888888888888,23.968497843813424,0,0,1,1,0,0,1,0,0,0,0,9,1,4,2,2,1,0,0,0,0,0,1,0,0,0,0,0,1
4257,4257.png,vis813.png,data/vis3/vis813.png,exact,I,48.2,10,494.84444444444443,22.245099335459134,0,1,1,1,1,1,1,0,0,0,0,13,3,4,3,3,1,1,1,0,0,0,0,0,0,0,1,0,0
4258,4258.png,v489_n7414_25_f3.png,data/science/v489_n7414_25_f3.png,exact,S,49.6,10,496.26666666666665,22.277043490253966,0,1,1,0,0,0,0,0,0,0,0,3,4,0,1,3,0,0,1,0,0,0,0,1,0,1,0,0,0
4259,4259.png,visMost775.png,data/vis1/visMost775.png,exact,I,55.6,10,309.6,17.59545395833822,0,0,0,1,1,1,0,0,0,0,1,5,5,1,2,4,1,1,0,1,1,1,0,0,0,0,0,0,0
4260,4260.png,vis620.png,data/vis3/vis620.png,exact,I,36.7,10,327.56666666666666,18.098802907006494,0,0,1,1,0,1,0,0,0,0,1,10,2,2,7,4,1,0,1,1,0,1,0,0,1,0,0,0,0
4261,4261.png,v483_n7389_3_f2.png,data/science/v483_n7389_3_f2.png,exact,S,57.0,10,518.0,22.759613353482084,0,1,1,0,1,0,1,0,0,0,0,5,6,6,6,2,1,0,0,0,0,1,1,0,0,0,0,0,0
4262,4262.png,np_6.png,data/news/np_6.png,exact,N,65.4,10,169.3777777777778,13.01452180365371,0,0,1,1,1,1,1,0,0,0,0,10,3,2,12,3,1,0,1,0,0,1,0,0,1,0,0,0,0
4263,4263.png,v483_n7388_3_f2.png,data/science/v483_n7388_3_f2.png,exact,S,62.9,10,612.1,24.740654801358836,0,1,1,1,1,0,0,0,0,0,0,2,3,2,5,3,1,0,1,0,0,0,0,1,0,1,0,0,0
4264,4264.png,vis152.png,data/vis2/vis152.png,exact,I,53.9,10,224.32222222222222,14.977390367558103,0,0,1,1,1,1,0,0,0,0,1,5,3,3,3,1,1,0,0,0,0,0,0,0,0,0,1,0,0
4265,4265.png,visMost761.png,data/vis1/visMost761.png,exact,I,42.6,10,210.04444444444445,14.492910144082328,0,0,1,1,1,1,0,0,0,0,1,3,0,1,1,1,0,0,0,0,0,0,0,0,0,0,1,0,0
4266,4266.png,visMost749.png,data/vis1/visMost749.png,exact,I,65.1,10,449.8777777777778,21.21032243455478,0,0,1,1,1,1,1,0,0,0,1,12,5,3,6,4,1,0,0,1,0,1,0,0,1,0,1,0,0
4267,4267.png,v487_n7406_3_f1.png,data/science/v487_n7406_3_f1.png,exact,S,65.6,10,438.0444444444445,20.929511328371824,0,1,1,1,1,0,0,0,0,0,0,5,5,2,5,2,1,0,0,0,1,0,0,0,0,1,0,0,0
4268,4268.png,v487_n7407_3_f1.png,data/science/v487_n7407_3_f1.png,exact,S,68.7,10,424.9,20.613102629153136,0,0,0,1,1,1,1,0,0,0,0,3,2,5,1,1,0,0,0,0,1,0,0,0,0,0,0,0,0
4269,4269.png,vis608.png,data/vis3/vis608.png,exact,I,63.5,10,164.72222222222223,12.834415538785638,0,0,1,1,1,1,0,0,0,0,1,3,12,6,10,2,1,0,1,0,1,0,0,0,0,0,0,0,0
4270,4270.png,v489_n7417_18_f3.png,data/science/v489_n7417_18_f3.png,exact,S,44.8,10,487.06666666666666,22.06958691653894,0,1,1,1,1,0,1,0,0,0,0,7,3,3,9,4,1,1,1,1,1,0,0,0,0,0,0,0,0
4271,4271.png,treasuryK03_6.png,data/government/treasuryK03_6.png,exact,G,13.5,10,103.16666666666667,10.157099323461727,0,1,1,1,1,1,0,0,0,0,0,1,2,0,1,1,0,0,1,0,0,0,0,0,0,0,0,0,0
4272,4272.png,vis797.png,data/vis3/vis797.png,exact,I,63.1,10,346.32222222222225,18.60973460912923,0,0,1,1,1,1,0,0,0,0,1,7,1,1,1,1,0,0,0,0,1,0,0,0,0,0,0,0,0
4273,4273.png,v485_n7397_10_f2.png,data/science/v485_n7397_10_f2.png,exact,S,52.0,10,333.77777777777777,18.269586141392963,0,1,1,1,0,0,1,0,0,0,0,10,3,0,4,3,1,1,0,0,0,1,0,0,1,0,0,0,0
4274,4274.png,v483_n7391_22_f1.png,data/science/v483_n7391_22_f1.png,exact,S,72.4,10,271.59999999999997,16.48029125956213,0,1,1,1,0,0,0,0,0,0,0,3,8,3,27,4,1,0,1,0,1,0,0,0,0,1,1,0,0
4275,4275.png,v490_n7418_4_f4.png,data/science/v490_n7418_4_f4.png,exact,S,84.6,10,144.93333333333334,12.038826077875424,0,0,1,1,1,1,1,1,0,0,0,8,5,6,7,2,1,0,0,0,1,0,1,0,0,0,0,0,0
4276,4276.png,wsj196.png,data/news/wsj196.png,exact,N,36.8,10,134.17777777777778,11.583513188052137,0,0,1,1,1,1,0,0,0,0,1,1,0,1,1,1,0,0,0,0,1,0,0,0,0,0,0,0,0
4277,4277.png,economist_daily_chart_10.png,data/news/economist_daily_chart_10.png,exact,N,42.3,10,571.1222222222223,23.89816357426282,0,1,1,1,1,1,0,0,0,0,1,5,4,1,2,2,1,0,1,0,0,0,0,0,0,1,0,0,0
4278,4278.png,wsj182.png,data/news/wsj182.png,exact,N,27.0,10,346.22222222222223,18.607047649270484,0,1,1,1,1,1,0,0,0,0,1,5,3,0,1,1,0,0,0,0,0,0,0,1,0,0,0,0,0
4279,4279.png,wsj2.png,data/news/wsj2.png,exact,N,17.7,10,197.12222222222223,14.040022158893562,0,1,1,1,1,1,0,0,0,0,1,3,2,1,1,1,0,0,0,0,0,0,0,1,0,0,0,0,0
4280,4280.png,v485_n7399_21_f1.png,data/science/v485_n7399_21_f1.png,exact,S,67.7,10,384.23333333333335,19.6018706590298,0,1,1,1,1,0,0,0,0,0,0,5,3,4,14,3,1,0,0,0,1,0,0,0,0,0,1,1,0
4281,4281.png,vis783.png,data/vis3/vis783.png,exact,I,65.1,10,410.1,20.250925904758034,0,1,1,1,1,1,1,0,0,0,1,11,8,4,10,8,1,1,1,1,1,1,0,0,1,1,1,0,0
4282,4282.png,v483_n7387_19_f3.png,data/science/v483_n7387_19_f3.png,exact,S,69.9,10,334.1,18.278402556022233,0,1,1,1,0,0,0,0,0,0,0,4,0,3,3,2,0,0,0,0,1,0,0,0,0,0,1,0,0
4283,4283.png,treasuryJ01_1.png,data/government/treasuryJ01_1.png,exact,G,33.3,10,314.23333333333335,17.7266278048966,0,1,1,1,1,1,0,0,0,0,0,1,2,1,1,1,0,0,0,0,0,0,0,1,0,0,0,0,0
4284,4284.png,v490_n7419_4_f4.png,data/science/v490_n7419_4_f4.png,exact,S,70.2,10,261.9555555555556,16.185041104537103,0,1,1,1,1,0,0,0,0,0,0,5,8,1,11,4,1,0,0,0,1,1,0,0,0,1,1,0,0
4285,4285.png,visMost83.png,data/vis1/visMost83.png,exact,I,42.5,10,469.6111111111111,21.670512479198806,0,0,1,1,0,0,1,1,0,0,1,2,2,1,1,1,0,0,0,0,0,0,1,0,0,0,0,0,0
4286,4286.png,vis973.png,data/vis3/vis973.png,exact,I,51.2,10,1757.5111111111112,41.922680151811754,1,0,0,0,0,0,0,0,0,0,0,6,0,0,1,1,0,0,0,0,1,0,0,0,0,0,0,0,0
4287,4287.png,economist_daily_chart_38.png,data/news/economist_daily_chart_38.png,exact,N,38.9,10,296.1,17.207556479639983,0,0,1,1,0,1,1,1,0,0,1,5,1,1,3,2,1,0,1,0,0,0,0,0,1,0,0,0,0
4288,4288.png,visMost198.png,data/vis1/visMost198.png,exact,I,55.6,10,359.8222222222222,18.968980526697322,0,0,1,1,1,1,0,0,0,0,1,12,12,3,9,5,1,0,1,1,1,1,0,1,0,0,0,0,0
4289,4289.png,v485_n7398_27_f3.png,data/science/v485_n7398_27_f3.png,exact,S,64.9,10,444.76666666666665,21.08949185415966,0,0,0,1,1,0,0,0,0,0,0,5,0,2,5,1,1,0,0,0,1,0,0,0,0,0,0,0,0
4290,4290.png,whoQ44_1.png,data/government/whoQ44_1.png,exact,G,12.1,10,126.98888888888888,11.26893468296311,0,1,1,1,0,0,0,0,0,0,0,1,1,1,1,1,0,0,1,0,0,0,0,0,0,0,0,0,0
4291,4291.png,v490_n7420_2_f1.png,data/science/v490_n7420_2_f1.png,exact,S,57.5,10,662.9444444444445,25.74770755707087,0,0,0,0,1,0,0,0,0,0,0,7,3,1,2,1,0,0,0,0,1,0,0,0,0,0,0,0,0
4292,4292.png,visMost97.png,data/vis1/visMost97.png,exact,I,15.2,10,182.17777777777778,13.497324837825374,0,0,0,1,1,0,0,0,0,0,0,5,1,1,1,1,0,0,0,0,0,0,0,0,1,0,0,0,0
4293,4293.png,vis967.png,data/vis3/vis967.png,exact,I,69.0,10,172.88888888888889,13.148721948877347,0,0,1,1,1,1,0,0,0,0,1,7,2,7,8,2,1,0,1,0,0,0,0,0,0,0,1,0,0
4294,4294.png,v488_n7413_13_f3.png,data/science/v488_n7413_13_f3.png,exact,S,78.9,10,360.09999999999997,18.976301009416982,0,1,1,1,1,0,1,0,0,0,0,10,2,8,20,2,1,0,1,0,1,0,0,0,0,0,0,0,0
4295,4295.png,vis754.png,data/vis3/vis754.png,exact,I,47.4,10,502.0444444444445,22.40634830677334,0,0,1,1,1,1,0,0,0,0,1,11,0,2,1,1,1,0,0,0,0,0,0,0,0,0,1,0,0
4296,4296.png,visMost601.png,data/vis1/visMost601.png,exact,I,51.6,10,256.7111111111111,16.022206811519787,0,1,1,1,1,1,0,0,0,0,1,4,2,1,1,1,0,0,0,0,0,0,0,1,0,0,0,0,0
4297,4297.png,v484_n7395_21_f4.png,data/science/v484_n7395_21_f4.png,exact,S,72.0,10,242.88888888888889,15.58489297008128,0,1,1,1,0,0,1,0,0,0,0,5,6,4,11,4,1,0,1,0,1,0,0,0,0,1,1,0,0
4298,4298.png,wsj155.png,data/news/wsj155.png,exact,N,35.9,10,1196.3222222222223,34.58789126590724,0,1,1,1,0,1,0,0,0,0,1,9,3,0,2,2,1,1,0,0,0,0,0,1,0,0,0,0,0
4299,4299.png,v486_n7401_19_f2.png,data/science/v486_n7401_19_f2.png,exact,S,65.6,10,373.8222222222222,19.33448272445431,0,1,1,1,1,0,1,0,0,0,0,1,5,7,10,4,1,0,1,0,0,1,1,0,0,0,1,0,0
4300,4300.png,visMost167.png,data/vis1/visMost167.png,exact,I,64.4,10,557.8222222222222,23.61826035554317,0,0,1,1,1,0,1,0,0,0,1,8,2,3,2,2,1,0,0,0,1,0,0,0,0,1,0,0,0
4301,4301.png,visMost173.png,data/vis1/visMost173.png,exact,I,61.6,10,431.6,20.774984957876626,0,1,1,0,1,1,0,0,0,0,0,4,3,3,3,3,1,0,1,1,0,0,0,0,0,0,0,0,1
4302,4302.png,wsj141.png,data/news/wsj141.png,exact,N,53.1,10,308.5444444444444,17.565433226779362,0,0,1,1,1,1,1,0,0,0,1,4,4,0,8,3,1,0,1,0,0,0,0,1,0,1,0,0,0
4303,4303.png,vis740.png,data/vis3/vis740.png,exact,I,57.3,10,502.6777777777778,22.42047675179495,0,0,0,0,0,0,0,0,1,0,0,10,0,0,1,1,1,0,0,0,0,0,0,0,0,0,0,1,0
4304,4304.png,visMost68.png,data/vis1/visMost68.png,exact,I,79.6,10,377.3777777777778,19.426213675798426,0,0,0,1,0,1,0,0,0,0,0,11,5,0,5,2,1,0,0,1,1,0,0,0,0,0,0,0,0
4305,4305.png,visMost615.png,data/vis1/visMost615.png,exact,I,53.0,10,300.8888888888889,17.346149108343585,0,0,1,1,1,1,0,0,0,0,1,7,5,3,3,4,1,0,0,0,1,0,0,1,1,0,1,0,0
4306,4306.png,vis768.png,data/vis3/vis768.png,exact,I,60.7,10,82.45555555555555,9.080504146552412,0,1,1,1,1,1,1,0,0,0,1,3,4,1,2,2,0,1,0,0,0,0,0,0,0,1,0,0,0
4307,4307.png,visMost40.png,data/vis1/visMost40.png,exact,I,49.4,10,319.3777777777778,17.871143717674528,0,0,1,1,1,1,0,0,0,0,1,5,5,1,2,2,1,0,1,0,1,0,0,0,0,0,0,0,0
4308,4308.png,v488_n7412_15_f1.png,data/science/v488_n7412_15_f1.png,exact,S,72.4,10,196.26666666666668,14.00952057233461,0,1,1,1,1,0,1,0,0,0,0,11,4,4,13,3,1,0,1,0,1,1,0,0,0,0,0,0,0
4309,4309.png,v487_n7408_12_f1.png,data/science/v487_n7408_12_f1.png,exact,S,45.0,10,190.44444444444446,13.800161029656302,0,1,1,1,1,0,0,0,0,1,0,0,5,0,9,1,1,0,0,0,0,0,0,0,0,1,0,0,0
4310,4310.png,wsj169.png,data/news/wsj169.png,exact,N,37.8,10,484.84444444444443,22.019183555355646,0,0,1,1,1,1,0,0,0,0,1,5,3,2,2,4,1,1,1,0,1,1,0,0,0,0,0,0,0
4311,4311.png,v487_n7406_1_f4.png,data/science/v487_n7406_1_f4.png,exact,S,71.3,10,182.45555555555555,13.507611023254835,0,1,1,1,1,0,0,0,0,0,0,6,5,6,9,3,1,0,1,0,1,0,0,0,0,1,0,0,0
4312,4312.png,v489_n7414_29_f3.png,data/science/v489_n7414_29_f3.png,exact,S,73.7,10,94.01111111111112,9.695932709704163,0,1,1,1,1,0,1,0,0,0,0,7,5,4,14,2,1,0,1,0,1,0,0,0,0,0,0,0,0
4313,4313.png,visMost54.png,data/vis1/visMost54.png,exact,I,64.4,10,560.7111111111111,23.679339330123025,0,0,1,1,1,1,1,0,0,0,1,7,1,3,2,3,0,0,1,0,1,0,0,0,0,1,0,0,0
4314,4314.png,visMost629.png,data/vis1/visMost629.png,exact,I,80.2,10,140.84444444444443,11.867790208983491,0,0,0,1,1,1,1,0,0,0,1,12,0,0,7,1,0,0,0,0,1,0,0,0,0,0,0,0,0
4315,4315.png,v487_n7407_1_f4.png,data/science/v487_n7407_1_f4.png,exact,S,58.2,10,485.73333333333335,22.03935873235275,0,1,1,1,0,0,0,0,0,0,0,2,2,0,16,1,1,0,0,0,0,0,0,0,0,1,0,0,0
4316,4316.png,whoH14_3.png,data/government/whoH14_3.png,exact,G,26.4,10,466.26666666666665,21.59320880894423,0,0,1,1,1,0,0,1,0,0,1,6,1,2,1,1,1,0,1,0,0,0,0,0,0,0,0,0,0
4317,4317.png,wsj394.png,data/news/wsj394.png,exact,N,44.4,10,464.26666666666665,21.546848184053896,0,0,1,1,1,1,0,0,0,0,1,6,5,0,2,2,1,0,1,0,0,0,0,1,0,0,0,0,0
4318,4318.png,v488_n7411_3_f5.png,data/science/v488_n7411_3_f5.png,exact,S,80.4,10,186.04444444444445,13.639811012050147,0,1,1,1,1,0,0,0,0,0,0,9,5,3,12,5,1,0,1,0,1,0,0,1,0,1,1,0,0
4319,4319.png,vis595.png,data/vis3/vis595.png,exact,I,48.7,10,386.23333333333335,19.652819984249927,0,0,1,1,1,1,0,0,0,0,1,3,2,5,4,3,1,0,1,0,0,0,0,0,1,0,1,0,0
4320,4320.png,v487_n7407_13_f1.png,data/science/v487_n7407_13_f1.png,exact,S,75.5,10,324.72222222222223,18.02005056103401,0,0,1,1,1,0,1,0,0,0,0,4,3,1,8,1,1,0,0,0,1,0,0,0,0,0,0,0,0
4321,4321.png,economist_daily_chart_202.png,data/news/economist_daily_chart_202.png,exact,N,28.3,10,274.9,16.58010856418015,0,1,1,1,1,1,0,0,0,0,0,2,2,1,1,1,0,0,0,0,0,0,0,0,0,1,0,0,0
4322,4322.png,economist_daily_chart_216.png,data/news/economist_daily_chart_216.png,exact,N,27.4,10,112.71111111111111,10.616548926610337,0,0,1,1,0,1,1,0,0,0,1,4,8,1,8,1,1,0,1,0,0,0,0,0,0,0,0,0,0
4323,4323.png,treasuryJ03_3.png,data/government/treasuryJ03_3.png,exact,G,28.0,10,467.3333333333333,21.61789382278795,0,1,1,1,0,1,1,0,0,0,0,3,2,1,1,2,0,0,1,0,0,0,0,1,0,0,0,0,0
4324,4324.png,vis581.png,data/vis3/vis581.png,exact,I,60.2,10,270.1777777777778,16.437085440484204,0,0,1,1,1,1,0,0,0,0,0,6,1,1,3,2,1,0,0,1,1,0,0,0,0,0,0,0,0
4325,4325.png,v488_n7410_3_f5.png,data/science/v488_n7410_3_f5.png,exact,S,77.4,10,298.0444444444444,17.263963752407626,0,1,1,1,1,0,1,0,0,0,0,6,4,3,9,4,1,0,1,0,1,1,0,0,0,1,0,0,0
4326,4326.png,vis30.png,data/vis2/vis30.png,exact,I,41.8,10,208.17777777777778,14.428367120980038,0,0,1,1,1,1,1,0,0,0,1,3,1,1,1,3,0,1,0,0,0,0,0,0,1,1,0,0,0
4327,4327.png,wsj380.png,data/news/wsj380.png,exact,N,17.2,10,577.0666666666666,24.022211943671355,0,0,0,1,1,1,0,0,0,0,1,3,2,1,1,1,0,0,1,0,0,0,0,0,0,0,0,0,0
4328,4328.png,v490_n7418_19_f2.png,data/science/v490_n7418_19_f2.png,exact,S,73.9,10,461.43333333333334,21.48099935602004,0,0,0,1,1,1,0,0,0,0,0,5,2,3,6,1,1,0,0,0,1,0,0,0,0,0,0,0,0
4329,4329.png,np_49.png,data/news/np_49.png,exact,N,72.6,10,581.1555555555556,24.107168136377105,0,1,1,1,1,1,1,1,0,0,1,6,5,5,5,5,1,0,1,0,1,0,0,0,1,1,1,0,0
4330,4330.png,vis18.png,data/vis2/vis18.png,exact,I,55.8,10,309.06666666666666,17.58029199605816,0,1,1,1,0,1,0,0,0,0,1,8,0,2,1,1,0,0,0,0,0,0,0,0,0,0,1,0,0
4331,4331.png,v485_n7400_3_f2.png,data/science/v485_n7400_3_f2.png,exact,S,71.4,10,80.93333333333334,8.99629553390357,0,1,1,1,1,0,0,0,0,0,0,6,5,5,29,3,1,0,1,0,1,0,0,1,0,0,0,0,0
4332,4332.png,whoK17_1.png,data/government/whoK17_1.png,exact,G,19.2,10,514.6222222222221,22.685286469917504,0,1,1,1,1,1,0,0,0,0,0,2,2,1,1,1,0,0,1,0,0,0,0,0,0,0,0,0,0
4333,4333.png,v490_n7420_23_f1.png,data/science/v490_n7420_23_f1.png,exact,S,57.9,10,357.65555555555557,18.911783510699237,0,1,1,1,1,0,0,0,0,0,0,3,2,3,4,2,1,0,0,0,1,0,0,0,0,1,0,0,0
4334,4334.png,whoQ46_3.png,data/government/whoQ46_3.png,exact,G,24.0,10,340.8888888888889,18.46317656550164,0,1,1,1,0,0,1,0,0,0,0,3,2,1,1,1,0,1,0,0,0,0,0,0,0,0,0,0,0
4335,4335.png,whoN26.png,data/government/whoN26.png,exact,G,47.4,10,501.15555555555557,22.38650387076007,0,1,1,1,0,1,1,0,1,0,1,6,18,2,1,1,0,0,0,0,0,0,0,0,0,0,1,0,0
4336,4336.png,v488_n7409_18_f1.png,data/science/v488_n7409_18_f1.png,exact,S,71.5,10,397.6111111111111,19.94018834191671,0,1,1,1,1,0,1,0,0,0,0,12,8,4,9,5,1,1,0,0,1,1,0,1,0,1,0,0,0
4337,4337.png,vis230.png,data/vis2/vis230.png,exact,I,53.1,10,426.9888888888889,20.663709465845887,0,0,1,0,1,1,1,0,0,0,0,9,2,1,2,1,0,0,1,0,0,0,0,0,0,0,0,0,0
4338,4338.png,visMost365.png,data/vis1/visMost365.png,exact,I,71.3,10,449.1222222222222,21.192503915824158,0,1,1,1,1,1,0,0,0,0,1,6,6,4,11,3,1,0,0,1,1,0,0,0,0,0,1,0,0
4339,4339.png,wsj357.png,data/news/wsj357.png,exact,N,11.4,10,152.71111111111114,12.357633718115743,0,0,1,1,0,1,0,0,0,0,1,2,2,0,1,1,0,0,1,0,0,0,0,0,0,0,0,0,0
4340,4340.png,wsj431.png,data/news/wsj431.png,exact,N,37.9,10,411.65555555555557,20.28929657616438,0,0,0,1,1,1,1,1,0,0,1,6,1,3,1,1,0,0,0,0,0,0,0,0,1,0,0,0,0
4341,4341.png,visMost403.png,data/vis1/visMost403.png,exact,I,33.5,10,525.6111111111111,22.926210134060778,0,0,0,1,1,1,0,0,0,0,1,7,0,1,1,1,0,0,0,0,1,0,0,0,0,0,0,0,0
4342,4342.png,vis556.png,data/vis3/vis556.png,exact,I,60.7,10,99.78888888888889,9.989438867568532,0,0,1,1,1,1,0,0,0,0,1,3,2,5,4,3,1,0,1,0,1,0,0,0,0,0,1,0,0
4343,4343.png,v485_n7397_26_f3.png,data/science/v485_n7397_26_f3.png,exact,S,38.6,10,597.1555555555556,24.4367664709461,0,1,1,0,0,1,0,0,1,1,1,0,6,4,1,1,0,0,0,0,0,0,0,0,0,0,1,0,0
4344,4344.png,visMost417.png,data/vis1/visMost417.png,exact,I,33.0,10,310.44444444444446,17.61943371520335,0,0,1,1,0,1,0,0,0,0,1,1,1,1,1,2,0,0,0,0,1,0,0,0,0,0,1,0,0
4345,4345.png,vis542.png,data/vis3/vis542.png,exact,I,50.7,10,600.6777777777778,24.508728603862295,0,0,1,1,0,1,0,0,0,0,1,5,1,1,1,1,0,0,0,0,0,0,0,0,0,0,1,0,0
4346,4346.png,treasuryI02_3.png,data/government/treasuryI02_3.png,exact,G,17.8,10,255.0666666666667,15.970806700560454,0,1,1,1,0,1,1,0,0,0,0,2,2,1,1,1,0,0,0,0,0,0,0,1,0,0,0,0,0
4347,4347.png,wsj425.png,data/news/wsj425.png,exact,N,21.4,10,381.15555555555557,19.523205565571335,0,1,1,1,1,1,0,0,0,0,1,4,2,1,1,1,0,0,0,0,0,0,0,0,0,1,0,0,0
4348,4348.png,v487_n7408_4_f1.png,data/science/v487_n7408_4_f1.png,exact,S,55.2,10,403.06666666666666,20.07652028282458,0,1,1,1,1,0,1,0,0,0,0,8,6,0,3,2,1,0,0,0,0,0,0,1,0,1,0,0,0
4349,4349.png,wsj343.png,data/news/wsj343.png,exact,N,29.1,10,276.3222222222222,16.622942646301293,0,0,1,1,1,1,0,0,0,0,1,5,1,2,1,1,0,0,1,0,0,0,0,0,0,0,0,0,0
4350,4350.png,v483_n7390_8_f4.png,data/science/v483_n7390_8_f4.png,exact,S,65.4,10,357.8222222222222,18.916189421292604,0,1,1,0,0,0,1,0,0,0,0,3,4,1,2,3,1,1,0,0,0,0,0,1,0,1,0,0,0
4351,4351.png,vis224.png,data/vis2/vis224.png,exact,I,50.5,10,281.6111111111111,16.781272630855835,0,1,1,1,1,1,0,0,0,0,1,6,7,1,1,2,0,0,0,1,0,1,0,0,0,0,0,0,0
4352,4352.png,visMost371.png,data/vis1/visMost371.png,exact,I,33.7,10,311.34444444444443,17.644955212310528,0,0,1,0,1,0,0,0,0,0,0,2,0,2,1,1,0,0,0,0,0,0,0,0,0,0,0,0,1
4353,4353.png,v486_n7401_9_f1.png,data/science/v486_n7401_9_f1.png,exact,S,54.2,10,831.5111111111111,28.835934372083578,0,1,1,1,0,0,1,0,0,1,0,0,4,1,2,1,1,0,0,0,0,0,0,0,0,1,0,0,0
4354,4354.png,vis8.png,data/vis2/vis8.png,exact,I,36.2,10,323.9555555555556,17.99876538975814,0,0,1,1,1,1,0,0,0,0,1,4,1,2,3,1,1,0,1,0,0,0,0,0,0,0,0,0,0
4355,4355.png,v489_n7415_8_f2.png,data/science/v489_n7415_8_f2.png,exact,S,48.6,10,884.4888888888888,29.740357914606353,0,0,1,0,1,0,0,0,0,0,1,1,0,1,1,1,0,0,0,0,1,0,0,0,0,0,0,0,0
4356,4356.png,v484_n7394_1_f1.png,data/science/v484_n7394_1_f1.png,exact,S,55.7,10,554.9,23.556315501368204,0,1,1,1,1,0,1,0,0,1,0,0,5,3,3,2,1,0,1,0,0,0,0,0,0,1,0,0,0
4357,4357.png,visMost359.png,data/vis1/visMost359.png,exact,I,38.6,10,595.3777777777777,24.400364296005453,0,0,1,1,1,1,0,0,0,0,1,27,3,3,3,2,1,0,0,1,0,0,0,0,0,0,1,0,0
4358,4358.png,v488_n7410_14_f2.png,data/science/v488_n7410_14_f2.png,exact,S,49.4,10,505.82222222222225,22.490491818148893,0,1,1,0,0,0,1,1,0,0,0,10,4,0,2,3,1,0,0,0,0,0,1,1,1,0,0,0,0
4359,4359.png,v483_n7389_10_f4.png,data/science/v483_n7389_10_f4.png,exact,S,49.6,10,770.9333333333334,27.76568625720123,0,0,0,1,1,0,0,0,0,0,0,4,1,1,4,1,1,0,0,0,1,0,0,0,0,0,0,0,0
4360,4360.png,wsj419.png,data/news/wsj419.png,exact,N,31.2,10,149.2888888888889,12.21838323547305,0,0,1,1,1,1,0,0,0,0,1,4,2,0,1,1,0,0,0,0,0,0,0,1,0,0,0,0,0
4361,4361.png,whoH16_1.png,data/government/whoH16_1.png,exact,G,5.2,10,61.06666666666667,7.814516406449389,0,1,1,1,1,0,0,0,0,0,0,1,1,1,1,1,1,0,1,0,0,0,0,0,0,0,0,0,0
4362,4362.png,v484_n7395_1_f1.png,data/science/v484_n7395_1_f1.png,exact,S,90.5,10,66.27777777777777,8.14111649454654,0,1,1,1,1,0,0,0,0,0,0,6,5,4,12,5,1,0,1,0,1,1,0,1,0,1,0,0,0
4363,4363.png,vis218.png,data/vis2/vis218.png,exact,I,48.3,10,632.2333333333333,25.14425050251714,0,0,1,1,1,1,0,0,0,0,1,9,5,5,10,4,1,0,1,1,1,0,0,0,0,0,1,0,0
4364,4364.png,v485_n7396_20_f1.png,data/science/v485_n7396_20_f1.png,exact,S,82.9,10,251.87777777777777,15.87065776134618,0,1,1,1,1,0,1,0,0,0,0,11,15,5,13,3,1,0,1,0,0,1,0,0,0,1,0,0,0
4365,4365.png,v483_n7390_12_f2.png,data/science/v483_n7390_12_f2.png,exact,S,33.5,10,309.1666666666667,17.58313585987058,0,1,1,0,0,0,1,0,0,0,0,20,3,0,1,3,0,1,0,0,0,1,0,0,1,0,0,0,0
4366,4366.png,v483_n7388_18_f3.png,data/science/v483_n7388_18_f3.png,exact,S,82.6,10,342.48888888888894,18.50645533020543,0,1,1,1,1,1,1,0,0,0,0,1,8,4,13,3,1,0,1,0,0,1,0,0,0,0,1,0,0
4367,4367.png,vis525.png,data/vis3/vis525.png,exact,I,60.0,10,391.55555555555554,19.78776277287444,0,0,1,1,1,1,0,0,0,0,1,9,10,3,5,3,1,0,1,0,1,0,0,0,0,0,1,0,0
4368,4368.png,vis94.png,data/vis2/vis94.png,exact,I,43.7,10,369.1222222222222,19.212553766280582,0,0,0,1,1,1,1,1,0,0,0,4,6,1,1,2,1,0,1,0,0,1,0,0,0,0,0,0,0
4369,4369.png,visMost470.png,data/vis1/visMost470.png,exact,I,53.8,10,643.2888888888889,25.363140359365772,0,1,1,1,1,1,0,0,0,0,1,8,3,7,10,4,1,0,0,1,1,0,0,1,0,0,1,0,0
4370,4370.png,v483_n7388_5_f4.png,data/science/v483_n7388_5_f4.png,exact,S,63.4,10,626.9333333333334,25.038636810603993,0,0,1,1,1,0,0,0,0,0,0,8,0,1,4,1,1,0,0,0,1,0,0,0,0,0,0,0,0
4371,4371.png,wsj442.png,data/news/wsj442.png,exact,N,37.1,10,289.8777777777778,17.025797419732733,0,0,1,1,1,1,0,0,0,0,1,6,4,0,3,2,1,0,1,0,0,0,0,0,0,1,0,0,0
4372,4372.png,wsj324.png,data/news/wsj324.png,exact,N,42.5,10,344.05555555555554,18.54873460793365,0,0,1,1,0,1,1,0,0,0,1,4,4,2,3,3,1,0,1,0,0,0,0,1,0,1,0,0,0
4373,4373.png,v487_n7407_21_f3.png,data/science/v487_n7407_21_f3.png,exact,S,76.3,10,332.9,18.245547402037573,0,1,1,1,0,0,1,0,0,0,0,3,3,5,9,3,0,0,1,0,0,1,0,0,0,0,1,0,0
4374,4374.png,visMost316.png,data/vis1/visMost316.png,exact,I,46.6,10,518.2666666666667,22.76547093004374,0,0,0,1,1,1,1,0,0,0,1,4,3,6,8,3,1,1,1,1,0,0,0,0,0,0,0,0,0
4375,4375.png,vis243.png,data/vis2/vis243.png,exact,I,55.8,10,491.9555555555556,22.180071135042727,0,0,1,1,1,1,0,0,0,0,1,6,3,5,11,3,1,0,1,0,1,0,0,0,0,0,1,0,0
4376,4376.png,visMost302.png,data/vis1/visMost302.png,exact,I,51.4,10,469.82222222222225,21.67538286218313,0,0,1,1,1,1,0,0,0,0,1,7,1,2,1,1,0,0,0,0,1,0,0,0,0,0,0,0,0
4377,4377.png,vis257.png,data/vis2/vis257.png,exact,I,41.6,10,481.8222222222222,21.950449248756215,0,0,1,1,1,1,1,0,0,0,1,8,6,1,4,2,1,0,1,1,0,0,0,0,0,0,0,0,0
4378,4378.png,wsj330.png,data/news/wsj330.png,exact,N,32.0,10,492.6666666666667,22.19609575278199,0,0,1,1,1,1,0,0,0,0,1,3,3,0,2,2,1,0,1,0,0,0,0,1,0,0,0,0,0
4379,4379.png,wsj456.png,data/news/wsj456.png,exact,N,32.5,10,387.3888888888889,19.68219725764603,0,0,1,1,1,1,0,0,0,0,1,4,3,0,3,1,1,0,0,0,0,0,0,1,0,0,0,0,0
4380,4380.png,vis531.png,data/vis3/vis531.png,exact,I,80.9,10,323.65555555555557,17.99042955450357,0,0,1,1,1,1,1,1,0,0,1,5,2,3,1,3,0,0,1,0,1,0,0,0,0,1,0,0,0
4381,4381.png,vis80.png,data/vis2/vis80.png,exact,I,57.0,10,993.7777777777778,31.524241113431707,0,0,1,1,1,1,0,0,0,0,1,10,11,2,2,4,1,1,0,0,1,0,0,0,0,1,1,0,0
4382,4382.png,visMost464.png,data/vis1/visMost464.png,exact,I,41.9,10,503.43333333333334,22.437320101414368,0,0,0,1,0,1,1,0,0,0,1,9,1,1,4,3,1,1,0,0,0,0,0,0,1,1,0,0,0
4383,4383.png,vis519.png,data/vis3/vis519.png,exact,I,48.6,10,388.93333333333334,19.72139278381051,0,0,1,1,1,1,0,0,0,0,1,3,4,2,5,3,1,0,0,1,1,0,0,0,0,0,1,0,0
4384,4384.png,v485_n7400_18_f3.png,data/science/v485_n7400_18_f3.png,exact,S,76.3,10,271.34444444444443,16.472536065962778,0,1,1,1,1,0,1,0,0,0,0,5,2,2,20,2,1,0,1,0,1,0,0,0,0,0,0,0,0
4385,4385.png,v484_n7393_11_f4.png,data/science/v484_n7393_11_f4.png,exact,S,45.4,10,356.0444444444444,18.8691400027782,0,1,1,1,1,0,0,0,0,0,0,2,6,0,3,1,1,0,0,0,0,0,0,0,0,1,0,0,0
4386,4386.png,whoJ29_1.png,data/government/whoJ29_1.png,exact,G,31.8,10,160.17777777777778,12.656135973423238,0,1,1,1,0,1,1,0,0,0,0,2,1,2,1,1,0,0,1,0,0,0,0,0,0,0,0,0,0
4387,4387.png,wsj318.png,data/news/wsj318.png,exact,N,41.6,10,284.0444444444444,16.853618141053406,0,1,1,1,1,1,0,0,0,0,1,3,5,1,4,2,1,0,1,0,0,0,0,1,0,0,0,0,0
4388,4388.png,v488_n7412_11_f2.png,data/science/v488_n7412_11_f2.png,exact,S,75.7,10,502.23333333333335,22.410562985639906,0,1,1,1,1,0,0,0,0,0,0,7,2,6,6,3,1,0,1,0,0,1,0,0,0,0,1,0,0
4389,4389.png,v484_n7392_19_f3.png,data/science/v484_n7392_19_f3.png,exact,S,89.6,10,88.93333333333334,9.430447143870397,0,1,1,1,1,0,1,0,0,0,0,8,5,3,22,3,1,0,1,0,1,1,0,0,0,0,0,0,0
4390,4390.png,v490_n7420_11_f3.png,data/science/v490_n7420_11_f3.png,exact,S,54.6,10,258.7111111111111,16.084499094193486,0,1,1,1,0,0,1,1,0,0,0,7,3,1,2,3,1,0,0,0,0,0,0,1,1,1,0,0,0
4391,4391.png,visMost458.png,data/vis1/visMost458.png,exact,I,48.3,10,439.12222222222226,20.955243310976428,0,0,1,1,1,1,0,0,0,0,1,15,1,3,2,1,1,0,0,0,0,0,0,0,0,0,1,0,0
4392,4392.png,whoP19.png,data/government/whoP19.png,exact,G,10.9,10,179.43333333333334,13.39527279801846,0,0,1,1,0,0,0,0,1,0,0,1,0,1,1,1,0,0,0,0,0,0,0,0,0,0,1,0,0
4393,4393.png,economist_daily_chart_271.png,data/news/economist_daily_chart_271.png,exact,N,26.5,10,590.0555555555555,24.29105916907609,0,0,1,1,0,1,0,0,0,0,1,3,1,1,1,1,0,0,1,0,0,0,0,0,0,0,0,0,0
4394,4394.png,wsj481.png,data/news/wsj481.png,exact,N,16.8,10,148.4,12.181953866272849,0,0,1,1,1,1,0,0,0,0,1,3,1,1,1,1,0,0,1,0,0,0,0,0,0,0,0,0,0
4395,4395.png,v488_n7411_20_f2.png,data/science/v488_n7411_20_f2.png,exact,S,77.8,10,627.9555555555555,25.059041393388444,0,0,0,1,1,0,0,0,0,0,0,7,0,2,6,1,1,0,0,0,1,0,0,0,0,0,0,0,0
4396,4396.png,vis57.png,data/vis2/vis57.png,exact,I,49.1,10,642.9888888888888,25.35722557554136,0,1,1,1,1,1,0,0,0,0,1,3,4,1,4,3,1,0,1,0,0,0,0,0,1,0,1,0,0
4397,4397.png,v489_n7417_1_f6.png,data/science/v489_n7417_1_f6.png,exact,S,58.9,10,534.3222222222222,23.11541092479695,0,1,1,1,0,0,0,0,0,0,0,2,2,0,4,1,1,0,0,0,0,0,0,0,0,1,0,0,0
4398,4398.png,whoN23_2.png,data/government/whoN23_2.png,exact,G,12.9,10,124.32222222222222,11.14998754359045,0,1,1,1,0,0,0,0,0,0,0,1,1,1,1,1,0,0,1,0,0,0,0,0,0,0,0,0,0
4399,4399.png,vis280.png,data/vis2/vis280.png,exact,I,46.0,10,390.0,19.748417658131498,0,0,1,1,1,1,1,0,0,0,1,1,7,2,4,3,1,0,0,0,1,0,0,0,0,1,1,0,0
4400,4400.png,v482_n7386_13_f3.png,data/science/v482_n7386_13_f3.png,exact,S,73.4,10,637.8222222222222,25.255142490633908,0,1,1,1,0,0,1,0,0,0,0,8,4,6,18,3,1,0,1,0,1,0,0,0,0,1,0,0,0
4401,4401.png,economist_daily_chart_517.png,data/news/economist_daily_chart_517.png,exact,N,21.5,10,584.0555555555555,24.167241372476827,0,1,1,1,0,1,0,0,0,0,1,3,3,0,1,1,0,0,0,0,0,0,0,1,0,0,0,0,0
4402,4402.png,v486_n7404_4_f4.png,data/science/v486_n7404_4_f4.png,exact,S,62.2,10,234.62222222222223,15.317383008275996,0,1,1,1,0,0,1,0,0,0,0,2,7,1,6,1,1,0,0,0,0,0,0,1,0,0,0,0,0
4403,4403.png,np_12.png,data/news/np_12.png,exact,N,78.0,10,275.77777777777777,16.6065582761082,0,0,1,1,1,1,1,1,0,0,0,7,8,7,20,4,1,1,0,0,1,0,0,0,1,0,0,0,1
4404,4404.png,v487_n7405_16_f1.png,data/science/v487_n7405_16_f1.png,exact,S,80.3,10,316.9,17.80168531347524,0,1,1,1,1,0,1,1,0,0,0,8,7,4,13,3,1,1,0,0,1,0,0,1,0,0,0,0,0
4405,4405.png,v485_n7397_14_f1.png,data/science/v485_n7397_14_f1.png,exact,S,62.6,10,388.7111111111111,19.715757939047414,0,1,1,1,1,0,1,0,0,0,0,2,6,4,6,2,1,0,1,0,0,1,0,0,0,0,0,0,0
4406,4406.png,v489_n7416_1_f6.png,data/science/v489_n7416_1_f6.png,exact,S,65.0,10,316.0,17.776388834631177,0,1,1,1,1,0,1,0,0,0,0,6,3,1,2,2,1,1,0,0,0,0,0,0,0,1,0,0,0
4407,4407.png,economist_daily_chart_503.png,data/news/economist_daily_chart_503.png,exact,N,37.5,10,482.27777777777777,21.960823704446465,0,0,1,1,1,1,0,0,0,0,1,3,2,1,1,1,0,0,1,0,0,0,0,0,0,0,0,0,0
4408,4408.png,vis294.png,data/vis2/vis294.png,exact,I,47.1,10,699.4333333333333,26.44680194907001,0,0,1,1,1,0,1,1,0,0,1,6,2,2,6,4,1,1,1,0,0,0,0,0,1,1,0,0,0
4409,4409.png,vis43.png,data/vis2/vis43.png,exact,I,41.0,10,347.77777777777777,18.648800974265818,0,0,1,1,1,1,0,0,0,0,1,7,1,4,3,3,1,0,1,0,0,0,0,0,0,0,1,1,0
4410,4410.png,economist_daily_chart_265.png,data/news/economist_daily_chart_265.png,exact,N,21.6,10,389.15555555555557,19.727026019031747,0,0,1,1,1,1,1,0,0,0,1,4,2,2,1,1,0,0,0,0,0,0,0,1,0,0,0,0,0
4411,4411.png,wsj495.png,data/news/wsj495.png,exact,N,55.4,10,267.82222222222225,16.365274889907052,0,0,1,1,1,1,1,0,0,0,1,9,5,4,4,3,1,0,1,0,0,1,0,1,0,0,0,0,0
4412,4412.png,whoQ41_2.png,data/government/whoQ41_2.png,exact,G,15.3,10,137.34444444444443,11.71940461134628,0,0,1,1,0,0,0,0,0,0,0,1,1,1,1,1,0,0,1,0,0,0,0,0,0,0,0,0,0
4413,4413.png,v485_n7399_1_f4.png,data/science/v485_n7399_1_f4.png,exact,S,68.4,10,424.93333333333334,20.613911160508415,0,1,1,1,0,1,1,0,0,0,0,7,2,4,10,2,1,0,0,0,0,1,0,1,0,0,0,0,0
4414,4414.png,v490_n7420_6_f2.png,data/science/v490_n7420_6_f2.png,exact,S,59.7,10,683.3444444444444,26.140857760303973,0,1,1,1,1,0,0,0,0,0,0,1,2,0,2,1,1,0,0,0,0,0,0,0,0,1,0,0,0
4415,4415.png,v485_n7398_1_f4.png,data/science/v485_n7398_1_f4.png,exact,S,56.8,10,859.9555555555555,29.324998815951478,0,0,1,1,1,0,0,0,0,0,0,9,1,2,4,1,0,0,0,0,1,0,0,0,0,0,0,0,0
4416,4416.png,whoQ22_1.png,data/government/whoQ22_1.png,exact,G,28.8,10,547.0666666666667,23.389456314046008,0,1,1,1,0,1,1,0,0,0,0,4,2,1,1,1,0,0,1,0,0,0,0,0,0,0,0,0,0
4417,4417.png,economist_daily_chart_259.png,data/news/economist_daily_chart_259.png,exact,N,55.7,10,310.0111111111111,17.607132393184052,0,0,1,1,0,1,1,1,0,0,1,5,4,2,2,2,1,0,1,0,0,0,0,1,0,0,0,0,0
4418,4418.png,v485_n7396_12_f3.png,data/science/v485_n7396_12_f3.png,exact,S,43.8,10,402.1777777777778,20.054370540552448,0,1,1,1,1,0,1,0,0,0,0,3,3,1,4,1,1,0,0,0,0,0,0,1,0,0,0,0,0
4419,4419.png,whoQ52_8.png,data/government/whoQ52_8.png,exact,G,23.0,10,500.6666666666667,22.37558192911788,0,0,1,1,0,0,1,0,0,0,0,2,1,2,1,1,0,0,1,0,0,0,0,0,0,0,0,0,0
4420,4420.png,visMost114.png,data/vis1/visMost114.png,exact,I,64.4,10,670.0444444444444,25.885216716196222,0,0,1,1,1,1,0,0,0,0,1,5,1,2,1,1,0,0,0,0,1,0,0,0,0,0,0,0,0
4421,4421.png,wsj126.png,data/news/wsj126.png,exact,N,46.6,10,287.3777777777778,16.952220437977374,0,0,1,1,0,1,1,0,0,0,1,2,4,1,3,3,1,1,1,0,0,0,0,0,0,1,0,0,0
4422,4422.png,visMost672.png,data/vis1/visMost672.png,exact,I,34.0,10,550.6666666666666,23.46628787573072,0,0,0,1,1,1,1,0,0,0,0,4,2,2,2,2,0,0,0,0,0,0,0,0,1,0,1,0,0
4423,4423.png,whoK31.png,data/government/whoK31.png,exact,G,37.8,10,337.2888888888889,18.365426455404975,0,0,0,0,0,0,1,0,0,0,0,10,0,1,1,1,0,0,0,0,0,0,0,0,1,0,0,0,0
4424,4424.png,vis727.png,data/vis3/vis727.png,exact,I,41.3,10,325.7888888888889,18.04962295697306,0,0,1,1,1,1,0,0,0,0,1,3,2,2,1,2,1,0,0,0,1,0,0,0,0,0,1,0,0
4425,4425.png,v484_n7393_1_f3.png,data/science/v484_n7393_1_f3.png,exact,S,75.0,10,504.8888888888889,22.46973272847029,0,0,1,1,1,0,0,0,0,0,0,7,4,1,5,2,1,0,1,0,1,0,0,0,0,0,0,0,0
4426,4426.png,visMost666.png,data/vis1/visMost666.png,exact,I,47.9,10,513.2111111111111,22.654163218073432,0,0,1,1,1,1,0,0,0,0,1,3,4,3,3,1,1,0,0,0,1,0,0,0,0,0,0,0,0
4427,4427.png,vis733.png,data/vis3/vis733.png,exact,I,66.6,10,438.4888888888889,20.94012628636439,0,0,1,1,1,1,0,0,0,0,1,2,4,2,2,2,1,0,0,0,1,0,0,0,0,0,1,0,0
4428,4428.png,v484_n7392_1_f3.png,data/science/v484_n7392_1_f3.png,exact,S,55.7,10,330.6777777777778,18.184547774904324,0,1,1,1,1,0,0,0,0,0,0,8,5,2,2,3,1,1,0,0,0,0,0,1,0,1,0,0,0
4429,4429.png,v483_n7390_18_f4.png,data/science/v483_n7390_18_f4.png,exact,S,61.4,10,496.93333333333334,22.29200155511688,0,1,1,1,0,0,0,0,0,0,0,3,2,4,12,2,1,0,0,0,1,1,0,0,0,0,0,0,0
4430,4430.png,v488_n7411_16_f3.png,data/science/v488_n7411_16_f3.png,exact,S,71.5,10,1094.2777777777778,33.07986967594911,0,1,1,1,1,0,1,0,0,0,0,6,3,4,9,3,1,0,1,0,1,0,0,0,0,1,0,0,0
4431,4431.png,wsj132.png,data/news/wsj132.png,exact,N,44.0,10,455.1111111111111,21.333333333333332,0,0,1,1,1,1,1,0,0,0,1,7,3,1,2,2,1,0,1,0,0,0,0,1,0,0,0,0,0
4432,4432.png,v485_n7399_13_f3.png,data/science/v485_n7399_13_f3.png,exact,S,38.1,10,299.8777777777778,17.316979464611542,0,1,1,0,0,0,1,0,0,1,0,0,2,1,1,1,0,0,0,0,0,0,0,0,0,1,0,0,0
4433,4433.png,visMost100.png,data/vis1/visMost100.png,exact,I,33.9,10,648.9888888888888,25.4752603301495,0,0,0,1,1,1,0,0,0,0,1,4,0,1,1,1,0,0,0,0,1,0,0,0,0,0,0,0,0
4434,4434.png,whoH13_2.png,data/government/whoH13_2.png,exact,G,18.4,10,314.26666666666665,17.727567985109143,0,0,1,1,1,0,0,0,0,0,0,3,1,2,1,1,1,0,1,0,0,0,0,0,0,0,0,0,0
4435,4435.png,v483_n7390_16_f1.png,data/science/v483_n7390_16_f1.png,exact,S,67.2,10,874.4,29.570255325241952,0,1,1,1,0,0,1,1,0,0,0,7,1,4,10,2,1,0,1,0,1,0,0,0,0,0,0,0,0
4436,4436.png,v485_n7396_24_f2.png,data/science/v485_n7396_24_f2.png,exact,S,63.6,10,523.3777777777777,22.877451295495696,0,1,1,1,0,0,0,0,0,0,0,1,2,0,9,1,1,0,0,0,0,0,0,0,0,1,0,0,0
4437,4437.png,economist_daily_chart_88.png,data/news/economist_daily_chart_88.png,exact,N,57.9,10,433.2111111111111,20.813724104809094,0,0,0,0,1,0,1,1,0,0,1,6,0,4,1,1,0,0,0,0,0,0,0,0,1,0,0,0,0
4438,4438.png,visMost128.png,data/vis1/visMost128.png,exact,I,80.7,10,175.56666666666666,13.250157231771503,0,0,1,1,1,1,0,0,0,0,1,9,0,7,5,1,1,0,0,0,0,0,0,0,0,0,1,0,0
4439,4439.png,visMost33.png,data/vis1/visMost33.png,exact,I,53.2,10,805.5111111111112,28.3815276387849,0,0,1,1,1,1,0,0,0,0,1,42,3,13,2,4,1,1,1,1,0,1,0,0,0,0,0,0,0
4440,4440.png,v485_n7398_15_f1.png,data/science/v485_n7398_15_f1.png,exact,S,62.9,10,401.8777777777778,20.046889478863744,0,0,1,1,1,0,0,0,0,0,0,4,4,3,6,1,1,0,0,0,0,1,0,0,0,0,0,0,0
4441,4441.png,v488_n7410_10_f1.png,data/science/v488_n7410_10_f1.png,exact,S,65.0,10,527.7777777777778,22.973414586817036,0,1,1,0,1,0,1,1,0,0,0,5,3,1,9,3,0,1,1,0,0,0,0,0,1,0,0,0,0
4442,4442.png,visMost27.png,data/vis1/visMost27.png,exact,I,45.5,10,557.6111111111111,23.61379069762225,0,0,1,1,1,1,0,0,0,0,0,25,0,2,1,2,1,0,0,0,1,0,0,0,0,0,1,0,0
4443,4443.png,v486_n7404_20_f6.png,data/science/v486_n7404_20_f6.png,exact,S,54.7,10,608.4555555555555,24.666891890863663,0,1,1,0,0,0,1,0,0,0,0,3,2,1,3,2,0,0,0,0,1,0,0,0,0,1,0,0,0
4444,4444.png,v484_n7394_5_f2.png,data/science/v484_n7394_5_f2.png,exact,S,34.4,10,836.9333333333334,28.929800091485827,0,1,1,0,1,0,1,0,0,1,0,0,3,1,1,1,0,0,0,0,0,0,0,1,0,0,0,0,0
4445,4445.png,economist_daily_chart_77.png,data/news/economist_daily_chart_77.png,exact,N,44.1,10,626.3222222222222,25.026430473046336,0,0,1,1,0,1,1,0,0,0,0,5,1,3,1,2,0,0,1,0,0,1,0,0,0,0,0,0,0
4446,4446.png,v488_n7413_21_f1.png,data/science/v488_n7413_21_f1.png,exact,S,63.8,10,179.2888888888889,13.389880092401459,0,1,1,1,0,0,1,0,0,1,0,0,7,3,4,1,1,0,0,0,0,0,0,0,0,1,0,0,0
4447,4447.png,v490_n7418_13_f4.png,data/science/v490_n7418_13_f4.png,exact,S,76.4,10,419.8222222222222,20.48956373918738,0,1,1,1,1,0,1,0,0,0,0,9,5,3,3,1,1,0,0,0,0,0,0,0,0,1,0,0,0
4448,4448.png,v489_n7414_15_f4.png,data/science/v489_n7414_15_f4.png,exact,S,83.4,10,223.82222222222222,14.960689229518211,0,0,1,1,1,0,1,0,0,0,0,11,5,4,5,3,1,0,1,0,0,1,0,0,0,0,0,0,1
4449,4449.png,v488_n7410_7_f6.png,data/science/v488_n7410_7_f6.png,exact,S,61.2,10,432.4,20.79422996891205,0,1,1,1,1,0,1,0,0,0,0,6,12,2,4,2,1,0,0,0,0,0,0,1,0,1,0,0,0
4450,4450.png,v487_n7407_17_f2.png,data/science/v487_n7407_17_f2.png,exact,S,65.9,10,682.9888888888889,26.134056112453898,0,1,1,1,1,0,1,0,0,0,0,3,4,1,5,2,1,0,0,0,0,0,0,0,1,1,0,0,0
4451,4451.png,vis928.png,data/vis3/vis928.png,exact,I,63.6,10,166.04444444444445,12.88582339023954,0,0,1,1,1,1,0,0,0,0,1,7,0,6,3,2,1,0,0,0,1,0,0,0,0,0,1,0,0
4452,4452.png,economist_daily_chart_63.png,data/news/economist_daily_chart_63.png,exact,N,54.7,10,540.9,23.257256931977167,0,0,1,1,1,1,1,1,0,0,0,10,3,2,2,3,1,1,1,0,0,0,0,0,1,0,0,0,0
4453,4453.png,v484_n7394_15_f4.png,data/science/v484_n7394_15_f4.png,exact,S,76.7,10,589.1222222222223,24.27184010787444,0,1,1,1,1,0,1,0,0,0,0,9,6,8,18,3,1,0,1,1,1,0,0,0,0,0,0,0,0
4454,4454.png,v488_n7411_9_f3.png,data/science/v488_n7411_9_f3.png,exact,S,46.2,10,381.06666666666666,19.52092893964492,0,1,1,1,0,0,1,1,0,0,0,3,4,0,2,2,1,1,0,0,0,0,0,0,0,1,0,0,0
4455,4455.png,whoK12_2.png,data/government/whoK12_2.png,exact,G,40.0,10,542.6666666666666,23.295206946208197,0,0,0,1,0,1,1,0,0,0,0,4,0,1,1,1,0,0,0,0,0,0,0,0,1,0,0,0,0
4456,4456.png,v485_n7400_7_f1.png,data/science/v485_n7400_7_f1.png,exact,S,65.4,10,305.15555555555557,17.468702171470998,0,1,1,1,1,0,0,0,0,0,0,9,4,2,2,1,1,0,0,0,1,0,0,0,0,0,0,0,0
4457,4457.png,v487_n7408_20_f3.png,data/science/v487_n7408_20_f3.png,exact,S,83.5,10,257.8333333333333,16.05718945934603,0,1,1,1,1,0,0,0,0,0,0,6,2,2,8,2,1,0,0,0,0,1,0,0,1,0,0,0,0
4458,4458.png,whoC14_2.png,data/government/whoC14_2.png,exact,G,22.6,10,133.82222222222222,11.56815552377397,0,1,1,1,0,0,0,0,0,0,1,1,2,2,1,1,1,0,0,0,0,0,0,0,0,0,1,0,0
4459,4459.png,vis900.png,data/vis3/vis900.png,exact,I,57.1,10,355.43333333333334,18.852939646997584,0,0,1,1,1,1,0,0,0,0,1,8,4,3,4,4,1,0,1,1,1,0,0,0,0,0,1,0,0
4460,4460.png,visMost699.png,data/vis1/visMost699.png,exact,I,54.8,10,590.1777777777778,24.293574824998025,0,0,1,1,1,1,0,0,0,0,1,8,12,4,1,3,1,0,1,0,1,0,0,0,0,0,1,0,0
4461,4461.png,vis914.png,data/vis3/vis914.png,exact,I,39.8,10,344.84444444444443,18.569987734095154,0,0,1,1,1,1,0,0,0,0,1,5,6,3,5,3,1,0,1,0,1,0,0,0,0,0,1,0,0
4462,4462.png,whoC32_1.png,data/government/whoC32_1.png,exact,G,32.1,10,814.7666666666667,28.544117899607034,0,0,0,1,0,1,1,0,0,0,0,3,0,1,1,1,1,0,0,0,0,0,0,0,1,0,0,0,0
4463,4463.png,whoQ20_3.png,data/government/whoQ20_3.png,exact,G,14.5,10,111.38888888888889,10.55409346599171,0,1,1,1,0,0,0,0,0,0,1,2,2,0,1,1,0,0,0,0,0,0,0,0,0,1,0,0,0
4464,4464.png,v485_n7398_19_f1.png,data/science/v485_n7398_19_f1.png,exact,S,84.7,10,260.6777777777778,16.1455188141409,0,1,1,1,1,0,1,0,0,0,0,6,9,3,11,5,1,0,1,0,1,1,0,1,0,1,0,0,0
4465,4465.png,vis135.png,data/vis2/vis135.png,exact,I,59.0,10,597.1111111111111,24.43585707748167,0,1,1,1,1,1,0,0,0,0,1,2,8,3,12,3,1,0,1,1,1,0,0,0,0,0,0,0,0
4466,4466.png,visMost706.png,data/vis1/visMost706.png,exact,I,46.3,10,434.4555555555555,20.843597471539205,0,0,1,1,1,1,0,0,0,0,0,3,0,2,5,2,1,0,0,0,1,0,0,0,0,0,1,0,0
4467,4467.png,vis647.png,data/vis3/vis647.png,exact,I,13.4,10,471.3777777777778,21.711236210261678,0,0,0,1,1,1,0,0,0,0,1,2,3,0,1,2,0,0,0,0,1,1,0,0,0,0,0,0,0
4468,4468.png,v484_n7392_3_f6.png,data/science/v484_n7392_3_f6.png,exact,S,38.3,10,378.6777777777778,19.459644852303388,0,1,1,1,1,0,0,0,0,0,0,3,2,2,2,2,1,0,1,1,0,0,0,0,0,0,0,0,0
4469,4469.png,whoL02_2.png,data/government/whoL02_2.png,exact,G,16.9,10,246.32222222222222,15.694655849116993,0,0,1,1,0,0,0,0,0,0,0,2,0,2,1,1,0,0,0,0,1,0,0,0,0,0,0,0,0
4470,4470.png,v489_n7416_20_f3.png,data/science/v489_n7416_20_f3.png,exact,S,80.7,10,252.23333333333332,15.881855475143114,0,1,1,1,1,0,1,0,0,0,0,9,9,6,10,4,1,0,1,0,0,1,0,1,0,1,0,0,0
4471,4471.png,v484_n7395_9_f2.png,data/science/v484_n7395_9_f2.png,exact,S,41.0,10,617.1111111111111,24.841721178515613,0,1,1,1,1,0,1,0,0,0,0,2,3,1,4,1,1,0,0,0,0,0,0,0,0,1,0,0,0
4472,4472.png,vis121.png,data/vis2/vis121.png,exact,I,50.4,10,378.7111111111111,19.460501306778074,0,0,0,1,1,1,0,0,0,0,1,7,6,3,8,1,1,0,0,0,1,0,0,0,0,0,0,0,0
4473,4473.png,vis109.png,data/vis2/vis109.png,exact,I,33.7,10,174.45555555555555,13.20816245946254,0,0,1,1,1,1,0,0,0,0,1,4,4,2,1,1,0,0,0,0,1,0,0,0,0,0,0,0,0
4474,4474.png,v483_n7387_2_f4.png,data/science/v483_n7387_2_f4.png,exact,S,70.1,10,439.8777777777778,20.97326340314682,0,1,1,1,1,0,0,0,0,0,0,11,2,2,4,4,1,0,0,0,1,1,0,1,0,0,1,0,0
4475,4475.png,v483_n7390_14_f4.png,data/science/v483_n7390_14_f4.png,exact,S,45.0,10,670.8888888888889,25.901522906749882,0,1,1,1,0,0,0,0,0,1,0,0,3,1,2,1,1,0,0,0,0,0,0,0,0,1,0,0,0
4476,4476.png,v488_n7409_10_f2.png,data/science/v488_n7409_10_f2.png,exact,S,68.5,10,549.3888888888889,23.439046245290974,0,1,1,1,1,0,0,0,0,0,0,4,2,4,15,3,0,0,1,0,0,1,0,0,0,1,0,0,0
4477,4477.png,whoK09_1.png,data/government/whoK09_1.png,exact,G,41.1,10,426.3222222222222,20.647571823878522,0,1,1,1,1,1,1,0,0,0,0,4,2,2,1,2,0,1,0,0,0,0,0,1,0,0,0,0,0
4478,4478.png,v486_n7404_22_f3.png,data/science/v486_n7404_22_f3.png,exact,S,48.9,10,458.5444444444444,21.413650890131848,0,0,0,1,0,0,1,0,0,0,0,23,2,0,9,2,1,0,0,1,0,1,0,0,0,0,0,0,0
4479,4479.png,v486_n7401_1_f2.png,data/science/v486_n7401_1_f2.png,exact,S,80.6,10,357.6,18.9103146457165,0,1,1,1,1,0,1,0,0,0,0,5,2,6,24,3,1,0,1,0,1,1,0,0,0,0,0,0,0
4480,4480.png,v483_n7389_16_f2.png,data/science/v483_n7389_16_f2.png,exact,S,67.8,10,892.4,29.873064790878086,0,1,1,1,1,0,1,0,0,0,0,7,5,7,10,3,1,0,1,0,0,0,0,1,0,1,0,0,0
4481,4481.png,whoQ58_3.png,data/government/whoQ58_3.png,exact,G,38.9,10,231.87777777777777,15.227533542165578,0,1,1,1,0,0,1,0,0,0,0,9,2,1,1,1,0,1,0,0,0,0,0,0,0,0,0,0,0
4482,4482.png,v484_n7395_11_f3.png,data/science/v484_n7395_11_f3.png,exact,S,53.5,10,475.6111111111111,21.808510061696353,0,0,1,0,1,0,1,0,0,0,1,7,4,1,1,3,0,1,0,0,0,1,0,0,1,0,0,0,0
4483,4483.png,vis848.png,data/vis3/vis848.png,exact,I,83.8,10,209.73333333333335,14.482172949296434,0,0,1,1,1,1,0,0,0,0,1,6,0,8,8,2,1,0,0,0,1,0,0,0,0,0,1,0,0
4484,4484.png,v488_n7413_23_f4.png,data/science/v488_n7413_23_f4.png,exact,S,42.7,10,658.9,25.66904750862408,0,1,1,1,0,0,1,0,0,1,0,0,3,2,2,2,0,0,1,0,0,0,0,0,0,1,0,0,0
4485,4485.png,vis690.png,data/vis3/vis690.png,exact,I,60.9,10,396.5444444444444,19.913423724825535,0,0,1,1,1,1,0,0,0,0,1,5,0,4,4,3,1,0,0,0,1,0,0,0,1,0,1,0,0
4486,4486.png,v490_n7418_11_f1.png,data/science/v490_n7418_11_f1.png,exact,S,40.9,10,478.76666666666665,21.88073734284717,0,1,1,1,1,0,0,0,0,0,0,3,4,1,3,1,1,0,0,0,0,0,0,1,0,0,0,0,0
4487,4487.png,economist_daily_chart_107.png,data/news/economist_daily_chart_107.png,exact,N,35.3,10,128.01111111111112,11.31419953470466,0,1,1,1,1,1,1,0,0,0,0,3,4,1,2,2,1,0,1,0,0,0,0,0,0,1,0,0,0
4488,4488.png,v488_n7411_5_f3.png,data/science/v488_n7411_5_f3.png,exact,S,54.1,10,834.1,28.880789462893844,0,1,1,1,0,0,1,1,0,0,0,4,19,2,2,2,1,0,0,0,0,0,0,1,0,1,0,0,0
4489,4489.png,v484_n7394_19_f4.png,data/science/v484_n7394_19_f4.png,exact,S,66.0,10,432.22222222222223,20.789954839350234,0,1,1,1,0,0,1,0,0,0,0,7,7,3,9,4,1,0,1,0,1,0,0,0,0,1,1,0,0
4490,4490.png,vis684.png,data/vis3/vis684.png,exact,I,20.4,10,244.4888888888889,15.636140472920065,0,0,1,0,1,0,0,0,0,1,1,0,4,2,2,1,0,0,0,0,1,0,0,0,0,0,0,0,0
4491,4491.png,v485_n7397_6_f4.png,data/science/v485_n7397_6_f4.png,exact,S,59.8,10,852.8444444444444,29.20350055120866,0,1,1,0,1,0,1,0,0,0,0,5,4,1,1,1,0,0,0,0,0,0,0,0,0,1,0,0,0
4492,4492.png,v485_n7397_8_f1.png,data/science/v485_n7397_8_f1.png,exact,S,73.5,10,235.83333333333334,15.356865999719258,0,0,1,1,1,0,0,0,0,0,0,7,1,0,9,2,1,0,0,0,1,1,0,0,0,0,0,0,0
4493,4493.png,v485_n7400_5_f4.png,data/science/v485_n7400_5_f4.png,exact,S,72.6,10,346.26666666666665,18.60824190155176,0,1,1,1,0,0,1,0,0,0,0,6,4,6,12,3,1,0,1,0,1,0,0,0,0,0,0,1,0
4494,4494.png,v489_n7415_11_f3.png,data/science/v489_n7415_11_f3.png,exact,S,64.8,10,422.84444444444443,20.563181768501792,0,1,1,0,1,0,1,0,0,0,0,4,5,3,4,1,1,0,0,0,0,0,0,1,0,0,0,0,0
4495,4495.png,v484_n7394_17_f1.png,data/science/v484_n7394_17_f1.png,exact,S,71.7,10,311.34444444444443,17.644955212310528,0,0,1,1,1,0,0,0,0,1,0,0,2,2,5,3,1,0,0,0,1,1,0,0,0,0,1,0,0
4496,4496.png,vis874.png,data/vis3/vis874.png,exact,I,55.7,10,574.2333333333333,23.963166179228764,0,1,1,1,1,1,0,0,0,0,0,2,6,5,6,4,1,0,1,0,1,0,0,0,1,0,1,0,0
4497,4497.png,treasuryL09_2.png,data/government/treasuryL09_2.png,exact,G,22.0,10,438.8888888888889,20.949675149960893,0,0,0,1,1,1,0,0,0,0,0,6,1,1,1,2,0,0,0,1,0,1,0,0,0,0,0,0,0
4498,4498.png,vis860.png,data/vis3/vis860.png,exact,I,31.0,10,542.6666666666666,23.295206946208197,0,0,0,1,1,1,0,0,0,0,1,5,1,1,2,2,1,0,0,0,1,0,0,0,0,0,1,0,0
4499,4499.png,v487_n7406_13_f5.png,data/science/v487_n7406_13_f5.png,exact,S,83.8,10,178.17777777777778,13.348324905312193,0,1,0,1,0,0,1,0,0,0,0,4,2,2,1,2,0,0,0,0,1,0,1,0,0,0,0,0,0
4500,4500.png,v485_n7396_8_f1.png,data/science/v485_n7396_8_f1.png,exact,S,72.6,10,423.6,20.581545131500697,0,1,1,0,0,0,0,0,0,0,0,1,2,0,1,3,0,0,0,0,0,1,0,1,0,1,0,0,0
4501,4501.png,whoH08_1.png,data/government/whoH08_1.png,exact,G,18.3,10,275.56666666666666,16.60020080199835,0,1,1,1,1,0,0,0,0,0,1,3,2,0,1,1,1,0,1,0,0,0,0,0,0,0,0,0,0
4502,4502.png,visMost504.png,data/vis1/visMost504.png,exact,I,60.1,10,552.3222222222222,23.501536592789463,0,0,0,1,1,1,0,0,1,0,1,13,0,6,14,2,1,0,0,1,0,0,0,0,0,0,1,0,0
4503,4503.png,vis451.png,data/vis2/vis451.png,exact,I,65.1,10,533.4333333333333,23.09617572961665,0,1,1,1,1,1,0,0,0,0,1,6,5,2,8,3,1,0,1,0,1,0,0,0,0,0,1,0,0
4504,4504.png,wsj536.png,data/news/wsj536.png,exact,N,27.0,10,415.1111111111111,20.374275719914834,0,0,1,1,1,1,0,0,0,0,1,5,2,0,1,1,0,0,1,0,0,0,0,0,0,0,0,0,0
4505,4505.png,v483_n7388_7_f1.png,data/science/v483_n7388_7_f1.png,exact,S,52.3,10,1159.3444444444444,34.04914748484086,0,1,1,0,0,0,0,0,0,0,0,2,2,0,6,1,1,0,0,0,0,0,0,1,0,0,0,0,0
4506,4506.png,wsj250.png,data/news/wsj250.png,exact,N,62.5,10,265.1666666666667,16.283938917432312,0,1,1,1,1,1,0,0,0,0,1,3,4,1,4,2,1,0,0,0,0,1,0,1,0,0,0,0,0
4507,4507.png,vis337.png,data/vis2/vis337.png,exact,I,59.2,10,980.1777777777778,31.30779100763543,0,0,1,1,1,1,0,0,0,0,1,8,4,6,11,4,1,0,1,1,1,0,0,0,0,0,1,0,0
4508,4508.png,whoO21.png,data/government/whoO21.png,exact,G,19.3,10,250.45555555555555,15.82578767567528,0,1,1,1,0,0,1,0,0,0,1,3,1,2,1,1,0,0,1,0,0,0,0,0,0,0,0,0,0
4509,4509.png,visMost262.png,data/vis1/visMost262.png,exact,I,45.8,10,397.9555555555556,19.948823412811983,0,0,1,1,1,1,0,0,0,0,1,4,2,2,12,2,1,0,1,0,0,0,0,0,1,0,0,0,0
4510,4510.png,vis323.png,data/vis2/vis323.png,exact,I,19.8,10,545.9555555555556,23.365691848425023,0,0,1,1,0,1,0,0,0,0,1,2,2,0,2,2,1,0,1,0,0,1,0,0,0,0,0,0,0
4511,4511.png,wsj68.png,data/news/wsj68.png,exact,N,47.8,10,590.1777777777778,24.293574824998025,0,0,1,1,1,1,0,0,0,0,1,4,7,1,6,3,1,1,1,0,0,0,0,1,0,0,0,0,0
4512,4512.png,visMost276.png,data/vis1/visMost276.png,exact,I,33.2,10,409.73333333333335,20.241870796280995,0,0,1,1,1,0,1,0,0,0,0,2,2,2,3,3,1,0,1,1,1,0,0,0,0,0,0,0,0
4513,4513.png,v485_n7400_14_f3.png,data/science/v485_n7400_14_f3.png,exact,S,65.1,10,470.5444444444444,21.69203642917014,0,1,1,0,1,0,1,0,0,1,0,0,2,1,1,1,0,0,0,0,0,1,0,0,0,0,0,0,0
4514,4514.png,wsj244.png,data/news/wsj244.png,exact,N,45.1,10,554.3222222222222,23.544048552069846,0,0,0,1,1,0,1,0,0,0,1,3,1,2,2,1,1,0,0,0,0,0,0,0,1,0,0,0,0
4515,4515.png,wsj522.png,data/news/wsj522.png,exact,N,27.4,10,328.26666666666665,18.11813088225898,0,1,1,1,1,1,0,0,0,0,1,7,1,2,3,1,1,0,1,0,0,0,0,0,0,0,0,0,0
4516,4516.png,visMost510.png,data/vis1/visMost510.png,exact,I,76.0,10,978.8888888888889,31.287200080686173,0,0,0,1,1,1,0,0,0,0,1,20,1,1,3,2,1,0,0,1,0,0,0,0,0,0,0,0,1
4517,4517.png,vis445.png,data/vis2/vis445.png,exact,I,24.9,10,675.6555555555556,25.99337522438276,0,0,0,1,1,0,0,0,1,0,1,3,2,1,2,1,0,0,0,0,0,0,0,0,0,0,1,0,0
4518,4518.png,v486_n7401_11_f1.png,data/science/v486_n7401_11_f1.png,exact,S,66.2,10,367.5111111111111,19.170579310785346,0,1,1,0,1,0,0,0,0,0,0,2,2,2,1,2,0,0,0,0,0,1,0,1,0,0,0,0,0
4519,4519.png,v484_n7393_13_f1.png,data/science/v484_n7393_13_f1.png,exact,S,91.8,10,96.84444444444445,9.840957496323437,0,0,1,1,1,0,0,0,0,0,0,8,0,3,2,2,1,0,0,0,1,0,0,0,0,0,1,0,0
4520,4520.png,visMost538.png,data/vis1/visMost538.png,exact,I,62.9,10,806.9888888888889,28.4075498571927,0,1,1,1,1,1,1,1,0,0,1,5,8,2,10,5,1,0,1,1,1,0,0,1,0,0,1,0,0
4521,4521.png,v487_n7407_7_f2.png,data/science/v487_n7407_7_f2.png,exact,S,89.2,10,209.2888888888889,14.466820275682176,0,0,1,1,0,0,1,0,0,0,1,10,1,4,1,1,0,0,0,0,0,0,1,0,0,0,0,0,0
4522,4522.png,wsj40.png,data/news/wsj40.png,exact,N,20.3,10,247.56666666666666,15.734251385644843,0,0,1,1,1,1,0,0,0,0,1,4,2,1,1,1,0,0,0,0,0,0,0,1,0,0,0,0,0
4523,4523.png,economist_daily_chart_488.png,data/news/economist_daily_chart_488.png,exact,N,34.4,10,443.8222222222222,21.067088603369527,0,0,0,1,1,0,1,0,0,0,1,8,1,1,1,1,0,0,0,0,0,0,0,0,1,0,0,0,0
4524,4524.png,wsj278.png,data/news/wsj278.png,exact,N,33.8,10,424.1777777777778,20.59557665562627,0,0,0,1,1,1,0,0,0,0,1,3,1,1,1,2,0,0,1,0,1,0,0,0,0,0,0,0,0
4525,4525.png,wsj54.png,data/news/wsj54.png,exact,N,13.1,10,208.98888888888885,14.456448003880098,0,0,1,1,1,1,1,0,0,0,1,3,2,1,1,1,0,0,0,0,0,0,0,1,0,0,0,0,0
4526,4526.png,vis479.png,data/vis2/vis479.png,exact,I,55.2,10,514.8444444444444,22.690183878594823,0,0,0,1,1,1,0,0,0,0,0,8,5,4,7,3,0,0,0,1,1,0,0,0,0,0,1,0,0
4527,4527.png,v487_n7406_7_f2.png,data/science/v487_n7406_7_f2.png,exact,S,76.3,10,275.56666666666666,16.60020080199835,0,1,1,1,1,0,0,0,0,0,0,7,9,0,11,5,1,1,0,0,1,1,0,1,0,0,1,0,0
4528,4528.png,v488_n7412_8_f4.png,data/science/v488_n7412_8_f4.png,exact,S,73.9,10,337.43333333333334,18.36935854441666,0,1,1,0,0,0,1,0,0,0,0,2,3,1,1,2,0,0,0,0,0,1,0,1,0,0,0,0,0
4529,4529.png,v489_n7416_16_f2.png,data/science/v489_n7416_16_f2.png,exact,S,81.2,10,88.84444444444445,9.425733098515174,0,0,1,0,1,0,1,0,0,0,0,4,5,2,16,3,1,1,0,0,1,0,0,1,0,0,0,0,0
4530,4530.png,economist_daily_chart_305.png,data/news/economist_daily_chart_305.png,exact,N,30.7,10,334.9,18.30027322200409,0,1,1,1,0,0,1,0,0,0,1,5,1,2,1,1,0,0,1,0,0,0,0,0,0,0,0,0,0
4531,4531.png,vis492.png,data/vis2/vis492.png,exact,I,42.6,10,413.15555555555557,20.326228266836804,0,0,1,1,1,1,0,0,0,0,1,6,2,2,3,2,1,0,1,1,0,0,0,0,0,0,0,0,0
4532,4532.png,v486_n7404_6_f1.png,data/science/v486_n7404_6_f1.png,exact,S,69.9,10,783.2111111111111,27.985909152841742,0,1,1,0,0,0,1,1,0,0,0,4,3,0,1,1,0,0,0,0,0,0,0,1,0,0,0,0,0
4533,4533.png,economist_daily_chart_463.png,data/news/economist_daily_chart_463.png,exact,N,24.3,10,349.78888888888895,18.702643901034126,0,0,1,1,0,1,1,1,0,0,1,4,2,1,1,1,0,0,1,0,0,0,0,0,0,0,0,0,0
4534,4534.png,v490_n7419_2_f2.png,data/science/v490_n7419_2_f2.png,exact,S,55.2,10,829.5111111111111,28.801234541441293,0,0,0,0,1,0,0,0,0,0,1,6,0,0,2,1,0,0,0,0,1,0,0,0,0,0,0,0,0
4535,4535.png,wsj293.png,data/news/wsj293.png,exact,N,20.7,10,390.67777777777775,19.765570514856833,0,0,1,1,1,1,0,0,0,0,1,4,2,0,1,1,0,0,1,0,0,0,0,0,0,0,0,0,0
4536,4536.png,v489_n7417_3_f3.png,data/science/v489_n7417_3_f3.png,exact,S,88.9,10,201.2111111111111,14.184890239656813,0,1,1,1,0,0,1,1,0,0,0,8,2,4,1,1,0,0,0,0,0,0,1,0,0,0,0,0,0
4537,4537.png,economist_daily_chart_477.png,data/news/economist_daily_chart_477.png,exact,N,35.3,10,290.9,17.055790805471318,0,0,0,1,1,0,1,1,0,0,1,7,1,2,1,1,0,0,0,0,0,0,0,0,1,0,0,0,0
4538,4538.png,wsj287.png,data/news/wsj287.png,exact,N,45.9,10,618.3222222222222,24.866085784100044,0,0,0,1,1,1,0,0,0,0,1,11,1,2,1,1,1,0,0,0,0,0,0,0,0,0,1,0,0
4539,4539.png,v486_n7402_20_f1.png,data/science/v486_n7402_20_f1.png,exact,S,86.5,10,155.16666666666666,12.45659129403653,0,1,1,0,1,0,1,0,0,0,0,6,5,1,6,3,1,0,0,0,0,1,0,1,0,0,1,0,0
4540,4540.png,v490_n7418_2_f2.png,data/science/v490_n7418_2_f2.png,exact,S,75.4,10,180.48888888888888,13.434615323442978,0,0,0,1,1,0,1,0,0,0,0,14,0,3,2,2,1,0,0,0,1,0,0,0,0,0,0,0,1
4541,4541.png,treasuryJ02_4.png,data/government/treasuryJ02_4.png,exact,G,28.3,10,443.56666666666666,21.06102245064723,0,0,1,1,1,1,0,0,0,0,0,2,2,1,1,1,0,0,0,0,0,0,0,1,0,0,0,0,0
4542,4542.png,vis486.png,data/vis2/vis486.png,exact,I,49.1,10,868.9888888888888,29.47861748605061,0,0,0,1,0,1,0,0,1,0,1,5,5,3,3,1,0,0,0,0,0,0,0,0,0,0,1,0,0
4543,4543.png,v489_n7416_3_f3.png,data/science/v489_n7416_3_f3.png,exact,S,86.4,10,270.7111111111111,16.453300918390543,0,1,1,0,1,0,0,0,0,0,0,12,3,2,10,2,1,0,1,0,0,1,0,0,0,0,0,0,0
4544,4544.png,economist_daily_chart_311.png,data/news/economist_daily_chart_311.png,exact,N,17.1,10,253.4333333333333,15.919589609450782,0,1,1,1,1,1,0,0,0,0,1,5,2,1,1,1,0,0,0,0,0,0,0,1,0,0,0,0,0
4545,4545.png,v483_n7389_20_f3.png,data/science/v483_n7389_20_f3.png,exact,S,88.3,10,176.45555555555555,13.283657461541063,0,1,1,1,1,0,0,0,0,0,0,5,4,2,9,3,1,0,1,0,0,0,0,0,0,1,1,0,0
4546,4546.png,whoJ14_1.png,data/government/whoJ14_1.png,exact,G,22.8,10,316.1777777777778,17.781388522209895,0,0,0,1,0,1,0,0,1,0,0,1,2,4,1,1,0,0,0,0,0,0,0,0,0,0,1,0,0
4547,4547.png,economist_daily_chart_339.png,data/news/economist_daily_chart_339.png,exact,N,20.8,10,133.95555555555555,11.573917035971682,0,0,1,1,1,1,0,0,0,0,1,3,1,1,1,1,0,0,1,0,0,0,0,0,0,0,0,0,0
4548,4548.png,v488_n7409_2_f5.png,data/science/v488_n7409_2_f5.png,exact,S,93.4,10,65.15555555555555,8.0718991294215,0,1,1,1,1,0,0,0,0,0,0,8,6,4,6,3,1,0,1,0,0,1,0,0,0,0,0,0,1
4549,4549.png,v486_n7404_14_f2.png,data/science/v486_n7404_14_f2.png,exact,S,54.4,10,642.7111111111111,25.35174769342562,0,1,1,0,0,0,1,0,0,0,0,6,2,2,2,3,1,0,1,1,1,0,0,0,0,0,0,0,0
4550,4550.png,wsj83.png,data/news/wsj83.png,exact,N,54.1,10,292.1,17.0909332688417,0,1,1,1,1,1,1,0,0,0,1,5,2,3,2,2,1,0,1,0,0,0,0,0,1,0,0,0,0
4551,4551.png,v485_n7399_3_f1.png,data/science/v485_n7399_3_f1.png,exact,S,85.7,10,154.01111111111112,12.41012131734058,0,1,1,0,1,0,1,0,0,0,0,4,6,3,11,5,1,1,0,0,1,1,0,1,0,1,0,0,0
4552,4552.png,whoB12_1.png,data/government/whoB12_1.png,exact,G,32.3,10,385.56666666666666,19.635851564591402,0,0,0,1,0,1,0,0,1,0,0,8,3,2,4,1,1,0,0,0,0,0,0,0,0,0,1,0,0
4553,4553.png,visMost289.png,data/vis1/visMost289.png,exact,I,80.0,10,347.1111111111111,18.63091814997616,0,0,0,1,1,1,0,0,0,0,1,24,0,0,4,2,0,0,0,0,1,0,0,0,0,0,1,0,0
4554,4554.png,v485_n7396_10_f6.png,data/science/v485_n7396_10_f6.png,exact,S,58.1,10,389.65555555555557,19.73969492052893,0,1,1,1,1,0,0,0,0,0,0,4,2,2,2,1,1,0,0,0,0,0,0,1,0,0,0,0,0
4555,4555.png,v485_n7398_3_f1.png,data/science/v485_n7398_3_f1.png,exact,S,83.5,10,486.94444444444446,22.066817723551452,0,0,0,0,1,0,1,0,0,0,0,6,0,0,1,1,1,0,0,0,1,0,0,0,0,0,0,0,0
4556,4556.png,treasuryG08.png,data/government/treasuryG08.png,exact,G,49.0,10,280.0,16.73320053068151,0,0,1,1,0,1,1,0,0,0,0,3,2,1,1,1,0,0,0,0,0,0,0,1,0,0,0,0,0
4557,4557.png,wsj96.png,data/news/wsj96.png,exact,N,26.4,10,313.15555555555557,17.696201726798765,0,0,0,1,1,1,1,1,0,0,1,5,1,1,1,1,0,0,0,0,0,0,0,0,1,0,0,0,0
4558,4558.png,visMost288.png,data/vis1/visMost288.png,exact,I,31.1,10,574.9888888888888,23.97892593276206,0,0,0,1,0,0,0,0,1,0,1,10,0,1,1,1,0,0,0,0,1,0,0,0,0,0,0,0,0
4559,4559.png,v483_n7390_22_f4.png,data/science/v483_n7390_22_f4.png,exact,S,75.5,10,457.8333333333333,21.39704029377272,0,0,1,0,1,0,0,0,0,0,0,5,1,1,2,2,1,0,1,0,1,0,0,0,0,0,0,0,0
4560,4560.png,economist_daily_chart_338.png,data/news/economist_daily_chart_338.png,exact,N,28.1,10,271.43333333333334,16.475233938652686,0,1,1,1,1,1,0,0,0,0,1,4,3,0,1,2,0,0,1,0,0,0,0,1,0,0,0,0,0
4561,4561.png,v485_n7398_21_f4.png,data/science/v485_n7398_21_f4.png,exact,S,68.2,10,100.39999999999999,10.019980039900279,0,1,1,1,1,0,1,0,0,0,0,12,8,7,12,3,1,0,1,1,0,0,0,1,0,0,0,0,0
4562,4562.png,v483_n7389_20_f2.png,data/science/v483_n7389_20_f2.png,exact,S,90.3,10,183.1222222222222,13.532265967760987,0,1,1,0,1,0,1,0,0,0,0,6,1,2,2,2,1,0,1,0,0,0,0,0,0,0,1,0,0
4563,4563.png,v486_n7402_2_f1.png,data/science/v486_n7402_2_f1.png,exact,S,88.5,10,152.27777777777777,12.340088240275179,0,1,1,1,0,0,1,0,0,0,0,5,6,3,4,3,1,0,1,0,0,1,0,0,0,1,0,0,0
4564,4564.png,wsj82.png,data/news/wsj82.png,exact,N,26.0,10,295.55555555555554,17.191729277636835,0,0,1,1,1,1,0,0,0,0,1,4,2,0,2,2,1,0,1,0,0,0,0,1,0,0,0,0,0
4565,4565.png,v486_n7404_14_f3.png,data/science/v486_n7404_14_f3.png,exact,S,70.7,10,280.67777777777775,16.75344077429403,0,1,1,0,1,0,1,0,0,0,0,5,6,2,8,3,1,0,1,0,1,1,0,0,0,0,0,0,0
4566,4566.png,v488_n7409_2_f4.png,data/science/v488_n7409_2_f4.png,exact,S,91.3,10,102.0111111111111,10.100055005350768,0,1,1,1,1,0,1,0,0,0,0,8,7,4,10,4,1,0,1,0,1,1,1,0,0,0,0,0,0
4567,4567.png,wsj286.png,data/news/wsj286.png,exact,N,28.2,10,619.0666666666666,24.881050352962728,0,0,0,1,0,1,0,0,1,0,1,4,1,2,2,2,0,0,0,1,0,0,0,0,0,0,1,0,0
4568,4568.png,economist_daily_chart_476.png,data/news/economist_daily_chart_476.png,exact,N,11.2,10,216.8444444444444,14.72563901650602,0,0,1,1,0,1,0,0,0,0,1,3,1,1,1,1,0,0,1,0,0,0,0,0,0,0,0,0,0
4569,4569.png,economist_daily_chart_310.png,data/news/economist_daily_chart_310.png,exact,N,35.6,10,464.26666666666665,21.546848184053896,0,0,0,1,0,1,0,0,1,0,1,1,4,1,1,1,0,0,0,0,0,0,0,0,0,0,1,0,0
4570,4570.png,v489_n7416_3_f2.png,data/science/v489_n7416_3_f2.png,exact,S,81.3,10,377.56666666666666,19.431074768696316,0,1,1,1,1,0,0,0,0,0,0,20,2,5,2,1,1,1,0,0,0,0,0,0,0,0,0,0,0
4571,4571.png,vis487.png,data/vis2/vis487.png,exact,I,29.2,10,746.6222222222221,27.324388780395843,0,0,0,1,0,0,0,0,1,0,1,4,2,0,1,1,0,0,0,0,0,0,0,0,0,0,1,0,0
4572,4572.png,v490_n7418_2_f3.png,data/science/v490_n7418_2_f3.png,exact,S,58.9,10,500.3222222222222,22.367883722476343,0,1,1,1,1,0,0,0,0,1,0,0,4,3,4,1,1,0,1,0,0,0,0,0,0,0,0,0,0
4573,4573.png,vis493.png,data/vis2/vis493.png,exact,I,50.5,10,360.27777777777777,18.98098463667725,0,0,0,1,1,1,0,0,0,0,1,6,0,1,4,3,0,0,0,0,1,1,0,0,0,0,1,0,0
4574,4574.png,economist_daily_chart_304.png,data/news/economist_daily_chart_304.png,exact,N,25.6,10,304.7111111111111,17.455976372323352,0,1,1,1,0,1,0,0,0,0,1,4,3,0,1,1,0,0,0,0,0,0,0,1,0,0,0,0,0
4575,4575.png,v489_n7416_16_f3.png,data/science/v489_n7416_16_f3.png,exact,S,65.9,10,554.5444444444445,23.548767365712468,0,1,1,1,0,0,0,0,0,0,0,2,2,4,20,2,1,0,1,0,1,0,0,0,0,0,0,0,0
4576,4576.png,v489_n7417_3_f2.png,data/science/v489_n7417_3_f2.png,exact,S,76.1,10,332.5444444444444,18.235801173637654,0,0,1,1,1,0,1,1,0,0,0,6,2,3,2,3,1,0,1,0,0,0,0,0,0,1,0,0,1
4577,4577.png,wsj292.png,data/news/wsj292.png,exact,N,24.7,10,258.67777777777775,16.083462866490468,0,0,0,1,1,1,0,0,0,0,1,4,1,2,1,1,0,0,1,0,0,0,0,0,0,0,0,0,0
4578,4578.png,economist_daily_chart_462.png,data/news/economist_daily_chart_462.png,exact,N,71.8,10,100.62222222222222,10.031062866028815,0,0,0,1,1,1,0,0,0,0,0,7,0,0,4,1,1,0,0,0,0,0,0,0,1,0,0,0,0
4579,4579.png,wsj55.png,data/news/wsj55.png,exact,N,31.5,10,159.16666666666666,12.616127245183709,0,1,1,1,1,1,1,0,0,0,1,4,2,2,1,1,0,0,1,0,0,0,0,0,0,0,0,0,0
4580,4580.png,whoO08.png,data/government/whoO08.png,exact,G,25.6,10,403.82222222222225,20.095328368111385,0,0,0,1,0,1,0,0,1,0,0,2,3,4,1,1,0,0,0,0,0,0,0,0,0,0,1,0,0
4581,4581.png,wsj279.png,data/news/wsj279.png,exact,N,18.1,10,523.6555555555556,22.883521485024012,0,1,0,1,0,1,0,0,0,0,0,2,1,2,1,1,0,0,1,0,0,0,0,0,0,0,0,0,0
4582,4582.png,economist_daily_chart_489.png,data/news/economist_daily_chart_489.png,exact,N,23.8,10,423.9555555555556,20.590181047177694,0,1,1,1,0,1,1,1,0,0,1,4,2,2,1,1,0,0,1,0,0,0,0,0,0,0,0,0,0
4583,4583.png,v487_n7406_7_f3.png,data/science/v487_n7406_7_f3.png,exact,S,74.0,10,227.77777777777777,15.09230856356236,0,1,1,0,1,0,0,0,0,0,0,8,4,0,3,3,0,1,0,0,1,1,0,0,0,0,0,0,0
4584,4584.png,v490_n7419_21_f3.png,data/science/v490_n7419_21_f3.png,exact,S,88.5,10,135.61111111111111,11.645218379708949,0,1,1,0,1,0,1,0,0,0,0,5,3,3,8,4,1,0,1,0,1,0,0,1,0,0,1,0,0
4585,4585.png,vis478.png,data/vis2/vis478.png,exact,I,36.7,10,483.1222222222222,21.980041451785805,0,0,0,1,1,1,0,0,0,0,1,3,3,2,3,3,1,1,0,0,1,1,0,0,0,0,0,0,0
4586,4586.png,visMost539.png,data/vis1/visMost539.png,exact,I,40.8,10,485.2888888888889,22.029273453495666,0,0,0,1,1,1,1,1,0,0,1,4,4,3,6,3,1,0,1,0,0,0,0,0,1,0,1,0,0
4587,4587.png,wsj41.png,data/news/wsj41.png,exact,N,15.700000000000001,10,236.45555555555555,15.377111417803915,0,0,1,1,0,1,1,0,0,0,1,3,1,2,1,1,0,0,1,0,0,0,0,0,0,0,0,0,0
4588,4588.png,v487_n7407_7_f3.png,data/science/v487_n7407_7_f3.png,exact,S,87.4,10,257.8222222222222,16.056843470066656,0,1,1,1,0,0,1,0,0,0,0,8,3,3,10,6,1,0,1,1,0,1,1,0,0,1,0,0,1
4589,4589.png,wsj245.png,data/news/wsj245.png,exact,N,37.0,10,431.3333333333333,20.768565991260285,0,0,1,1,0,1,0,0,0,0,1,5,6,0,4,2,1,0,1,0,0,0,0,1,0,0,0,0,0
4590,4590.png,v485_n7400_14_f2.png,data/science/v485_n7400_14_f2.png,exact,S,83.8,10,203.2888888888889,14.257941257028971,0,1,1,0,1,0,1,0,0,0,0,4,2,1,1,3,0,0,1,0,0,1,0,1,0,0,0,0,0
4591,4591.png,v488_n7413_15_f4.png,data/science/v488_n7413_15_f4.png,exact,S,71.9,10,458.76666666666665,21.418839059731194,0,1,1,1,0,0,0,0,0,0,0,3,1,2,8,1,1,0,1,0,0,0,0,0,0,0,0,0,0
4592,4592.png,visMost277.png,data/vis1/visMost277.png,exact,I,41.8,10,226.84444444444446,15.061355996205801,0,0,0,1,1,1,0,0,0,0,1,5,2,4,7,2,1,0,1,0,1,0,0,0,0,0,0,0,0
4593,4593.png,wsj69.png,data/news/wsj69.png,exact,N,66.4,10,487.3777777777778,22.07663420401257,0,0,1,1,1,1,0,0,0,0,1,4,5,15,14,2,1,0,1,0,0,0,0,0,0,0,1,0,0
4594,4594.png,vis322.png,data/vis2/vis322.png,exact,I,60.0,10,681.3333333333334,26.102362600602525,0,0,1,1,1,1,0,0,0,0,1,4,1,0,1,1,0,0,0,0,1,0,0,0,0,0,0,0,0
4595,4595.png,vis444.png,data/vis2/vis444.png,exact,I,47.4,10,365.82222222222225,19.126479608705367,0,0,1,1,0,1,0,0,0,0,0,1,2,0,2,2,1,0,0,0,0,1,0,0,1,0,0,0,0
4596,4596.png,visMost511.png,data/vis1/visMost511.png,exact,I,47.7,10,661.5666666666666,25.720938292890224,0,0,1,1,1,1,1,1,0,0,1,8,2,2,18,4,1,0,0,0,0,1,0,0,1,1,1,0,0
4597,4597.png,v489_n7414_21_f1.png,data/science/v489_n7414_21_f1.png,exact,S,79.8,10,204.62222222222223,14.30462240753744,0,1,1,0,1,0,0,0,0,0,0,13,4,5,9,3,1,0,0,0,1,1,0,1,0,0,0,0,0
4598,4598.png,wsj523.png,data/news/wsj523.png,exact,N,31.6,10,363.15555555555557,19.056640720640026,0,0,1,1,1,1,0,0,0,0,0,3,2,1,1,2,0,1,0,0,0,0,0,1,0,0,0,0,0
4599,4599.png,wsj537.png,data/news/wsj537.png,exact,N,32.9,10,345.65555555555557,18.591814208289506,0,0,0,1,1,1,0,0,0,0,1,5,2,2,5,2,1,0,0,1,0,0,0,0,1,0,0,0,0
4600,4600.png,vis450.png,data/vis2/vis450.png,exact,I,50.7,10,840.2333333333333,28.986778595306745,0,0,0,0,1,1,0,0,0,0,1,7,8,3,6,4,1,0,1,0,1,0,0,0,1,0,1,0,0
4601,4601.png,visMost505.png,data/vis1/visMost505.png,exact,I,32.6,10,472.26666666666665,21.731697279933446,0,1,1,1,1,1,0,0,0,0,0,7,2,1,1,1,0,0,0,0,0,0,0,0,0,1,0,0,0
4602,4602.png,visMost263.png,data/vis1/visMost263.png,exact,I,42.5,10,650.0555555555555,25.496187078768376,0,0,0,1,1,1,0,0,1,0,1,8,0,4,7,2,0,0,0,0,1,0,0,0,0,0,1,0,0
4603,4603.png,wsj251.png,data/news/wsj251.png,exact,N,44.6,10,473.82222222222225,21.767457872296944,0,0,1,1,1,1,0,0,0,0,1,5,4,0,3,3,1,0,1,0,0,1,0,0,0,1,0,0,0
4604,4604.png,v484_n7392_15_f2.png,data/science/v484_n7392_15_f2.png,exact,S,68.8,10,551.7333333333333,23.489004519845736,0,1,1,1,0,1,1,0,0,0,0,6,8,3,16,4,1,0,0,0,0,1,0,1,1,1,0,0,0
4605,4605.png,vis861.png,data/vis3/vis861.png,exact,I,38.0,10,967.3333333333334,31.10198278781167,0,0,0,1,1,1,0,0,0,0,1,9,0,0,4,2,1,0,0,0,1,0,0,0,0,0,1,0,0
4606,4606.png,whoC11.png,data/government/whoC11.png,exact,G,15.1,10,242.54444444444442,15.573838462127583,0,1,1,1,0,0,0,0,0,0,0,1,2,0,1,1,1,0,1,0,0,0,0,0,0,0,0,0,0
4607,4607.png,whoB36_1.png,data/government/whoB36_1.png,exact,G,24.8,10,313.73333333333335,17.712519113139535,0,1,1,1,0,1,1,0,0,0,0,4,2,1,1,1,0,0,0,0,0,0,0,1,0,0,0,0,0
4608,4608.png,whoC05.png,data/government/whoC05.png,exact,G,24.4,10,273.3777777777778,16.534139765278923,0,1,1,0,0,1,1,0,0,0,0,1,3,0,1,1,1,0,0,0,0,0,0,1,0,0,0,0,0
4609,4609.png,vis875.png,data/vis3/vis875.png,exact,I,43.0,10,551.3333333333334,23.480488353808433,0,1,0,1,1,1,0,0,0,0,1,22,3,4,4,3,1,0,1,0,0,0,0,0,1,0,1,0,0
4610,4610.png,v487_n7405_4_f1.png,data/science/v487_n7405_4_f1.png,exact,S,79.0,10,300.44444444444446,17.333333333333332,0,1,1,1,1,0,0,0,0,0,0,4,1,3,7,4,1,0,1,0,1,0,0,0,0,1,1,0,0
4611,4611.png,v489_n7415_11_f2.png,data/science/v489_n7415_11_f2.png,exact,S,62.1,10,309.8777777777778,17.60334564160398,0,0,1,0,1,0,1,1,0,0,1,12,3,1,2,1,0,0,0,0,0,0,0,0,1,0,0,0,0
4612,4612.png,vis685.png,data/vis3/vis685.png,exact,I,51.0,10,689.7777777777778,26.263620804789614,0,0,1,1,1,1,0,0,0,0,1,2,7,2,6,3,1,0,0,0,1,0,0,1,0,0,1,0,0
4613,4613.png,v488_n7411_5_f2.png,data/science/v488_n7411_5_f2.png,exact,S,69.4,10,322.7111111111111,17.9641618538442,0,1,1,1,1,0,0,0,0,0,0,4,3,1,6,2,1,0,0,0,1,0,0,1,0,0,0,0,0
4614,4614.png,economist_daily_chart_112.png,data/news/economist_daily_chart_112.png,exact,N,21.0,10,281.55555555555554,16.779617264870957,0,0,1,1,0,1,1,0,0,0,0,3,1,2,1,1,0,0,1,0,0,0,0,0,0,0,0,0,0
4615,4615.png,v484_n7395_11_f2.png,data/science/v484_n7395_11_f2.png,exact,S,68.6,10,589.8222222222222,24.28625582962969,0,0,0,0,1,0,1,1,0,0,0,10,3,1,1,1,0,0,0,0,0,0,0,0,1,0,0,0,0
4616,4616.png,economist_daily_chart_106.png,data/news/economist_daily_chart_106.png,exact,N,30.2,10,320.17777777777775,17.893512169995518,0,0,1,1,1,1,1,1,0,0,0,3,1,2,1,1,0,0,1,0,0,0,0,0,0,0,0,0,0
4617,4617.png,vis691.png,data/vis3/vis691.png,exact,I,74.0,10,332.8888888888889,18.245242911205345,0,0,1,1,1,1,1,0,0,0,1,14,1,3,5,3,1,0,1,0,1,0,0,0,0,0,1,0,0
4618,4618.png,vis849.png,data/vis3/vis849.png,exact,I,62.6,10,882.2666666666667,29.702974037403504,0,0,0,1,1,1,0,0,0,0,1,3,1,1,1,1,0,0,0,0,0,0,0,0,0,0,0,0,1
4619,4619.png,v486_n7401_1_f3.png,data/science/v486_n7401_1_f3.png,exact,S,83.5,10,135.16666666666666,11.62612001773019,0,0,1,0,1,0,1,0,0,0,0,4,9,9,9,4,1,0,1,0,1,0,0,1,0,0,1,0,0
4620,4620.png,v486_n7404_22_f2.png,data/science/v486_n7404_22_f2.png,exact,S,59.7,10,480.4555555555555,21.919296420176344,0,1,1,1,1,0,0,0,0,1,0,0,4,3,10,3,1,0,1,1,1,0,0,0,0,0,0,0,0
4621,4621.png,v486_n7402_18_f4.png,data/science/v486_n7402_18_f4.png,exact,S,70.7,10,393.1222222222222,19.82731000973713,0,1,1,1,0,0,1,0,0,1,0,0,4,1,4,1,1,0,1,0,0,0,0,0,0,0,0,0,0
4622,4622.png,whoQ58_2.png,data/government/whoQ58_2.png,exact,G,18.2,10,307.06666666666666,17.523317798484015,0,0,1,1,0,0,0,0,0,0,0,1,1,1,1,1,0,0,1,0,0,0,0,0,0,0,0,0,0
4623,4623.png,v483_n7389_16_f3.png,data/science/v483_n7389_16_f3.png,exact,S,78.8,10,245.06666666666666,15.654605286198265,0,1,1,1,0,0,1,0,0,0,0,8,7,4,9,3,1,1,1,0,0,0,0,1,0,0,0,0,0
4624,4624.png,v488_n7409_10_f3.png,data/science/v488_n7409_10_f3.png,exact,S,85.0,10,277.77777777777777,16.666666666666668,0,0,1,1,0,0,0,0,0,0,0,2,4,2,7,3,1,0,0,0,1,1,0,0,0,1,0,0,0
4625,4625.png,v483_n7387_2_f5.png,data/science/v483_n7387_2_f5.png,exact,S,88.6,10,264.0444444444444,16.249444434947442,0,0,0,0,1,0,0,0,0,0,0,6,0,0,5,1,1,0,0,0,1,0,0,0,0,0,0,0,0
4626,4626.png,treasuryK04.png,data/government/treasuryK04.png,exact,G,29.2,10,884.6222222222221,29.742599453010527,0,0,0,0,0,0,0,0,1,0,0,0,4,1,1,1,0,0,0,0,0,0,0,0,0,0,1,0,0
4627,4627.png,visMost713.png,data/vis1/visMost713.png,exact,I,50.7,10,327.34444444444443,18.0926627240007,0,1,1,1,1,1,1,1,0,0,0,4,6,7,8,4,1,0,1,1,0,0,0,0,1,0,1,0,0
4628,4628.png,vis646.png,data/vis3/vis646.png,exact,I,52.3,10,550.2333333333333,23.457052954992733,0,0,0,1,1,1,0,0,0,0,1,8,5,1,1,1,1,0,0,0,1,0,0,0,0,0,0,0,0
4629,4629.png,vis120.png,data/vis2/vis120.png,exact,I,55.1,10,853.2111111111111,29.209777662815426,0,0,0,1,1,1,0,0,0,0,1,5,2,3,7,4,1,0,0,1,0,1,0,0,1,0,1,0,0
4630,4630.png,v484_n7395_9_f3.png,data/science/v484_n7395_9_f3.png,exact,S,71.5,10,298.05555555555554,17.264285550104745,0,1,1,0,0,0,1,0,0,0,0,4,5,4,5,2,1,0,0,0,0,1,0,1,0,0,0,0,0
4631,4631.png,v489_n7416_20_f2.png,data/science/v489_n7416_20_f2.png,exact,S,80.4,10,190.4888888888889,13.801771222886174,0,1,1,0,1,0,1,0,0,0,0,6,3,4,4,3,1,0,1,0,0,0,0,1,0,0,1,0,0
4632,4632.png,v487_n7405_22_f4.png,data/science/v487_n7405_22_f4.png,exact,S,88.4,10,190.7111111111111,13.809819372863322,0,1,1,1,1,0,0,0,0,0,0,4,2,3,6,2,1,0,1,0,1,0,0,0,0,0,0,0,0
4633,4633.png,vis134.png,data/vis2/vis134.png,exact,I,48.5,10,782.2777777777778,27.96922912376703,0,1,1,1,1,1,0,0,0,0,1,2,4,4,9,5,1,1,1,0,1,0,0,1,0,0,1,0,0
4634,4634.png,visMost707.png,data/vis1/visMost707.png,exact,I,42.9,10,306.9888888888889,17.521098392763193,0,0,0,1,1,1,0,0,0,0,1,7,1,1,2,2,1,0,0,1,0,0,0,0,0,0,1,0,0
4635,4635.png,whoJ44.png,data/government/whoJ44.png,exact,G,16.0,10,201.33333333333334,14.189197769195175,0,1,1,1,1,1,1,0,0,0,0,2,2,1,1,1,0,0,0,0,0,0,0,1,0,0,0,0,0
4636,4636.png,vis652.png,data/vis3/vis652.png,exact,I,24.9,10,175.2111111111111,13.236733400318641,0,0,0,1,1,1,0,0,0,0,1,4,2,1,2,2,0,0,1,0,1,0,0,0,0,0,0,0,0
4637,4637.png,v486_n7402_16_f1.png,data/science/v486_n7402_16_f1.png,exact,S,68.6,10,758.2666666666667,27.536642254760594,0,0,0,0,1,0,0,0,0,1,0,0,0,1,5,1,1,0,0,0,1,0,0,0,0,0,0,0,0
4638,4638.png,v489_n7414_31_f4.png,data/science/v489_n7414_31_f4.png,exact,S,65.0,10,578.0,24.041630560342615,0,1,1,1,1,0,1,0,0,0,0,5,8,2,13,4,1,1,1,0,0,0,0,1,0,1,0,0,0
4639,4639.png,vis915.png,data/vis3/vis915.png,exact,I,42.2,10,543.0666666666667,23.3037908218098,0,0,0,1,1,1,1,0,0,0,0,4,0,4,4,3,1,0,0,0,1,0,0,0,1,0,1,0,0
4640,4640.png,visMost698.png,data/vis1/visMost698.png,exact,I,51.3,10,496.9,22.29125389025929,0,0,0,1,0,1,1,1,0,0,0,5,2,2,47,1,1,0,1,0,0,0,0,0,0,0,0,0,0
4641,4641.png,whoQ20_2.png,data/government/whoQ20_2.png,exact,G,15.4,10,364.7111111111111,19.097411110176978,0,1,1,1,1,1,1,1,0,0,1,2,2,0,1,2,0,0,0,0,0,0,0,1,0,1,0,0,0
4642,4642.png,v487_n7406_11_f1.png,data/science/v487_n7406_11_f1.png,exact,S,74.1,10,577.4333333333334,24.029842557397945,0,0,0,0,1,0,0,0,0,0,0,9,0,0,6,1,1,0,0,0,1,0,0,0,0,0,0,0,0
4643,4643.png,whoQ06_1.png,data/government/whoQ06_1.png,exact,G,21.1,10,234.76666666666668,15.322097332502057,0,1,1,1,0,1,1,0,0,0,0,3,1,3,4,1,1,0,1,0,0,0,0,0,0,0,0,0,0
4644,4644.png,v487_n7405_6_f4.png,data/science/v487_n7405_6_f4.png,exact,S,43.3,10,691.1222222222223,26.289203529628324,0,1,1,0,1,0,0,0,0,0,0,4,2,1,1,1,0,0,0,0,0,0,0,1,0,0,0,0,0
4645,4645.png,v488_n7411_9_f2.png,data/science/v488_n7411_9_f2.png,exact,S,72.5,10,822.9444444444445,28.687008286756647,0,1,1,0,1,0,0,0,0,1,0,0,2,0,3,2,1,0,0,0,0,0,0,1,0,1,0,0,0
4646,4646.png,vis901.png,data/vis3/vis901.png,exact,I,56.3,10,554.6777777777778,23.551598200075038,0,0,1,1,1,1,1,0,0,0,0,5,2,4,5,4,1,0,1,0,1,0,0,0,1,0,1,0,0
4647,4647.png,whoQ43_1.png,data/government/whoQ43_1.png,exact,G,18.2,10,291.51111111111106,17.07369646887021,0,0,1,1,0,0,1,0,0,0,0,3,1,2,1,1,0,0,1,0,0,0,0,0,0,0,0,0,0
4648,4648.png,v487_n7408_20_f2.png,data/science/v487_n7408_20_f2.png,exact,S,61.2,10,891.9555555555555,29.86562498183414,0,1,1,0,0,0,1,0,0,0,0,4,3,5,11,3,1,0,1,0,0,0,0,0,0,1,1,0,0
4649,4649.png,vis929.png,data/vis3/vis929.png,exact,I,74.6,10,352.7111111111111,18.780604652436278,0,0,0,1,1,1,0,0,0,0,1,3,0,1,47,1,0,0,0,0,1,0,0,0,0,0,0,0,0
4650,4650.png,v487_n7407_17_f3.png,data/science/v487_n7407_17_f3.png,exact,S,65.5,10,618.9444444444445,24.878594101042857,0,1,1,0,1,0,0,0,0,0,0,1,3,0,2,2,1,0,0,0,0,0,0,1,0,1,0,0,0
4651,4651.png,economist_daily_chart_62.png,data/news/economist_daily_chart_62.png,exact,N,46.7,10,784.0111111111111,28.000198411995424,0,0,1,1,1,1,1,0,0,0,0,3,1,2,1,1,0,0,0,0,0,0,0,0,0,1,0,0,0
4652,4652.png,whoN21_1.png,data/government/whoN21_1.png,exact,G,17.0,10,161.55555555555554,12.710450643291745,0,1,1,1,0,1,1,0,0,0,0,3,1,2,1,1,0,0,1,0,0,0,0,0,0,0,0,0,0
4653,4653.png,economist_daily_chart_76.png,data/news/economist_daily_chart_76.png,exact,N,42.9,10,545.4333333333333,23.35451419604641,0,1,1,1,1,1,1,0,0,0,0,4,2,1,1,1,0,0,0,0,0,0,0,1,0,0,0,0,0
4654,4654.png,whoK18.png,data/government/whoK18.png,exact,G,24.7,10,422.4555555555555,20.553723642093555,0,0,0,1,0,1,0,0,0,0,0,1,3,2,1,1,0,0,0,0,0,0,0,0,0,0,1,0,0
4655,4655.png,whoJ48_1.png,data/government/whoJ48_1.png,exact,G,28.9,10,308.5444444444444,17.565433226779362,0,0,0,1,0,1,1,1,0,0,0,5,1,1,1,1,1,0,0,0,0,0,0,0,1,0,0,0,0
4656,4656.png,visMost26.png,data/vis1/visMost26.png,exact,I,43.4,10,532.4888888888889,23.075720766400536,0,0,0,1,1,1,0,0,0,0,1,14,8,5,12,6,1,0,1,1,1,0,0,1,0,0,1,0,1
4657,4657.png,v484_n7394_5_f3.png,data/science/v484_n7394_5_f3.png,exact,S,62.0,10,583.3333333333334,24.1522945769824,0,1,1,0,0,0,1,0,0,1,0,0,3,1,1,2,0,1,0,0,0,1,0,0,0,0,0,0,0
4658,4658.png,visMost129.png,data/vis1/visMost129.png,exact,I,43.9,10,419.8777777777778,20.490919398059663,0,0,0,1,1,1,0,0,0,0,1,7,4,3,8,4,1,1,0,1,1,0,0,0,0,0,0,0,1
4659,4659.png,economist_daily_chart_89.png,data/news/economist_daily_chart_89.png,exact,N,63.0,10,842.0,29.017236257093817,0,0,0,0,1,1,1,1,0,0,0,7,1,3,1,1,0,0,0,0,0,0,0,0,1,0,0,0,0
4660,4660.png,v485_n7396_24_f3.png,data/science/v485_n7396_24_f3.png,exact,S,84.2,10,359.9555555555555,18.972494710911253,0,0,1,1,0,0,1,1,0,0,0,9,5,1,3,2,1,0,0,0,0,0,1,0,0,0,1,0,0
4661,4661.png,whoH13_3.png,data/government/whoH13_3.png,exact,G,16.4,10,146.48888888888888,12.103259432437564,0,1,1,1,1,0,0,0,0,0,0,1,1,1,1,1,1,0,0,0,0,0,0,0,0,1,0,0,0
4662,4662.png,visMost32.png,data/vis1/visMost32.png,exact,I,35.9,10,509.43333333333334,22.570629883397878,0,0,0,1,1,1,0,0,0,0,0,8,4,4,13,3,1,0,0,1,1,0,0,0,0,0,1,0,0
4663,4663.png,v484_n7395_5_f3.png,data/science/v484_n7395_5_f3.png,exact,S,74.2,10,466.40000000000003,21.59629597870894,0,1,0,0,1,0,1,1,0,0,0,9,3,1,6,1,1,0,0,0,0,0,0,0,0,1,0,0,0
4664,4664.png,vis732.png,data/vis3/vis732.png,exact,I,33.1,10,333.65555555555557,18.266240870949762,0,0,0,1,0,1,1,0,0,0,0,6,1,0,1,1,0,0,0,0,0,0,0,0,1,0,0,0,0
4665,4665.png,visMost667.png,data/vis1/visMost667.png,exact,I,38.4,10,413.15555555555557,20.326228266836804,0,0,0,1,1,1,0,0,0,0,1,9,6,4,7,4,1,0,1,1,1,0,0,0,1,0,0,0,0
4666,4666.png,visMost101.png,data/vis1/visMost101.png,exact,I,51.1,10,477.43333333333334,21.850247900958315,0,1,1,1,1,1,0,0,0,0,1,7,2,2,2,2,1,0,1,0,0,0,0,0,1,0,0,0,0
4667,4667.png,v488_n7411_16_f2.png,data/science/v488_n7411_16_f2.png,exact,S,80.0,10,228.22222222222223,15.107025591499546,0,1,1,0,1,0,0,0,0,0,0,7,5,4,11,2,1,0,0,0,1,0,0,1,0,0,0,0,0
4668,4668.png,v485_n7399_13_f2.png,data/science/v485_n7399_13_f2.png,exact,S,31.9,10,595.4333333333333,24.40150268596861,0,1,1,0,0,0,1,0,0,0,0,2,1,2,2,1,1,0,0,0,0,1,0,0,0,0,0,0,0
4669,4669.png,wsj133.png,data/news/wsj133.png,exact,N,34.1,10,561.4333333333334,23.69458447268771,0,0,0,1,1,1,1,0,0,0,1,6,3,1,2,2,1,0,1,0,0,0,0,1,0,0,0,0,0
4670,4670.png,whoM06_2.png,data/government/whoM06_2.png,exact,G,31.4,10,536.2666666666667,23.15743221228698,0,1,1,1,1,0,0,0,0,1,0,0,2,1,1,2,1,0,1,0,0,1,0,0,0,0,0,0,0
4671,4671.png,wsj127.png,data/news/wsj127.png,exact,N,19.0,10,119.77777777777777,10.944303439588001,0,1,1,1,1,1,0,0,0,0,0,4,2,1,1,2,0,1,0,0,0,0,0,1,0,0,0,0,0
4672,4672.png,visMost115.png,data/vis1/visMost115.png,exact,I,27.1,10,548.9888888888889,23.430511921187062,0,0,0,1,1,1,1,0,0,0,1,14,1,2,4,2,1,0,0,1,1,0,0,0,0,0,0,0,0
4673,4673.png,v486_n7402_14_f4.png,data/science/v486_n7402_14_f4.png,exact,S,73.4,10,310.93333333333334,17.63330182731905,0,1,1,0,1,0,1,0,0,0,0,11,4,1,7,4,1,0,0,0,1,0,0,1,0,1,1,0,0
4674,4674.png,v484_n7393_1_f2.png,data/science/v484_n7393_1_f2.png,exact,S,73.6,10,620.4888888888888,24.909614386595567,0,1,1,0,0,0,0,0,0,0,0,6,4,4,6,3,1,0,1,0,1,1,0,0,0,0,0,0,0
4675,4675.png,vis726.png,data/vis3/vis726.png,exact,I,37.5,10,583.6111111111111,24.15804443888435,0,0,0,1,1,1,1,1,0,0,0,4,4,5,5,3,1,0,1,1,0,0,0,0,0,0,1,0,0
4676,4676.png,visMost673.png,data/vis1/visMost673.png,exact,I,45.6,10,417.6,20.43526363911168,0,0,0,1,1,1,0,0,0,0,0,2,4,4,2,2,0,0,0,0,1,0,0,0,0,0,1,0,0
4677,4677.png,v487_n7405_20_f1.png,data/science/v487_n7405_20_f1.png,exact,S,75.2,10,276.4,16.625281952496323,0,1,1,1,1,0,0,0,0,0,0,1,3,5,8,3,1,0,1,0,0,0,0,1,0,0,1,0,0
4678,4678.png,v485_n7398_1_f5.png,data/science/v485_n7398_1_f5.png,exact,S,84.5,10,401.8333333333333,20.04578093598085,0,0,0,0,1,0,0,0,0,0,0,6,1,1,3,1,1,0,0,0,1,0,0,0,0,0,0,0,0
4679,4679.png,whoG01.png,data/government/whoG01.png,exact,G,19.0,10,250.0,15.811388300841896,0,0,0,1,0,1,0,0,1,0,1,4,2,2,1,1,1,0,0,0,0,0,0,0,0,0,1,0,0
4680,4680.png,v485_n7396_12_f2.png,data/science/v485_n7396_12_f2.png,exact,S,52.9,10,541.8777777777777,23.27826835865971,0,1,1,0,1,0,1,1,0,0,0,8,5,1,2,2,1,1,0,0,0,0,0,1,0,0,0,0,0
4681,4681.png,whoC30_2.png,data/government/whoC30_2.png,exact,G,21.4,10,564.9333333333334,23.768326262766873,0,0,0,1,0,0,0,0,1,0,0,3,2,0,1,1,1,0,0,0,0,0,0,0,0,0,1,0,0
4682,4682.png,v483_n7390_20_f1.png,data/science/v483_n7390_20_f1.png,exact,S,70.8,10,394.1777777777778,19.853910893770472,0,1,1,0,1,0,1,0,0,0,0,6,4,3,5,3,1,0,1,0,0,0,0,1,0,0,1,0,0
4683,4683.png,economist_daily_chart_258.png,data/news/economist_daily_chart_258.png,exact,N,63.5,10,748.9444444444445,27.36684937007628,0,1,1,1,1,1,1,0,0,0,1,5,2,1,1,2,0,0,0,0,0,0,0,1,0,1,0,0,0
4684,4684.png,v485_n7399_1_f5.png,data/science/v485_n7399_1_f5.png,exact,S,74.5,10,688.2777777777778,26.235048652094736,0,1,1,1,1,0,1,0,0,0,0,4,9,4,7,3,1,0,0,0,0,0,0,1,0,1,1,0,0
4685,4685.png,whoC16_1.png,data/government/whoC16_1.png,exact,G,12.6,10,203.15555555555554,14.253264733230614,0,1,1,1,0,0,0,0,0,0,0,1,2,0,1,1,1,0,1,0,0,0,0,0,0,0,0,0,0
4686,4686.png,v485_n7398_23_f1.png,data/science/v485_n7398_23_f1.png,exact,S,90.1,10,96.32222222222222,9.81438853022552,0,1,1,1,1,0,0,0,0,0,0,10,4,5,7,5,1,0,0,0,1,1,1,1,0,0,1,0,0
4687,4687.png,v490_n7420_6_f3.png,data/science/v490_n7420_6_f3.png,exact,S,55.7,10,738.2333333333333,27.170449634360732,0,1,1,0,1,0,0,0,0,0,0,1,2,1,1,3,0,0,0,0,0,1,0,1,0,1,0,0,0
4688,4688.png,economist_daily_chart_502.png,data/news/economist_daily_chart_502.png,exact,N,18.7,10,163.56666666666666,12.789318459818986,0,1,1,1,1,1,0,0,0,0,1,2,1,1,1,1,0,0,1,0,0,0,0,0,0,0,0,0,0
4689,4689.png,v489_n7416_1_f7.png,data/science/v489_n7416_1_f7.png,exact,S,38.7,10,834.9,28.894636180440134,0,1,1,0,0,0,1,0,0,0,0,2,2,0,1,2,0,0,0,0,0,0,0,1,0,1,0,0,0
4690,4690.png,np_13.png,data/news/np_13.png,exact,N,45.6,10,803.6,28.347839423843222,0,0,0,1,1,1,0,0,0,0,1,5,0,0,2,1,1,0,0,0,1,0,0,0,0,0,0,0,0
4691,4691.png,wsj494.png,data/news/wsj494.png,exact,N,33.1,10,700.3222222222222,26.463601837660388,0,0,0,1,1,1,1,0,0,0,1,6,1,2,2,1,0,0,0,0,0,0,0,0,1,0,0,0,0
4692,4692.png,economist_daily_chart_264.png,data/news/economist_daily_chart_264.png,exact,N,17.2,10,157.95555555555555,12.568037060557847,0,0,1,1,1,1,1,0,0,0,1,3,1,2,1,1,0,0,1,0,0,0,0,0,0,0,0,0,0
4693,4693.png,vis42.png,data/vis2/vis42.png,exact,I,38.5,10,458.72222222222223,21.417801526352378,0,0,1,1,1,1,0,0,0,0,1,14,5,5,7,4,1,0,1,1,1,0,0,0,0,0,1,0,0
4694,4694.png,v489_n7417_1_f7.png,data/science/v489_n7417_1_f7.png,exact,S,49.6,10,726.4888888888889,26.953457828057775,0,0,0,0,1,0,0,0,0,0,0,5,0,1,1,1,0,0,0,0,1,0,0,0,0,0,0,0,0
4695,4695.png,v488_n7411_20_f3.png,data/science/v488_n7411_20_f3.png,exact,S,72.9,10,287.2111111111111,16.947303948153852,0,1,1,0,1,0,1,0,0,0,0,4,3,3,6,5,1,0,1,0,1,0,0,1,0,1,0,0,1
4696,4696.png,wsj480.png,data/news/wsj480.png,exact,N,40.6,10,427.8222222222222,20.68386381269762,0,0,1,1,1,1,1,0,0,0,1,7,4,3,6,2,0,1,0,0,0,0,0,1,0,0,0,0,0
4697,4697.png,economist_daily_chart_270.png,data/news/economist_daily_chart_270.png,exact,N,4.6,10,67.6,8.221921916437786,0,0,1,1,0,1,0,0,0,0,1,3,2,0,1,1,0,0,0,0,0,0,0,1,0,0,0,0,0
4698,4698.png,whoP18.png,data/government/whoP18.png,exact,G,21.0,10,482.0,21.95449840010015,0,1,1,1,0,0,0,0,0,0,0,1,1,1,1,2,0,0,0,0,0,1,0,0,0,1,0,0,0
4699,4699.png,v486_n7404_4_f5.png,data/science/v486_n7404_4_f5.png,exact,S,45.8,10,378.6222222222222,19.458217344408048,0,1,1,0,0,0,1,0,0,0,0,3,6,2,3,1,1,0,0,0,0,0,0,1,0,0,0,0,0
4700,4700.png,economist_daily_chart_516.png,data/news/economist_daily_chart_516.png,exact,N,13.0,10,125.55555555555556,11.205157542647742,0,1,1,1,1,1,1,0,0,0,1,4,1,2,1,1,0,0,1,0,0,0,0,0,0,0,0,0,0
4701,4701.png,v482_n7386_13_f2.png,data/science/v482_n7386_13_f2.png,exact,S,53.5,10,718.2777777777778,26.800704800019304,0,1,1,0,0,0,1,0,0,0,0,3,4,6,5,2,1,0,1,0,0,0,1,0,0,0,0,0,0
4702,4702.png,treasuryL10_2.png,data/government/treasuryL10_2.png,exact,G,5.2,10,42.177777777777784,6.494442068244029,0,0,0,1,1,1,0,0,0,0,0,3,1,1,1,1,0,0,0,1,0,0,0,0,0,0,0,0,0
4703,4703.png,v488_n7412_11_f3.png,data/science/v488_n7412_11_f3.png,exact,S,80.2,10,504.84444444444443,22.46874372198954,0,1,1,0,1,0,1,0,0,0,0,6,2,2,3,3,1,0,0,0,1,0,0,1,0,0,1,0,0
4704,4704.png,visMost459.png,data/vis1/visMost459.png,exact,I,41.9,10,445.8777777777778,21.115818188689204,0,0,0,1,1,1,0,0,0,0,1,8,8,2,11,4,1,1,1,0,1,0,0,0,0,0,1,0,0
4705,4705.png,v490_n7420_11_f2.png,data/science/v490_n7420_11_f2.png,exact,S,57.8,10,715.9555555555555,26.75734582419481,0,1,1,0,1,0,0,0,0,0,0,1,9,3,6,4,1,0,1,0,0,1,0,1,0,1,0,0,0
4706,4706.png,v484_n7392_19_f2.png,data/science/v484_n7392_19_f2.png,exact,S,91.4,10,116.71111111111112,10.80329167944248,0,0,1,1,1,0,1,0,0,0,0,6,3,5,6,2,1,0,1,0,0,0,0,0,0,0,1,0,0
4707,4707.png,v485_n7400_18_f2.png,data/science/v485_n7400_18_f2.png,exact,S,82.4,10,157.15555555555557,12.53616989177937,0,1,1,0,1,0,0,0,0,0,0,1,2,2,8,4,1,0,1,0,0,1,0,1,0,0,1,0,0
4708,4708.png,vis518.png,data/vis3/vis518.png,exact,I,54.4,10,407.82222222222225,20.19460874149886,0,0,0,1,1,1,0,0,0,0,1,6,4,2,15,6,1,1,1,1,1,0,0,1,0,0,1,0,0
4709,4709.png,v488_n7413_19_f4.png,data/science/v488_n7413_19_f4.png,exact,S,85.8,10,243.06666666666666,15.59059545580818,0,1,1,0,1,0,0,0,0,0,0,2,0,4,4,1,1,0,0,0,0,0,0,0,0,0,1,0,0
4710,4710.png,whoH11_1.png,data/government/whoH11_1.png,exact,G,3.6,10,38.26666666666667,6.1860057118197584,0,1,1,1,1,0,0,0,0,0,1,3,1,1,1,1,1,0,1,0,0,0,0,0,0,0,0,0,0
4711,4711.png,wsj319.png,data/news/wsj319.png,exact,N,23.8,10,409.5111111111112,20.23638087976976,0,0,0,1,0,1,0,0,1,0,0,4,0,4,1,1,0,0,0,0,0,0,0,0,0,0,1,0,0
4712,4712.png,wsj331.png,data/news/wsj331.png,exact,N,39.0,10,618.2222222222222,24.86407493196202,0,0,1,1,1,0,0,0,0,0,0,3,1,1,1,2,0,0,0,0,1,0,0,1,0,0,0,0,0
4713,4713.png,vis256.png,data/vis2/vis256.png,exact,I,23.6,10,256.0444444444444,16.001388828612484,0,0,0,1,0,1,0,0,1,0,1,3,8,3,1,1,0,0,0,0,0,0,0,0,0,0,1,0,0
4714,4714.png,visMost303.png,data/vis1/visMost303.png,exact,I,90.2,10,140.6222222222222,11.858424103658217,0,1,1,1,1,1,1,1,0,0,0,4,2,3,3,2,1,0,1,0,0,1,0,0,0,0,0,0,0
4715,4715.png,visMost465.png,data/vis1/visMost465.png,exact,I,47.0,10,831.3333333333334,28.832851633741214,0,1,1,1,1,1,0,0,0,0,1,8,5,1,7,4,1,1,0,1,0,0,0,0,1,0,0,0,1
4716,4716.png,vis81.png,data/vis2/vis81.png,exact,I,42.4,10,499.15555555555557,22.341789443899867,0,0,1,1,1,1,1,0,0,0,1,6,9,4,9,3,1,0,1,0,1,0,0,0,1,0,0,0,0
4717,4717.png,vis530.png,data/vis3/vis530.png,exact,I,31.9,10,563.4333333333333,23.736750690297384,0,0,0,1,1,1,0,0,0,0,0,4,6,1,1,1,0,0,0,0,1,0,0,0,0,0,0,0,0
4718,4718.png,wsj457.png,data/news/wsj457.png,exact,N,22.0,10,321.1111111111111,17.919573407620817,0,0,0,1,1,1,0,0,0,0,0,4,0,0,1,1,0,0,0,0,1,0,0,0,0,0,0,0,0
4719,4719.png,v488_n7413_17_f1.png,data/science/v488_n7413_17_f1.png,exact,S,84.8,10,525.7333333333333,22.92887553573732,0,1,1,0,1,0,0,0,0,0,0,4,4,2,6,3,1,0,0,0,0,1,0,0,0,1,1,0,0
4720,4720.png,wsj443.png,data/news/wsj443.png,exact,N,38.2,10,677.2888888888889,26.024774521384213,0,1,1,1,1,1,1,0,0,0,1,3,5,3,6,1,1,0,0,0,0,0,0,1,0,0,0,0,0
4721,4721.png,visMost471.png,data/vis1/visMost471.png,exact,I,53.8,10,463.2888888888889,21.524146647170216,0,0,0,1,1,1,0,0,0,0,1,3,1,1,6,5,1,0,0,0,1,1,0,0,1,1,1,0,0
4722,4722.png,vis95.png,data/vis2/vis95.png,exact,I,39.2,10,577.7333333333333,24.036083984986686,0,0,0,1,0,1,0,0,1,0,1,8,0,1,5,1,0,0,0,0,0,0,0,0,0,0,1,0,0
4723,4723.png,vis524.png,data/vis3/vis524.png,exact,I,78.3,10,1094.8999999999999,33.089273186336385,0,0,0,1,0,1,0,0,0,0,1,7,3,1,4,3,0,0,1,1,1,0,0,0,0,0,0,0,0
4724,4724.png,vis242.png,data/vis2/vis242.png,exact,I,46.7,10,757.3444444444444,27.51989179565291,0,0,0,1,1,1,0,0,0,0,1,12,5,4,12,4,1,0,0,1,0,1,0,1,0,0,1,0,0
4725,4725.png,visMost317.png,data/vis1/visMost317.png,exact,I,43.0,10,427.77777777777777,20.68278940998476,0,0,1,1,1,1,0,0,0,0,0,8,3,2,5,3,1,0,1,0,1,0,0,0,0,0,1,0,0
4726,4726.png,v487_n7407_21_f2.png,data/science/v487_n7407_21_f2.png,exact,S,72.8,10,487.73333333333335,22.0846854931949,0,1,1,0,1,0,1,0,0,0,0,9,6,7,8,4,1,1,1,0,0,0,0,0,0,1,1,0,0
4727,4727.png,wsj325.png,data/news/wsj325.png,exact,N,25.5,10,112.27777777777777,10.596120883501555,0,0,1,1,0,1,0,0,0,0,1,3,2,1,6,1,1,0,0,0,0,0,0,1,0,0,0,0,0
4728,4728.png,v488_n7413_17_f3.png,data/science/v488_n7413_17_f3.png,exact,S,49.0,10,614.0,24.779023386727733,0,1,1,1,1,0,1,0,0,0,0,5,3,2,4,3,1,0,1,1,0,0,0,0,0,0,1,0,0
4729,4729.png,vis532.png,data/vis3/vis532.png,exact,I,39.1,10,702.9888888888889,26.51393763455155,0,0,0,1,1,1,0,0,0,0,1,7,1,3,9,1,1,0,0,0,0,0,0,0,0,0,1,0,0
4730,4730.png,vis83.png,data/vis2/vis83.png,exact,I,46.7,10,862.0111111111112,29.36002573416977,0,0,0,1,1,0,1,0,0,0,1,13,0,2,1,1,0,0,0,0,0,0,0,0,0,0,0,0,1
4731,4731.png,visMost467.png,data/vis1/visMost467.png,exact,I,49.1,10,442.32222222222225,21.03145791955998,0,0,0,1,1,1,1,1,0,0,1,5,1,2,7,3,1,0,0,0,1,0,0,0,1,0,0,0,1
4732,4732.png,visMost301.png,data/vis1/visMost301.png,exact,I,57.1,10,492.09999999999997,22.183327072375775,0,1,1,1,1,0,0,0,0,0,0,6,5,1,43,4,1,0,1,1,0,0,0,1,1,0,0,0,0
4733,4733.png,vis254.png,data/vis2/vis254.png,exact,I,65.4,10,220.04444444444445,14.83389512044778,0,0,0,0,1,1,1,1,0,0,0,2,1,1,1,1,1,0,0,0,0,0,0,0,0,0,0,0,1
4734,4734.png,wsj333.png,data/news/wsj333.png,exact,N,24.3,10,424.23333333333335,20.596925336887868,0,0,1,1,1,1,0,0,0,0,1,3,3,1,2,2,1,0,1,0,0,0,0,0,0,0,1,0,0
4735,4735.png,wsj327.png,data/news/wsj327.png,exact,N,51.5,10,604.0555555555555,24.577541690648307,0,1,1,1,1,1,1,0,0,0,1,6,7,1,5,1,1,0,0,0,0,0,0,1,0,0,0,0,0
4736,4736.png,v487_n7408_18_f4.png,data/science/v487_n7408_18_f4.png,exact,S,87.0,10,224.22222222222223,14.974051630144135,0,0,0,1,1,0,1,1,0,0,0,11,1,3,8,3,1,0,0,1,1,0,0,0,0,0,0,0,1
4737,4737.png,visMost315.png,data/vis1/visMost315.png,exact,I,36.1,10,381.2111111111111,19.524628321970976,0,0,0,1,0,1,0,0,1,0,1,5,1,1,4,2,1,0,0,0,1,0,0,0,0,0,1,0,0
4738,4738.png,vis240.png,data/vis2/vis240.png,exact,I,36.3,10,535.3444444444444,23.13751163034704,0,1,1,1,1,1,1,1,0,0,1,8,7,2,7,4,1,0,1,0,1,0,0,1,0,0,1,0,0
4739,4739.png,vis526.png,data/vis3/vis526.png,exact,I,34.4,10,746.0444444444445,27.31381416873968,0,0,0,1,1,0,0,0,0,0,1,14,4,5,8,2,1,0,0,0,1,0,0,0,0,0,1,0,0
4740,4740.png,vis97.png,data/vis2/vis97.png,exact,I,42.1,10,379.2111111111111,19.47334360378595,0,0,0,1,0,1,0,0,0,0,1,18,2,2,7,2,0,0,0,0,1,0,0,0,0,0,1,0,0
4741,4741.png,visMost473.png,data/vis1/visMost473.png,exact,I,65.3,10,326.23333333333335,18.06193049851907,0,0,0,1,1,0,1,0,0,0,1,4,1,1,1,1,0,0,0,0,0,0,0,0,0,0,0,0,1
4742,4742.png,wsj441.png,data/news/wsj441.png,exact,N,22.1,10,337.65555555555557,18.37540626912928,0,0,0,1,1,1,1,1,0,0,1,5,1,2,1,1,0,0,0,0,0,0,0,0,1,0,0,0,0
4743,4743.png,whoB09_1.png,data/government/whoB09_1.png,exact,G,27.3,10,343.78888888888895,18.54154494342068,0,1,1,0,1,0,0,0,0,0,0,6,2,1,1,2,0,0,0,0,0,0,0,1,0,1,0,0,0
4744,4744.png,whoI18.png,data/government/whoI18.png,exact,G,37.0,10,423.3333333333333,20.575065816014618,0,0,0,0,1,1,0,0,0,1,0,0,0,3,1,2,0,0,0,1,1,0,0,0,0,0,0,0,0
4745,4745.png,economist_daily_chart_299.png,data/news/economist_daily_chart_299.png,exact,N,52.9,10,402.9888888888889,20.07458315604309,0,1,1,1,1,1,0,0,0,0,1,6,2,2,2,2,1,0,0,0,0,0,0,1,0,1,0,0,0
4746,4746.png,wsj469.png,data/news/wsj469.png,exact,N,22.400000000000002,10,600.4888888888889,24.504874798474056,0,0,0,1,0,1,1,0,0,0,1,5,0,1,1,1,1,0,0,0,0,0,0,0,1,0,0,0,0
4747,4747.png,v488_n7412_11_f1.png,data/science/v488_n7412_11_f1.png,exact,S,73.0,10,496.44444444444446,22.28103328942454,0,0,0,1,1,1,0,0,0,0,0,1,0,4,4,2,0,0,0,0,0,0,0,0,0,0,1,0,1
4748,4748.png,v490_n7419_23_f4.png,data/science/v490_n7419_23_f4.png,exact,S,88.6,10,98.26666666666667,9.912954487269003,0,1,1,0,1,0,1,1,0,0,0,11,7,3,19,3,1,0,0,0,0,0,0,1,0,1,1,0,0
4749,4749.png,vis268.png,data/vis2/vis268.png,exact,I,38.8,10,347.73333333333335,18.647609319516896,0,0,1,1,1,1,1,0,0,0,1,12,4,1,8,3,1,1,0,1,1,0,0,0,0,0,0,0,0
4750,4750.png,visMost329.png,data/vis1/visMost329.png,exact,I,57.7,10,410.6777777777778,20.265186349446132,0,0,0,1,1,1,0,0,0,0,0,5,0,0,5,1,0,0,0,0,1,0,0,0,0,0,0,0,0
4751,4751.png,whoJ29_2.png,data/government/whoJ29_2.png,exact,G,12.9,10,147.2111111111111,12.133058604948346,0,1,1,1,1,1,1,0,0,0,0,2,1,2,1,1,0,0,1,0,0,0,0,0,0,0,0,0,0
4752,4752.png,whoH11_3.png,data/government/whoH11_3.png,exact,G,8.1,10,47.43333333333333,6.887186169498639,0,1,1,1,1,0,0,0,0,0,1,4,1,1,1,1,1,0,1,0,0,0,0,0,0,0,0,0,0
4753,4753.png,v487_n7407_5_f4.png,data/science/v487_n7407_5_f4.png,exact,S,73.0,10,758.4444444444445,27.539870087646463,0,1,1,0,0,0,0,0,0,0,0,3,1,2,2,2,0,0,1,0,0,0,0,0,0,0,1,0,0
4754,4754.png,vis40.png,data/vis2/vis40.png,exact,I,55.1,10,1294.3222222222223,35.976689984241496,0,0,0,1,0,1,1,0,0,0,1,6,4,2,7,3,1,0,0,0,1,0,0,0,1,0,1,0,0
4755,4755.png,economist_daily_chart_266.png,data/news/economist_daily_chart_266.png,exact,N,45.3,10,706.6777777777778,26.58341170312377,0,0,1,1,0,0,1,1,0,0,1,6,1,2,1,1,0,0,0,0,0,0,0,0,0,1,0,0,0
4756,4756.png,wsj496.png,data/news/wsj496.png,exact,N,42.2,10,781.9555555555555,27.96346823188346,0,0,1,1,1,1,0,0,0,0,1,4,2,4,5,3,0,1,1,0,0,0,0,1,0,0,0,0,0
4757,4757.png,np_11.png,data/news/np_11.png,exact,N,59.7,10,151.12222222222223,12.293177873203586,0,0,0,1,1,1,0,0,0,0,0,7,2,2,31,2,0,0,0,1,0,0,0,0,0,0,0,0,1
4758,4758.png,v485_n7397_14_f2.png,data/science/v485_n7397_14_f2.png,exact,S,56.0,10,858.2222222222222,29.295430056959773,0,1,1,0,1,0,1,0,0,0,0,5,3,3,3,2,1,0,0,0,0,0,0,1,0,1,0,0,0
4759,4759.png,v487_n7405_16_f2.png,data/science/v487_n7405_16_f2.png,exact,S,83.5,10,206.05555555555554,14.354635333422983,0,1,0,1,1,0,1,0,0,0,0,5,6,4,8,3,1,0,1,0,1,0,0,1,0,0,0,0,0
4760,4760.png,economist_daily_chart_500.png,data/news/economist_daily_chart_500.png,exact,N,28.0,10,323.55555555555554,17.987650084309387,0,0,0,0,0,1,1,0,0,0,1,5,2,1,1,1,1,0,1,0,0,0,0,0,0,0,0,0,0
4761,4761.png,whoN23_1.png,data/government/whoN23_1.png,exact,G,26.1,10,298.76666666666665,17.284868141431296,0,1,1,1,0,0,1,0,0,0,0,3,1,2,1,1,0,0,1,0,0,0,0,0,0,0,0,0,0
4762,4762.png,vis283.png,data/vis2/vis283.png,exact,I,38.3,10,719.3444444444444,26.820597391639964,0,0,0,1,1,1,1,0,0,0,0,4,5,2,6,3,1,0,1,0,0,1,0,0,0,0,1,0,0
4763,4763.png,economist_daily_chart_514.png,data/news/economist_daily_chart_514.png,exact,N,24.5,10,416.94444444444446,20.41921752772237,0,0,1,1,1,1,0,0,0,0,1,4,2,1,1,1,0,0,0,0,0,0,0,1,0,0,0,0,0
4764,4764.png,treasuryA8.png,data/government/treasuryA8.png,exact,G,20.8,10,417.06666666666666,20.42221013178218,0,1,1,1,1,1,0,0,0,0,0,4,2,0,1,1,0,0,0,0,0,0,0,1,0,0,0,0,0
4765,4765.png,economist_daily_chart_272.png,data/news/economist_daily_chart_272.png,exact,N,15.9,10,137.2111111111111,11.713714658941932,0,1,1,1,0,1,0,0,0,0,1,3,1,1,2,1,1,0,1,0,0,0,0,0,0,0,0,0,0
4766,4766.png,wsj482.png,data/news/wsj482.png,exact,N,11.2,10,83.28888888888889,9.126274644612055,0,0,0,1,1,1,0,0,0,0,1,3,1,1,1,1,0,0,1,0,0,0,0,0,0,0,0,0,0
4767,4767.png,v488_n7411_20_f1.png,data/science/v488_n7411_20_f1.png,exact,S,84.0,10,392.44444444444446,19.810210610804834,0,1,1,0,1,0,1,0,0,0,0,6,1,3,5,2,1,0,1,0,1,0,0,0,0,0,0,0,0
4768,4768.png,vis54.png,data/vis2/vis54.png,exact,I,28.4,10,377.15555555555557,19.42049318517827,0,0,0,1,1,1,0,0,0,0,1,4,1,0,1,1,0,0,0,0,1,0,0,0,0,0,0,0,0
4769,4769.png,v489_n7417_1_f5.png,data/science/v489_n7417_1_f5.png,exact,S,45.5,10,399.6111111111111,19.990275413588254,0,1,1,0,1,0,0,0,0,0,0,7,4,1,3,3,1,0,0,0,1,0,0,1,0,1,0,0,0
4770,4770.png,v483_n7390_20_f3.png,data/science/v483_n7390_20_f3.png,exact,S,84.7,10,226.67777777777778,15.055822055861904,0,1,1,0,0,0,1,0,0,0,0,8,2,3,6,3,1,0,1,0,0,0,1,0,0,0,1,0,0
4771,4771.png,whoG03.png,data/government/whoG03.png,exact,G,21.9,10,199.87777777777777,14.137813755237326,0,1,1,1,0,0,1,0,0,0,1,5,1,2,1,1,1,0,1,0,0,0,0,0,0,0,0,0,0
4772,4772.png,visMost498.png,data/vis1/visMost498.png,exact,I,33.6,10,413.3777777777778,20.331693922980882,0,0,0,1,1,1,0,0,0,0,1,5,5,3,7,3,1,0,1,0,0,1,0,0,0,0,1,0,0
4773,4773.png,whoQ22_2.png,data/government/whoQ22_2.png,exact,G,23.4,10,340.93333333333334,18.464380123181318,0,1,1,1,0,1,1,0,0,0,0,4,3,0,1,2,0,1,1,0,0,0,0,0,0,0,0,0,0
4774,4774.png,v490_n7420_6_f1.png,data/science/v490_n7420_6_f1.png,exact,S,65.2,10,1185.5111111111112,34.43125195387341,0,0,0,0,1,0,0,0,0,0,0,4,0,1,3,1,1,0,0,0,1,0,0,0,0,0,0,0,0
4775,4775.png,np_39.png,data/news/np_39.png,exact,N,79.0,10,888.8888888888889,29.814239699997195,0,0,0,1,0,1,0,0,0,0,0,1,1,1,1,1,0,0,0,0,0,1,0,0,0,0,0,0,0
4776,4776.png,v485_n7398_23_f3.png,data/science/v485_n7398_23_f3.png,exact,S,71.1,10,604.1,24.57844584183467,0,1,1,0,0,0,0,0,0,0,0,2,3,0,4,2,1,0,1,0,0,0,1,0,0,0,0,0,0
4777,4777.png,economist_daily_chart_528.png,data/news/economist_daily_chart_528.png,exact,N,16.8,10,169.95555555555555,13.036700332352337,0,0,1,1,0,1,0,0,0,0,1,2,1,1,1,1,0,0,1,0,0,0,0,0,0,0,0,0,0
4778,4778.png,vis68.png,data/vis2/vis68.png,exact,I,48.6,10,611.6,24.73054791143941,0,0,1,1,1,1,0,0,0,0,1,7,10,3,7,4,1,0,1,0,0,0,0,0,1,1,1,0,0
4779,4779.png,whoQ41_1.png,data/government/whoQ41_1.png,exact,G,21.8,10,300.84444444444443,17.34486795696192,0,0,1,1,0,0,1,0,0,0,0,3,1,2,1,1,0,0,1,0,0,0,0,0,0,0,0,0,0
4780,4780.png,wsj131.png,data/news/wsj131.png,exact,N,25.0,10,377.1111111111111,19.419348884839344,0,1,1,1,1,1,1,0,0,0,1,4,2,1,7,1,1,0,1,0,0,0,0,0,0,0,0,0,0
4781,4781.png,visMost103.png,data/vis1/visMost103.png,exact,I,47.6,10,416.7111111111111,20.413503156271613,0,0,1,1,1,1,0,0,0,0,0,1,4,1,8,3,1,0,0,1,1,0,0,0,0,0,1,0,0
4782,4782.png,visMost18.png,data/vis1/visMost18.png,exact,I,58.4,10,381.15555555555557,19.523205565571335,0,1,1,1,1,1,0,0,0,0,1,3,14,3,16,4,1,1,1,1,1,0,0,0,0,0,0,0,0
4783,4783.png,visMost665.png,data/vis1/visMost665.png,exact,I,41.6,10,311.6,17.652195330892983,0,0,0,1,1,1,0,0,0,0,0,12,0,4,1,2,0,0,0,1,1,0,0,0,0,0,0,0,0
4784,4784.png,whoK26.png,data/government/whoK26.png,exact,G,11.5,10,131.38888888888889,11.462499242699598,0,0,0,1,1,1,0,0,0,0,0,4,1,1,1,1,0,0,0,1,0,0,0,0,0,0,0,0,0
4785,4785.png,vis730.png,data/vis3/vis730.png,exact,I,46.0,10,1133.5555555555557,33.668316791243896,0,0,1,1,1,1,0,0,0,0,1,16,5,5,5,4,1,0,1,1,1,0,0,0,0,0,1,0,0
4786,4786.png,v487_n7405_20_f3.png,data/science/v487_n7405_20_f3.png,exact,S,64.1,10,728.9888888888889,26.999794237899092,0,1,1,0,0,0,1,0,0,0,0,4,3,3,11,3,1,0,1,0,0,0,0,0,0,0,1,1,0
4787,4787.png,visMost671.png,data/vis1/visMost671.png,exact,I,46.2,10,1410.622222222222,37.558251053826005,0,0,0,0,1,1,0,0,0,0,1,6,13,13,16,3,1,0,0,1,1,0,0,0,0,0,1,0,0
4788,4788.png,vis724.png,data/vis3/vis724.png,exact,I,43.9,10,748.7666666666667,27.36360112753193,0,0,1,1,1,1,0,0,0,0,0,6,2,1,6,1,1,0,0,0,0,0,0,1,0,0,0,0,0
4789,4789.png,visMost117.png,data/vis1/visMost117.png,exact,I,42.8,10,871.0666666666666,29.513838562048594,0,0,1,1,1,1,0,0,0,0,0,4,8,3,9,5,1,0,1,1,1,0,0,1,0,0,1,0,0
4790,4790.png,wsj125.png,data/news/wsj125.png,exact,N,19.6,10,1073.1555555555556,32.75905303203308,0,0,0,1,0,1,0,0,0,0,1,2,0,1,1,1,0,0,0,0,1,0,0,0,0,0,0,0,0
4791,4791.png,v484_n7394_5_f1.png,data/science/v484_n7394_5_f1.png,exact,S,57.5,10,933.1666666666666,30.547776787626734,0,1,1,0,0,0,1,0,0,1,0,0,3,1,1,1,0,0,0,0,0,0,0,1,0,0,0,0,0
4792,4792.png,v488_n7410_10_f2.png,data/science/v488_n7410_10_f2.png,exact,S,37.9,10,650.3222222222222,25.50141608268494,0,0,0,1,0,0,1,1,0,0,0,8,1,1,2,1,1,0,0,0,0,0,0,0,1,0,0,0,0
4793,4793.png,v485_n7398_15_f2.png,data/science/v485_n7398_15_f2.png,exact,S,47.2,10,810.8444444444444,28.475330453647846,0,1,1,0,1,0,0,0,0,0,0,2,2,2,1,2,0,0,0,0,0,1,0,1,0,0,0,0,0
4794,4794.png,visMost24.png,data/vis1/visMost24.png,exact,I,49.1,10,850.3222222222222,29.16028501613491,0,0,0,1,1,0,0,0,0,0,0,11,0,1,1,2,0,0,0,0,1,0,0,0,0,0,0,0,1
4795,4795.png,visMost659.png,data/vis1/visMost659.png,exact,I,73.6,10,570.0444444444445,23.875603540946237,0,0,1,0,1,0,0,0,0,0,0,6,3,3,3,3,1,1,1,0,0,1,0,0,0,0,0,0,0
4796,4796.png,v484_n7395_5_f1.png,data/science/v484_n7395_5_f1.png,exact,S,81.8,10,155.95555555555555,12.488216668346027,0,1,1,1,0,0,1,1,0,0,0,8,5,1,15,2,1,1,0,0,0,0,0,1,0,0,0,0,0
4797,4797.png,visMost30.png,data/vis1/visMost30.png,exact,I,53.5,10,510.72222222222223,22.59916419300108,0,0,1,1,1,1,0,0,0,0,1,3,1,1,2,2,1,0,0,0,1,0,0,0,0,0,1,0,0
4798,4798.png,vis718.png,data/vis3/vis718.png,exact,I,49.5,10,480.5,21.920310216782973,0,0,0,1,1,1,0,0,0,0,0,5,1,1,1,2,0,1,0,1,0,0,0,0,0,0,0,0,0
4799,4799.png,whoH13_1.png,data/government/whoH13_1.png,exact,G,9.0,10,128.44444444444446,11.333333333333334,0,1,1,1,0,0,0,0,0,0,0,1,1,1,1,1,1,0,1,0,0,0,0,0,0,0,0,0,0
4800,4800.png,v483_n7390_16_f2.png,data/science/v483_n7390_16_f2.png,exact,S,81.6,10,142.93333333333334,11.955472944778611,0,1,1,0,1,0,0,0,0,1,0,0,5,3,9,2,1,0,1,0,0,0,0,0,0,0,1,0,0
4801,4801.png,v488_n7409_12_f4.png,data/science/v488_n7409_12_f4.png,exact,S,60.5,10,774.7222222222222,27.833832330856314,0,0,1,0,1,0,0,0,0,0,0,2,2,3,1,2,0,0,0,0,0,0,0,0,0,0,1,0,1
4802,4802.png,v485_n7396_24_f1.png,data/science/v485_n7396_24_f1.png,exact,S,80.6,10,419.6,20.48414020651099,0,1,1,0,1,0,0,0,0,0,0,6,5,5,10,4,1,0,0,1,1,1,0,0,0,0,0,1,0
4803,4803.png,wsj119.png,data/news/wsj119.png,exact,N,17.4,10,144.48888888888888,12.020353109991772,0,0,0,1,1,1,1,1,0,0,1,9,2,1,2,2,0,0,0,0,0,0,0,0,1,0,1,0,0
4804,4804.png,v484_n7392_21_f4.png,data/science/v484_n7392_21_f4.png,exact,S,65.9,10,767.6555555555556,27.706597690000763,0,1,1,0,0,0,0,0,0,0,0,3,2,1,3,3,1,0,1,0,1,0,0,0,0,0,1,0,0
4805,4805.png,economist_daily_chart_60.png,data/news/economist_daily_chart_60.png,exact,N,18.9,10,202.32222222222222,14.224001624796808,0,0,0,0,0,0,0,0,1,0,1,2,2,2,1,1,0,0,0,0,0,0,0,0,0,0,1,0,0
4806,4806.png,v487_n7407_17_f1.png,data/science/v487_n7407_17_f1.png,exact,S,27.0,10,404.6666666666667,20.11632835948615,0,1,1,0,0,0,0,0,0,0,0,3,3,0,2,1,1,0,0,0,0,0,0,1,0,0,0,0,0
4807,4807.png,v488_n7410_7_f5.png,data/science/v488_n7410_7_f5.png,exact,S,61.0,10,632.6666666666666,25.152865973217974,0,1,1,0,1,0,0,0,0,0,0,7,3,1,4,3,1,0,0,0,1,0,0,1,0,0,1,0,0
4808,4808.png,economist_daily_chart_74.png,data/news/economist_daily_chart_74.png,exact,N,18.9,10,494.9888888888889,22.248345756232954,0,0,0,0,0,0,1,1,0,0,0,4,0,2,1,1,0,0,0,0,0,0,0,0,1,0,0,0,0
4809,4809.png,v488_n7413_21_f2.png,data/science/v488_n7413_21_f2.png,exact,S,86.4,10,178.26666666666665,13.351654079801,0,1,1,0,1,0,0,0,0,0,0,2,7,4,12,3,1,0,1,0,0,0,0,1,0,0,1,0,0
4810,4810.png,v485_n7400_20_f4.png,data/science/v485_n7400_20_f4.png,exact,S,83.3,10,687.1222222222221,26.213016274786504,0,1,1,1,1,0,0,0,0,0,0,5,9,3,19,5,1,0,1,0,0,1,0,1,0,1,1,0,0
4811,4811.png,v487_n7406_11_f3.png,data/science/v487_n7406_11_f3.png,exact,S,79.0,10,176.0,13.2664991614216,0,1,1,0,1,1,1,0,0,0,0,6,2,3,4,2,1,0,0,0,1,0,0,1,0,0,0,0,0
4812,4812.png,vis917.png,data/vis3/vis917.png,exact,I,39.6,10,1168.4888888888888,34.18316674752193,0,0,0,1,1,1,0,0,0,0,1,7,3,2,5,3,1,0,0,1,1,0,0,0,0,0,1,0,0
4813,4813.png,whoC32_2.png,data/government/whoC32_2.png,exact,G,10.8,10,262.62222222222226,16.205623166735126,0,0,0,1,1,1,0,0,0,0,0,3,1,1,1,1,1,0,0,1,0,0,0,0,0,0,0,0,0
4814,4814.png,v485_n7400_7_f2.png,data/science/v485_n7400_7_f2.png,exact,S,64.7,10,383.56666666666666,19.584858096669137,0,1,1,0,1,0,1,0,0,0,0,4,3,2,1,1,0,0,0,0,0,0,0,1,0,0,0,0,0
4815,4815.png,v487_n7407_19_f4.png,data/science/v487_n7407_19_f4.png,exact,S,81.3,10,163.56666666666666,12.789318459818986,0,1,0,0,1,0,1,0,0,0,0,3,3,5,3,2,1,0,0,1,1,0,0,0,0,0,0,0,0
4816,4816.png,v490_n7419_15_f5.png,data/science/v490_n7419_15_f5.png,exact,S,50.8,10,884.8444444444444,29.746334974992205,0,0,0,0,0,0,1,1,0,0,0,11,3,1,3,1,1,0,0,0,0,0,0,0,1,0,0,0,0
4817,4817.png,whoC14_1.png,data/government/whoC14_1.png,exact,G,26.8,10,954.6222222222223,30.89696137522624,0,0,0,1,0,0,1,1,0,0,0,4,1,1,1,1,1,0,0,0,0,0,0,0,1,0,0,0,0
4818,4818.png,vis903.png,data/vis3/vis903.png,exact,I,59.1,10,1098.1,33.137591946307744,0,0,1,1,1,1,0,0,0,0,1,17,2,4,1,3,1,0,1,0,1,0,0,0,0,0,1,0,0
4819,4819.png,economist_daily_chart_48.png,data/news/economist_daily_chart_48.png,exact,N,15.9,10,364.5444444444445,19.093047018337447,0,0,0,1,1,1,1,1,0,0,0,7,1,1,1,1,0,0,0,0,0,0,0,0,1,0,0,0,0
4820,4820.png,whoK12_1.png,data/government/whoK12_1.png,exact,G,39.2,10,615.7333333333333,24.81397455736048,0,1,1,1,1,1,1,0,0,0,0,4,2,1,1,1,0,0,1,0,0,0,0,0,0,0,0,0,0
4821,4821.png,v484_n7395_9_f1.png,data/science/v484_n7395_9_f1.png,exact,S,77.8,10,374.6222222222222,19.3551600929112,0,1,1,0,1,0,0,0,0,0,0,4,4,1,3,2,1,1,0,0,0,0,0,1,0,0,0,0,0
4822,4822.png,vis122.png,data/vis2/vis122.png,exact,I,48.1,10,939.8777777777777,30.657426144048326,0,0,0,1,0,1,0,0,0,0,1,7,0,2,1,3,1,0,0,0,1,1,0,0,0,0,1,0,0
4823,4823.png,vis644.png,data/vis3/vis644.png,exact,I,74.6,10,1017.6,31.899843259803017,0,1,1,1,0,1,1,0,0,0,1,7,4,5,2,4,1,1,1,0,0,1,0,0,0,1,0,0,0
4824,4824.png,v484_n7392_3_f5.png,data/science/v484_n7392_3_f5.png,exact,S,71.6,10,544.2666666666667,23.32952349849149,0,0,1,0,1,0,0,0,0,0,0,2,1,1,4,1,1,0,0,0,1,0,0,0,0,0,0,0,0
4825,4825.png,visMost711.png,data/vis1/visMost711.png,exact,I,19.5,10,380.27777777777777,19.500712237705006,0,0,0,1,0,0,0,0,1,0,1,6,0,3,3,1,0,0,0,0,0,0,0,0,0,0,1,0,0
4826,4826.png,whoL02_1.png,data/government/whoL02_1.png,exact,G,46.6,10,1030.711111111111,32.10468986162475,0,0,0,0,1,1,0,0,0,0,1,3,0,3,1,1,0,0,0,0,1,0,0,0,0,0,0,0,0
4827,4827.png,v486_n7402_16_f3.png,data/science/v486_n7402_16_f3.png,exact,S,75.9,10,399.65555555555557,19.99138703430944,0,1,1,0,1,0,0,0,0,0,0,4,3,1,2,3,1,1,0,0,0,0,0,1,0,1,0,0,0
4828,4828.png,vis650.png,data/vis3/vis650.png,exact,I,22.5,10,385.1666666666667,19.62566347073817,0,0,1,1,1,1,0,0,0,1,1,1,2,1,2,2,1,0,0,0,1,0,0,0,1,0,0,0,0
4829,4829.png,vis888.png,data/vis3/vis888.png,exact,I,29.3,10,744.9000000000001,27.292856208172864,0,0,0,1,1,1,0,0,0,0,1,16,0,3,1,2,0,0,0,0,1,0,0,0,0,0,1,0,0
4830,4830.png,visMost705.png,data/vis1/visMost705.png,exact,I,22.2,10,418.6222222222222,20.46025958345158,0,0,1,1,1,1,0,0,0,0,1,19,0,1,1,1,0,0,0,0,1,0,0,0,0,0,0,0,0
4831,4831.png,v483_n7389_18_f4.png,data/science/v483_n7389_18_f4.png,exact,S,56.3,10,579.7888888888889,24.078805802798627,0,1,1,0,1,0,1,0,0,0,0,5,4,1,7,3,1,0,0,0,1,0,0,0,0,1,1,0,0
4832,4832.png,vis136.png,data/vis2/vis136.png,exact,I,39.6,10,790.7111111111111,28.11958589864209,0,0,0,1,1,1,0,0,0,0,1,12,10,2,3,2,1,0,0,0,1,0,0,0,0,0,1,0,0
4833,4833.png,v483_n7389_16_f1.png,data/science/v483_n7389_16_f1.png,exact,S,64.7,10,977.1222222222221,31.258954272691565,0,1,1,0,1,0,1,0,0,0,0,5,5,1,10,2,1,0,0,0,1,0,0,1,0,0,0,0,0
4834,4834.png,whoK09_2.png,data/government/whoK09_2.png,exact,G,11.7,10,130.23333333333332,11.411982007229652,0,1,1,1,1,0,1,0,0,0,0,2,2,1,1,1,0,0,1,0,0,0,0,0,0,0,0,0,0
4835,4835.png,vis678.png,data/vis3/vis678.png,exact,I,39.2,10,1084.4,32.93022927341989,0,0,1,1,1,1,0,0,0,0,1,4,1,2,2,1,0,0,1,0,0,0,0,0,0,0,0,0,0
4836,4836.png,v486_n7401_1_f1.png,data/science/v486_n7401_1_f1.png,exact,S,78.2,10,576.1777777777778,24.00370341796819,0,1,0,0,1,0,0,0,0,0,0,4,1,3,9,3,1,0,0,0,1,0,0,0,0,1,1,0,0
4837,4837.png,treasuryK06.png,data/government/treasuryK06.png,exact,G,30.6,10,398.4888888888889,19.96218647565664,0,1,1,0,1,1,1,0,0,0,0,3,2,1,1,1,0,0,1,0,0,0,0,0,0,0,0,0,0
4838,4838.png,v488_n7409_10_f1.png,data/science/v488_n7409_10_f1.png,exact,S,46.1,10,585.8777777777777,24.204912265442687,0,1,1,0,0,0,1,0,0,0,0,17,3,0,1,1,0,0,0,0,0,0,0,0,1,0,0,0,0
4839,4839.png,v485_n7396_26_f4.png,data/science/v485_n7396_26_f4.png,exact,S,81.9,10,535.8777777777777,23.149034057121643,0,1,1,0,0,0,1,0,0,0,0,6,4,5,7,3,1,0,1,0,0,0,0,1,0,0,1,0,0
4840,4840.png,visMost739.png,data/vis1/visMost739.png,exact,I,43.8,10,607.2888888888889,24.6432321112489,0,0,0,1,1,1,1,0,0,0,1,3,1,1,1,2,1,1,0,1,0,0,0,0,0,0,0,0,0
4841,4841.png,v484_n7395_7_f4.png,data/science/v484_n7395_7_f4.png,exact,S,75.4,10,805.8222222222223,28.387007982917506,0,1,1,0,1,0,1,1,0,0,0,9,6,2,19,5,1,1,0,1,0,0,0,1,0,1,0,0,1
4842,4842.png,vis687.png,data/vis3/vis687.png,exact,I,62.4,10,974.0444444444445,31.209685106460853,0,1,1,1,1,1,0,0,0,0,1,17,5,5,6,4,1,0,0,0,1,0,0,1,0,1,1,0,0
4843,4843.png,vis693.png,data/vis3/vis693.png,exact,I,38.6,10,1304.9333333333334,36.12386099703814,0,0,0,1,1,1,0,0,0,0,1,4,9,5,12,5,1,0,1,1,0,1,0,0,0,1,1,0,0
4844,4844.png,v490_n7418_11_f2.png,data/science/v490_n7418_11_f2.png,exact,S,74.8,10,409.2888888888889,20.230889473497918,0,1,1,0,1,0,0,0,0,0,0,5,7,1,5,3,1,1,0,0,0,1,0,1,0,0,0,0,0
4845,4845.png,economist_daily_chart_104.png,data/news/economist_daily_chart_104.png,exact,N,40.5,10,704.2777777777778,26.538232378547328,0,1,1,1,0,1,1,1,0,0,1,4,5,3,3,2,1,0,1,0,0,0,0,1,0,0,0,0,0
4846,4846.png,whoC13.png,data/government/whoC13.png,exact,G,4.4,10,20.044444444444444,4.477102237434884,0,1,1,1,0,0,0,0,0,0,0,1,2,0,1,1,1,0,1,0,0,0,0,0,0,0,0,0,0
4847,4847.png,vis863.png,data/vis3/vis863.png,exact,I,28.6,10,718.2666666666667,26.800497507820012,0,0,0,1,1,1,0,0,0,0,1,4,1,4,1,1,0,0,0,0,1,0,0,0,0,0,0,0,0
4848,4848.png,v487_n7406_13_f6.png,data/science/v487_n7406_13_f6.png,exact,S,55.6,10,1224.9333333333334,34.999047606089704,0,1,1,0,1,0,0,0,0,0,0,7,4,1,2,3,1,1,0,0,1,0,0,1,0,0,0,0,0
4849,4849.png,whoH08_2.png,data/government/whoH08_2.png,exact,G,1.9000000000000001,10,8.766666666666666,2.960855732160327,0,1,1,1,1,0,0,0,0,0,1,3,1,1,1,1,1,0,1,0,0,0,0,0,0,0,0,0,0
4850,4850.png,economist_daily_chart_138.png,data/news/economist_daily_chart_138.png,exact,N,18.8,10,315.28888888888895,17.756376006631786,0,0,1,1,0,1,1,1,0,0,0,3,1,2,1,1,0,0,1,0,0,0,0,0,0,0,0,0,0
4851,4851.png,v484_n7394_17_f2.png,data/science/v484_n7394_17_f2.png,exact,S,75.4,10,388.7111111111111,19.715757939047414,0,1,1,0,0,0,0,0,0,1,0,0,1,7,9,1,1,0,0,0,0,0,0,0,0,0,1,0,0
4852,4852.png,v487_n7405_4_f3.png,data/science/v487_n7405_4_f3.png,exact,S,78.5,10,432.05555555555554,20.785946106818315,0,1,1,0,1,0,0,0,0,0,0,4,3,17,3,4,1,0,1,0,0,1,0,1,0,0,1,0,0
4853,4853.png,vis877.png,data/vis3/vis877.png,exact,I,30.7,10,734.0111111111111,27.092639426809473,0,0,0,1,1,1,0,0,0,0,1,9,1,2,4,2,1,0,1,0,1,0,0,0,0,0,0,0,0
4854,4854.png,treasuryL09_1.png,data/government/treasuryL09_1.png,exact,G,15.9,10,399.65555555555557,19.99138703430944,0,0,0,0,0,1,0,0,1,0,0,1,3,1,1,1,0,0,0,0,0,0,0,0,0,0,1,0,0
4855,4855.png,v485_n7397_8_f2.png,data/science/v485_n7397_8_f2.png,exact,S,66.5,10,644.7222222222222,25.39138086481754,0,0,0,0,1,0,0,0,0,0,0,8,2,1,2,1,1,0,0,0,1,0,0,0,0,0,0,0,0
4856,4856.png,whoC07.png,data/government/whoC07.png,exact,G,19.5,10,340.5,18.452642087245934,0,0,0,1,0,0,1,0,0,0,0,3,0,1,1,1,1,0,0,0,0,0,0,0,1,0,0,0,0
4857,4857.png,wsj521.png,data/news/wsj521.png,exact,N,10.6,10,185.37777777777777,13.61535081361394,0,0,1,1,1,1,0,0,0,0,1,3,1,2,1,1,0,0,1,0,0,0,0,0,0,0,0,0,0
4858,4858.png,v489_n7414_21_f3.png,data/science/v489_n7414_21_f3.png,exact,S,56.1,10,423.43333333333334,20.577495798403977,0,1,1,0,1,0,1,1,0,0,0,5,9,2,5,4,1,0,0,0,1,1,0,1,0,1,0,0,0
4859,4859.png,visMost513.png,data/vis1/visMost513.png,exact,I,26.4,10,641.6,25.3298243183801,0,0,0,1,1,1,0,0,0,0,0,2,0,2,8,1,1,0,0,0,1,0,0,0,0,0,0,0,0
4860,4860.png,vis446.png,data/vis2/vis446.png,exact,I,18.8,10,357.5111111111111,18.907964224397908,0,0,0,1,1,1,0,0,0,0,1,8,1,1,1,1,0,0,0,0,1,0,0,0,0,0,0,0,0
4861,4861.png,vis320.png,data/vis2/vis320.png,exact,I,49.5,10,988.7222222222222,31.443953667155505,0,0,1,1,1,1,1,0,0,0,1,6,2,2,6,4,1,1,0,1,1,0,0,0,0,0,1,0,0
4862,4862.png,visMost275.png,data/vis1/visMost275.png,exact,I,43.9,10,933.8777777777777,30.55941389781188,0,1,1,1,1,1,1,0,0,0,1,16,10,4,11,5,1,1,1,1,1,0,0,1,0,0,0,0,0
4863,4863.png,wsj247.png,data/news/wsj247.png,exact,N,33.1,10,1097.2111111111112,33.12417713862657,0,0,0,0,0,0,0,0,1,0,1,2,2,2,3,1,0,0,0,0,1,0,0,0,0,0,0,0,0
4864,4864.png,wsj253.png,data/news/wsj253.png,exact,N,17.6,10,327.8222222222222,18.105861543219152,0,0,1,1,1,1,0,0,0,0,1,5,3,2,2,2,0,0,1,0,0,0,0,0,0,0,1,0,0
4865,4865.png,v483_n7388_7_f2.png,data/science/v483_n7388_7_f2.png,exact,S,66.9,10,422.5444444444444,20.555885883231703,0,1,1,0,1,0,0,0,0,0,0,2,5,2,6,1,1,0,0,0,0,0,0,1,0,0,0,0,0
4866,4866.png,vis334.png,data/vis2/vis334.png,exact,I,43.8,10,1161.7333333333333,34.08420944269257,0,1,1,1,1,1,0,0,0,0,1,7,6,10,12,4,1,0,1,0,1,0,0,1,0,0,1,0,0
4867,4867.png,visMost261.png,data/vis1/visMost261.png,exact,I,49.8,10,1483.0666666666666,38.51060460011848,0,0,0,1,0,1,1,0,1,0,1,9,0,3,1,1,0,0,0,0,0,0,0,0,0,0,1,0,0
4868,4868.png,visMost507.png,data/vis1/visMost507.png,exact,I,46.9,10,899.2111111111111,29.9868489693584,0,0,0,1,1,1,0,0,0,0,1,8,6,3,11,4,1,0,1,1,1,0,0,0,0,0,1,0,0
4869,4869.png,vis452.png,data/vis2/vis452.png,exact,I,22.2,10,197.73333333333335,14.06176849949299,0,0,0,1,1,1,0,0,0,0,1,20,2,1,6,2,1,1,0,1,0,0,0,0,0,0,0,0,0
4870,4870.png,wsj535.png,data/news/wsj535.png,exact,N,15.6,10,233.8222222222222,15.291246588235447,0,0,1,1,1,1,1,0,0,0,1,4,2,2,2,2,1,0,0,0,0,0,0,1,0,1,0,0,0
4871,4871.png,v487_n7406_9_f4.png,data/science/v487_n7406_9_f4.png,exact,S,73.4,10,546.9333333333334,23.386605853208657,0,0,0,0,1,0,0,0,0,0,0,6,0,1,3,1,1,0,0,0,1,0,0,0,0,0,0,0,0
4872,4872.png,v490_n7419_21_f1.png,data/science/v490_n7419_21_f1.png,exact,S,89.0,10,153.55555555555554,12.39175353029407,0,1,1,0,1,0,1,0,0,0,0,11,5,3,11,3,1,1,0,0,1,0,0,1,0,0,0,0,0
4873,4873.png,v487_n7406_7_f1.png,data/science/v487_n7406_7_f1.png,exact,S,72.5,10,637.3888888888889,25.246561922148704,0,1,1,0,1,0,0,0,0,0,0,5,4,3,8,3,1,0,0,0,1,0,0,1,0,1,0,0,0
4874,4874.png,wsj57.png,data/news/wsj57.png,exact,N,9.6,10,63.15555555555556,7.947046970765654,0,0,1,1,0,1,1,1,0,0,1,4,2,1,1,1,0,0,1,0,0,0,0,0,0,0,0,0,0
4875,4875.png,visMost249.png,data/vis1/visMost249.png,exact,I,29.1,10,781.6555555555556,27.958103575807062,0,0,0,1,1,1,0,0,0,0,1,14,0,1,8,1,0,0,0,0,1,0,0,0,0,0,0,0,0
4876,4876.png,vis308.png,data/vis2/vis308.png,exact,I,43.1,10,712.9888888888889,26.70185178763617,0,0,0,1,1,1,0,0,0,0,1,4,1,3,3,3,1,0,1,0,1,0,0,0,1,0,0,0,0
4877,4877.png,v487_n7407_7_f1.png,data/science/v487_n7407_7_f1.png,exact,S,58.8,10,466.40000000000003,21.59629597870894,0,1,1,0,1,0,1,0,0,0,0,5,3,5,5,3,1,0,1,0,0,1,0,0,0,1,0,0,0
4878,4878.png,wsj43.png,data/news/wsj43.png,exact,N,55.7,10,1011.1222222222223,31.798148094224327,0,0,0,1,1,1,1,0,0,0,1,4,0,3,4,1,0,0,0,0,0,0,0,0,1,0,0,0,0
4879,4879.png,wsj509.png,data/news/wsj509.png,exact,N,25.2,10,149.06666666666666,12.209286083414815,0,0,0,1,1,1,0,0,0,0,1,7,1,3,1,1,0,0,1,0,0,0,0,0,0,0,0,0,0
4880,4880.png,v484_n7393_13_f2.png,data/science/v484_n7393_13_f2.png,exact,S,89.7,10,103.78888888888889,10.18768319535354,0,1,1,0,1,0,1,0,0,0,0,9,8,3,11,3,1,0,1,0,0,0,0,1,0,0,1,0,0
4881,4881.png,v486_n7401_11_f2.png,data/science/v486_n7401_11_f2.png,exact,S,50.7,10,441.1222222222222,21.002909851309226,0,1,1,0,0,0,0,0,0,0,0,2,4,2,2,2,1,0,0,0,0,1,0,1,0,0,0,0,0
4882,4882.png,v490_n7418_2_f1.png,data/science/v490_n7418_2_f1.png,exact,S,74.4,10,429.15555555555557,20.716069983362086,0,1,1,0,0,0,1,0,0,0,0,3,4,3,3,4,1,1,1,0,0,0,0,1,0,1,0,0,0
4883,4883.png,vis485.png,data/vis2/vis485.png,exact,I,37.4,10,1362.4888888888888,36.91190714239632,0,0,0,1,1,1,0,0,0,0,1,9,8,5,8,4,1,0,0,0,1,1,0,0,0,1,1,0,0
4884,4884.png,economist_daily_chart_312.png,data/news/economist_daily_chart_312.png,exact,N,8.8,10,157.73333333333335,12.559193180030848,0,0,1,1,1,0,0,0,0,0,0,2,1,1,1,1,0,0,1,0,0,0,0,0,0,0,0,0,0
4885,4885.png,economist_daily_chart_474.png,data/news/economist_daily_chart_474.png,exact,N,11.9,10,110.32222222222222,10.50343859039611,0,0,1,1,0,0,1,0,0,0,1,4,1,2,1,1,0,0,1,0,0,0,0,0,0,0,0,0,0
4886,4886.png,wsj284.png,data/news/wsj284.png,exact,N,51.0,10,879.7777777777778,29.661048157099536,0,1,1,1,1,1,1,1,0,0,1,5,4,4,3,3,1,0,0,0,0,0,0,1,1,1,0,0,0
4887,4887.png,v486_n7402_20_f2.png,data/science/v486_n7402_20_f2.png,exact,S,72.3,10,487.34444444444443,22.075879245104698,0,1,1,0,0,0,0,0,0,1,0,0,1,4,4,2,1,0,1,0,0,0,0,0,0,0,1,0,0
4888,4888.png,economist_daily_chart_460.png,data/news/economist_daily_chart_460.png,exact,N,16.0,10,187.55555555555554,13.695092389449425,0,0,1,1,0,1,1,0,0,0,1,5,2,1,1,1,0,0,1,0,0,0,0,0,0,0,0,0,0
4889,4889.png,wsj290.png,data/news/wsj290.png,exact,N,9.2,10,96.84444444444445,9.840957496323437,0,1,1,1,1,1,0,0,0,0,0,2,2,1,2,2,0,0,1,0,0,0,0,0,0,0,1,0,0
4890,4890.png,v490_n7419_2_f1.png,data/science/v490_n7419_2_f1.png,exact,S,56.7,10,1406.2333333333333,37.49977777711934,0,0,0,0,1,0,0,0,0,0,1,2,0,1,1,1,0,0,0,0,1,0,0,0,0,0,0,0,0
4891,4891.png,v489_n7416_16_f1.png,data/science/v489_n7416_16_f1.png,exact,S,75.1,10,635.4333333333334,25.20780302472497,0,1,1,0,0,0,0,0,0,0,0,5,5,3,12,3,1,0,0,0,1,1,0,0,0,1,0,0,0
4892,4892.png,economist_daily_chart_306.png,data/news/economist_daily_chart_306.png,exact,N,34.2,10,589.2888888888889,24.275273199057697,0,0,1,1,1,1,1,1,0,0,1,5,3,1,1,1,0,0,0,0,0,0,0,1,0,0,0,0,0
4893,4893.png,vis491.png,data/vis2/vis491.png,exact,I,40.6,10,1032.4888888888888,32.13236513064186,0,0,0,1,1,0,0,0,0,0,1,8,1,2,3,1,0,0,0,0,0,0,0,0,0,0,1,0,0
4894,4894.png,v486_n7404_6_f2.png,data/science/v486_n7404_6_f2.png,exact,S,43.7,10,630.9,25.117722826721373,0,1,1,0,0,0,1,0,0,1,0,0,2,1,1,1,0,0,0,0,0,0,0,1,0,0,0,0,0
4895,4895.png,v485_n7398_3_f2.png,data/science/v485_n7398_3_f2.png,exact,S,93.1,10,53.87777777777777,7.340148348485729,0,0,0,0,1,0,0,0,0,0,0,7,0,1,3,1,1,0,0,0,1,0,0,0,0,0,0,0,0
4896,4896.png,v489_n7416_18_f4.png,data/science/v489_n7416_18_f4.png,exact,S,78.9,10,579.2111111111111,24.066805170423248,0,1,1,0,1,0,0,0,0,0,0,3,1,2,2,2,1,0,1,0,0,0,0,0,0,0,1,0,0
4897,4897.png,wsj94.png,data/news/wsj94.png,exact,N,55.5,10,766.7222222222222,27.689749406995762,0,0,0,1,1,1,1,1,0,0,1,3,1,1,1,2,0,0,0,1,0,0,0,0,1,0,0,0,0
4898,4898.png,v483_n7387_11_f3.png,data/science/v483_n7387_11_f3.png,exact,S,75.0,10,435.3333333333333,20.864643139371765,0,0,0,0,1,0,1,0,0,1,0,0,1,0,1,1,1,0,0,0,1,0,0,0,0,0,0,0,0
4899,4899.png,economist_daily_chart_448.png,data/news/economist_daily_chart_448.png,exact,N,9.3,10,146.01111111111112,12.083505745896392,0,0,1,1,0,1,0,0,0,0,1,3,1,1,1,1,0,0,1,0,0,0,0,0,0,0,0,0,0
4900,4900.png,visMost7.png,data/vis1/visMost7.png,exact,I,39.1,10,398.5444444444444,19.963577946962424,0,0,0,1,1,1,0,0,0,0,1,4,8,2,3,2,1,0,0,0,1,0,0,0,0,1,0,0,0
4901,4901.png,whoB34_1.png,data/government/whoB34_1.png,exact,G,20.6,10,339.82222222222225,18.434267607426726,0,1,1,1,1,1,0,0,0,0,0,4,2,1,1,1,0,0,0,0,0,0,0,1,0,0,0,0,0
4902,4902.png,v488_n7409_2_f6.png,data/science/v488_n7409_2_f6.png,exact,S,64.0,10,516.0,22.715633383201094,0,1,1,0,1,0,1,0,0,0,0,6,3,3,5,3,1,0,1,0,0,0,0,1,0,1,0,0,0
4903,4903.png,v486_n7404_14_f1.png,data/science/v486_n7404_14_f1.png,exact,S,38.2,10,951.7333333333333,30.850175580267504,0,1,1,0,1,0,1,0,0,0,0,6,1,2,2,3,1,0,0,0,0,0,0,0,1,1,1,0,0
4904,4904.png,wsj80.png,data/news/wsj80.png,exact,N,31.3,10,971.788888888889,31.173528656359853,0,1,1,1,1,1,0,0,0,0,1,4,3,2,8,4,1,1,1,0,0,0,0,1,0,1,0,0,0
4905,4905.png,v485_n7399_3_f2.png,data/science/v485_n7399_3_f2.png,exact,S,87.3,10,136.9,11.700427342623003,0,1,1,0,1,0,0,0,0,0,0,8,3,1,6,3,1,0,0,0,1,1,0,1,0,0,0,0,0
4906,4906.png,v486_n7402_2_f3.png,data/science/v486_n7402_2_f3.png,exact,S,81.2,10,105.5111111111111,10.271860158272752,0,0,1,1,0,0,1,0,0,0,0,9,4,5,5,3,1,1,0,0,0,0,0,1,0,1,0,0,0
4907,4907.png,v490_n7420_4_f4.png,data/science/v490_n7420_4_f4.png,exact,S,74.8,10,464.40000000000003,21.549941995281564,0,1,1,0,1,0,0,0,0,0,0,7,1,1,2,2,1,0,1,0,1,0,0,0,0,0,0,0,0
4908,4908.png,whoQ24_4.png,data/government/whoQ24_4.png,exact,G,16.9,10,172.98888888888888,13.152524050116346,0,1,1,1,0,1,1,0,0,0,0,4,2,1,1,1,1,0,1,0,0,0,0,0,0,0,0,0,0
4909,4909.png,whoJ14_2.png,data/government/whoJ14_2.png,exact,G,14.2,10,220.4,14.845874847916509,0,0,0,1,0,1,0,0,1,0,0,1,2,3,2,1,1,0,0,0,0,0,0,0,0,0,1,0,0
4910,4910.png,v485_n7399_3_f3.png,data/science/v485_n7399_3_f3.png,exact,S,77.8,10,388.40000000000003,19.707866449720022,0,0,1,0,1,0,0,0,0,0,0,7,6,3,4,3,1,0,0,0,0,1,0,1,0,1,0,0,0
4911,4911.png,whoA04.png,data/government/whoA04.png,exact,G,13.6,10,140.04444444444445,11.834037537731763,0,0,0,1,0,1,0,0,1,0,0,1,1,3,1,1,0,0,0,0,0,0,0,0,0,0,1,0,0
4912,4912.png,wsj81.png,data/news/wsj81.png,exact,N,35.6,10,918.0444444444445,30.299248248833575,0,1,1,1,1,1,1,0,0,0,1,7,6,3,5,1,1,0,0,0,0,0,0,1,0,0,0,0,0
4913,4913.png,v490_n7420_4_f5.png,data/science/v490_n7420_4_f5.png,exact,S,75.3,10,461.34444444444443,21.47893024441498,0,0,0,0,1,0,0,0,0,0,0,4,0,1,1,1,0,0,0,0,1,0,0,0,0,0,0,0,0
4914,4914.png,v486_n7402_2_f2.png,data/science/v486_n7402_2_f2.png,exact,S,77.2,10,458.6222222222222,21.41546689246401,0,0,1,0,0,0,1,0,0,0,0,16,1,4,2,2,1,1,0,0,0,1,0,0,0,0,0,0,0
4915,4915.png,v485_n7398_3_f3.png,data/science/v485_n7398_3_f3.png,exact,S,86.5,10,124.5,11.157956802210698,0,0,0,0,1,0,0,0,0,0,0,6,1,1,2,1,0,0,0,0,1,0,0,0,0,0,0,0,0
4916,4916.png,visMost6.png,data/vis1/visMost6.png,exact,I,54.6,10,566.2666666666667,23.79635826479898,0,0,1,1,0,1,0,0,0,0,1,5,5,4,5,4,1,0,1,1,0,0,0,1,0,0,1,0,0
4917,4917.png,economist_daily_chart_449.png,data/news/economist_daily_chart_449.png,exact,N,12.599999999999998,10,183.82222222222222,13.558105406811906,0,0,1,1,1,0,0,0,0,1,1,3,1,1,1,1,0,0,1,0,0,0,0,0,0,0,0,0,0
4918,4918.png,v483_n7387_11_f2.png,data/science/v483_n7387_11_f2.png,exact,S,89.2,10,382.17777777777775,19.54936770787684,0,0,0,0,1,0,0,0,0,1,0,0,1,1,1,1,0,0,0,0,1,0,0,0,0,0,0,0,0
4919,4919.png,v489_n7417_3_f1.png,data/science/v489_n7417_3_f1.png,exact,S,60.0,10,865.3333333333334,29.416548630546945,0,1,1,0,1,0,1,0,0,0,0,7,4,4,4,2,1,0,1,0,0,1,0,0,0,0,0,0,0
4920,4920.png,wsj291.png,data/news/wsj291.png,exact,N,34.2,10,841.5111111111111,29.00881092204765,0,0,1,1,1,1,0,0,0,0,1,4,3,2,4,2,1,0,0,0,0,0,0,1,0,0,1,0,0
4921,4921.png,economist_daily_chart_461.png,data/news/economist_daily_chart_461.png,exact,N,18.6,10,884.4888888888889,29.740357914606356,0,0,1,1,0,1,0,0,0,0,1,3,2,0,1,1,0,0,0,0,0,0,0,1,0,0,0,0,0
4922,4922.png,v486_n7404_6_f3.png,data/science/v486_n7404_6_f3.png,exact,S,69.8,10,1056.4,32.5023076103836,0,1,1,0,0,0,0,0,0,1,0,0,2,0,2,1,1,0,0,0,0,0,1,0,0,0,0,0,0
4923,4923.png,vis490.png,data/vis2/vis490.png,exact,I,66.6,10,1160.4888888888888,34.06594911181676,0,0,0,1,1,1,0,0,0,0,0,6,11,7,14,5,1,0,1,1,1,0,0,1,0,0,1,0,0
4924,4924.png,economist_daily_chart_307.png,data/news/economist_daily_chart_307.png,exact,N,11.2,10,192.4,13.870832707519762,0,0,1,1,0,1,0,0,0,0,1,3,1,1,1,1,0,0,1,0,0,0,0,0,0,0,0,0,0
4925,4925.png,economist_daily_chart_313.png,data/news/economist_daily_chart_313.png,exact,N,25.8,10,316.17777777777775,17.781388522209895,0,0,0,1,0,1,0,0,1,0,1,2,0,4,1,1,0,0,0,0,0,0,0,0,0,0,1,0,0
4926,4926.png,v489_n7416_3_f1.png,data/science/v489_n7416_3_f1.png,exact,S,61.4,10,1019.1555555555556,31.9242158173941,0,0,0,1,1,0,0,0,0,0,0,19,1,1,1,1,1,0,0,0,1,0,0,0,0,0,0,0,0
4927,4927.png,vis484.png,data/vis2/vis484.png,exact,I,48.3,10,1110.2333333333333,33.32016406522233,0,0,0,1,1,1,0,0,0,0,0,11,3,4,4,3,1,0,0,1,1,0,0,0,0,0,1,0,0
4928,4928.png,v486_n7402_20_f3.png,data/science/v486_n7402_20_f3.png,exact,S,74.9,10,312.76666666666665,17.685210393621748,0,1,0,1,1,1,1,0,0,0,0,7,6,7,6,3,1,0,1,0,0,0,0,1,0,0,1,0,0
4929,4929.png,wsj285.png,data/news/wsj285.png,exact,N,14.4,10,158.71111111111114,12.598059815348995,0,0,1,1,1,1,0,0,0,0,1,3,2,0,1,1,0,0,0,0,0,0,0,1,0,0,0,0,0
4930,4930.png,economist_daily_chart_475.png,data/news/economist_daily_chart_475.png,exact,N,39.2,10,651.0666666666666,25.516008047237065,0,0,0,1,1,0,1,0,0,0,1,4,1,1,1,1,0,0,0,0,0,0,0,0,1,0,0,0,0
4931,4931.png,wsj42.png,data/news/wsj42.png,exact,N,36.7,10,296.23333333333335,17.21143031050393,0,1,1,1,1,1,1,0,0,0,0,3,4,1,3,1,1,0,0,0,0,0,0,1,0,0,0,0,0
4932,4932.png,vis309.png,data/vis2/vis309.png,exact,I,64.1,10,628.7666666666667,25.075220171848276,0,1,0,1,1,1,1,0,0,0,1,18,11,7,24,4,1,0,0,1,1,0,0,0,1,0,1,0,0
4933,4933.png,v486_n7401_11_f3.png,data/science/v486_n7401_11_f3.png,exact,S,57.7,10,764.2333333333333,27.644770451811194,0,0,0,0,0,1,0,0,1,1,0,0,4,2,1,1,0,0,0,0,0,0,0,0,0,0,1,0,0
4934,4934.png,v484_n7393_13_f3.png,data/science/v484_n7393_13_f3.png,exact,S,78.2,10,211.2888888888889,14.535779610632822,0,1,1,1,1,0,0,0,0,0,0,8,2,4,5,3,1,0,1,0,1,0,0,0,0,0,1,0,0
4935,4935.png,wsj508.png,data/news/wsj508.png,exact,N,22.6,10,514.4888888888888,22.682347517152824,0,0,1,1,1,1,0,0,0,0,1,4,2,1,1,1,0,0,0,0,0,0,0,1,0,0,0,0,0
4936,4936.png,visMost248.png,data/vis1/visMost248.png,exact,I,57.8,10,800.6222222222223,28.295268548331933,0,0,1,1,1,1,0,0,1,0,1,19,1,3,22,2,0,0,1,0,0,0,0,0,0,0,1,0,0
4937,4937.png,wsj56.png,data/news/wsj56.png,exact,N,25.4,10,714.2666666666667,26.7257678405442,0,0,1,1,0,1,1,0,0,0,1,3,2,1,1,2,0,0,1,0,0,1,0,0,0,0,0,0,0
4938,4938.png,v490_n7420_13_f4.png,data/science/v490_n7420_13_f4.png,exact,S,52.3,10,718.4555555555555,26.8040212571837,0,1,1,0,1,0,0,0,0,0,0,3,4,1,1,1,0,0,0,0,0,0,0,1,0,0,0,0,0
4939,4939.png,visMost260.png,data/vis1/visMost260.png,exact,I,48.6,10,666.4888888888889,25.816446093312088,0,0,0,1,1,1,0,0,0,0,1,10,3,4,8,4,1,0,1,1,1,0,0,0,0,0,1,0,0
4940,4940.png,vis335.png,data/vis2/vis335.png,exact,I,48.8,10,561.5111111111111,23.696225672269225,0,1,1,1,1,1,0,0,0,0,1,18,1,3,35,5,1,0,1,1,1,0,0,0,1,0,1,0,0
4941,4941.png,v483_n7388_7_f3.png,data/science/v483_n7388_7_f3.png,exact,S,40.5,10,789.6111111111111,28.100019770653386,0,1,1,0,1,0,0,0,0,0,0,3,5,0,3,2,1,0,0,0,0,1,0,1,0,0,0,0,0
4942,4942.png,v484_n7392_15_f1.png,data/science/v484_n7392_15_f1.png,exact,S,50.8,10,492.4,22.190087877248256,0,0,1,0,1,0,0,0,0,0,0,6,3,3,6,3,1,0,0,0,1,0,0,0,1,0,1,0,0
4943,4943.png,wsj252.png,data/news/wsj252.png,exact,N,35.2,10,799.9555555555555,28.283485562348137,0,0,1,1,1,1,0,0,0,0,1,4,4,1,3,2,1,1,1,0,0,0,0,0,0,0,0,0,0
4944,4944.png,wsj534.png,data/news/wsj534.png,exact,N,55.2,10,630.4,25.107767722360343,0,0,1,1,1,1,0,0,0,0,1,4,3,2,9,2,1,0,1,0,0,0,0,1,0,0,0,0,0
4945,4945.png,v487_n7407_23_f4.png,data/science/v487_n7407_23_f4.png,exact,S,55.0,10,591.7777777777778,24.326483054025253,0,0,0,0,1,0,0,0,0,0,0,2,1,1,1,1,0,0,0,0,1,0,0,0,0,0,0,0,0
4946,4946.png,vis453.png,data/vis2/vis453.png,exact,I,60.6,10,807.1555555555556,28.41048319820618,0,0,1,1,1,1,1,0,0,0,1,12,5,5,5,3,1,0,1,0,1,0,0,0,1,0,0,0,0
4947,4947.png,visMost506.png,data/vis1/visMost506.png,exact,I,22.400000000000002,10,622.0444444444445,24.940818840696558,0,0,0,1,1,0,0,0,0,0,1,3,3,1,1,1,0,0,0,0,0,0,0,0,1,0,0,0,0
4948,4948.png,vis447.png,data/vis2/vis447.png,exact,I,40.1,10,820.3222222222222,28.64126781799685,0,0,0,1,0,1,0,0,1,0,1,8,2,1,1,1,0,0,0,0,0,0,0,0,0,0,1,0,0
4949,4949.png,visMost512.png,data/vis1/visMost512.png,exact,I,65.3,10,367.56666666666666,19.1720282356006,0,0,1,1,1,1,0,0,0,0,1,8,6,3,3,3,1,1,0,0,1,0,0,1,0,0,0,0,0
4950,4950.png,v489_n7414_21_f2.png,data/science/v489_n7414_21_f2.png,exact,S,60.0,10,570.8888888888889,23.893281249943232,0,1,1,0,1,0,1,0,0,0,0,2,7,1,11,3,1,0,1,0,0,0,0,1,0,0,0,0,1
4951,4951.png,wsj520.png,data/news/wsj520.png,exact,N,40.9,10,873.6555555555556,29.557664920550735,0,0,0,1,1,1,0,0,0,0,1,5,2,2,16,3,1,1,1,1,0,0,0,0,0,0,0,0,0
4952,4952.png,wsj246.png,data/news/wsj246.png,exact,N,52.3,10,336.4555555555555,18.342724867247927,0,0,1,1,1,1,0,0,0,0,1,3,3,3,3,3,1,0,1,0,0,0,0,1,1,0,0,0,0
4953,4953.png,v485_n7400_14_f1.png,data/science/v485_n7400_14_f1.png,exact,S,65.0,10,1105.111111111111,33.24321150417196,0,0,0,0,1,0,1,0,0,0,0,7,0,2,1,1,0,0,0,0,0,0,0,0,1,0,0,0,0
4954,4954.png,visMost274.png,data/vis1/visMost274.png,exact,I,45.4,10,759.8222222222222,27.56487297671118,0,0,1,1,1,1,1,1,0,0,1,22,1,2,1,1,0,0,0,1,0,0,0,0,0,0,0,0,0
4955,4955.png,vis321.png,data/vis2/vis321.png,exact,I,41.0,10,1171.7777777777778,34.231239793173984,0,1,1,0,0,0,0,0,0,0,0,1,3,0,2,4,1,1,0,0,0,0,0,1,1,0,0,0,1
4956,4956.png,vis876.png,data/vis3/vis876.png,exact,I,55.9,10,1132.9888888888888,33.65990031014484,0,0,0,1,1,1,0,0,0,0,1,13,4,2,7,3,1,0,0,1,1,0,0,0,0,0,1,0,0
4957,4957.png,v487_n7405_4_f2.png,data/science/v487_n7405_4_f2.png,exact,S,68.0,10,290.22222222222223,17.035909785574184,0,1,1,1,0,0,0,0,0,0,0,4,3,3,4,3,1,0,1,0,0,0,0,1,0,0,1,0,0
4958,4958.png,v489_n7415_11_f1.png,data/science/v489_n7415_11_f1.png,exact,S,34.1,10,801.4333333333334,28.309597901300776,0,0,0,0,1,0,0,0,0,0,1,4,0,1,1,1,0,0,0,0,0,0,0,0,1,0,0,0,0
4959,4959.png,v484_n7394_17_f3.png,data/science/v484_n7394_17_f3.png,exact,S,60.2,10,811.7333333333333,28.490934230616823,0,1,1,0,1,0,1,0,0,0,0,2,3,4,6,4,1,0,1,0,0,1,0,1,0,1,0,0,0
4960,4960.png,economist_daily_chart_139.png,data/news/economist_daily_chart_139.png,exact,N,17.3,10,580.0111111111112,24.083419838368286,0,0,1,1,1,1,0,0,0,0,0,2,1,1,1,1,0,0,1,0,0,0,0,0,0,0,0,0,0
4961,4961.png,v487_n7408_22_f4.png,data/science/v487_n7408_22_f4.png,exact,S,63.6,10,410.93333333333334,20.271490653953727,0,1,1,0,1,0,1,0,0,0,0,4,3,5,5,3,1,0,1,0,0,0,0,0,0,1,1,0,0
4962,4962.png,whoC06.png,data/government/whoC06.png,exact,G,27.5,10,507.3888888888889,22.525294424022274,0,0,0,1,0,1,0,0,0,0,0,1,0,1,1,1,1,0,0,0,0,0,0,0,1,0,0,0,0
4963,4963.png,whoB10_1.png,data/government/whoB10_1.png,exact,G,18.4,10,462.2666666666667,21.500387593405538,0,1,1,1,0,1,0,0,0,0,0,1,1,1,1,1,0,0,1,0,0,0,0,0,0,0,0,0,0
4964,4964.png,v485_n7397_8_f3.png,data/science/v485_n7397_8_f3.png,exact,S,69.2,10,489.9555555555555,22.134939700743608,0,0,0,0,1,0,0,0,0,0,0,3,0,2,3,1,1,0,0,0,1,0,0,0,0,0,0,0,0
4965,4965.png,whoC12.png,data/government/whoC12.png,exact,G,29.4,10,678.9333333333333,26.056349194262292,0,0,0,1,0,1,0,0,0,0,0,4,1,0,1,1,1,0,0,0,0,0,0,0,1,0,0,0,0
4966,4966.png,whoB36_2.png,data/government/whoB36_2.png,exact,G,16.0,10,440.44444444444446,20.986768318262925,0,1,1,1,1,1,1,0,0,0,0,2,1,3,1,1,0,0,1,0,0,0,0,0,0,0,0,0,0
4967,4967.png,vis862.png,data/vis3/vis862.png,exact,I,54.9,10,1259.2111111111112,35.48536474535821,0,0,0,1,0,0,0,0,1,0,0,7,3,0,4,1,1,0,0,0,0,0,0,0,0,0,1,0,0
4968,4968.png,economist_daily_chart_105.png,data/news/economist_daily_chart_105.png,exact,N,36.5,10,457.6111111111111,21.391846837314237,0,0,1,1,1,1,1,0,0,0,1,6,5,2,3,2,1,1,1,0,0,0,0,0,0,0,0,0,0
4969,4969.png,v490_n7418_11_f3.png,data/science/v490_n7418_11_f3.png,exact,S,50.5,10,954.0555555555555,30.887789748629725,0,1,1,0,0,0,1,0,0,0,0,2,2,2,2,1,1,0,0,0,0,0,0,0,0,1,0,0,0
4970,4970.png,vis692.png,data/vis3/vis692.png,exact,I,44.1,10,1204.7666666666667,34.709748870694334,0,0,0,1,1,1,0,0,0,0,1,4,3,2,4,3,1,0,1,0,1,0,0,0,0,0,1,0,0
4971,4971.png,v484_n7395_11_f1.png,data/science/v484_n7395_11_f1.png,exact,S,46.8,10,504.4,22.45885126180767,0,0,0,0,1,0,1,1,0,0,0,6,2,1,2,1,0,0,0,0,0,0,0,0,1,0,0,0,0
4972,4972.png,vis686.png,data/vis3/vis686.png,exact,I,54.7,10,352.4555555555556,18.773799710116105,0,0,1,1,0,1,1,0,0,0,1,15,10,12,21,6,1,1,1,1,0,0,0,0,1,1,0,1,0
4973,4973.png,economist_daily_chart_111.png,data/news/economist_daily_chart_111.png,exact,N,41.5,10,269.3888888888889,16.413070672146908,0,0,1,1,1,1,0,0,0,0,1,3,3,1,2,2,1,0,1,0,0,0,0,1,0,0,0,0,0
4974,4974.png,visMost738.png,data/vis1/visMost738.png,exact,I,60.9,10,801.8777777777779,28.317446526439806,0,0,0,1,1,1,0,0,0,0,1,12,2,5,6,2,1,0,0,0,1,0,0,0,0,0,1,0,0
4975,4975.png,whoQ58_1.png,data/government/whoQ58_1.png,exact,G,13.3,10,596.6777777777778,24.4269887169454,0,1,1,1,0,0,0,0,0,0,0,1,1,1,1,1,0,0,1,0,0,0,0,0,0,0,0,0,0
4976,4976.png,vis679.png,data/vis3/vis679.png,exact,I,48.6,10,794.2666666666667,28.182737032919047,0,0,1,1,1,1,1,0,0,0,0,2,4,3,8,4,1,0,1,1,1,0,0,0,0,0,1,0,0
4977,4977.png,v486_n7404_22_f1.png,data/science/v486_n7404_22_f1.png,exact,S,66.1,10,577.2111111111111,24.02521823233061,0,1,1,0,1,0,0,0,0,0,0,4,6,3,17,3,1,0,0,0,1,0,0,1,0,1,0,0,0
4978,4978.png,visMost704.png,data/vis1/visMost704.png,exact,I,73.7,10,429.7888888888889,20.73135038749017,0,1,0,1,1,1,1,0,0,0,1,11,5,2,3,3,1,1,0,1,0,0,0,0,0,1,0,0,0
4979,4979.png,vis889.png,data/vis3/vis889.png,exact,I,56.1,10,1102.3222222222223,33.20123826338744,0,0,1,1,1,0,0,0,0,0,1,3,2,1,8,3,1,0,1,0,1,0,0,0,0,1,0,0,0
4980,4980.png,whoJ47.png,data/government/whoJ47.png,exact,G,24.8,10,573.2888888888889,23.94345190002663,0,0,0,1,0,1,1,1,0,0,0,5,1,0,1,1,0,0,0,0,0,0,0,0,1,0,0,0,0
4981,4981.png,vis651.png,data/vis3/vis651.png,exact,I,49.7,10,833.5666666666666,28.87155462850358,0,0,0,1,1,1,0,0,0,0,1,6,4,4,17,4,1,0,1,1,1,0,0,0,0,0,1,0,0
4982,4982.png,v486_n7402_16_f2.png,data/science/v486_n7402_16_f2.png,exact,S,57.6,10,440.93333333333334,20.998412638419442,0,0,0,0,1,0,0,0,0,0,0,4,0,1,3,1,1,0,0,0,1,0,0,0,0,0,0,0,0
4983,4983.png,v484_n7393_3_f4.png,data/science/v484_n7393_3_f4.png,exact,S,68.8,10,470.62222222222226,21.693829127708696,0,0,1,0,1,0,0,0,0,0,0,6,1,1,6,2,1,0,0,0,1,0,1,0,0,0,0,0,0
4984,4984.png,vis137.png,data/vis2/vis137.png,exact,I,49.8,10,594.4,24.380319932273242,0,0,1,1,1,1,1,0,0,0,1,16,13,5,16,5,1,1,1,1,1,0,0,0,0,0,1,0,0
4985,4985.png,v485_n7398_19_f3.png,data/science/v485_n7398_19_f3.png,exact,S,64.3,10,630.9,25.117722826721373,0,0,1,1,1,0,0,0,0,1,0,0,4,1,15,4,1,0,1,0,0,1,1,1,0,0,0,0,0
4986,4986.png,v483_n7391_12_f4.png,data/science/v483_n7391_12_f4.png,exact,S,59.8,10,588.1777777777778,24.252376744924977,0,0,1,0,1,0,0,0,0,0,0,5,0,3,4,2,1,0,0,0,1,0,1,0,0,0,0,0,0
4987,4987.png,vis123.png,data/vis2/vis123.png,exact,I,73.8,10,500.1777777777778,22.36465465366675,0,0,1,1,1,1,0,0,0,0,1,8,1,5,1,3,1,0,0,0,0,0,0,1,0,0,0,1,1
4988,4988.png,v489_n7416_20_f1.png,data/science/v489_n7416_20_f1.png,exact,S,69.6,10,658.2666666666667,25.656708024738222,0,1,1,0,1,0,0,0,0,0,0,2,2,3,4,2,1,0,1,0,0,0,0,0,0,0,1,0,0
4989,4989.png,visMost710.png,data/vis1/visMost710.png,exact,I,50.1,10,1055.2111111111112,32.48401316203266,0,0,0,1,1,1,0,0,0,0,1,5,0,1,1,1,0,0,0,0,1,0,0,0,0,0,0,0,0
4990,4990.png,v484_n7392_3_f4.png,data/science/v484_n7392_3_f4.png,exact,S,61.7,10,659.1222222222223,25.673375746524304,0,1,1,0,1,0,0,0,0,0,0,1,2,1,2,3,1,0,0,0,1,0,0,0,1,1,0,0,0
4991,4991.png,vis645.png,data/vis3/vis645.png,exact,I,57.5,10,722.9444444444445,26.88762623298019,0,0,0,1,1,1,0,0,0,0,1,4,2,0,3,2,1,0,0,1,0,0,0,0,0,0,1,0,0
4992,4992.png,vis902.png,data/vis3/vis902.png,exact,I,49.2,10,689.9555555555555,26.267005073962192,0,0,1,1,1,1,0,0,0,0,1,2,1,1,5,2,1,0,0,0,1,0,0,0,0,0,1,0,0
4993,4993.png,whoQ43_2.png,data/government/whoQ43_2.png,exact,G,13.1,10,640.1000000000001,25.30019762768663,0,0,1,1,0,0,0,0,0,0,0,1,1,1,1,1,0,0,1,0,0,0,0,0,0,0,0,0,0
4994,4994.png,v487_n7408_20_f1.png,data/science/v487_n7408_20_f1.png,exact,S,77.9,10,217.87777777777777,14.760683513231282,0,1,1,1,0,0,1,0,0,0,0,6,3,7,4,3,1,0,0,0,0,0,1,1,0,1,0,0,0
4995,4995.png,v490_n7419_15_f4.png,data/science/v490_n7419_15_f4.png,exact,S,38.1,10,729.4333333333333,27.008023499199886,0,0,0,0,0,0,1,0,0,0,0,3,0,2,3,1,1,0,0,0,0,0,0,0,1,0,0,0,0
4996,4996.png,v485_n7400_7_f3.png,data/science/v485_n7400_7_f3.png,exact,S,55.1,10,1026.1,32.03279569441293,0,1,1,0,0,0,1,0,0,0,0,2,2,1,1,2,0,0,0,0,0,0,0,1,0,1,0,0,0
4997,4997.png,whoQ06_2.png,data/government/whoQ06_2.png,exact,G,25.5,10,706.9444444444445,26.588426889239695,0,0,1,1,0,1,1,0,0,0,0,4,2,1,1,1,0,0,0,0,0,0,0,1,0,0,0,0,0
4998,4998.png,economist_daily_chart_49.png,data/news/economist_daily_chart_49.png,exact,N,34.8,10,585.9555555555555,24.20651886487513,0,0,1,1,1,0,0,0,0,0,0,1,3,1,4,3,1,0,1,0,0,0,0,1,0,1,0,0,0
4999,4999.png,v488_n7411_9_f1.png,data/science/v488_n7411_9_f1.png,exact,S,49.4,10,667.8222222222222,25.842256523419586,0,0,1,0,0,0,1,1,0,0,0,15,2,1,1,2,0,0,0,0,0,0,0,0,1,1,0,0,0
5000,5000.png,whoQ20_1.png,data/government/whoQ20_1.png,exact,G,23.7,10,692.6777777777777,26.318772345566913,0,1,1,1,0,0,0,0,0,0,1,2,2,0,1,2,0,0,0,0,0,0,0,1,0,1,0,0,0
5001,5001.png,v487_n7406_11_f2.png,data/science/v487_n7406_11_f2.png,exact,S,78.2,10,236.4,15.375304875026057,0,1,1,1,1,0,1,0,0,0,0,10,4,2,6,3,1,0,0,0,1,0,0,1,0,1,0,0,0
5002,5002.png,vis916.png,data/vis3/vis916.png,exact,I,47.3,10,450.9,21.234406043023665,0,0,1,1,1,1,0,0,0,0,1,7,5,7,8,4,1,1,1,0,1,0,0,0,0,0,1,0,0
5003,5003.png,whoQ50_8.png,data/government/whoQ50_8.png,exact,G,16.4,10,434.48888888888894,20.84439706225366,0,0,1,1,0,0,0,0,0,0,0,2,1,1,1,1,0,0,1,0,0,0,0,0,0,0,0,0,0
5004,5004.png,v488_n7410_7_f4.png,data/science/v488_n7410_7_f4.png,exact,S,74.7,10,455.34444444444443,21.33880138256234,0,1,1,0,1,0,1,0,0,0,0,11,7,2,4,4,1,0,0,0,1,1,0,1,0,1,0,0,0
5005,5005.png,v484_n7395_13_f4.png,data/science/v484_n7395_13_f4.png,exact,S,65.1,10,315.2111111111111,17.754185734950255,0,1,1,0,1,0,1,1,0,0,0,8,5,4,4,4,1,0,1,0,0,1,1,0,0,1,0,0,0
5006,5006.png,whoN21_2.png,data/government/whoN21_2.png,exact,G,15.4,10,236.04444444444448,15.36373797109429,0,0,0,1,1,0,0,0,0,0,0,7,1,1,1,1,0,0,0,1,0,0,0,0,0,0,0,0,0
5007,5007.png,v488_n7413_21_f3.png,data/science/v488_n7413_21_f3.png,exact,S,85.8,10,195.51111111111112,13.982528780986332,0,1,1,1,1,0,1,1,0,0,0,10,6,8,4,5,1,0,1,0,1,0,1,1,0,1,0,0,0
5008,5008.png,economist_daily_chart_75.png,data/news/economist_daily_chart_75.png,exact,N,14.8,10,532.8444444444444,23.083423585864477,0,0,1,1,1,1,0,0,0,0,0,2,1,1,1,1,0,0,1,0,0,0,0,0,0,0,0,0,0
5009,5009.png,economist_daily_chart_61.png,data/news/economist_daily_chart_61.png,exact,N,9.9,10,488.9888888888889,22.11309315516237,0,0,0,1,0,0,0,0,0,0,0,1,0,0,0,1,1,0,0,0,0,0,0,0,0,0,1,0,0
5010,5010.png,vis719.png,data/vis3/vis719.png,exact,I,57.6,10,587.3777777777777,24.23587790400376,0,1,0,1,1,1,0,0,0,0,1,5,10,14,9,5,1,1,1,0,1,0,0,0,0,1,1,0,0
5011,5011.png,visMost31.png,data/vis1/visMost31.png,exact,I,42.3,10,648.6777777777777,25.469153456245415,0,0,0,1,1,1,0,0,0,0,1,3,4,2,1,2,1,1,0,0,0,0,0,0,0,0,1,0,0
5012,5012.png,wsj118.png,data/news/wsj118.png,exact,N,42.1,10,582.9888888888889,24.145162846601156,0,1,1,1,1,1,0,0,0,0,1,6,4,2,3,3,1,0,1,0,0,1,0,1,0,0,0,0,0
5013,5013.png,v483_n7390_16_f3.png,data/science/v483_n7390_16_f3.png,exact,S,76.5,10,589.1666666666666,24.272755646334566,0,1,1,0,1,0,1,0,0,0,0,8,4,3,13,2,1,0,1,0,1,0,0,0,0,0,0,0,0
5014,5014.png,v488_n7411_18_f4.png,data/science/v488_n7411_18_f4.png,exact,S,72.5,10,396.72222222222223,19.91788699190309,0,1,1,0,1,0,1,0,0,0,0,4,10,4,26,4,1,0,1,0,1,0,0,1,0,0,1,0,0
5015,5015.png,visMost25.png,data/vis1/visMost25.png,exact,I,36.7,10,374.9,19.362334569984064,0,0,1,1,1,1,1,0,0,0,0,4,7,25,7,3,1,0,1,1,0,0,0,0,0,0,1,0,0
5016,5016.png,visMost658.png,data/vis1/visMost658.png,exact,I,46.4,10,1024.4888888888888,32.00763797734673,0,0,1,1,1,1,0,0,0,0,1,10,0,2,1,1,1,0,0,0,0,0,0,0,0,0,1,0,0
5017,5017.png,whoJ48_2.png,data/government/whoJ48_2.png,exact,G,28.7,10,353.34444444444443,18.797458457047973,0,0,0,1,0,1,1,1,0,0,0,3,1,1,1,1,0,0,0,0,0,0,0,0,1,0,0,0,0
5018,5018.png,v485_n7398_15_f3.png,data/science/v485_n7398_15_f3.png,exact,S,62.5,10,528.5,22.9891278651453,0,1,1,1,1,0,1,0,0,0,0,2,1,3,4,2,1,0,1,0,0,1,0,0,0,0,0,0,0
5019,5019.png,vis725.png,data/vis3/vis725.png,exact,I,32.4,10,621.3777777777777,24.9274502863365,0,0,1,1,1,1,0,0,0,0,1,7,1,3,3,2,1,1,0,0,0,0,0,0,0,0,1,0,0
5020,5020.png,v484_n7393_1_f1.png,data/science/v484_n7393_1_f1.png,exact,S,69.5,10,679.3888888888889,26.065089466351136,0,0,1,0,1,0,1,0,0,0,0,6,3,1,1,1,0,0,0,0,1,0,0,0,0,0,0,0,0
5021,5021.png,visMost670.png,data/vis1/visMost670.png,exact,I,74.4,10,786.2666666666667,28.04044697694148,0,0,1,1,1,1,0,0,0,0,1,18,2,7,7,3,1,1,0,0,0,0,0,0,0,0,1,0,1
5022,5022.png,v487_n7405_20_f2.png,data/science/v487_n7405_20_f2.png,exact,S,61.6,10,399.82222222222225,19.995555061618624,0,1,1,1,1,0,1,0,0,0,0,5,4,3,6,4,1,0,1,1,1,0,0,0,0,0,1,0,0
5023,5023.png,wsj124.png,data/news/wsj124.png,exact,N,31.0,10,736.8888888888889,27.145697428669777,0,1,1,1,1,1,1,1,0,0,0,1,1,2,1,2,0,0,0,0,0,0,0,0,0,1,1,0,0
5024,5024.png,visMost116.png,data/vis1/visMost116.png,exact,I,37.9,10,561.2111111111111,23.68989470451718,0,0,0,1,1,1,1,0,0,0,1,15,4,4,4,5,1,1,0,1,1,0,0,0,0,0,1,0,1
5025,5025.png,visMost102.png,data/vis1/visMost102.png,exact,I,42.2,10,399.2888888888889,19.982214313956522,0,0,0,1,1,1,0,0,0,0,1,3,0,3,1,1,0,0,0,0,0,0,0,0,0,0,0,0,1
5026,5026.png,v485_n7399_13_f1.png,data/science/v485_n7399_13_f1.png,exact,S,49.1,10,807.8777777777777,28.423190844410446,0,0,1,0,1,0,1,0,0,0,0,2,1,2,1,1,0,0,0,0,0,0,0,0,1,0,0,0,0
5027,5027.png,wsj130.png,data/news/wsj130.png,exact,N,27.6,10,398.26666666666665,19.95661962023295,0,0,0,1,1,1,0,0,0,0,1,4,2,1,1,1,0,0,0,0,1,0,0,0,0,0,0,0,0
5028,5028.png,v488_n7411_16_f1.png,data/science/v488_n7411_16_f1.png,exact,S,74.4,10,427.15555555555557,20.667741907512674,0,1,1,0,1,0,0,1,1,0,0,4,2,10,3,4,1,1,1,0,1,0,0,0,0,0,1,0,0
5029,5029.png,v484_n7392_1_f1.png,data/science/v484_n7392_1_f1.png,exact,S,54.7,10,452.9,21.281447319202705,0,1,1,0,1,0,1,0,0,0,0,7,3,1,2,4,1,0,0,0,0,1,0,1,1,1,0,0,0
5030,5030.png,whoM06_1.png,data/government/whoM06_1.png,exact,G,13.7,10,196.9,14.032106042928838,0,1,1,1,0,0,0,0,1,1,0,0,2,1,1,1,0,0,0,0,0,0,0,0,0,0,1,0,0
5031,5031.png,vis731.png,data/vis3/vis731.png,exact,I,57.9,10,836.5444444444445,28.923078059647185,0,0,0,1,1,1,0,0,0,0,1,2,1,1,1,1,0,0,0,0,1,0,0,0,0,0,0,0,0
5032,5032.png,v489_n7416_22_f4.png,data/science/v489_n7416_22_f4.png,exact,S,74.7,10,414.9,20.369094236121544,0,1,1,0,1,0,0,0,0,0,0,8,2,2,3,3,1,0,0,0,1,1,0,1,0,0,0,0,0
5033,5033.png,visMost19.png,data/vis1/visMost19.png,exact,I,60.7,10,705.5666666666667,26.562504901960335,0,1,1,1,1,1,0,0,0,0,1,12,4,2,5,3,1,1,1,0,0,0,0,0,0,0,1,0,0
5034,5034.png,visMost664.png,data/vis1/visMost664.png,exact,I,44.1,10,594.9888888888889,24.39239407866495,0,0,0,1,1,1,0,0,0,0,1,12,5,13,5,1,1,0,0,0,0,0,0,0,0,0,1,0,0
5035,5035.png,v485_n7398_23_f2.png,data/science/v485_n7398_23_f2.png,exact,S,63.8,10,493.06666666666666,22.205104518255858,0,0,1,1,1,0,1,1,0,0,0,5,3,3,2,2,1,0,0,0,0,1,1,0,0,0,0,0,0
5036,5036.png,economist_daily_chart_529.png,data/news/economist_daily_chart_529.png,exact,N,28.2,10,381.7333333333333,19.537997167911897,0,0,1,1,0,1,1,0,0,0,1,4,3,0,1,3,0,0,1,0,0,1,0,1,0,0,0,0,0
5037,5037.png,v485_n7399_1_f6.png,data/science/v485_n7399_1_f6.png,exact,S,57.1,10,576.3222222222222,24.00671202439481,0,1,1,1,1,0,1,0,0,0,0,18,2,3,4,4,1,0,1,0,1,0,0,1,0,0,0,0,1
5038,5038.png,whoC16_2.png,data/government/whoC16_2.png,exact,G,11.9,10,398.1,19.95244345938612,0,0,0,1,1,1,0,0,0,0,0,3,1,1,1,1,1,0,0,1,0,0,0,0,0,0,0,0,0
5039,5039.png,vis69.png,data/vis2/vis69.png,exact,I,40.1,10,609.4333333333333,24.68670357365141,0,0,0,1,1,1,1,0,0,0,1,5,6,9,3,3,1,0,0,1,0,0,0,0,1,0,1,0,0
5040,5040.png,whoG02.png,data/government/whoG02.png,exact,G,27.6,10,575.6,23.991665219404844,0,1,1,1,0,1,1,0,0,0,1,5,1,2,1,1,1,0,1,0,0,0,0,0,0,0,0,0,0
5041,5041.png,visMost499.png,data/vis1/visMost499.png,exact,I,46.3,10,616.2333333333333,24.824047480887025,0,1,1,1,1,1,0,0,0,0,1,3,7,15,6,5,1,1,1,1,0,0,0,0,0,0,1,0,1
5042,5042.png,v485_n7396_12_f1.png,data/science/v485_n7396_12_f1.png,exact,S,68.5,10,334.5,18.289341158171883,0,1,1,1,1,1,1,1,0,0,0,15,3,2,5,3,1,0,0,0,1,0,1,0,0,1,0,0,0
5043,5043.png,whoC30_1.png,data/government/whoC30_1.png,exact,G,10.9,10,158.54444444444445,12.591443302673623,0,0,0,1,1,1,0,0,0,0,0,3,1,1,1,1,1,0,0,1,0,0,0,0,0,0,0,0,0
5044,5044.png,v483_n7390_20_f2.png,data/science/v483_n7390_20_f2.png,exact,S,65.7,10,555.1222222222223,23.561031858181046,0,1,1,1,1,0,1,0,0,0,0,11,7,3,6,5,1,0,1,0,1,1,0,1,0,0,1,0,0
5045,5045.png,v486_n7403_24_f4.png,data/science/v486_n7403_24_f4.png,exact,S,78.2,10,173.95555555555555,13.189221188362698,0,1,1,0,1,0,1,1,0,0,0,8,1,5,4,3,1,0,1,0,1,0,0,0,0,0,1,0,0
5046,5046.png,whoQ22_3.png,data/government/whoQ22_3.png,exact,G,22.8,10,1016.6222222222223,31.884513830733287,0,1,1,1,0,1,1,0,0,0,0,3,2,1,1,1,0,0,1,0,0,0,0,0,0,0,0,0,0
5047,5047.png,treasuryA9.png,data/government/treasuryA9.png,exact,G,52.7,10,420.23333333333335,20.499593491904502,0,1,1,1,1,1,0,0,0,0,0,7,3,2,2,2,1,1,1,0,0,0,0,0,0,0,0,0,0
5048,5048.png,v486_n7404_4_f6.png,data/science/v486_n7404_4_f6.png,exact,S,50.3,10,527.3444444444444,22.96398145889437,0,1,1,1,0,0,0,0,0,0,0,1,7,2,3,1,1,0,0,0,0,0,0,1,0,0,0,0,0
5049,5049.png,economist_daily_chart_515.png,data/news/economist_daily_chart_515.png,exact,N,23.9,10,291.8777777777778,17.084430859053448,0,0,0,1,0,1,1,0,0,0,1,6,2,1,1,1,0,0,0,0,0,0,0,1,0,0,0,0,0
5050,5050.png,v482_n7386_13_f1.png,data/science/v482_n7386_13_f1.png,exact,S,78.6,10,244.93333333333334,15.650346109058844,0,0,1,1,0,0,1,0,0,0,0,8,4,4,8,5,1,0,1,0,1,1,0,0,0,1,1,0,0
5051,5051.png,vis282.png,data/vis2/vis282.png,exact,I,61.9,10,407.43333333333334,20.184977912629314,0,1,1,1,1,1,0,0,0,0,1,3,4,1,11,5,1,1,1,0,0,1,0,1,0,0,1,0,0
5052,5052.png,v489_n7417_1_f4.png,data/science/v489_n7417_1_f4.png,exact,S,56.0,10,609.3333333333334,24.684678108764825,0,1,1,0,1,0,0,0,0,0,0,6,2,1,3,3,1,0,0,0,1,1,0,1,0,0,0,0,0
5053,5053.png,vis55.png,data/vis2/vis55.png,exact,I,45.5,10,946.7222222222222,30.76885149338893,0,0,0,1,1,1,0,0,0,0,1,4,4,2,4,3,1,1,0,0,0,0,0,0,0,1,1,0,0
5054,5054.png,wsj483.png,data/news/wsj483.png,exact,N,42.7,10,311.34444444444443,17.644955212310528,0,1,1,1,1,1,0,0,0,0,1,16,7,1,5,4,1,1,1,0,0,0,0,1,0,0,1,0,0
5055,5055.png,economist_daily_chart_273.png,data/news/economist_daily_chart_273.png,exact,N,24.3,10,312.23333333333335,17.67012544758337,0,0,1,1,0,1,1,0,0,0,1,5,3,0,1,1,0,0,0,0,0,0,0,1,0,0,0,0,0
5056,5056.png,wsj497.png,data/news/wsj497.png,exact,N,17.5,10,224.05555555555554,14.96848541287847,0,0,0,1,1,1,1,0,0,0,1,5,0,2,1,1,0,0,0,0,0,0,0,0,0,0,1,0,0
5057,5057.png,economist_daily_chart_267.png,data/news/economist_daily_chart_267.png,exact,N,27.7,10,710.2333333333333,26.650203251257455,0,0,0,1,1,1,0,0,0,0,1,12,1,1,1,1,0,1,0,0,0,0,0,0,0,0,0,0,0
5058,5058.png,vis296.png,data/vis2/vis296.png,exact,I,58.6,10,662.0444444444445,25.730224337235082,0,1,1,1,1,1,0,0,0,0,1,4,2,4,3,2,1,1,0,0,0,0,0,0,0,0,1,0,0
5059,5059.png,v489_n7416_1_f4.png,data/science/v489_n7416_1_f4.png,exact,S,77.4,10,231.3777777777778,15.211107052998404,0,1,1,0,1,0,1,0,0,0,0,15,13,2,4,3,1,0,0,0,0,1,0,1,0,1,0,0,0
5060,5060.png,economist_daily_chart_501.png,data/news/economist_daily_chart_501.png,exact,N,15.4,10,630.0444444444445,25.100686134933532,0,0,1,1,0,1,1,0,0,0,1,4,1,2,1,1,0,0,1,0,0,0,0,0,0,0,0,0,0
5061,5061.png,v487_n7405_16_f3.png,data/science/v487_n7405_16_f3.png,exact,S,82.2,10,304.84444444444443,17.459795085980947,0,1,1,0,1,0,1,0,0,0,0,9,7,5,8,4,1,0,1,0,1,1,0,1,0,0,0,0,0
5062,5062.png,v485_n7397_14_f3.png,data/science/v485_n7397_14_f3.png,exact,S,66.9,10,862.1,29.36153946917634,0,0,1,0,1,1,0,0,1,1,0,0,8,2,1,1,0,0,0,0,0,0,0,0,0,0,1,0,0
5063,5063.png,np_10.png,data/news/np_10.png,exact,N,70.8,10,807.5111111111112,28.416739980355086,0,0,0,1,1,1,0,0,0,1,0,0,0,2,1,1,0,0,0,0,1,0,0,0,0,0,0,0,0
5064,5064.png,whoH11_2.png,data/government/whoH11_2.png,exact,G,15.5,10,605.8333333333334,24.61368183213014,0,1,1,1,0,0,0,0,0,0,1,3,1,1,1,1,1,0,1,0,0,0,0,0,0,0,0,0,0
5065,5065.png,visMost328.png,data/vis1/visMost328.png,exact,I,48.9,10,571.4333333333333,23.90467178886448,0,1,1,1,1,1,1,1,0,0,1,4,3,5,4,4,1,1,0,1,0,0,0,0,0,0,1,0,1
5066,5066.png,v485_n7400_18_f1.png,data/science/v485_n7400_18_f1.png,exact,S,74.8,10,423.2888888888889,20.57398573171686,0,1,1,1,1,0,1,0,0,0,0,6,1,3,3,4,1,0,1,0,1,0,0,1,0,0,1,0,0
5067,5067.png,v487_n7407_5_f5.png,data/science/v487_n7407_5_f5.png,exact,S,69.1,10,259.65555555555557,16.11383118800602,0,1,1,0,1,0,0,0,0,0,0,8,5,5,5,3,1,0,1,0,1,0,0,0,0,1,0,0,0
5068,5068.png,wsj468.png,data/news/wsj468.png,exact,N,20.2,10,586.8444444444444,24.224872434017986,0,1,1,1,1,1,0,0,0,0,0,2,2,0,1,1,0,0,0,0,0,0,0,1,0,0,0,0,0
5069,5069.png,economist_daily_chart_298.png,data/news/economist_daily_chart_298.png,exact,N,30.6,10,530.9333333333334,23.041990654744513,0,1,1,1,0,1,1,0,0,0,1,6,3,0,1,1,1,0,0,0,0,0,0,1,0,0,0,0,0
5070,5070.png,whoI19.png,data/government/whoI19.png,exact,G,38.9,10,686.9888888888889,26.210472885640367,0,1,1,1,0,1,1,0,0,1,0,0,2,1,1,1,0,0,0,0,0,0,0,1,0,0,0,0,0
5071,5071.png,v484_n7392_19_f1.png,data/science/v484_n7392_19_f1.png,exact,S,68.7,10,425.1222222222222,20.618492239303585,0,1,1,0,1,0,1,0,0,0,0,6,4,3,5,3,1,0,1,0,1,0,0,0,0,0,1,0,0
5072,5072.png,vis269.png,data/vis2/vis269.png,exact,I,16.6,10,461.82222222222225,21.490049376914477,0,0,1,1,1,1,1,0,0,0,1,5,1,2,2,2,0,0,1,0,0,0,0,0,0,0,1,0,0
5073,5073.png,treasuryL10_1.png,data/government/treasuryL10_1.png,exact,G,21.699999999999996,10,851.1222222222221,29.173999078326958,0,1,1,1,1,0,0,0,1,0,0,1,3,1,1,1,0,0,0,0,0,0,0,0,0,0,1,0,0
5074,5074.png,vis241.png,data/vis2/vis241.png,exact,I,60.7,10,592.2333333333333,24.335844619271658,0,0,0,1,1,1,0,0,0,0,1,16,1,3,3,2,1,0,0,0,0,0,0,0,0,0,1,1,0
5075,5075.png,visMost314.png,data/vis1/visMost314.png,exact,I,41.0,10,623.3333333333334,24.96664441476534,0,0,1,1,1,1,0,0,0,0,1,10,3,2,5,2,1,0,0,0,1,0,0,0,0,0,1,0,0
5076,5076.png,v487_n7407_21_f1.png,data/science/v487_n7407_21_f1.png,exact,S,79.0,10,255.33333333333334,15.979153085609179,0,1,1,1,1,0,1,0,0,0,0,5,12,4,6,5,1,0,0,0,1,1,0,1,0,1,1,0,0
5077,5077.png,wsj326.png,data/news/wsj326.png,exact,N,29.7,10,482.8999999999999,21.97498577929005,0,0,0,1,1,1,1,1,0,0,0,5,2,2,2,2,1,0,0,1,0,0,0,0,1,0,0,0,0
5078,5078.png,wsj440.png,data/news/wsj440.png,exact,N,24.0,10,436.44444444444446,20.891252821323196,0,1,0,1,1,1,1,0,0,0,1,3,2,1,1,1,0,0,1,0,0,0,0,0,0,0,0,0,0
5079,5079.png,economist_daily_chart_100.png,data/news/economist_daily_chart_100 (1).png,documented_alias,N,29.5,10,639.3888888888889,25.286140252891286,0,0,1,1,1,1,1,0,0,0,0,6,3,1,1,1,0,0,0,0,0,0,0,1,0,0,0,0,0
5080,5080.png,visMost472.png,data/vis1/visMost472.png,exact,I,62.8,10,944.6222222222223,30.73470712764679,0,0,0,1,1,1,1,0,0,0,1,9,4,3,6,3,1,0,1,0,0,0,0,0,0,0,0,1,1
5081,5081.png,vis96.png,data/vis2/vis96.png,exact,I,51.6,10,728.4888888888888,26.990533319830657,0,0,0,1,1,1,0,0,0,0,1,5,5,3,4,3,1,1,0,0,0,0,0,0,0,1,1,0,0
5082,5082.png,vis527.png,data/vis3/vis527.png,exact,I,50.8,10,709.7333333333333,26.640820808175814,0,0,0,1,1,1,1,0,0,0,1,2,1,2,1,3,1,1,0,1,0,0,0,0,0,0,1,0,0
5083,5083.png,visMost466.png,data/vis1/visMost466.png,exact,I,47.2,10,811.2888888888889,28.483133410650044,0,0,1,1,1,1,0,0,0,0,1,6,1,2,1,2,0,0,0,0,1,0,0,0,0,0,0,1,0
5084,5084.png,v485_n7400_16_f4.png,data/science/v485_n7400_16_f4.png,exact,S,74.7,10,569.1222222222223,23.856282657241934,0,0,1,0,1,0,1,0,0,0,0,6,3,1,2,2,1,0,1,0,0,0,0,0,0,0,0,0,1
5085,5085.png,vis82.png,data/vis2/vis82.png,exact,I,43.3,10,478.67777777777775,21.878706035270408,0,1,1,1,1,1,0,0,0,0,1,6,1,6,5,4,1,0,0,0,1,0,0,0,1,0,1,0,1
5086,5086.png,vis533.png,data/vis3/vis533.png,exact,I,60.4,10,739.1555555555556,27.1874153893958,0,1,1,1,1,0,0,0,0,0,1,4,6,2,6,3,1,0,1,0,0,1,0,0,0,0,1,0,0
5087,5087.png,v488_n7413_17_f2.png,data/science/v488_n7413_17_f2.png,exact,S,91.6,10,130.26666666666668,11.413442367080437,0,1,1,1,1,0,1,0,0,0,0,6,7,3,6,2,1,0,0,0,0,1,0,0,0,1,0,0,0
5088,5088.png,wsj454.png,data/news/wsj454.png,exact,N,24.1,10,590.7666666666667,24.30569206310873,0,0,0,1,1,1,1,1,0,0,1,3,1,2,1,2,0,1,0,0,0,0,0,0,1,0,0,0,0
5089,5089.png,wsj332.png,data/news/wsj332.png,exact,N,31.3,10,630.9000000000001,25.117722826721376,0,0,0,1,1,1,1,1,0,0,1,5,2,2,3,3,1,0,0,0,1,0,0,0,1,0,1,0,0
5090,5090.png,vis255.png,data/vis2/vis255.png,exact,I,41.8,10,724.6222222222223,26.918807964362433,0,0,0,1,1,1,1,0,0,0,1,4,5,4,3,3,1,0,0,1,0,0,0,0,0,0,1,1,0
5091,5091.png,visMost300.png,data/vis1/visMost300.png,exact,I,60.0,10,646.2222222222222,25.42090128658349,0,0,1,0,0,0,0,0,0,0,0,40,1,1,1,2,0,1,0,0,0,0,0,0,0,0,0,0,1
5092,5092.png,economist_daily_chart_110.png,data/news/economist_daily_chart_110 (1).png,documented_alias,N,18.2,10,146.84444444444443,12.11793895200188,0,0,0,1,1,1,1,1,0,0,0,6,1,1,1,1,0,0,0,0,0,0,0,0,1,0,0,0,0
5093,5093.png,v490_n7419_23_f1.png,data/science/v490_n7419_23_f1.png,exact,S,84.8,10,219.95555555555555,14.830898676599324,0,1,1,0,1,0,1,0,0,0,0,2,7,3,5,4,1,0,1,0,1,0,0,1,0,1,0,0,0
5094,5094.png,v488_n7412_11_f4.png,data/science/v488_n7412_11_f4.png,exact,S,73.7,10,797.3444444444444,28.237288192113002,0,1,1,0,1,0,0,0,0,0,0,4,2,2,3,2,1,0,1,0,0,0,0,0,0,0,1,0,0
5095,5095.png,visMost338.png,data/vis1/visMost338.png,exact,I,52.0,10,860.0,29.32575659723036,0,0,0,1,1,1,0,0,0,0,1,6,2,3,8,3,1,0,1,0,1,0,0,0,0,0,1,0,0
5096,5096.png,v487_n7407_5_f1.png,data/science/v487_n7407_5_f1.png,exact,S,87.0,10,159.11111111111111,12.613925285616334,0,1,1,1,1,0,1,0,0,0,0,6,8,1,4,4,1,0,1,0,0,0,1,0,0,1,1,0,0
5097,5097.png,v488_n7413_19_f3.png,data/science/v488_n7413_19_f3.png,exact,S,74.1,10,215.2111111111111,14.670075361466658,0,1,1,0,1,0,1,0,0,0,0,2,4,4,5,3,1,0,1,0,0,0,0,0,0,1,1,0,0
5098,5098.png,wsj478.png,data/news/wsj478.png,exact,N,25.4,10,146.7111111111111,12.112436217008993,0,1,1,1,1,1,0,0,0,0,1,3,4,0,2,2,0,0,1,0,0,0,0,1,0,0,0,0,0
5099,5099.png,economist_daily_chart_288.png,data/news/economist_daily_chart_288.png,exact,N,34.1,10,333.8777777777778,18.272322725307195,0,0,1,1,1,1,1,0,0,0,1,4,3,2,2,1,1,0,1,0,0,0,0,0,0,0,0,0,0
5100,5100.png,v484_n7393_11_f2.png,data/science/v484_n7393_11_f2.png,exact,S,45.8,10,964.8444444444444,31.06194527785477,0,1,1,0,1,0,0,0,0,1,0,0,3,2,2,1,1,0,0,0,0,0,0,0,0,1,0,0,0
5101,5101.png,visMost304.png,data/vis1/visMost304.png,exact,I,47.0,10,759.1111111111111,27.5519710930291,0,0,1,1,1,1,0,0,0,0,1,7,1,1,1,1,0,0,0,0,0,0,0,0,0,0,1,0,0
5102,5102.png,vis251.png,data/vis2/vis251.png,exact,I,26.9,10,388.32222222222225,19.705893083598678,0,0,1,1,1,1,1,0,0,0,1,4,1,2,2,3,1,0,1,1,0,0,0,0,0,0,0,1,0
5103,5103.png,wsj336.png,data/news/wsj336.png,exact,N,26.7,10,541.5666666666666,23.27158496249593,0,0,0,1,1,1,1,0,0,0,1,5,1,2,1,2,0,0,0,0,1,0,0,0,1,0,0,0,0
5104,5104.png,wsj450.png,data/news/wsj450.png,exact,N,30.8,10,371.5111111111111,19.274623501150707,0,0,1,1,0,1,1,0,0,0,0,4,2,3,1,1,1,0,0,0,0,0,0,0,0,1,0,0,0
5105,5105.png,whoI21.png,data/government/whoI21.png,exact,G,62.4,10,277.15555555555557,16.647989534942518,0,0,0,1,1,1,0,0,1,0,1,1,8,12,1,1,0,0,0,0,0,0,0,0,0,0,1,0,0
5106,5106.png,vis537.png,data/vis3/vis537.png,exact,I,8.3,10,76.45555555555556,8.743886753358346,0,0,0,0,1,0,0,0,0,0,1,4,1,0,1,1,0,0,0,0,0,0,0,0,0,0,1,0,0
5107,5107.png,visMost462.png,data/vis1/visMost462.png,exact,I,33.5,10,544.5,23.33452377915607,0,0,0,1,1,1,1,0,0,0,1,10,4,2,1,1,1,0,0,0,0,0,0,0,0,0,1,0,0
5108,5108.png,vis86.png,data/vis2/vis86.png,exact,I,27.7,10,361.1222222222222,19.003216102076568,0,0,1,1,0,0,0,0,0,0,1,3,1,1,3,1,1,0,0,0,0,0,0,0,0,0,1,0,0
5109,5109.png,vis523.png,data/vis3/vis523.png,exact,I,35.3,10,341.56666666666666,18.481522303821908,0,0,1,1,1,1,0,0,0,0,1,7,4,1,2,3,1,1,0,0,1,0,0,0,0,0,1,0,0
5110,5110.png,v483_n7388_5_f2.png,data/science/v483_n7388_5_f2.png,exact,S,71.8,10,597.2888888888889,24.43949444830823,0,0,0,0,1,0,0,0,0,0,0,4,2,1,8,2,0,0,0,0,1,0,0,0,0,0,1,0,0
5111,5111.png,visMost476.png,data/vis1/visMost476.png,exact,I,41.2,10,377.5111111111111,19.4296451617396,0,0,1,1,1,1,0,0,0,0,0,3,0,2,1,1,0,0,0,0,0,0,0,0,0,0,0,0,1
5112,5112.png,vis92.png,data/vis2/vis92.png,exact,I,44.7,10,376.9,19.41391253714717,0,0,1,1,1,1,1,1,0,0,1,5,3,3,5,5,1,1,0,0,1,0,0,0,1,1,1,0,0
5113,5113.png,wsj444.png,data/news/wsj444.png,exact,N,31.9,10,205.2111111111111,14.325191486018996,0,1,1,1,1,1,0,0,0,0,0,3,3,0,2,3,1,0,1,0,0,1,0,1,0,0,0,0,0
5114,5114.png,v487_n7408_18_f1.png,data/science/v487_n7408_18_f1.png,exact,S,91.3,10,172.45555555555555,13.132233456482394,0,1,1,0,1,0,1,0,0,0,0,8,7,5,4,5,1,0,1,0,1,1,0,0,0,1,0,0,1
5115,5115.png,wsj322.png,data/news/wsj322.png,exact,N,39.8,10,553.2888888888889,23.522093633197045,0,1,1,1,1,1,1,0,0,0,1,7,5,2,3,3,1,0,1,0,0,0,0,1,0,1,0,0,0
5116,5116.png,visMost310.png,data/vis1/visMost310.png,exact,I,34.5,10,831.1666666666666,28.8299612671725,0,1,1,1,1,1,0,0,0,0,0,20,2,3,2,2,1,1,0,0,0,0,0,0,0,0,1,0,0
5117,5117.png,vis245.png,data/vis2/vis245.png,exact,I,33.2,10,316.1777777777778,17.781388522209895,0,0,0,1,1,1,0,0,0,0,1,5,1,4,5,2,1,0,0,0,1,0,0,0,0,0,1,0,0
5118,5118.png,v488_n7412_4_f2.png,data/science/v488_n7412_4_f2.png,exact,S,55.8,10,702.6222222222223,26.507022130413333,0,1,1,0,0,0,0,0,0,0,0,3,3,0,2,2,1,0,0,0,0,0,0,1,0,1,0,0,0
5119,5119.png,v485_n7398_1_f2.png,data/science/v485_n7398_1_f2.png,exact,S,76.4,10,849.1555555555556,29.14027377283123,0,0,0,0,1,0,1,0,0,0,0,6,1,1,3,1,1,0,0,0,1,0,0,0,0,0,0,0,0
5120,5120.png,np_28.png,data/news/np_28.png,exact,N,51.6,10,720.7111111111111,26.846063233016327,0,1,1,1,1,1,1,1,0,0,0,10,3,1,3,4,1,0,1,0,0,1,1,0,1,0,0,0,0
5121,5121.png,v483_n7387_13_f3.png,data/science/v483_n7387_13_f3.png,exact,S,60.4,10,454.93333333333334,21.329166259686133,0,1,1,0,1,0,1,0,0,1,0,0,3,2,1,2,1,0,0,0,0,0,0,1,0,1,0,0,0
5122,5122.png,whoG06.png,data/government/whoG06.png,exact,G,22.8,10,209.06666666666666,14.459137825841022,0,1,1,1,0,1,1,0,0,0,1,4,1,2,1,1,1,0,1,0,0,0,0,0,0,0,0,0,0
5123,5123.png,vis79.png,data/vis2/vis79.png,exact,I,58.0,10,593.3333333333334,24.358434541926815,0,0,0,1,1,1,0,0,0,0,1,10,6,6,6,3,1,0,0,0,1,0,0,0,1,0,1,0,0
5124,5124.png,whoB14_1.png,data/government/whoB14_1.png,exact,G,60.5,10,327.1666666666667,18.087749076838353,0,1,1,1,1,1,1,0,0,0,0,7,2,2,1,1,0,0,0,0,0,0,0,0,0,1,0,0,0
5125,5125.png,visMost489.png,data/vis1/visMost489.png,exact,I,73.9,10,504.9888888888889,22.47195783390688,0,1,1,1,1,1,1,1,0,0,1,15,7,6,7,4,1,0,1,0,0,0,0,0,1,1,1,0,0
5126,5126.png,v489_n7417_12_f3.png,data/science/v489_n7417_12_f3.png,exact,S,41.8,10,395.5111111111111,19.88746115297554,0,1,1,0,1,0,0,0,0,0,0,2,3,1,2,1,1,0,0,0,0,0,0,1,0,0,0,0,0
5127,5127.png,v485_n7399_1_f2.png,data/science/v485_n7399_1_f2.png,exact,S,86.0,10,145.77777777777777,12.073846850849888,0,1,1,1,0,0,1,0,0,0,0,3,3,1,4,4,1,0,0,0,1,0,0,1,0,1,1,0,0
5128,5128.png,whoB32_2.png,data/government/whoB32_2.png,exact,G,20.9,10,452.76666666666665,21.27831446958773,0,1,1,1,0,1,1,0,0,0,0,2,1,3,1,1,0,0,1,0,0,0,0,0,0,0,0,0,0
5129,5129.png,whoJ34_2.png,data/government/whoJ34_2.png,exact,G,23.2,10,465.0666666666666,21.56540439376611,0,0,0,1,0,1,1,0,0,0,0,6,1,1,1,1,0,0,0,0,0,0,0,0,1,0,0,0,0
5130,5130.png,np_14.png,data/news/np_14.png,exact,N,70.9,10,729.2111111111111,27.003909182026057,0,1,1,1,1,1,0,0,0,0,1,3,3,5,4,2,1,1,1,0,0,0,0,0,0,0,0,0,0
5131,5131.png,economist_daily_chart_505.png,data/news/economist_daily_chart_505.png,exact,N,39.8,10,567.5111111111111,23.82249170660179,0,0,1,1,1,1,1,0,0,0,1,3,2,1,1,3,0,0,1,0,0,1,0,1,0,0,0,0,0
5132,5132.png,vis292.png,data/vis2/vis292.png,exact,I,51.1,10,636.1,25.221022976873876,0,0,1,1,1,1,0,0,0,0,1,7,5,4,3,6,1,1,0,1,1,0,0,1,0,1,1,0,0
5133,5133.png,vis45.png,data/vis2/vis45.png,exact,I,40.0,10,441.3333333333333,21.007935008784973,0,1,1,1,1,1,0,0,0,0,0,9,1,2,1,1,0,0,1,0,0,0,0,0,0,0,0,0,0
5134,5134.png,v486_n7402_22_f2.png,data/science/v486_n7402_22_f2.png,exact,S,76.5,10,838.7222222222222,28.960701342029378,0,1,0,0,1,0,0,0,0,0,0,5,2,2,1,1,0,0,0,0,1,0,0,0,0,0,0,0,0
5135,5135.png,wsj493.png,data/news/wsj493.png,exact,N,19.8,10,189.06666666666666,13.75015151431673,0,1,1,1,1,1,1,0,0,0,1,6,5,0,2,3,0,0,1,0,0,1,0,1,0,0,0,0,0
5136,5136.png,economist_daily_chart_263.png,data/news/economist_daily_chart_263.png,exact,N,18.4,10,165.15555555555557,12.851286144022923,0,0,1,1,0,1,1,0,0,0,1,4,2,1,1,1,0,0,0,0,0,0,0,1,0,0,0,0,0
5137,5137.png,v490_n7420_9_f10.png,data/science/v490_n7420_9_f10.png,exact,S,78.2,10,425.2888888888889,20.622533522554615,0,1,1,0,1,0,1,1,0,0,0,6,7,1,6,4,1,0,0,0,1,0,1,1,0,1,0,0,0
5138,5138.png,wsj487.png,data/news/wsj487.png,exact,N,30.4,10,598.4888888888889,24.464032555751903,0,0,1,1,1,1,0,0,0,0,1,3,3,0,2,2,0,0,1,0,0,0,0,1,0,0,0,0,0
5139,5139.png,economist_daily_chart_277.png,data/news/economist_daily_chart_277.png,exact,N,29.5,10,593.1666666666666,24.35501317319838,0,1,1,1,0,1,1,0,0,0,1,4,3,0,1,1,0,0,0,0,0,0,0,1,0,0,0,0,0
5140,5140.png,v488_n7411_20_f4.png,data/science/v488_n7411_20_f4.png,exact,S,86.3,10,220.9,14.862705002791383,0,1,1,0,1,0,0,0,0,0,0,5,5,6,7,5,1,0,0,0,1,1,0,1,0,1,1,0,0
5141,5141.png,vis286.png,data/vis2/vis286.png,exact,I,27.9,10,416.9888888888889,20.42030579812381,0,0,0,0,0,1,1,0,0,0,1,2,1,1,1,1,0,0,0,0,0,0,0,0,1,0,0,0,0
5142,5142.png,economist_daily_chart_511.png,data/news/economist_daily_chart_511.png,exact,N,19.9,10,651.6555555555556,25.527545035814853,0,0,1,1,1,1,0,0,0,0,1,4,2,1,1,1,0,0,1,0,0,0,0,0,0,0,0,0,0
5143,5143.png,v486_n7404_4_f2.png,data/science/v486_n7404_4_f2.png,exact,S,64.3,10,444.67777777777775,21.08738432754944,0,1,1,1,0,0,0,0,0,0,0,4,11,1,5,4,1,0,0,0,1,1,0,1,0,1,0,0,0
5144,5144.png,visMost21.png,data/vis1/visMost21.png,exact,I,45.8,10,507.2888888888889,22.523074587828564,0,0,1,1,1,1,1,0,0,0,1,4,1,16,1,1,1,0,0,0,0,0,0,0,0,0,1,0,0
5145,5145.png,vis709.png,data/vis3/vis709.png,exact,I,38.9,10,224.76666666666665,14.992220204715066,0,0,0,1,1,1,0,0,0,0,1,5,4,0,1,1,1,0,0,0,0,0,0,0,0,0,1,0,0
5146,5146.png,whoK29_2.png,data/government/whoK29_2.png,exact,G,57.7,10,467.34444444444443,21.61815081001251,0,1,1,1,1,0,1,0,0,0,0,4,2,2,1,1,0,1,0,0,0,0,0,0,0,0,0,0,0
5147,5147.png,v486_n7401_3_f1.png,data/science/v486_n7401_3_f1.png,exact,S,85.6,10,562.7111111111111,23.721532646756007,0,1,1,0,1,0,0,0,0,0,0,7,3,1,6,3,1,0,0,0,1,0,0,1,0,1,0,0,0
5148,5148.png,wsj108.png,data/news/wsj108.png,exact,N,40.0,10,872.4444444444445,29.537170555834294,0,0,1,1,1,1,1,0,0,0,1,4,2,2,1,2,0,1,0,0,0,0,0,1,0,0,0,0,0
5149,5149.png,v488_n7409_12_f1.png,data/science/v488_n7409_12_f1.png,exact,S,64.8,10,635.2888888888889,25.20493778784008,0,1,1,0,0,0,1,0,0,0,0,1,1,2,2,3,1,1,0,0,1,0,0,0,0,0,1,0,0
5150,5150.png,whoH13_4.png,data/government/whoH13_4.png,exact,G,18.8,10,495.7333333333334,22.265069803019557,0,1,1,1,0,0,0,0,0,0,0,2,2,0,1,1,1,0,1,0,0,0,0,0,0,0,0,0,0
5151,5151.png,v485_n7396_24_f4.png,data/science/v485_n7396_24_f4.png,exact,S,87.4,10,220.04444444444445,14.83389512044778,0,1,1,1,1,0,0,0,0,0,0,5,12,3,6,4,1,0,1,0,1,0,1,1,0,0,0,0,0
5152,5152.png,visMost35.png,data/vis1/visMost35.png,exact,I,58.2,10,1054.4,32.47152598816385,0,0,1,1,1,1,0,0,0,0,0,20,1,1,1,2,0,0,0,0,1,0,0,0,0,0,1,0,0
5153,5153.png,visMost648.png,data/vis1/visMost648.png,exact,I,53.6,10,458.93333333333334,21.422729362369616,0,0,1,1,1,1,0,0,0,0,0,2,4,1,11,5,1,1,0,1,1,0,0,0,0,1,1,0,0
5154,5154.png,visMost660.png,data/vis1/visMost660.png,exact,I,53.1,10,733.8777777777777,27.090178622109114,0,1,1,1,1,1,0,0,0,0,1,10,3,2,4,3,1,1,0,0,1,0,0,0,0,0,1,0,0
5155,5155.png,vis735.png,data/vis3/vis735.png,exact,I,44.0,10,416.6666666666667,20.412414523193153,0,0,0,1,1,1,1,0,0,0,1,5,4,1,5,3,1,1,0,0,0,0,0,0,0,1,1,0,0
5156,5156.png,wsj134.png,data/news/wsj134.png,exact,N,28.8,10,405.28888888888895,20.131788020165743,0,1,1,1,1,1,1,0,0,0,1,7,4,2,1,2,0,1,0,0,0,0,0,0,0,0,1,0,0
5157,5157.png,v484_n7392_1_f5.png,data/science/v484_n7392_1_f5.png,exact,S,70.1,10,324.9888888888889,18.027448207910318,0,1,1,0,1,0,0,0,0,0,0,6,8,1,7,3,0,1,0,0,0,0,0,1,0,1,0,0,0
5158,5158.png,v483_n7390_18_f2.png,data/science/v483_n7390_18_f2.png,exact,S,82.1,10,132.1,11.493476410555685,0,1,1,1,1,0,1,0,0,0,0,4,11,3,7,4,1,0,1,0,0,0,0,1,0,1,1,0,0
5159,5159.png,visMost106.png,data/vis1/visMost106.png,exact,I,58.9,10,401.8777777777778,20.046889478863744,0,0,1,1,1,0,0,0,0,0,0,15,1,2,1,1,0,0,0,1,0,0,0,0,0,0,0,0,0
5160,5160.png,visMost112.png,data/vis1/visMost112.png,exact,I,34.3,10,468.9,21.654098919142307,0,0,0,1,1,1,0,0,0,0,0,10,0,1,1,1,0,0,0,0,0,0,0,0,0,0,1,0,0
5161,5161.png,v486_n7402_14_f3.png,data/science/v486_n7402_14_f3.png,exact,S,70.2,10,472.84444444444443,21.7449866508224,0,1,1,0,1,0,0,0,0,0,0,5,3,1,8,4,1,0,0,0,1,0,0,1,0,1,1,0,0
5162,5162.png,wsj120.png,data/news/wsj120.png,exact,N,45.2,10,526.6222222222223,22.9482509621588,0,1,1,1,1,1,0,0,0,0,1,3,5,3,4,4,1,0,1,1,0,1,0,1,0,0,0,0,0
5163,5163.png,visMost674.png,data/vis1/visMost674.png,exact,I,57.6,10,590.4888888888888,24.2999771376207,0,1,1,1,1,1,0,0,0,0,1,20,2,6,5,4,1,0,1,1,0,0,0,0,1,0,1,0,0
5164,5164.png,vis721.png,data/vis3/vis721.png,exact,I,63.2,10,569.5111111111111,23.864431925170795,0,1,1,1,1,1,0,0,0,0,0,3,5,6,10,5,1,0,0,1,1,0,0,1,1,0,1,0,0
5165,5165.png,vis912.png,data/vis3/vis912.png,exact,I,58.6,10,684.7111111111111,26.16698513606623,0,1,1,1,1,1,1,1,0,0,1,4,5,4,6,4,1,0,0,1,0,0,0,1,1,0,1,0,0
5166,5166.png,economist_daily_chart_59.png,data/news/economist_daily_chart_59.png,exact,N,77.1,10,220.1,14.835767590522574,0,1,1,1,1,1,1,1,0,0,1,30,2,1,2,3,1,1,0,0,0,0,1,0,0,0,1,0,0
5167,5167.png,v487_n7405_6_f3.png,data/science/v487_n7405_6_f3.png,exact,S,59.3,10,566.6777777777778,23.804994807346162,0,1,1,1,0,0,1,1,0,0,0,6,2,0,2,3,1,0,0,0,0,0,1,0,1,1,0,0,0
5168,5168.png,v484_n7394_15_f2.png,data/science/v484_n7394_15_f2.png,exact,S,86.0,10,442.0,21.02379604162864,0,1,1,0,1,0,1,0,0,0,0,7,3,1,15,4,1,0,1,0,1,0,0,0,0,1,1,0,0
5169,5169.png,v487_n7407_19_f1.png,data/science/v487_n7407_19_f1.png,exact,S,82.3,10,390.0111111111111,19.748698972618705,0,1,1,1,1,0,1,0,0,0,0,3,3,3,3,3,1,0,0,0,1,0,1,0,0,1,0,0,0
5170,5170.png,v487_n7407_17_f4.png,data/science/v487_n7407_17_f4.png,exact,S,62.2,10,664.6222222222223,25.780268078944065,0,1,1,0,0,0,0,0,0,0,0,1,2,1,4,2,1,0,0,0,0,0,0,1,0,1,0,0,0
5171,5171.png,v484_n7392_21_f1.png,data/science/v484_n7392_21_f1.png,exact,S,82.0,10,466.22222222222223,21.59217965426886,0,1,1,0,1,0,1,0,0,0,0,6,3,1,4,3,1,0,1,0,0,0,0,0,0,1,1,0,0
5172,5172.png,economist_daily_chart_65.png,data/news/economist_daily_chart_65.png,exact,N,34.1,10,256.76666666666665,16.02394042258853,0,0,1,1,0,1,1,1,0,0,0,3,1,2,1,1,0,0,0,0,0,0,0,0,0,1,0,0,0
5173,5173.png,economist_daily_chart_71.png,data/news/economist_daily_chart_71.png,exact,N,37.3,10,301.1222222222222,17.352873601286394,0,0,1,1,1,1,0,0,0,0,0,5,3,1,2,3,1,0,1,0,0,1,0,1,0,0,0,0,0
5174,5174.png,v490_n7418_13_f2.png,data/science/v490_n7418_13_f2.png,exact,S,82.7,10,153.7888888888889,12.401164819842082,0,1,1,1,1,0,1,0,0,0,0,6,4,2,8,2,1,0,0,0,0,0,0,1,0,1,0,0,0
5175,5175.png,v485_n7400_20_f1.png,data/science/v485_n7400_20_f1.png,exact,S,77.4,10,282.4888888888889,16.807405775100715,0,1,1,0,1,0,0,0,0,0,0,2,5,2,5,4,1,0,0,0,0,1,0,1,0,1,1,0,0
5176,5176.png,v489_n7414_15_f2.png,data/science/v489_n7414_15_f2.png,exact,S,80.0,10,182.22222222222223,13.498971154211057,0,1,1,1,1,0,0,0,0,0,0,10,4,3,4,4,1,1,0,1,1,0,1,0,0,0,0,0,0
5177,5177.png,v486_n7402_18_f3.png,data/science/v486_n7402_18_f3.png,exact,S,70.4,10,593.1555555555556,24.35478506486057,0,1,1,0,1,0,1,0,0,0,1,0,3,2,4,2,1,0,1,0,1,0,0,0,0,0,0,0,0
5178,5178.png,v486_n7401_1_f4.png,data/science/v486_n7401_1_f4.png,exact,S,75.6,10,561.8222222222222,23.702789334215968,0,1,1,0,1,0,1,0,0,0,0,9,2,2,4,2,1,0,1,0,0,0,0,0,0,0,1,0,0
5179,5179.png,visMost728.png,data/vis1/visMost728.png,exact,I,65.8,10,477.5111111111111,21.852027620134272,0,1,1,1,1,1,1,1,0,0,1,10,2,5,3,4,1,1,0,0,1,0,0,0,0,0,1,0,1
5180,5180.png,whoQ58_5.png,data/government/whoQ58_5.png,exact,G,39.0,10,432.22222222222223,20.789954839350234,0,1,1,1,0,0,1,0,0,0,0,9,2,1,1,1,0,0,0,0,0,0,0,1,0,0,0,0,0
5181,5181.png,v483_n7389_16_f4.png,data/science/v483_n7389_16_f4.png,exact,S,81.3,10,293.34444444444443,17.1273011430419,0,1,1,1,1,0,1,1,0,0,0,5,7,2,7,5,1,1,1,0,0,1,1,1,0,0,0,0,0
5182,5182.png,v484_n7395_7_f1.png,data/science/v484_n7395_7_f1.png,exact,S,66.9,10,590.5444444444445,24.301120230237217,0,0,0,1,1,0,1,0,0,0,0,5,1,1,1,1,0,0,0,0,1,0,0,0,0,0,0,0,0
5183,5183.png,v483_n7390_14_f2.png,data/science/v483_n7390_14_f2.png,exact,S,46.5,10,643.6111111111111,25.369491739313798,0,1,1,0,0,0,0,0,0,1,0,0,2,0,1,1,0,0,0,0,0,0,0,0,0,1,0,0,0
5184,5184.png,v483_n7387_2_f2.png,data/science/v483_n7387_2_f2.png,exact,S,82.1,10,668.5444444444445,25.856226415400304,0,0,0,0,1,0,0,0,0,0,0,8,1,1,5,1,1,0,0,0,1,0,0,0,0,0,0,0,0
5185,5185.png,vis669.png,data/vis3/vis669.png,exact,I,43.1,10,576.1,24.00208324291873,0,0,1,1,1,1,1,0,0,0,1,15,1,2,4,3,1,0,1,0,0,0,0,0,1,0,1,0,0
5186,5186.png,v485_n7396_26_f1.png,data/science/v485_n7396_26_f1.png,exact,S,86.1,10,122.32222222222222,11.059937713306628,0,1,1,0,1,0,1,0,0,0,0,2,7,3,4,3,1,0,1,0,1,0,0,0,0,0,1,0,0
5187,5187.png,vis641.png,data/vis3/vis641.png,exact,I,68.7,10,289.56666666666666,17.016658504731964,0,1,1,1,1,1,0,0,0,0,1,5,7,9,12,7,1,0,1,1,1,1,0,1,1,0,1,0,0
5188,5188.png,visMost714.png,data/vis1/visMost714.png,exact,I,43.0,10,628.0,25.059928172283335,0,0,0,1,1,1,0,0,0,0,0,6,0,3,2,2,0,0,0,0,1,0,0,0,0,0,1,0,0
5189,5189.png,v484_n7395_9_f4.png,data/science/v484_n7395_9_f4.png,exact,S,51.6,10,632.2666666666667,25.144913335835273,0,1,0,0,1,0,0,0,0,0,0,2,0,3,1,2,0,0,0,0,1,0,0,1,0,0,0,0,0
5190,5190.png,vis127.png,data/vis2/vis127.png,exact,I,19.9,10,479.43333333333334,21.895966142952755,0,0,0,0,1,1,0,0,0,0,0,4,2,0,1,2,0,1,0,1,0,0,0,0,0,0,0,0,0
5191,5191.png,vis133.png,data/vis2/vis133.png,exact,I,37.1,10,399.65555555555557,19.99138703430944,0,0,0,1,1,1,0,0,0,0,0,6,2,1,5,3,1,1,0,0,0,0,0,0,1,0,1,0,0
5192,5192.png,v487_n7405_22_f3.png,data/science/v487_n7405_22_f3.png,exact,S,85.0,10,180.66666666666666,13.4412301024373,0,1,1,1,1,0,0,0,0,0,0,3,4,4,3,3,1,0,1,0,1,0,0,0,0,0,1,0,0
5193,5193.png,v489_n7414_31_f3.png,data/science/v489_n7414_31_f3.png,exact,S,66.9,10,557.8777777777779,23.61943644073198,0,1,1,1,0,0,1,0,0,0,0,4,2,2,3,2,1,0,0,0,0,1,0,1,0,0,0,0,0
5194,5194.png,vis655.png,data/vis3/vis655.png,exact,I,40.7,10,447.1222222222222,21.145264770681454,0,1,1,1,1,1,1,0,0,0,0,4,7,4,4,4,1,0,1,0,0,1,0,1,0,0,1,0,0
5195,5195.png,visMost700.png,data/vis1/visMost700.png,exact,I,35.6,10,376.93333333333334,19.414771009036738,0,0,0,1,1,1,1,1,0,0,1,10,3,1,2,2,1,0,1,0,0,0,0,0,1,0,0,0,0
5196,5196.png,vis866.png,data/vis3/vis866.png,exact,I,39.2,10,599.7333333333333,24.48945351234554,1,0,0,0,0,0,0,0,0,0,1,3,0,0,1,1,0,0,0,0,0,0,0,0,1,0,0,0,0
5197,5197.png,v487_n7406_13_f3.png,data/science/v487_n7406_13_f3.png,exact,S,70.2,10,642.6222222222223,25.349994521147774,0,1,0,0,1,0,0,0,0,1,0,0,0,1,7,1,1,0,0,0,0,0,0,1,0,0,0,0,0
5198,5198.png,economist_daily_chart_129.png,data/news/economist_daily_chart_129.png,exact,N,39.3,10,594.4555555555555,24.381459258123897,0,0,1,1,1,1,1,0,0,0,0,4,3,1,1,1,0,0,0,0,0,0,0,1,0,0,0,0,0
5199,5199.png,v485_n7400_5_f2.png,data/science/v485_n7400_5_f2.png,exact,S,79.9,10,235.43333333333334,15.343836982102403,0,1,1,0,1,0,1,0,0,0,0,5,5,4,6,3,1,0,1,0,1,0,0,0,0,0,1,0,0
5200,5200.png,whoC34_1.png,data/government/whoC34_1.png,exact,G,14.6,10,126.26666666666667,11.236844159579089,0,0,0,1,0,1,1,0,0,0,0,3,0,1,1,1,1,0,0,0,0,0,0,0,1,0,0,0,0
5201,5201.png,v487_n7405_4_f6.png,data/science/v487_n7405_4_f6.png,exact,S,70.6,10,763.3777777777777,27.62929202454847,0,0,0,1,1,0,0,0,0,0,0,5,0,2,3,1,0,0,0,0,1,0,0,0,0,0,0,0,0
5202,5202.png,vis872.png,data/vis3/vis872.png,exact,I,39.1,10,530.1,23.023900625219873,0,0,0,1,1,1,0,0,0,0,1,5,4,1,2,1,1,0,0,0,0,0,0,0,0,0,1,0,0
5203,5203.png,v484_n7394_19_f2.png,data/science/v484_n7394_19_f2.png,exact,S,72.7,10,258.23333333333335,16.069640112128628,0,1,1,0,1,0,1,0,0,0,1,0,8,3,6,4,1,0,1,0,0,0,0,1,0,1,1,0,0
5204,5204.png,vis682.png,data/vis3/vis682.png,exact,I,48.6,10,544.9333333333333,23.343807173066978,0,0,0,1,1,1,1,1,0,0,0,6,0,3,1,2,1,0,0,0,0,0,0,0,1,0,1,0,0
5205,5205.png,v485_n7397_6_f2.png,data/science/v485_n7397_6_f2.png,exact,S,62.9,10,556.7666666666667,23.595903599283215,0,1,1,1,1,0,1,0,0,0,0,5,4,1,1,2,0,0,0,0,0,0,0,1,0,1,0,0,0
5206,5206.png,v487_n7407_15_f1.png,data/science/v487_n7407_15_f1.png,exact,S,47.2,10,408.84444444444443,20.219902186816938,0,0,0,0,1,0,1,0,0,0,0,23,1,1,1,1,0,0,0,0,0,0,0,0,1,0,0,0,0
5207,5207.png,v488_n7413_23_f2.png,data/science/v488_n7413_23_f2.png,exact,S,65.6,10,313.15555555555557,17.696201726798765,0,1,1,0,1,0,1,0,0,0,0,1,2,2,4,5,1,0,0,0,1,1,0,1,0,1,1,0,0
5208,5208.png,vis696.png,data/vis3/vis696.png,exact,I,27.1,10,548.1,23.411535618152005,0,0,0,1,1,1,1,0,0,0,0,13,2,3,2,3,1,0,0,1,0,0,0,0,0,0,1,1,0
5209,5209.png,economist_daily_chart_101.png,data/news/economist_daily_chart_101.png,exact,N,44.7,10,646.9,25.434228905158495,0,1,1,1,0,1,0,0,0,0,1,4,5,0,1,1,1,0,0,0,0,0,0,1,0,0,0,0,0
5210,5210.png,v483_n7388_9_f2.png,data/science/v483_n7388_9_f2.png,exact,S,78.6,10,259.6,16.112107248898266,0,1,1,0,1,0,0,0,0,0,0,6,5,0,6,2,1,0,0,0,0,0,0,1,0,1,0,0,0
5211,5211.png,whoB29_1.png,data/government/whoB29_1.png,exact,G,26.0,10,89.11111111111111,9.439868172337532,0,1,1,1,0,1,1,0,0,0,0,6,1,2,1,1,0,0,1,0,0,0,0,0,0,0,0,0,0
5212,5212.png,vis319.png,data/vis2/vis319.png,exact,I,46.5,10,541.3888888888889,23.26776501705501,0,1,1,1,1,1,0,0,0,0,1,15,4,2,5,3,1,0,0,0,0,0,1,0,0,0,1,0,1
5213,5213.png,wsj52.png,data/news/wsj52.png,exact,N,18.4,10,440.7111111111111,20.99312056629769,0,0,1,1,1,1,0,0,0,0,1,2,2,0,1,1,0,0,0,0,0,0,0,1,0,0,0,0,0
5214,5214.png,v490_n7419_21_f4.png,data/science/v490_n7419_21_f4.png,exact,S,82.4,10,262.7111111111111,16.208365466977572,0,1,1,0,1,0,1,0,0,0,0,5,5,4,6,4,1,0,1,0,1,1,0,0,0,0,0,0,1
5215,5215.png,v488_n7412_13_f1.png,data/science/v488_n7412_13_f1.png,exact,S,83.4,10,134.4888888888889,11.596934460834419,0,1,1,1,1,0,1,0,0,0,0,4,5,3,3,3,1,0,0,0,1,0,0,0,0,1,1,0,0
5216,5216.png,v487_n7406_7_f4.png,data/science/v487_n7406_7_f4.png,exact,S,73.4,10,454.26666666666665,21.31353247743477,0,1,1,0,1,0,0,0,0,0,0,7,4,2,2,3,1,0,0,0,1,0,0,1,0,1,0,0,0
5217,5217.png,v488_n7412_8_f2.png,data/science/v488_n7412_8_f2.png,exact,S,69.2,10,585.9555555555555,24.20651886487513,0,1,1,0,1,0,1,0,0,0,0,8,4,0,2,1,1,0,0,0,0,0,0,1,0,0,0,0,0
5218,5218.png,wsj518.png,data/news/wsj518.png,exact,N,30.3,10,633.7888888888889,25.175164128340633,0,0,0,1,1,1,0,0,0,0,1,7,1,2,1,1,0,0,0,0,0,0,0,0,0,0,1,0,0
5219,5219.png,v487_n7407_7_f4.png,data/science/v487_n7407_7_f4.png,exact,S,88.9,10,98.76666666666667,9.938142012804338,0,0,1,1,1,0,1,0,0,0,0,4,1,4,5,3,1,0,0,0,1,0,1,0,0,0,1,0,0
5220,5220.png,visMost258.png,data/vis1/visMost258.png,exact,I,32.9,10,656.5444444444445,25.62312323750648,0,0,0,1,1,1,0,0,1,0,1,3,3,1,1,3,1,1,0,1,0,0,0,0,0,0,1,0,0
5221,5221.png,wsj46.png,data/news/wsj46.png,exact,N,37.4,10,301.8222222222222,17.373031463225473,0,0,1,1,1,1,0,0,0,0,0,3,3,2,3,3,1,0,1,0,1,0,0,1,0,0,0,0,0
5222,5222.png,vis325.png,data/vis2/vis325.png,exact,I,31.0,10,535.3333333333334,23.137271518771037,0,0,1,1,1,1,0,0,1,0,0,15,5,2,2,2,0,0,0,0,1,0,0,0,0,0,1,0,0
5223,5223.png,v488_n7413_15_f3.png,data/science/v488_n7413_15_f3.png,exact,S,74.2,10,342.1777777777778,18.498047945061064,0,1,1,1,1,0,1,0,0,0,0,6,9,4,4,5,1,0,1,0,1,0,0,1,0,1,1,0,0
5224,5224.png,visMost270.png,data/vis1/visMost270.png,exact,I,45.9,10,354.76666666666665,18.835250639868498,0,0,1,1,1,1,0,0,0,0,1,7,3,1,6,6,1,1,1,1,1,0,0,0,0,1,1,0,0
5225,5225.png,v487_n7407_9_f1.png,data/science/v487_n7407_9_f1.png,exact,S,65.0,10,412.44444444444446,20.308728282303754,0,0,0,0,1,0,1,0,0,0,0,3,2,0,3,1,0,0,0,0,1,0,0,0,0,0,0,0,0
5226,5226.png,wsj242.png,data/news/wsj242.png,exact,N,42.5,10,396.27777777777777,19.90672694788819,0,0,1,1,1,1,0,0,0,0,1,6,4,2,1,3,1,0,1,1,0,0,0,1,0,0,0,0,0
5227,5227.png,wsj524.png,data/news/wsj524.png,exact,N,36.2,10,741.5111111111111,27.23070162722788,0,0,1,0,1,1,0,0,0,0,1,8,0,2,1,2,0,0,0,0,1,0,0,0,1,0,0,0,0
5228,5228.png,visMost516.png,data/vis1/visMost516.png,exact,I,50.2,10,373.73333333333335,19.332183873875536,0,0,1,1,1,1,1,0,0,0,1,6,3,3,2,3,1,0,1,0,0,0,1,0,0,0,1,0,0
5229,5229.png,vis443.png,data/vis2/vis443.png,exact,I,24.3,10,836.4555555555556,28.921541375859544,0,0,0,0,1,1,0,0,0,0,1,6,2,2,1,1,0,0,0,0,0,0,0,0,0,0,1,0,0
5230,5230.png,treasuryI03_2.png,data/government/treasuryI03_2.png,exact,G,23.2,10,587.2888888888889,24.234044006085508,0,1,1,1,0,1,1,0,0,0,0,2,2,1,1,1,0,0,0,0,0,0,0,1,0,0,0,0,0
5231,5231.png,visMost502.png,data/vis1/visMost502.png,exact,I,42.3,10,378.23333333333335,19.448221855309377,0,0,1,1,1,1,0,0,0,0,1,20,5,1,4,2,1,0,0,1,0,0,0,0,1,0,0,0,0
5232,5232.png,wsj530.png,data/news/wsj530.png,exact,N,29.6,10,849.3777777777777,29.144086497568896,0,0,1,1,1,1,0,0,0,0,1,5,3,1,2,1,1,0,0,0,0,0,0,1,0,0,0,0,0
5233,5233.png,v487_n7406_9_f1.png,data/science/v487_n7406_9_f1.png,exact,S,69.2,10,281.5111111111111,16.778292854492413,0,1,1,0,1,0,0,0,0,0,0,6,4,3,2,3,1,1,0,0,1,0,0,1,0,0,0,0,0
5234,5234.png,wsj256.png,data/news/wsj256.png,exact,N,39.9,10,610.3222222222222,24.704700407457327,0,0,1,1,1,1,0,0,1,0,0,4,4,1,2,1,0,0,0,0,0,0,0,0,0,0,1,0,0
5235,5235.png,vis331.png,data/vis2/vis331.png,exact,I,56.8,10,540.1777777777778,23.241724931204608,0,0,0,1,1,1,0,0,0,0,1,6,2,4,4,3,1,1,0,0,1,0,0,0,0,1,0,0,0
5236,5236.png,visMost264.png,data/vis1/visMost264.png,exact,I,46.9,10,849.2111111111111,29.14122700078209,0,0,1,1,1,1,1,1,0,0,0,9,4,3,6,4,1,1,1,0,0,0,0,0,1,0,1,0,0
5237,5237.png,wsj91.png,data/news/wsj91.png,exact,N,39.2,10,338.6222222222222,18.401690743576314,0,0,0,1,1,1,1,0,0,0,0,15,0,2,1,1,0,0,0,0,0,0,0,0,1,0,0,0,0
5238,5238.png,v483_n7390_22_f3.png,data/science/v483_n7390_22_f3.png,exact,S,69.3,10,348.9,18.678865061882107,0,1,1,0,1,0,0,0,0,0,0,5,1,1,4,2,1,0,1,0,1,0,0,0,0,0,0,0,0
5239,5239.png,whoQ47_2.png,data/government/whoQ47_2.png,exact,G,22.9,10,443.43333333333334,21.057856807693735,0,0,1,1,0,0,0,0,0,0,0,1,1,1,1,1,0,0,1,0,0,0,0,0,0,0,0,0,0
5240,5240.png,v489_n7416_18_f1.png,data/science/v489_n7416_18_f1.png,exact,S,72.8,10,230.62222222222223,15.186251091767916,0,1,1,0,1,0,0,0,0,0,0,7,2,4,4,3,1,0,1,0,1,0,0,0,0,0,1,0,0
5241,5241.png,economist_daily_chart_8.png,data/news/economist_daily_chart_8.png,exact,N,41.8,10,935.9555555555555,30.593390716877977,0,0,1,1,1,1,0,0,0,0,0,5,1,1,1,1,0,0,1,0,0,0,0,0,0,0,0,0,0
5242,5242.png,v490_n7420_4_f1.png,data/science/v490_n7420_4_f1.png,exact,S,87.7,10,118.67777777777778,10.893933072025813,0,1,1,0,1,0,1,0,0,0,0,12,6,1,5,3,1,0,0,0,1,0,0,1,0,1,0,0,0
5243,5243.png,v485_n7398_21_f3.png,data/science/v485_n7398_21_f3.png,exact,S,82.0,10,173.77777777777777,13.182479955523458,0,1,1,1,1,0,1,0,0,0,0,15,7,6,8,4,1,1,0,1,1,0,1,0,0,0,0,0,0
5244,5244.png,whoQ24_1.png,data/government/whoQ24_1.png,exact,G,13.1,10,126.32222222222222,11.239315914334922,0,1,1,1,0,1,0,0,0,0,0,1,1,1,1,1,0,0,1,0,0,0,0,0,0,0,0,0,0
5245,5245.png,v488_n7409_2_f3.png,data/science/v488_n7409_2_f3.png,exact,S,88.4,10,310.0444444444444,17.60807895383379,0,1,1,1,1,0,1,1,0,0,0,7,3,5,5,4,1,0,0,0,1,0,1,1,0,0,0,0,1
5246,5246.png,economist_daily_chart_459.png,data/news/economist_daily_chart_459.png,exact,N,32.1,10,503.87777777777774,22.447222050351304,0,0,1,1,0,1,1,0,0,0,1,5,2,2,1,1,1,0,1,0,0,0,0,0,0,0,0,0,0
5247,5247.png,v486_n7404_14_f4.png,data/science/v486_n7404_14_f4.png,exact,S,27.6,10,484.4888888888889,22.011108306691167,0,1,1,0,0,0,0,0,0,1,0,0,1,1,1,1,1,0,0,0,0,0,0,0,0,1,0,0,0
5248,5248.png,wsj85.png,data/news/wsj85.png,exact,N,18.5,10,199.61111111111111,14.128379635015161,0,0,1,1,1,1,0,0,0,0,1,4,3,0,2,2,1,0,1,0,0,0,0,1,0,0,0,0,0
5249,5249.png,whoQ54_8.png,data/government/whoQ54_8.png,exact,G,19.1,10,294.1,17.14934401077779,0,0,1,1,0,0,1,0,0,0,0,2,1,2,1,1,0,0,1,0,0,0,0,0,0,0,0,0,0
5250,5250.png,wsj281.png,data/news/wsj281.png,exact,N,34.8,10,513.9555555555555,22.670587896116754,0,0,1,1,1,1,0,0,0,0,1,7,4,0,1,3,1,0,1,0,0,0,0,1,0,0,1,0,0
5251,5251.png,economist_daily_chart_471.png,data/news/economist_daily_chart_471.png,exact,N,27.2,10,724.1777777777777,26.910551420916253,0,0,1,1,1,1,1,0,0,0,1,4,2,1,1,1,0,0,0,0,0,0,0,1,0,0,0,0,0
5252,5252.png,vis480.png,data/vis2/vis480.png,exact,I,28.8,10,261.9555555555556,16.185041104537103,0,1,1,1,1,1,0,0,0,0,1,3,1,1,1,2,0,0,1,0,0,0,0,0,0,0,1,0,0
5253,5253.png,treasuryJ02_2.png,data/government/treasuryJ02_2.png,exact,G,14.3,10,402.23333333333335,20.055755616115125,0,0,1,1,0,1,0,0,0,0,0,1,1,1,1,1,0,0,1,0,0,0,0,0,0,0,0,0,0
5254,5254.png,v490_n7418_2_f4.png,data/science/v490_n7418_2_f4.png,exact,S,59.2,10,214.17777777777778,14.634813896246778,0,1,1,0,1,0,0,0,0,1,0,0,6,1,3,3,1,1,0,0,0,0,0,1,0,1,0,0,0
5255,5255.png,v489_n7416_3_f5.png,data/science/v489_n7416_3_f5.png,exact,S,85.3,10,170.45555555555555,13.055862880543573,0,0,1,1,1,0,1,1,0,0,0,8,2,3,5,5,1,0,1,0,1,0,1,0,0,0,1,0,1
5256,5256.png,v485_n7397_16_f2.png,data/science/v485_n7397_16_f2.png,exact,S,79.0,10,299.77777777777777,17.31409188429407,0,0,0,0,1,0,1,0,0,0,0,3,1,2,3,3,1,0,0,0,1,0,0,0,0,0,1,0,1
5257,5257.png,economist_daily_chart_317.png,data/news/economist_daily_chart_317.png,exact,N,25.5,10,640.9444444444445,25.31688062231294,0,0,0,1,0,1,1,0,0,0,0,5,0,1,1,1,0,0,0,0,0,0,0,0,1,0,0,0,0
5258,5258.png,economist_daily_chart_303.png,data/news/economist_daily_chart_303.png,exact,N,24.9,10,195.87777777777777,13.995634239925598,0,0,0,1,1,0,1,1,0,0,0,4,2,2,2,1,0,0,0,0,0,0,0,0,1,0,0,0,0
5259,5259.png,vis494.png,data/vis2/vis494.png,exact,I,42.7,10,404.9,20.12212712413874,0,1,1,1,1,1,1,0,0,0,1,7,6,7,12,7,1,1,1,1,1,0,0,1,0,1,1,0,0
5260,5260.png,v488_n7411_22_f1.png,data/science/v488_n7411_22_f1.png,exact,S,83.6,10,116.26666666666667,10.782702196883056,0,0,1,0,1,0,1,0,0,0,0,12,2,3,5,1,1,0,0,0,1,0,0,0,0,0,0,0,0
5261,5261.png,wsj295.png,data/news/wsj295.png,exact,N,32.5,10,456.5,21.365860619221497,0,1,1,1,1,1,0,0,0,0,1,4,4,2,2,2,1,0,1,0,0,0,0,1,0,0,0,0,0
5262,5262.png,economist_daily_chart_465.png,data/news/economist_daily_chart_465.png,exact,N,30.2,10,671.7333333333333,25.917818838269035,0,0,1,1,0,1,1,0,0,0,1,5,2,1,1,1,0,0,0,0,0,0,0,1,0,0,0,0,0
5263,5263.png,v489_n7417_3_f5.png,data/science/v489_n7417_3_f5.png,exact,S,68.6,10,485.6,22.036333633342913,0,0,1,0,1,0,1,1,0,0,0,6,1,3,1,3,1,0,1,0,1,0,1,0,0,0,0,0,0
5264,5264.png,vis495.png,data/vis2/vis495.png,exact,I,48.9,10,460.9888888888889,21.47065180400653,0,0,0,1,1,1,0,0,1,0,1,11,0,5,8,1,0,0,0,0,0,0,0,0,0,0,1,0,0
5265,5265.png,economist_daily_chart_302.png,data/news/economist_daily_chart_302.png,exact,N,34.2,10,978.1777777777778,31.275833766308736,0,0,0,0,1,1,0,0,0,0,1,10,1,1,1,2,1,0,1,0,0,0,0,0,0,0,0,0,1
5266,5266.png,v489_n7417_3_f4.png,data/science/v489_n7417_3_f4.png,exact,S,82.8,10,109.73333333333333,10.475367933076782,0,1,1,1,1,0,1,0,0,0,0,5,1,4,4,4,1,0,0,0,1,1,1,0,0,1,0,0,0
5267,5267.png,economist_daily_chart_464.png,data/news/economist_daily_chart_464.png,exact,N,22.0,10,837.5555555555555,28.94055209486432,0,1,0,1,1,1,0,0,1,0,1,2,1,3,1,1,0,0,0,0,0,0,0,0,0,0,1,0,0
5268,5268.png,wsj294.png,data/news/wsj294.png,exact,N,45.8,10,637.9555555555555,25.257782079104956,0,1,1,1,1,1,1,0,0,0,1,5,2,1,1,1,0,0,0,0,0,0,0,0,0,1,0,0,0
5269,5269.png,economist_daily_chart_470.png,data/news/economist_daily_chart_470.png,exact,N,51.5,10,448.5,21.17781858454737,0,0,1,1,1,1,1,0,0,0,1,10,3,2,2,2,1,1,1,0,0,0,0,0,0,0,0,0,0
5270,5270.png,wsj280.png,data/news/wsj280.png,exact,N,33.4,10,769.8222222222222,27.745670332904595,0,0,0,1,1,1,0,0,0,0,1,7,0,1,1,2,0,0,0,0,1,0,0,0,0,0,1,0,0
5271,5271.png,economist_daily_chart_316.png,data/news/economist_daily_chart_316.png,exact,N,48.5,10,819.6111111111111,28.62885102673719,0,0,0,0,1,0,0,0,0,0,0,9,0,1,1,2,0,0,0,0,1,0,0,0,1,0,0,0,0
5272,5272.png,v489_n7416_3_f4.png,data/science/v489_n7416_3_f4.png,exact,S,93.4,10,123.15555555555555,11.097547276563212,0,0,1,1,1,0,1,1,0,0,0,50,2,2,2,2,0,0,1,0,0,0,1,0,0,0,0,0,0
5273,5273.png,v490_n7418_2_f5.png,data/science/v490_n7418_2_f5.png,exact,S,51.8,10,1341.9555555555555,36.63271155068316,0,0,1,1,0,1,0,0,1,1,0,0,5,2,1,1,0,0,0,0,0,0,0,0,0,0,1,0,0
5274,5274.png,treasuryJ02_3.png,data/government/treasuryJ02_3.png,exact,G,49.6,10,384.7111111111111,19.614053918328846,0,0,1,1,1,1,1,0,0,0,0,3,2,1,1,3,1,0,1,0,0,0,0,1,0,1,0,0,0
5275,5275.png,vis481.png,data/vis2/vis481.png,exact,I,41.4,10,530.9333333333333,23.04199065474451,0,0,1,1,1,1,0,0,0,0,1,3,1,2,1,1,0,0,0,0,0,0,0,0,0,0,1,0,0
5276,5276.png,v483_n7389_20_f4.png,data/science/v483_n7389_20_f4.png,exact,S,70.7,10,465.7888888888889,21.58214282430938,0,1,1,0,1,0,1,0,0,0,0,7,8,3,11,3,1,0,1,0,0,1,0,0,0,0,1,0,0
5277,5277.png,v485_n7398_21_f2.png,data/science/v485_n7398_21_f2.png,exact,S,83.8,10,249.73333333333332,15.802953310483877,0,0,1,0,1,0,1,1,0,0,0,11,7,3,6,6,1,0,1,1,0,1,1,1,0,0,1,0,0
5278,5278.png,whoK30_2.png,data/government/whoK30_2.png,exact,G,60.8,10,352.1777777777778,18.76640023493525,0,1,1,1,1,0,1,0,0,0,0,4,2,2,2,1,0,1,0,0,0,0,0,0,0,0,0,0,0
5279,5279.png,v485_n7399_3_f6.png,data/science/v485_n7399_3_f6.png,exact,S,48.2,10,629.2888888888889,25.085631123989863,0,1,1,1,0,0,1,0,0,1,0,0,4,2,3,1,1,0,0,0,0,1,0,0,0,0,0,0,0
5280,5280.png,wsj84.png,data/news/wsj84.png,exact,N,39.1,10,557.2111111111111,23.605319551133196,0,0,1,1,0,1,0,0,0,0,1,4,1,3,1,1,0,0,0,0,0,0,0,0,0,0,1,0,0
5281,5281.png,v486_n7404_14_f5.png,data/science/v486_n7404_14_f5.png,exact,S,58.7,10,656.4555555555555,25.62138863441159,0,1,1,0,1,0,1,0,0,0,0,3,4,2,2,3,1,0,0,0,0,1,0,1,0,1,0,0,0
5282,5282.png,economist_daily_chart_458.png,data/news/economist_daily_chart_458.png,exact,N,17.9,10,463.43333333333334,21.527501790345607,0,0,0,0,0,1,1,1,0,0,1,5,0,1,1,1,0,0,0,0,0,0,0,0,1,0,0,0,0
5283,5283.png,v488_n7409_2_f2.png,data/science/v488_n7409_2_f2.png,exact,S,85.7,10,251.7888888888889,15.867857098199773,0,1,1,1,1,0,1,1,0,0,0,9,5,6,7,6,1,0,0,0,1,1,1,1,0,1,0,0,1
5284,5284.png,whoC10_1.png,data/government/whoC10_1.png,exact,G,26.4,10,663.1555555555556,25.751806840599663,0,0,0,1,0,0,1,1,0,0,0,4,1,0,1,1,1,0,0,0,0,0,0,0,1,0,0,0,0
5285,5285.png,v485_n7396_10_f1.png,data/science/v485_n7396_10_f1.png,exact,S,67.2,10,879.5111111111111,29.656552583048338,0,1,1,1,0,0,0,0,0,1,0,0,2,1,6,1,1,0,0,0,0,0,0,0,0,1,0,0,0
5286,5286.png,v483_n7390_22_f2.png,data/science/v483_n7390_22_f2.png,exact,S,64.6,10,486.4888888888889,22.056493123089375,0,1,1,0,0,0,1,0,0,0,0,6,6,3,4,4,1,0,1,0,0,1,0,1,0,1,0,0,0
5287,5287.png,wsj90.png,data/news/wsj90.png,exact,N,26.8,10,430.1777777777778,20.740727513223295,0,0,0,1,1,1,1,1,0,0,1,6,2,1,1,3,0,1,1,0,0,0,0,0,1,0,0,0,0
5288,5288.png,economist_daily_chart_9.png,data/news/economist_daily_chart_9.png,exact,N,32.0,10,490.0,22.135943621178654,0,0,1,1,0,1,1,1,0,0,0,6,1,3,1,1,0,0,1,0,0,0,0,0,0,0,0,0,0
5289,5289.png,whoK16_1.png,data/government/whoK16_1.png,exact,G,26.6,10,928.7111111111111,30.474761871278194,0,0,0,1,0,1,1,0,0,0,0,5,1,0,1,1,0,0,0,0,0,0,0,0,1,0,0,0,0
5290,5290.png,wsj531.png,data/news/wsj531.png,exact,N,37.3,10,588.4555555555555,24.258102884511715,0,0,1,1,1,1,1,0,0,0,1,5,3,1,2,2,1,0,1,0,0,0,0,1,0,0,0,0,0
5291,5291.png,v487_n7407_23_f1.png,data/science/v487_n7407_23_f1.png,exact,S,72.5,10,154.05555555555554,12.411911841273911,0,1,1,0,1,0,1,0,0,0,0,4,3,2,3,3,1,0,1,0,1,0,0,1,0,0,0,0,0
5292,5292.png,vis456.png,data/vis2/vis456.png,exact,I,51.7,10,886.9,29.780866340655706,0,0,1,1,1,1,0,0,0,0,1,11,7,4,6,5,1,1,0,0,0,0,0,1,1,1,1,0,0
5293,5293.png,visMost503.png,data/vis1/visMost503.png,exact,I,45.5,10,490.5,22.147234590350102,0,0,0,1,1,1,0,0,0,0,1,8,3,0,6,2,0,1,0,0,0,0,0,0,0,0,1,0,0
5294,5294.png,visMost265.png,data/vis1/visMost265.png,exact,I,24.1,10,179.65555555555557,13.4035650315711,0,0,0,1,1,1,1,0,0,0,0,8,0,3,1,1,0,0,0,0,1,0,0,0,0,0,0,0,0
5295,5295.png,vis330.png,data/vis2/vis330.png,exact,I,54.8,10,337.06666666666666,18.359375443262405,0,0,1,1,1,0,1,0,0,0,1,7,1,4,2,2,1,1,0,0,0,0,0,0,0,0,1,0,0
5296,5296.png,wsj257.png,data/news/wsj257.png,exact,N,42.1,10,335.2111111111111,18.308771425497426,0,0,1,1,1,1,1,0,0,0,1,3,4,1,1,3,1,0,1,1,0,0,0,0,1,0,0,0,0
5297,5297.png,wsj243.png,data/news/wsj243.png,exact,N,46.7,10,470.23333333333335,21.684864152983142,0,0,1,1,1,1,1,0,0,0,1,8,5,2,3,3,1,1,1,0,0,0,0,1,0,0,0,0,0
5298,5298.png,visMost271.png,data/vis1/visMost271.png,exact,I,46.7,10,516.6777777777778,22.7305472388541,0,0,0,1,1,1,1,0,0,0,1,12,1,2,2,2,0,0,0,1,0,0,0,0,1,0,0,0,0
5299,5299.png,v488_n7413_15_f2.png,data/science/v488_n7413_15_f2.png,exact,S,75.7,10,239.7888888888889,15.485118304000421,0,1,1,1,1,0,0,0,0,0,0,4,6,3,5,2,1,0,1,0,1,0,0,0,0,0,0,0,0
5300,5300.png,vis324.png,data/vis2/vis324.png,exact,I,42.1,10,300.76666666666665,17.342625714310582,0,0,0,1,1,1,1,0,0,0,0,9,3,3,5,4,1,1,0,1,0,0,0,0,1,0,1,0,0
5301,5301.png,vis442.png,data/vis2/vis442.png,exact,I,19.7,10,459.3444444444444,21.4323224230237,0,0,0,1,1,1,0,0,0,0,0,4,2,1,2,2,0,0,0,0,0,0,0,0,1,0,1,0,0
5302,5302.png,visMost517.png,data/vis1/visMost517.png,exact,I,57.7,10,285.7888888888889,16.905291742199804,0,1,1,1,1,1,0,0,0,0,0,20,4,11,7,1,1,0,0,0,0,0,0,0,0,0,1,0,0
5303,5303.png,wsj525.png,data/news/wsj525.png,exact,N,29.4,10,458.0444444444445,21.4019729100951,0,1,1,1,1,1,0,0,0,0,0,3,5,0,3,2,1,0,1,0,0,0,0,0,0,0,1,0,0
5304,5304.png,wsj47.png,data/news/wsj47.png,exact,N,48.1,10,735.4333333333334,27.118874116255885,0,0,0,1,1,1,0,0,0,0,0,6,0,2,1,1,0,0,0,0,0,0,0,0,0,0,1,0,0
5305,5305.png,visMost259.png,data/vis1/visMost259.png,exact,I,39.8,10,1031.0666666666666,32.110226823656454,0,0,0,1,1,1,0,0,0,0,0,4,0,2,1,1,0,0,0,0,0,0,0,0,0,0,1,0,0
5306,5306.png,v487_n7407_7_f5.png,data/science/v487_n7407_7_f5.png,exact,S,85.6,10,197.37777777777777,14.0491201780673,0,0,1,0,1,0,1,1,0,0,0,8,3,4,2,1,1,0,0,0,0,0,1,0,0,0,0,0,0
5307,5307.png,wsj53.png,data/news/wsj53.png,exact,N,18.9,10,473.8777777777778,21.768733949813843,0,0,0,1,1,1,1,0,0,0,0,3,1,1,1,1,0,0,0,0,0,0,0,0,1,0,0,0,0
5308,5308.png,vis318.png,data/vis2/vis318.png,exact,I,60.2,10,268.17777777777775,16.37613439666937,0,0,0,1,1,1,0,0,0,0,0,2,4,1,10,1,1,0,0,0,0,0,0,0,0,0,1,0,0
5309,5309.png,v490_n7420_13_f1.png,data/science/v490_n7420_13_f1.png,exact,S,59.5,10,819.6111111111111,28.62885102673719,0,0,1,0,1,0,1,0,0,0,0,2,2,1,1,2,0,0,0,0,1,0,0,0,1,0,0,0,0
5310,5310.png,whoH17_1.png,data/government/whoH17_1.png,exact,G,36.1,10,464.3222222222222,21.54813732604798,0,1,1,1,0,0,1,0,0,0,0,4,1,2,1,1,1,0,1,0,0,0,0,0,0,0,0,0,0
5311,5311.png,wsj519.png,data/news/wsj519.png,exact,N,24.6,10,384.7111111111111,19.614053918328846,0,0,0,1,1,1,0,0,0,0,0,7,0,2,1,2,0,0,0,0,1,0,0,0,0,0,1,0,0
5312,5312.png,v488_n7412_8_f3.png,data/science/v488_n7412_8_f3.png,exact,S,58.9,10,492.3222222222222,22.188335273792447,0,1,1,0,1,0,1,0,0,0,0,4,2,3,2,3,1,0,0,0,0,1,0,1,0,1,0,0,0
5313,5313.png,v490_n7419_21_f5.png,data/science/v490_n7419_21_f5.png,exact,S,78.0,10,116.0,10.770329614269007,0,1,1,1,1,0,1,1,0,0,0,5,6,4,6,4,1,0,0,0,1,0,0,1,0,1,1,0,0
5314,5314.png,v484_n7395_11_f4.png,data/science/v484_n7395_11_f4.png,exact,S,60.9,10,438.32222222222225,20.93614630781468,0,0,0,0,1,0,1,1,0,0,0,8,3,1,3,2,0,0,0,0,0,0,1,0,1,0,0,0,0
5315,5315.png,vis697.png,data/vis3/vis697.png,exact,I,27.9,10,702.1,26.497169660173142,0,0,1,1,1,1,0,0,0,0,1,2,1,2,3,3,0,1,0,0,0,0,0,0,1,0,1,0,0
5316,5316.png,v488_n7413_23_f3.png,data/science/v488_n7413_23_f3.png,exact,S,73.0,10,167.77777777777777,12.952906151816965,0,1,1,1,0,0,1,0,0,1,0,0,10,4,5,5,1,0,1,0,1,0,0,1,0,1,1,0,0
5317,5317.png,vis683.png,data/vis3/vis683.png,exact,I,40.8,10,532.6222222222223,23.07860962498006,0,0,1,1,1,1,1,0,0,0,1,7,6,5,6,3,1,0,1,1,0,0,0,0,0,0,1,0,0
5318,5318.png,economist_daily_chart_114.png,data/news/economist_daily_chart_114.png,exact,N,52.3,10,747.1222222222221,27.33353658461016,0,0,1,1,0,1,1,0,0,0,0,18,2,1,2,1,1,0,0,0,0,0,0,0,1,0,0,0,0
5319,5319.png,v484_n7394_19_f3.png,data/science/v484_n7394_19_f3.png,exact,S,63.2,10,479.06666666666666,21.887591614123895,0,1,1,1,0,0,1,0,0,0,0,3,4,3,6,2,1,0,1,0,0,0,0,0,0,0,1,0,0
5320,5320.png,whoC03.png,data/government/whoC03.png,exact,G,46.5,10,928.2777777777778,30.467651333468055,0,0,1,1,1,1,0,0,0,0,0,1,0,4,1,1,1,0,0,0,0,0,0,0,0,0,0,0,1
5321,5321.png,v487_n7408_22_f1.png,data/science/v487_n7408_22_f1.png,exact,S,83.2,10,170.17777777777778,13.045220495559965,0,1,1,0,1,0,1,0,0,0,0,11,4,4,6,3,1,0,0,0,1,0,0,0,0,1,1,0,0
5322,5322.png,v485_n7400_5_f3.png,data/science/v485_n7400_5_f3.png,exact,S,62.6,10,539.3777777777777,23.22450812778987,0,1,1,1,0,0,1,0,0,0,0,5,5,5,7,2,1,0,1,0,0,0,0,0,0,0,1,0,0
5323,5323.png,vis873.png,data/vis3/vis873.png,exact,I,52.4,10,493.3777777777778,22.212108809786113,0,0,0,1,1,1,0,0,0,0,1,7,8,3,4,3,1,0,1,1,0,0,0,0,0,0,1,0,0
5324,5324.png,v489_n7415_11_f4.png,data/science/v489_n7415_11_f4.png,exact,S,57.3,10,384.0111111111111,19.5962014459719,0,0,1,0,0,0,1,1,0,0,0,3,2,0,3,2,1,0,0,0,0,0,0,0,1,1,0,0,0
5325,5325.png,economist_daily_chart_128.png,data/news/economist_daily_chart_128.png,exact,N,27.9,10,522.9888888888889,22.868950323285258,0,0,1,1,1,1,0,0,0,0,0,4,2,1,1,1,0,0,1,0,0,0,0,0,0,0,0,0,0
5326,5326.png,v487_n7406_13_f2.png,data/science/v487_n7406_13_f2.png,exact,S,69.5,10,416.72222222222223,20.413775305470132,0,0,1,0,1,0,1,0,0,0,0,9,4,2,1,3,0,0,0,0,1,0,0,1,0,1,0,0,0
5327,5327.png,vis867.png,data/vis3/vis867.png,exact,I,43.9,10,538.7666666666667,23.211347799442123,0,0,0,1,1,1,0,0,0,0,1,2,1,2,4,2,1,0,0,0,0,0,0,0,0,1,1,0,0
5328,5328.png,whoC17.png,data/government/whoC17.png,exact,G,32.6,10,821.1555555555556,28.655811898383817,0,0,0,1,0,0,1,1,0,0,0,2,1,1,1,2,1,1,0,0,0,0,0,0,1,0,0,0,0
5329,5329.png,whoQ45_1.png,data/government/whoQ45_1.png,exact,G,19.3,10,369.12222222222226,19.212553766280585,0,0,1,1,0,0,1,0,0,0,0,3,1,2,1,1,0,0,1,0,0,0,0,0,0,0,0,0,0
5330,5330.png,v484_n7393_3_f1.png,data/science/v484_n7393_3_f1.png,exact,S,78.6,10,523.6,22.882307575941724,0,0,0,0,1,0,0,0,0,0,0,8,0,1,3,1,1,0,0,0,1,0,0,0,0,0,0,0,0
5331,5331.png,v487_n7405_22_f2.png,data/science/v487_n7405_22_f2.png,exact,S,66.9,10,482.5444444444444,21.966894283089825,0,1,1,1,1,0,0,0,0,0,0,2,2,2,2,3,1,0,1,0,1,0,0,0,0,0,1,0,0
5332,5332.png,vis132.png,data/vis2/vis132.png,exact,I,48.6,10,528.2666666666667,22.984052442218857,0,0,1,1,1,1,1,1,0,0,0,18,8,2,7,4,1,1,1,1,0,0,0,0,0,0,1,0,0
5333,5333.png,v483_n7391_12_f1.png,data/science/v483_n7391_12_f1.png,exact,S,68.9,10,322.76666666666665,17.96570807585013,0,1,1,1,1,0,1,0,0,0,0,5,9,2,5,3,1,0,0,0,0,1,0,1,0,1,0,0,0
5334,5334.png,visMost701.png,data/vis1/visMost701.png,exact,I,45.6,10,328.0444444444444,18.11199725166842,0,0,1,1,1,1,0,0,0,0,0,5,1,6,8,3,1,0,1,1,0,0,0,0,0,0,1,0,0
5335,5335.png,vis654.png,data/vis3/vis654.png,exact,I,46.6,10,312.26666666666665,17.671068633975327,0,0,1,1,1,1,0,0,0,0,0,5,5,3,3,2,1,1,0,0,0,0,0,0,0,0,1,0,0
5336,5336.png,whoJ42.png,data/government/whoJ42.png,exact,G,39.4,10,461.15555555555557,21.474532720307458,0,0,1,1,1,1,0,0,1,0,0,1,1,4,1,1,0,0,0,0,0,0,0,0,0,0,1,0,0
5337,5337.png,v489_n7414_31_f2.png,data/science/v489_n7414_31_f2.png,exact,S,73.1,10,745.6555555555556,27.30669433592348,0,0,1,1,0,0,1,0,0,0,0,5,4,2,5,4,1,1,0,0,0,1,0,1,0,1,0,0,0
5338,5338.png,v484_n7392_3_f1.png,data/science/v484_n7392_3_f1.png,exact,S,82.6,10,196.93333333333334,14.033293744995625,0,1,1,0,1,0,1,0,0,0,0,2,4,3,3,4,1,0,0,0,1,0,1,0,0,1,0,0,1
5339,5339.png,vis898.png,data/vis3/vis898.png,exact,I,46.0,10,193.77777777777777,13.9204086785474,0,0,0,1,1,1,0,0,0,0,0,6,10,4,5,2,1,0,0,1,0,0,0,0,0,0,1,0,0
5340,5340.png,v485_n7399_11_f1.png,data/science/v485_n7399_11_f1.png,exact,S,64.1,10,276.32222222222225,16.622942646301293,0,1,1,0,0,0,0,0,0,0,0,7,2,3,1,2,1,0,0,0,0,1,0,1,0,0,0,0,0
5341,5341.png,visMost715.png,data/vis1/visMost715.png,exact,I,59.3,10,124.01111111111112,11.13602761810113,0,0,1,1,1,1,0,0,0,0,1,7,6,4,4,1,1,0,0,0,0,0,0,0,0,0,1,0,0
5342,5342.png,vis640.png,data/vis3/vis640.png,exact,I,44.1,10,235.43333333333334,15.343836982102403,0,1,1,1,1,1,0,0,0,0,1,5,7,2,6,3,1,0,1,1,0,0,0,0,0,0,1,0,0
5343,5343.png,treasuryI01_1.png,data/government/treasuryI01_1.png,exact,G,20.4,10,647.6,25.44798616786798,0,0,1,1,1,1,0,0,1,0,0,2,2,2,1,1,0,0,0,0,0,0,0,0,0,0,1,0,0
5344,5344.png,vis126.png,data/vis2/vis126.png,exact,I,54.9,10,466.32222222222225,21.594495183315175,0,0,1,1,1,1,0,0,0,0,0,8,6,7,10,3,1,1,1,0,0,0,0,0,0,0,1,0,0
5345,5345.png,v489_n7416_20_f4.png,data/science/v489_n7416_20_f4.png,exact,S,67.8,10,214.4,14.642404174178502,0,1,1,0,1,0,1,0,0,0,0,5,2,2,2,3,1,0,0,0,1,0,0,1,0,0,1,0,0
5346,5346.png,treasuryK02.png,data/government/treasuryK02.png,exact,G,29.6,10,654.0444444444444,25.574292647978446,0,0,1,1,1,1,0,0,1,0,0,2,10,2,1,1,0,0,0,0,0,0,0,0,0,0,1,0,0
5347,5347.png,vis668.png,data/vis3/vis668.png,exact,I,43.3,10,454.6777777777778,21.323174664617316,0,0,0,1,1,1,0,0,0,0,1,7,4,1,6,3,1,1,1,0,0,0,0,0,0,0,1,0,0
5348,5348.png,v483_n7387_2_f3.png,data/science/v483_n7387_2_f3.png,exact,S,80.4,10,125.60000000000001,11.207140580897521,0,1,1,0,1,0,1,0,0,0,0,8,2,3,4,2,1,0,1,0,1,0,0,0,0,0,0,0,0
5349,5349.png,v483_n7390_14_f3.png,data/science/v483_n7390_14_f3.png,exact,S,47.2,10,764.8444444444444,27.65582116742232,0,0,1,0,1,0,1,0,0,1,0,0,1,2,2,2,0,0,1,0,0,0,0,0,0,0,0,0,1
5350,5350.png,visMost729.png,data/vis1/visMost729.png,exact,I,38.3,10,397.56666666666666,19.93907386682407,0,0,1,1,1,1,0,0,0,0,1,6,7,6,5,3,1,0,1,1,0,0,0,0,0,0,1,0,0
5351,5351.png,v486_n7401_1_f5.png,data/science/v486_n7401_1_f5.png,exact,S,77.8,10,535.7333333333333,23.14591396625619,0,1,1,1,1,0,0,0,0,0,0,4,2,4,5,3,1,0,1,0,0,0,0,0,0,0,1,0,1
5352,5352.png,v486_n7404_22_f4.png,data/science/v486_n7404_22_f4.png,exact,S,83.0,10,321.3333333333333,17.925772879665004,0,0,0,0,1,0,0,0,0,0,0,8,0,1,6,1,1,0,0,0,1,0,0,0,0,0,0,0,0
5353,5353.png,v486_n7402_18_f2.png,data/science/v486_n7402_18_f2.png,exact,S,82.9,10,136.98888888888888,11.704225257952313,0,1,1,0,1,0,1,0,0,1,0,0,16,1,12,3,1,0,1,0,0,0,0,1,0,1,0,0,0
5354,5354.png,whoQ58_4.png,data/government/whoQ58_4.png,exact,G,25.6,10,782.4888888888889,27.97300285791443,0,1,1,1,0,0,1,0,0,0,0,1,2,1,1,1,0,1,0,0,0,0,0,0,0,0,0,0,0
5355,5355.png,v490_n7418_13_f3.png,data/science/v490_n7418_13_f3.png,exact,S,54.7,10,511.12222222222226,22.608012345675643,0,1,1,0,0,0,1,0,0,0,0,12,4,2,4,3,1,0,0,0,0,0,0,1,1,1,0,0,0
5356,5356.png,economist_daily_chart_70.png,data/news/economist_daily_chart_70.png,exact,N,25.4,10,350.93333333333334,18.733214708995714,0,0,1,1,1,1,1,0,0,0,0,3,3,1,2,1,1,0,1,0,0,0,0,0,0,0,0,0,0
5357,5357.png,v488_n7410_7_f1.png,data/science/v488_n7410_7_f1.png,exact,S,72.7,10,157.12222222222223,12.534840334931364,0,1,1,0,1,0,1,0,0,0,0,8,5,1,6,3,1,0,0,0,1,0,0,1,0,0,1,0,0
5358,5358.png,v489_n7414_15_f3.png,data/science/v489_n7414_15_f3.png,exact,S,66.4,10,152.26666666666668,12.33963802818651,0,1,1,1,1,0,1,0,0,0,0,3,12,2,3,3,1,0,1,0,0,1,0,1,0,0,0,0,0
5359,5359.png,v484_n7395_13_f1.png,data/science/v484_n7395_13_f1.png,exact,S,76.0,10,198.0,14.071247279470288,0,1,1,0,0,0,1,0,0,1,0,0,9,3,7,4,1,0,1,0,0,1,0,1,0,1,0,0,0
5360,5360.png,economist_daily_chart_64.png,data/news/economist_daily_chart_64.png,exact,N,36.0,10,647.5555555555555,25.447112911989752,0,0,1,1,0,1,1,0,0,0,0,4,2,1,1,1,0,0,0,0,0,0,0,1,0,0,0,0,0
5361,5361.png,whoJ36_1.png,data/government/whoJ36_1.png,exact,G,21.400000000000002,10,564.9333333333334,23.768326262766873,0,1,1,1,0,1,0,0,0,0,0,2,1,1,1,1,0,0,1,0,0,0,0,0,0,0,0,0,0
5362,5362.png,v484_n7394_15_f3.png,data/science/v484_n7394_15_f3.png,exact,S,82.1,10,443.65555555555557,21.06313261496389,0,1,1,1,0,0,1,0,0,0,0,6,2,1,13,3,1,0,1,0,1,0,0,0,0,0,1,0,0
5363,5363.png,v487_n7405_6_f2.png,data/science/v487_n7405_6_f2.png,exact,S,63.7,10,526.4555555555555,22.94461931598682,0,0,0,1,0,0,1,1,0,0,0,8,2,0,2,1,1,0,0,0,0,0,0,1,0,0,0,0,0
5364,5364.png,v489_n7415_13_f1.png,data/science/v489_n7415_13_f1.png,exact,S,22.0,10,177.33333333333334,13.316656236958787,0,1,1,1,1,0,0,0,0,0,0,9,2,2,2,2,0,0,1,0,0,0,0,0,0,0,1,0,0
5365,5365.png,v488_n7411_9_f4.png,data/science/v488_n7411_9_f4.png,exact,S,48.4,10,1061.3777777777777,32.57879337510488,0,1,1,0,1,0,1,1,0,0,0,15,3,0,4,3,1,0,0,0,0,0,0,1,1,1,0,0,0
5366,5366.png,vis907.png,data/vis3/vis907.png,exact,I,58.7,10,706.9,26.587591090582087,0,0,1,1,1,1,1,1,0,0,1,9,1,5,4,3,0,0,0,0,1,0,0,0,1,0,1,0,0
5367,5367.png,v490_n7419_15_f1.png,data/science/v490_n7419_15_f1.png,exact,S,32.2,10,342.84444444444443,18.516059095942754,0,0,0,0,0,0,1,1,0,0,0,10,1,0,1,1,0,0,0,0,0,0,0,0,1,0,0,0,0
5368,5368.png,v487_n7408_20_f4.png,data/science/v487_n7408_20_f4.png,exact,S,59.4,10,990.4888888888888,31.472033440642008,0,0,1,0,1,0,0,0,0,0,0,1,1,4,3,1,1,0,0,0,0,0,0,0,0,0,1,0,0
5369,5369.png,whoB30_1.png,data/government/whoB30_1.png,exact,G,22.4,10,434.26666666666665,20.83906587797703,0,1,1,1,0,1,1,0,0,0,0,2,1,2,1,1,0,0,1,0,0,0,0,0,0,0,0,0,0
5370,5370.png,vis913.png,data/vis3/vis913.png,exact,I,48.0,10,504.8888888888889,22.46973272847029,0,1,1,1,1,1,0,0,0,0,1,4,4,2,7,3,1,1,1,0,0,0,0,0,0,0,1,0,0
5371,5371.png,economist_daily_chart_58.png,data/news/economist_daily_chart_58.png,exact,N,65.8,10,441.9555555555556,21.022739011735734,0,0,1,1,1,1,1,0,0,0,1,42,3,2,3,2,1,1,0,0,0,0,0,0,0,0,1,0,0
5372,5372.png,wsj121.png,data/news/wsj121.png,exact,N,17.9,10,307.8777777777778,17.546446300541252,0,1,1,1,0,1,0,0,0,0,1,2,2,0,1,1,0,0,0,0,0,0,0,1,0,0,0,0,0
5373,5373.png,v486_n7402_14_f2.png,data/science/v486_n7402_14_f2.png,exact,S,63.2,10,536.8444444444444,23.16990385056538,0,0,0,0,1,0,0,0,0,0,0,4,3,0,1,1,0,0,0,0,1,0,0,0,0,0,0,0,0
5374,5374.png,visMost113.png,data/vis1/visMost113.png,exact,I,39.1,10,537.2111111111111,23.177815063355542,0,0,1,1,1,0,1,0,0,0,1,5,1,3,10,1,0,0,0,0,0,0,0,0,0,0,1,0,0
5375,5375.png,vis720.png,data/vis3/vis720.png,exact,I,32.1,10,657.2111111111111,25.636129019629916,0,0,1,1,1,1,0,0,0,0,1,15,3,5,5,4,1,0,1,1,1,0,0,0,0,0,1,0,0
5376,5376.png,v484_n7393_1_f4.png,data/science/v484_n7393_1_f4.png,exact,S,63.1,10,292.76666666666665,17.11042567169697,0,1,1,1,1,0,0,0,0,0,0,8,2,2,3,2,1,0,1,0,1,0,0,0,0,0,0,0,0
5377,5377.png,visMost675.png,data/vis1/visMost675.png,exact,I,35.7,10,422.9,20.564532574313475,0,0,0,1,1,1,0,0,0,0,1,11,3,0,8,2,1,0,0,0,0,0,0,0,0,1,1,0,0
5378,5378.png,whoK22.png,data/government/whoK22.png,exact,G,38.4,10,616.9333333333334,24.838142711026794,0,0,1,1,1,1,0,0,0,0,0,4,1,5,1,1,0,0,0,0,0,0,0,0,0,0,0,0,1
5379,5379.png,vis734.png,data/vis3/vis734.png,exact,I,79.4,10,552.9333333333334,23.514534512367735,0,0,1,1,1,1,0,0,1,0,1,30,2,1,1,1,0,0,0,0,0,0,0,0,0,0,1,0,0
5380,5380.png,v489_n7416_22_f1.png,data/science/v489_n7416_22_f1.png,exact,S,77.4,10,560.9333333333334,23.684031188404845,0,0,0,0,1,0,0,0,0,0,0,9,0,1,1,1,1,0,0,0,1,0,0,0,0,0,0,0,0
5381,5381.png,visMost661.png,data/vis1/visMost661.png,exact,I,42.1,10,840.5444444444445,28.99214452993163,0,0,1,1,1,1,1,1,0,0,1,8,5,5,5,4,1,1,0,0,0,0,0,0,1,1,1,0,0
5382,5382.png,visMost107.png,data/vis1/visMost107.png,exact,I,28.9,10,819.6555555555556,28.6296272339609,0,0,1,0,1,0,1,1,0,0,0,5,0,3,1,1,0,0,0,0,0,0,1,0,0,0,0,0,0
5383,5383.png,v484_n7392_1_f4.png,data/science/v484_n7392_1_f4.png,exact,S,71.4,10,301.15555555555557,17.353834030425542,0,1,1,0,1,0,0,0,0,0,0,9,7,1,1,2,0,0,0,0,0,0,0,1,0,1,0,0,0
5384,5384.png,v483_n7390_18_f3.png,data/science/v483_n7390_18_f3.png,exact,S,73.2,10,433.73333333333335,20.826265467753295,0,1,1,0,0,0,1,0,0,0,0,2,5,5,6,3,1,0,0,0,0,0,0,1,0,1,1,0,0
5385,5385.png,v488_n7411_16_f4.png,data/science/v488_n7411_16_f4.png,exact,S,69.5,10,145.61111111111111,12.066942906598635,0,1,1,1,1,0,1,0,0,0,0,3,8,3,5,4,1,0,1,0,1,0,0,1,0,1,0,0,0
5386,5386.png,wsj135.png,data/news/wsj135.png,exact,N,18.3,10,371.56666666666666,19.27606460527321,0,1,1,1,1,1,0,0,0,0,1,5,2,1,1,1,0,0,1,0,0,0,0,0,0,0,0,0,0
5387,5387.png,v485_n7399_13_f4.png,data/science/v485_n7399_13_f4.png,exact,S,62.5,10,438.72222222222223,20.94569698583034,0,1,1,0,0,0,1,1,0,0,0,2,2,1,1,2,0,0,0,0,0,0,0,1,0,1,0,0,0
5388,5388.png,v488_n7411_18_f1.png,data/science/v488_n7411_18_f1.png,exact,S,64.8,10,272.6222222222222,16.511275608571925,0,1,1,0,1,0,1,0,0,0,0,3,7,2,8,3,1,0,1,0,1,0,0,0,0,0,1,0,0
5389,5389.png,visMost34.png,data/vis1/visMost34.png,exact,I,46.5,10,924.2777777777778,30.40193707278827,0,0,1,1,1,1,0,0,0,0,1,3,0,2,1,1,0,0,0,0,1,0,0,0,0,0,0,0,0
5390,5390.png,visMost649.png,data/vis1/visMost649.png,exact,I,23.4,10,463.6,21.531372459738837,0,0,0,1,1,1,0,0,0,0,1,2,2,1,1,1,1,0,0,0,0,0,0,0,0,0,1,0,0
5391,5391.png,vis708.png,data/vis3/vis708.png,exact,I,36.8,10,636.6222222222223,25.231373768033762,0,0,0,1,1,1,0,0,0,0,1,9,0,2,1,1,0,0,0,0,0,0,0,0,0,0,1,0,0
5392,5392.png,visMost20.png,data/vis1/visMost20.png,exact,I,12.4,10,174.93333333333337,13.226236552146394,0,0,1,1,0,0,0,0,0,0,0,7,0,2,4,1,1,0,0,0,0,0,0,0,0,0,1,0,0
5393,5393.png,wsj109.png,data/news/wsj109.png,exact,N,22.0,10,417.55555555555554,20.43417616532547,0,0,1,1,1,1,0,0,0,0,1,7,3,1,2,2,0,0,1,0,0,0,0,0,0,0,1,0,0
5394,5394.png,v484_n7394_5_f5.png,data/science/v484_n7394_5_f5.png,exact,S,48.3,10,861.7888888888889,29.356241055163874,0,1,1,0,0,0,1,0,0,1,0,0,2,2,1,2,0,1,0,0,0,0,0,1,0,0,0,0,0
5395,5395.png,whoI11_2.png,data/government/whoI11_2.png,exact,G,27.3,10,306.23333333333335,17.499523803044852,0,1,1,1,0,1,0,0,0,1,0,0,2,1,1,1,0,0,1,0,0,0,0,0,0,0,0,0,0
5396,5396.png,v486_n7404_20_f1.png,data/science/v486_n7404_20_f1.png,exact,S,52.1,10,721.6555555555556,26.86364747303604,0,1,1,1,0,0,1,0,0,1,0,0,6,2,3,4,1,1,1,0,0,1,0,1,0,0,0,0,0
5397,5397.png,v489_n7417_1_f1.png,data/science/v489_n7417_1_f1.png,exact,S,63.1,10,388.9888888888889,19.72280124345649,0,1,1,0,1,0,0,0,0,0,0,4,4,3,2,4,1,1,0,0,0,0,0,1,0,1,0,0,1
5398,5398.png,vis50.png,data/vis2/vis50.png,exact,I,42.8,10,817.5111111111111,28.592151215169366,0,0,1,1,1,1,0,0,0,0,1,9,2,1,7,3,1,0,1,1,0,0,0,0,0,0,1,0,0
5399,5399.png,economist_daily_chart_276.png,data/news/economist_daily_chart_276.png,exact,N,52.3,10,366.0111111111111,19.131416861045892,0,0,1,1,1,1,1,0,0,0,1,9,4,3,2,4,0,0,0,0,1,0,0,1,1,0,1,0,0
5400,5400.png,wsj486.png,data/news/wsj486.png,exact,N,24.0,10,484.0,22.0,0,0,1,1,0,1,1,0,0,0,1,3,1,2,1,2,0,1,1,0,0,0,0,0,0,0,0,0,0
5401,5401.png,v486_n7404_4_f3.png,data/science/v486_n7404_4_f3.png,exact,S,61.6,10,966.9333333333334,31.095551664721008,0,1,1,1,0,0,1,0,0,0,0,7,6,2,4,2,1,0,0,0,0,0,0,1,0,1,0,0,0
5402,5402.png,economist_daily_chart_510.png,data/news/economist_daily_chart_510.png,exact,N,20.8,10,569.0666666666667,23.855118248851056,0,1,0,1,1,1,0,0,0,0,1,3,1,1,1,1,0,0,1,0,0,0,0,0,0,0,0,0,0
5403,5403.png,v482_n7386_13_f4.png,data/science/v482_n7386_13_f4.png,exact,S,62.1,10,734.1,27.09427983910995,0,1,1,0,1,0,1,0,0,0,0,9,5,5,7,5,1,1,1,0,1,0,0,0,0,1,1,0,0
5404,5404.png,vis287.png,data/vis2/vis287.png,exact,I,51.6,10,1043.1555555555556,32.29791874959678,0,0,1,1,1,1,0,0,0,0,0,15,5,7,8,4,1,1,0,1,0,0,0,0,1,0,1,0,0
5405,5405.png,vis293.png,data/vis2/vis293.png,exact,I,36.0,10,463.3333333333333,21.525179054617254,0,0,1,1,1,1,1,0,0,0,1,6,3,3,5,3,1,0,1,0,0,0,0,0,1,0,1,0,0
5406,5406.png,v489_n7416_1_f1.png,data/science/v489_n7416_1_f1.png,exact,S,69.6,10,537.3777777777779,23.18141017664322,0,0,1,0,1,0,1,0,0,0,0,6,1,5,6,1,1,0,0,0,1,0,0,0,0,0,0,0,0
5407,5407.png,economist_daily_chart_504.png,data/news/economist_daily_chart_504.png,exact,N,26.0,10,596.6666666666666,24.426761280748348,0,1,1,1,0,0,1,0,0,0,1,5,3,4,2,1,1,0,1,0,0,0,0,0,0,0,0,0,0
5408,5408.png,np_15.png,data/news/np_15.png,exact,N,55.9,10,245.65555555555557,15.673402807162061,0,0,1,1,1,1,0,0,0,0,0,4,1,2,2,2,1,0,0,0,1,0,0,0,0,0,1,0,0
5409,5409.png,economist_daily_chart_262.png,data/news/economist_daily_chart_262.png,exact,N,29.599999999999998,10,959.3777777777779,30.973824074172338,0,1,1,1,1,1,0,0,1,0,1,3,2,1,1,1,0,0,0,0,0,0,0,0,0,0,1,0,0
5410,5410.png,wsj492.png,data/news/wsj492.png,exact,N,22.9,10,325.65555555555557,18.0459290577004,0,0,0,1,1,1,0,0,0,0,1,3,0,1,1,2,0,0,0,0,0,0,0,0,1,1,0,0,0
5411,5411.png,v486_n7402_22_f3.png,data/science/v486_n7402_22_f3.png,exact,S,76.4,10,868.7111111111111,29.4739055964952,0,0,1,0,1,0,0,0,0,0,0,15,0,1,5,1,1,0,0,0,1,0,0,0,0,0,0,0,0
5412,5412.png,vis44.png,data/vis2/vis44.png,exact,I,50.1,10,802.5444444444445,28.32921538702483,0,0,1,0,1,1,0,0,0,0,1,15,5,5,6,1,1,0,0,0,0,0,0,0,0,0,1,0,0
5413,5413.png,whoP22.png,data/government/whoP22.png,exact,G,24.2,10,307.5111111111111,17.535994728304154,0,0,0,1,0,1,1,0,0,0,0,3,0,1,1,1,1,0,0,0,0,0,0,0,1,0,0,0,0
5414,5414.png,v485_n7399_1_f3.png,data/science/v485_n7399_1_f3.png,exact,S,62.4,10,426.93333333333334,20.662365143742218,0,1,1,0,1,0,1,0,0,0,0,5,2,2,2,4,1,0,0,0,1,0,0,1,0,1,1,0,0
5415,5415.png,v489_n7417_12_f2.png,data/science/v489_n7417_12_f2.png,exact,S,59.3,10,281.7888888888889,16.786568705035847,0,1,1,0,1,0,1,0,0,0,0,6,3,2,2,1,1,0,0,0,0,0,0,0,0,1,0,0,0
5416,5416.png,visMost488.png,data/vis1/visMost488.png,exact,I,38.5,10,930.7222222222222,30.507740365720668,0,1,1,1,1,1,0,0,0,0,1,15,1,2,4,3,1,0,0,0,0,0,0,0,0,1,1,1,0
5417,5417.png,v483_n7389_22_f1.png,data/science/v483_n7389_22_f1.png,exact,S,62.2,10,755.7333333333333,27.490604455583245,0,0,0,1,1,0,0,0,0,0,0,2,0,3,3,1,1,0,0,0,1,0,0,0,0,0,0,0,0
5418,5418.png,v486_n7403_24_f1.png,data/science/v486_n7403_24_f1.png,exact,S,70.0,10,467.1111111111111,21.612753436596435,0,1,1,1,1,0,1,0,0,0,0,5,3,5,7,3,1,0,1,0,1,0,0,0,0,0,1,0,0
5419,5419.png,v485_n7398_1_f3.png,data/science/v485_n7398_1_f3.png,exact,S,80.7,10,597.1222222222223,24.436084429020585,0,0,0,1,1,0,0,0,0,0,0,11,0,1,4,1,1,0,0,0,1,0,0,0,0,0,0,0,0
5420,5420.png,vis78.png,data/vis2/vis78.png,exact,I,41.4,10,744.4888888888889,27.285323690381407,0,0,1,1,1,1,0,0,0,0,1,5,1,6,7,3,1,1,0,1,0,0,0,0,0,0,1,0,0
5421,5421.png,whoG07.png,data/government/whoG07.png,exact,G,15.1,10,156.54444444444442,12.511772234357705,0,0,0,1,0,1,1,0,0,0,1,7,1,0,1,1,1,0,0,0,0,0,0,0,1,0,0,0,0
5422,5422.png,v485_n7396_12_f4.png,data/science/v485_n7396_12_f4.png,exact,S,52.6,10,672.9333333333333,25.940958604749618,0,1,1,0,0,0,1,1,0,0,0,7,3,1,3,1,1,0,0,0,0,0,1,0,0,0,0,0,0
5423,5423.png,v483_n7387_13_f2.png,data/science/v483_n7387_13_f2.png,exact,S,52.9,10,492.32222222222225,22.18833527379245,0,1,1,1,1,0,0,0,0,1,0,0,2,5,1,1,0,0,0,0,0,0,1,0,0,0,0,0,0
5424,5424.png,vis93.png,data/vis2/vis93.png,exact,I,35.7,10,431.56666666666666,20.774182695515766,0,0,0,0,1,0,0,0,0,0,1,10,1,0,1,1,0,0,0,0,0,0,1,0,0,0,0,0,0
5425,5425.png,visMost477.png,data/vis1/visMost477.png,exact,I,45.7,10,302.6777777777778,17.397637132029676,0,0,0,1,1,0,1,0,0,0,1,3,4,3,2,2,0,1,0,0,0,0,0,0,0,0,1,0,0
5426,5426.png,v483_n7388_5_f3.png,data/science/v483_n7388_5_f3.png,exact,S,60.0,10,1220.2222222222222,34.93167935015753,0,0,0,0,1,0,0,0,0,0,0,1,1,0,5,2,0,0,0,0,1,0,0,0,0,0,1,0,0
5427,5427.png,v484_n7392_17_f1.png,data/science/v484_n7392_17_f1.png,exact,S,69.4,10,784.2666666666667,28.00476149990688,0,1,1,0,1,0,0,0,0,0,0,3,4,0,1,2,1,0,0,0,0,0,0,1,0,1,0,0,0
5428,5428.png,vis522.png,data/vis3/vis522.png,exact,I,50.4,10,870.0444444444445,29.496515801776393,0,0,1,1,1,1,0,0,0,0,0,15,1,7,9,4,1,1,1,1,0,0,0,0,0,1,0,0,0
5429,5429.png,v488_n7412_4_f3.png,data/science/v488_n7412_4_f3.png,exact,S,65.3,10,865.7888888888889,29.424290796702117,0,1,1,1,1,0,1,1,0,0,0,7,7,1,2,3,1,1,0,0,0,0,1,1,0,0,0,0,0
5430,5430.png,vis244.png,data/vis2/vis244.png,exact,I,47.4,10,409.82222222222225,20.244066346024017,0,0,0,1,1,1,0,0,0,0,1,10,3,7,8,3,1,1,1,0,0,0,0,0,0,0,1,0,0
5431,5431.png,visMost311.png,data/vis1/visMost311.png,exact,I,52.5,10,642.5,25.347583711273153,0,0,0,1,1,1,0,0,0,0,0,4,1,3,2,2,1,0,0,0,1,0,0,0,0,0,1,0,0
5432,5432.png,v487_n7407_21_f4.png,data/science/v487_n7407_21_f4.png,exact,S,68.0,10,997.7777777777778,31.587620641285692,0,0,1,0,1,0,0,0,0,1,0,0,0,4,5,2,1,0,0,0,0,1,0,0,0,0,1,0,0
5433,5433.png,wsj323.png,data/news/wsj323.png,exact,N,26.0,10,661.7777777777778,25.725041842099653,0,0,0,1,1,1,0,0,0,0,1,5,0,2,1,2,0,0,0,0,1,0,0,0,0,0,1,0,0
5434,5434.png,wsj337.png,data/news/wsj337.png,exact,N,34.2,10,579.0666666666666,24.063804077216606,0,1,1,1,1,1,0,0,0,0,1,7,6,1,3,4,1,1,1,0,0,0,0,1,0,0,1,0,0
5435,5435.png,vis250.png,data/vis2/vis250.png,exact,I,18.0,10,338.44444444444446,18.396859635395504,0,0,1,1,1,1,0,0,0,0,1,3,1,2,1,1,0,0,1,0,0,0,0,0,0,0,0,0,0
5436,5436.png,visMost305.png,data/vis1/visMost305.png,exact,I,80.0,10,695.3333333333334,26.369173922088144,0,1,1,1,1,1,0,0,0,0,1,7,3,11,10,7,1,1,1,1,1,1,0,1,0,0,1,0,0
5437,5437.png,v485_n7400_16_f1.png,data/science/v485_n7400_16_f1.png,exact,S,77.6,10,610.9333333333333,24.717065629506536,0,1,1,0,1,0,1,0,0,0,0,15,4,2,4,4,1,0,1,1,0,1,0,0,0,1,0,0,0
5438,5438.png,vis87.png,data/vis2/vis87.png,exact,I,52.2,10,607.0666666666667,24.63872291062722,0,0,0,1,1,1,1,1,0,0,1,7,0,2,1,1,0,0,0,0,0,0,0,0,1,0,0,0,0
5439,5439.png,visMost463.png,data/vis1/visMost463.png,exact,I,52.4,10,708.9333333333334,26.625802022349173,0,0,0,1,1,1,0,0,0,0,1,5,2,6,9,2,1,0,0,1,0,0,0,0,0,0,1,0,0
5440,5440.png,vis536.png,data/vis3/vis536.png,exact,I,29.4,10,537.8222222222222,23.190994420727677,0,0,0,1,1,1,0,0,0,0,0,11,2,3,3,2,1,0,1,0,0,0,0,0,0,0,1,0,0
5441,5441.png,whoI20.png,data/government/whoI20.png,exact,G,19.1,10,338.32222222222225,18.393537512458614,0,0,0,0,1,1,0,0,0,1,0,0,0,2,1,1,0,0,0,0,1,0,0,0,0,0,0,0,0
5442,5442.png,wsj451.png,data/news/wsj451.png,exact,N,25.4,10,383.6,19.585709075752145,0,0,0,1,1,1,0,0,0,0,1,7,0,1,1,2,0,0,0,0,0,0,0,0,1,0,1,0,0
5443,5443.png,v485_n7400_18_f4.png,data/science/v485_n7400_18_f4.png,exact,S,75.5,10,282.94444444444446,16.82095254272018,0,1,1,0,1,0,1,0,0,0,0,5,6,4,8,3,1,0,1,0,1,0,0,0,0,0,1,0,0
5444,5444.png,whoI08.png,data/government/whoI08.png,exact,G,57.4,10,300.0444444444445,17.32179102877195,0,0,1,1,1,1,1,0,0,1,0,0,0,2,1,1,0,0,0,0,1,0,0,0,0,0,0,0,0
5445,5445.png,economist_daily_chart_289.png,data/news/economist_daily_chart_289.png,exact,N,25.3,10,433.3444444444445,20.81692687320692,0,0,1,1,0,1,0,0,0,0,1,3,1,1,1,1,0,0,1,0,0,0,0,0,0,0,0,0,0
5446,5446.png,wsj479.png,data/news/wsj479.png,exact,N,55.3,10,339.1222222222222,18.415271440362268,0,0,0,1,1,1,0,0,0,0,0,5,1,1,2,2,1,0,0,0,1,0,0,0,0,0,1,0,0
5447,5447.png,v488_n7413_19_f2.png,data/science/v488_n7413_19_f2.png,exact,S,60.0,10,840.2222222222222,28.986586936412884,0,0,1,0,1,0,0,0,0,0,0,9,0,2,11,2,1,0,0,0,1,0,0,0,0,0,1,0,0
5448,5448.png,v484_n7393_11_f3.png,data/science/v484_n7393_11_f3.png,exact,S,37.4,10,864.2666666666667,29.398412655561298,0,1,1,0,0,0,0,0,0,0,0,3,2,0,1,2,0,0,0,0,0,0,0,1,0,1,0,0,0
5449,5449.png,vis278.png,data/vis2/vis278.png,exact,I,61.8,10,795.9555555555556,28.212684302553622,0,0,0,1,0,1,1,1,0,0,0,7,0,2,1,2,0,0,0,0,0,0,1,0,1,0,0,0,0
5450,5450.png,visMost339.png,data/vis1/visMost339.png,exact,I,50.3,10,481.34444444444443,21.939563451546714,0,0,1,1,1,1,0,0,0,0,1,12,3,4,1,2,0,0,0,0,1,0,0,0,0,0,1,0,0
5451,5451.png,v484_n7392_19_f4.png,data/science/v484_n7392_19_f4.png,exact,S,65.1,10,787.4333333333334,28.061242547922454,0,1,1,1,1,0,1,0,0,0,0,5,6,3,5,3,1,0,1,0,1,0,0,0,0,0,1,0,0
5452,5452.png,v490_n7420_11_f4.png,data/science/v490_n7420_11_f4.png,exact,S,50.3,10,926.6777777777778,30.441382652201884,0,1,1,1,1,1,0,0,1,1,0,0,4,1,1,1,0,0,0,0,0,0,0,0,0,0,1,0,0
5453,5453.png,v484_n7393_11_f1.png,data/science/v484_n7393_11_f1.png,exact,S,49.2,10,676.8444444444444,26.01623424795457,0,1,1,0,1,0,0,0,0,1,0,0,2,1,2,2,1,0,0,0,0,0,0,1,0,1,0,0,0
5454,5454.png,v487_n7407_5_f2.png,data/science/v487_n7407_5_f2.png,exact,S,54.4,10,860.7111111111111,29.337878435754536,0,1,1,0,1,0,1,0,0,1,0,0,5,1,2,1,1,0,1,0,0,0,0,0,0,0,0,0,0
5455,5455.png,visMost449.png,data/vis1/visMost449.png,exact,I,40.5,10,568.5,23.843238035132728,0,0,1,1,1,1,0,0,0,0,1,5,3,8,7,3,1,1,1,0,0,0,0,0,0,0,1,0,0
5456,5456.png,vis508.png,data/vis3/vis508.png,exact,I,49.8,10,978.6222222222223,31.282938196758664,0,0,1,1,1,1,0,0,0,0,1,21,5,5,8,5,1,1,1,1,0,0,0,0,0,1,1,0,0
5457,5457.png,v482_n7386_1_f10.png,data/science/v482_n7386_1_f10.png,exact,S,37.9,10,754.9888888888888,27.47706113995616,0,1,1,0,0,0,1,0,0,0,0,4,2,2,1,3,1,0,0,0,0,1,0,1,0,1,0,0,0
5458,5458.png,wsj309.png,data/news/wsj309.png,exact,N,32.9,10,612.5444444444445,24.74963523861401,0,0,1,1,1,1,0,0,0,0,1,4,4,1,2,2,1,0,1,0,0,0,0,1,0,0,0,0,0
5459,5459.png,v490_n7419_23_f2.png,data/science/v490_n7419_23_f2.png,exact,S,84.6,10,252.26666666666668,15.882904856060389,0,1,1,1,1,0,1,1,0,0,0,12,11,5,9,4,1,0,0,0,1,0,0,1,0,1,1,0,0
5460,5460.png,v487_n7408_18_f2.png,data/science/v487_n7408_18_f2.png,exact,S,73.8,10,746.1777777777778,27.316254827076456,0,1,1,1,1,0,1,1,0,0,0,20,4,7,4,5,1,0,1,0,1,1,1,0,0,0,0,0,1
5461,5461.png,wsj321.png,data/news/wsj321.png,exact,N,22.7,10,310.23333333333335,17.613441836657973,0,0,1,1,1,1,0,0,0,0,1,4,4,2,4,1,1,0,1,0,0,0,0,0,0,0,0,0,0
5462,5462.png,visMost313.png,data/vis1/visMost313.png,exact,I,26.6,10,440.4888888888889,20.987827159782142,0,0,0,1,1,1,0,0,0,0,0,10,5,3,1,1,1,0,0,0,0,0,0,0,0,0,1,0,0
5463,5463.png,v488_n7412_4_f1.png,data/science/v488_n7412_4_f1.png,exact,S,49.0,10,882.2222222222222,29.702225879927283,0,0,0,0,1,0,0,0,0,0,0,7,1,1,1,1,0,0,0,0,1,0,0,0,0,0,0,0,0
5464,5464.png,vis246.png,data/vis2/vis246.png,exact,I,27.4,10,396.4888888888889,19.91202874869582,0,0,0,1,1,1,0,0,0,0,1,20,8,0,5,1,1,0,0,0,0,0,0,0,0,0,1,0,0
5465,5465.png,vis520.png,data/vis3/vis520.png,exact,I,41.7,10,467.1222222222222,21.613010484942215,0,0,1,1,1,1,0,0,0,0,1,5,1,1,1,2,0,0,0,0,1,0,0,0,0,0,1,0,0
5466,5466.png,visMost475.png,data/vis1/visMost475.png,exact,I,57.3,10,1135.7888888888888,33.701467162259995,0,0,0,1,1,1,0,0,0,0,1,40,0,11,11,1,1,0,0,0,0,0,0,0,0,0,1,0,0
5467,5467.png,v484_n7392_17_f3.png,data/science/v484_n7392_17_f3.png,exact,S,70.1,10,191.8777777777778,13.851995443898247,0,1,1,0,0,0,1,1,0,0,0,3,5,0,4,2,1,0,0,0,0,0,0,1,0,1,0,0,0
5468,5468.png,v483_n7388_5_f1.png,data/science/v483_n7388_5_f1.png,exact,S,62.3,10,608.6777777777778,24.67139594303042,0,1,1,0,1,0,0,0,0,0,0,3,5,1,3,1,1,0,0,0,0,0,0,0,0,0,1,0,0
5469,5469.png,vis91.png,data/vis2/vis91.png,exact,I,40.5,10,682.7222222222222,26.128953714648087,0,0,1,1,1,1,0,0,0,0,1,9,2,7,6,3,1,0,1,1,0,0,0,0,0,0,1,0,0
5470,5470.png,wsj447.png,data/news/wsj447.png,exact,N,27.2,10,549.0666666666666,23.432171616533253,0,1,1,1,0,1,1,0,0,0,1,5,5,2,3,3,1,1,1,0,0,0,0,1,0,0,0,0,0
5471,5471.png,wsj453.png,data/news/wsj453.png,exact,N,39.3,10,346.4555555555556,18.61331661890367,0,1,1,1,1,1,1,0,0,0,1,4,6,3,3,3,1,1,1,0,0,0,0,1,0,0,0,0,0
5472,5472.png,whoI22.png,data/government/whoI22.png,exact,G,23.4,10,382.26666666666665,19.551641022345585,0,0,1,0,0,1,0,0,0,0,1,1,1,1,1,1,0,0,1,0,0,0,0,0,0,0,0,0,0
5473,5473.png,visMost461.png,data/vis1/visMost461.png,exact,I,42.1,10,128.54444444444445,11.337744239682092,0,0,0,1,1,1,0,0,0,0,1,1,4,9,1,1,1,0,0,0,0,0,0,0,0,0,1,0,0
5474,5474.png,v485_n7400_16_f3.png,data/science/v485_n7400_16_f3.png,exact,S,30.7,10,317.1222222222222,17.80792582594116,0,0,0,1,1,0,0,0,0,0,0,10,0,2,1,2,0,0,0,0,1,0,0,0,0,0,1,0,0
5475,5475.png,vis85.png,data/vis2/vis85.png,exact,I,33.9,10,536.5444444444444,23.163429030358273,0,0,1,1,1,1,0,0,0,0,1,11,4,1,5,4,1,0,1,1,1,0,0,0,0,0,1,0,0
5476,5476.png,visMost307.png,data/vis1/visMost307.png,exact,I,65.2,10,1193.7333333333333,34.550446210336176,0,0,1,1,0,1,0,0,0,0,1,40,1,1,1,1,0,0,1,0,0,0,0,0,0,0,0,0,0
5477,5477.png,vis252.png,data/vis2/vis252.png,exact,I,47.0,10,454.6666666666667,21.322914122292634,0,0,0,1,1,1,0,0,0,0,1,15,3,4,8,3,1,0,0,0,1,0,0,0,0,1,1,0,0
5478,5478.png,wsj335.png,data/news/wsj335.png,exact,N,35.5,10,528.0555555555555,22.979459426965544,0,1,1,1,1,1,1,0,0,0,1,3,5,4,3,1,1,0,0,0,0,0,0,1,0,0,0,0,0
5479,5479.png,v485_n7398_23_f5.png,data/science/v485_n7398_23_f5.png,exact,S,51.4,10,671.8222222222222,25.919533603485657,0,0,1,1,1,0,1,0,0,0,0,13,2,4,4,5,1,1,1,1,0,0,0,1,0,0,1,0,0
5480,5480.png,v483_n7389_22_f3.png,data/science/v483_n7389_22_f3.png,exact,S,74.8,10,829.9555555555555,28.808949226855802,0,0,0,0,1,0,0,0,0,0,0,3,1,1,3,1,1,0,0,0,1,0,0,0,0,0,0,0,0
5481,5481.png,whoJ34_1.png,data/government/whoJ34_1.png,exact,G,29.9,10,330.5444444444444,18.180881288992687,0,0,0,1,0,1,1,0,0,0,0,5,1,0,1,1,0,0,0,0,0,0,0,0,1,0,0,0,0
5482,5482.png,v485_n7399_1_f1.png,data/science/v485_n7399_1_f1.png,exact,S,79.4,10,456.4888888888889,21.36560059742971,0,0,1,1,1,0,0,0,0,0,0,11,0,4,2,3,1,0,0,0,1,0,1,0,0,0,1,0,0
5483,5483.png,economist_daily_chart_248.png,data/news/economist_daily_chart_248.png,exact,N,56.8,10,364.84444444444443,19.10090166574459,0,1,1,1,1,1,0,0,0,0,1,4,3,1,1,2,0,0,0,0,0,0,0,1,0,1,0,0,0
5484,5484.png,whoP20.png,data/government/whoP20.png,exact,G,21.1,10,490.5444444444444,22.148237953490668,0,0,1,1,0,0,0,0,1,0,0,1,0,2,1,1,0,0,0,0,0,0,0,0,0,0,1,0,0
5485,5485.png,whoB32_1.png,data/government/whoB32_1.png,exact,G,30.1,10,592.3222222222222,24.33767084628729,0,1,1,1,0,1,1,0,0,0,0,2,1,2,1,1,0,0,1,0,0,0,0,0,0,0,0,0,0
5486,5486.png,whoG05.png,data/government/whoG05.png,exact,G,21.4,10,148.26666666666668,12.1764800606196,0,1,1,1,0,1,1,0,0,0,1,6,1,2,1,1,1,0,1,0,0,0,0,0,0,0,0,0,0
5487,5487.png,v485_n7398_1_f1.png,data/science/v485_n7398_1_f1.png,exact,S,81.9,10,175.65555555555557,13.253511065206666,0,0,0,0,1,0,0,0,0,0,0,9,0,3,3,1,1,0,0,0,1,0,0,0,0,0,0,0,0
5488,5488.png,v486_n7403_24_f3.png,data/science/v486_n7403_24_f3.png,exact,S,39.4,10,845.3777777777777,29.075380956709367,0,1,1,0,0,0,1,0,0,0,0,3,3,3,3,1,1,0,1,0,0,0,0,0,0,0,0,0,0
5489,5489.png,whoQ22_4.png,data/government/whoQ22_4.png,exact,G,24.8,10,456.40000000000003,21.363520309162535,0,1,1,1,0,1,1,0,0,0,0,6,2,1,1,1,0,0,1,0,0,0,0,0,0,0,0,0,0
5490,5490.png,vis285.png,data/vis2/vis285.png,exact,I,46.5,10,681.1666666666666,26.09916984631248,0,1,1,1,1,1,0,0,0,0,1,6,5,4,7,4,1,0,1,0,0,0,0,1,0,1,1,0,0
5491,5491.png,economist_daily_chart_512.png,data/news/economist_daily_chart_512.png,exact,N,23.9,10,429.8777777777778,20.733494104414184,0,0,1,1,0,1,1,0,0,0,1,6,2,1,1,1,0,0,0,0,0,0,0,1,0,0,0,0,0
5492,5492.png,v486_n7404_4_f1.png,data/science/v486_n7404_4_f1.png,exact,S,74.2,10,508.84444444444443,22.55758064253444,0,0,1,1,1,0,1,0,0,0,0,5,2,2,3,2,1,0,0,0,1,0,0,0,0,0,1,0,0
5493,5493.png,wsj484.png,data/news/wsj484.png,exact,N,22.4,10,620.9333333333333,24.918533932262815,0,0,0,1,1,1,0,0,0,0,1,5,1,2,1,1,0,0,1,0,0,0,0,0,0,0,0,0,0
5494,5494.png,economist_daily_chart_274.png,data/news/economist_daily_chart_274.png,exact,N,29.3,10,946.9000000000001,30.77174028227848,0,0,1,1,1,1,1,0,0,0,1,4,1,2,1,1,0,0,1,0,0,0,0,0,0,0,0,0,0
5495,5495.png,vis52.png,data/vis2/vis52.png,exact,I,41.3,10,804.2333333333333,28.35900797512729,0,0,1,1,1,1,0,0,0,0,1,15,8,2,7,4,1,0,0,0,0,0,0,1,1,1,1,0,0
5496,5496.png,v489_n7417_1_f3.png,data/science/v489_n7417_1_f3.png,exact,S,55.1,10,384.5444444444444,19.60980480383332,0,1,1,1,0,0,0,0,0,0,0,2,2,1,1,1,1,0,0,0,0,0,0,0,0,1,0,0,0
5497,5497.png,vis46.png,data/vis2/vis46.png,exact,I,39.6,10,693.1555555555556,26.327847529860005,0,0,0,1,0,1,1,1,0,0,1,9,0,1,1,1,1,0,0,0,0,0,0,0,1,0,0,0,0
5498,5498.png,v486_n7402_22_f1.png,data/science/v486_n7402_22_f1.png,exact,S,82.5,10,734.9444444444445,27.10985880532107,0,1,1,0,1,0,0,0,0,0,0,3,13,3,6,2,1,0,1,0,0,1,0,0,0,0,0,0,0
5499,5499.png,wsj490.png,data/news/wsj490.png,exact,N,27.5,10,268.05555555555554,16.372402253657082,0,1,1,1,1,1,0,0,0,0,0,1,4,1,3,3,0,1,1,0,0,0,0,1,0,0,0,0,0
5500,5500.png,whoP08.png,data/government/whoP08.png,exact,G,14.0,10,299.77777777777777,17.31409188429407,0,0,0,1,0,0,0,0,1,0,0,1,0,3,1,1,0,0,0,0,0,0,0,0,0,0,1,0,0
5501,5501.png,economist_daily_chart_260.png,data/news/economist_daily_chart_260.png,exact,N,23.5,10,490.72222222222223,22.152250951590048,0,0,1,1,1,1,1,0,0,0,1,2,2,2,1,1,0,0,1,0,0,0,0,0,0,0,0,0,0
5502,5502.png,np_17.png,data/news/np_17.png,exact,N,50.4,10,663.3777777777777,25.756121171049372,0,0,0,1,1,1,1,1,0,0,0,10,3,4,5,3,1,0,1,0,1,0,0,0,0,1,0,0,0
5503,5503.png,economist_daily_chart_506.png,data/news/economist_daily_chart_506.png,exact,N,25.4,10,695.1555555555555,26.365802767136742,0,0,1,1,1,1,0,0,0,0,1,3,1,2,1,1,0,0,1,0,0,0,0,0,0,0,0,0,0
5504,5504.png,v487_n7405_16_f4.png,data/science/v487_n7405_16_f4.png,exact,S,82.1,10,399.43333333333334,19.98582831241511,0,1,1,0,1,0,1,1,0,0,0,4,8,5,6,3,1,0,1,0,0,1,0,1,0,0,0,0,0
5505,5505.png,vis291.png,data/vis2/vis291.png,exact,I,52.3,10,941.5666666666667,30.68495831293676,0,0,0,1,1,1,0,0,0,0,1,7,1,1,2,2,1,0,0,0,1,0,0,0,0,0,0,0,1
5506,5506.png,visMost36.png,data/vis1/visMost36.png,exact,I,62.3,10,878.4555555555555,29.638750910852426,0,1,1,1,1,0,0,0,0,0,1,1,1,8,9,1,1,0,0,0,0,0,0,0,0,0,0,0,1
5507,5507.png,whoK08.png,data/government/whoK08.png,exact,G,30.0,10,762.6666666666666,27.616420236277303,0,0,0,0,0,1,0,0,1,0,0,1,4,2,1,1,0,0,0,0,0,0,0,0,0,0,1,0,0
5508,5508.png,v483_n7390_16_f4.png,data/science/v483_n7390_16_f4.png,exact,S,75.4,10,608.2666666666667,24.663062799795703,0,1,1,0,1,0,0,0,0,0,0,5,0,5,7,2,1,0,0,0,0,0,0,1,0,0,1,0,0
5509,5509.png,v488_n7411_18_f3.png,data/science/v488_n7411_18_f3.png,exact,S,65.7,10,776.6777777777777,27.868939301268316,0,1,1,0,1,0,0,0,0,0,0,5,7,7,7,4,1,0,1,0,0,0,0,1,0,1,1,0,0
5510,5510.png,whoK29_1.png,data/government/whoK29_1.png,exact,G,47.1,10,279.43333333333334,16.71625954971187,0,1,0,0,1,1,1,0,0,0,0,4,2,1,1,1,0,0,1,0,0,0,0,0,0,0,0,0,0
5511,5511.png,visMost139.png,data/vis1/visMost139.png,exact,I,49.3,10,717.5666666666667,26.787434865374227,0,0,0,1,1,1,0,0,0,0,1,5,1,1,5,1,1,0,0,0,0,0,0,0,0,0,1,0,0
5512,5512.png,v486_n7404_20_f3.png,data/science/v486_n7404_20_f3.png,exact,S,81.8,10,744.4000000000001,27.283694764455934,0,0,1,0,1,0,1,1,0,0,0,5,4,2,3,2,1,0,0,0,0,0,0,1,0,1,0,0,0
5513,5513.png,v486_n7401_3_f2.png,data/science/v486_n7401_3_f2.png,exact,S,76.0,10,535.1111111111111,23.132468763863297,0,0,0,0,1,0,0,0,0,0,0,6,0,1,4,1,1,0,0,0,1,0,0,0,0,0,0,0,0
5514,5514.png,economist_daily_chart_99.png,data/news/economist_daily_chart_99.png,exact,N,22.2,10,310.84444444444443,17.63078116376142,0,0,0,1,0,1,1,0,0,0,0,5,1,0,1,1,0,0,0,0,0,0,0,0,1,0,0,0,0
5515,5515.png,v483_n7389_14_f2.png,data/science/v483_n7389_14_f2.png,exact,S,57.8,10,942.6222222222223,30.70215338086601,0,1,1,0,1,0,0,0,0,1,0,0,2,2,4,1,1,0,0,0,0,1,0,0,0,0,0,0,0
5516,5516.png,visMost22.png,data/vis1/visMost22.png,exact,I,53.5,10,839.1666666666666,28.96837355922259,0,1,0,1,0,1,0,0,0,0,1,4,1,1,1,1,1,0,0,0,1,0,0,0,0,0,0,0,0
5517,5517.png,visMost677.png,data/vis1/visMost677.png,exact,I,58.5,10,726.0555555555555,26.945418080919723,0,0,0,1,1,1,0,0,0,0,1,6,4,2,5,3,1,0,1,1,0,0,0,0,0,0,1,0,0
5518,5518.png,vis722.png,data/vis3/vis722.png,exact,I,37.8,10,1010.4,31.78678970893412,0,0,0,1,1,1,0,0,0,0,1,7,1,0,1,1,1,0,0,0,0,0,0,0,0,0,1,0,0
5519,5519.png,v484_n7393_1_f6.png,data/science/v484_n7393_1_f6.png,exact,S,34.5,10,1113.8333333333333,33.37414168684093,0,1,1,0,0,0,0,0,0,0,0,2,2,1,1,2,0,0,0,0,0,0,0,1,0,1,0,0,0
5520,5520.png,visMost111.png,data/vis1/visMost111.png,exact,I,51.7,10,632.2333333333333,25.14425050251714,0,0,0,1,0,0,1,0,1,0,1,6,6,5,12,4,1,0,1,1,0,0,0,1,0,0,1,0,0
5521,5521.png,wsj123.png,data/news/wsj123.png,exact,N,24.7,10,192.0111111111111,13.856807392437519,0,0,0,1,1,1,0,0,0,0,1,8,2,2,6,2,1,0,0,0,0,0,0,1,0,0,1,0,0
5522,5522.png,wsj137.png,data/news/wsj137.png,exact,N,54.0,10,450.22222222222223,21.2184406171194,0,1,1,1,0,1,0,0,0,0,1,6,3,2,20,2,1,0,1,0,0,0,0,0,0,0,1,0,0
5523,5523.png,v483_n7390_18_f1.png,data/science/v483_n7390_18_f1.png,exact,S,87.7,10,216.67777777777778,14.719978864719126,0,1,1,1,1,1,1,1,0,0,1,14,3,8,8,3,1,0,1,0,0,0,1,0,0,0,1,0,0
5524,5524.png,v484_n7392_1_f6.png,data/science/v484_n7392_1_f6.png,exact,S,70.7,10,848.0111111111111,29.120630335058188,0,1,1,0,1,0,1,0,0,0,0,8,4,2,2,2,1,0,0,0,0,1,0,1,0,0,0,0,0
5525,5525.png,visMost105.png,data/vis1/visMost105.png,exact,I,41.1,10,614.5444444444445,24.79000694724478,0,0,0,1,0,0,0,0,1,0,1,22,0,1,1,1,0,0,0,0,0,0,0,0,0,0,1,0,0
5526,5526.png,visMost663.png,data/vis1/visMost663.png,exact,I,56.4,10,743.6,27.26903005242394,0,0,0,1,0,0,0,0,1,0,0,3,3,0,4,3,1,0,1,1,0,0,0,0,0,0,1,0,0
5527,5527.png,vis736.png,data/vis3/vis736.png,exact,I,38.0,10,626.6666666666666,25.03331114069145,0,0,0,1,1,1,0,0,0,0,1,5,1,4,7,3,1,0,1,1,0,0,0,0,0,0,1,0,0
5528,5528.png,v489_n7416_22_f3.png,data/science/v489_n7416_22_f3.png,exact,S,81.1,10,546.7666666666667,23.383042288518975,0,0,0,0,1,0,0,0,0,0,0,4,0,2,6,1,1,0,0,0,1,0,0,0,0,0,0,0,0
5529,5529.png,whoK20.png,data/government/whoK20.png,exact,G,30.5,10,412.05555555555554,20.299151596940092,0,0,0,1,0,1,1,0,0,0,0,4,1,2,2,1,1,0,0,0,0,0,0,0,1,0,0,0,0
5530,5530.png,v485_n7400_7_f4.png,data/science/v485_n7400_7_f4.png,exact,S,56.3,10,716.6777777777778,26.770838197146123,0,1,1,0,0,0,0,0,0,0,0,3,2,0,4,2,0,0,0,0,1,0,0,1,0,0,0,0,0
5531,5531.png,v487_n7407_19_f2.png,data/science/v487_n7407_19_f2.png,exact,S,76.6,10,321.6,17.933209417167916,0,1,1,0,1,0,0,0,0,0,0,2,9,6,8,3,1,0,1,0,0,0,0,1,0,1,0,0,0
5532,5532.png,v490_n7419_15_f3.png,data/science/v490_n7419_15_f3.png,exact,S,42.8,10,1033.7333333333333,32.151723644827086,0,0,0,0,1,0,1,1,0,0,0,4,2,2,2,1,1,0,0,0,0,0,0,0,1,0,0,0,0
5533,5533.png,vis905.png,data/vis3/vis905.png,exact,I,34.1,10,538.7666666666667,23.211347799442123,0,0,1,0,1,1,0,0,0,0,1,12,2,2,3,2,1,0,0,1,1,0,0,0,0,0,0,0,0
5534,5534.png,visMost688.png,data/vis1/visMost688.png,exact,I,69.1,10,531.8777777777777,23.06247553446459,0,0,0,0,0,1,0,0,0,0,1,4,1,1,10,3,1,0,0,1,1,0,0,0,0,0,1,0,0
5535,5535.png,v484_n7394_15_f1.png,data/science/v484_n7394_15_f1.png,exact,S,69.9,10,960.5444444444445,30.992651458764293,0,0,0,0,1,0,1,0,0,0,0,6,1,2,8,3,1,0,0,1,1,0,0,0,0,0,1,0,0
5536,5536.png,v487_n7406_11_f5.png,data/science/v487_n7406_11_f5.png,exact,S,58.6,10,845.3777777777779,29.07538095670937,0,1,1,0,1,0,1,0,0,0,0,4,7,2,4,3,1,1,0,0,0,0,0,1,0,1,0,0,0
5537,5537.png,vis911.png,data/vis3/vis911.png,exact,I,39.3,10,746.6777777777778,27.325405354317763,0,0,0,1,1,1,0,0,0,0,1,12,0,0,3,1,0,0,0,0,0,0,0,0,0,0,1,0,0
5538,5538.png,vis939.png,data/vis3/vis939.png,exact,I,49.4,10,360.4888888888889,18.98654494343004,0,0,1,1,0,1,0,0,0,0,1,5,3,3,11,2,1,0,1,1,0,0,0,0,0,0,0,0,0
5539,5539.png,v489_n7414_15_f1.png,data/science/v489_n7414_15_f1.png,exact,S,80.7,10,238.45555555555555,15.44200620241928,0,1,1,0,1,0,1,0,0,0,0,8,6,3,4,4,1,0,0,0,1,1,0,1,0,1,0,0,0
5540,5540.png,v484_n7395_13_f3.png,data/science/v484_n7395_13_f3.png,exact,S,73.1,10,471.65555555555557,21.717632365328306,0,1,1,0,0,1,0,0,0,1,0,0,8,3,16,3,1,0,0,0,0,1,0,1,0,1,0,0,0
5541,5541.png,economist_daily_chart_72.png,data/news/economist_daily_chart_72.png,exact,N,28.5,10,590.7222222222222,24.304777765332933,0,0,1,1,0,1,0,0,0,0,0,1,1,1,1,1,0,0,1,0,0,0,0,0,0,0,0,0,0
5542,5542.png,v490_n7418_13_f1.png,data/science/v490_n7418_13_f1.png,exact,S,89.3,10,103.78888888888889,10.18768319535354,0,1,1,1,0,0,1,0,0,0,0,7,2,2,2,1,1,0,0,0,0,0,0,0,1,0,0,0,0
5543,5543.png,v488_n7413_21_f4.png,data/science/v488_n7413_21_f4.png,exact,S,51.5,10,501.6111111111111,22.396676340723218,0,1,1,1,1,0,0,0,0,1,0,0,2,2,12,1,1,0,1,0,0,0,0,0,0,0,0,0,0
5544,5544.png,v485_n7400_20_f2.png,data/science/v485_n7400_20_f2.png,exact,S,71.6,10,444.93333333333334,21.093442898999047,0,1,1,0,1,0,0,0,0,0,0,2,3,2,11,2,1,0,0,0,0,1,0,0,0,1,0,0,0
5545,5545.png,v484_n7392_21_f2.png,data/science/v484_n7392_21_f2.png,exact,S,55.4,10,1059.8222222222223,32.55491087719673,0,1,1,0,1,0,1,0,0,0,0,5,1,4,3,2,1,0,1,0,0,0,0,0,0,0,1,0,0
5546,5546.png,economist_daily_chart_66.png,data/news/economist_daily_chart_66.png,exact,N,26.5,10,797.8333333333334,28.245943661583222,0,1,1,1,1,0,1,0,0,0,0,6,1,2,1,1,0,0,0,0,0,0,0,1,0,0,0,0,0
5547,5547.png,v483_n7390_14_f1.png,data/science/v483_n7390_14_f1.png,exact,S,79.9,10,484.32222222222225,22.007322013871253,0,1,1,0,1,0,0,0,0,1,0,0,2,1,1,1,0,0,0,0,0,0,0,0,0,1,0,0,0
5548,5548.png,v483_n7387_2_f1.png,data/science/v483_n7387_2_f1.png,exact,S,70.5,10,894.9444444444445,29.915622080184868,0,0,0,0,1,0,0,0,0,0,0,7,0,1,5,1,1,0,0,0,1,0,0,0,0,0,0,0,0
5549,5549.png,v485_n7396_26_f2.png,data/science/v485_n7396_26_f2.png,exact,S,85.6,10,236.04444444444445,15.363737971094288,0,1,1,0,1,0,1,0,0,0,0,3,6,8,10,3,1,0,1,0,0,0,0,1,0,0,1,0,0
5550,5550.png,vis118.png,data/vis2/vis118.png,exact,I,49.6,10,348.93333333333334,18.67975731462626,0,1,0,1,1,1,0,0,0,0,1,6,8,5,25,4,1,0,1,1,0,1,0,0,1,0,0,0,0
5551,5551.png,whoQ58_6.png,data/government/whoQ58_6.png,exact,G,19.800000000000004,10,451.9555555555556,21.25924635436439,0,1,1,1,0,0,1,0,0,0,0,1,2,1,1,1,0,0,0,0,0,0,0,1,0,0,0,0,0
5552,5552.png,vis656.png,data/vis3/vis656.png,exact,I,37.6,10,442.7111111111111,21.04070129798698,0,1,1,1,1,1,1,0,0,0,1,8,3,3,4,4,1,0,1,1,1,0,0,1,0,0,0,0,0
5553,5553.png,visMost703.png,data/vis1/visMost703.png,exact,I,38.3,10,301.56666666666666,17.36567495568965,0,1,1,1,1,1,0,0,0,0,1,5,1,5,10,4,1,0,0,1,0,1,0,1,1,0,0,0,0
5554,5554.png,v483_n7389_18_f2.png,data/science/v483_n7389_18_f2.png,exact,S,61.9,10,765.8777777777777,27.674496883914216,0,1,1,0,1,0,0,0,0,0,0,6,6,2,6,3,1,0,0,0,1,0,0,1,0,1,0,0,0
5555,5555.png,v483_n7391_12_f3.png,data/science/v483_n7391_12_f3.png,exact,S,81.0,10,518.8888888888889,22.779132751026516,0,1,1,0,0,0,0,0,0,0,0,7,3,5,8,3,1,0,0,0,0,1,1,0,0,1,0,0,0
5556,5556.png,vis130.png,data/vis2/vis130.png,exact,I,79.3,10,1087.7888888888888,32.98164472686116,0,0,0,1,1,1,0,0,0,0,1,5,2,2,7,3,1,0,1,0,0,1,0,0,0,0,1,0,0
5557,5557.png,v484_n7393_3_f3.png,data/science/v484_n7393_3_f3.png,exact,S,71.9,10,624.9888888888889,24.999777776790115,0,0,0,0,1,0,0,0,0,0,0,4,0,2,3,1,1,0,0,0,1,0,0,0,0,0,0,0,0
5558,5558.png,vis124.png,data/vis2/vis124.png,exact,I,48.3,10,670.0111111111111,25.884572840035645,0,0,0,1,1,1,1,0,0,0,1,15,13,11,16,4,1,1,1,1,0,0,0,0,1,0,0,0,0
5559,5559.png,treasuryI01_3.png,data/government/treasuryI01_3.png,exact,G,22.6,10,346.26666666666665,18.60824190155176,0,0,1,1,0,1,1,0,0,0,0,2,2,1,1,1,0,0,1,0,0,0,0,0,0,0,0,0,0
5560,5560.png,vis642.png,data/vis3/vis642.png,exact,I,42.3,10,331.7888888888889,18.215073123347292,0,0,0,1,0,1,0,0,0,0,1,6,4,0,5,2,1,0,0,0,1,0,0,0,0,0,1,0,0
5561,5561.png,visMost717.png,data/vis1/visMost717.png,exact,I,62.8,10,543.2888888888889,23.308558275639633,0,0,1,1,1,1,1,0,0,0,0,5,6,7,7,2,1,0,1,1,0,0,0,0,0,0,0,0,0
5562,5562.png,v485_n7399_11_f3.png,data/science/v485_n7399_11_f3.png,exact,S,80.8,10,214.62222222222223,14.649990519526702,0,1,1,0,1,0,0,0,0,0,0,7,3,3,1,2,1,0,0,0,0,1,0,1,0,0,0,0,0
5563,5563.png,v484_n7392_3_f3.png,data/science/v484_n7392_3_f3.png,exact,S,88.6,10,217.15555555555557,14.736198816369015,0,1,0,0,0,0,0,0,0,0,0,2,1,1,22,1,1,0,0,0,0,1,0,0,0,0,0,0,0
5564,5564.png,v487_n7405_4_f5.png,data/science/v487_n7405_4_f5.png,exact,S,86.6,10,237.6,15.414279094398154,0,1,1,0,1,0,0,0,0,0,0,4,1,3,7,3,1,0,1,0,1,0,0,0,0,0,1,0,0
5565,5565.png,v484_n7394_17_f4.png,data/science/v484_n7394_17_f4.png,exact,S,65.3,10,954.6777777777778,30.89786040776574,0,1,1,0,0,0,1,0,0,1,0,0,1,2,4,2,1,0,1,0,0,1,0,0,0,0,0,0,0
5566,5566.png,vis871.png,data/vis3/vis871.png,exact,I,46.0,10,558.2222222222222,23.626726862225798,0,1,1,1,0,1,0,0,0,0,1,6,5,3,8,3,1,0,1,0,0,1,0,0,0,0,1,0,0
5567,5567.png,v485_n7400_5_f1.png,data/science/v485_n7400_5_f1.png,exact,S,76.0,10,183.55555555555554,13.548267621934382,0,1,1,0,1,0,1,0,0,0,0,6,5,2,8,3,1,0,1,0,1,0,0,0,0,0,1,0,0
5568,5568.png,v485_n7397_8_f4.png,data/science/v485_n7397_8_f4.png,exact,S,66.5,10,666.9444444444445,25.825267558041766,0,0,0,0,1,0,0,0,0,0,0,3,1,0,4,1,1,0,0,0,1,0,0,0,0,0,0,0,0
5569,5569.png,v487_n7408_22_f3.png,data/science/v487_n7408_22_f3.png,exact,S,61.1,10,702.1,26.497169660173142,0,1,1,0,1,0,0,0,0,1,0,0,2,4,5,2,1,0,1,0,0,0,0,0,0,0,1,0,0
5570,5570.png,whoC01.png,data/government/whoC01.png,exact,G,27.0,10,370.6666666666667,19.252705437591537,0,0,0,0,0,1,0,0,1,0,1,4,1,7,1,1,1,0,0,0,0,0,0,0,0,0,1,0,0
5571,5571.png,whoC34_2.png,data/government/whoC34_2.png,exact,G,24.4,10,492.26666666666665,22.187083329420897,0,0,0,1,1,1,0,0,0,0,0,3,1,1,1,1,1,0,0,1,0,0,0,0,0,0,0,0,0
5572,5572.png,whoC15.png,data/government/whoC15.png,exact,G,16.6,10,175.82222222222222,13.25979721648194,0,0,0,1,0,0,0,0,1,0,0,3,1,3,1,1,1,0,0,0,0,0,0,0,0,0,1,0,0
5573,5573.png,vis865.png,data/vis3/vis865.png,exact,I,49.7,10,710.6777777777778,26.658540428496416,0,0,0,1,1,1,0,0,0,0,1,8,2,2,3,1,1,0,0,0,0,0,0,0,0,0,1,0,0
5574,5574.png,v488_n7413_23_f1.png,data/science/v488_n7413_23_f1.png,exact,S,67.8,10,730.4,27.02591349057419,0,0,0,0,1,0,0,0,0,0,0,7,0,2,3,2,0,0,0,0,1,0,0,0,0,0,1,0,0
5575,5575.png,vis695.png,data/vis3/vis695.png,exact,I,46.1,10,759.6555555555556,27.56184963959341,0,0,0,1,1,1,0,0,0,0,1,6,3,1,9,3,1,0,1,1,0,0,0,0,0,0,1,0,0
5576,5576.png,v485_n7397_6_f1.png,data/science/v485_n7397_6_f1.png,exact,S,81.0,10,276.8888888888889,16.639978632464913,0,1,1,0,1,0,0,0,0,0,0,3,3,1,4,1,1,0,0,0,0,0,0,1,0,0,0,0,0
5577,5577.png,whoC29.png,data/government/whoC29.png,exact,G,22.4,10,164.48888888888888,12.825322174857398,0,0,0,1,0,1,1,0,0,0,0,3,0,1,1,1,1,0,0,0,0,0,0,0,1,0,0,0,0
5578,5578.png,v487_n7407_15_f2.png,data/science/v487_n7407_15_f2.png,exact,S,68.1,10,462.1,21.496511344867102,0,1,1,0,0,0,0,0,0,0,0,4,1,3,11,3,1,1,0,0,0,1,0,0,0,0,1,0,0
5579,5579.png,economist_daily_chart_116.png,data/news/economist_daily_chart_116.png,exact,N,39.2,10,773.9555555555556,27.820056713737223,0,0,1,1,1,0,1,0,0,0,0,8,2,1,1,1,0,1,0,0,0,0,0,0,0,0,0,0,0
5580,5580.png,v484_n7394_19_f1.png,data/science/v484_n7394_19_f1.png,exact,S,71.7,10,324.9,18.02498266295976,0,1,0,0,1,0,1,0,0,0,0,2,3,2,5,2,1,0,1,0,0,0,0,0,0,0,1,0,0
5581,5581.png,vis859.png,data/vis3/vis859.png,exact,I,31.2,10,599.9555555555555,24.493990192607562,0,0,0,1,0,1,0,0,0,0,1,2,0,0,1,1,0,0,0,0,0,0,0,0,0,0,1,0,0
5582,5582.png,vis681.png,data/vis3/vis681.png,exact,I,41.7,10,370.23333333333335,19.241448316936367,0,0,0,1,1,1,1,0,0,0,1,4,5,4,11,6,1,0,1,1,0,0,0,1,1,1,1,0,0
5583,5583.png,wsj45.png,data/news/wsj45.png,exact,N,23.6,10,199.6,14.127986409959489,0,0,1,1,1,1,0,0,0,0,1,5,3,1,2,2,1,0,1,0,0,0,0,1,0,0,0,0,0
5584,5584.png,wsj269.png,data/news/wsj269.png,exact,N,29.1,10,341.8777777777778,18.489937203186436,0,0,0,1,1,1,0,0,0,0,1,3,1,0,2,2,0,0,1,0,1,0,0,0,0,0,0,0,0
5585,5585.png,economist_daily_chart_499.png,data/news/economist_daily_chart_499.png,exact,N,24.8,10,480.40000000000003,21.918029108475974,0,0,1,1,0,1,0,0,0,0,1,2,1,1,1,1,0,0,1,0,0,0,0,0,0,0,0,0,0
5586,5586.png,v486_n7401_11_f4.png,data/science/v486_n7401_11_f4.png,exact,S,46.0,10,1386.0,37.22902093797257,0,0,0,0,0,1,0,0,1,1,0,0,4,3,1,1,0,0,0,0,0,0,0,0,0,0,1,0,0
5587,5587.png,v484_n7393_13_f4.png,data/science/v484_n7393_13_f4.png,exact,S,73.2,10,679.9555555555555,26.075957423564635,0,1,1,0,1,0,1,0,0,0,0,5,4,7,7,2,1,0,1,0,0,0,0,0,0,0,1,0,0
5588,5588.png,vis468.png,data/vis2/vis468.png,exact,I,45.5,10,358.27777777777777,18.92822701094262,0,0,0,1,1,1,0,0,0,0,1,10,1,3,5,1,0,0,0,0,0,0,0,0,0,0,1,0,0
5589,5589.png,visMost529.png,data/vis1/visMost529.png,exact,I,62.2,10,569.0666666666666,23.855118248851056,0,0,0,1,1,1,0,0,0,0,1,6,3,5,44,5,1,0,1,0,1,0,0,0,1,1,1,0,0
5590,5590.png,v488_n7412_13_f2.png,data/science/v488_n7412_13_f2.png,exact,S,74.0,10,584.0,24.166091947189145,0,1,1,0,1,0,0,0,0,0,0,3,6,3,10,3,1,0,0,0,0,1,0,0,0,1,1,0,0
5591,5591.png,v488_n7412_8_f1.png,data/science/v488_n7412_8_f1.png,exact,S,42.0,10,843.3333333333334,29.040202019499336,0,1,1,0,1,0,0,0,0,0,0,4,4,1,1,1,0,0,0,0,0,0,0,0,1,0,0,0,0
5592,5592.png,v490_n7420_13_f3.png,data/science/v490_n7420_13_f3.png,exact,S,77.0,10,468.44444444444446,21.643577440997237,0,1,1,0,1,0,1,0,0,0,0,3,3,2,1,1,1,0,0,0,0,0,0,1,0,0,0,0,0
5593,5593.png,v483_n7388_9_f1.png,data/science/v483_n7388_9_f1.png,exact,S,71.8,10,703.0666666666666,26.51540432779909,0,1,1,0,1,0,1,1,0,0,0,7,7,1,5,4,1,1,0,0,1,1,0,1,0,0,0,0,0
5594,5594.png,wsj51.png,data/news/wsj51.png,exact,N,27.4,10,238.7111111111111,15.45027867422174,0,0,0,1,1,1,0,0,0,0,1,3,1,0,2,2,1,0,0,0,1,0,0,0,0,0,1,0,0
5595,5595.png,wsj255.png,data/news/wsj255.png,exact,N,43.4,10,715.3777777777777,26.74654702532231,0,1,1,1,1,1,1,1,0,0,1,6,4,2,4,4,1,0,1,1,0,0,0,1,0,0,1,0,0
5596,5596.png,vis332.png,data/vis2/vis332.png,exact,I,69.7,10,496.9,22.29125389025929,0,0,0,1,1,1,0,0,0,0,1,24,0,0,18,2,1,0,0,0,1,0,0,0,0,0,1,0,0
5597,5597.png,visMost267.png,data/vis1/visMost267.png,exact,I,59.5,10,654.9444444444445,25.591882393533393,0,0,1,1,1,0,1,0,0,0,1,5,0,0,9,1,0,0,0,0,1,0,0,0,0,0,0,0,0
5598,5598.png,wsj79.png,data/news/wsj79.png,exact,N,18.5,10,204.94444444444446,14.315880847661608,0,0,0,1,0,0,0,0,1,0,1,5,0,2,1,1,0,0,0,0,0,0,0,0,0,0,1,0,0
5599,5599.png,visMost501.png,data/vis1/visMost501.png,exact,I,51.9,10,641.4333333333333,25.32653417531371,0,0,0,0,1,1,0,0,0,0,0,4,1,1,13,3,1,0,0,1,0,0,0,0,0,1,1,0,0
5600,5600.png,v487_n7407_23_f3.png,data/science/v487_n7407_23_f3.png,exact,S,69.3,10,797.1222222222223,28.23335301061888,0,1,1,0,1,0,1,0,0,0,1,8,7,3,9,2,1,0,1,0,0,0,0,1,0,0,0,0,0
5601,5601.png,vis454.png,data/vis2/vis454.png,exact,I,56.6,10,160.48888888888888,12.66842093115353,0,0,0,1,1,1,0,0,0,0,1,3,5,5,3,3,1,0,0,1,1,0,0,0,0,0,1,0,0
5602,5602.png,wsj533.png,data/news/wsj533.png,exact,N,42.7,10,798.9,28.264819122011023,0,1,0,1,1,1,0,0,0,0,1,2,1,2,1,1,0,0,0,0,0,0,0,0,0,1,0,0,0
5603,5603.png,v487_n7406_9_f2.png,data/science/v487_n7406_9_f2.png,exact,S,80.1,10,305.8777777777778,17.489361845927306,0,1,1,0,1,0,0,0,0,0,0,11,8,2,8,3,1,0,0,0,1,0,0,1,0,1,0,0,0
5604,5604.png,wsj527.png,data/news/wsj527.png,exact,N,38.9,10,615.2111111111111,24.803449580877075,0,0,1,1,1,1,0,0,0,0,1,4,2,0,1,2,0,0,0,0,0,0,0,1,0,1,0,0,0
5605,5605.png,visMost515.png,data/vis1/visMost515.png,exact,I,40.9,10,316.9888888888889,17.804181780943736,0,0,0,1,0,1,0,0,0,0,1,3,5,0,7,4,1,1,0,0,1,0,0,0,0,1,1,0,0
5606,5606.png,vis440.png,data/vis2/vis440.png,exact,I,17.6,10,343.8222222222222,18.54244380393863,0,0,0,1,0,0,0,0,1,0,1,2,0,0,1,1,0,0,0,0,0,0,0,0,0,0,1,0,0
5607,5607.png,treasuryI03_1.png,data/government/treasuryI03_1.png,exact,G,24.9,10,680.5444444444444,26.087246777773316,0,0,0,1,0,1,0,0,1,0,1,2,2,2,1,1,0,0,0,0,0,0,0,0,0,0,1,0,0
5608,5608.png,vis326.png,data/vis2/vis326.png,exact,I,40.2,10,759.0666666666667,27.551164524692357,0,0,0,1,1,1,1,0,0,0,1,4,2,2,2,2,0,0,0,0,0,0,0,0,1,0,1,0,0
5609,5609.png,visMost273.png,data/vis1/visMost273.png,exact,I,24.0,10,524.4444444444445,22.900752049756893,0,0,0,1,0,1,0,0,1,0,1,12,0,1,1,1,0,0,0,0,0,0,0,0,0,0,1,0,0
5610,5610.png,v487_n7407_9_f2.png,data/science/v487_n7407_9_f2.png,exact,S,64.6,10,664.4888888888889,25.777681992159206,0,1,1,0,0,1,1,0,0,0,1,13,2,2,5,2,1,1,0,0,0,0,0,1,0,0,0,0,0
5611,5611.png,wsj241.png,data/news/wsj241.png,exact,N,27.1,10,121.21111111111111,11.009591777677823,0,0,0,1,0,1,0,0,1,0,1,3,0,0,1,1,0,0,0,0,0,0,0,0,0,0,1,0,0
5612,5612.png,wsj86.png,data/news/wsj86.png,exact,N,33.1,10,403.8777777777778,20.096710620839865,0,1,1,1,1,1,1,0,0,0,1,5,2,2,1,2,1,0,0,0,0,0,0,1,0,1,0,0,0
5613,5613.png,visMost298.png,data/vis1/visMost298.png,exact,I,80.5,10,418.94444444444446,20.468132412226684,0,1,1,1,1,1,1,1,0,0,0,4,14,8,34,6,1,1,1,1,0,0,0,1,1,0,1,0,0
5614,5614.png,whoA03.png,data/government/whoA03.png,exact,G,35.8,10,545.5111111111112,23.356179291808647,0,0,0,1,1,0,0,0,0,0,0,2,0,3,1,1,0,0,0,0,1,0,0,0,0,0,0,0,0
5615,5615.png,v485_n7399_3_f4.png,data/science/v485_n7399_3_f4.png,exact,S,87.0,10,223.55555555555554,14.951774328003868,0,1,1,1,1,0,1,0,0,0,0,3,6,5,19,5,1,0,1,0,1,0,1,1,0,1,0,0,0
5616,5616.png,v490_n7420_4_f2.png,data/science/v490_n7420_4_f2.png,exact,S,68.3,10,735.1222222222223,27.113137447042572,0,0,0,0,1,0,0,0,0,0,0,4,0,1,4,1,1,0,0,0,1,0,0,0,0,0,0,0,0
5617,5617.png,v486_n7402_2_f5.png,data/science/v486_n7402_2_f5.png,exact,S,78.8,10,360.1777777777778,18.978350238568627,0,1,1,0,0,0,1,0,0,1,0,0,5,5,7,3,1,0,0,0,0,1,0,1,0,1,0,0,0
5618,5618.png,whoQ24_2.png,data/government/whoQ24_2.png,exact,G,43.3,10,666.0111111111111,25.8071910736351,0,1,1,1,0,1,0,0,0,0,0,1,1,1,1,1,0,0,0,0,0,1,0,0,0,0,0,0,0
5619,5619.png,v489_n7416_18_f2.png,data/science/v489_n7416_18_f2.png,exact,S,76.1,10,668.3222222222222,25.851928791140946,0,1,1,0,1,0,0,0,0,0,0,3,2,4,7,2,1,0,1,0,0,0,0,0,0,0,1,0,0
5620,5620.png,whoK16_3.png,data/government/whoK16_3.png,exact,G,24.8,10,339.5111111111111,18.42582728430697,0,0,0,1,0,1,1,1,0,0,0,16,1,1,1,1,0,0,0,1,0,0,0,0,0,0,0,0,0
5621,5621.png,v485_n7398_3_f4.png,data/science/v485_n7398_3_f4.png,exact,S,92.0,10,83.77777777777777,9.153020145163987,0,0,0,0,1,0,0,0,0,0,0,2,0,1,2,1,0,0,0,0,1,0,0,0,0,0,0,0,0
5622,5622.png,economist_daily_chart_328.png,data/news/economist_daily_chart_328.png,exact,N,8.900000000000002,10,275.21111111111117,16.589487970130698,1,0,0,0,0,0,0,0,0,0,1,5,0,0,1,1,1,0,0,0,1,0,0,0,0,0,0,0,0
5623,5623.png,whoQ40.png,data/government/whoQ40.png,exact,G,18.1,10,170.32222222222222,13.050755618822315,0,0,0,0,0,0,1,1,0,0,1,8,0,1,1,1,0,0,0,0,0,0,0,0,1,0,0,0,0
5624,5624.png,wsj92.png,data/news/wsj92.png,exact,N,41.5,10,454.5,21.319005605327842,0,0,0,1,1,1,0,0,0,0,1,3,0,0,1,1,0,0,0,0,1,0,0,0,0,0,0,0,0
5625,5625.png,whoQ47_1.png,data/government/whoQ47_1.png,exact,G,14.9,10,327.2111111111111,18.08897761376002,0,0,1,1,0,0,1,0,0,0,0,3,1,2,1,1,0,0,1,0,0,0,0,0,0,0,0,0,0
5626,5626.png,v485_n7396_10_f3.png,data/science/v485_n7396_10_f3.png,exact,S,44.9,10,823.2111111111111,28.691655775000353,0,1,1,0,1,0,1,0,0,0,0,4,3,1,2,1,0,0,0,0,0,0,0,1,0,0,0,0,0
5627,5627.png,v488_n7411_22_f2.png,data/science/v488_n7411_22_f2.png,exact,S,66.7,10,740.9,27.219478319762118,0,1,1,0,1,0,1,1,0,0,0,6,4,3,5,2,1,0,0,0,1,0,0,1,0,0,0,0,0
5628,5628.png,wsj296.png,data/news/wsj296.png,exact,N,52.5,10,796.5,28.222331583340168,0,0,1,1,1,1,1,1,0,0,1,4,4,1,2,1,1,0,0,0,0,0,0,1,0,0,0,0,0
5629,5629.png,economist_daily_chart_466.png,data/news/economist_daily_chart_466.png,exact,N,30.6,10,456.7111111111111,21.370800432157687,0,0,1,1,1,1,0,0,0,0,1,4,2,1,1,1,0,0,0,0,0,0,0,1,0,0,0,0,0
5630,5630.png,economist_daily_chart_300.png,data/news/economist_daily_chart_300.png,exact,N,32.8,10,323.9555555555556,17.99876538975814,0,0,1,1,1,0,0,0,0,0,1,4,2,2,4,1,1,0,1,0,0,0,0,0,0,0,0,0,0
5631,5631.png,vis497.png,data/vis2/vis497.png,exact,I,41.7,10,341.56666666666666,18.481522303821908,0,0,1,1,1,0,1,0,0,0,1,9,3,2,7,6,1,0,1,1,1,0,0,0,1,1,1,0,0
5632,5632.png,treasuryJ02_1.png,data/government/treasuryJ02_1.png,exact,G,28.7,10,360.0111111111111,18.973958762238077,0,1,1,1,1,1,0,0,0,0,0,3,2,1,1,1,0,0,0,0,0,0,0,1,0,0,0,0,0
5633,5633.png,vis483.png,data/vis2/vis483.png,exact,I,43.9,10,512.3222222222222,22.634536050518513,0,0,0,1,1,1,1,1,0,0,1,10,2,4,13,3,1,0,0,1,1,0,0,0,1,0,0,0,0
5634,5634.png,v489_n7416_3_f6.png,data/science/v489_n7416_3_f6.png,exact,S,81.5,10,311.8333333333333,17.658803281460873,0,1,1,1,1,0,0,0,0,0,0,6,3,2,6,4,1,0,1,0,1,0,0,1,0,1,0,0,0
5635,5635.png,v485_n7397_16_f1.png,data/science/v485_n7397_16_f1.png,exact,S,68.3,10,722.6777777777778,26.882666865059683,0,1,1,0,1,0,0,0,0,0,0,4,3,2,4,3,1,0,1,0,1,1,0,0,0,0,0,0,0
5636,5636.png,economist_daily_chart_314.png,data/news/economist_daily_chart_314.png,exact,N,41.9,10,333.65555555555557,18.266240870949762,0,0,0,1,1,1,1,1,0,0,1,4,2,1,1,1,0,0,0,0,0,0,0,0,1,0,0,0,0
5637,5637.png,wsj282.png,data/news/wsj282.png,exact,N,42.8,10,384.6222222222222,19.611787838497087,0,0,0,1,0,1,0,0,1,0,1,4,0,2,1,1,0,0,0,0,0,0,0,0,0,0,1,0,0
5638,5638.png,economist_daily_chart_472.png,data/news/economist_daily_chart_472.png,exact,N,23.3,10,280.4555555555556,16.746807324250064,0,0,1,1,0,1,1,0,0,0,1,13,4,2,2,1,1,0,0,0,0,0,0,1,0,0,0,0,0
5639,5639.png,economist_daily_chart_315.png,data/news/economist_daily_chart_315.png,exact,N,20.2,10,207.06666666666666,14.389811210251045,0,0,1,1,0,1,1,0,0,0,1,4,1,2,1,1,0,0,1,0,0,0,0,0,0,0,0,0,0
5640,5640.png,vis482.png,data/vis2/vis482.png,exact,I,44.2,10,491.73333333333335,22.175061067183858,0,0,0,1,1,1,0,0,0,0,1,5,2,0,3,1,0,0,0,0,0,0,0,0,0,0,1,0,0
5641,5641.png,economist_daily_chart_473.png,data/news/economist_daily_chart_473.png,exact,N,41.5,10,704.2777777777778,26.538232378547328,0,0,1,1,0,1,1,1,0,0,1,6,2,2,1,1,0,0,1,0,0,0,0,0,0,0,0,0,0
5642,5642.png,wsj283.png,data/news/wsj283.png,exact,N,37.6,10,519.3777777777777,22.78986129351773,0,0,1,1,1,1,0,0,0,0,1,4,3,0,3,1,1,0,1,0,0,0,0,0,0,0,0,0,0
5643,5643.png,economist_daily_chart_467.png,data/news/economist_daily_chart_467.png,exact,N,40.7,10,634.2333333333333,25.183989623038947,0,0,1,1,1,1,0,0,0,0,1,2,2,1,1,1,0,0,1,0,0,0,0,0,0,0,0,0,0
5644,5644.png,wsj297.png,data/news/wsj297.png,exact,N,26.4,10,492.26666666666665,22.187083329420897,0,0,0,1,1,1,0,0,0,0,1,5,0,1,1,1,0,0,0,0,1,0,0,0,0,0,0,0,0
5645,5645.png,v488_n7411_22_f3.png,data/science/v488_n7411_22_f3.png,exact,S,76.8,10,313.73333333333335,17.712519113139535,0,1,1,0,1,0,1,0,0,0,0,4,2,4,5,3,1,0,0,0,1,0,0,1,0,1,0,0,0
5646,5646.png,vis496.png,data/vis2/vis496.png,exact,I,66.7,10,384.9,19.618868468900033,0,0,0,1,1,1,0,0,0,0,1,10,1,0,3,2,1,0,0,0,1,0,0,0,0,0,1,0,0
5647,5647.png,economist_daily_chart_301.png,data/news/economist_daily_chart_301.png,exact,N,12.4,10,139.60000000000002,11.815244390193545,0,0,1,1,1,1,0,0,0,0,1,2,1,1,1,1,0,0,1,0,0,0,0,0,0,0,0,0,0
5648,5648.png,economist_daily_chart_329.png,data/news/economist_daily_chart_329.png,exact,N,46.9,10,616.9888888888888,24.839261037496442,0,1,0,1,1,1,1,0,0,0,1,3,1,2,1,1,0,0,1,0,0,0,0,0,0,0,0,0,0
5649,5649.png,whoK16_2.png,data/government/whoK16_2.png,exact,G,14.5,10,266.94444444444446,16.338434577536628,0,1,1,1,0,1,1,0,0,0,0,3,2,1,1,1,0,0,1,0,0,0,0,0,0,0,0,0,0
5650,5650.png,v489_n7416_18_f3.png,data/science/v489_n7416_18_f3.png,exact,S,72.9,10,363.65555555555557,19.069754994638906,0,0,1,1,1,0,0,0,0,0,0,1,0,4,4,2,1,0,0,0,1,0,0,0,0,0,1,0,0
5651,5651.png,whoC10_2.png,data/government/whoC10_2.png,exact,G,19.6,10,625.8222222222222,25.01643903960398,0,1,1,1,0,0,0,0,0,0,0,1,2,0,1,1,1,0,1,0,0,0,0,0,0,0,0,0,0
5652,5652.png,v483_n7387_11_f4.png,data/science/v483_n7387_11_f4.png,exact,S,54.8,10,1566.8444444444444,39.58338596487729,1,0,0,0,0,0,0,0,0,0,0,0,0,0,1,1,0,0,0,0,1,0,0,0,0,0,0,0,0
5653,5653.png,v483_n7390_22_f1.png,data/science/v483_n7390_22_f1.png,exact,S,65.8,10,786.6222222222221,28.04678630827821,0,0,0,0,1,0,0,0,0,1,0,6,0,0,4,1,0,0,0,0,1,0,0,0,0,0,0,0,0
5654,5654.png,wsj93.png,data/news/wsj93.png,exact,N,34.6,10,741.1555555555556,27.224172265755954,0,0,0,1,0,1,0,0,1,0,1,6,0,2,1,1,0,0,0,0,0,0,0,0,0,0,1,0,0
5655,5655.png,visMost299.png,data/vis1/visMost299.png,exact,I,42.5,10,736.0555555555555,27.13034381565327,0,0,1,1,1,1,1,0,0,0,1,31,4,2,3,3,1,1,1,1,0,0,0,0,0,0,0,0,0
5656,5656.png,wsj87.png,data/news/wsj87.png,exact,N,25.4,10,487.6,22.081666603768838,0,0,1,1,1,1,0,0,0,0,1,6,7,1,5,3,1,0,1,0,0,1,0,1,0,0,0,0,0
5657,5657.png,v488_n7409_2_f1.png,data/science/v488_n7409_2_f1.png,exact,S,71.8,10,1116.8444444444444,33.419222678638775,0,1,1,1,0,0,1,1,0,0,0,9,7,7,8,2,1,0,1,0,0,0,1,0,0,0,0,0,0
5658,5658.png,whoQ24_3.png,data/government/whoQ24_3.png,exact,G,4.3,10,32.011111111111106,5.657836257007718,0,1,1,1,1,0,0,0,0,0,0,1,2,1,1,1,0,0,0,0,0,0,0,1,0,0,0,0,0
5659,5659.png,v485_n7398_21_f1.png,data/science/v485_n7398_21_f1.png,exact,S,92.1,10,135.65555555555557,11.647126493498538,0,1,1,1,1,0,1,0,0,0,0,10,10,11,16,4,1,0,1,0,1,1,0,1,0,0,0,0,0
5660,5660.png,v486_n7402_2_f4.png,data/science/v486_n7402_2_f4.png,exact,S,71.4,10,485.82222222222225,22.041375234368257,0,1,1,0,1,0,1,0,0,0,0,12,4,4,5,4,1,1,0,1,0,0,1,1,0,0,0,0,0
5661,5661.png,whoK30_1.png,data/government/whoK30_1.png,exact,G,38.9,10,939.2111111111111,30.64655137386768,0,1,1,0,1,1,1,0,0,0,0,4,3,1,1,2,0,1,1,0,0,0,0,0,0,0,0,0,0
5662,5662.png,v490_n7420_4_f3.png,data/science/v490_n7420_4_f3.png,exact,S,79.9,10,1016.1,31.876323501934788,0,1,1,0,1,0,1,0,0,0,0,5,3,2,7,5,1,0,0,0,1,0,1,1,0,1,1,0,0
5663,5663.png,vis441.png,data/vis2/vis441.png,exact,I,6.1,10,189.4333333333333,13.76347824255676,0,0,0,1,0,1,0,0,1,0,1,2,1,1,1,1,0,0,0,0,1,0,0,0,0,0,0,0,0
5664,5664.png,economist_daily_chart_108.png,data/news/economist_daily_chart_108 (1).png,documented_alias,N,12.7,10,218.45555555555552,14.780242066879538,0,0,1,1,1,1,0,0,0,0,0,2,1,1,1,1,0,0,1,0,0,0,0,0,0,0,0,0,0
5665,5665.png,visMost514.png,data/vis1/visMost514.png,exact,I,81.6,10,224.93333333333334,14.997777613144333,0,0,0,1,1,1,1,0,0,0,0,7,3,2,8,3,0,0,0,1,0,0,0,0,1,0,1,0,0
5666,5666.png,v489_n7414_21_f4.png,data/science/v489_n7414_21_f4.png,exact,S,58.0,10,986.0,31.400636936215164,0,1,1,0,1,0,0,0,0,0,0,8,5,1,6,3,1,0,0,0,1,0,0,1,0,1,0,0,0
5667,5667.png,wsj526.png,data/news/wsj526.png,exact,N,41.8,10,841.0666666666667,29.00114940250932,0,0,0,1,1,1,0,0,0,0,1,3,3,0,2,2,0,0,0,0,0,0,0,0,1,1,0,0,0
5668,5668.png,wsj240.png,data/news/wsj240.png,exact,N,10.4,10,193.82222222222225,13.922004964164545,0,0,0,1,0,1,0,0,1,0,1,5,0,1,1,1,0,0,0,0,0,0,0,0,0,0,1,0,0
5669,5669.png,v488_n7413_15_f1.png,data/science/v488_n7413_15_f1.png,exact,S,65.6,10,707.8222222222222,26.604928532552425,0,1,1,0,1,0,1,0,0,0,0,4,6,6,7,7,1,0,1,0,1,0,1,1,0,1,1,0,1
5670,5670.png,visMost272.png,data/vis1/visMost272.png,exact,I,60.4,10,1070.2666666666667,32.71493033259687,0,0,1,1,1,1,0,0,0,0,1,8,2,1,10,3,1,0,1,1,0,0,0,0,1,0,0,0,0
5671,5671.png,vis327.png,data/vis2/vis327.png,exact,I,63.5,10,540.2777777777778,23.24387613496892,0,0,0,1,1,1,0,0,0,0,1,5,3,0,4,1,1,0,0,0,0,0,0,0,0,0,1,0,0
5672,5672.png,wsj78.png,data/news/wsj78.png,exact,N,21.9,10,333.2111111111111,18.254071083216235,0,1,0,1,1,1,0,0,0,0,1,4,2,1,1,1,0,0,0,0,0,0,0,0,0,0,1,0,0
5673,5673.png,visMost266.png,data/vis1/visMost266.png,exact,I,54.2,10,1053.0666666666666,32.450988685503354,0,0,0,1,1,0,1,0,0,0,1,9,1,2,1,3,0,1,0,1,1,0,0,0,0,0,0,0,0
5674,5674.png,vis333.png,data/vis2/vis333.png,exact,I,52.2,10,716.4,26.765649627834552,0,1,1,1,1,1,1,1,0,0,1,15,5,8,7,4,1,1,1,1,0,0,0,0,1,0,0,0,0
5675,5675.png,wsj254.png,data/news/wsj254.png,exact,N,39.8,10,801.9555555555555,28.31881981219478,0,0,1,1,1,1,0,0,0,0,1,3,4,4,2,2,1,0,0,0,1,0,0,0,0,0,1,0,0
5676,5676.png,v484_n7392_15_f7.png,data/science/v484_n7392_15_f7.png,exact,S,77.5,10,616.5,24.829418035870273,0,1,1,0,1,0,1,0,0,0,0,14,12,3,12,3,1,0,0,0,0,1,0,1,0,1,0,0,0
5677,5677.png,v487_n7406_9_f3.png,data/science/v487_n7406_9_f3.png,exact,S,82.4,10,298.26666666666665,17.270398567105122,0,1,1,0,1,0,1,0,0,0,0,5,6,3,3,3,1,0,0,0,1,0,0,1,0,1,0,0,0
5678,5678.png,wsj532.png,data/news/wsj532.png,exact,N,47.1,10,416.5444444444445,20.409420482817353,0,0,0,1,1,1,0,0,0,0,1,6,0,0,1,2,0,0,0,0,1,0,0,0,1,0,0,0,0
5679,5679.png,vis455.png,data/vis2/vis455.png,exact,I,39.9,10,589.8777777777777,24.28739956804305,0,0,0,1,1,1,1,0,0,0,1,7,8,4,20,3,1,0,1,1,0,0,0,0,0,0,1,0,0
5680,5680.png,v487_n7407_23_f2.png,data/science/v487_n7407_23_f2.png,exact,S,54.0,10,508.0,22.538855339169288,0,1,1,0,1,0,0,0,0,0,0,4,4,3,4,2,1,0,1,0,0,0,0,1,0,0,0,0,0
5681,5681.png,visMost500.png,data/vis1/visMost500.png,exact,I,22.3,10,1155.1222222222223,33.987089051906494,0,0,0,0,1,0,0,0,0,0,0,6,1,1,1,1,0,0,0,1,0,0,0,0,0,0,0,0,0
5682,5682.png,whoH17_2.png,data/government/whoH17_2.png,exact,G,17.7,10,344.4555555555555,18.559513882522772,0,1,1,1,0,0,1,0,0,0,0,3,1,2,1,1,1,0,1,0,0,0,0,0,0,0,0,0,0
5683,5683.png,v488_n7412_13_f3.png,data/science/v488_n7412_13_f3.png,exact,S,45.4,10,696.2666666666667,26.38686541949738,0,1,1,0,1,0,0,0,0,1,0,0,7,5,5,4,1,0,1,0,0,0,0,1,0,1,1,0,0
5684,5684.png,visMost528.png,data/vis1/visMost528.png,exact,I,34.2,10,341.2888888888889,18.47400576185059,0,0,1,1,1,1,0,0,0,0,1,7,2,1,3,3,1,0,0,0,1,1,0,0,0,0,1,0,0
5685,5685.png,wsj50.png,data/news/wsj50.png,exact,N,35.3,10,711.7888888888889,26.679371973284695,0,0,0,1,1,1,1,0,0,0,0,7,1,2,2,2,0,0,0,0,0,0,0,0,1,1,0,0,0
5686,5686.png,v490_n7420_13_f2.png,data/science/v490_n7420_13_f2.png,exact,S,70.7,10,726.2333333333333,26.948716728878452,0,1,1,0,1,0,0,0,0,0,0,4,9,1,1,1,1,0,0,0,0,0,0,1,0,0,0,0,0
5687,5687.png,economist_daily_chart_498.png,data/news/economist_daily_chart_498.png,exact,N,22.5,10,548.9444444444445,23.429563471060327,0,0,1,1,1,1,1,0,0,0,1,4,2,1,1,1,0,0,1,0,0,0,0,0,0,0,0,0,0
5688,5688.png,wsj268.png,data/news/wsj268.png,exact,N,75.8,10,630.4,25.107767722360343,0,0,0,1,1,0,0,0,0,0,1,9,2,1,11,1,1,0,0,0,0,0,0,0,0,1,0,0,0
5689,5689.png,wsj44.png,data/news/wsj44.png,exact,N,18.3,10,213.56666666666666,14.61392030451332,0,0,0,1,1,1,0,0,0,0,1,5,1,1,1,1,0,0,1,0,0,0,0,0,0,0,0,0,0
5690,5690.png,whoO19.png,data/government/whoO19.png,exact,G,12.4,10,444.48888888888894,21.08290513399159,0,0,0,1,0,0,0,0,1,0,1,3,3,2,1,1,0,0,0,0,0,0,0,0,0,0,1,0,0
5691,5691.png,vis469.png,data/vis2/vis469.png,exact,I,53.8,10,1225.5111111111112,35.007300825843615,0,0,0,1,1,1,1,1,1,0,1,5,5,7,6,3,1,1,0,0,1,0,0,0,0,1,0,0,0
5692,5692.png,v487_n7407_15_f3.png,data/science/v487_n7407_15_f3.png,exact,S,67.9,10,663.4333333333334,25.7571996407477,0,0,1,0,1,0,0,0,0,0,1,8,5,3,1,3,0,0,0,0,1,1,0,0,0,0,1,0,0
5693,5693.png,vis680.png,data/vis3/vis680.png,exact,I,24.5,10,452.94444444444446,21.28249149992652,0,0,0,1,1,1,0,0,0,0,1,4,3,1,5,5,1,0,1,1,0,0,0,0,1,1,1,0,0
5694,5694.png,vis858.png,data/vis3/vis858.png,exact,I,29.1,10,376.76666666666665,19.410478269910474,0,1,1,1,1,1,1,1,0,0,1,5,3,4,6,3,1,0,1,1,0,0,0,0,0,1,0,0,0
5695,5695.png,economist_daily_chart_117.png,data/news/economist_daily_chart_117.png,exact,N,12.4,10,186.93333333333334,13.672356539138868,0,0,1,1,0,1,0,0,0,0,0,2,2,1,1,1,0,0,1,0,0,0,0,0,0,0,0,0,0
5696,5696.png,vis694.png,data/vis3/vis694.png,exact,I,69.2,10,1025.5111111111112,32.02360240683598,0,0,0,1,1,1,0,0,0,0,1,5,4,2,7,2,1,0,1,0,0,0,0,0,0,0,1,0,0
5697,5697.png,whoQ45_2.png,data/government/whoQ45_2.png,exact,G,7.9,10,268.1,16.373759494996865,0,0,1,1,0,0,0,0,0,0,0,1,1,1,1,1,0,0,1,0,0,0,0,0,0,0,0,0,0
5698,5698.png,v487_n7406_13_f1.png,data/science/v487_n7406_13_f1.png,exact,S,27.3,10,558.9,23.641065965814654,0,0,0,0,1,0,0,0,0,0,0,21,0,3,2,2,1,0,0,0,1,0,0,0,0,0,0,0,1
5699,5699.png,vis864.png,data/vis3/vis864.png,exact,I,18.6,10,342.7111111111111,18.51245826763996,0,0,0,1,1,1,0,0,0,0,1,6,4,1,3,2,1,0,0,0,1,0,0,0,0,0,1,0,0
5700,5700.png,vis870.png,data/vis3/vis870.png,exact,I,36.9,10,707.2111111111111,26.593441129555067,0,0,0,1,1,1,0,0,0,0,1,4,6,1,1,2,1,0,0,0,1,0,0,0,0,0,1,0,0
5701,5701.png,v487_n7405_4_f4.png,data/science/v487_n7405_4_f4.png,exact,S,68.5,10,853.6111111111111,29.21662388283614,0,1,1,0,1,0,0,0,0,0,0,4,7,4,7,4,1,0,1,0,1,0,0,1,0,0,1,0,0
5702,5702.png,whoQ56_8.png,data/government/whoQ56_8.png,exact,G,13.6,10,390.9333333333333,19.772034122298425,0,0,1,1,0,0,1,0,0,0,0,2,1,2,1,1,0,0,1,0,0,0,0,0,0,0,0,0,0
5703,5703.png,v487_n7408_22_f2.png,data/science/v487_n7408_22_f2.png,exact,S,80.1,10,216.54444444444445,14.715449175762338,0,1,1,1,0,1,0,0,0,0,0,2,6,2,9,5,1,0,1,0,1,1,0,0,0,1,1,0,0
5704,5704.png,vis125.png,data/vis2/vis125.png,exact,I,80.7,10,428.67777777777775,20.70453519830324,0,0,0,1,0,1,1,1,0,0,0,13,1,2,1,3,0,0,0,1,1,0,0,0,1,0,0,0,0
5705,5705.png,v484_n7392_3_f2.png,data/science/v484_n7392_3_f2.png,exact,S,82.6,10,469.82222222222225,21.67538286218313,0,1,1,1,1,0,0,0,0,0,0,3,4,3,7,3,1,0,1,0,0,1,1,0,0,0,0,0,0
5706,5706.png,visMost716.png,data/vis1/visMost716.png,exact,I,59.1,10,678.7666666666667,26.05315080113472,0,0,1,1,1,1,0,0,0,0,1,6,5,2,4,4,1,0,1,0,1,1,0,0,0,0,1,0,0
5707,5707.png,v485_n7399_11_f2.png,data/science/v485_n7399_11_f2.png,exact,S,60.9,10,876.3222222222222,29.602740113412175,0,1,1,0,0,0,0,0,0,0,0,4,5,2,1,1,1,0,0,0,0,1,0,0,0,0,0,0,0
5708,5708.png,vis643.png,data/vis3/vis643.png,exact,I,52.7,10,677.1222222222223,26.02157224731477,0,0,1,1,1,1,0,0,0,0,1,7,4,20,10,3,1,0,0,1,0,1,0,0,0,1,0,0,0
5709,5709.png,treasuryI01_2.png,data/government/treasuryI01_2.png,exact,G,11.900000000000002,10,355.8777777777778,18.86472310366038,0,1,1,1,0,1,1,0,0,0,0,2,3,1,1,1,0,0,0,0,0,0,0,1,0,0,0,0,0
5710,5710.png,visMost702.png,data/vis1/visMost702.png,exact,I,66.6,10,735.3777777777777,27.117849800044578,0,0,0,1,1,1,0,0,0,0,1,6,9,1,20,3,1,1,0,1,0,0,0,0,0,0,1,0,0
5711,5711.png,vis657.png,data/vis3/vis657.png,exact,I,7.8,10,141.95555555555555,11.914510294408057,0,0,0,1,1,1,0,0,1,0,1,3,2,0,2,1,1,0,0,0,1,0,0,0,0,0,0,0,0
5712,5712.png,whoJ41.png,data/government/whoJ41.png,exact,G,12.1,10,194.54444444444442,13.947919000497688,0,0,0,1,1,1,1,0,0,0,0,3,1,1,1,1,0,0,0,1,0,0,0,0,0,0,0,0,0
5713,5713.png,v489_n7415_9_f12.png,data/science/v489_n7415_9_f12.png,exact,S,47.3,10,666.2333333333332,25.81149614674309,0,1,1,1,0,0,1,0,0,0,0,6,3,0,2,1,1,0,0,0,0,0,0,0,1,0,0,0,0
5714,5714.png,v486_n7402_16_f4.png,data/science/v486_n7402_16_f4.png,exact,S,75.9,10,364.5444444444444,19.093047018337444,0,0,1,0,1,0,1,0,0,0,0,10,0,2,2,2,1,0,0,0,1,0,0,0,0,0,0,0,1
5715,5715.png,v489_n7414_31_f1.png,data/science/v489_n7414_31_f1.png,exact,S,57.5,10,547.6111111111111,23.401092092274478,0,1,1,0,0,0,0,0,0,0,0,9,3,2,4,2,1,0,0,0,0,1,0,1,0,0,0,0,0
5716,5716.png,v484_n7393_3_f2.png,data/science/v484_n7393_3_f2.png,exact,S,85.7,10,242.67777777777778,15.578118557058737,0,0,0,0,1,0,0,0,0,0,0,6,0,1,4,1,1,0,0,0,1,0,0,0,0,0,0,0,0
5717,5717.png,v487_n7405_22_f1.png,data/science/v487_n7405_22_f1.png,exact,S,74.1,10,766.5444444444445,27.686539047783572,0,0,0,0,1,0,0,0,0,0,0,2,0,0,1,1,0,0,0,0,1,0,0,0,0,0,0,0,0
5718,5718.png,vis131.png,data/vis2/vis131.png,exact,I,30.3,10,472.23333333333335,21.730930337501277,0,0,0,1,1,1,0,0,0,0,1,12,0,1,2,2,0,0,0,0,1,0,0,0,1,0,0,0,0
5719,5719.png,v483_n7391_12_f2.png,data/science/v483_n7391_12_f2.png,exact,S,70.4,10,1117.1555555555556,33.42387702759145,0,1,1,0,0,0,0,0,0,0,0,2,3,3,3,2,1,0,0,0,0,0,0,1,0,0,0,0,1
5720,5720.png,v483_n7389_18_f3.png,data/science/v483_n7389_18_f3.png,exact,S,50.6,10,1354.0444444444445,36.797342899242665,0,1,1,0,1,0,1,0,0,0,0,3,2,1,2,2,1,0,0,0,0,0,0,1,0,0,1,0,0
5721,5721.png,vis119.png,data/vis2/vis119.png,exact,I,62.9,10,726.1,26.9462427807663,0,0,1,1,1,1,1,1,0,0,0,3,7,7,25,3,1,0,1,1,0,0,0,0,0,0,1,0,0
5722,5722.png,whoQ58_7.png,data/government/whoQ58_7.png,exact,G,12.4,10,414.4888888888889,20.359000193744507,0,0,1,1,0,0,1,0,0,0,0,2,1,1,1,1,0,0,1,0,0,0,0,0,0,0,0,0,0
5723,5723.png,v486_n7402_18_f1.png,data/science/v486_n7402_18_f1.png,exact,S,77.8,10,555.7333333333333,23.57399697406728,0,1,1,0,1,0,1,0,0,0,0,6,4,4,10,4,1,0,1,0,1,0,0,1,0,0,1,0,0
5724,5724.png,v485_n7396_26_f3.png,data/science/v485_n7396_26_f3.png,exact,S,82.8,10,117.5111111111111,10.840254199561517,0,1,1,0,1,0,0,0,0,0,0,2,6,5,13,2,1,0,1,0,0,0,0,0,0,0,1,0,0
5725,5725.png,treasuryK01.png,data/government/treasuryK01.png,exact,G,24.7,10,478.2333333333333,21.868546667150365,0,0,0,1,1,0,0,0,1,1,0,0,0,0,1,2,0,0,0,0,1,0,0,0,0,0,0,0,1
5726,5726.png,economist_daily_chart_67.png,data/news/economist_daily_chart_67.png,exact,N,21.6,10,400.7111111111111,20.017769883558735,0,0,1,1,1,1,1,0,0,0,0,3,2,1,1,1,0,0,0,0,0,0,0,1,0,0,0,0,0
5727,5727.png,v484_n7392_21_f3.png,data/science/v484_n7392_21_f3.png,exact,S,82.4,10,345.6,18.5903200617956,0,1,1,1,0,0,0,0,0,0,0,8,4,5,7,3,1,0,1,0,1,0,0,0,0,0,1,0,0
5728,5728.png,v484_n7395_13_f2.png,data/science/v484_n7395_13_f2.png,exact,S,69.2,10,408.40000000000003,20.208908926510606,0,1,1,0,1,0,1,0,0,1,0,0,6,4,6,5,1,1,1,0,0,1,0,1,0,1,0,0,0
5729,5729.png,vis938.png,data/vis3/vis938.png,exact,I,35.6,10,685.8222222222222,26.188207693964515,0,1,1,1,1,1,1,1,0,0,1,8,4,2,4,4,1,1,0,0,0,0,0,1,1,1,0,0,0
5730,5730.png,v485_n7400_20_f3.png,data/science/v485_n7400_20_f3.png,exact,S,64.2,10,809.5111111111111,28.45190874284379,0,1,1,0,0,0,1,0,0,0,0,4,5,4,9,3,1,0,1,0,0,0,0,0,0,1,1,0,0
5731,5731.png,economist_daily_chart_73.png,data/news/economist_daily_chart_73.png,exact,N,7.7,10,80.01111111111112,8.944893018427393,0,1,1,1,0,1,0,0,0,0,1,2,1,2,2,1,1,0,1,0,0,0,0,0,0,0,0,0,0
5732,5732.png,vis910.png,data/vis3/vis910.png,exact,I,40.3,10,865.7888888888889,29.424290796702117,0,1,0,1,1,1,1,1,0,0,1,21,13,5,6,3,1,0,1,0,1,1,0,0,0,0,0,0,0
5733,5733.png,whoB16_1.png,data/government/whoB16_1.png,exact,G,17.5,10,285.3888888888889,16.893456984551413,0,0,0,1,0,1,0,0,1,0,1,1,3,4,4,1,1,0,0,0,0,0,0,0,0,0,1,0,0
5734,5734.png,visMost689.png,data/vis1/visMost689.png,exact,I,28.4,10,539.8222222222222,23.234074593626968,0,0,0,1,1,1,0,0,1,0,1,4,7,1,0,1,1,0,0,0,1,0,0,0,0,0,0,0,0
5735,5735.png,vis904.png,data/vis3/vis904.png,exact,I,40.6,10,870.4888888888889,29.504048686390295,0,0,1,1,1,1,1,1,0,0,1,10,3,1,6,4,1,0,1,0,1,1,0,0,0,0,0,1,0
5736,5736.png,v490_n7419_15_f2.png,data/science/v490_n7419_15_f2.png,exact,S,21.8,10,384.8444444444445,19.617452547271384,0,0,0,1,0,1,0,0,0,0,1,6,1,2,1,1,0,0,1,0,0,0,0,0,0,0,0,0,0
5737,5737.png,v487_n7407_19_f3.png,data/science/v487_n7407_19_f3.png,exact,S,79.0,10,314.6666666666667,17.73884626086676,0,1,1,1,1,0,1,0,0,0,1,9,9,5,7,5,1,0,1,0,0,1,1,1,0,1,0,0,0
5738,5738.png,whoJ36_2.png,data/government/whoJ36_2.png,exact,G,6.3,10,98.67777777777778,9.933668898135158,0,1,1,1,1,1,0,0,0,0,1,6,1,2,1,3,0,0,0,0,0,0,0,1,0,1,0,1,0
5739,5739.png,v487_n7405_6_f1.png,data/science/v487_n7405_6_f1.png,exact,S,58.3,10,1233.1222222222223,35.11584004722402,0,1,1,1,0,0,0,0,0,1,1,8,3,1,4,1,1,0,0,0,0,0,1,0,0,0,0,0,0
5740,5740.png,v489_n7415_13_f2.png,data/science/v489_n7415_13_f2.png,exact,S,42.0,10,623.3333333333334,24.96664441476534,0,1,1,0,1,0,0,0,0,0,1,5,4,1,4,2,1,0,1,0,0,1,0,0,0,0,0,0,0
5741,5741.png,visMost104.png,data/vis1/visMost104.png,exact,I,21.0,10,257.1111111111111,16.034684627740923,0,0,0,1,1,0,0,0,0,0,1,9,2,2,2,3,1,0,0,1,1,0,0,0,0,0,0,1,0
5742,5742.png,wsj136.png,data/news/wsj136.png,exact,N,17.4,10,365.59999999999997,19.120669444347392,0,0,1,1,0,1,1,0,0,0,1,12,1,1,2,2,1,0,0,1,1,0,0,0,0,0,0,0,0
5743,5743.png,whoK21.png,data/government/whoK21.png,exact,G,9.6,10,411.3777777777778,20.28244999446018,0,0,0,1,1,1,0,0,0,0,1,7,1,1,1,1,0,0,0,1,0,0,0,0,0,0,0,0,0
5744,5744.png,v489_n7416_22_f2.png,data/science/v489_n7416_22_f2.png,exact,S,82.5,10,320.05555555555554,17.890096577591624,0,1,1,0,1,0,0,0,0,0,1,8,2,0,3,2,1,0,0,0,1,0,0,1,0,0,0,0,0
5745,5745.png,vis737.png,data/vis3/vis737.png,exact,I,54.2,10,603.0666666666667,24.557415716371025,0,0,1,1,1,1,0,0,0,0,1,8,20,6,1,1,0,0,0,1,0,0,0,0,0,0,0,0,0
5746,5746.png,visMost662.png,data/vis1/visMost662.png,exact,I,60.3,10,269.56666666666666,16.418485516839446,0,1,1,1,1,1,1,1,0,0,1,13,2,1,2,3,1,0,1,0,1,1,0,0,0,0,0,0,0
5747,5747.png,vis723.png,data/vis3/vis723.png,exact,I,57.9,10,908.5444444444445,30.14207100456842,0,0,0,1,0,1,0,0,1,0,1,5,1,1,3,1,1,0,0,0,1,0,0,0,0,0,0,0,0
5748,5748.png,v487_n7405_20_f4.png,data/science/v487_n7405_20_f4.png,exact,S,76.4,10,478.26666666666665,21.869308783467908,0,1,1,0,1,1,0,0,0,1,1,6,6,2,6,4,1,0,1,0,1,0,0,1,0,1,0,0,0
5749,5749.png,wsj122.png,data/news/wsj122.png,exact,N,13.5,10,520.7222222222222,22.819338777059738,0,0,1,1,0,1,0,0,0,0,1,16,5,1,1,5,1,0,1,0,1,1,0,0,0,0,1,1,0
5750,5750.png,v486_n7402_14_f1.png,data/science/v486_n7402_14_f1.png,exact,S,70.7,10,683.3444444444444,26.140857760303973,0,0,1,0,1,0,1,0,1,0,1,13,4,0,5,3,1,1,0,0,1,0,0,1,0,0,0,0,0
5751,5751.png,economist_daily_chart_98.png,data/news/economist_daily_chart_98.png,exact,N,22.6,10,524.9333333333334,22.91142364265768,0,1,1,1,0,1,0,0,0,0,1,5,2,1,2,2,1,1,1,0,0,0,0,0,0,0,0,0,0
5752,5752.png,v486_n7401_3_f3.png,data/science/v486_n7401_3_f3.png,exact,S,54.4,10,1358.9333333333334,36.863712961845465,0,0,0,0,1,0,0,0,0,0,1,5,1,1,8,2,1,0,0,0,1,0,0,0,0,0,0,0,1
5753,5753.png,whoI11_1.png,data/government/whoI11_1.png,exact,G,47.7,10,700.6777777777778,26.470318807633916,0,1,1,1,0,1,1,0,0,1,1,4,2,1,1,1,0,0,1,0,0,0,0,0,0,0,0,0,0
5754,5754.png,v486_n7404_20_f2.png,data/science/v486_n7404_20_f2.png,exact,S,77.5,10,527.1666666666666,22.960110336552535,0,1,1,0,0,0,0,0,0,0,1,15,6,2,11,5,1,0,1,0,0,1,1,1,0,1,0,0,0
5755,5755.png,visMost138.png,data/vis1/visMost138.png,exact,I,26.7,10,564.9,23.767625039115707,0,0,0,1,0,1,0,0,1,0,1,11,12,12,1,1,0,0,0,0,1,0,0,0,0,0,0,0,0
5756,5756.png,visMost23.png,data/vis1/visMost23.png,exact,I,46.8,10,498.17777777777775,22.319896455355202,0,1,1,1,1,1,0,0,0,0,1,9,3,1,2,2,1,0,1,0,0,1,0,0,0,0,0,0,0
5757,5757.png,v483_n7389_14_f3.png,data/science/v483_n7389_14_f3.png,exact,S,45.5,10,1000.2777777777778,31.627168349028306,0,0,0,0,1,0,1,0,0,0,1,9,1,3,3,2,1,0,0,1,0,0,1,0,0,0,0,0,0
5758,5758.png,visMost37.png,data/vis1/visMost37.png,exact,I,52.4,10,1052.4888888888888,32.4420851501393,0,0,0,0,1,0,1,0,1,0,1,3,0,1,1,3,0,0,0,0,0,0,1,0,1,1,0,0,0
5759,5759.png,v488_n7411_18_f2.png,data/science/v488_n7411_18_f2.png,exact,S,58.1,10,1381.8777777777777,37.17361668949872,0,1,1,0,0,1,1,0,0,1,1,3,5,1,4,3,1,0,1,0,0,1,0,0,0,1,0,0,0
5760,5760.png,economist_daily_chart_261.png,data/news/economist_daily_chart_261.png,exact,N,17.9,10,451.43333333333334,21.24696056694541,0,0,1,1,0,0,1,0,0,0,1,8,1,2,2,2,1,0,1,0,0,1,0,0,0,0,0,0,0
5761,5761.png,whoP09.png,data/government/whoP09.png,exact,G,14.9,10,370.7666666666667,19.255302300059242,0,0,0,1,0,0,0,0,1,1,0,3,1,3,1,1,0,0,0,0,0,0,0,0,0,0,1,0,0
5762,5762.png,wsj491.png,data/news/wsj491.png,exact,N,49.5,10,589.8333333333334,24.286484581621387,0,0,1,1,1,1,1,0,0,0,1,11,2,1,2,2,1,0,0,0,0,1,0,0,0,0,1,0,0
5763,5763.png,vis47.png,data/vis2/vis47.png,exact,I,67.1,10,1562.322222222222,39.52622195735664,0,0,0,1,1,0,0,0,0,0,1,20,0,1,1,1,1,0,0,0,1,0,0,0,0,0,0,0,0
5764,5764.png,economist_daily_chart_507.png,data/news/economist_daily_chart_507.png,exact,N,24.9,10,1201.6555555555553,34.66490380133133,0,0,1,1,1,1,0,0,0,0,1,6,2,1,1,1,0,0,0,0,0,0,0,1,0,0,0,0,0
5765,5765.png,np_16.png,data/news/np_16.png,exact,N,44.1,10,978.7666666666667,31.285246789288184,0,0,0,1,0,0,0,0,1,0,1,5,15,20,1,3,0,0,0,0,1,1,0,0,0,0,1,0,0
5766,5766.png,economist_daily_chart_513.png,data/news/economist_daily_chart_513.png,exact,N,15.4,10,873.5999999999999,29.556725123057863,0,0,0,1,0,1,0,0,1,0,1,3,2,2,1,1,0,0,0,0,0,0,0,0,0,0,1,0,0
5767,5767.png,vis284.png,data/vis2/vis284.png,exact,I,77.2,10,937.2888888888889,30.61517416068197,0,1,1,1,1,1,1,1,0,0,1,10,7,20,1,3,0,0,0,1,1,0,0,1,0,0,0,0,0
5768,5768.png,v489_n7417_1_f2.png,data/science/v489_n7417_1_f2.png,exact,S,63.5,10,1488.0555555555557,38.575323142594094,0,0,0,1,0,0,0,0,1,0,1,6,0,4,2,1,1,0,0,0,1,0,0,0,0,0,0,0,0
5769,5769.png,economist_daily_chart_275.png,data/news/economist_daily_chart_275.png,exact,N,22.6,10,708.4888888888889,26.61745459071714,0,1,1,1,0,1,0,0,0,0,1,5,5,2,2,2,1,0,1,0,0,1,0,0,0,0,0,0,0
5770,5770.png,wsj485.png,data/news/wsj485.png,exact,N,8.4,10,130.26666666666668,11.413442367080437,0,0,0,1,0,1,0,0,0,0,1,5,0,0,1,1,0,0,0,0,1,0,0,0,0,0,0,0,0
5771,5771.png,whoG04.png,data/government/whoG04.png,exact,G,18.1,10,192.32222222222222,13.868028779254182,0,0,0,1,1,1,0,0,0,0,1,10,3,1,1,2,1,0,0,1,0,1,0,0,0,0,0,0,0
5772,5772.png,v483_n7387_13_f1.png,data/science/v483_n7387_13_f1.png,exact,S,47.7,10,883.7888888888889,29.728587065127883,0,0,1,0,1,0,1,1,0,0,1,7,3,3,6,3,1,0,0,1,1,1,0,0,0,0,0,0,0
5773,5773.png,v483_n7390_20_f4.png,data/science/v483_n7390_20_f4.png,exact,S,67.4,10,550.4888888888888,23.462499630024265,0,1,1,0,0,1,1,0,0,0,1,7,4,3,8,4,1,0,1,0,1,0,0,1,0,1,0,0,0
5774,5774.png,v486_n7403_24_f2.png,data/science/v486_n7403_24_f2.png,exact,S,79.7,10,481.7888888888889,21.949689949721133,0,1,1,0,1,0,1,1,0,0,1,10,1,4,7,4,1,0,1,1,0,1,0,0,0,0,0,1,0
5775,5775.png,v483_n7389_22_f2.png,data/science/v483_n7389_22_f2.png,exact,S,79.0,10,1041.3333333333333,32.26969682741586,0,0,0,0,1,0,0,0,0,0,1,10,0,1,8,1,0,0,0,0,1,0,0,0,0,0,0,0,0
5776,5776.png,v485_n7398_23_f4.png,data/science/v485_n7398_23_f4.png,exact,S,80.2,10,361.9555555555556,19.025129580519433,0,0,1,0,0,1,1,1,0,0,0,5,3,3,3,4,1,0,0,0,1,1,1,0,0,0,1,0,0
5777,5777.png,whoP21.png,data/government/whoP21.png,exact,G,69.5,10,988.7222222222222,31.443953667155505,0,0,0,0,1,1,0,0,0,0,0,1,0,1,1,2,0,0,0,0,1,0,1,0,0,0,0,0,0
5778,5778.png,economist_daily_chart_249.png,data/news/economist_daily_chart_249.png,exact,N,20.1,10,206.54444444444445,14.371654200002325,0,0,0,1,0,1,1,1,0,0,1,9,1,1,1,3,0,0,0,0,1,1,0,0,1,0,0,0,0
5779,5779.png,v489_n7417_12_f1.png,data/science/v489_n7417_12_f1.png,exact,S,41.7,10,874.9,29.578708558691336,0,1,1,0,1,0,0,0,0,0,0,5,4,1,4,2,1,0,0,0,0,0,0,1,0,1,0,0,0
5780,5780.png,vis84.png,data/vis2/vis84.png,exact,I,49.2,10,776.6222222222223,27.86794255452351,0,0,1,1,0,1,0,0,0,0,1,5,20,20,1,2,1,0,1,0,0,1,0,0,0,0,0,0,0
5781,5781.png,v485_n7400_16_f2.png,data/science/v485_n7400_16_f2.png,exact,S,77.5,10,467.6111111111111,21.62431758717743,0,1,1,0,1,0,0,0,0,0,0,10,1,4,2,4,1,0,0,0,0,1,1,0,0,1,0,0,1
5782,5782.png,visMost460.png,data/vis1/visMost460.png,exact,I,55.0,10,946.6666666666666,30.767948691238203,0,0,1,1,1,1,0,0,0,0,0,10,0,1,1,2,0,0,0,0,0,0,0,0,0,1,0,1,0
5783,5783.png,vis535.png,data/vis3/vis535.png,exact,I,58.0,10,1076.0,32.802438933713454,0,1,1,1,1,1,1,1,0,0,1,16,12,5,1,3,1,0,1,1,0,1,0,0,0,0,0,0,0
5784,5784.png,wsj452.png,data/news/wsj452.png,exact,N,48.1,10,539.6555555555556,23.230487630602067,0,0,0,1,1,1,1,0,0,0,1,8,1,2,1,3,0,0,1,0,0,0,0,0,1,0,1,0,0
5785,5785.png,wsj334.png,data/news/wsj334.png,exact,N,19.7,10,470.67777777777775,21.695109535970953,0,0,1,1,1,1,1,0,0,0,1,5,4,1,4,4,1,0,1,0,0,1,0,1,0,1,0,0,0
5786,5786.png,vis253.png,data/vis2/vis253.png,exact,I,69.5,10,512.0555555555555,22.628644580609674,0,1,1,1,1,1,1,0,0,0,1,15,20,10,1,6,1,1,1,0,1,1,0,0,0,0,1,1,0
5787,5787.png,visMost306.png,data/vis1/visMost306.png,exact,I,59.7,10,910.9,30.181119926205522,0,1,1,1,1,1,1,1,0,0,0,10,5,5,1,3,1,1,1,1,0,0,0,0,0,0,0,0,0
5788,5788.png,vis247.png,data/vis2/vis247.png,exact,I,53.6,10,931.1555555555556,30.514841562026103,0,0,0,1,1,1,0,0,0,0,0,12,13,6,1,4,1,0,0,1,1,1,0,0,1,0,0,0,0
5789,5789.png,visMost312.png,data/vis1/visMost312.png,exact,I,57.6,10,348.4888888888889,18.66785710489795,0,0,0,1,1,1,1,0,0,0,1,20,4,6,1,2,1,0,0,1,0,0,0,0,0,0,1,0,0
5790,5790.png,wsj320.png,data/news/wsj320.png,exact,N,14.0,10,432.44444444444446,20.795298613976296,0,0,1,1,1,1,0,0,0,0,1,4,2,0,1,1,0,0,0,0,0,0,0,1,0,0,0,0,0
5791,5791.png,v487_n7408_18_f3.png,data/science/v487_n7408_18_f3.png,exact,S,83.8,10,308.1777777777778,17.55499295863652,0,0,1,0,1,0,1,1,0,0,0,8,0,7,4,2,1,0,0,0,0,0,1,0,0,0,0,0,1
5792,5792.png,wsj446.png,data/news/wsj446.png,exact,N,25.7,10,440.67777777777775,20.992326640412628,0,1,1,1,1,1,0,0,0,0,1,3,11,2,1,4,1,0,1,0,1,1,0,1,0,0,0,0,0
5793,5793.png,vis90.png,data/vis2/vis90.png,exact,I,53.6,10,1109.3777777777777,33.307323185416415,0,1,1,1,1,1,1,0,0,0,1,17,9,10,1,4,1,1,0,1,0,0,1,0,0,0,0,1,0
5794,5794.png,v484_n7392_17_f2.png,data/science/v484_n7392_17_f2.png,exact,S,61.5,10,656.0555555555555,25.613581466783508,0,1,1,1,1,0,0,0,0,0,0,3,4,2,2,3,1,0,0,0,0,0,0,0,0,1,1,0,1
5795,5795.png,visMost474.png,data/vis1/visMost474.png,exact,I,29.3,10,1136.677777777778,33.714652271346026,0,0,0,1,1,1,0,0,1,0,1,11,1,3,4,1,1,0,0,0,1,0,0,0,0,0,0,0,0
5796,5796.png,vis509.png,data/vis3/vis509.png,exact,I,29.6,10,458.26666666666665,21.407163909931334,0,0,1,1,1,1,1,0,0,0,1,8,9,6,5,5,1,0,1,1,0,1,0,0,1,0,1,0,0
5797,5797.png,v490_n7419_23_f3.png,data/science/v490_n7419_23_f3.png,exact,S,71.8,10,1193.9555555555555,34.55366197026815,0,1,1,0,1,0,0,0,0,0,0,8,8,5,10,3,1,0,0,0,1,1,0,0,0,1,0,0,0
5798,5798.png,visMost448.png,data/vis1/visMost448.png,exact,I,58.9,10,925.6555555555556,30.42458800962727,0,1,1,1,1,1,1,1,0,0,1,11,13,8,1,4,1,0,1,0,1,1,0,0,1,0,0,0,0
5799,5799.png,v488_n7413_19_f1.png,data/science/v488_n7413_19_f1.png,exact,S,73.8,10,354.6222222222222,18.831415831589037,0,1,1,0,0,1,1,0,0,0,1,6,2,2,3,4,1,0,0,0,0,1,0,1,0,1,1,0,0
