filename,image_id,mean_human_complexity_rating,news_category,infographic_category,government_category,science_category,single_panel,multi_panel,category,panel_s,amount_of_text,no_text,axes_labels,axes_text,titles,annotations,captions,legend_text,legend_title,text_only,black_and_white,background_color,color_count,quantitative,categorical,chart_count,chart_types,area,bar,circle,diagram,distribution,grid_or_matrix,line,map,point,table,text,trees_or_networks,chart_types_count
v487_n7408_11_f2.png,0.png,75.6,0,0,0,1,0,1,S,multipanel,"annotation(s),axes text,axes labels",0,1,1,0,1,0,0,0,0,0,0,2,2,0,2,Area,1,0,0,0,0,0,0,0,0,0,0,0,1
v488_n7412_16_f2.png,1.png,71.8,0,0,0,1,0,1,S,multipanel,"axes text,axes labels,annotation(s)",0,1,1,0,1,0,0,0,0,0,1,4,1,4,1,Bar,0,1,0,0,0,0,0,0,0,0,0,0,1
economist_daily_chart_293.png,2.png,47.3,1,0,0,0,0,1,N,multipanel,"annotation(s),caption(s),axes text,title(s)",0,0,1,1,1,1,0,0,0,0,1,2,2,3,2,"Bar,Line",0,1,0,0,0,0,1,0,0,0,0,0,2
wsj463.png,3.png,27.1,1,0,0,0,1,0,N,single,"text-only,annotation(s),title(s),caption(s)",0,0,0,1,1,1,0,0,1,1,0,2,1,2,1,Table,0,0,0,0,0,0,0,0,0,1,0,0,1
visMost451.png,4.png,44.9,0,1,0,0,1,0,I,single,"title(s),axes text",0,0,1,1,0,0,0,0,0,0,0,13,0,2,1,Table,0,0,0,0,0,0,0,0,0,1,0,0,1
visMost337.png,5.png,68.8,0,1,0,0,1,0,I,single,text-only,0,0,0,0,0,0,0,0,1,0,0,6,0,1,1,Diagram,0,0,0,1,0,0,0,0,0,0,0,0,1
v490_n7420_16_f3.png,6.png,60,0,0,0,1,0,1,S,multipanel,"axes labels,legend text,axes text",0,1,1,0,0,0,1,0,0,0,0,7,2,4,5,"Line,Bar,Area",1,1,0,0,0,0,1,0,0,0,0,0,3
vis262.png,7.png,67.5,0,1,0,0,0,1,I,multipanel,"title(s),annotation(s),caption(s)",0,0,0,1,1,1,0,0,0,0,1,5,1,1,17,"Bar,Distribution",0,1,0,0,1,0,0,0,0,0,0,0,2
whoH02_3.png,8.png,23.2,0,0,1,0,0,1,G,multipanel,"axes labels,annotation(s),title(s),axes text,legend text",0,1,1,1,1,0,1,0,0,0,0,3,2,1,1,Bar,0,1,0,0,0,0,0,0,0,0,0,0,1
wsj305.png,9.png,30.1,1,0,0,0,1,0,N,single,"legend text,caption(s)",0,0,0,0,0,1,1,0,0,0,1,3,0,1,1,Map,0,0,0,0,0,0,0,1,0,0,0,0,1
v487_n7406_20_f1.png,10.png,78.4,0,0,0,1,0,1,S,multipanel,"legend text,axes text,axes labels,annotation(s)",0,1,1,0,1,0,1,0,0,0,0,6,2,3,3,"Bar,Distribution,Line",0,1,0,0,1,0,1,0,0,0,0,0,3
wsj311.png,11.png,14.6,1,0,0,0,1,0,N,single,text-only,0,0,0,0,0,0,0,0,1,0,1,3,0,0,0,Table,0,0,0,0,0,0,0,0,0,1,0,0,1
visMost323.png,12.png,70.1,0,1,0,0,0,1,I,multipanel,"title(s),annotation(s),caption(s),axes text",0,0,1,1,1,1,0,0,0,0,0,1,1,2,4,"Area,Diagram,Map",1,0,0,1,0,0,0,1,0,0,0,0,3
vis276.png,13.png,47.3,0,1,0,0,0,1,I,multipanel,"title(s),annotation(s),caption(s)",0,0,0,1,1,1,0,0,0,0,1,4,0,1,4,"Bar,Circle,Distribution",0,1,1,0,1,0,0,0,0,0,0,0,3
v484_n7393_16_f4.png,14.png,90.2,0,0,0,1,0,1,S,multipanel,"axes labels,axes text,title(s),legend text, legend title(s)",0,1,1,1,0,0,1,1,0,0,0,8,6,4,15,"Bar,Line,Grid & Matrix,Point",0,1,0,0,0,1,1,0,1,0,0,0,4
vis510.png,15.png,57.5,0,1,0,0,1,0,I,single,"title(s),annotation(s),caption(s)",0,0,0,1,1,1,0,0,0,0,1,7,0,1,4,Table,0,0,0,0,0,0,0,0,0,1,0,0,1
v486_n7401_14_f4.png,16.png,77.4,0,0,0,1,0,1,S,multipanel,"axes labels,axes text,legend text, annotation(s)",0,1,1,0,1,0,1,0,0,0,0,6,2,2,5,"Bar,Table",0,1,0,0,0,0,0,0,0,1,0,0,2
whoI06.png,17.png,57.3,0,0,1,0,1,0,G,single,"axes labels,axes text,caption(s),annotation(s)",0,1,1,0,1,1,0,0,0,1,0,0,2,0,1,Line,0,0,0,0,0,0,1,0,0,0,0,0,1
visMost445.png,18.png,61,0,1,0,0,1,0,I,single,"title(s),annotation(s),axes text,caption(s)",0,0,1,1,1,1,0,0,0,0,1,10,1,0,1,Diagram,0,0,0,1,0,0,0,0,0,0,0,0,1
economist_daily_chart_287.png,19.png,32.1,1,0,0,0,1,0,N,single,"axes labels,axes text,caption(s),title(s),legend text,legend title",0,1,1,1,0,1,1,1,0,0,1,3,1,1,1,Bar,0,1,0,0,0,0,0,0,0,0,0,0,1
wsj477.png,20.png,30.7,1,0,0,0,0,1,N,multipanel,"title(s),annotation(s),caption(s)",0,0,0,1,1,1,0,0,0,0,1,7,1,1,1,Distribution,0,0,0,0,1,0,0,0,0,0,0,0,1
vis538.png,21.png,54.9,0,1,0,0,0,1,I,multipanel,"title(s), annotation(s), caption(s)",0,0,0,1,1,1,0,0,0,0,1,5,0,1,6,"Bar,Line,Circle",0,1,1,0,0,0,1,0,0,0,0,0,3
vis89.png,22.png,46.8,0,1,0,0,0,1,I,multipanel,"title(s),annotation(s), legend text",0,0,0,1,1,0,1,0,0,0,1,6,0,1,3,"Circle,Trees & Networks,Bar",0,1,1,0,0,0,0,0,0,0,0,1,3
v484_n7393_18_f1.png,23.png,77.2,0,0,0,1,0,1,S,multipanel,annotation(s),0,0,0,0,1,0,0,0,0,0,0,5,0,3,8,Diagram,0,0,0,1,0,0,0,0,0,0,0,0,1
wsj339.png,24.png,44.7,1,0,0,0,0,1,N,multipanel,"caption(s),title(s),annotation(s)",0,0,0,1,1,1,0,0,0,0,0,4,1,1,5,"Map,Circle",0,0,1,0,0,0,0,1,0,0,0,0,2
visMost479.png,25.png,79.4,0,1,0,0,1,0,I,single,"annotation(s),title(s)",0,0,0,1,1,0,0,0,0,0,1,5,0,2,1,Diagram,0,0,0,1,0,0,0,0,0,0,0,0,1
vis76.png,26.png,40.8,0,1,0,0,1,0,I,single,"title(s),annotation(s),axes text,axes labels,caption(s)",0,1,1,1,1,1,0,0,0,0,1,3,2,0,1,Bar,0,1,0,0,0,0,0,0,0,0,0,0,1
whoQ52_1.png,27.png,20.4,0,0,1,0,1,0,G,single,"axes text,title(s)",0,0,1,1,0,0,0,0,0,0,0,1,1,1,1,Bar,0,1,0,0,0,0,0,0,0,0,0,0,1
visMost492.png,28.png,74.7,0,1,0,0,0,1,I,multipanel,"caption(s),title(s),annotation(s),axes text",0,0,1,1,1,1,0,0,0,0,1,8,0,1,2,"Diagram,Map",0,0,0,1,0,0,0,1,0,0,0,0,2
whoG09.png,29.png,35.4,0,0,1,0,0,1,G,multipanel,"legend text,title(s),axes text,axes labels",0,1,1,1,0,0,1,0,0,0,0,3,1,1,1,Bar,0,1,0,0,0,0,0,0,0,0,0,0,1
economist_daily_chart_250.png,30.png,36.6,1,0,0,0,1,0,N,single,"axes labels,axes text,title(s),caption(s),legend text",0,1,1,1,0,1,1,0,0,0,1,4,2,1,1,Bar,0,1,0,0,0,0,0,0,0,0,0,0,1
v485_n7396_15_f3.png,31.png,54.1,0,0,0,1,0,1,S,multipanel,"axes text,axes labels,legend text",0,1,1,0,0,0,1,0,0,0,0,3,4,2,4,Line,0,0,0,0,0,0,1,0,0,0,0,0,1
np_27.png,32.png,64.3,1,0,0,0,0,1,N,multipanel,"annotation(s),legend text,axes text,title(s)",0,0,1,1,1,0,1,0,0,0,0,2,5,2,11,"Bar,Map,Distribution,Circle",0,1,1,0,1,0,0,1,0,0,0,0,4
v483_n7387_14_f5.png,33.png,81.5,0,0,0,1,0,1,S,multipanel,"axes labels,axes text,legend text,caption(s)",0,1,1,0,0,1,1,0,0,0,0,3,4,5,6,"Bar,Line,Distribution",0,1,0,0,1,0,1,0,0,0,0,0,3
whoQ17_1.png,34.png,70.5,0,0,1,0,1,0,G,single,"title(s),caption(s),axes text,axes labels",0,1,1,1,0,1,0,0,0,0,0,1,1,1,1,Bar,0,1,0,0,0,0,0,0,0,0,0,0,1
v490_n7419_9_f2.png,35.png,75.6,0,0,0,1,0,1,S,multipanel,"axes text,axes labels,legend text,legend title",0,1,1,0,0,0,1,1,0,0,1,7,3,0,2,"Point,Map",0,0,0,0,0,0,0,1,1,0,0,0,2
treasuryA13.png,36.png,52.8,0,0,1,0,0,1,G,multipanel,"title(s),axes text,axes labels,annotation(s),caption(s)",0,1,1,1,1,1,0,0,0,0,0,7,2,3,3,"Area,Line",1,0,0,0,0,0,1,0,0,0,0,0,2
economist_daily_chart_522.png,37.png,36.4,1,0,0,0,1,0,N,single,"axes text,title(s),annotation(s),caption(s)",0,0,1,1,1,1,0,0,0,0,1,2,2,0,1,Distribution,0,0,0,0,1,0,0,0,0,0,0,0,1
economist_daily_chart_244.png,38.png,28.9,1,0,0,0,1,0,N,single,"title(s),caption(s),text-only",0,0,0,1,0,1,0,0,1,0,1,2,1,2,1,Table,0,0,0,0,0,0,0,0,0,1,0,0,1
v489_n7416_8_f3.png,39.png,70,0,0,0,1,0,1,S,multipanel,"annotation(s),axes text,axes labels",0,1,1,0,1,0,0,0,0,0,0,8,2,1,3,"Line,Diagram",0,0,0,1,0,0,1,0,0,0,0,0,2
v490_n7420_1_f2.png,40.png,83.4,0,0,0,1,0,1,S,multipanel,"axes labels,axes text",0,1,1,0,0,0,0,0,0,0,0,4,11,5,12,"Bar,Point,Diagram",0,1,0,1,0,0,0,0,1,0,0,0,3
vis62.png,41.png,44.4,0,1,0,0,0,1,I,multipanel,"axes text,caption(s),title(s),annotation(s)",0,0,1,1,1,1,0,0,0,0,1,6,0,2,3,Line,0,0,0,0,0,0,1,0,0,0,0,0,1
visMost486.png,42.png,41,0,1,0,0,0,1,I,multipanel,"title(s),text-only,annotation(s)",0,0,0,1,1,0,0,0,1,0,1,5,1,1,1,Bar,0,1,0,0,0,0,0,0,0,0,0,0,1
v487_n7405_11_f1.png,43.png,65.4,0,0,0,1,0,1,S,multipanel,text-only,0,0,0,0,0,0,0,0,1,0,0,1,0,0,3,Diagram,0,0,0,1,0,0,0,0,0,0,0,0,1
v485_n7397_13_f1.png,44.png,81,0,0,0,1,0,1,S,multipanel,"axes text,axes labels,legend text",0,1,1,0,0,0,1,0,0,0,0,5,2,2,9,Area,1,0,0,0,0,0,0,0,0,0,0,0,1
whoP04.png,45.png,49.5,0,0,1,0,1,0,G,single,"axes labels,axes text,caption(s)",0,1,1,0,0,1,0,0,0,0,0,1,2,0,1,Line,0,0,0,0,0,0,1,0,0,0,0,0,1
v483_n7391_21_f2.png,46.png,84.3,0,0,0,1,0,1,S,multipanel,annotation(s),0,0,0,0,1,0,0,0,0,0,0,8,0,4,4,Diagram,0,0,0,1,0,0,0,0,0,0,0,0,1
v485_n7399_8_f1.png,47.png,74.9,0,0,0,1,0,1,S,multipanel,"annotation(s),axes text",0,0,1,0,1,0,0,0,0,0,0,4,0,1,2,Diagram,0,0,0,1,0,0,0,0,0,0,0,0,1
treasuryA2.png,48.png,42.3,0,0,1,0,0,1,G,multipanel,"title(s),axes text,annotation(s),caption(s)",0,0,1,1,1,1,0,0,0,0,0,3,2,2,2,Line,0,0,0,0,0,0,1,0,0,0,0,0,1
whoN16_2.png,49.png,31.3,0,0,1,0,1,0,G,single,"title(s),caption(s)",0,0,0,1,0,1,0,0,0,0,1,7,1,1,1,Circle,0,0,1,0,0,0,0,0,0,0,0,0,1
vis289.png,50.png,59,0,1,0,0,1,0,I,single,text-only,0,0,0,0,0,0,0,0,1,0,0,1,0,0,1,Table,0,0,0,0,0,0,0,0,0,1,0,0,1
v482_n7386_14_f3.png,51.png,81.3,0,0,0,1,0,1,S,multipanel,"legend text,axes text",0,0,1,0,0,0,1,0,0,0,0,5,2,3,12,Diagram,0,0,0,1,0,0,0,0,0,0,0,0,1
economist_daily_chart_278.png,52.png,39.4,1,0,0,0,1,0,N,single,"axes text,axes labels,legend text,title(s),caption(s)",0,1,1,1,0,1,1,0,0,0,1,3,2,2,1,Bar,0,1,0,0,0,0,0,0,0,0,0,0,1
whoP10.png,53.png,41.3,0,0,1,0,1,0,G,single,"text-only,title(s),caption(s)",0,0,0,1,0,1,0,0,1,0,0,2,0,1,1,Table,0,0,0,0,0,0,0,0,0,1,0,0,1
wsj488.png,54.png,33.5,1,0,0,0,1,0,N,single,"title(s),caption(s)",0,0,0,1,0,1,0,0,0,0,1,3,0,0,0,Table,0,0,0,0,0,0,0,0,0,1,0,0,1
v488_n7410_17_f1.png,55.png,77.8,0,0,0,1,0,1,S,multipanel,"axes labels,axes text,legend text",0,1,1,0,0,0,1,0,0,0,0,1,4,5,8,"Bar,Diagram",0,1,0,1,0,0,0,0,0,0,0,0,2
v485_n7398_12_f1.png,56.png,56.7,0,0,0,1,0,1,S,multipanel,"legend text,title(s),axes text",0,0,1,1,0,0,1,0,0,0,0,6,2,0,2,"Area,Map",1,0,0,0,0,0,0,1,0,0,0,0,2
economist_daily_chart_95.png,57.png,53.1,1,0,0,0,1,0,N,single,"legend title,legend text,title(s),annotation(s),title(s)",0,0,0,1,1,0,1,1,0,0,0,6,1,1,1,Map,0,0,0,0,0,0,0,1,0,0,0,0,1
wsj107.png,58.png,38.3,1,0,0,0,0,1,N,multipanel,"axes text,caption(s),annotation(s),title(s)",0,0,1,1,1,1,0,0,0,0,0,3,2,0,1,Bar,0,1,0,0,0,0,0,0,0,0,0,0,1
visMost135.png,59.png,33.5,0,1,0,0,1,0,I,single,"legend text,title(s)",0,0,0,1,0,0,1,0,0,0,0,7,0,1,1,Map,0,0,0,0,0,0,0,1,0,0,0,0,1
visMost653.png,60.png,17.1,0,1,0,0,1,0,I,single,"caption(s),title(s)",0,0,0,1,0,1,0,0,0,0,1,7,1,1,1,Bar,0,1,0,0,0,0,0,0,0,0,0,0,1
v483_n7390_5_f2.png,61.png,74.8,0,0,0,1,0,1,S,multipanel,"title(s),axes text,axes labels",0,1,1,1,0,0,0,0,0,0,0,3,3,1,3,"Line,Distribution,Diagram",0,0,0,1,1,0,1,0,0,0,0,0,3
whoK10.png,62.png,38.7,0,0,1,0,0,1,G,multipanel,"title(s),legend text",0,0,0,1,0,0,1,0,0,0,0,4,1,0,2,Map,0,0,0,0,0,0,0,1,0,0,0,0,1
vis706.png,63.png,71.7,0,1,0,0,0,1,I,multipanel,"title(s),axes text,annotation(s)",0,0,1,1,1,0,0,0,0,0,1,20,5,2,2,"Line,Circle,Trees & Networks",0,0,1,0,0,0,1,0,0,0,0,1,3
v484_n7394_2_f2.png,64.png,64.5,0,0,0,1,0,1,S,multipanel,"axes labels,axes text,title(s),legend text",0,1,1,1,0,0,1,0,0,0,0,6,4,4,5,"Area,Bar,Line,Distribution",1,1,0,0,1,0,1,0,0,0,0,0,4
treasuryD07_2.png,65.png,28.8,0,0,1,0,1,0,G,single,"text-only,caption(s),title(s)",0,0,0,1,0,1,0,0,1,0,1,3,4,1,1,Table,0,0,0,0,0,0,0,0,0,1,0,0,1
v485_n7396_23_f2.png,66.png,63.6,0,0,0,1,0,1,S,multipanel,"axes labels,axes text,legend text,annotation(s)",0,1,1,0,1,0,1,0,0,0,0,6,3,2,3,"Line,Bar",0,1,0,0,0,0,1,0,0,0,0,0,2
v483_n7387_7_f1.png,67.png,73,0,0,0,1,0,1,S,multipanel,"axes labels,axes text,annotation(s),title(s)",0,1,1,1,1,0,0,0,0,0,0,9,2,2,2,"Line,Point",0,0,0,0,0,0,1,0,1,0,0,0,2
visMost647.png,68.png,51.9,0,1,0,0,1,0,I,single,"title(s),caption(s)",0,0,0,1,0,1,0,0,0,0,0,7,0,0,1,Distribution,0,0,0,0,1,0,0,0,0,0,0,0,1
vis712.png,69.png,26.1,0,1,0,0,0,1,I,multipanel,title(s),0,0,0,1,0,0,0,0,0,0,0,2,0,0,1,Table,0,0,0,0,0,0,0,0,0,1,0,0,1
v484_n7395_2_f2.png,70.png,78.8,0,0,0,1,0,1,S,multipanel,"axes labels,axes text,annotation(s),title(s)",0,1,1,1,1,0,0,0,0,0,1,9,2,1,2,Point,0,0,0,0,0,0,0,0,1,0,0,0,1
visMost121.png,71.png,36.6,0,1,0,0,1,0,I,single,"caption(s),title(s),annotation(s)",0,0,0,1,1,1,0,0,0,0,0,7,0,1,1,Table,0,0,0,0,0,0,0,0,0,1,0,0,1
v483_n7391_5_f2.png,72.png,83.3,0,0,0,1,0,1,S,multipanel,"axes labels,axes text,title(s),annotation(s)",0,1,1,1,1,0,0,0,0,0,0,3,1,1,11,Point,0,0,0,0,0,0,0,0,1,0,0,0,1
economist_daily_chart_81.png,73.png,35.5,1,0,0,0,1,0,N,single,"axes text,caption(s),title(s)",0,0,1,1,0,1,0,0,0,0,0,2,2,1,1,Bar,0,1,0,0,0,0,0,0,0,0,0,0,1
wsj113.png,74.png,26.6,1,0,0,0,1,0,N,single,"caption(s),title(s)",0,0,0,1,0,1,0,0,0,0,1,2,1,1,1,Table,0,0,0,0,0,0,0,0,0,1,0,0,1
visMost109.png,75.png,45.7,0,1,0,0,0,1,I,multipanel,"title(s),annotation(s)",0,0,0,1,1,0,0,0,0,0,1,5,3,3,6,"Distribution,Circle,Bar,Diagram",0,1,1,1,1,0,0,0,0,0,0,0,4
v489_n7414_5_f4.png,76.png,77.3,0,0,0,1,0,1,S,multipanel,"axes labels,annotation(s),axes text",0,1,1,0,1,0,0,0,0,0,0,7,8,0,4,"Line,Point,Distribution",0,0,0,0,1,0,1,0,1,0,0,0,3
v488_n7411_11_f3.png,77.png,80.3,0,0,0,1,0,1,S,multipanel,"axes text,title(s),axes labels,legend title,legend text",0,1,1,1,0,0,1,1,0,0,0,9,3,0,4,Area,1,0,0,0,0,0,0,0,0,0,0,0,1
visMost12.png,78.png,40.3,0,1,0,0,0,1,I,multipanel,"title(s),text-only,annotation(s)",0,0,0,1,1,0,0,0,1,0,1,4,0,1,1,Table,0,0,0,0,0,0,0,0,0,1,0,0,1
v487_n7408_7_f2.png,79.png,72.8,0,0,0,1,0,1,S,multipanel,"axes labels,axes text,annotation(s),title(s)",0,1,1,1,1,0,0,0,0,0,0,10,4,1,3,"Line,Point,Diagram",0,0,0,1,0,0,1,0,1,0,0,0,3
v489_n7415_5_f4.png,80.png,45.3,0,0,0,1,1,0,S,single,"axes labels,axes text,annotation(s)",0,1,1,0,1,0,0,0,0,0,0,1,1,1,1,Bar,0,1,0,0,0,0,0,0,0,0,0,0,1
v483_n7391_17_f3.png,81.png,75,0,0,0,1,0,1,S,multipanel,"title(s),legend text,axes labels,axes text",0,1,1,1,0,0,1,0,0,1,0,1,6,5,11,"Bar,Circle,Line",0,1,1,0,0,0,1,0,0,0,0,0,3
v488_n7410_19_f4.png,82.png,62.9,0,0,0,1,0,1,S,multipanel,"axes labels,axes text",0,1,1,0,0,0,0,0,0,1,0,0,1,3,4,"Bar,Table",0,1,0,0,0,0,0,0,0,1,0,0,2
economist_daily_chart_56.png,83.png,58.1,1,0,0,0,0,1,N,multipanel,"legend title,title(s),legend text,caption(s)",0,0,0,1,0,1,1,1,0,0,1,15,1,1,15,Table,0,0,0,0,0,0,0,0,0,1,0,0,1
visMost690.png,84.png,52.5,0,1,0,0,1,0,I,single,"title(s),text-only",0,0,0,1,0,0,0,0,1,1,0,0,0,0,1,Diagram,0,0,0,1,0,0,0,0,0,0,0,0,1
whoQ50_3.png,85.png,59.7,0,0,1,0,1,0,G,single,"title(s),axes text,axes labels,legend text",0,1,1,1,0,0,1,0,0,0,0,8,2,1,1,Area,1,0,0,0,0,0,0,0,0,0,0,0,1
v487_n7405_1_f5.png,86.png,80.3,0,0,0,1,0,1,S,multipanel,"axes labels,title(s),annotation(s)",0,1,0,1,1,0,0,0,0,0,0,4,1,3,7,Line,0,0,0,0,0,0,1,0,0,0,0,0,1
visMost684.png,87.png,50.2,0,1,0,0,0,1,I,multipanel,"axes text,title(s),legend text,caption(s),axes labels",0,1,1,1,0,1,1,0,0,0,1,6,2,3,4,"Area,Map,Bar",1,1,0,0,0,0,0,1,0,0,0,0,3
vis909.png,88.png,68.9,0,1,0,0,1,0,I,single,"axes labels,title(s)",0,1,0,1,0,0,0,0,0,0,1,16,1,3,1,Distribution,0,0,0,0,1,0,0,0,0,0,0,0,1
whoC21_2.png,89.png,50.4,0,0,1,0,0,1,G,multipanel,"title(s),legend title,legend text",0,0,0,1,0,0,1,1,0,0,0,1,1,1,1,Map,0,0,0,0,0,0,0,1,0,0,0,0,1
treasuryG06_2.png,90.png,74.2,0,0,1,0,1,0,G,single,"caption(s),legend text,axes text,axes labels",0,1,1,0,0,1,1,0,0,0,0,10,2,1,1,Bar,0,1,0,0,0,0,0,0,0,0,0,0,1
economist_daily_chart_42.png,91.png,45.2,1,0,0,0,0,1,N,multipanel,"annotation(s),title(s),axes text,caption(s),legend text",0,0,1,1,1,1,1,0,0,0,0,3,3,1,2,"Bar,Line",0,1,0,0,0,0,1,0,0,0,0,0,2
v488_n7412_20_f3.png,92.png,64.9,0,0,0,1,0,1,S,multipanel,"axes labels,axes text,legend text",0,1,1,0,0,0,1,0,0,1,0,0,5,4,5,Bar,0,1,0,0,0,0,0,0,0,0,0,0,1
whoK27_2.png,93.png,39.5,0,0,1,0,1,0,G,single,"annotation(s),title(s),axes labels,axes text,legend text",0,1,1,1,1,0,1,0,0,0,0,1,2,2,1,"Line,Point",0,0,0,0,0,0,1,0,1,0,0,0,2
v487_n7407_10_f2.png,94.png,65.2,0,0,0,1,0,1,S,multipanel,"axes labels,axes text,legend text",0,1,1,0,0,0,1,0,0,0,0,5,4,0,4,"Area,Line",1,0,0,0,0,0,1,0,0,0,0,0,2
v485_n7397_3_f1.png,95.png,87.6,0,0,0,1,0,1,S,multipanel,no text,1,0,0,0,0,0,0,0,0,0,0,4,0,1,4,Diagram,0,0,0,1,0,0,0,0,0,0,0,0,1
vis921.png,96.png,41.7,0,1,0,0,0,1,I,multipanel,"title(s),annotation(s),caption(s)",0,0,0,1,1,1,0,0,0,0,1,2,1,2,6,"Map,Circle,Distribution",0,0,1,0,1,0,0,1,0,0,0,0,3
v485_n7396_3_f1.png,97.png,77.6,0,0,0,1,0,1,S,multipanel,"title(s),annotation(s),legend text,axes text,axes labels",0,1,1,1,1,0,1,0,0,1,0,0,6,1,12,"Bar,Line,Diagram",0,1,0,1,0,0,1,0,0,0,0,0,3
vis935.png,98.png,62.2,0,1,0,0,0,1,I,multipanel,"axes labels,title(s),legend text,caption(s),annotation(s),axes text",0,1,1,1,1,1,1,0,0,0,1,6,2,1,2,"Table,Line",0,0,0,0,0,0,1,0,0,1,0,0,2
v489_n7414_12_f4.png,99.png,73.1,0,0,0,1,0,1,S,multipanel,"axes labels,axes text,annnotation(s)",0,1,1,0,0,0,0,0,0,1,0,0,1,3,4,Bar,0,1,0,0,0,0,0,0,0,0,0,0,1
v489_n7417_21_f1.png,100.png,66.9,0,0,0,1,0,1,S,multipanel,"axes text,axes labels,title(s),legend text",0,1,1,1,0,0,1,0,0,0,0,10,6,4,8,"Circle,Bar,Diagram",0,1,1,1,0,0,0,0,0,0,0,0,3
v489_n7415_9_f4.png,101.png,72.4,0,0,0,1,0,1,S,multipanel,"axes labels,axes text,title(s),legend text",0,1,1,1,0,0,1,0,0,0,0,11,5,3,3,"Bar,Map,Line",0,1,0,0,0,0,1,1,0,0,0,0,3
whoM02.png,102.png,32.5,0,0,1,0,1,0,G,single,"title(s),text-only",0,0,0,1,0,0,0,0,1,1,0,0,2,0,1,Table,0,0,0,0,0,0,0,0,0,1,0,0,1
vis114.png,103.png,64,0,1,0,0,0,1,I,multipanel,"title(s),caption(s),annotation(s),axes text",0,0,1,1,1,1,0,0,0,0,1,6,4,1,12,"Bar,Circle,Table",0,1,1,0,0,0,0,0,0,1,0,0,3
v488_n7410_15_f4.png,104.png,71,0,0,0,1,1,0,S,single,"axes text,annotation(s)",0,0,1,0,1,0,0,0,0,0,0,4,1,1,1,Diagram,0,0,0,1,0,0,0,0,0,0,0,0,1
vis672.png,105.png,60.3,0,1,0,0,0,1,I,multipanel,"title(s),annotation(s), caption(s), axes labels,legend text",0,1,0,1,1,1,1,0,0,0,1,12,5,4,6,"Area,Bar,Circle",1,1,1,0,0,0,0,0,0,0,0,0,3
v483_n7389_11_f2.png,106.png,70.8,0,0,0,1,0,1,S,multipanel,annotation(s),0,0,0,0,1,0,0,0,0,0,0,3,0,1,7,Diagram,0,0,0,1,0,0,0,0,0,0,0,0,1
v489_n7414_9_f4.png,107.png,72.8,0,0,0,1,0,1,S,multipanel,"axes labels,axes text",0,1,1,0,0,0,0,0,0,1,1,0,3,0,1,"Distribution,Bar",0,1,0,0,1,0,0,0,0,0,0,0,2
v486_n7403_17_f2.png,108.png,56.5,0,0,0,1,0,1,S,multipanel,"axes labels,axes text,annotation(s),legend text",0,1,1,0,1,0,1,0,0,0,0,6,2,1,2,"Point,Bar",0,1,0,0,0,0,0,0,1,0,0,0,2
vis666.png,109.png,64.7,0,1,0,0,1,0,I,single,"title(s),annotation(s),caption(s)",0,0,0,1,1,1,0,0,0,0,1,10,0,0,1,Diagram,0,0,0,1,0,0,0,0,0,0,0,0,1
visMost733.png,110.png,62.4,0,1,0,0,0,1,I,multipanel,"title(s),axes labels,axes text,caption(s),legend text",0,1,1,1,0,1,1,0,0,0,0,7,4,4,12,"Circle,Bar",0,1,1,0,0,0,0,0,0,0,0,0,2
v483_n7387_20_f1.png,111.png,78.7,0,0,0,1,0,1,S,multipanel,annotation(s),0,0,0,0,1,0,0,0,0,0,0,5,0,0,5,Diagram,0,0,0,1,0,0,0,0,0,0,0,0,1
v485_n7399_18_f3.png,112.png,72.9,0,0,0,1,0,1,S,multipanel,"axes labels,axes text,legend text,title(s)",0,1,1,1,0,0,1,0,0,1,0,7,2,2,2,"Bar,Grid & Matrix",0,1,0,0,0,1,0,0,0,0,0,0,2
vis100.png,113.png,60.8,0,1,0,0,0,1,I,multipanel,"annotation(s),title(s),caption(s)",0,0,0,1,1,1,0,0,0,0,0,2,0,1,6,"Map,Table,Diagram",0,0,0,1,0,0,0,1,0,1,0,0,3
vis128.png,114.png,42.3,0,1,0,0,0,1,I,multipanel,"annotation(s),title(s),caption(s)",0,0,0,1,1,1,0,0,0,0,1,6,0,1,1,Diagram,0,0,0,1,0,0,0,0,0,0,0,0,1
v489_n7414_7_f1.png,115.png,81.8,0,0,0,1,0,1,S,multipanel,"axes labels,axes text,legend text,annotation(s)",0,1,1,0,1,0,1,0,0,0,0,8,1,2,6,"Grid & Matrix,Distribution",0,0,0,0,1,1,0,0,0,0,0,0,2
vis896.png,116.png,76.8,0,1,0,0,1,0,I,single,"title(s),axes labels,annotation(s)",0,1,0,1,1,0,0,0,0,0,0,4,0,1,1,Bar,0,1,0,0,0,0,0,0,0,0,0,0,1
v483_n7391_9_f2.png,117.png,68.9,0,0,0,1,0,1,S,multipanel,"axes labels,axes text,annotation(s),legend text",0,1,1,0,1,0,1,0,0,0,0,2,2,4,2,"Line,Point",0,0,0,0,0,0,1,0,1,0,0,0,2
vis882.png,118.png,48.2,0,1,0,0,0,1,I,multipanel,"text-only, title(s), caption(s)",0,0,0,1,0,1,0,0,1,0,1,5,1,1,10,"Distribution,Table",0,0,0,0,1,0,0,0,0,1,0,0,2
v489_n7415_7_f1.png,119.png,65.2,0,0,0,1,0,1,S,multipanel,"annotation(s),title(s)",0,0,0,1,1,0,0,0,0,0,0,2,0,0,3,Diagram,0,0,0,1,0,0,0,0,0,0,0,0,1
v490_n7418_18_f4.png,120.png,84.4,0,0,0,1,0,1,S,multipanel,"axes labels,axes text,legend text",0,1,1,0,0,0,1,0,0,0,0,3,10,5,14,"Bar,Line,Point,Diagram",0,1,0,1,0,0,1,0,1,0,0,0,4
economist_daily_chart_126.png,121.png,53,1,0,0,0,1,0,N,single,"axes text,axes labels,title(s)",0,1,1,1,0,0,0,0,0,0,1,3,1,1,1,Map,0,0,0,0,0,0,0,1,0,0,0,0,1
vis869.png,122.png,55.3,0,1,0,0,0,1,I,multipanel,"title(s),caption(s),annotation(s)",0,0,0,1,1,1,0,0,0,0,1,4,2,0,4,"Bar,Text",0,1,0,0,0,0,0,0,0,0,1,0,2
economist_daily_chart_132.png,123.png,55.2,1,0,0,0,1,0,N,single,"axes text,title(s),legend text, legend title(s), caption(s), annotation(s)",0,0,1,1,1,1,1,1,0,0,0,4,0,1,1,Bar,0,1,0,0,0,0,0,0,0,0,0,0,1
v489_n7415_16_f3.png,124.png,69.1,0,0,0,1,0,1,S,multipanel,"legend text,axes labels,axes text",0,1,1,0,0,0,1,0,0,0,0,6,5,7,8,"Bar,Diagram",0,1,0,1,0,0,0,0,0,0,0,0,2
v484_n7394_10_f1.png,125.png,52.5,0,0,0,1,1,0,S,single,"legend title,legend text",0,0,0,0,0,0,1,1,0,1,0,0,1,1,1,Map,0,0,0,0,0,0,0,1,0,0,0,0,1
whoQ56_5.png,126.png,41.3,0,0,1,0,1,0,G,single,"title(s),axes text,axes labels,legend text",0,1,1,1,0,0,1,0,0,0,0,4,1,1,1,Line,0,0,0,0,0,0,1,0,0,0,0,0,1
whoC25.png,127.png,31.2,0,0,1,0,0,1,G,multipanel,"legend text,title(s)",0,0,0,1,0,0,1,0,0,0,0,4,0,1,1,Map,0,0,0,0,0,0,0,1,0,0,0,0,1
vis855.png,128.png,60.8,0,1,0,0,0,1,I,multipanel,"caption(s),annotation(s),axes labels,legend text,title(s)",0,1,0,1,1,1,1,0,0,0,1,1,0,1,12,"Table,Circle,Bar",0,1,1,0,0,0,0,0,0,1,0,0,3
v485_n7397_1_f4.png,129.png,81.9,0,0,0,1,0,1,S,multipanel,"legend title,legend text,title(s)",0,0,0,1,0,0,1,1,0,0,0,1,2,6,7,"Bar,Diagram,Line",0,1,0,1,0,0,1,0,0,0,0,0,3
v484_n7395_16_f3.png,130.png,64.1,0,0,0,1,0,1,S,multipanel,"axes text,axes labels,title(s)",0,1,1,1,0,0,0,0,0,0,0,3,2,1,4,"Diagram,Line",0,0,0,1,0,0,1,0,0,0,0,0,2
whoO10_1.png,131.png,21.7,0,0,1,0,1,0,G,single,text-only,0,0,0,0,0,0,0,0,1,0,1,2,3,1,1,Table,0,0,0,0,0,0,0,0,0,1,0,0,1
vis841.png,132.png,38.2,0,1,0,0,0,1,I,multipanel,"annotation(s),axes labels,title(s)",0,1,0,1,1,0,0,0,0,0,1,5,0,3,2,"Area,Bar",1,1,0,0,0,0,0,0,0,0,0,0,2
vis699.png,133.png,41.2,0,1,0,0,0,1,I,multipanel,"legend text,title(s),axes labels,caption(s)",0,1,0,1,0,1,1,0,0,0,0,6,1,1,1,Bar,0,1,0,0,0,0,0,0,0,0,0,0,1
v490_n7418_16_f1.png,134.png,80.2,0,0,0,1,0,1,S,multipanel,"axes labels,axes text,legend text",0,1,1,0,0,0,1,0,0,0,0,5,3,2,12,"Area,Bar,Point,Line",1,1,0,0,0,0,1,0,1,0,0,0,4
v485_n7396_1_f4.png,135.png,82.5,0,0,0,1,0,1,S,multipanel,"legend text,annotation(s),axes text,axes labels",0,1,1,0,1,0,1,0,0,0,0,8,1,12,8,"Distribution,Bar,Diagram",0,1,0,1,1,0,0,0,0,0,0,0,3
wsj517.png,136.png,48.7,1,0,0,0,0,1,N,multipanel,"title(s),axes labels,axes text,caption(s),annotation(s)",0,1,1,1,1,1,0,0,0,0,1,2,4,1,3,"Area,Line",1,0,0,0,0,0,1,0,0,0,0,0,2
visMost525.png,137.png,59.7,0,1,0,0,1,0,I,single,"title(s),annotation(s),axes text,caption(s)",0,0,1,1,1,1,0,0,0,0,1,8,0,1,1,Trees & Networks,0,0,0,0,0,0,0,0,0,0,0,1,1
vis470.png,138.png,54.3,0,1,0,0,0,1,I,multipanel,"title(s),axes text,annotation(s),caption(s)",0,0,1,1,1,1,0,0,0,0,1,9,13,10,4,"Bar,Diagram,Text,Distribution,Table,Area",1,1,0,1,1,0,0,0,0,1,1,0,6
vis316.png,139.png,67.7,0,1,0,0,0,1,I,multipanel,"title(s),caption(s),annotation(s),axes text",0,0,1,1,1,1,0,0,0,1,1,6,10,3,1,"Diagram,Table,Text,Distribution,Bar",0,1,0,1,1,0,0,0,0,1,1,0,5
visMost243.png,140.png,58,0,1,0,0,0,1,I,multipanel,"title(s),caption(s),annotation(s),axes text",0,0,1,1,1,1,0,0,0,0,1,5,7,3,4,"Text,Diagram,Area,Distribution,Bar,Map,Circle",1,1,1,1,1,0,0,1,0,0,1,0,7
economist_daily_chart_481.png,141.png,39.4,1,0,0,0,1,0,N,single,text-only,0,0,0,0,0,0,0,0,1,0,0,4,0,1,1,Text,0,0,0,0,0,0,0,0,0,0,1,0,1
wsj271.png,142.png,32.9,1,0,0,0,1,0,N,single,"axes labels,axes text,annotation(s),title(s),caption(s)",0,1,1,1,1,1,0,0,0,0,1,4,2,2,1,Bar,0,1,0,0,0,0,0,0,0,0,0,0,1
v486_n7401_16_f1.png,143.png,73.4,0,0,0,1,0,1,S,multipanel,"title(s),legend text",0,0,0,1,0,0,1,0,0,1,1,4,1,4,6,"Grid & Matrix,Diagram",0,0,0,1,0,1,0,0,0,0,0,0,2
v484_n7393_14_f1.png,144.png,75.2,0,0,0,1,0,1,S,multipanel,"axes labels,axes text,annotation(s),title(s),legend text",0,1,1,1,1,0,1,0,0,1,1,2,4,3,5,"Bar,Diagram",0,1,0,1,0,0,0,0,0,0,0,0,2
economist_daily_chart_495.png,145.png,18,1,0,0,0,1,0,N,single,"axes text,title(s),annotation(s),caption(s)",0,0,1,1,1,1,0,0,0,0,1,3,2,1,1,Bar,0,1,0,0,0,0,0,0,0,0,0,0,1
wsj265.png,146.png,20.8,1,0,0,0,1,0,N,single,"axes text,title(s),axes labels,caption(s)",0,1,1,1,0,1,0,0,0,0,1,4,2,1,1,Line,0,0,0,0,0,0,1,0,0,0,0,0,1
vis302.png,147.png,50.2,0,1,0,0,0,1,I,multipanel,"title(s),annotation(s),caption(s),axes text",0,0,1,1,1,1,0,0,0,0,1,8,7,5,8,"Text,Bar,Table,Distribution",0,1,0,0,1,0,0,0,0,1,1,0,4
visMost257.png,148.png,38.9,0,1,0,0,1,0,I,single,"title(s),caption(s),annotation(s)",0,0,0,1,1,1,0,0,0,0,0,4,0,5,5,"Diagram,Table",0,0,0,1,0,0,0,0,0,1,0,0,2
wsj49.png,149.png,39.8,1,0,0,0,0,1,N,multipanel,"axes text,annotation(s),legend text,legend title,title(s),caption(s)",0,0,1,1,1,1,1,1,0,0,1,4,1,4,5,"Bar,Map",0,1,0,0,0,0,0,1,0,0,0,0,2
whoQ49_2.png,150.png,14.200000000000001,0,0,1,0,1,0,G,single,"title(s),axes text",0,0,1,1,0,0,0,0,0,0,0,1,1,2,1,Bar,0,1,0,0,0,0,0,0,0,0,0,0,1
visMost531.png,151.png,59.5,0,1,0,0,0,1,I,multipanel,"axes text,title(s),annotation(s),caption(s),legend text",0,0,1,1,1,1,1,0,0,0,1,3,1,1,1,"Bar,Table,Map,Area",1,1,0,0,0,0,0,1,0,1,0,0,4
v487_n7406_22_f4.png,152.png,73.3,0,0,0,1,0,1,S,multipanel,"axes text,axes labels,legend text,title(s),annotation(s)",0,1,1,1,1,0,1,0,0,0,0,8,1,4,3,"Diagram,Table,Bar",0,1,0,1,0,0,0,0,0,1,0,0,3
vis464.png,153.png,50.4,0,1,0,0,0,1,I,multipanel,"legend text,legend title,title(s),annotation(s),caption(s),axes text,axes label",0,0,1,1,1,1,1,1,0,0,1,8,3,3,4,"Bar,Circle,Distribution,Table",0,1,1,0,1,0,0,0,0,1,0,0,4
wsj503.png,154.png,29.7,1,0,0,0,1,0,N,single,"axes text,title(s),caption(s),axes labels",0,1,1,1,0,1,0,0,0,0,1,6,1,3,1,"Diagram,Table",0,0,0,1,0,0,0,0,0,1,0,0,2
visMost519.png,155.png,43.5,0,1,0,0,0,1,I,multipanel,"title(s),caption(s),annotation(s)",0,0,0,1,1,1,0,0,0,0,1,9,8,13,1,"Text,Map,Distribution",0,0,0,0,1,0,0,1,0,0,1,0,3
v488_n7413_1_f1.png,156.png,72.6,0,0,0,1,0,1,S,multipanel,"axes labels,axes text,annotation(s),title(s)",0,1,1,1,1,0,0,0,0,0,0,5,10,2,5,"Title(s),Diagram,Area,Line,Distribution",1,0,0,1,1,0,1,0,0,0,0,0,4
v488_n7413_12_f5.png,157.png,66.5,0,0,0,1,1,0,S,single,"axes labels,axes text,annotation(s)",0,1,1,0,1,0,0,0,0,0,0,5,4,2,1,Line,0,0,0,0,0,0,1,0,0,0,0,0,1
v484_n7395_20_f2.png,158.png,52.7,0,0,0,1,0,1,S,multipanel,"title(s),axes labels,axes text,annotation(s)",0,1,1,1,1,0,0,0,0,0,0,3,4,4,8,"Distribution,Point,Bar,Line",0,1,0,0,1,0,1,0,1,0,0,0,4
v486_n7401_18_f4.png,159.png,64.1,0,0,0,1,0,1,S,multipanel,"axes labels,axes text,legend text,annotation(s),title(s)",0,1,1,1,1,0,1,0,0,0,0,7,7,8,10,"Bar,Distribution,Line",0,1,0,0,1,0,1,0,0,0,0,0,3
wsj61.png,160.png,31.1,1,0,0,0,0,1,N,multipanel,"legend text,axes text,axes labels,title(s),legend text,caption(s)",0,1,1,1,0,1,1,0,0,0,1,4,2,3,12,"Bar,Table",0,1,0,0,0,0,0,0,0,1,0,0,2
wsj75.png,161.png,75.5,1,0,0,0,0,1,N,multipanel,"title(s),annotation(s),caption(s),axes text,legend text",0,0,1,1,1,1,1,0,0,0,0,7,5,3,28,"Map,Distribution,Bar,Diagram,Line,Point",0,1,0,1,1,0,1,1,1,0,0,0,6
v488_n7412_1_f1.png,162.png,19.7,0,0,0,1,0,1,S,multipanel,"title(s),caption(s)",0,0,0,1,0,1,0,0,0,1,0,0,0,3,5,Trees & Networks,0,0,0,0,0,0,0,0,0,0,0,1,1
wsj259.png,163.png,61.5,1,0,0,0,1,0,N,single,"title(s),axes text,annotation(s),caption(s)",0,0,1,1,1,1,0,0,0,0,0,5,2,1,1,"Diagram,Circle,Line",0,0,1,1,0,0,1,0,0,0,0,0,3
v484_n7392_12_f3.png,164.png,68.5,0,0,0,1,0,1,S,multipanel,"title(s),axes labels,axes text,legend text,annotation(s)",0,1,1,1,1,0,1,0,0,0,0,10,4,4,12,"Bar,Line,Diagram,Point",0,1,0,1,0,0,1,0,1,0,0,0,4
economist_daily_chart_7.png,165.png,42.6,1,0,0,0,0,1,N,multipanel,"title(s),axes text,caption(s),annotation(s),legend text",0,0,1,1,1,1,1,0,0,0,1,4,4,3,4,"Bar,Map,Table",0,1,0,0,0,0,0,1,0,1,0,0,3
economist_daily_chart_324.png,166.png,22.1,1,0,0,0,1,0,N,single,"title(s),axes text,caption(s),legend text",0,0,1,1,0,1,1,0,0,0,1,5,1,2,1,Bar,0,1,0,0,0,0,0,0,0,0,0,0,1
economist_daily_chart_442.png,167.png,67,1,0,0,0,1,0,N,single,no text,1,0,0,0,0,0,0,0,0,0,1,4,0,0,1,Trees & Networks,0,0,0,0,0,0,0,0,0,0,0,1,1
v486_n7403_21_f3.png,168.png,71.2,0,0,0,1,0,1,S,multipanel,"axes text,title(s),annotation(s),axes labels",0,1,1,1,1,0,0,0,0,0,0,6,4,7,8,"Distribution,Diagram,Bar,Table",0,1,0,1,1,0,0,0,0,1,0,0,4
v482_n7386_18_f3.png,169.png,73.5,0,0,0,1,0,1,S,multipanel,"axes text,annotation(s),tile(s),axes labels",0,1,1,0,1,0,0,0,0,0,0,9,2,0,4,"Diagram,Bar,Distribution",0,1,0,1,1,0,0,0,0,0,0,0,3
visMost280.png,170.png,58.1,0,1,0,0,1,0,I,single,"title(s),annotation(s),caption(s)",0,0,0,1,1,1,0,0,0,0,1,7,1,2,4,Diagram,0,0,0,1,0,0,0,0,0,0,0,0,1
whoQ54_7.png,171.png,18.4,0,0,1,0,1,0,G,single,"legend text,axes text,title(s)",0,0,1,1,0,0,1,0,0,0,0,2,1,2,1,Bar,0,1,0,0,0,0,0,0,0,0,0,0,1
visMost294.png,172.png,47.8,0,1,0,0,0,1,I,multipanel,"title(s),legend text,axes text,caption(s),annotation(s)",0,0,1,1,1,1,1,0,0,0,0,9,8,8,6,"Diagram,Bar,Table",0,1,0,1,0,0,0,0,0,1,0,0,3
whoB27_1.png,173.png,44.1,0,0,1,0,1,0,G,single,"title(s),axes labels,axes text,caption(s),legend text",0,1,1,1,0,1,1,0,0,0,0,13,2,3,2,Bar,0,1,0,0,0,0,0,0,0,0,0,0,1
economist_daily_chart_456.png,174.png,59.7,1,0,0,0,0,1,N,multipanel,"axes text,axes labels,caption(s),title(s),annotation(s)",0,1,1,1,1,1,0,0,0,0,1,5,3,1,2,"Point,circle,Line,Area",1,0,0,0,0,0,1,0,1,0,0,0,3
v486_n7404_13_f2.png,175.png,33.4,0,0,0,1,0,1,S,multipanel,"axes text,legend text,title(s),annotation(s)",0,0,1,1,1,0,1,0,0,1,0,0,1,2,2,Bar,0,1,0,0,0,0,0,0,0,0,0,0,1
economist_daily_chart_330.png,176.png,16.3,1,0,0,0,1,0,N,single,"axes text,title(s),caption(s),legend text",0,0,1,1,0,1,1,0,0,0,1,4,1,2,1,Bar,0,1,0,0,0,0,0,0,0,0,0,0,1
economist_daily_chart_318.png,177.png,62.9,1,0,0,0,1,0,N,single,"axes text,title(s),annotation(s),caption(s)",0,0,1,1,1,1,0,0,0,0,0,2,0,2,1,Map,0,0,0,0,0,0,0,1,0,0,0,0,1
v487_n7405_13_f4.png,178.png,34,0,0,0,1,1,0,S,single,"axes text,title(s),caption(s),axes labels,text-only",0,1,1,1,0,1,0,0,1,1,0,0,3,2,1,Table,0,0,0,0,0,0,0,0,0,1,0,0,1
v489_n7416_4_f3.png,179.png,82.1,0,0,0,1,0,1,S,multipanel,"annotation(s),title(s)",0,0,0,1,1,0,0,0,0,0,0,10,3,3,5,Diagram,0,0,0,1,0,0,0,0,0,0,0,0,1
v483_n7388_21_f1.png,180.png,60.6,0,0,0,1,0,1,S,multipanel,"axes text,axes labels,annotation(s),legend text,title(s)",0,1,1,1,1,0,1,0,0,1,0,0,13,3,19,"Bar,Distribution",0,1,0,0,1,0,0,0,0,0,0,0,2
v485_n7396_19_f3.png,181.png,83.5,0,0,0,1,0,1,S,multipanel,"axes labels,axes text,title(s),legend text",0,1,1,1,0,0,1,0,0,0,0,10,6,3,11,"Diagram,Grid & Matrix,Distribution,Area,Table",1,0,0,1,1,1,0,0,0,1,0,0,5
v489_n7417_4_f3.png,182.png,82.7,0,0,0,1,0,1,S,multipanel,"annotation(s),title(s)",0,0,0,1,1,0,0,0,0,0,0,12,1,5,9,Diagram,0,0,0,1,0,0,0,0,0,0,0,0,1
v490_n7419_5_f2.png,183.png,74.2,0,0,0,1,0,1,S,multipanel,"axes labels,axes text,title(s),annotation(s)",0,1,1,1,1,0,0,0,0,0,0,7,4,2,14,"Line,Bar,Diagram",0,1,0,1,0,0,1,0,0,0,0,0,3
v489_n7416_11_f3.png,184.png,31,0,0,0,1,1,0,S,single,"axes labels,axes text,legend text,annotation(s)",0,1,1,0,1,0,1,0,0,1,0,0,2,1,1,Point,0,0,0,0,0,0,0,0,1,0,0,0,1
v490_n7419_5_f3.png,185.png,68.9,0,0,0,1,0,1,S,multipanel,"axes labels,axes text,title(s),annotation(s)",0,1,1,1,1,0,0,0,0,0,0,6,5,6,9,"Point,Line,Bar,Circle,Area,Table",1,1,1,0,0,0,1,0,1,1,0,0,6
v489_n7417_4_f2.png,186.png,68.5,0,0,0,1,0,1,S,multipanel,"axes labels,axes text,legend text,title(s)",0,1,1,1,0,0,1,0,0,0,0,6,4,2,8,Point,0,0,0,0,0,0,0,0,1,0,0,0,1
v485_n7396_19_f2.png,187.png,81,0,0,0,1,0,1,S,multipanel,"legend text,axes labels,axes text,title(s),annotation(s)",0,1,1,1,1,0,1,0,0,0,1,12,1,4,8,"Diagram,Bar",0,1,0,1,0,0,0,0,0,0,0,0,2
economist_daily_chart_319.png,188.png,23.8,1,0,0,0,1,0,N,single,"axes labels,title(s),caption(s)",0,1,0,1,0,1,0,0,0,0,0,6,1,2,1,Bar,0,1,0,0,0,0,0,0,0,0,0,0,1
v489_n7417_19_f4.png,189.png,69.6,0,0,0,1,0,1,S,multipanel,"legend text,axes labels,axes text,title(s)",0,1,1,1,0,0,1,0,0,0,0,6,5,4,9,"Point,Bar,Diagram,Distribution,Table",0,1,0,1,1,0,0,0,1,1,0,0,5
v489_n7416_4_f2.png,190.png,72.4,0,0,0,1,0,1,S,multipanel,annotation(s),0,0,0,0,1,0,0,0,0,0,0,10,1,2,5,Diagram,0,0,0,1,0,0,0,0,0,0,0,0,1
v487_n7405_13_f5.png,191.png,15.5,0,0,0,1,1,0,S,single,"axes text,caption(s),axes labels",0,1,1,0,0,1,0,0,0,1,0,0,1,7,1,Table,0,0,0,0,0,0,0,0,0,1,0,0,1
economist_daily_chart_457.png,192.png,23.1,1,0,0,0,1,0,N,single,"title(s),axes text,legend text,caption(s),annotation(s)",0,0,1,1,1,1,1,0,0,0,1,5,1,2,1,Bar,0,1,0,0,0,0,0,0,0,0,0,0,1
v485_n7398_26_f4.png,193.png,73.2,0,0,0,1,0,1,S,multipanel,"axes text,title(s),annotation(s),caption(s),axes labels",0,1,1,1,1,1,0,0,0,0,0,9,4,10,9,"Bar,Diagram",0,1,0,1,0,0,0,0,0,0,0,0,2
visMost295.png,194.png,44.4,0,1,0,0,0,1,I,multipanel,"title(s),annotation(s),caption(s),axes text,axes labels",0,1,1,1,1,1,0,0,0,0,1,11,3,6,9,"Diagram,Text,Table,Line,Text,Bar,Distribution",0,1,0,1,1,0,1,0,0,1,1,0,6
economist_daily_chart_331.png,195.png,13.2,1,0,0,0,1,0,N,single,"title(s),axes text,annotation(s),caption(s)",0,0,1,1,1,1,0,0,0,0,1,4,2,2,1,Bar,0,1,0,0,0,0,0,0,0,0,0,0,1
v486_n7404_13_f3.png,196.png,62.5,0,0,0,1,0,1,S,multipanel,"axes text,title(s),axes labels",0,1,1,1,0,0,0,0,0,1,0,0,1,1,6,"Bar,Diagram",0,1,0,1,0,0,0,0,0,0,0,0,2
v489_n7417_17_f1.png,197.png,79.3,0,0,0,1,0,1,S,multipanel,"axes labels,axes text,title(s)",0,1,1,1,0,0,0,0,0,0,0,1,3,2,5,"Point,Diagram,Distribution",0,0,0,1,1,0,0,0,1,0,0,0,3
v486_n7403_5_f1.png,198.png,69.4,0,0,0,1,0,1,S,multipanel,"title(s),axes text,annotation(s),axes labels",0,1,1,1,1,0,0,0,0,0,0,21,1,2,6,"Circle,Distribution,Tress & Networks",0,0,1,0,1,0,0,0,0,0,0,0,2
economist_daily_chart_325.png,199.png,18.7,1,0,0,0,1,0,N,single,"title(s),axes text,annotation(s),caption(s)",0,0,1,1,1,1,0,0,0,0,1,3,2,1,1,Bar,0,1,0,0,0,0,0,0,0,0,0,0,1
economist_daily_chart_6.png,200.png,19.6,1,0,0,0,1,0,N,single,"axes text,title(s),caption(s),legend text,annotation(s)",0,0,1,1,1,1,1,0,0,0,0,4,2,2,1,Bar,0,1,0,0,0,0,0,0,0,0,0,0,1
v483_n7387_16_f1.png,201.png,45,0,0,0,1,0,1,S,multipanel,"axes labels,axes text,annotation(s),title(s),legend text",0,1,1,1,1,0,1,0,0,1,0,0,5,1,6,"Line,Point,Bar,Distribution",0,1,0,0,1,0,1,0,1,0,0,0,4
visMost281.png,202.png,51.5,0,1,0,0,1,0,I,single,"legend text,legend title,axes labels,axes text,title(s),caption(s)",0,1,1,1,0,1,1,1,0,0,0,12,2,1,1,"Diagram,Circle,Area",1,0,1,1,0,0,0,0,0,0,0,0,3
v482_n7386_18_f2.png,203.png,82,0,0,0,1,0,1,S,multipanel,"axes labels,axes text,legend text,title(s),annotation(s)",0,1,1,1,1,0,1,0,0,0,0,8,2,9,5,"Distribution,Bar,Diagram,Table",0,1,0,1,1,0,0,0,0,1,0,0,4
v486_n7403_21_f2.png,204.png,78.8,0,0,0,1,0,1,S,multipanel,"legend text,axes labels,axes text,title(s),annotation(s)",0,1,1,1,1,0,1,0,0,0,0,5,4,1,3,"Point,Distribution,Bar",0,1,0,0,1,0,0,0,1,0,0,0,3
economist_daily_chart_443.png,205.png,18.2,1,0,0,0,1,0,N,single,"title(s),caption(s),axes text",0,0,1,1,0,1,0,0,0,0,1,3,1,1,1,Bar,0,1,0,0,0,0,0,0,0,0,0,0,1
wsj258.png,206.png,36,1,0,0,0,0,1,N,multipanel,"title(s),axes text,axes labels,annotation(s),caption(s)",0,1,1,1,1,1,0,0,0,0,1,3,3,2,3,"Table,Bar,Line",0,1,0,0,0,0,1,0,0,1,0,0,3
v482_n7386_7_f4.png,207.png,79.6,0,0,0,1,0,1,S,multipanel,"axes labels,axes text,legend text,title(s),annotation(s)",0,1,1,1,1,0,1,0,0,0,0,5,2,2,2,"Point,Diagram,Line",0,0,0,1,0,0,1,0,1,0,0,0,3
wsj74.png,208.png,54.3,1,0,0,0,0,1,N,multipanel,"legend text,annotation(s),axes text,caption(s)",0,0,1,0,1,1,1,0,0,0,1,7,1,2,1,"Map,Bar",0,1,0,0,0,0,0,1,0,0,0,0,2
vis459.png,209.png,39.2,0,1,0,0,0,1,I,multipanel,"axes text,title(s),caption(s),annotation(s)",0,0,1,1,1,1,0,0,0,0,0,9,3,3,3,"Bar,Area,Circle",1,1,1,0,0,0,0,0,0,0,0,0,3
visMost518.png,210.png,35.7,0,1,0,0,0,1,I,multipanel,"legend text,legend title,caption(s),annotation(s),title(s),axes text,axes labels",0,1,1,1,1,1,1,1,0,0,1,14,6,4,15,"Bar,Line,Circle,Diagram,Table",0,1,1,1,0,0,1,0,0,1,0,0,5
v490_n7418_20_f1.png,211.png,32,0,0,0,1,1,0,S,single,"axes text,legend text,legend title,axes labels",0,1,1,0,0,0,1,1,0,0,0,3,1,2,1,Bar,0,1,0,0,0,0,0,0,0,0,0,0,1
wsj60.png,212.png,24,1,0,0,0,1,0,N,single,"title(s),axes text,annotation(s),caption(s)",0,0,1,1,1,1,0,0,0,0,1,4,2,1,1,"Line,Area",1,0,0,0,0,0,1,0,0,0,0,0,2
v484_n7395_20_f3.png,213.png,57.1,0,0,0,1,0,1,S,multipanel,"axes labels,axes text,annoation(s),title(s)",0,1,1,1,0,0,0,0,0,0,0,6,2,2,6,"Diagram,Line",0,0,0,1,0,0,1,0,0,0,0,0,2
wsj48.png,214.png,33.1,1,0,0,0,1,0,N,single,"annotation(s),title(s),caption(s),legend text",0,0,0,1,1,1,1,0,0,0,1,6,1,4,1,Map,0,0,0,0,0,0,0,1,0,0,0,0,1
visMost256.png,215.png,65.4,0,1,0,0,0,1,I,multipanel,"axes labels,axes text,annotation(s),caption(s),title(s)",0,1,1,1,1,1,0,0,0,0,1,3,9,5,1,"Grid & Matrix,Bar,Table,Circle,Distribution,Text",0,1,1,0,1,1,0,0,0,1,1,0,6
whoO15.png,216.png,17.3,0,0,1,0,1,0,G,single,"title(s),axes text,legend text,axes labels",0,1,1,1,0,0,1,0,0,0,1,2,1,2,1,Bar,0,1,0,0,0,0,0,0,0,0,0,0,1
vis303.png,217.png,49.5,0,1,0,0,0,1,I,multipanel,"title(s),axes text,annotation(s),caption(s),title(s)",0,0,1,1,1,1,0,0,0,0,1,10,3,3,3,"Circle,Bar,Distribution",0,1,1,0,1,0,0,0,0,0,0,0,3
wsj264.png,218.png,27.8,1,0,0,0,1,0,N,single,"axes text,title(s),caption(s)",0,0,1,1,0,1,0,0,0,0,1,8,2,0,1,Bar,0,1,0,0,0,0,0,0,0,0,0,0,1
economist_daily_chart_494.png,219.png,16.3,1,0,0,0,1,0,N,single,"axes text,title(s),caption(s)",0,0,1,1,0,1,0,0,0,0,1,3,2,0,1,Line,0,0,0,0,0,0,1,0,0,0,0,0,1
wsj502.png,220.png,25.9,1,0,0,0,1,0,N,single,"title(s),annotation(s),caption(s)",0,0,0,1,1,1,0,0,0,0,1,5,2,2,1,Map,0,0,0,0,0,0,0,1,0,0,0,0,1
vis465.png,221.png,64.5,0,1,0,0,0,1,I,multipanel,"axes labels,axes text,title(s),caption(s),annotation(s)",0,1,1,1,1,1,0,0,0,0,1,6,2,6,4,"Table,Bar",0,1,0,0,0,0,0,0,0,1,0,0,2
visMost530.png,222.png,53.4,0,1,0,0,0,1,I,multipanel,"annotation(s),caption(s),title(s),legend text",0,0,0,1,1,1,1,0,0,0,1,5,3,6,2,Diagram,0,0,0,1,0,0,0,0,0,0,0,0,1
vis471.png,223.png,52.2,0,1,0,0,0,1,I,multipanel,"title(s),axes text,legend text,legend title,caption(s),annotation(s)",0,0,1,1,1,1,1,1,0,0,1,10,2,5,5,"Map,Bar,Distribution,Diagram",0,1,0,1,1,0,0,1,0,0,0,0,4
visMost524.png,224.png,72.8,0,1,0,0,1,0,I,single,"title(s),axes text,caption(s),annotation(s)",0,0,1,1,1,1,0,0,0,0,1,12,1,2,1,Diagram,0,0,0,1,0,0,0,0,0,0,0,0,1
wsj516.png,225.png,20.3,1,0,0,0,0,1,N,multipanel,"axes labels,axes text,title(s),caption(s),annotation(s),legend text",0,1,1,1,1,1,1,0,0,0,1,6,3,2,9,"Table,Circle,Area,Text",1,0,1,0,0,0,0,0,0,1,1,0,4
wsj270.png,226.png,26.7,1,0,0,0,1,0,N,single,"legend text,axes text,title(s),annotation(s),caption(s)",0,0,1,1,1,1,1,0,0,0,1,6,2,1,1,Line,0,0,0,0,0,0,1,0,0,0,0,0,1
economist_daily_chart_480.png,227.png,21,1,0,0,0,1,0,N,single,"title(s),legend text,axes text,caption(s)",0,0,1,1,0,1,1,0,0,0,1,4,2,1,1,"Bar,Line",0,1,0,0,0,0,1,0,0,0,0,0,2
visMost242.png,228.png,67.3,0,1,0,0,0,1,I,multipanel,"title(s),caption(s),annotation(s),axes text",0,0,1,1,1,1,0,0,0,0,1,8,1,4,4,"Diagram,Table",0,0,0,1,0,0,0,0,0,1,0,0,2
whoO01.png,229.png,32.2,0,0,1,0,1,0,G,single,"caption(s),title(s),caption(s)",0,0,0,1,0,1,0,0,0,0,1,3,0,4,1,Trees & Networks,0,0,0,0,0,0,0,0,0,0,0,1,1
vis317.png,230.png,76.3,0,1,0,0,0,1,I,multipanel,"title(s),annotation(s),caption(s),axes text",0,0,1,1,1,1,0,0,0,0,1,8,15,4,6,"Diagram,Map,Tabe",0,0,0,1,0,0,0,1,0,0,0,0,2
vis698.png,231.png,48.7,0,1,0,0,0,1,I,multipanel,"axes text,title(s),annotation(s),caption(s),axes labels,legend text,legend title",0,1,1,1,1,1,1,1,0,0,1,3,3,1,3,"Bar,Line,Map,Circle,Area",1,1,1,0,0,0,1,1,0,0,0,0,5
vis840.png,232.png,31.8,0,1,0,0,0,1,I,multipanel,"legend text,caption(s),title(s),annotation(s),axes text,axes labels",0,1,1,1,1,1,1,0,0,0,1,3,9,4,8,"Text,Table,Circle,Area,Bar",1,1,1,0,0,0,0,0,0,1,1,0,5
v484_n7395_16_f2.png,233.png,66.8,0,0,0,1,0,1,S,multipanel,"axes labels,axes text,title(s),annotation(s)",0,1,1,1,1,0,0,0,0,0,0,4,7,3,7,"Line,Point,Area,Distribution",1,0,0,0,1,0,1,0,1,0,0,0,4
v485_n7396_1_f5.png,234.png,68.1,0,0,0,1,0,1,S,multipanel,"axes labels,axes text,title(s),annotation(s)",0,1,1,1,1,0,0,0,0,0,0,8,5,7,8,"Bar,Point,Distribution,Diagram",0,1,0,1,1,0,0,0,1,0,0,0,4
whoC24.png,235.png,29.2,0,0,1,0,0,1,G,multipanel,"title(s),legend text,axes text,axes labels,caption(s)",0,1,1,1,0,1,1,0,0,0,0,3,2,1,1,Bar,0,1,0,0,0,0,0,0,0,0,0,0,1
v485_n7397_1_f5.png,236.png,68.2,0,0,0,1,0,1,S,multipanel,"axes text,legend text,axes labels,title(s)",0,1,1,1,0,0,1,0,0,0,0,2,2,5,4,"Line,Distribution,Table",0,0,0,0,1,0,1,0,0,1,0,0,3
vis854.png,237.png,49.8,0,1,0,0,0,1,I,multipanel,"axes text,title(s),annotation(s),caption(s)",0,0,1,1,1,1,0,0,0,0,1,5,7,4,7,"Text,Circle,Area,Bar",1,1,1,0,0,0,0,0,0,0,1,0,4
economist_daily_chart_133.png,238.png,31.1,1,0,0,0,0,1,N,multipanel,"title(s),axes text,annotation(s),caption(s)",0,0,1,1,1,1,0,0,0,0,1,4,4,1,2,"Line,Bar",0,1,0,0,0,0,1,0,0,0,0,0,2
whoQ56_4.png,239.png,17.9,0,0,1,0,1,0,G,single,"title(s),axes labels,axes text,legend text",0,1,1,1,0,0,1,0,0,0,0,4,2,1,1,Area,1,0,0,0,0,0,0,0,0,0,0,0,1
whoB25_2.png,240.png,38.8,0,0,1,0,1,0,G,single,"title(s),axes text,axes labels,annotation(s),legend text,caption(s)",0,1,1,1,1,1,1,0,0,0,0,3,2,2,1,Point,0,0,0,0,0,0,0,0,1,0,0,0,1
v489_n7415_16_f2.png,241.png,67.1,0,0,0,1,0,1,S,multipanel,"axes labels,axes text,title(s),annotation(s)",0,1,1,1,1,0,0,0,0,0,0,6,4,8,15,"Distribution,Bar,Table",0,1,0,0,1,0,0,0,0,1,0,0,3
whoB03_1.png,242.png,26.6,0,0,1,0,1,0,G,single,"axes text,title(s),caption(s),legend text,axes labels",0,1,1,1,0,1,1,0,0,0,0,4,2,1,1,Bar,0,1,0,0,0,0,0,0,0,0,0,0,1
whoC18.png,243.png,19.2,0,0,1,0,0,1,G,multipanel,"title(s),legend text,legend title",0,0,0,1,0,0,1,1,0,0,0,4,1,0,1,Map,0,0,0,0,0,0,0,1,0,0,0,0,1
whoJ40_1.png,244.png,31.9,0,0,1,0,1,0,G,single,"axes text,legend text,caption(s),title(s),axes labels",0,1,1,1,0,1,1,0,0,0,0,3,1,2,1,Bar,0,1,0,0,0,0,0,0,0,0,0,0,1
vis868.png,245.png,48.3,0,1,0,0,0,1,I,multipanel,"title(s),annotation(s),caption(s),axes text",0,0,1,1,1,1,0,0,0,0,1,5,10,6,12,"Bar,Distribution,Area,Text,Map",1,1,0,0,1,0,0,1,0,0,1,0,5
v486_n7401_20_f1.png,246.png,68.5,0,0,0,1,0,1,S,multipanel,"axes labels,axes text,title(s),annotation(s)",0,1,1,1,1,0,0,0,0,0,0,15,3,3,6,"Line,Diagram",0,0,0,1,0,0,1,0,0,0,0,0,2
economist_daily_chart_127.png,247.png,59.5,1,0,0,0,1,0,N,single,"axes labels,axes text,title(s),legend text,annotation(s),caption(s)",0,1,1,1,1,1,1,0,0,0,0,8,2,2,1,Point,0,0,0,0,0,0,0,0,1,0,0,0,1
whoN29_1.png,248.png,20.6,0,0,1,0,1,0,G,single,"title(s),axes text,axes labels,text-only",0,1,1,1,0,0,0,0,1,0,1,3,1,3,1,Table,0,0,0,0,0,0,0,0,0,1,0,0,1
vis883.png,249.png,55.6,0,1,0,0,0,1,I,multipanel,"legend text,caption(s),annotation(s),title(s)",0,0,0,1,1,1,1,0,0,0,1,4,6,6,7,"Bar,Text,Distribution",0,1,0,0,1,0,0,0,0,0,1,0,3
v485_n7397_27_f4.png,250.png,53.1,0,0,0,1,0,1,S,multipanel,"title(s),axes text,axes labels,legend text",0,1,1,1,0,0,1,0,0,0,0,12,4,3,2,"Distribution,Point,Grid & Matrix",0,0,0,0,1,1,0,0,1,0,0,0,3
vis129.png,251.png,60.2,0,1,0,0,0,1,I,multipanel,"title(s),annotation(s),caption(s),legend axes",0,0,0,1,1,1,0,0,0,0,1,4,3,4,6,"Diagram,Table",0,0,0,1,0,0,0,0,0,1,0,0,2
v483_n7388_17_f1.png,252.png,70.5,0,0,0,1,0,1,S,multipanel,"axes labels,axes text,legend text,annotation(s),title(s)",0,1,1,1,1,0,1,0,0,0,0,2,5,4,8,"Point,Diagram,Bar",0,1,0,1,0,0,0,0,1,0,0,0,3
v483_n7391_9_f3.png,253.png,59.5,0,0,0,1,0,1,S,multipanel,"axes labels,axes text,legend text,title(s)",0,1,1,1,0,0,1,0,0,0,0,1,4,2,5,"Line,Point,Diagram",0,0,0,1,0,0,1,0,1,0,0,0,3
vis897.png,254.png,60.1,0,1,0,0,0,1,I,multipanel,"axes text,title(s),annotation(s),caption(s)",0,0,1,1,1,1,0,0,0,0,1,12,10,10,13,"Diagram,Bar,Circle,Distribution,Table,Map",0,1,1,1,1,0,0,1,0,1,0,0,6
visMost732.png,255.png,41.2,0,1,0,0,0,1,I,multipanel,"title(s),annotation(s),caption(s),legend title,legend text",0,0,0,1,1,1,1,1,0,0,1,12,9,3,9,"Map,Text,Diagram",0,0,0,1,0,0,0,1,0,0,1,0,3
vis667.png,256.png,34,0,1,0,0,0,1,I,multipanel,"axes labels,axes text,title(s),annotation(s),caption(s)",0,1,1,1,1,1,0,0,0,0,1,9,3,2,4,"Diagram,Bar,Distribution,Area",1,1,0,1,1,0,0,0,0,0,0,0,4
v489_n7414_9_f5.png,257.png,65,0,0,0,1,0,1,S,multipanel,"axes labels,axes text,annotation(s),legend text,title(s)",0,1,1,1,1,0,1,0,0,0,0,3,6,3,9,"Distribution,Line",0,0,0,0,1,0,1,0,0,0,0,0,2
v486_n7403_17_f3.png,258.png,77.8,0,0,0,1,0,1,S,multipanel,"axes text,legend text,title(s),annotation(s),legend title",0,0,1,1,1,0,1,1,0,0,0,9,1,3,2,"Grid & Matrix,Trees & Networks,Circle,Area",1,0,1,0,0,1,0,0,0,0,0,1,4
vis101.png,259.png,49.1,0,1,0,0,0,1,I,multipanel,"title(s),caption(s),annotation(s),axes text,axes labels",0,1,1,1,1,1,0,0,0,0,1,6,5,3,5,"Table,Diagram,Bar",0,1,0,1,0,0,0,0,0,1,0,0,3
v485_n7399_18_f2.png,260.png,76,0,0,0,1,0,1,S,multipanel,"axes text,axes labels,title(s),legend text",0,1,1,1,0,0,1,0,0,0,0,7,1,9,14,"Diagram,Map,Distribution,Bar,Table",0,1,0,1,1,0,0,1,0,1,0,0,5
vis115.png,261.png,67.9,0,1,0,0,0,1,I,multipanel,"title(s),caption(s),annotation(s),axes text,axes labels",0,1,1,1,1,1,0,0,0,0,1,6,10,6,1,"Bar,Table",0,1,0,0,0,0,0,0,0,1,0,0,2
whoM03.png,262.png,29.1,0,0,1,0,1,0,G,single,"title(s),axes text,axes labels,text-only",0,1,1,1,0,0,0,0,1,1,0,0,0,5,1,Table,0,0,0,0,0,0,0,0,0,1,0,0,1
visMost726.png,263.png,31.9,0,1,0,0,0,1,I,multipanel,"title(s),annotation(s),caption(s),axes text",0,0,1,1,1,1,0,0,0,0,1,1,4,5,9,"Circle,Area,Bar,Table",1,1,1,0,0,0,0,0,0,1,0,0,4
whoQ28_2.png,264.png,11.3,0,0,1,0,1,0,G,single,"axes labels,axes text,title(s),caption(s)",0,1,1,1,0,1,0,0,0,0,0,2,1,2,1,Bar,0,1,0,0,0,0,0,0,0,0,0,0,1
v483_n7389_11_f3.png,265.png,60.7,0,0,0,1,1,0,S,single,"title(s),annotation(s)",0,0,0,1,1,0,0,0,0,0,0,6,0,3,5,Diagram,0,0,0,1,0,0,0,0,0,0,0,0,1
vis673.png,266.png,75.2,0,1,0,0,1,0,I,single,"legend text,caption(s),title(s),axes text",0,0,1,1,0,1,1,0,0,0,1,6,0,2,2,"Trees & Networks,Table",0,0,0,0,0,0,0,0,0,1,0,1,2
vis934.png,267.png,33.1,0,1,0,0,1,0,I,single,"title(s),annotation(s),caption(s),axes text",0,0,1,1,1,1,0,0,0,0,1,3,6,3,9,"Text,Table",0,0,0,0,0,0,0,0,0,1,1,0,2
v487_n7406_18_f4.png,268.png,73.2,0,0,0,1,0,1,S,multipanel,"axes labels,axes text",0,1,1,0,0,0,0,0,0,0,0,8,4,2,8,"Diagram,Bar,Distribution",0,1,0,1,1,0,0,0,0,0,0,0,3
v489_n7414_12_f5.png,269.png,72.6,0,0,0,1,0,1,S,multipanel,"legend text,annotation(s),title(s)",0,0,0,1,1,0,1,0,0,0,0,12,0,4,7,Diagram,0,0,0,1,0,0,0,0,0,0,0,0,1
whoN32_2.png,270.png,11.2,0,0,1,0,1,0,G,single,"title(s),axes labels,axes text",0,1,1,1,0,0,0,0,0,0,0,1,2,0,1,Bar,0,1,0,0,0,0,0,0,0,0,0,0,1
v487_n7407_10_f3.png,271.png,44.8,0,0,0,1,0,1,S,multipanel,"axes labels,axes text,annotation(s),legend text",0,1,1,0,1,0,1,0,0,0,0,3,3,0,2,Point,0,0,0,0,0,0,0,0,1,0,0,0,1
vis920.png,272.png,75.5,0,1,0,0,0,1,I,multipanel,"axes labels,axes text,title(s),annotation(s),caption(s),legend text,legend title",0,1,1,1,1,1,1,1,0,0,1,2,5,4,9,"Distribution,Circle,Bar,Map,Table",0,1,1,0,1,0,0,1,0,1,0,0,5
vis908.png,273.png,41,0,1,0,0,0,1,I,multipanel,"axes text,title(s),annotation(s),caption(s)",0,0,1,1,1,1,0,0,0,0,1,10,10,4,9,"Point,Text,Circle",0,0,1,0,0,0,0,0,1,0,1,0,3
visMost685.png,274.png,67,0,1,0,0,0,1,I,multipanel,"legend text,axes text,title(s),caption(s)",0,0,1,1,0,1,1,0,0,0,1,11,2,3,27,"Map,Line,Bar,Distribution",0,1,0,0,1,0,1,1,0,0,0,0,4
v487_n7405_1_f4.png,275.png,76,0,0,0,1,0,1,S,multipanel,"axes labels,axes text,title(s),annotation(s),title(s)",0,1,1,1,1,0,0,0,0,0,0,6,2,4,9,"Diagram,Line",0,0,0,1,0,0,1,0,0,0,0,0,2
v488_n7412_20_f2.png,276.png,68.3,0,0,0,1,0,1,S,multipanel,"legend text,axes labels,axes text,title(s)",0,1,1,1,0,0,1,0,0,0,0,4,4,5,7,"Point,Distribution,Map",0,0,0,0,1,0,0,1,1,0,0,0,3
economist_daily_chart_43.png,277.png,32.4,1,0,0,0,0,1,N,multipanel,"title(s),axes text,caption(s),legend text",0,0,1,1,0,1,1,0,0,0,1,10,3,1,2,"Line,Area",1,0,0,0,0,0,1,0,0,0,0,0,2
whoQ15_2.png,278.png,27,0,0,1,0,1,0,G,single,"axes labels,axes text,title(s),legend text,caption(s)",0,1,1,1,0,1,1,0,0,0,1,3,2,1,1,Point,0,0,0,0,0,0,0,0,1,0,0,0,1
economist_daily_chart_57.png,279.png,24.1,1,0,0,0,1,0,N,single,"axes text,annotation(s),title(s),caption(s)",0,0,1,1,1,1,0,0,0,0,0,3,2,0,1,Line,0,0,0,0,0,0,1,0,0,0,0,0,1
v484_n7393_20_f4.png,280.png,51,0,0,0,1,1,0,S,single,"axes text,annotation(s)",0,0,1,0,1,0,0,0,0,0,0,8,0,1,1,Diagram,0,0,0,1,0,0,0,0,0,0,0,0,1
whoQ50_2.png,281.png,22.1,0,0,1,0,1,0,G,single,"title(s),axes text",0,0,1,1,0,0,0,0,0,0,0,1,1,1,1,Bar,0,1,0,0,0,0,0,0,0,0,0,0,1
visMost691.png,282.png,50.3,0,1,0,0,0,1,I,multipanel,"title(s),caption(s),axes text,annotation(s)",0,0,1,1,1,1,0,0,0,0,1,10,0,1,1,Trees & Networks,0,0,0,0,0,0,0,0,0,0,0,1,1
v487_n7406_16_f1.png,283.png,75.7,0,0,0,1,1,0,S,single,"axes labels,axes text,legend text,title(s)",0,1,1,1,0,0,1,0,0,0,0,16,0,5,1,Grid & Matrix,0,0,0,0,0,1,0,0,0,0,0,0,1
v489_n7415_5_f5.png,284.png,47.3,0,0,0,1,0,1,S,multipanel,"axes text,axes labels,title(s)",0,1,1,1,0,0,0,0,0,0,0,4,2,1,2,Bar,0,1,0,0,0,0,0,0,0,0,0,0,1
v487_n7408_7_f3.png,285.png,64.5,0,0,0,1,0,1,S,multipanel,"axes labels,axes text,legend text,legend title,annotation(s)",0,1,1,0,1,0,1,1,0,0,0,3,4,0,2,"Line,Point",0,0,0,0,0,0,1,0,1,0,0,0,2
v484_n7393_6_f2.png,286.png,49.7,0,0,0,1,0,1,S,multipanel,"axes labels,axes text,legend text,title(s)",0,1,1,1,0,0,1,0,0,0,0,3,3,0,2,Point,0,0,0,0,0,0,0,0,1,0,0,0,1
v483_n7391_17_f2.png,287.png,68.3,0,0,0,1,0,1,S,multipanel,"axes labels,axes text,legend text,title(s)",0,1,1,1,0,0,1,0,0,1,0,0,8,4,7,"Line,Point,Distribution,Bar,Table",0,1,0,0,1,0,1,0,1,1,0,0,5
v485_n7397_25_f1.png,288.png,82.3,0,0,0,1,0,1,S,multipanel,"title(s),axes text,axes labels,annotation(s)",0,1,1,1,1,0,0,0,0,0,0,11,5,4,5,"Grid & Matrix,Diagram,Table,Distribution",0,0,0,1,1,1,0,0,0,1,0,0,4
v489_n7414_5_f5.png,289.png,75,0,0,0,1,1,0,S,single,"axes labels,axes text,title(s),legend text,caption(s)",0,1,1,1,0,1,1,0,0,0,0,2,1,2,1,Grid & Matrix,0,0,0,0,0,1,0,0,0,0,0,0,1
visMost108.png,290.png,28.4,0,1,0,0,1,0,I,single,"title(s),caption(s),annotation(s),legend title,legend text",0,0,0,1,1,1,1,1,0,0,1,25,1,1,1,Circle,0,0,1,0,0,0,0,0,0,0,0,0,1
visMost13.png,291.png,39,0,1,0,0,0,1,I,multipanel,"title(s),axes text,axes labels,caption(s),annotation(s)",0,1,1,1,1,1,0,0,0,0,1,12,5,5,5,"Circle,Bar,Text,Area,Table,Diagram",1,1,1,1,0,0,0,0,0,1,1,0,6
v483_n7388_15_f4.png,292.png,71.9,0,0,0,1,0,1,S,multipanel,"title(s),axes text,axes labels,annotation(s),legend text",0,1,1,1,1,0,1,0,0,1,0,3,3,4,5,Bar,0,1,0,0,0,0,0,0,0,0,0,0,1
v488_n7411_11_f2.png,293.png,68,0,0,0,1,0,1,S,multipanel,"title(s),axes text,axes labels,legend text",0,1,1,1,0,0,1,0,0,0,0,10,6,2,4,"Point,Map,Distribution",0,0,0,0,1,0,0,1,1,0,0,0,3
vis713.png,294.png,33.6,0,1,0,0,0,1,I,multipanel,"title(s),annotation(s),caption(s),axes text,axes labels",0,1,1,1,1,1,0,0,0,0,1,3,0,2,2,Table,0,0,0,0,0,0,0,0,0,1,0,0,1
whoK05.png,295.png,41.5,0,0,1,0,1,0,G,single,"title(s),axes labels,axes text,annotation(s),caption(s),legend text",0,1,1,1,1,1,1,0,0,0,0,4,2,2,1,"Bar,Line,Distribution",0,1,0,0,1,0,1,0,0,0,0,0,3
visMost646.png,296.png,40.4,0,1,0,0,0,1,I,multipanel,"title(s),annotation(s),caption(s),axes text",0,0,1,1,1,1,0,0,0,0,1,18,4,4,7,"Diagram,Bar,Table,Text",0,1,0,1,0,0,0,0,0,1,1,0,4
v485_n7396_23_f3.png,297.png,72.5,0,0,0,1,0,1,S,multipanel,"axes labels,axes text,title(s),annotation(s),legend text",0,1,1,1,1,0,1,0,0,1,0,15,5,6,13,"Bar,Diagram",0,1,0,1,0,0,0,0,0,0,0,0,2
treasuryD07_3.png,298.png,13.7,0,0,1,0,1,0,G,single,"axes text,title(s),caption(s),text-only,axes labels",0,1,1,1,0,1,0,0,1,1,0,1,2,1,1,Table,0,0,0,0,0,0,0,0,0,1,0,0,1
wsj112.png,299.png,22.5,1,0,0,0,1,0,N,single,"title(s),annotation(s),caption(s)",0,0,0,1,1,1,0,0,0,0,1,5,1,1,1,Map,0,0,0,0,0,0,0,1,0,0,0,0,1
economist_daily_chart_80.png,300.png,28.8,1,0,0,0,1,0,N,single,"title(s),annotation(s),caption(s)",0,0,0,1,1,1,0,0,0,0,0,5,1,1,1,Map,0,0,0,0,0,0,0,1,0,0,0,0,1
v483_n7391_5_f3.png,301.png,80.3,0,0,0,1,0,1,S,multipanel,"title(s),axes labels,axes text,annotation(s),legend text",0,1,1,1,1,0,1,0,0,0,0,8,4,4,4,"Grid & Matrix,Point",0,0,0,0,0,1,0,0,1,0,0,0,2
visMost120.png,302.png,22.5,0,1,0,0,1,0,I,single,"title(s),annotation(s),caption(s)",0,0,0,1,1,1,0,0,0,0,1,16,0,0,1,Diagram,0,0,0,1,0,0,0,0,0,0,0,0,1
v484_n7395_2_f3.png,303.png,79.9,0,0,0,1,0,1,S,multipanel,"axes labels,axes text,title(s),annotation(s),caption(s)",0,1,1,1,1,1,0,0,0,0,0,14,2,1,11,"Diagram,Point",0,0,0,1,0,0,0,0,1,0,0,0,2
visMost134.png,304.png,1.7,0,1,0,0,1,0,I,single,"title(s),axes text,annotation(s),caption(s)",0,0,1,1,1,1,0,0,0,0,1,10,1,2,1,Diagram,0,0,0,1,0,0,0,0,0,0,0,0,1
whoJ38_1.png,305.png,15.1,0,0,1,0,1,0,G,single,"title(s),caption(s),text-only,axes text,axes labels",0,1,1,1,0,1,0,0,1,0,0,1,2,1,1,Distribution,0,0,0,0,1,0,0,0,0,0,0,0,1
wsj106.png,306.png,43.9,1,0,0,0,1,0,N,single,"title(s),axes text,axes labels,annotation(s),caption(s)",0,1,1,1,1,1,0,0,0,0,1,8,3,3,1,"Line,Area",1,0,0,0,0,0,1,0,0,0,0,0,2
economist_daily_chart_94.png,307.png,31,1,0,0,0,0,1,N,multipanel,"title(s),axes text,annotation(s),caption(s),legend text",0,0,1,1,1,1,1,0,0,0,1,3,5,2,2,Bar,0,1,0,0,0,0,0,0,0,0,0,0,1
v484_n7394_2_f3.png,308.png,70,0,0,0,1,0,1,S,multipanel,"title(s),axes labels,axes text,legend text,annotation(s)",0,1,1,1,1,0,1,0,0,1,0,6,4,3,9,"Bar,Line,Distribution",0,1,0,0,1,0,1,0,0,0,0,0,3
vis707.png,309.png,30.5,0,1,0,0,0,1,I,multipanel,"title(s),annotation(s),caption(s)",0,0,0,1,1,1,0,0,0,0,1,5,7,1,1,Text,0,0,0,0,0,0,0,0,0,0,1,0,1
whoK11.png,310.png,31.4,0,0,1,0,1,0,G,single,"axes text,title(s),annotation(s),caption(s),legend text",0,0,1,1,1,1,1,0,0,0,1,4,2,1,1,Bar,0,1,0,0,0,0,0,0,0,0,0,0,1
v483_n7390_5_f3.png,311.png,79.5,0,0,0,1,0,1,S,multipanel,"title(s),axes text,axes labels,annotation(s),legend text",0,1,1,1,1,0,1,0,0,0,0,3,5,2,4,"Line,Diagram",0,0,0,1,0,0,1,0,0,0,0,0,2
visMost652.png,312.png,16.3,0,1,0,0,1,0,I,single,"title(s),annotation(s),caption(s),axes text",0,0,1,1,1,1,0,0,0,0,1,3,0,1,1,Table,0,0,0,0,0,0,0,0,0,1,0,0,1
vis288.png,313.png,22,0,1,0,0,1,0,I,single,"title(s),annotation(s),caption(s)",0,0,0,1,1,1,0,0,0,0,1,8,1,2,2,Diagram,0,0,0,1,0,0,0,0,0,0,0,0,1
v486_n7403_9_f1.png,314.png,87.3,0,0,0,1,0,1,S,multipanel,"title(s),axes labels,axes text,annotation(s)",0,1,1,1,1,0,0,0,0,1,0,5,3,6,3,"Diagram,Line,Distribution,Table",0,0,0,1,1,0,1,0,0,1,0,0,4
treasuryA3.png,315.png,35.5,0,0,1,0,0,1,G,multipanel,"title(s),axes text,annotation(s),caption(s)",0,0,1,1,1,1,0,0,0,0,0,8,5,0,4,"Line,Area",1,0,0,0,0,0,1,0,0,0,0,0,2
v485_n7399_22_f3.png,316.png,81.5,0,0,0,1,0,1,S,multipanel,"title(s),annotation(s)",0,0,0,1,1,0,0,0,0,0,0,5,0,2,2,Diagram,0,0,0,1,0,0,0,0,0,0,0,0,1
wsj489.png,317.png,39.2,1,0,0,0,0,1,N,multipanel,"title(s),annotation(s),legend title,legend text",0,0,0,1,1,0,1,1,0,0,1,6,0,1,1,Map,0,0,0,0,0,0,0,1,0,0,0,0,1
whoP11.png,318.png,61.8,0,0,1,0,1,0,G,single,"title(s),annotation(s)",0,0,0,1,1,0,0,0,0,1,0,2,0,1,1,Diagram,0,0,0,1,0,0,0,0,0,0,0,0,1
economist_daily_chart_279.png,319.png,24.8,1,0,0,0,0,1,N,multipanel,"title(s),axes text,caption(s)",0,0,1,1,0,1,0,0,0,0,1,3,3,2,2,Bar,0,1,0,0,0,0,0,0,0,0,0,0,1
v482_n7386_14_f2.png,320.png,74,0,0,0,1,0,1,S,multipanel,"title(s),annotation(s),axes text,axes labels",0,1,1,1,1,0,0,0,0,1,0,2,2,6,10,"Diagram,Distribution",0,0,0,1,1,0,0,0,0,0,0,0,2
v483_n7391_21_f3.png,321.png,74.9,0,0,0,1,0,1,S,multipanel,"title(s),axes labels,axes text,annotation(s),legend text",0,1,1,1,1,0,1,0,0,0,0,6,3,8,5,"Bar,Distribution,Table",0,1,0,0,1,0,0,0,0,1,0,0,3
whoP05.png,322.png,23.8,0,0,1,0,1,0,G,single,"title(s),text-only,axes labels,axes text,caption(s)",0,1,1,1,0,1,0,0,1,0,0,1,3,1,1,Table,0,0,0,0,0,0,0,0,0,1,0,0,1
economist_daily_chart_523.png,323.png,26.4,1,0,0,0,0,1,N,multipanel,"title(s),axes text,legend text,caption(s),annotation(s)",0,0,1,1,1,1,1,0,0,0,1,5,2,2,2,"Bar,Map,Circle,Area",1,1,1,0,0,0,0,1,0,0,0,0,4
whoK25_1.png,324.png,35.8,0,0,1,0,1,0,G,single,"title(s),axes text,axes labels,caption(s),legend text",0,1,1,1,0,1,1,0,0,0,0,3,2,2,1,"Distribution,Line,Bar",0,1,0,0,1,0,1,0,0,0,0,0,3
v488_n7409_7_f1.png,325.png,77.7,0,0,0,1,1,0,S,single,"title(s),annotation(s),axes labels,axes text,legend text",0,1,1,1,1,0,1,0,0,0,0,5,0,3,3,Diagram,0,0,0,1,0,0,0,0,0,0,0,0,1
v489_n7417_15_f4.png,326.png,82.5,0,0,0,1,0,1,S,multipanel,"title(s),annotation(s)",0,0,0,1,1,0,0,0,0,0,0,8,0,0,15,Diagram,0,0,0,1,0,0,0,0,0,0,0,0,1
visMost487.png,327.png,41.9,0,1,0,0,0,1,I,multipanel,"title(s),axes labels,annotation(s),caption(s)",0,1,0,1,1,1,0,0,0,0,1,8,3,1,2,"Map,Area,Table",1,0,0,0,0,0,0,1,0,1,0,0,3
v490_n7420_1_f3.png,328.png,74.9,0,0,0,1,0,1,S,multipanel,"title(s),axes text,axes labels,annotation(s)",0,1,1,1,1,0,0,0,0,0,0,10,4,3,10,"Bar,Diagram,Table",0,1,0,1,0,0,0,0,0,1,0,0,3
v489_n7416_8_f2.png,329.png,72.1,0,0,0,1,0,1,S,multipanel,"title(s),axes text,axes labels,legend text",0,1,1,1,0,0,1,0,0,1,0,2,4,2,2,"Line,Point",0,0,0,0,0,0,1,0,1,0,0,0,2
v486_n7402_7_f4.png,330.png,78.2,0,0,0,1,0,1,S,multipanel,"title(s),axes text,axes labels,annotation(s),legend text",0,1,1,1,1,0,1,0,0,0,0,8,4,5,8,"Bar,Line,Diagram",0,1,0,1,0,0,1,0,0,0,0,0,3
v485_n7398_24_f1.png,331.png,85.4,0,0,0,1,0,1,S,multipanel,"axes labels,axes text,title(s),annotation(s),legend text",0,1,1,1,1,0,1,0,0,0,0,5,9,7,10,"Bar,Diagram,Line,Distribution",0,1,0,1,1,0,1,0,0,0,0,0,4
v490_n7418_9_f3.png,332.png,70.9,0,0,0,1,0,1,S,multipanel,"title(s),axes text,axes labels,annotation(s),legend text",0,1,1,1,1,0,1,0,0,0,0,3,6,2,4,"Line,Point",0,0,0,0,0,0,1,0,1,0,0,0,2
economist_daily_chart_245.png,333.png,43.4,1,0,0,0,1,0,N,single,"axes text,axes labels,title(s),caption(s),text-only",0,1,1,1,0,1,0,0,1,0,1,2,6,2,1,Table,0,0,0,0,0,0,0,0,0,1,0,0,1
treasuryG04_1.png,334.png,40.9,0,0,1,0,1,0,G,single,"axes labels,axes text,title(s),legend text,caption(s)",0,1,1,1,0,1,1,0,0,0,0,4,2,1,1,"Bar,Line",0,1,0,0,0,0,1,0,0,0,0,0,2
economist_daily_chart_251.png,335.png,44.3,1,0,0,0,1,0,N,single,"axes text,title(s),caption(s),legend text,legend title,annotation(s)",0,0,1,1,1,1,1,1,0,0,1,4,2,2,1,Point,0,0,0,0,0,0,0,0,1,0,0,0,1
visMost493.png,336.png,34.6,0,1,0,0,0,1,I,multipanel,"axes text,title(s),annotation(s),caption(s)",0,0,1,1,1,1,0,0,0,0,1,16,2,5,7,"Distribution,Map,Bar,Table",0,1,0,0,1,0,0,1,0,1,0,0,4
whoG08.png,337.png,25.2,0,0,1,0,0,1,G,multipanel,"axes labels,axes text,title(s),caption(s),legend text",0,1,1,1,0,1,1,0,0,0,0,3,1,2,1,Bar,0,1,0,0,0,0,0,0,0,0,0,0,1
vis77.png,338.png,43.9,0,1,0,0,0,1,I,multipanel,"title(s),axes text,annotation(s),caption(s),axes text",0,0,1,1,1,1,0,0,0,0,1,6,1,7,7,"Trees & Networks,Bar,Area,Diagram",1,1,0,1,0,0,0,0,0,0,0,1,4
v486_n7403_7_f4.png,339.png,69.1,0,0,0,1,1,0,S,single,"caption(s),axes text,axes labels,annotation(s)",0,1,1,0,1,1,0,0,0,1,0,0,4,4,1,"Table,Diagram",0,0,0,1,0,0,0,0,0,1,0,0,2
treasuryA12.png,340.png,20.1,0,0,1,0,1,0,G,single,"axes text,title(s),annotation(s),caption(s),legend text,axes labels",0,1,1,1,1,1,1,0,0,0,0,3,2,1,1,Line,0,0,0,0,0,0,1,0,0,0,0,0,1
v490_n7419_9_f3.png,341.png,77.5,0,0,0,1,0,1,S,multipanel,"axes labels,axes text,annotation(s),legend title,legend text,title(s)",0,1,1,1,1,0,1,1,0,0,0,6,6,0,4,"Grid & Matrix,Map,Distribution",0,0,0,0,1,1,0,1,0,0,0,0,3
v483_n7387_14_f4.png,342.png,74.5,0,0,0,1,0,1,S,multipanel,"title(s),axes text,axes labels,annotation(s),legend text",0,1,1,1,1,0,1,0,0,0,0,4,5,6,4,"Point,Bar",0,1,0,0,0,0,0,0,1,0,0,0,2
np_26.png,343.png,41.1,1,0,0,0,0,1,N,multipanel,"axes text,axes labels,title(s),annotation(s),caption(s),legend text",0,1,1,1,1,1,1,0,0,0,1,4,4,4,9,"Bar,Map,Diagram,Distribution,Area",1,1,0,1,1,0,0,1,0,0,0,0,5
v485_n7396_15_f2.png,344.png,72.2,0,0,0,1,0,1,S,multipanel,"axes labels,axes text,annotation(s),legend text,title(s)",0,1,1,1,1,0,1,0,0,1,0,4,3,3,4,"Point,Line",0,0,0,0,0,0,1,0,1,0,0,0,2
visMost478.png,345.png,33.8,0,1,0,0,0,1,I,multipanel,"axes text,title(s),annotation(s),caption(s),legend text",0,0,1,1,1,1,1,0,0,0,1,5,4,4,4,"Circle,Area,Distribution,Table",1,0,1,0,1,0,0,0,0,1,0,0,4
v482_n7386_5_f1.png,346.png,85.1,0,0,0,1,0,1,S,multipanel,"title(s),annotation(s),legend text",0,0,0,1,1,0,1,0,0,0,0,10,0,3,6,Diagram,0,0,0,1,0,0,0,0,0,0,0,0,1
vis88.png,347.png,6.2,0,1,0,0,1,0,I,single,"title(s),caption(s),axes text",0,0,1,1,0,1,0,0,0,0,1,6,0,2,1,Circle,0,0,1,0,0,0,0,0,0,0,0,0,1
vis539.png,348.png,35.5,0,1,0,0,0,1,I,multipanel,"title(s),axes text,caption(s),annotation(s)",0,0,1,1,1,1,0,0,0,0,1,7,3,1,1,"Diagram,Table",0,0,0,1,0,0,0,0,0,1,0,0,2
v488_n7413_10_f1.png,349.png,88.6,0,0,0,1,0,1,S,multipanel,"axes labels,axes text,title(s),annotation(s)",0,1,1,1,1,0,0,0,0,0,0,15,2,0,5,"Map,Point,Trees & Networks",0,0,0,0,0,0,0,1,1,0,0,1,3
v490_n7418_22_f4.png,350.png,79.7,0,0,0,1,0,1,S,multipanel,annotation(s),0,0,0,0,1,0,0,0,0,0,0,4,0,1,7,Diagram,0,0,0,1,0,0,0,0,0,0,0,0,1
wsj338.png,351.png,29,1,0,0,0,1,0,N,single,"title(s),annotation(s),caption(s),axes text",0,0,1,1,1,1,0,0,0,0,1,2,2,1,1,Line,0,0,0,0,0,0,1,0,0,0,0,0,1
vis277.png,352.png,39,0,1,0,0,0,1,I,multipanel,"title(s),axes text,annotation(s),caption(s),legend text",0,0,1,1,1,1,1,0,0,0,1,7,6,4,8,"Circle,Line,Area,Table,Bar,Text",1,1,1,0,0,0,1,0,0,1,1,0,6
treasuryL03_1.png,353.png,25.7,0,0,1,0,1,0,G,single,"text-only,title(s),axes labels,axes text",0,1,1,1,0,0,0,0,1,1,0,1,3,1,1,Table,0,0,0,0,0,0,0,0,0,1,0,0,1
visMost322.png,354.png,36.4,0,1,0,0,0,1,I,multipanel,"axes text,title(s),caption(s),annotation(s)",0,0,1,1,1,1,0,0,0,0,0,5,6,5,9,"Bar,Circle,Text,Table",0,1,1,0,0,0,0,0,0,1,1,0,4
wsj310.png,355.png,28.5,1,0,0,0,1,0,N,single,"title(s),axes text,annotation(s),caption(s)",0,0,1,1,1,1,0,0,0,0,1,2,2,0,1,Bar,0,1,0,0,0,0,0,0,0,0,0,0,1
treasuryD05_1.png,356.png,38.3,0,0,1,0,1,0,G,single,"title(s),axes labels,axes text,annotation(s),caption(s)",0,1,1,1,1,1,0,0,0,1,0,3,1,1,1,"Bar,Distribution",0,1,0,0,1,0,0,0,0,0,0,0,2
wsj476.png,357.png,13.2,1,0,0,0,1,0,N,single,"title(s),axes text,caption(s),legend text,annotation(s)",0,0,1,1,1,1,1,0,0,0,1,4,2,2,1,Line,0,0,0,0,0,0,1,0,0,0,0,0,1
economist_daily_chart_286.png,358.png,18,1,0,0,0,1,0,N,single,"title(s),axes text,legend text,caption(s),axes labels",0,1,1,1,0,1,1,0,0,0,1,3,2,1,1,Bar,0,1,0,0,0,0,0,0,0,0,0,0,1
visMost444.png,359.png,35.2,0,1,0,0,0,1,I,multipanel,"title(s),axes text,annotation(s),caption(s),legend text",0,0,1,1,1,1,1,0,0,0,1,16,5,3,6,"Diagram,Table,Bar,Line,Text",0,1,0,1,0,0,1,0,0,1,1,0,5
whoI07.png,360.png,50.3,0,0,1,0,1,0,G,single,"title(s),annotation(s)",0,0,0,1,1,0,0,0,0,1,0,0,0,0,1,Diagram,0,0,0,1,0,0,0,0,0,0,0,0,1
vis511.png,361.png,35.9,0,1,0,0,0,1,I,multipanel,"title(s),axes text,caption(s)",0,0,1,1,0,1,0,0,0,0,1,2,2,1,2,"Line,Table",0,0,0,0,0,0,1,0,0,1,0,0,2
visMost450.png,362.png,28.7,0,1,0,0,0,1,I,multipanel,"title(s),axes text,annotation(s),caption(s)",0,0,1,1,1,1,0,0,0,0,1,18,4,3,5,"Bar,Text",0,1,0,0,0,0,0,0,0,0,1,0,2
whoI13.png,363.png,57.9,0,0,1,0,1,0,G,single,"axes labels,axes text,title(s),caption(s),legend text",0,1,1,1,0,1,1,0,0,1,0,0,2,1,1,Bar,0,1,0,0,0,0,0,0,0,0,0,0,1
wsj462.png,364.png,17.6,1,0,0,0,1,0,N,single,"title(s),annotation(s),caption(s),legend text",0,0,0,1,1,1,1,0,0,0,1,4,2,1,1,Map,0,0,0,0,0,0,0,1,0,0,0,0,1
economist_daily_chart_292.png,365.png,13.6,1,0,0,0,1,0,N,single,"title(s),axes text,caption(s)",0,0,1,1,0,1,0,0,0,0,1,3,1,1,1,Bar,0,1,0,0,0,0,0,0,0,0,0,0,1
v488_n7412_16_f3.png,366.png,81.3,0,0,0,1,0,1,S,multipanel,"title(s),axes labels,axes text,annotation(s),legend text",0,1,1,1,1,0,1,0,0,0,0,16,3,2,7,"Diagram,Line,Table",0,0,0,1,0,0,1,0,0,1,0,0,3
v487_n7408_11_f3.png,367.png,94.3,0,0,0,1,0,1,S,multipanel,"axes labels,axes text,annotation(s),legend text",0,1,1,0,1,0,1,0,0,0,0,14,6,5,7,"Line,Map,Point,Area",1,0,0,0,0,0,1,1,1,0,0,0,4
wsj304.png,368.png,60.3,1,0,0,0,1,0,N,single,"axes text,title(s),annotation(s),caption(s),legend text",0,0,1,1,1,1,1,0,0,0,1,4,2,2,24,"Grid & Matrix,Bar,Distribution",0,1,0,0,1,1,0,0,0,0,0,0,3
whoH02_2.png,369.png,26.6,0,0,1,0,0,1,G,multipanel,"title(s),axes text,axes labels,legend text",0,1,1,1,0,0,1,0,0,0,0,3,2,1,1,Bar,0,1,0,0,0,0,0,0,0,0,0,0,1
vis263.png,370.png,27.6,0,1,0,0,0,1,I,multipanel,"title(s),axes text,caption(s),legend text",0,0,1,1,0,1,1,0,0,0,1,5,5,3,5,"Circle,Bar,Table,Distribution,Area",1,1,1,0,1,0,0,0,0,1,0,0,5
v490_n7420_16_f2.png,371.png,67.5,0,0,0,1,0,1,S,multipanel,"axes labels,axes text,title(s),annotation(s),legend text",0,1,1,1,1,0,1,0,0,0,0,13,3,4,14,"Bar,Line,Diagram",0,1,0,1,0,0,1,0,0,0,0,0,3
visMost336.png,372.png,43.7,0,1,0,0,0,1,I,multipanel,"title(s),axes text,axes labels,caption(s),annotation(s)",0,1,1,1,1,1,0,0,0,0,1,12,5,5,7,"Bar,Circle,Table,Text,Distribution",0,1,1,0,1,0,0,0,0,1,1,0,5
vis513.png,373.png,36.4,0,1,0,0,0,1,I,multipanel,"axes text,title(s),annotation(s),caption(s),axes labels,legend text",0,1,1,1,1,1,1,0,0,0,1,13,3,7,8,"Map,Table,Circle,Area,Distribution,Diagram",1,0,1,1,1,0,0,1,0,1,0,0,6
whoI05.png,374.png,23.9,0,0,1,0,1,0,G,single,"axes labels,axes text,title(s),caption(s),annotation(s)",0,1,1,1,1,1,0,0,0,1,0,0,2,0,1,Bar,0,1,0,0,0,0,0,0,0,0,0,0,1
visMost446.png,375.png,30.699999999999996,0,1,0,0,0,1,I,multipanel,"axes text,title(s),caption(s),annotation(s)",0,0,1,1,1,1,0,0,0,0,1,12,1,3,3,"Bar,Diagram,Area",1,1,0,1,0,0,0,0,0,0,0,0,3
economist_daily_chart_284.png,376.png,37.9,1,0,0,0,1,0,N,single,"axes text,title(s),caption(s),legend text",0,0,1,1,0,1,1,0,0,0,1,8,2,1,1,Line,0,0,0,0,0,0,1,0,0,0,0,0,1
wsj474.png,377.png,28,1,0,0,0,1,0,N,single,"title(s),caption(s),axes text,annotation(s)",0,0,1,1,1,1,0,0,0,0,1,9,3,1,3,Circle,0,0,1,0,0,0,0,0,0,0,0,0,1
wsj312.png,378.png,25.4,1,0,0,0,0,1,N,multipanel,"title(s),axes text,axes labels,annotation(s),caption(s)",0,1,1,1,1,1,0,0,0,0,1,4,3,1,2,Bar,0,1,0,0,0,0,0,0,0,0,0,0,1
v487_n7406_20_f2.png,379.png,70.4,0,0,0,1,0,1,S,multipanel,"title(s),axes text,axes labels,legend text",0,1,1,1,0,0,1,0,0,0,0,22,3,3,3,"Line,Circle,Map",0,0,1,0,0,0,1,1,0,0,0,0,3
visMost320.png,380.png,30.7,0,1,0,0,0,1,I,multipanel,"title(s),annotation(s),caption(s)",0,0,0,1,1,1,0,0,0,0,1,24,0,2,1,Map,0,0,0,0,0,0,0,1,0,0,0,0,1
vis275.png,381.png,37,0,1,0,0,1,0,I,single,"title(s),axes text,annotation(s)",0,0,1,1,1,0,0,0,0,0,1,14,1,1,1,Diagram,0,0,0,1,0,0,0,0,0,0,0,0,1
visMost334.png,382.png,31.8,0,1,0,0,0,1,I,multipanel,"title(s),axes text,annotation(s),caption(s),axes labels",0,1,1,1,1,1,0,0,0,0,1,20,1,4,9,"Table,Line,Bar",0,1,0,0,0,0,1,0,0,1,0,0,3
vis261.png,383.png,78.4,0,1,0,0,0,1,I,multipanel,"title(s),axes text,caption(s),legend text",0,0,1,1,0,1,1,0,0,0,1,6,5,5,13,"Bar,Circle,Table",0,1,1,0,0,0,0,0,0,1,0,0,3
wsj306.png,384.png,30,1,0,0,0,0,1,N,multipanel,"axes text,title(s),annotation(s),caption(s),legend text",0,0,1,1,1,1,1,0,0,0,1,4,3,1,3,"Bar,Line",0,1,0,0,0,0,1,0,0,0,0,0,2
v488_n7412_16_f1.png,385.png,86.4,0,0,0,1,0,1,S,multipanel,"title(s),axes text,axes labels,annotation(s),legend text",0,1,1,1,1,0,1,0,0,0,0,12,4,6,10,"Diagram,Line,Point,Table",0,0,0,1,0,0,1,0,1,1,0,0,4
v487_n7408_11_f1.png,386.png,67.8,0,0,0,1,0,1,S,multipanel,"axes text,annotation(s),legend title,legend text",0,0,1,0,1,0,1,1,0,0,0,14,3,2,4,"Map,Diagram,Distribution",0,0,0,1,1,0,0,1,0,0,0,0,3
economist_daily_chart_290.png,387.png,43.2,1,0,0,0,0,1,N,multipanel,"axes labels,axes text,title(s),annotation(s),caption(s)",0,1,1,1,1,1,0,0,0,0,1,4,2,1,4,"Bar,Diagram",0,1,0,1,0,0,0,0,0,0,0,0,2
wsj460.png,388.png,22.9,1,0,0,0,1,0,N,single,"title(s),axes text,annotation(s),caption(s)",0,0,1,1,1,1,0,0,0,0,1,4,2,0,1,Line,0,0,0,0,0,0,1,0,0,0,0,0,1
vis507.png,389.png,46.9,0,1,0,0,1,0,I,single,"title(s),annotation(s),caption(s),axes text",0,0,1,1,1,1,0,0,0,0,1,5,2,5,4,"Table,Diagram",0,0,0,1,0,0,0,0,0,1,0,0,2
visMost452.png,390.png,45.8,0,1,0,0,0,1,I,multipanel,"title(s),caption(s),annotation(s),axes text",0,0,1,1,1,1,0,0,0,0,1,6,4,2,6,"Text,Table",0,0,0,0,0,0,0,0,0,1,1,0,2
v488_n7412_18_f4.png,391.png,86.8,0,0,0,1,0,1,S,multipanel,"axes labels,axes text,title(s),legend text,annotation(s)",0,1,1,1,1,0,1,0,0,0,0,10,5,4,14,"Diagram,Circle,Bar,Point",0,1,1,1,0,0,0,0,1,0,0,0,4
wsj448.png,392.png,10.2,1,0,0,0,1,0,N,single,"annotation(s),caption(s),legend text",0,0,0,0,1,1,1,0,0,0,1,4,0,1,1,Map,0,0,0,0,0,0,0,1,0,0,0,0,1
v482_n7386_5_f3.png,393.png,73,0,0,0,1,0,1,S,multipanel,"title(s),annotation(s)",0,0,0,1,1,0,0,0,0,0,0,5,0,2,9,Diagram,0,0,0,1,0,0,0,0,0,0,0,0,1
v488_n7413_10_f3.png,394.png,76.6,0,0,0,1,0,1,S,multipanel,"title(s),axes text,axes labels,annotation(s),legend text",0,1,1,1,1,0,1,0,0,0,0,6,5,0,4,"Line,Grid & Matrix,Diagram",0,0,0,1,0,1,1,0,0,0,0,0,3
visMost308.png,395.png,32.1,0,1,0,0,0,1,I,multipanel,"title(s),annotation(s),caption(s),axes labels",0,1,0,1,1,1,0,0,0,0,0,14,2,3,4,"Table,Distribution,Map",0,0,0,0,1,0,0,1,0,1,0,0,3
v484_n7395_22_f4.png,396.png,83.8,0,0,0,1,0,1,S,multipanel,"title(s),axes text,annotation(s),legend text",0,0,1,1,1,0,1,0,0,0,0,10,3,1,13,"Diagram,Trees & Networks,Bar,Text",0,1,0,1,0,0,0,0,0,0,1,1,4
v484_n7393_18_f2.png,397.png,85.8,0,0,0,1,0,1,S,multipanel,"title(s),annotation(s),legend text",0,0,0,1,1,0,1,0,0,0,0,12,0,5,6,Diagram,0,0,0,1,0,0,0,0,0,0,0,0,1
economist_daily_chart_247.png,398.png,40.5,1,0,0,0,1,0,N,single,"title(s),axes text,axes labels,caption(s)",0,1,1,1,0,1,0,0,0,0,1,5,3,0,1,"Line,Bar",0,1,0,0,0,0,1,0,0,0,0,0,2
v490_n7418_9_f1.png,399.png,82.6,0,0,0,1,1,0,S,single,"title(s),annotation(s)",0,0,0,1,1,0,0,0,0,0,1,10,0,0,4,Diagram,0,0,0,1,0,0,0,0,0,0,0,0,1
v485_n7398_24_f3.png,400.png,74.2,0,0,0,1,0,1,S,multipanel,"axes text,annotation(s),legend text,title(s)",0,0,1,1,1,0,1,0,0,0,0,21,7,7,11,"Circle,Bar,Distribution",0,1,1,0,1,0,0,0,0,0,0,0,3
v490_n7420_1_f1.png,401.png,81.6,0,0,0,1,0,1,S,multipanel,"axes labels,axes text,title(s),annotation(s),legend text",0,1,1,1,1,0,1,0,0,1,0,10,5,3,16,"Bar,Line,Diagram",0,1,0,1,0,0,1,0,0,0,0,0,3
vis61.png,402.png,34,0,1,0,0,0,1,I,multipanel,"title(s),axes text,annotation(s),caption(s)",0,0,1,1,1,1,0,0,0,0,1,6,3,4,22,"Circle,Bar,Text,Area",1,1,1,0,0,0,0,0,0,0,1,0,4
visMost485.png,403.png,24.8,0,1,0,0,1,0,I,single,"title(s),annotation(s),caption(s)",0,0,0,1,1,1,0,0,0,0,1,7,0,0,1,Trees & Networks,0,0,0,0,0,0,0,0,0,0,0,1,1
v488_n7409_7_f3.png,404.png,59.7,0,0,0,1,0,1,S,multipanel,"title(s),axes labels,axes text,annotation(s),legend text",0,1,1,1,1,0,1,0,0,0,0,5,6,0,4,Line,0,0,0,0,0,0,1,0,0,0,0,0,1
np_30.png,405.png,40.1,1,0,0,0,1,0,N,single,"axes text,title(s),annotation(s),caption(s)",0,0,1,1,1,1,0,0,0,0,1,5,6,4,2,"Diagram,Map",0,0,0,1,0,0,0,1,0,0,0,0,2
economist_daily_chart_521.png,406.png,21.7,1,0,0,0,1,0,N,single,"title(s),axes text,caption(s),legend text,annotation(s)",0,0,1,1,1,1,1,0,0,0,1,6,1,1,1,Line,0,0,0,0,0,0,1,0,0,0,0,0,1
whoQ17_2.png,407.png,20.9,0,0,1,0,1,0,G,single,"text-only,axes text,axes labels,title(s)",0,1,1,1,0,0,0,0,1,1,1,2,7,3,1,Table,0,0,0,0,0,0,0,0,0,1,0,0,1
np_24.png,408.png,44.5,1,0,0,0,0,1,N,multipanel,"title(s),axes text,caption(s),annotation(s)",0,0,1,1,1,1,0,0,0,1,0,4,5,3,13,"Map,Bar",0,1,0,0,0,0,0,1,0,0,0,0,2
v490_n7419_9_f1.png,409.png,88.3,0,0,0,1,1,0,S,single,"axes labels,axes text,annotation(s)",0,1,1,0,1,0,0,0,0,1,0,5,2,2,1,Map,0,0,0,0,0,0,0,1,0,0,0,0,1
treasuryA10.png,410.png,21.9,0,0,1,0,1,0,G,single,"title(s),axes text,annotation(s),caption(s)",0,0,1,1,1,1,0,0,0,0,0,3,2,1,1,Line,0,0,0,0,0,0,1,0,0,0,0,0,1
whoQ52_2.png,411.png,18.3,0,0,1,0,1,0,G,single,"title(s),axes text",0,0,1,1,0,0,0,0,0,0,0,1,1,1,1,Bar,0,1,0,0,0,0,0,0,0,0,0,0,1
vis75.png,412.png,47.9,0,1,0,0,0,1,I,multipanel,"axes text,title(s),annotation(s),caption(s)",0,0,1,1,1,1,0,0,0,0,0,4,6,2,9,"Bar,Map,Distribution,Circle",0,1,1,0,1,0,0,1,0,0,0,0,4
visMost491.png,413.png,36.4,0,1,0,0,0,1,I,multipanel,"title(s),axes text,annotation(s),caption(s),legend text",0,0,1,1,1,1,1,0,0,0,1,8,7,5,11,"Bar,Circle,Distribution",0,1,1,0,1,0,0,0,0,0,0,0,3
economist_daily_chart_253.png,414.png,29.5,1,0,0,0,1,0,N,single,"title(s),axes text,axes labels,caption(s),legend text",0,1,1,1,0,1,1,0,0,0,1,4,2,1,1,Line,0,0,0,0,0,0,1,0,0,0,0,0,1
whoP13.png,415.png,58.5,0,0,1,0,1,0,G,single,"text-only,title(s),axes text,axes labels,caption(s)",0,1,1,1,0,1,0,0,1,1,0,2,3,2,1,Table,0,0,0,0,0,0,0,0,0,1,0,0,1
v485_n7399_22_f1.png,416.png,82.8,0,0,0,1,0,1,S,multipanel,"title(s),annotation(s)",0,0,0,1,1,0,0,0,0,0,0,14,0,0,3,Diagram,0,0,0,1,0,0,0,0,0,0,0,0,1
whoN16_1.png,417.png,28,0,0,1,0,1,0,G,single,"title(s),axes text,axes labels,legend text,caption(s)",0,1,1,1,0,1,1,0,0,0,0,2,1,2,1,"Bar,Distribution",0,1,0,0,1,0,0,0,0,0,0,0,2
treasuryA1.png,418.png,37.5,0,0,1,0,0,1,G,multipanel,"title(s),axes text,annotation(s),caption(s)",0,0,1,1,1,1,0,0,0,0,0,6,2,1,2,Bar,0,1,0,0,0,0,0,0,0,0,0,0,1
v486_n7403_9_f3.png,419.png,82.7,0,0,0,1,0,1,S,multipanel,"title(s),annotation(s),axes text,axes labels,legend text",0,1,1,1,1,0,1,0,0,0,0,12,2,4,10,"Diagram,Point,Table,Distribution",0,0,0,1,1,0,0,0,1,1,0,0,4
v490_n7419_7_f4.png,420.png,61.1,0,0,0,1,1,0,S,single,"axes text,axes labels,legend title,legend text",0,1,1,0,0,0,1,1,0,0,1,8,2,0,1,Grid & Matrix,0,0,0,0,0,1,0,0,0,0,0,0,1
v485_n7399_8_f2.png,421.png,81.4,0,0,0,1,0,1,S,multipanel,"title(s),axes text,axes labels,legend text",0,1,1,1,0,0,1,0,0,0,0,6,4,2,4,"Bar,Point",0,1,0,0,0,0,0,0,1,0,0,0,2
np_18.png,422.png,70,1,0,0,0,0,1,N,multipanel,"title(s),axes text,axes labels,annotation(s),caption(s),legend text",0,1,1,1,1,1,1,0,0,0,0,10,4,2,21,"Circle,Trees & Networks,Area",1,0,1,0,0,0,0,0,0,0,0,1,3
economist_daily_chart_509.png,423.png,21.1,1,0,0,0,1,0,N,single,"title(s),axes text,caption(s),annotation(s)",0,0,1,1,1,1,0,0,0,0,1,3,2,1,1,Bar,0,1,0,0,0,0,0,0,0,0,0,0,1
whoP07.png,424.png,35.4,0,0,1,0,1,0,G,single,"title(s),caption(s),text-only,axes text,axes labels",0,1,1,1,0,1,0,0,1,1,0,1,2,3,1,Table,0,0,0,0,0,0,0,0,0,1,0,0,1
v485_n7397_13_f2.png,425.png,80.7,0,0,0,1,0,1,S,multipanel,"title(s),axes text,axes labels,annotation(s),legend text",0,1,1,1,1,0,1,0,0,1,0,2,4,2,7,"Point,Line,Distribution",0,0,0,0,1,0,1,0,1,0,0,0,3
v487_n7405_11_f2.png,426.png,77.3,0,0,0,1,0,1,S,multipanel,"annotation(s),title(s)",0,0,0,1,1,0,0,0,0,0,0,2,0,0,2,Diagram,0,0,0,1,0,0,0,0,0,0,0,0,1
v483_n7391_21_f1.png,427.png,76.8,0,0,0,1,0,1,S,multipanel,"axes labels,axes text,annotation(s),legend text,title(s)",0,1,1,1,1,0,1,0,0,0,0,3,8,4,9,"Bar,Distribution,Table",0,1,0,0,1,0,0,0,0,1,0,0,3
vis49.png,428.png,51,0,1,0,0,0,1,I,multipanel,"title(s),caption(s),annotation(s),axes labels",0,1,0,1,1,1,0,0,0,0,1,7,6,10,17,"Table,Diagram,Circle,Bar,Distribution",0,1,1,1,1,0,0,0,0,1,0,0,5
v484_n7395_2_f1.png,429.png,80.1,0,0,0,1,0,1,S,multipanel,"title(s),annotation(s),axes text",0,0,1,1,1,0,0,0,0,0,0,12,1,0,6,Diagram,0,0,0,1,0,0,0,0,0,0,0,0,1
visMost122.png,430.png,35.3,0,1,0,0,1,0,I,single,"title(s),caption(s),axes text",0,0,1,1,0,1,0,0,0,0,1,20,0,1,1,Table,0,0,0,0,0,0,0,0,0,1,0,0,1
v483_n7391_5_f1.png,431.png,77.5,0,0,0,1,0,1,S,multipanel,"axes labels,axes text,title(s),annotation(s),legend text",0,1,1,1,1,0,1,0,0,0,0,10,3,5,4,"Circle,Point,Bar,Area",1,1,1,0,0,0,0,0,1,0,0,0,4
economist_daily_chart_82.png,432.png,13.4,1,0,0,0,1,0,N,single,"title(s),legend title,legend text,caption(s)",0,0,0,1,0,1,1,1,0,0,0,6,1,0,1,Map,0,0,0,0,0,0,0,1,0,0,0,0,1
wsj110.png,433.png,22.7,1,0,0,0,0,1,N,multipanel,"title(s),axes text,axes labels,annotation(s),caption(s)",0,1,1,1,1,1,0,0,0,0,1,2,2,3,2,"Bar,Area",1,1,0,0,0,0,0,0,0,0,0,0,2
v485_n7396_23_f1.png,434.png,73.3,0,0,0,1,0,1,S,multipanel,"axes text,annotation(s),legend title,legend text,title(s)",0,0,1,1,1,0,1,1,0,1,0,18,3,2,6,"Grid & Matrix,Diagram,Trees & Networks",0,0,0,1,0,1,0,0,0,0,0,1,3
treasuryD07_1.png,435.png,30.5,0,0,1,0,1,0,G,single,"text-only,caption(s),axes text,axes labels",0,1,1,0,0,1,0,0,1,0,1,3,4,1,1,Table,0,0,0,0,0,0,0,0,0,1,0,0,1
v483_n7387_7_f2.png,436.png,65.1,0,0,0,1,0,1,S,multipanel,"title(s),axes text,annotation(s)",0,0,1,1,1,0,0,0,0,0,0,4,2,1,3,"Point,Diagram",0,0,0,1,0,0,0,0,1,0,0,0,2
v488_n7409_15_f4.png,437.png,71.1,0,0,0,1,0,1,S,multipanel,"legend text,axes labels,axes text,annotation(s),title(s)",0,1,1,1,1,0,1,0,0,0,0,6,3,3,4,"Area,Distribution,Circle,Trees & Networks,Bar",1,1,1,0,1,0,0,0,0,0,0,1,5
visMost39.png,438.png,78.2,0,1,0,0,0,1,I,multipanel,"caption(s),title(s),annotation(s),axes text",0,0,1,1,1,1,0,0,0,0,0,4,1,10,8,"Trees & Networks,Diagram,Distribution",0,0,0,1,1,0,0,0,0,0,0,1,3
vis711.png,439.png,47,0,1,0,0,0,1,I,multipanel,"title(s),annotation(s),caption(s),axes text",0,0,1,1,1,1,0,0,0,0,1,5,8,1,2,"Trees & Networks,Table",0,0,0,0,0,0,0,0,0,1,0,1,2
visMost650.png,440.png,67.9,0,1,0,0,0,1,I,multipanel,"title(s),annotation(s),caption(s)",0,0,0,1,1,1,0,0,0,0,1,10,3,3,5,"Diagram,Text",0,0,0,1,0,0,0,0,0,0,1,0,2
v483_n7390_5_f1.png,441.png,68,0,0,0,1,0,1,S,multipanel,"axes labels,axes text,title(s),annotation(s),caption(s)",0,1,1,1,1,1,0,0,0,1,0,0,3,3,4,"Grid & Matrix,Distribution",0,0,0,0,1,1,0,0,0,0,0,0,2
v487_n7408_9_f4.png,442.png,77.4,0,0,0,1,0,1,S,multipanel,"title(s),annotation(s),legend text",0,0,0,1,1,0,1,0,0,0,0,5,2,1,11,Diagram,0,0,0,1,0,0,0,0,0,0,0,0,1
vis705.png,443.png,69.4,0,1,0,0,0,1,I,multipanel,"axes text,axes labels,annotation(s),title(s),legend title,legend text",0,1,1,1,1,0,1,1,0,0,0,20,10,1,1,Trees & Networks,0,0,0,0,0,0,0,0,0,0,0,1,1
v484_n7394_2_f1.png,444.png,79.8,0,0,0,1,0,1,S,multipanel,"axes labels,axes text,annotation(s),title(s),legend text",0,1,1,1,1,0,1,0,0,0,0,6,3,3,32,"Bar,Diagram,Distribution,Line",0,1,0,1,1,0,1,0,0,0,0,0,4
v485_n7398_12_f2.png,445.png,54,0,0,0,1,0,1,S,multipanel,"title(s),legend text,axes text,axes labels",0,1,1,1,0,0,1,0,0,0,0,4,3,1,2,"Bar,Distribution",0,1,0,0,1,0,0,0,0,0,0,0,2
v488_n7410_17_f2.png,446.png,80.4,0,0,0,1,0,1,S,multipanel,"axes text,axes labels,legend text,title(s),annotation(s)",0,1,1,1,1,0,1,0,0,0,0,3,5,1,5,"Point,Distribution",0,0,0,0,1,0,0,0,1,0,0,0,2
economist_daily_chart_96.png,447.png,24.2,1,0,0,0,1,0,N,single,"title(s),axes text,axes labels,caption(s)",0,1,1,1,0,1,0,0,0,0,0,4,2,1,1,Bar,0,1,0,0,0,0,0,0,0,0,0,0,1
wsj104.png,448.png,34.6,1,0,0,0,1,0,N,single,"title(s),caption(s),annotation(s)",0,0,0,1,1,1,0,0,0,0,0,1,0,1,1,Diagram,0,0,0,1,0,0,0,0,0,0,0,0,1
v484_n7393_8_f5.png,449.png,63.8,0,0,0,1,0,1,S,multipanel,"title(s),annotation(s)",0,0,0,1,1,0,0,0,0,0,0,5,1,1,4,Diagram,0,0,0,1,0,0,0,0,0,0,0,0,1
visMost136.png,450.png,79.3,0,1,0,0,1,0,I,single,"title(s),caption(s),annotation(s),axes text",0,0,1,1,1,1,0,0,0,0,0,5,0,2,1,Table,0,0,0,0,0,0,0,0,0,1,0,0,1
v485_n7397_25_f3.png,451.png,78.5,0,0,0,1,0,1,S,multipanel,"axes labels,axes text,title(s),annotation(s)",0,1,1,1,1,0,0,0,0,0,0,3,3,1,4,"Bar,Diagram",0,1,0,1,0,0,0,0,0,0,0,0,2
v487_n7408_7_f1.png,452.png,69.5,0,0,0,1,0,1,S,multipanel,"title(s),axes text,axes labels,annotation(s)",0,1,1,1,1,0,0,0,0,0,0,6,2,1,7,"Line,Diagram",0,0,0,1,0,0,1,0,0,0,0,0,2
visMost678.png,453.png,71.1,0,1,0,0,1,0,I,single,"title(s),caption(s),annotation(s),axes text",0,0,1,1,1,1,0,0,0,0,1,5,0,0,1,Trees & Networks,0,0,0,0,0,0,0,0,0,0,0,1,1
visMost11.png,454.png,52.6,0,1,0,0,0,1,I,multipanel,"axes text,title(s),annotation(s),caption(s)",0,0,1,1,1,1,0,0,0,0,1,9,8,2,3,"Diagram,Table,Text",0,0,0,1,0,0,0,0,0,1,1,0,3
vis739.png,455.png,88,0,1,0,0,1,0,I,single,"legend text,title(s),axes text,caption(s)",0,0,1,1,0,1,1,0,0,0,1,12,0,2,1,"Bar,Distribution",0,1,0,0,1,0,0,0,0,0,0,0,2
v489_n7414_5_f7.png,456.png,84.7,0,0,0,1,0,1,S,multipanel,"axes labels,axes text,title(s),annotation(s),legend text",0,1,1,1,1,0,1,0,0,0,0,9,5,4,3,"Diagram,Grid & Matrix,Distribution,Bar",0,1,0,1,1,1,0,0,0,0,0,0,4
wsj138.png,457.png,20,1,0,0,0,1,0,N,single,"title(s),axes text,axes labels,caption(s)",0,1,1,1,0,1,0,0,0,0,0,5,1,2,1,Table,0,0,0,0,0,0,0,0,0,1,0,0,1
economist_daily_chart_41.png,458.png,39.4,1,0,0,0,0,1,N,multipanel,"title(s),caption(s),annotation(s),axes text,legend text",0,0,1,1,1,1,1,0,0,0,0,4,3,3,2,"Bar,Line",0,1,0,0,0,0,1,0,0,0,0,0,2
whoK27_1.png,459.png,21,0,0,1,0,1,0,G,single,"text-only,title(s),axes text",0,0,1,1,0,0,0,0,1,1,0,0,0,2,1,Table,0,0,0,0,0,0,0,0,0,1,0,0,1
v487_n7405_1_f6.png,460.png,77.2,0,0,0,1,0,1,S,multipanel,"title(s),axes text,axes labels,annotation(s)",0,1,1,1,1,0,0,0,0,0,0,4,3,4,5,"Line,Point,Diagram",0,0,0,1,0,0,1,0,1,0,0,0,3
visMost687.png,461.png,75.6,0,1,0,0,0,1,I,multipanel,"title(s),axes labels,axes text,annotation(s),caption(s),legend text",0,1,1,1,1,1,1,0,0,0,1,10,10,5,16,"Map,Bar,Line,Trees & Networks,Table,Text",0,1,0,0,0,0,1,1,0,1,1,1,6
whoC21_1.png,462.png,34.1,0,0,1,0,0,1,G,multipanel,"title(s),legend title,legend text",0,0,0,1,0,0,1,1,0,0,0,2,1,1,1,"Map,Circle,Area",1,0,1,0,0,0,0,1,0,0,0,0,3
treasuryG06_1.png,463.png,43,0,0,1,0,1,0,G,single,"title(s),axes labels,annotation(s),caption(s)",0,1,0,1,1,1,0,0,0,0,0,4,2,1,1,Line,0,0,0,0,0,0,1,0,0,0,0,0,1
v487_n7406_16_f3.png,464.png,82.4,0,0,0,1,1,0,S,single,"annotation(s),title(s)",0,0,0,1,1,0,0,0,0,0,0,7,0,2,17,Diagram,0,0,0,1,0,0,0,0,0,0,0,0,1
visMost693.png,465.png,79.6,0,1,0,0,0,1,I,multipanel,"title(s),axes text,annotation(s),caption(s),legend text",0,0,1,1,1,1,1,0,0,0,1,1,1,1,2,"Line,Trees & Networks",0,0,0,0,0,0,1,0,0,0,0,1,2
economist_daily_chart_55.png,466.png,52.8,1,0,0,0,0,1,N,multipanel,"title(s),legend text,axes text,caption(s),annotation(s)",0,0,1,1,1,1,1,0,0,0,0,5,2,1,2,"Point,Line",0,0,0,0,0,0,1,0,1,0,0,0,2
v485_n7396_3_f2.png,467.png,87.3,0,0,0,1,0,1,S,multipanel,"title(s),axes text,axes labels,caption(s)",0,1,1,1,0,1,0,0,0,1,0,0,5,2,23,"Bar,Line,Distribution,Point",0,1,0,0,1,0,1,0,1,0,0,0,4
vis936.png,468.png,43.5,0,1,0,0,1,0,I,single,"title(s),annotation(s),caption(s),axes text",0,0,1,1,1,1,0,0,0,0,0,6,1,1,1,Circle,0,0,1,0,0,0,0,0,0,0,0,0,1
vis922.png,469.png,61.4,0,1,0,0,0,1,I,multipanel,"title(s),axes text,annotation(s),caption(s),axes labels",0,1,1,1,1,1,0,0,0,0,1,4,0,5,4,"Diagram,Table,Grid & Matrx",0,0,0,1,0,0,0,0,0,1,0,0,2
economist_daily_chart_69.png,470.png,38.1,1,0,0,0,1,0,N,single,"axes text,title(s),caption(s),legend text",0,0,1,1,0,1,1,0,0,0,0,3,2,1,1,Line,0,0,0,0,0,0,1,0,0,0,0,0,1
v487_n7407_10_f1.png,471.png,72.4,0,0,0,1,0,1,S,multipanel,"axes labels,axes text,title(s),legend text",0,1,1,1,0,0,1,0,0,0,0,6,4,0,4,"Distribution,Line",0,0,0,0,1,0,1,0,0,0,0,0,2
v485_n7397_3_f2.png,472.png,80.3,0,0,0,1,0,1,S,multipanel,"title(s),annotation(s)",0,0,0,1,1,0,0,0,0,0,0,7,0,2,4,Diagram,0,0,0,1,0,0,0,0,0,0,0,0,1
v483_n7387_20_f2.png,473.png,75.2,0,0,0,1,1,0,S,single,annotation(s),0,0,0,0,1,0,0,0,0,0,0,6,1,2,2,Diagram,0,0,0,1,0,0,0,0,0,0,0,0,1
vis103.png,474.png,68.5,0,1,0,0,1,0,I,single,"axes text,title(s),annotation(s),caption(s)",0,0,1,1,1,1,0,0,0,0,0,2,5,4,1,"Bar,Table",0,1,0,0,0,0,0,0,0,1,0,0,2
v486_n7403_17_f1.png,475.png,79.2,0,0,0,1,0,1,S,multipanel,"axes labels,axes text,title(s),legend text",0,1,1,1,0,0,1,0,0,0,0,7,1,4,3,"Circle,Bar,Point",0,1,1,0,0,0,0,0,1,0,0,0,3
vis665.png,476.png,54.6,0,1,0,0,0,1,I,multipanel,"caption(s),annotation(s),title(s)",0,0,0,1,1,1,0,0,0,0,1,5,5,2,6,"Diagram,Text,Bar",0,1,0,1,0,0,0,0,0,0,1,0,3
visMost730.png,477.png,54.3,0,1,0,0,1,0,I,single,"title(s),axes text,annotation(s),caption(s)",0,0,1,1,1,1,0,0,0,0,1,3,0,4,4,"Table,Diagram,Circle",0,0,1,1,0,0,0,0,0,1,0,0,3
v483_n7389_11_f1.png,478.png,70,0,0,0,1,1,0,S,single,"annotation(s),title(s)",0,0,0,1,1,0,0,0,0,0,0,4,0,2,3,Diagram,0,0,0,1,0,0,0,0,0,0,0,0,1
vis671.png,479.png,61.1,0,1,0,0,0,1,I,multipanel,"title(s),annotation(s),caption(s),axes text",0,0,1,1,1,1,0,0,0,0,1,7,4,4,8,"Table,Area,Bar,Distribution,Circle,Diagram",1,1,1,1,1,0,0,0,0,1,0,0,6
visMost724.png,480.png,28.2,0,1,0,0,1,0,I,single,"title(s),axes text,caption(s),annotation(s)",0,0,1,1,1,1,0,0,0,0,1,11,1,1,1,Diagram,0,0,0,1,0,0,0,0,0,0,0,0,1
v489_n7417_21_f2.png,481.png,89.8,0,0,0,1,1,0,S,single,"title(s),legend text,axes text,annotation(s)",0,0,1,1,1,0,1,0,0,0,1,10,0,5,16,"Trees & Networks,Diagram",0,0,0,1,0,0,0,0,0,0,0,1,2
v489_n7415_9_f7.png,482.png,62.3,0,0,0,1,0,1,S,multipanel,"axes text,axes labels,title(s),legend text",0,1,1,1,0,0,1,0,0,0,0,4,4,2,3,Point,0,0,0,0,0,0,0,0,1,0,0,0,1
whoM01.png,483.png,21.6,0,0,1,0,1,0,G,single,"axes labels,axes text,title(s),caption(s),text-only",0,1,1,1,0,1,0,0,1,1,0,0,2,2,1,Table,0,0,0,0,0,0,0,0,0,1,0,0,1
vis117.png,484.png,41.1,0,1,0,0,0,1,I,multipanel,"axes text,title(s),annotation(s),caption(s)",0,0,1,1,1,1,0,0,0,0,1,7,5,3,7,"Table,Circle,Bar",0,1,1,0,0,0,0,0,0,1,0,0,3
v489_n7415_7_f2.png,485.png,53.5,0,0,0,1,1,0,S,single,annotation(s),0,0,0,0,1,0,0,0,0,0,0,1,1,1,1,Diagram,0,0,0,1,0,0,0,0,0,0,0,0,1
vis659.png,486.png,43.4,0,1,0,0,1,0,I,single,"axes labels,axes text,title(s),annotation(s),caption(s),legend text,legend title",0,1,1,1,1,1,1,1,0,0,0,5,1,2,1,Point,0,0,0,0,0,0,0,0,1,0,0,0,1
vis881.png,487.png,48,0,1,0,0,1,0,I,single,"title(s),annotation(s),axes text,caption(s)",0,0,1,1,1,1,0,0,0,0,1,5,4,1,1,Diagram,0,0,0,1,0,0,0,0,0,0,0,0,1
v489_n7414_7_f2.png,488.png,81.7,0,0,0,1,0,1,S,multipanel,"axes text,title(s),annotation(s)",0,0,1,1,1,0,0,0,0,0,0,4,12,2,5,"Diagram,Trees & Networks",0,0,0,1,0,0,0,0,0,0,0,1,2
v486_n7403_19_f4.png,489.png,60.5,0,0,0,1,0,1,S,multipanel,"title(s),axes text,axes labels,legend text",0,1,1,1,0,0,1,0,0,0,0,5,3,2,4,"Bar,Distribution",0,1,0,0,1,0,0,0,0,0,0,0,2
vis895.png,490.png,60.1,0,1,0,0,0,1,I,multipanel,"title(s),axes text,caption(s),annotation(s),legend text",0,0,1,1,1,1,1,0,0,0,0,4,3,3,19,"Circle,Area,Line,Bar",1,1,1,0,0,0,1,0,0,0,0,0,4
v483_n7391_9_f1.png,491.png,76.1,0,0,0,1,0,1,S,multipanel,"title(s),axes text,axes labels,annotation(s)",0,1,1,1,1,0,0,0,0,0,0,5,3,2,2,"Diagram,Bar,Point",0,1,0,1,0,0,0,0,1,0,0,0,3
visMost718.png,492.png,53.6,0,1,0,0,0,1,I,multipanel,"axes text,annotation(s),title(s),caption(s)",0,0,1,1,1,1,0,0,0,0,1,4,2,1,1,Table,0,0,0,0,0,0,0,0,0,1,0,0,1
v483_n7388_17_f3.png,493.png,70,0,0,0,1,0,1,S,multipanel,"title(s),axes text,axes labels,annotation(s),legend text",0,1,1,1,1,0,1,0,0,0,0,2,4,3,6,"Diagram,Bar,Point",0,1,0,1,0,0,0,0,1,0,0,0,3
v484_n7394_10_f2.png,494.png,45.3,0,0,0,1,0,1,S,multipanel,"axes text,axes labels,title(s)",0,1,1,1,0,0,0,0,0,1,0,0,2,1,3,Point,0,0,0,0,0,0,0,0,1,0,0,0,1
v490_n7420_22_f4.png,495.png,78.2,0,0,0,1,0,1,S,multipanel,"axes labels,axes text,title(s),annotation(s),legend text",0,1,1,1,1,0,1,0,0,0,0,4,4,3,9,"Bar,Diagram",0,1,0,1,0,0,0,0,0,0,0,0,2
whoQ56_6.png,496.png,22.9,0,0,1,0,1,0,G,single,"axes labels,axes text,title(s),legend text",0,1,1,1,0,0,1,0,0,0,0,5,2,1,1,Line,0,0,0,0,0,0,1,0,0,0,0,0,1
economist_daily_chart_131.png,497.png,30.5,1,0,0,0,1,0,N,single,"axes labels,axes text,annotation(s),caption(s)",0,1,1,0,1,1,0,0,0,0,0,3,2,1,1,Point,0,0,0,0,0,0,0,0,1,0,0,0,1
economist_daily_chart_125.png,498.png,24.1,1,0,0,0,1,0,N,single,"title(s),axes text,legend text,legend title,caption(s)",0,0,1,1,0,1,1,1,0,0,0,6,2,2,1,Bar,0,1,0,0,0,0,0,0,0,0,0,0,1
v486_n7401_20_f3.png,499.png,73.1,0,0,0,1,0,1,S,multipanel,"title(s),annotation(s)",0,0,0,1,1,0,0,0,0,0,0,7,0,1,7,Diagram,0,0,0,1,0,0,0,0,0,0,0,0,1
v490_n7418_16_f2.png,500.png,88.7,0,0,0,1,0,1,S,multipanel,"axes labels,axes text,title(s),annotation(s)",0,1,1,1,1,0,0,0,0,1,0,0,4,4,4,"Distribution,Diagram",0,0,0,1,1,0,0,0,0,0,0,0,2
whoC32.png,501.png,39.6,0,0,1,0,0,1,G,multipanel,"title(s),axes text,legend text,caption(s)",0,0,1,1,0,1,1,0,0,0,0,4,0,0,2,"Circle,Map",0,0,1,0,0,0,0,1,0,0,0,0,2
whoO10_2.png,502.png,22.9,0,0,1,0,1,0,G,single,"title(s),axes text,caption(s)",0,0,1,1,0,1,0,0,0,0,1,11,1,1,1,"Circle,Distribution,Area",1,0,1,0,1,0,0,0,0,0,0,0,3
v487_n7407_12_f4.png,503.png,76.7,0,0,0,1,0,1,S,multipanel,"title(s),axes text",0,0,1,1,0,0,0,0,0,0,1,4,0,0,3,"Line,Diagram",0,0,0,1,0,0,1,0,0,0,0,0,2
vis856.png,504.png,40.6,0,1,0,0,0,1,I,multipanel,"title(s),annotation(s),legend title,legend text",0,0,0,1,1,0,1,1,0,0,1,1,3,2,1,"Map,Table",0,0,0,0,0,0,0,1,0,1,0,0,2
economist_daily_chart_119.png,505.png,26.7,1,0,0,0,1,0,N,single,"title(s),axes text,caption(s),legend text",0,0,1,1,0,1,1,0,0,0,0,5,2,3,1,Bar,0,1,0,0,0,0,0,0,0,0,0,0,1
whoC26.png,506.png,33.8,0,0,1,0,0,1,G,multipanel,"title(s),legend text",0,0,0,1,0,0,1,0,0,0,0,5,0,0,1,Map,0,0,0,0,0,0,0,1,0,0,0,0,1
visMost532.png,507.png,23.4,0,1,0,0,1,0,I,single,"title(s),annotation(s)",0,0,0,1,1,0,0,0,0,0,1,5,0,0,1,Diagram,0,0,0,1,0,0,0,0,0,0,0,0,1
vis467.png,508.png,66.1,0,1,0,0,0,1,I,multipanel,"title(s),annotation(s),legend text",0,0,0,1,1,0,1,0,0,0,1,1,3,3,20,"Bar,Circle,Line",0,1,1,0,0,0,1,0,0,0,0,0,3
wsj500.png,509.png,32.7,1,0,0,0,0,1,N,multipanel,"title(s),caption(s),legend text,legend title",0,0,0,1,0,1,1,1,0,0,0,13,2,2,1,Map,0,0,0,0,0,0,0,1,0,0,0,0,1
v484_n7393_14_f2.png,510.png,38.7,0,0,0,1,0,1,S,multipanel,"axes labels,axes text,title(s)",0,1,1,1,0,0,0,0,0,0,0,4,2,0,2,"Bar,Diagram",0,1,0,1,0,0,0,0,0,0,0,0,2
v486_n7401_16_f2.png,511.png,72.1,0,0,0,1,0,1,S,multipanel,"axes labels,axes text,title(s),legend text",0,1,1,1,0,0,1,0,0,0,0,4,4,1,13,"Bar,Line,Distribution",0,1,0,0,1,0,1,0,0,0,0,0,3
economist_daily_chart_496.png,512.png,9.5,1,0,0,0,1,0,N,single,"title(s),axes text,caption(s),annotation(s)",0,0,1,1,1,1,0,0,0,0,1,3,2,1,1,Bar,0,1,0,0,0,0,0,0,0,0,0,0,1
wsj266.png,513.png,17.9,1,0,0,0,1,0,N,single,text-only,0,0,0,0,0,0,0,0,1,0,1,4,1,2,1,Diagram,0,0,0,1,0,0,0,0,0,0,0,0,1
vis301.png,514.png,43.6,0,1,0,0,0,1,I,multipanel,"title(s),annotation(s),caption(s)",0,0,0,1,1,1,0,0,0,0,0,10,1,1,1,"Diagram,Map",0,0,0,1,0,0,0,1,0,0,0,0,2
whoQ49_1.png,515.png,22.5,0,0,1,0,1,0,G,single,"axes labels,title(s),legend text",0,1,0,1,0,0,1,0,0,0,0,4,1,2,1,Bar,0,1,0,0,0,0,0,0,0,0,0,0,1
visMost254.png,516.png,37.2,0,1,0,0,0,1,I,multipanel,"title(s),annotation(s),caption(s)",0,0,0,1,1,1,0,0,0,0,1,10,1,2,1,Diagram,0,0,0,1,0,0,0,0,0,0,0,0,1
v487_n7408_13_f4.png,517.png,82.2,0,0,0,1,0,1,S,multipanel,"axes labels,axes text,title(s),annotation(s),legend text",0,1,1,1,1,0,1,0,0,0,0,7,5,4,4,"Distribution,Grid & Matrix,Line",0,0,0,0,1,1,1,0,0,0,0,0,3
vis315.png,518.png,32.1,0,1,0,0,0,1,I,multipanel,"title(s),axes text,annotation(s),caption(s)",0,0,1,1,1,1,0,0,0,0,1,6,0,1,1,"Diagram, Circle",0,0,1,1,0,0,0,0,0,0,0,0,2
v488_n7412_14_f4.png,519.png,76,0,0,0,1,0,1,S,multipanel,"axes labels,legend text,axes text,title(s),annotation(s)",0,1,1,1,1,0,1,0,0,0,0,9,2,3,7,"Diagram,Bar,Trees & Networks",0,1,0,1,0,0,0,0,0,0,0,1,3
whoO03.png,520.png,36.6,0,0,1,0,1,0,G,single,"axes labels,axes text,annotation(s)",0,1,1,0,1,0,0,0,0,0,0,4,2,1,1,Distribution,0,0,0,0,1,0,0,0,0,0,0,0,1
visMost240.png,521.png,65.9,0,1,0,0,1,0,I,single,"legend text,legend title,caption(s),annotation(s),title(s)",0,0,0,1,1,1,1,1,0,0,0,11,0,0,1,Trees & Networks,0,0,0,0,0,0,0,0,0,0,0,1,1
economist_daily_chart_482.png,522.png,42.9,1,0,0,0,0,1,N,multipanel,"title(s),axes text,axes labels",0,1,1,1,0,0,0,0,0,0,0,9,1,2,2,"Map,Table",0,0,0,0,0,0,0,1,0,1,0,0,2
wsj272.png,523.png,40.9,1,0,0,0,0,1,N,multipanel,"title(s),annotation(s),caption(s)",0,0,0,1,1,1,0,0,0,0,1,5,2,2,4,"Bar,Diagram,Distribution",0,1,0,1,1,0,0,0,0,0,0,0,3
wsj514.png,524.png,30.2,1,0,0,0,1,0,N,single,"title(s),caption(s),axes text",0,0,1,1,0,1,0,0,0,0,1,9,1,1,1,Map,0,0,0,0,0,0,0,1,0,0,0,0,1
v484_n7392_15_f11.png,525.png,62.5,0,0,0,1,0,1,S,multipanel,"title(s),axes text,axes labels,legend text",0,1,1,1,0,0,1,0,0,1,0,0,2,1,3,Line,0,0,0,0,0,0,1,0,0,0,0,0,1
visMost526.png,526.png,47.5,0,1,0,0,1,0,I,single,"title(s),caption(s),annotation(s)",0,0,0,1,1,1,0,0,0,0,0,7,1,1,1,Diagram,0,0,0,1,0,0,0,0,0,0,0,0,1
visMost268.png,527.png,43.2,0,1,0,0,1,0,I,single,"title(s),axes text,caption(s),annotation(s)",0,0,1,1,1,1,0,0,0,0,1,5,0,0,1,Diagram,0,0,0,1,0,0,0,0,0,0,0,0,1
wsj76.png,528.png,17.8,1,0,0,0,1,0,N,single,"title(s),axes text,caption(s),annotation(s)",0,0,1,1,1,1,0,0,0,0,0,4,1,1,1,Bar,0,1,0,0,0,0,0,0,0,0,0,0,1
v488_n7412_1_f2.png,529.png,56.5,0,0,0,1,1,0,S,single,"axes labels,axes text,legend text",0,1,1,0,0,0,1,0,0,0,0,3,2,1,1,Line,0,0,0,0,0,0,1,0,0,0,0,0,1
v484_n7395_20_f1.png,530.png,64.5,0,0,0,1,0,1,S,multipanel,"axes text,title(s),annotation(s),legend text",0,0,1,1,1,0,1,0,0,0,0,6,6,2,4,"Bar,Line",0,1,0,0,0,0,1,0,0,0,0,0,2
vis329.png,531.png,53.6,0,1,0,0,0,1,I,multipanel,"axes text,title(s),annotation(s),caption(s)",0,0,1,1,1,1,0,0,0,0,1,6,0,0,3,"Diagram,Circle,Area",1,0,1,1,0,0,0,0,0,0,0,0,3
wsj62.png,532.png,55.9,1,0,0,0,0,1,N,multipanel,"axes labels,title(s),axes text,annotation(s),caption(s),legend title,legend text",0,1,1,1,1,1,1,1,0,0,0,5,2,3,12,"Bar,Map,Table",0,1,0,0,0,0,0,1,0,1,0,0,3
v488_n7413_1_f2.png,533.png,76.7,0,0,0,1,0,1,S,multipanel,"axes labels,axes text,title(s),annotation(s)",0,1,1,1,1,0,0,0,0,0,0,4,6,1,6,Distribution,0,0,0,0,1,0,0,0,0,0,0,0,1
v490_n7418_20_f3.png,534.png,82.2,0,0,0,1,0,1,S,multipanel,"axes labels,axes text,title(s),annotation(s),legend text",0,1,1,1,1,0,1,0,0,0,0,4,6,4,10,"Distribution,Bar,Line,Table",0,1,0,0,1,0,1,0,0,1,0,0,4
wsj528.png,535.png,30.1,1,0,0,0,0,1,N,multipanel,"title(s),axes text,legend text,caption(s)",0,0,1,1,0,1,1,0,0,0,0,3,4,1,3,"Bar,Line",0,1,0,0,0,0,1,0,0,0,0,0,2
v489_n7417_17_f3.png,536.png,81.5,0,0,0,1,0,1,S,multipanel,"title(s),axes text,axes labels",0,1,1,1,0,0,0,0,0,0,0,5,3,3,7,"Distribution,Table,Bar,Line",0,1,0,0,1,0,1,0,0,1,0,0,4
v486_n7404_13_f1.png,537.png,27.9,0,0,0,1,1,0,S,single,title(s),0,0,0,1,0,0,0,0,0,1,0,0,0,0,4,Diagram,0,0,0,1,0,0,0,0,0,0,0,0,1
economist_daily_chart_333.png,538.png,30.7,1,0,0,0,1,0,N,single,"axes text,title(s),annotation(s),caption(s)",0,0,1,1,1,1,0,0,0,0,1,9,2,1,1,Line,0,0,0,0,0,0,1,0,0,0,0,0,1
wsj89.png,539.png,19.199999999999996,1,0,0,0,1,0,N,single,"title(s),axes text,caption(s),annotation(s)",0,0,1,1,1,1,0,0,0,0,0,1,1,1,1,Bar,0,1,0,0,0,0,0,0,0,0,0,0,1
visMost297.png,540.png,68.2,0,1,0,0,1,0,I,single,annotation(s),0,0,0,0,1,0,0,0,0,0,0,13,1,1,1,Diagram,0,0,0,1,0,0,0,0,0,0,0,0,1
economist_daily_chart_455.png,541.png,34.7,1,0,0,0,0,1,N,multipanel,"legend text,title(s),caption(s)",0,0,0,1,0,1,1,0,0,0,1,1,0,2,2,Map,0,0,0,0,0,0,0,1,0,0,0,0,1
economist_daily_chart_441.png,542.png,51.4,1,0,0,0,1,0,N,single,"axes labels,axes text,title(s),annotation(s),caption(s),legend text",0,1,1,1,1,1,1,0,0,0,1,4,2,1,1,Line,0,0,0,0,0,0,1,0,0,0,0,0,1
visMost283.png,543.png,48.4,0,1,0,0,0,1,I,multipanel,"axes text,title(s),annotation(s),caption(s)",0,0,1,1,1,1,0,0,0,0,0,6,2,1,2,"Circle,Bar",0,1,1,0,0,0,0,0,0,0,0,0,2
v483_n7387_16_f3.png,544.png,81.3,0,0,0,1,0,1,S,multipanel,"title(s),axes text,axes labels,annotation(s)",0,1,1,1,1,0,0,0,0,0,0,3,6,0,14,"Bar,Line,Table",0,1,0,0,0,0,1,0,0,1,0,0,3
economist_daily_chart_4.png,545.png,39.7,1,0,0,0,1,0,N,single,"axes text,axes labels,caption(s),annotation(s),title(s)",0,1,1,1,1,1,0,0,0,0,0,4,2,2,1,Bar,0,1,0,0,0,0,0,0,0,0,0,0,1
economist_daily_chart_327.png,546.png,17.9,1,0,0,0,1,0,N,single,"caption(s),title(s),axes text,legend text",0,0,1,1,0,1,1,0,0,0,1,4,2,2,1,Bar,0,1,0,0,0,0,0,0,0,0,0,0,1
v486_n7403_5_f3.png,547.png,78.4,0,0,0,1,0,1,S,multipanel,"legend text,annotation(s),title(s),axes text",0,0,1,1,1,0,1,0,0,0,0,4,2,2,6,"Distribution, table",0,0,0,0,1,0,0,0,0,0,0,0,1
v483_n7388_21_f2.png,548.png,78,0,0,0,1,0,1,S,multipanel,"axes text,axes labels,title(s),annotation(s)",0,1,1,1,1,0,0,0,0,0,0,4,5,1,7,"Bar,Diagram, Table",0,1,0,1,0,0,0,0,0,1,0,0,3
v485_n7399_20_f4.png,549.png,72.4,0,0,0,1,0,1,S,multipanel,"axes text,axes labels,annotation(s)",0,1,1,0,1,0,0,0,0,0,0,7,3,2,4,"Diagram,Area,Bar,Distribution,Line",1,1,0,1,1,0,1,0,0,0,0,0,5
vis498.png,550.png,44.9,0,1,0,0,0,1,I,multipanel,"title(s),annotation(s),caption(s)",0,0,0,1,1,1,0,0,0,0,0,13,0,0,1,Diagram,0,0,0,1,0,0,0,0,0,0,0,0,1
v490_n7419_5_f1.png,551.png,76,0,0,0,1,0,1,S,multipanel,"axes labels,axes text,title(s),annotation(s)",0,1,1,1,1,0,0,0,0,0,0,6,5,5,9,"Bar,Line,Table",0,1,0,0,0,0,1,0,0,1,0,0,3
v489_n7416_11_f1.png,552.png,62.6,0,0,0,1,0,1,S,multipanel,"axes text,axes labels,title(s),annotation(s)",0,1,1,1,1,0,0,0,0,0,0,5,3,3,4,"Line,Distribution",0,0,0,0,1,0,1,0,0,0,0,0,2
economist_daily_chart_469.png,553.png,31.7,1,0,0,0,0,1,N,multipanel,"title(s),caption(s),legend text",0,0,0,1,0,1,1,0,0,0,1,6,1,0,2,Map,0,0,0,0,0,0,0,1,0,0,0,0,1
wsj299.png,554.png,37,1,0,0,0,1,0,N,single,"axes text,title(s),annotation(s),caption(s)",0,0,1,1,1,1,0,0,0,0,1,4,2,0,2,"Bar,Diagram",0,1,0,1,0,0,0,0,0,0,0,0,2
v486_n7404_1_f2.png,555.png,51.3,0,0,0,1,1,0,S,single,"annotation(s),legend text",0,0,0,0,1,0,1,0,0,0,0,3,0,0,1,Diagram,0,0,0,1,0,0,0,0,0,0,0,0,1
v483_n7391_23_f4.png,556.png,74.3,0,0,0,1,0,1,S,multipanel,"title(s),annotation(s)",0,0,0,1,1,0,0,0,0,0,0,7,0,0,8,Diagram,0,0,0,1,0,0,0,0,0,0,0,0,1
v489_n7416_4_f1.png,557.png,81.8,0,0,0,1,0,1,S,multipanel,"axes text,title(s),annotation(s)",0,0,1,1,1,0,0,0,0,0,0,5,1,1,4,"Line,Diagram,Distribution",0,0,0,1,1,0,1,0,0,0,0,0,3
v489_n7417_4_f1.png,558.png,37.5,0,0,0,1,1,0,S,single,"title(s),annotation(s)",0,0,0,1,1,0,0,0,0,0,0,4,0,1,1,Trees & Networks,0,0,0,0,0,0,0,0,0,0,0,1,1
v485_n7396_19_f1.png,559.png,84.2,0,0,0,1,0,1,S,multipanel,"axes labels,axes text,title(s),annotation(s),legend title,legend text",0,1,1,1,1,0,1,1,0,0,0,8,6,4,7,"Bar,Table,Distribution,Line,Point",0,1,0,0,1,0,1,0,1,1,0,0,5
vis499.png,560.png,40.2,0,1,0,0,1,0,I,single,text-only,0,0,0,0,0,0,0,0,1,0,0,5,15,0,1,Diagram,0,0,0,1,0,0,0,0,0,0,0,0,1
v483_n7388_21_f3.png,561.png,65.4,0,0,0,1,0,1,S,multipanel,"title(s),axes text,axes labels,annotation(s)",0,1,1,1,1,0,0,0,0,1,0,0,2,3,6,"Bar,Diagram",0,1,0,1,0,0,0,0,0,0,0,0,2
v486_n7404_1_f3.png,562.png,60.7,0,0,0,1,0,1,S,multipanel,"axes labels,axes text,title(s),legend text,annotation(s)",0,1,1,1,1,0,1,0,0,0,0,3,2,3,6,"Line,Point",0,0,0,0,0,0,1,0,1,0,0,0,2
wsj298.png,563.png,36.9,1,0,0,0,1,0,N,single,"title(s),caption(s),annotation(s)",0,0,0,1,1,1,0,0,0,0,0,4,0,0,1,Diagram,0,0,0,1,0,0,0,0,0,0,0,0,1
economist_daily_chart_468.png,564.png,45,1,0,0,0,1,0,N,single,"legend text,caption(s),annotation(s),title(s),axes text,axes labels",0,1,1,1,1,1,1,0,0,0,0,10,1,2,3,"Map,Table",0,0,0,0,0,0,0,1,0,1,0,0,2
visMost282.png,565.png,41.9,0,1,0,0,1,0,I,single,"axes text,title(s),annotation(s),caption(s)",0,0,1,1,1,1,0,0,0,0,1,22,1,1,1,"Circle, Distribution, Area",1,0,1,0,1,0,0,0,0,0,0,0,3
v482_n7386_18_f1.png,566.png,70.5,0,0,0,1,0,1,S,multipanel,"title(s),axes text,axes labels,annotation(s),legend text",0,1,1,1,1,0,1,0,0,0,0,5,4,0,4,"Bar,Diagram",0,1,0,1,0,0,0,0,0,0,0,0,2
v486_n7403_21_f1.png,567.png,80,0,0,0,1,0,1,S,multipanel,"legend text,axes text,axes labels,annotation(s)",0,1,1,0,1,0,1,0,0,0,0,9,4,5,2,"Bar,Distribution",0,1,0,0,1,0,0,0,0,0,0,0,2
economist_daily_chart_440.png,568.png,21.4,1,0,0,0,1,0,N,single,"axes text,caption(s),title(s),annotation(s)",0,0,1,1,1,1,0,0,0,0,1,7,3,1,1,Line,0,0,0,0,0,0,1,0,0,0,0,0,1
v486_n7403_5_f2.png,569.png,86.8,0,0,0,1,0,1,S,multipanel,"axes text,title(s),annotation(s),legend title,legend text",0,0,1,1,1,0,1,1,0,0,0,18,2,2,2,Distribution,0,0,0,0,1,0,0,0,0,0,0,0,1
economist_daily_chart_326.png,570.png,48.1,1,0,0,0,0,1,N,multipanel,no text,1,0,0,0,0,0,0,0,0,0,0,5,0,0,0,Diagram,0,0,0,1,0,0,0,0,0,0,0,0,1
economist_daily_chart_5.png,571.png,16.1,1,0,0,0,1,0,N,single,"axes text,title(s),caption(s)",0,0,1,1,0,1,0,0,0,0,0,3,2,1,1,Bar,0,1,0,0,0,0,0,0,0,0,0,0,1
v483_n7387_16_f2.png,572.png,72.2,0,0,0,1,0,1,S,multipanel,"title(s),axes text,axes labels,legend text",0,1,1,1,0,0,1,0,0,0,0,4,3,3,6,"Bar,Line,Table",0,1,0,0,0,0,1,0,0,1,0,0,3
economist_daily_chart_332.png,573.png,20.7,1,0,0,0,0,1,N,multipanel,"title(s),axes text,axes labels,caption(s),annotation(s)",0,1,1,1,1,1,0,0,0,0,1,3,3,0,2,"Point,Line",0,0,0,0,0,0,1,0,1,0,0,0,2
v489_n7417_17_f2.png,574.png,73.4,0,0,0,1,0,1,S,multipanel,"title(s),axes text,axes labels,annotation(s)",0,1,1,1,1,0,0,0,0,0,0,11,2,1,4,"Line,Diagram",0,0,0,1,0,0,1,0,0,0,0,0,2
economist_daily_chart_454.png,575.png,32.9,1,0,0,0,1,0,N,single,"axes text,title(s),caption(s),legend text",0,0,1,1,0,1,1,0,0,0,1,4,1,2,1,Bar,0,1,0,0,0,0,0,0,0,0,0,0,1
visMost296.png,576.png,39.2,0,1,0,0,0,1,I,multipanel,"axes text,title(s),annotation(s),caption(s)",0,0,1,1,1,1,0,0,0,0,0,4,4,1,2,"Map,Circle",0,0,1,0,0,0,0,1,0,0,0,0,2
wsj88.png,577.png,33.7,1,0,0,0,1,0,N,single,"title(s),caption(s),annotation(s)",0,0,0,1,1,1,0,0,0,0,0,2,1,1,1,"Bar,Table",0,1,0,0,0,0,0,0,0,1,0,0,2
whoQ54_5.png,578.png,30.5,0,0,1,0,1,0,G,single,"axes labels,axes text,title(s),legend text",0,1,1,1,0,0,1,0,0,0,0,6,2,1,1,Line,0,0,0,0,0,0,1,0,0,0,0,0,1
wsj63.png,579.png,22.3,1,0,0,0,0,1,N,multipanel,"axes text,title(s),annotation(s),caption(s)",0,0,1,1,1,1,0,0,0,0,0,4,3,1,2,Line,0,0,0,0,0,0,1,0,0,0,0,0,1
vis328.png,580.png,60.6,0,1,0,0,1,0,I,single,"text-only,title(s),caption(s)",0,0,0,1,0,1,0,0,1,0,1,20,1,1,1,Text,0,0,0,0,0,0,0,0,0,0,1,0,1
wsj529.png,581.png,19.8,1,0,0,0,1,0,N,single,"title(s),caption(s)",0,0,0,1,0,1,0,0,0,0,1,4,1,2,6,Bar,0,1,0,0,0,0,0,0,0,0,0,0,1
v490_n7418_20_f2.png,582.png,82.1,0,0,0,1,0,1,S,multipanel,"axes text,axes labels,legend text",0,1,1,0,0,0,1,0,0,0,0,13,5,6,11,"Diagram,Line,Bar,Table",0,1,0,1,0,0,1,0,0,1,0,0,4
v488_n7413_1_f3.png,583.png,60.1,0,0,0,1,0,1,S,multipanel,"axes labels,axes text,annotation(s),legend text",0,1,1,0,1,0,1,0,0,0,0,4,2,1,6,"Point,Line,Diagram",0,0,0,1,0,0,1,0,1,0,0,0,3
v484_n7392_12_f1.png,584.png,64.4,0,0,0,1,0,1,S,multipanel,"title(s),annotation(s)",0,0,0,1,1,0,0,0,0,0,0,5,1,1,6,Diagram,0,0,0,1,0,0,0,0,0,0,0,0,1
v488_n7412_1_f3.png,585.png,20.9,0,0,0,1,1,0,S,single,"axes labels,axes text",0,1,1,0,0,0,0,0,0,1,0,0,2,0,1,Line,0,0,0,0,0,0,1,0,0,0,0,0,1
wsj77.png,586.png,29.3,1,0,0,0,0,1,N,multipanel,"title(s),axes labels,axes text,annotation(s)",0,1,1,1,1,0,0,0,0,0,1,3,1,1,1,"Table,Diagram",0,0,0,1,0,0,0,0,0,1,0,0,2
visMost269.png,587.png,60.8,0,1,0,0,0,1,I,multipanel,"title(s),annotation(s),caption(s),axes labels",0,1,0,1,1,1,0,0,0,0,1,4,1,1,3,"Distribution,Diagram",0,0,0,1,1,0,0,0,0,0,0,0,2
wsj273.png,588.png,27.1,1,0,0,0,0,1,N,multipanel,"axes labels,axes text,title(s),caption(s),annotation(s)",0,1,1,1,1,1,0,0,0,0,1,4,3,1,2,"Line,Bar",0,1,0,0,0,0,1,0,0,0,0,0,2
treasuryD03_4.png,589.png,3.8,0,0,1,0,1,0,G,single,"title(s),caption(s)",0,0,0,1,0,1,0,0,0,0,1,1,1,1,1,Table,0,0,0,0,0,0,0,0,0,1,0,0,1
economist_daily_chart_483.png,590.png,31.6,1,0,0,0,1,0,N,single,"title(s),caption(s),legend text,axes text",0,0,1,1,0,1,1,0,0,0,1,4,2,1,1,Bar,0,1,0,0,0,0,0,0,0,0,0,0,1
visMost241.png,591.png,51.9,0,1,0,0,1,0,I,single,"title(s),caption(s)",0,0,0,1,0,1,0,0,0,0,0,5,0,0,1,Diagram,0,0,0,1,0,0,0,0,0,0,0,0,1
whoO02.png,592.png,36.8,0,0,1,0,1,0,G,single,"axes text,caption(s),annotation(s)",0,0,1,0,1,1,0,0,0,0,1,2,2,4,1,Line,0,0,0,0,0,0,1,0,0,0,0,0,1
vis314.png,593.png,52.2,0,1,0,0,0,1,I,multipanel,"title(s),caption(s),annotation(s),axes text,axes labels",0,1,1,1,1,1,0,0,0,0,0,6,5,1,6,"Line,Circle,Diagram",0,0,1,1,0,0,1,0,0,0,0,0,3
vis472.png,594.png,57.3,0,1,0,0,0,1,I,multipanel,"title(s),caption(s),annotation(s),legend text",0,0,0,1,1,1,1,0,0,0,1,8,0,0,3,"Diagram,Map",0,0,0,1,0,0,0,1,0,0,0,0,2
visMost527.png,595.png,22.6,0,1,0,0,0,1,I,multipanel,title(s),0,0,0,1,0,0,0,0,0,0,1,16,1,0,1,Trees & Networks,0,0,0,0,0,0,0,0,0,0,0,1,1
v490_n7420_14_f4.png,596.png,59.9,0,0,0,1,0,1,S,multipanel,"title(s),axes text,axes labels",0,1,1,1,0,0,0,0,0,0,0,3,4,4,10,"Circle,Line,Bar,Diagram",0,1,1,1,0,0,1,0,0,0,0,0,4
wsj515.png,597.png,15.299999999999999,1,0,0,0,1,0,N,single,"text-only,title(s),caption(s)",0,0,0,1,0,1,0,0,1,0,1,4,0,0,1,Text,0,0,0,0,0,0,0,0,0,0,1,0,1
wsj501.png,598.png,36.9,1,0,0,0,0,1,N,multipanel,"axes labels,axes text,title(s),annotation(s),caption(s)",0,1,1,1,1,1,0,0,0,0,1,6,2,1,2,"Bar,Line",0,1,0,0,0,0,1,0,0,0,0,0,2
vis466.png,599.png,56.8,0,1,0,0,1,0,I,single,"title(s),caption(s),annotation(s),axes labels",0,1,0,1,1,1,0,0,0,0,0,6,1,0,2,"Map,Diagram",0,0,0,1,0,0,0,1,0,0,0,0,2
visMost533.png,600.png,64.7,0,1,0,0,1,0,I,single,"title(s),axes text,axes labels,caption(s),legend text",0,1,1,1,0,1,1,0,0,0,0,11,1,1,1,Distribution,0,0,0,0,1,0,0,0,0,0,0,0,1
visMost255.png,601.png,54.7,0,1,0,0,1,0,I,single,"title(s),annotation(s),axes labels,axes text",0,1,1,1,1,0,0,0,0,0,1,10,1,1,1,Diagram,0,0,0,1,0,0,0,0,0,0,0,0,1
vis300.png,602.png,47.9,0,1,0,0,0,1,I,multipanel,"title(s),annotation(s),caption(s),legend text,axes text",0,0,1,1,1,1,1,0,0,0,0,6,5,2,4,"Bar,Circle",0,1,1,0,0,0,0,0,0,0,0,0,2
wsj267.png,603.png,33.7,1,0,0,0,0,1,N,multipanel,"title(s),axes text,axes labels,annotation(s),caption(s)",0,1,1,1,1,1,0,0,0,0,0,6,1,1,1,Point,0,0,0,0,0,0,0,0,1,0,0,0,1
economist_daily_chart_497.png,604.png,38.5,1,0,0,0,1,0,N,single,"title(s),caption(s),legend text,axes text",0,0,1,1,0,1,1,0,0,0,1,5,1,2,1,Bar,0,1,0,0,0,0,0,0,0,0,0,0,1
v486_n7401_16_f3.png,605.png,51.7,0,0,0,1,0,1,S,multipanel,"title(s)axes labels,axes text,axes labels,legend text",0,1,1,1,0,0,1,0,0,0,0,4,3,3,9,"Bar,Line",0,1,0,0,0,0,1,0,0,0,0,0,2
v484_n7393_14_f3.png,606.png,55.4,0,0,0,1,0,1,S,multipanel,"axes labels,axes text,legend text",0,1,1,0,0,0,1,0,0,0,0,2,2,3,6,"Bar,Diagram,Table",0,1,0,1,0,0,0,0,0,1,0,0,3
economist_daily_chart_118.png,607.png,28.5,1,0,0,0,1,0,N,single,"title(s),caption(s),axes text,annotation(s)",0,0,1,1,1,1,0,0,0,0,0,4,2,1,1,Line,0,0,0,0,0,0,1,0,0,0,0,0,1
v485_n7397_1_f6.png,608.png,69,0,0,0,1,0,1,S,multipanel,"title(s),axes text,legend text,annotations",0,0,1,1,0,0,1,0,0,0,0,8,0,9,9,"Bar,Table",0,1,0,0,0,0,0,0,0,1,0,0,2
vis857.png,609.png,42.6,0,1,0,0,0,1,I,multipanel,"annotation(s),caption(s)",0,0,0,0,1,1,0,0,0,0,0,10,10,3,3,"Map,Diagram",0,0,0,1,0,0,0,1,0,0,0,0,2
whoC27.png,610.png,22.3,0,0,1,0,0,1,G,multipanel,"title(s),caption(s),legend text",0,0,0,1,0,1,1,0,0,0,0,5,0,1,1,Map,0,0,0,0,0,0,0,1,0,0,0,0,1
v489_n7415_18_f4.png,611.png,80.3,0,0,0,1,0,1,S,multipanel,"title(s),axes text, axes label, annotation(s)",0,0,1,1,1,0,0,0,0,1,0,0,2,3,9,"Table,Distribution,Diagram",0,0,0,1,1,0,0,0,0,1,0,0,3
whoC33.png,612.png,21.6,0,0,1,0,0,1,G,multipanel,"title(s),caption(s),axes text,axes labels",0,1,1,1,0,1,0,0,0,0,0,4,2,1,1,"Bar,Line",0,1,0,0,0,0,1,0,0,0,0,0,2
v490_n7418_16_f3.png,613.png,70.8,0,0,0,1,0,1,S,multipanel,"title(s),axes text,axes label,annotation(s)",0,0,1,1,1,0,0,0,0,1,0,0,2,1,12,Diagram,0,0,0,1,0,0,0,0,0,0,0,0,1
vis843.png,614.png,50,0,1,0,0,0,1,I,multipanel,"title(s),annotation(s),caption(s),axes text",0,0,1,1,1,1,0,0,0,0,1,4,8,2,3,"Distribution,Line,Diagram,Circle",0,0,1,1,1,0,1,0,0,0,0,0,4
v484_n7395_16_f1.png,615.png,74.9,0,0,0,1,0,1,S,multipanel,"title(s),axes labels,axes text,annotation(s),legend text",0,1,1,1,1,0,1,0,0,0,0,6,6,1,12,"Line,Bar",0,1,0,0,0,0,1,0,0,0,0,0,2
whoQ35_4.png,616.png,43.7,0,0,1,0,0,1,G,multipanel,"caption(s),axes text,axes labels,legend text",0,1,1,0,0,1,1,0,0,0,0,2,2,1,2,Point,0,0,0,0,0,0,0,0,1,0,0,0,1
v486_n7401_20_f2.png,617.png,91.5,0,0,0,1,0,1,S,multipanel,"title(s),axes text,axes labels,annotation(s),legend text",0,1,1,1,1,0,1,0,0,0,0,8,3,2,12,"Line,Bar,Diagram,Distribution",0,1,0,1,1,0,1,0,0,0,0,0,4
economist_daily_chart_124.png,618.png,25.1,1,0,0,0,1,0,N,single,"legend text,legend title,annotation(s),caption(s)",0,0,0,0,1,1,1,1,0,0,0,6,1,1,1,Map,0,0,0,0,0,0,0,1,0,0,0,0,1
whoJ40_2.png,619.png,13.400000000000002,0,0,1,0,1,0,G,single,"title(s),legend text,caption(s),axes text",0,0,1,1,0,1,1,0,0,0,0,3,1,1,1,Circle,0,0,1,0,0,0,0,0,0,0,0,0,1
whoQ56_7.png,620.png,12.7,0,0,1,0,1,0,G,single,"title(s),axes text,legend text",0,0,1,1,0,0,1,0,0,0,0,2,1,2,1,Bar,0,1,0,0,0,0,0,0,0,0,0,0,1
whoB25_1.png,621.png,16.1,0,0,1,0,1,0,G,single,"title(s),caption(s),legend text,axes text,axes labels",0,1,1,1,0,1,1,0,0,0,0,8,2,1,1,Line,0,0,0,0,0,0,1,0,0,0,0,0,1
v489_n7415_16_f1.png,622.png,57.8,0,0,0,1,0,1,S,multipanel,"title(s),axes labels,axes text",0,1,1,1,0,0,0,0,0,0,0,4,1,4,5,"Bar,Distribution",0,1,0,0,1,0,0,0,0,0,0,0,2
v484_n7394_10_f3.png,623.png,56.5,0,0,0,1,1,0,S,single,"title(s),annotation(s)",0,0,0,1,1,0,0,0,0,0,0,10,0,0,5,Diagram,0,0,0,1,0,0,0,0,0,0,0,0,1
economist_daily_chart_130.png,624.png,21.7,1,0,0,0,1,0,N,single,"title(s),caption(s),legend text,axes text",0,0,1,1,0,1,1,0,0,0,0,2,1,2,1,Bar,0,1,0,0,0,0,0,0,0,0,0,0,1
visMost719.png,625.png,36.8,0,1,0,0,0,1,I,multipanel,"title(s),caption(s),annotation(s)",0,0,0,1,1,1,0,0,0,0,1,10,0,0,1,Diagram,0,0,0,1,0,0,0,0,0,0,0,0,1
vis894.png,626.png,32.4,0,1,0,0,0,1,I,multipanel,"title(s),text-only",0,0,0,1,0,0,0,0,1,0,1,4,0,0,1,Diagram,0,0,0,1,0,0,0,0,0,0,0,0,1
v489_n7414_7_f3.png,627.png,55.8,0,0,0,1,0,1,S,multipanel,"title(s),axes text,legend text,axes labels",0,1,1,1,0,0,1,0,0,0,0,4,1,3,2,Bar,0,1,0,0,0,0,0,0,0,0,0,0,1
v486_n7403_19_f5.png,628.png,35.4,0,0,0,1,0,1,S,multipanel,"title(s),axes labels,axes text",0,1,1,1,0,0,0,0,0,0,0,2,2,1,4,Point,0,0,0,0,0,0,0,0,1,0,0,0,1
v483_n7388_17_f2.png,629.png,64.8,0,0,0,1,0,1,S,multipanel,"axes labels,axes text,legend text,annotation(s),title(s)",0,1,1,1,1,0,1,0,0,0,0,3,3,3,4,"Distribution,Point,Table",0,0,0,0,1,0,0,0,1,1,0,0,3
v488_n7411_13_f4.png,630.png,70,0,0,0,1,0,1,S,multipanel,"axes text,axes labels,legend text,title(s)",0,1,1,1,0,0,1,0,0,0,0,7,5,3,5,"Line,Distribution,Diagram",0,0,0,1,1,0,1,0,0,0,0,0,3
v489_n7415_7_f3.png,631.png,37.2,0,0,0,1,0,1,S,multipanel,"title(s),annotation(s)",0,0,0,1,1,0,0,0,0,1,0,0,2,3,1,Diagram,0,0,0,1,0,0,0,0,0,0,0,0,1
v484_n7393_4_f4.png,632.png,75.2,0,0,0,1,0,1,S,multipanel,"title(s),axes labels,axes text,annotation(s)",0,1,1,1,1,0,0,0,0,0,0,4,4,3,9,"Diagram,Line,Table",0,0,0,1,0,0,1,0,0,1,0,0,3
whoN29_2.png,633.png,17.3,0,0,1,0,1,0,G,single,"caption(s),text-only",0,0,0,0,0,1,0,0,1,0,1,2,1,2,1,Table,0,0,0,0,0,0,0,0,0,1,0,0,1
v483_n7391_15_f4.png,634.png,75.2,0,0,0,1,0,1,S,multipanel,"title(s),axes text,axes labels,legend text",0,1,1,1,0,0,1,0,0,0,0,30,0,3,4,"Bar,Line,Distribution",0,1,0,0,1,0,1,0,0,0,0,0,3
vis880.png,635.png,57.1,0,1,0,0,0,1,I,multipanel,"title(s),annotation(s),caption(s)",0,0,0,1,1,1,0,0,0,0,1,4,2,2,1,"Map,Circle",0,0,1,0,0,0,0,1,0,0,0,0,2
vis658.png,636.png,51.4,0,1,0,0,0,1,I,multipanel,"title(s),annotation(s),caption(s)",0,0,0,1,1,1,0,0,0,0,1,4,0,0,1,Diagram,0,0,0,1,0,0,0,0,0,0,0,0,1
visMost725.png,637.png,62,0,1,0,0,0,1,I,multipanel,"title(s),axes text,annotation(s),caption(s)",0,0,1,1,1,1,0,0,0,0,0,8,3,5,6,"Circle,Distribution,Bar,Diagram",0,1,1,1,1,0,0,0,0,0,0,0,4
whoQ28_1.png,638.png,82.1,0,0,1,0,0,1,G,multipanel,"title(s),axes text,legend text,caption(s),axes labels",0,1,1,1,0,1,1,0,0,0,0,6,0,0,4,Point,0,0,0,0,0,0,0,0,1,0,0,0,1
vis670.png,639.png,56.4,0,1,0,0,0,1,I,multipanel,"title(s),caption(s),annotation(s),axes text",0,0,1,1,1,1,0,0,0,0,1,8,0,0,1,Circle,0,0,1,0,0,0,0,0,0,0,0,0,1
vis116.png,640.png,66.5,0,1,0,0,0,1,I,multipanel,"title(s),annotation(s),captions,axes text,legend text",0,0,1,1,1,0,1,0,0,0,1,6,6,4,8,"Bar,Circle",0,1,1,0,0,0,0,0,0,0,0,0,2
whoQ58_8.png,641.png,11.9,0,0,1,0,1,0,G,single,"title(s),legend text,axes text",0,0,1,1,0,0,1,0,0,0,0,2,1,2,1,Bar,0,1,0,0,0,0,0,0,0,0,0,0,1
whoA02_2.png,642.png,45.7,0,0,1,0,1,0,G,single,"title(s),caption(s),annotation(s),axes label,text-only",0,0,0,1,1,1,0,0,1,0,0,2,2,1,1,Diagram,0,0,0,1,0,0,0,0,0,0,0,0,1
v489_n7417_21_f3.png,643.png,80.5,0,0,0,1,0,1,S,multipanel,"title(s),axes text,axes labels,annotation(s)",0,1,1,1,1,0,0,0,0,0,0,10,4,4,9,"Bar,Distribution,Diagram,Table",0,1,0,1,1,0,0,0,0,1,0,0,4
vis102.png,644.png,53.5,0,1,0,0,0,1,I,multipanel,"title(s),caption(s),annotation(s)",0,0,0,1,1,1,0,0,0,0,1,4,1,1,4,Map,0,0,0,0,0,0,0,1,0,0,0,0,1
v485_n7399_18_f1.png,645.png,75.8,0,0,0,1,0,1,S,multipanel,"title(s),axes text,axes labels,annotation(s)",0,1,1,1,1,0,0,0,0,0,0,7,1,2,17,"Bar,Diagram,Table",0,1,0,1,0,0,0,0,0,1,0,0,3
v483_n7387_20_f3.png,646.png,57.3,0,0,0,1,0,1,S,multipanel,"title(s),annotation(s)",0,0,0,1,1,0,0,0,0,0,0,10,0,0,4,Diagram,0,0,0,1,0,0,0,0,0,0,0,0,1
vis664.png,647.png,42.1,0,1,0,0,0,1,I,multipanel,"title(s),caption(s),annotation(s)",0,0,0,1,1,1,0,0,0,0,1,8,1,0,1,Diagram,0,0,0,1,0,0,0,0,0,0,0,0,1
v489_n7414_9_f6.png,648.png,13.4,0,0,0,1,1,0,S,single,"axes labels,axes text,legend title,legend text",0,1,1,0,0,0,1,1,0,0,1,2,2,1,1,Line,0,0,0,0,0,0,1,0,0,0,0,0,1
vis923.png,649.png,64.9,0,1,0,0,0,1,I,multipanel,"title(s),caption(s),annotation(s),axes text,legend text",0,0,1,1,1,1,1,0,0,0,0,8,0,2,1,Diagram,0,0,0,1,0,0,0,0,0,0,0,0,1
whoN32_1.png,650.png,7.4,0,0,1,0,0,1,G,multipanel,"title(s),caption(s),axes labels,axes text",0,1,1,1,0,1,0,0,0,0,0,1,1,1,1,Bar,0,1,0,0,0,0,0,0,0,0,0,0,1
v485_n7397_3_f3.png,651.png,77.2,0,0,0,1,0,1,S,multipanel,"title(s),annotation(s)",0,0,0,1,1,0,0,0,0,0,0,7,0,1,4,Diagram,0,0,0,1,0,0,0,0,0,0,0,0,1
economist_daily_chart_68.png,652.png,35.9,1,0,0,0,0,1,N,multipanel,"title(s),caption(s),legend text",0,0,0,1,0,1,1,0,0,0,0,6,1,1,2,Map,0,0,0,0,0,0,0,1,0,0,0,0,1
v484_n7395_14_f4.png,653.png,70.3,0,0,0,1,0,1,S,multipanel,"title(s),axes labels,axes text,legend text",0,1,1,1,0,0,1,0,0,1,0,0,9,1,15,"Distribution,Bar,Line",0,1,0,0,1,0,1,0,0,0,0,0,3
vis937.png,654.png,60.3,0,1,0,0,0,1,I,multipanel,"title(s),caption(s),annotation(s),axes text,axes label",0,0,1,1,1,1,0,0,0,0,1,6,10,3,14,"Circle,Diagram,Bar",0,1,1,1,0,0,0,0,0,0,0,0,3
v485_n7396_3_f3.png,655.png,55.3,0,0,0,1,0,1,S,multipanel,"title(s),axes labels,axes text,legend text",0,1,1,1,0,0,1,0,0,0,0,2,10,2,13,"Bar,Line",0,1,0,0,0,0,1,0,0,0,0,0,2
whoQ50_1.png,656.png,7.6,0,0,1,0,1,0,G,single,"title(s),axes text",0,0,1,1,0,0,0,0,0,0,0,1,1,1,1,Bar,0,1,0,0,0,0,0,0,0,0,0,0,1
visMost692.png,657.png,44.7,0,1,0,0,0,1,I,multipanel,"title(s),caption(s),annotation(s),axes text",0,0,1,1,1,1,0,0,0,0,1,9,4,2,5,"Trees & Networks,Map",0,0,0,0,0,0,0,1,0,0,0,1,2
v487_n7406_16_f2.png,658.png,82,0,0,0,1,1,0,S,single,"annotations,axes text,legend text",0,0,1,0,0,0,1,0,0,0,1,14,2,2,1,Diagram,0,0,0,1,0,0,0,0,0,0,0,0,1
whoQ15_1.png,659.png,22.5,0,0,1,0,1,0,G,single,"title(s),caption(s),axes text,axes labels,legend text",0,1,1,1,0,1,1,0,0,0,1,3,2,1,1,Point,0,0,0,0,0,0,0,0,1,0,0,0,1
economist_daily_chart_54.png,660.png,44.1,1,0,0,0,1,0,N,single,"title(s),legend text,legend title,axes text,annotation(s)",0,0,1,1,1,0,1,1,0,0,0,6,1,2,1,Point,0,0,0,0,0,0,0,0,1,0,0,0,1
v488_n7412_20_f1.png,661.png,64.1,0,0,0,1,0,1,S,multipanel,"title(s),axes text,axes labels,annotation(s)",0,1,1,1,1,0,0,0,0,0,0,6,2,1,3,"Diagram,Distribution",0,0,0,1,1,0,0,0,0,0,0,0,2
economist_daily_chart_40.png,662.png,19.1,1,0,0,0,1,0,N,single,"title(s),legend text,axes text,annotation(s),caption(s)",0,0,1,1,1,1,1,0,0,0,0,2,2,2,1,Bar,0,1,0,0,0,0,0,0,0,0,0,0,1
vis738.png,663.png,51.9,0,1,0,0,1,0,I,single,"title(s),caption(s),annotation(s),axes text",0,0,1,1,1,1,0,0,0,0,1,10,2,0,4,"Bar,Line",0,1,0,0,0,0,1,0,0,0,0,0,2
visMost10.png,664.png,30.2,0,1,0,0,0,1,I,multipanel,"title(s),caption(s),axes text",0,0,1,1,0,1,0,0,0,0,1,10,1,1,1,Table,0,0,0,0,0,0,0,0,0,1,0,0,1
v488_n7411_11_f1.png,665.png,50.1,0,0,0,1,0,1,S,multipanel,"axes labels,axes text,title(s),legend text,annotation(s)",0,1,1,1,1,0,1,0,0,0,0,5,3,2,3,"Point,Map",0,0,0,0,0,0,0,1,1,0,0,0,2
wsj139.png,666.png,30,1,0,0,0,0,1,N,multipanel,"title(s),caption(s),axes text,annotation(s)",0,0,1,1,1,1,0,0,0,0,1,10,2,2,2,"Area,Line",1,0,0,0,0,0,1,0,0,0,0,0,2
v489_n7414_5_f6.png,667.png,76.4,0,0,0,1,0,1,S,multipanel,"title(s),legend text,axes labels,axes text,annotation(s)",0,1,1,1,1,0,1,0,0,0,0,6,3,3,6,"Trees & Networks,Circle",0,0,1,0,0,0,0,0,0,0,0,1,2
v484_n7393_6_f1.png,668.png,70.1,0,0,0,1,0,1,S,multipanel,"axes labels,axes text,legend text,title(s)",0,1,1,1,0,0,1,0,0,0,0,7,2,1,2,Point,0,0,0,0,0,0,0,0,1,0,0,0,1
v483_n7391_17_f1.png,669.png,74.7,0,0,0,1,0,1,S,multipanel,"legend text,axes labels,axes text,title(s)",0,1,1,1,0,0,1,0,0,0,0,3,5,3,8,"Bar,Table",0,1,0,0,0,0,0,0,0,1,0,0,2
v485_n7397_25_f2.png,670.png,68,0,0,0,1,0,1,S,multipanel,"title(s),annotation(s)",0,0,0,1,1,0,0,0,0,0,0,7,0,0,4,Diagram,0,0,0,1,0,0,0,0,0,0,0,0,1
visMost679.png,671.png,56,0,1,0,0,1,0,I,single,"title(s),caption(s),axes text",0,0,1,1,0,1,0,0,0,0,1,3,1,0,1,Diagram,0,0,0,1,0,0,0,0,0,0,0,0,1
vis704.png,672.png,57.1,0,1,0,0,0,1,I,multipanel,"title(s),caption(s),legend text,annotation(s)",0,0,0,1,1,1,1,0,0,0,1,4,0,0,1,"Map,Distribution",0,0,0,0,1,0,0,1,0,0,0,0,2
visMost651.png,673.png,17.5,0,1,0,0,1,0,I,single,"title(s),caption(s)",0,0,0,1,0,1,0,0,0,0,1,1,0,0,1,Table,0,0,0,0,0,0,0,0,0,1,0,0,1
visMost137.png,674.png,60.4,0,1,0,0,0,1,I,multipanel,"annotation(s),title(s),axes text,caption(s)",0,0,1,1,1,1,0,0,0,0,1,10,4,3,7,"Line,Bar,Distribution,Diagram,Table",0,1,0,1,1,0,1,0,0,1,0,0,5
whoJ38_2.png,675.png,8.2,0,0,1,0,1,0,G,single,"title(s),caption(s),legend text",0,0,0,1,0,1,1,0,0,0,0,2,0,1,1,Circle,0,0,1,0,0,0,0,0,0,0,0,0,1
v484_n7393_8_f4.png,676.png,55.1,0,0,0,1,0,1,S,multipanel,"axes labels,axes text,annotation(s),title(s)",0,1,1,1,1,0,0,0,0,0,0,5,4,1,4,"Line,Diagram",0,0,0,1,0,0,1,0,0,0,0,0,2
wsj105.png,677.png,50.6,1,0,0,0,0,1,N,multipanel,"title(s),legend text,annotation(s),caption(s)",0,0,0,1,1,1,1,0,0,0,1,3,2,2,2,"Map,Bar",0,1,0,0,0,0,0,1,0,0,0,0,2
economist_daily_chart_97.png,678.png,46.2,1,0,0,0,1,0,N,single,"title(s),axes text,legend text,caption(s)",0,0,1,1,0,1,1,0,0,0,0,6,1,3,1,"Bar,Point",0,1,0,0,0,0,0,0,1,0,0,0,2
v485_n7398_12_f3.png,679.png,44.5,0,0,0,1,0,1,S,multipanel,"axes labels,axes text,legend text",0,1,1,0,0,0,1,0,0,0,0,7,1,2,2,Bar,0,1,0,0,0,0,0,0,0,0,0,0,1
v488_n7410_17_f3.png,680.png,72.8,0,0,0,1,0,1,S,multipanel,"title(s),axes labels,axes text,legend text,annotation(s)",0,1,1,1,1,0,1,0,0,0,0,7,2,4,18,"Diagram,Point,Bar",0,1,0,1,0,0,0,0,1,0,0,0,3
wsj111.png,681.png,27.2,1,0,0,0,0,1,N,multipanel,"title(s),caption(s),legend text,annotation(s)",0,0,0,1,1,1,1,0,0,0,1,2,1,2,4,"Line,Bar",0,1,0,0,0,0,1,0,0,0,0,0,2
economist_daily_chart_83.png,682.png,46.2,1,0,0,0,0,1,N,multipanel,"caption(s),title(s),axes text,legend text",0,0,1,1,0,1,1,0,0,0,0,14,1,2,2,"Distribution,Bar",0,1,0,0,1,0,0,0,0,0,0,0,2
visMost123.png,683.png,27.6,0,1,0,0,1,0,I,single,"title(s),caption(s)",0,0,0,1,0,1,0,0,0,0,1,16,0,1,1,Map,0,0,0,0,0,0,0,1,0,0,0,0,1
vis710.png,684.png,31.1,0,1,0,0,0,1,I,multipanel,"annotation(s),title(s),caption(s),legend text,axes text",0,0,1,1,1,1,1,0,0,0,1,9,3,3,2,"Circle,Distribution,Bar",0,1,1,0,1,0,0,0,0,0,0,0,3
visMost645.png,685.png,35.6,0,1,0,0,1,0,I,single,"title(s),caption(s),annotation(s),axes text",0,0,1,1,1,1,0,0,0,0,1,3,0,4,4,Diagram,0,0,0,1,0,0,0,0,0,0,0,0,1
whoB18_1.png,686.png,21.4,0,0,1,0,1,0,G,single,"caption(s),axes text,legend text,axes labels,title(s)",0,1,1,1,0,1,1,0,0,0,0,2,1,2,1,Bar,0,1,0,0,0,0,0,0,0,0,0,0,1
visMost38.png,687.png,70.3,0,1,0,0,1,0,I,single,"title(s),legend text,annotation(s),caption(s)",0,0,0,1,1,1,1,0,0,0,0,22,1,3,1,Trees & Networks,0,0,0,0,0,0,0,0,0,0,0,1,1
v483_n7387_7_f3.png,688.png,55.2,0,0,0,1,0,1,S,multipanel,"axes labels,axes text,annotation(s),title(s)",0,1,1,1,1,0,0,0,0,0,0,13,2,2,2,Line,0,0,0,0,0,0,1,0,0,0,0,0,1
economist_daily_chart_508.png,689.png,13.9,1,0,0,0,1,0,N,single,"legend text,axes text,caption(s),annotation(s),title(s)",0,0,1,1,1,1,1,0,0,0,1,2,2,1,1,Bar,0,1,0,0,0,0,0,0,0,0,0,0,1
v485_n7399_8_f3.png,690.png,36.5,0,0,0,1,0,1,S,multipanel,"axes labels,axes text,title(s)",0,1,1,1,0,0,0,0,0,0,0,2,2,1,2,Point,0,0,0,0,0,0,0,0,1,0,0,0,1
vis48.png,691.png,51.1,0,1,0,0,0,1,I,multipanel,"annotation(s),legend text,title(s),caption(s),axes text",0,0,1,1,1,1,1,0,0,0,1,5,2,1,2,"Bar,Circle",0,1,1,0,0,0,0,0,0,0,0,0,2
v489_n7416_6_f4.png,692.png,59.7,0,0,0,1,1,0,S,single,"axes labels,axes text",0,1,1,0,0,0,0,0,0,0,0,4,3,1,1,Point,0,0,0,0,0,0,0,0,1,0,0,0,1
v487_n7405_11_f3.png,693.png,42.6,0,0,0,1,0,1,S,multipanel,"title(s),annotation(s)",0,0,0,1,1,0,0,0,0,1,0,0,2,1,16,Diagram,0,0,0,1,0,0,0,0,0,0,0,0,1
whoP06.png,694.png,18.8,0,0,1,0,1,0,G,single,"caption(s),text-only,title(s)",0,0,0,1,0,1,0,0,1,0,0,1,3,2,1,Table,0,0,0,0,0,0,0,0,0,1,0,0,1
v485_n7397_13_f3.png,695.png,20.4,0,0,0,1,0,1,S,multipanel,"axes labels,axes text,title(s),annotation(s)",0,1,1,1,1,0,0,0,0,0,0,2,2,2,3,Bar,0,1,0,0,0,0,0,0,0,0,0,0,1
whoP12.png,696.png,46.2,0,0,1,0,1,0,G,single,"annotation(s),title(s),caption(s)",0,0,0,1,1,1,0,0,0,0,0,2,0,0,1,Diagram,0,0,0,1,0,0,0,0,0,0,0,0,1
v482_n7386_14_f1.png,697.png,82,0,0,0,1,0,1,S,multipanel,"title(s),legend text,axes text,axes labels",0,1,1,1,0,0,1,0,0,0,0,8,0,3,6,"Point,Line,Distribution,Diagram",0,0,0,1,1,0,1,0,1,0,0,0,4
v486_n7403_9_f2.png,698.png,80.4,0,0,0,1,0,1,S,multipanel,"title(s),axes text,axes labels,annotation(s)",0,1,1,1,1,0,0,0,0,0,0,10,2,5,8,"Diagram,Distribution",0,0,0,1,1,0,0,0,0,0,0,0,2
treasuryA11.png,699.png,34,0,0,1,0,1,0,G,single,"annotation(s),legend text,title(s),title(s),caption(s),axes text",0,0,1,1,1,1,1,0,0,0,0,4,1,2,2,Bar,0,1,0,0,0,0,0,0,0,0,0,0,1
economist_daily_chart_534.png,700.png,21.8,1,0,0,0,1,0,N,single,"caption(s),annotation(s),title(s),axes text",0,0,1,1,1,1,0,0,0,0,1,4,2,1,1,Bar,0,1,0,0,0,0,0,0,0,0,0,0,1
v485_n7396_15_f1.png,701.png,61.8,0,0,0,1,0,1,S,multipanel,"title(s),annotation(s),axes labels,axes text",0,1,1,1,1,0,0,0,0,1,0,0,2,0,1,Bar,0,1,0,0,0,0,0,0,0,0,0,0,1
np_25.png,702.png,78,1,0,0,0,0,1,N,multipanel,"title(s),caption(s),annotation(s),axes text",0,0,1,1,1,1,0,0,0,0,0,3,5,3,10,"Line,Bar,Trees & Networks",0,1,0,0,0,0,1,0,0,0,0,1,3
economist_daily_chart_252.png,703.png,30.5,1,0,0,0,1,0,N,single,"annotation(s),legend text,title(s),caption(s),axes text",0,0,1,1,1,1,1,0,0,0,1,3,3,2,1,Bar,0,1,0,0,0,0,0,0,0,0,0,0,1
v486_n7403_23_f4.png,704.png,64.9,0,0,0,1,0,1,S,multipanel,"axes labels,axes text,axes text,axes labels,legend text,annotation(s)",0,1,1,0,1,0,1,0,0,0,0,5,6,2,13,"Bar,Line,Distribution,Diagram",0,1,0,1,1,0,1,0,0,0,0,0,4
whoQ52_3.png,705.png,14.1,0,0,1,0,1,0,G,single,"legend text,axes text,axes labels,caption(s),title(s)",0,1,1,1,0,1,1,0,0,0,0,4,2,1,1,Area,1,0,0,0,0,0,0,0,0,0,0,0,1
vis74.png,706.png,43,0,1,0,0,0,1,I,multipanel,"title(s),annotation(s),caption(s)",0,0,0,1,1,1,0,0,0,0,0,3,6,0,1,Diagram,0,0,0,1,0,0,0,0,0,0,0,0,1
visMost484.png,707.png,50.9,0,1,0,0,0,1,I,multipanel,"title(s),caption(s),annotation(s),axes text",0,0,1,1,1,1,0,0,0,0,1,9,6,4,4,"Bar,Map,Distribution,Line",0,1,0,0,1,0,1,1,0,0,0,0,4
vis60.png,708.png,55.7,0,1,0,0,0,1,I,multipanel,"title(s),caption(s),annotation(s)",0,0,0,1,1,1,0,0,0,0,1,7,10,5,19,"Bar,Circle,Area",1,1,1,0,0,0,0,0,0,0,0,0,3
v489_n7416_8_f1.png,709.png,72.5,0,0,0,1,0,1,S,multipanel,"title(s),axes labels,axes text,annotation(s)",0,1,1,1,1,0,0,0,0,0,0,6,7,5,4,"Line,Diagram",0,0,0,1,0,0,1,0,0,0,0,0,2
v485_n7398_24_f2.png,710.png,77.3,0,0,0,1,0,1,S,multipanel,"title(s),axes labels,axes text,annotation(s)",0,1,1,1,1,0,0,0,0,0,0,7,3,4,8,"Circle,Line,Distribution",0,0,1,0,1,0,1,0,0,0,0,0,3
treasuryG04_2.png,711.png,9.2,0,0,1,0,1,0,G,single,"title(s),caption(s),legend text,axes text",0,0,1,1,0,1,1,0,0,0,0,2,2,1,1,Line,0,0,0,0,0,0,1,0,0,0,0,0,1
economist_daily_chart_246.png,712.png,27,1,0,0,0,1,0,N,single,"annotation(s),caption(s),axes text,legend text,title(s)",0,0,1,1,1,1,1,0,0,0,1,2,2,2,1,Point,0,0,0,0,0,0,0,0,1,0,0,0,1
economist_daily_chart_520.png,713.png,15.4,1,0,0,0,1,0,N,single,"title(s),caption(s),axes text",0,0,1,1,0,1,0,0,0,0,1,4,3,0,1,"Bar,Line",0,1,0,0,0,0,1,0,0,0,0,0,2
np_31.png,714.png,65.3,1,0,0,0,0,1,N,multipanel,"title(s),axes text,caption(s)",0,0,1,1,0,1,0,0,0,0,0,5,9,7,11,"Map,Distribution,Bar,Circle",0,1,1,0,1,0,0,1,0,0,0,0,4
whoK25_2.png,715.png,35.3,0,0,1,0,0,1,G,multipanel,"caption(s),annotation(s),legend text,axes text,title(s)",0,0,1,1,1,1,1,0,0,0,0,3,1,2,1,Distribution,0,0,0,0,1,0,0,0,0,0,0,0,1
v488_n7409_7_f2.png,716.png,47.2,0,0,0,1,0,1,S,multipanel,"title(s),axes labels,axes text,annotation(s)",0,1,1,1,1,0,0,0,0,0,0,6,3,1,3,"Distribution,Line",0,0,0,0,1,0,1,0,0,0,0,0,2
visMost309.png,717.png,67.2,0,1,0,0,0,1,I,multipanel,"title(s),caption(s),annotation(s)",0,0,0,1,1,1,0,0,0,0,1,3,0,0,1,Map,0,0,0,0,0,0,0,1,0,0,0,0,1
v488_n7413_10_f2.png,718.png,86.4,0,0,0,1,0,1,S,multipanel,"title(s),axes labels,axes text,annotation(s)",0,1,1,1,1,0,0,0,0,0,0,7,6,1,3,"Line,Diagram",0,0,0,1,0,0,1,0,0,0,0,0,2
v484_n7393_18_f3.png,719.png,67.9,0,0,0,1,0,1,S,multipanel,"title(s),annotation(s)",0,0,0,1,1,0,0,0,0,0,0,8,0,0,8,Diagram,0,0,0,1,0,0,0,0,0,0,0,0,1
v482_n7386_5_f2.png,720.png,77.9,0,0,0,1,0,1,S,multipanel,"title(s),annotation(s)",0,0,0,1,1,0,0,0,0,0,0,7,0,0,8,Diagram,0,0,0,1,0,0,0,0,0,0,0,0,1
wsj449.png,721.png,38.7,1,0,0,0,0,1,N,multipanel,"axes text,annotation(s),caption(s)",0,0,1,0,1,1,0,0,0,0,1,4,3,1,2,"Bar,Line",0,1,0,0,0,0,1,0,0,0,0,0,2
vis248.png,722.png,57.1,0,1,0,0,1,0,I,single,"title(s),caption(s),annotation(s),axes text,legend text",0,0,1,1,1,1,1,0,0,0,1,4,2,1,2,"Circle,Line",0,0,1,0,0,0,1,0,0,0,0,0,2
v484_n7392_10_f4.png,723.png,48.9,0,0,0,1,0,1,S,multipanel,"title(s),axes labels,axes text,annotation(s),legend text",0,1,1,1,1,0,1,0,0,0,0,2,4,2,4,"Point,Distribution",0,0,0,0,1,0,0,0,1,0,0,0,2
whoH02_1.png,724.png,22.8,0,0,1,0,0,1,G,multipanel,"caption(s),legend text,axes labels,axes text,annotation(s)",0,1,1,0,1,1,1,0,0,0,0,5,1,2,1,Bar,0,1,0,0,0,0,0,0,0,0,0,0,1
wsj307.png,725.png,42.1,1,0,0,0,0,1,N,multipanel,"title(s),caption(s),annotation(s)",0,0,0,1,1,1,0,0,0,0,1,4,3,1,1,Bar,0,1,0,0,0,0,0,0,0,0,0,0,1
v490_n7420_16_f1.png,726.png,67.1,0,0,0,1,0,1,S,multipanel,"title(s),annotation(s),caption(s),legend text",0,0,0,1,1,1,1,0,0,0,0,11,2,4,4,"Area,Bar,Line,Table",1,1,0,0,0,0,1,0,0,1,0,0,4
vis260.png,727.png,68.2,0,1,0,0,0,1,I,multipanel,"title(s),caption(s),legend title,legend text,annotation(s)",0,0,0,1,1,1,1,1,0,0,1,12,2,5,1,"Map,Diagram",0,0,0,1,0,0,0,1,0,0,0,0,2
visMost335.png,728.png,73.4,0,1,0,0,1,0,I,single,"title(s),caption(s)",0,0,0,1,0,1,0,0,0,0,1,18,0,0,1,Text,0,0,0,0,0,0,0,0,0,0,1,0,1
visMost453.png,729.png,81.1,0,1,0,0,0,1,I,multipanel,"axes labels,axes text,title(s),caption(s),legend title",0,1,1,1,0,1,0,1,0,0,1,15,8,10,2,"Diagram,Bar",0,1,0,1,0,0,0,0,0,0,0,0,2
whoI10.png,730.png,65.7,0,0,1,0,1,0,G,single,"title(s),legend text,annotation(s),caption(s)",0,0,0,1,1,1,1,0,0,1,0,0,2,2,1,Bar,0,1,0,0,0,0,0,0,0,0,0,0,1
vis506.png,731.png,53.6,0,1,0,0,0,1,I,multipanel,"title(s),legend title,caption(s),annotation(s),axes text",0,0,1,1,1,1,0,1,0,0,1,3,8,3,7,"Diagram,Bar",0,1,0,1,0,0,0,0,0,0,0,0,2
wsj461.png,732.png,54.2,1,0,0,0,0,1,N,multipanel,"axes labels,annotation(s),caption(s),legend text,axes text",0,1,1,0,1,1,1,0,0,0,1,6,1,3,2,"Map,Bar",0,1,0,0,0,0,0,1,0,0,0,0,2
economist_daily_chart_291.png,733.png,39.6,1,0,0,0,1,0,N,single,"title(s),caption(s),annotation(s),axes text,axes label",0,0,1,1,1,1,0,0,0,0,1,4,2,1,1,Line,0,0,0,0,0,0,1,0,0,0,0,0,1
wsj475.png,734.png,55.2,1,0,0,0,0,1,N,multipanel,"legend title,legend text,axes labels,title(s),caption(s)",0,1,0,1,0,1,1,1,0,0,1,5,9,1,4,Line,0,0,0,0,0,0,1,0,0,0,0,0,1
treasuryD05_2.png,735.png,26.300000000000004,0,0,1,0,1,0,G,single,"title(s),axes labels,annotation(s),text-only,caption(s)",0,1,0,1,1,1,0,0,1,0,1,3,3,1,1,Table,0,0,0,0,0,0,0,0,0,1,0,0,1
economist_daily_chart_285.png,736.png,51.3,1,0,0,0,1,0,N,single,"title(s),legend title,legend text,axes text,caption(s)",0,0,1,1,0,1,1,1,0,1,1,10,2,1,1,Line,0,0,0,0,0,0,1,0,0,0,0,0,1
visMost447.png,737.png,80.8,0,1,0,0,0,1,I,multipanel,"title(s),caption(s),annotation(s)",0,0,0,1,1,1,0,0,0,0,1,10,0,0,1,Diagram,0,0,0,1,0,0,0,0,0,0,0,0,1
whoI04.png,738.png,47,0,0,1,0,1,0,G,single,"axes labels,axes text,legend text,caption(s)",0,1,1,0,0,1,1,0,0,1,0,0,2,1,1,Line,0,0,0,0,0,0,1,0,0,0,0,0,1
vis512.png,739.png,46.6,0,1,0,0,1,0,I,single,"title(s),caption(s)",0,0,0,1,0,1,0,0,0,0,1,3,0,1,1,Table,0,0,0,0,0,0,0,0,0,1,0,0,1
vis274.png,740.png,66.8,0,1,0,0,0,1,I,multipanel,"title(s),annotation(s),caption(s),legend title,axes text",0,0,1,1,1,1,0,1,0,0,1,12,5,2,5,"Line,Bar,Area,Distribution",1,1,0,0,1,0,1,0,0,0,0,0,4
treasuryL03_2.png,741.png,22.7,0,0,1,0,1,0,G,single,"axes labels,title(s),caption(s)",0,1,0,1,0,1,0,0,0,0,0,11,0,1,1,Circle,0,0,1,0,0,0,0,0,0,0,0,0,1
visMost321.png,742.png,71.3,0,1,0,0,0,1,I,multipanel,"caption(s),annotation(s),title(s),",0,0,0,1,1,1,0,0,0,0,1,4,4,7,6,"Diagram,Circle,Table",0,0,1,1,0,0,0,0,0,1,0,0,3
v487_n7406_20_f3.png,743.png,77,0,0,0,1,0,1,S,multipanel,"title(s),axes text,axes labels,legend text",0,1,1,1,0,0,1,0,0,0,0,8,6,2,7,"Bar,Line,Diagram,Table",0,1,0,1,0,0,1,0,0,1,0,0,4
wsj313.png,744.png,22.1,1,0,0,0,0,1,N,multipanel,"axes text,title(s),caption(s),annotation(s)",0,0,1,1,1,1,0,0,0,0,1,4,4,0,2,Bar,0,1,0,0,0,0,0,0,0,0,0,0,1
visMost319.png,745.png,61.5,0,1,0,0,0,1,I,multipanel,"title(s),legend title,caption(s),axes labels",0,1,0,1,0,1,0,1,0,0,1,10,0,6,2,"Diagram,Table",0,0,0,1,0,0,0,0,0,1,0,0,2
v488_n7412_18_f1.png,746.png,83.3,0,0,0,1,0,1,S,multipanel,"title(s),axes labels,annotation(s),axes text",0,1,1,1,1,0,0,0,0,0,0,12,1,2,10,"Diagram,Point",0,0,0,1,0,0,0,0,1,0,0,0,2
v489_n7414_24_f3.png,747.png,71.4,0,0,0,1,0,1,S,multipanel,"title(s),legend text,annotation(s),axes text,axes labels",0,1,1,1,1,0,1,0,0,0,0,5,7,2,7,"Point,Diagram",0,0,0,1,0,0,0,0,1,0,0,0,2
v484_n7395_22_f1.png,748.png,76.8,0,0,0,1,0,1,S,multipanel,"title(s),annotation(s),legend text,axes label",0,0,0,1,1,0,1,0,0,0,0,7,0,4,9,Diagram,0,0,0,1,0,0,0,0,0,0,0,0,1
wsj459.png,749.png,31.7,1,0,0,0,1,0,N,single,"title(s),caption(s),annotation(s)",0,0,0,1,1,1,0,0,0,0,1,3,2,1,2,Bar,0,1,0,0,0,0,0,0,0,0,0,0,1
v490_n7418_22_f3.png,750.png,88,0,0,0,1,0,1,S,multipanel,"title(s),annotation(s)",0,0,0,1,1,0,0,0,0,0,0,3,0,2,2,Diagram,0,0,0,1,0,0,0,0,0,0,0,0,1
v488_n7413_3_f2.png,751.png,92.5,0,0,0,1,1,0,S,single,"axes labels,axes text,annotation(s),legend text, title(s)",0,1,1,1,1,0,1,0,0,0,0,30,5,5,1,"Line,Point,Distribution",0,0,0,0,1,0,1,0,1,0,0,0,3
vis258.png,752.png,61.1,0,1,0,0,0,1,I,multipanel,"title(s),caption(s),annotation(s)",0,0,0,1,1,1,0,0,0,0,1,5,1,2,1,Diagram,0,0,0,1,0,0,0,0,0,0,0,0,1
wsj317.png,753.png,41,1,0,0,0,0,1,N,multipanel,"title(s),axes text,axes labels,caption(s),annotation(s)",0,1,1,1,1,1,0,0,0,0,1,3,2,2,2,"Bar,Area",1,1,0,0,0,0,0,0,0,0,0,0,2
visMost325.png,754.png,34.9,0,1,0,0,1,0,I,single,"title(s),legend text,caption(s)",0,0,0,1,0,1,1,0,0,0,1,6,0,1,1,Map,0,0,0,0,0,0,0,1,0,0,0,0,1
vis270.png,755.png,28.9,0,1,0,0,0,1,I,multipanel,"axes text,title(s),annotation(s),caption(s)",0,0,1,1,1,1,0,0,0,0,1,4,1,2,1,Bar,0,1,0,0,0,0,0,0,0,0,0,0,1
vis516.png,756.png,77.6,0,1,0,0,0,1,I,multipanel,"axes labels,title(s),annotation(s),caption(s),legend title,axes text",0,1,1,1,1,1,0,1,0,0,0,20,2,5,8,"Bar,Circle,Map",0,1,1,0,0,0,0,1,0,0,0,0,3
v486_n7401_14_f2.png,757.png,82.8,0,0,0,1,0,1,S,multipanel,"axes labels,annotation(s),caption(s),title(s),axes text",0,1,1,1,1,1,0,0,0,0,0,5,4,6,6,"Bar,Diagram,Table",0,1,0,1,0,0,0,0,0,1,0,0,3
v484_n7393_16_f2.png,758.png,81.9,0,0,0,1,0,1,S,multipanel,"title(s),axes labels,axes text,annotation(s),legend text",0,1,1,1,1,0,1,0,0,0,0,6,2,13,7,"Bar,Point,Distribution",0,1,0,0,1,0,0,0,1,0,0,0,3
visMost443.png,759.png,71.1,0,1,0,0,0,1,I,multipanel,"title(s),caption(s),annotation(s)",0,0,0,1,1,1,0,0,0,0,1,15,0,2,2,"Diagram,Table",0,0,0,1,0,0,0,0,0,1,0,0,2
wsj471.png,760.png,34.3,1,0,0,0,1,0,N,single,"title(s),legend text,annotation(s),caption(s)",0,0,0,1,1,1,1,0,0,0,1,7,1,2,2,Map,0,0,0,0,0,0,0,1,0,0,0,0,1
economist_daily_chart_281.png,761.png,45.5,1,0,0,0,1,0,N,single,"title(s),legend text,annotation(s),caption(s)",0,0,0,1,1,1,1,0,0,0,0,15,2,1,1,"Line,Bar",0,1,0,0,0,0,1,0,0,0,0,0,2
v490_n7419_24_f1.png,762.png,74.5,0,0,0,1,0,1,S,multipanel,"title(s),annotation(s),caption(s),axes labels,axes text,legend text",0,1,1,1,1,1,1,0,0,0,0,1,3,5,10,"Bar,Table",0,1,0,0,0,0,0,0,0,1,0,0,2
v488_n7412_16_f4.png,763.png,78.4,0,0,0,1,0,1,S,multipanel,"title(s),axes labels,axes text,annotation(s),caption(s)",0,1,1,1,1,1,0,0,0,0,0,10,3,7,5,"Bar,Diagram,Line",0,1,0,1,0,0,1,0,0,0,0,0,3
wsj465.png,764.png,32.1,1,0,0,0,1,0,N,single,"axes text,title(s),caption(s)",0,0,1,1,0,1,0,0,0,0,1,4,2,1,1,Line,0,0,0,0,0,0,1,0,0,0,0,0,1
economist_daily_chart_295.png,765.png,10.2,1,0,0,0,0,1,N,multipanel,no text,1,0,0,0,0,0,0,0,0,0,0,2,0,0,1,Map,0,0,0,0,0,0,0,1,0,0,0,0,1
whoI14.png,766.png,20.9,0,0,1,0,1,0,G,single,"title(s),caption(s)",0,0,0,1,0,1,0,0,0,1,0,0,4,2,1,Table,0,0,0,0,0,0,0,0,0,1,0,0,1
vis502.png,767.png,55.1,0,1,0,0,0,1,I,multipanel,"title(s),caption(s)",0,0,0,1,0,1,0,0,0,0,0,5,0,1,1,Table,0,0,0,0,0,0,0,0,0,1,0,0,1
visMost457.png,768.png,49.2,0,1,0,0,1,0,I,single,"title(s),caption(s),legend text",0,0,0,1,0,1,1,0,0,0,1,10,9,1,1,Map,0,0,0,0,0,0,0,1,0,0,0,0,1
v487_n7406_2_f1.png,769.png,72.2,0,0,0,1,0,1,S,multipanel,"title(s),annotation(s),caption(s)",0,0,0,1,1,1,0,0,0,0,0,5,0,5,1,Diagram,0,0,0,1,0,0,0,0,0,0,0,0,1
visMost331.png,770.png,75,0,1,0,0,0,1,I,multipanel,"title(s),axes labels,axes text,annotation(s)",0,1,1,1,1,0,0,0,0,0,1,3,4,4,4,"Bar,Distribution",0,1,0,0,1,0,0,0,0,0,0,0,2
vis264.png,771.png,58.1,0,1,0,0,0,1,I,multipanel,"title(s),caption(s),annotation(s),legend text",0,0,0,1,1,1,1,0,0,0,1,12,1,4,5,"Distribution,Diagram,Table,Circle,Area",1,0,1,1,1,0,0,0,0,1,0,0,5
wsj303.png,772.png,78.1,1,0,0,0,1,0,N,single,"title(s),caption(s),annotation(s)",0,0,0,1,1,1,0,0,0,0,1,3,0,1,1,Diagram,0,0,0,1,0,0,0,0,0,0,0,0,1
v485_n7399_22_f4.png,773.png,89.8,0,0,0,1,0,1,S,multipanel,"title(s),annotation(s)",0,0,0,1,1,0,0,0,0,0,0,6,0,8,7,Diagram,0,0,0,1,0,0,0,0,0,0,0,0,1
treasuryA4.png,774.png,62.9,0,0,1,0,0,1,G,multipanel,"title(s),caption(s),axes text",0,0,1,1,0,1,0,0,0,0,0,6,6,2,4,"Area,Line",1,0,0,0,0,0,1,0,0,0,0,0,2
economist_daily_chart_518.png,775.png,23.4,1,0,0,0,1,0,N,single,"title(s),axes text,caption(s)",0,0,1,1,0,1,0,0,0,0,1,1,1,1,1,Bar,0,1,0,0,0,0,0,0,0,0,0,0,1
v490_n7419_7_f1.png,776.png,62.6,0,0,0,1,0,1,S,multipanel,"axes labels,axes text,legend text",0,1,1,0,0,0,1,0,0,0,0,6,3,0,1,Grid & Matrix,0,0,0,0,0,1,0,0,0,0,0,0,1
v489_n7416_13_f1.png,777.png,42.9,0,0,0,1,0,1,S,multipanel,"title(s),annotation(s),axes labels,axes text",0,1,1,1,1,0,0,0,0,0,0,3,5,0,2,"Bar,Point,Area",1,1,0,0,0,0,0,0,1,0,0,0,3
vis58.png,778.png,64.3,0,1,0,0,0,1,I,multipanel,"legend text,title(s),axes labels,axes text,caption(s)",0,1,1,1,0,1,1,0,0,0,0,2,5,6,11,"Bar,Line,Map,Diagram,Distribution",0,1,0,1,1,0,1,1,0,0,0,0,5
whoP16.png,779.png,28.5,0,0,1,0,1,0,G,single,"axes text,title(s)",0,0,1,1,0,0,0,0,0,0,0,1,1,1,1,Table,0,0,0,0,0,0,0,0,0,1,0,0,1
whoP02.png,780.png,32.5,0,0,1,0,1,0,G,single,"axes text,annotation(s),caption(s)",0,0,1,0,1,1,0,0,0,0,0,1,6,2,1,Table,0,0,0,0,0,0,0,0,0,1,0,0,1
v483_n7391_21_f4.png,781.png,85.5,0,0,0,1,0,1,S,multipanel,"title(s),annotation(s),legend text,axes text,axes label",0,0,1,1,1,0,1,0,0,0,0,3,4,2,5,"Line,Distribution,Table",0,0,0,0,1,0,1,0,0,1,0,0,3
v489_n7417_15_f3.png,782.png,84.2,0,0,0,1,0,1,S,multipanel,"title(s),annotation(s),caption(s)",0,0,0,1,1,1,0,0,0,0,0,10,0,1,11,Diagram,0,0,0,1,0,0,0,0,0,0,0,0,1
v486_n7404_11_f1.png,783.png,58.3,0,0,0,1,0,1,S,multipanel,"title(s),caption(s),annotation(s)",0,0,0,1,1,1,0,0,0,0,0,2,0,2,14,Diagram,0,0,0,1,0,0,0,0,0,0,0,0,1
np_35.png,784.png,71.5,1,0,0,0,0,1,N,multipanel,"title(s),caption(s),annotation(s)",0,0,0,1,1,1,0,0,0,0,0,2,1,2,1,"Table,Area",1,0,0,0,0,0,0,0,0,1,0,0,2
economist_daily_chart_524.png,785.png,39.1,1,0,0,0,1,0,N,single,"title(s),legend text,caption(s),axes labels,axes text",0,1,1,1,0,1,1,0,0,0,1,8,2,1,1,Bar,0,1,0,0,0,0,0,0,0,0,0,0,1
v485_n7399_6_f2.png,786.png,70,0,0,0,1,0,1,S,multipanel,"title(s),axes labels,axes text,annotation(s)",0,1,1,1,1,0,0,0,0,1,0,0,3,0,4,Line,0,0,0,0,0,0,1,0,0,0,0,0,1
whoJ01_2.png,787.png,44.9,0,0,1,0,1,0,G,single,"legend text,caption(s),legend title",0,0,0,0,0,1,1,1,0,0,0,6,0,1,1,Map,0,0,0,0,0,0,0,1,0,0,0,0,1
economist_daily_chart_242.png,788.png,38,1,0,0,0,1,0,N,single,"title(s),caption(s),axes text,axes labels,legend text",0,1,1,1,0,1,1,0,0,0,1,6,2,1,1,"Bar,Line",0,1,0,0,0,0,1,0,0,0,0,0,2
v490_n7420_1_f4.png,789.png,46.8,0,0,0,1,0,1,S,multipanel,"title(s),axes labels,axes text,annotation(s)",0,1,1,1,1,0,0,0,0,0,0,4,5,1,8,"Bar,Diagram",0,1,0,1,0,0,0,0,0,0,0,0,2
v486_n7402_7_f3.png,790.png,56.7,0,0,0,1,0,1,S,multipanel,"title(s),caption(s),axes labels,axes text",0,1,1,1,0,1,0,0,0,0,0,5,7,3,6,"Line,Bar",0,1,0,0,0,0,1,0,0,0,0,0,2
visMost480.png,791.png,36.6,0,1,0,0,1,0,I,single,"title(s),caption(s)",0,0,0,1,0,1,0,0,0,0,0,4,0,0,1,Table,0,0,0,0,0,0,0,0,0,1,0,0,1
vis64.png,792.png,69.6,0,1,0,0,0,1,I,multipanel,"title(s),caption(s),annotation(s)",0,0,0,1,1,1,0,0,0,0,1,12,1,3,1,Table,0,0,0,0,0,0,0,0,0,1,0,0,1
visMost494.png,793.png,87.4,0,1,0,0,0,1,I,multipanel,"title(s),caption(s)",0,0,0,1,0,1,0,0,0,0,0,25,0,0,1,Diagram,0,0,0,1,0,0,0,0,0,0,0,0,1
vis70.png,794.png,24.9,0,1,0,0,0,1,I,multipanel,"title(s),axes labels,caption(s),annotation(s)",0,1,0,1,1,1,0,0,0,0,1,8,1,1,1,Table,0,0,0,0,0,0,0,0,0,1,0,0,1
whoQ52_7.png,795.png,23.6,0,0,1,0,1,0,G,single,"title(s),caption(s),legend text",0,0,0,1,0,1,1,0,0,0,0,2,1,2,1,Bar,0,1,0,0,0,0,0,0,0,0,0,0,1
whoB21_1.png,796.png,26.1,0,0,1,0,0,1,G,multipanel,"title(s),caption(s),text-only",0,0,0,1,0,1,0,0,1,0,0,13,3,1,4,Table,0,0,0,0,0,0,0,0,0,1,0,0,1
economist_daily_chart_256.png,797.png,29,1,0,0,0,1,0,N,single,"title(s),caption(s),legend text,axes text",0,0,1,1,0,1,1,0,0,0,1,3,1,2,1,Bar,0,1,0,0,0,0,0,0,0,0,0,0,1
np_21.png,798.png,82,1,0,0,0,1,0,N,single,"title(s),caption(s),legend title,legend text,annotation(s)",0,0,0,1,1,1,1,1,0,0,0,4,0,2,1,Map,0,0,0,0,0,0,0,1,0,0,0,0,1
v483_n7387_14_f3.png,799.png,80.1,0,0,0,1,0,1,S,multipanel,"title(s),caption(s),axes text,axes labels,annotation(s)",0,1,1,1,1,1,0,0,0,0,0,3,7,1,8,"Bar,Line,Point,Diagram",0,1,0,1,0,0,1,0,1,0,0,0,4
v485_n7396_15_f5.png,800.png,56.3,0,0,0,1,0,1,S,multipanel,"title(s),annotation(s),caption(s),axes labels,axes text",0,1,1,1,1,1,0,0,0,0,0,4,4,4,4,Line,0,0,0,0,0,0,1,0,0,0,0,0,1
economist_daily_chart_530.png,801.png,19.5,1,0,0,0,1,0,N,single,"title(s),axes text,annotation(s),caption(s)",0,0,1,1,1,1,0,0,0,0,1,2,2,1,1,Bar,0,1,0,0,0,0,0,0,0,0,0,0,1
v486_n7403_7_f3.png,802.png,72.7,0,0,0,1,0,1,S,multipanel,"title(s),axes labels,axes text,legend text,annotation(s)",0,1,1,1,1,0,1,0,0,0,0,9,4,2,3,"Line,Point",0,0,0,0,0,0,1,0,1,0,0,0,2
whoJ27_1.png,803.png,32.3,0,0,1,0,0,1,G,multipanel,"title(s),legend text,caption(s)",0,0,0,1,0,1,1,0,0,0,0,7,0,1,1,Map,0,0,0,0,0,0,0,1,0,0,0,0,1
v487_n7408_7_f4.png,804.png,66.1,0,0,0,1,1,0,S,single,"axes labels,axes text,annotation(s)",0,1,1,0,1,0,0,0,0,0,0,7,2,1,1,"Diagram,Line",0,0,0,1,0,0,1,0,0,0,0,0,2
vis728.png,805.png,67.7,0,1,0,0,0,1,I,multipanel,"title(s),caption(s),annotation(s)",0,0,0,1,1,1,0,0,0,0,0,3,4,2,2,Table,0,0,0,0,0,0,0,0,0,1,0,0,1
wsj129.png,806.png,49,1,0,0,0,1,0,N,single,"title(s),caption(s),annotation(s)",0,0,0,1,1,1,0,0,0,0,1,15,1,1,1,Bar,0,1,0,0,0,0,0,0,0,0,0,0,1
v488_n7410_19_f2.png,807.png,56,0,0,0,1,0,1,S,multipanel,"title(s),axes text,axes labels,annotation(s),legend text",0,1,1,1,1,0,1,0,0,0,0,7,3,4,4,"Bar,Table",0,1,0,0,0,0,0,0,0,1,0,0,2
v489_n7414_5_f2.png,808.png,82,0,0,0,1,0,1,S,multipanel,"title(s),axes labels,axes text,annotation(s)",0,1,1,1,1,0,0,0,0,0,0,10,2,4,2,"Bar,Diagram",0,1,0,1,0,0,0,0,0,0,0,0,2
v483_n7388_15_f3.png,809.png,49.1,0,0,0,1,0,1,S,multipanel,"title(s),annotation(s),axes labels,axes text,legend text",0,1,1,1,1,0,1,0,0,1,0,0,2,2,3,Line,0,0,0,0,0,0,1,0,0,0,0,0,1
visMost669.png,810.png,75.8,0,1,0,0,0,1,I,multipanel,"legend title,axes labels,title(s),axes text,annotation(s),legend title,legend text",0,1,1,1,1,0,1,1,0,0,1,15,3,3,1,"Diagram,Point,Table,Circle,Map",0,0,1,1,0,0,0,1,1,1,0,0,5
visMost14.png,811.png,79.8,0,1,0,0,0,1,I,multipanel,"title(s),caption(s),annotation(s)",0,0,0,1,1,1,0,0,0,0,1,2,10,12,1,"Diagram,Table",0,0,0,1,0,0,0,0,0,1,0,0,2
v485_n7396_23_f4.png,812.png,87.8,0,0,0,1,0,1,S,multipanel,"title(s),annotation(s),legend text,axes text,axes labels",0,1,1,1,1,0,1,0,0,0,0,5,8,4,11,"Bar,Line,Diagram",0,1,0,1,0,0,1,0,0,0,0,0,3
treasuryD07_4.png,813.png,24.5,0,0,1,0,1,0,G,single,"title(s),text-only,caption(s)",0,0,0,1,0,1,0,0,1,0,1,1,1,1,1,Table,0,0,0,0,0,0,0,0,0,1,0,0,1
v488_n7409_15_f1.png,814.png,51.5,0,0,0,1,0,1,S,multipanel,"title(s),axes text,axes labels,legend title,legend text",0,1,1,1,0,0,1,1,0,1,0,7,1,3,9,Bar,0,1,0,0,0,0,0,0,0,0,0,0,1
visMost641.png,815.png,46.2,0,1,0,0,1,0,I,single,"caption(s),legend title,title(s),annotation(s)",0,0,0,1,1,1,0,1,0,0,1,5,2,3,1,Map,0,0,0,0,0,0,0,1,0,0,0,0,1
vis714.png,816.png,28.4,0,1,0,0,1,0,I,single,"axes labels,axes text,caption(s),legend title,title(s),annotation(s)",0,1,1,1,1,1,0,1,0,0,1,3,1,1,1,Bar,0,1,0,0,0,0,0,0,0,0,0,0,1
whoK02.png,817.png,34.1,0,0,1,0,1,0,G,single,"axes labels,axes text,title(s),legend text,caption(s)",0,1,1,1,0,1,1,0,0,0,0,4,2,1,1,Bar,0,1,0,0,0,0,0,0,0,0,0,0,1
visMost127.png,818.png,35.7,0,1,0,0,1,0,I,single,"title(s),caption(s)",0,0,0,1,0,1,0,0,0,0,1,10,0,1,1,Table,0,0,0,0,0,0,0,0,0,1,0,0,1
v483_n7391_5_f4.png,819.png,83.6,0,0,0,1,0,1,S,multipanel,"title(s),axes text,axes labels,annotation(s),legend title,legend text",0,1,1,1,1,0,1,1,0,0,0,8,7,10,7,"Bar,Line,Point",0,1,0,0,0,0,1,0,1,0,0,0,3
wsj115.png,820.png,40.9,1,0,0,0,0,1,N,multipanel,"axes text,title(s),annotation(s),caption(s)",0,0,1,1,1,1,0,0,0,0,0,4,1,1,2,Diagram,0,0,0,1,0,0,0,0,0,0,0,0,1
economist_daily_chart_87.png,821.png,36.9,1,0,0,0,0,1,N,multipanel,"title(s),legend title,legend text,caption(s),axes text",0,0,1,1,0,1,1,1,0,0,0,4,2,2,2,Bar,0,1,0,0,0,0,0,0,0,0,0,0,1
v483_n7389_13_f1.png,822.png,86.6,0,0,0,1,1,0,S,single,"axes labels,axes text,legend text,annotation(s),caption(s),=",0,1,1,0,1,1,1,0,0,0,0,13,2,3,1,"Point,Area",1,0,0,0,0,0,0,0,1,0,0,0,2
wsj101.png,823.png,51.6,1,0,0,0,1,0,N,single,"annotation(s),caption(s)",0,0,0,0,1,1,0,0,0,0,0,3,0,0,1,Diagram,0,0,0,1,0,0,0,0,0,0,0,0,1
economist_daily_chart_93.png,824.png,53.3,1,0,0,0,1,0,N,single,"axes text,legend text,caption(s),title(s)",0,0,1,1,0,1,1,0,0,0,0,4,1,2,1,"Bar,Point",0,1,0,0,0,0,0,0,1,0,0,0,2
visMost133.png,825.png,74.2,0,1,0,0,1,0,I,single,"axes labels,caption(s),legend title,legend text,annotation(s),title(s)",0,1,0,1,1,1,1,1,0,0,1,18,6,6,5,Circle,0,0,1,0,0,0,0,0,0,0,0,0,1
v483_n7390_5_f4.png,826.png,50.1,0,0,0,1,0,1,S,multipanel,"axes labels,axis text,title(s),legend text",0,1,0,1,0,0,1,0,0,0,0,2,2,1,3,Line,0,0,0,0,0,0,1,0,0,0,0,0,1
visMost655.png,827.png,50.8,0,1,0,0,0,1,I,multipanel,"title(s),axes text,axes labels",0,1,1,1,0,0,0,0,0,0,1,2,4,4,4,"Circle,Bar",0,1,1,0,0,0,0,0,0,0,0,0,2
visMost28.png,828.png,57.1,0,1,0,0,1,0,I,single,"title(s),annotation(s),caption(s)",0,0,0,1,1,1,0,0,0,0,1,6,1,1,1,Text,0,0,0,0,0,0,0,0,0,0,1,0,1
v487_n7408_9_f1.png,829.png,64.5,0,0,0,1,0,1,S,multipanel,"title(s),axes labels,axes text,annotation(s)",0,1,1,1,1,0,0,0,0,0,0,10,3,1,5,Diagram,0,0,0,1,0,0,0,0,0,0,0,0,1
vis700.png,830.png,41.6,0,1,0,0,0,1,I,multipanel,"axes labels,title(s),caption(s),legend title,annotation(s),axes text",0,1,1,1,1,1,0,1,0,0,1,10,2,3,4,"Bar,Circle",0,1,1,0,0,0,0,0,0,0,0,0,2
v484_n7394_2_f4.png,831.png,69.5,0,0,0,1,0,1,S,multipanel,"title(s),axes labels,caption(s),annotation(s),legend title,legend text",0,1,0,1,1,1,1,1,0,0,0,15,0,6,5,"Distribution,Circle",0,0,1,0,1,0,0,0,0,0,0,0,2
v490_n7418_14_f2.png,832.png,30.5,0,0,0,1,1,0,S,single,"axes labels,caption(s),annotation(s)",0,1,0,0,1,1,0,0,0,1,0,0,0,2,1,Trees & Networks,0,0,0,0,0,0,0,0,0,0,0,1,1
v487_n7406_18_f3.png,833.png,74.3,0,0,0,1,0,1,S,multipanel,"title(s),axes text,axes labels,annotation(s),legend text,",0,1,1,1,1,0,1,0,0,0,0,6,2,5,4,"Diagram,Line,Point",0,0,0,1,0,0,1,0,1,0,0,0,3
vis933.png,834.png,41.7,0,1,0,0,0,1,I,multipanel,"title(s),axes text,axes labels,annotation(s)",0,1,1,1,1,0,0,0,0,0,1,3,1,2,1,Bar,0,1,0,0,0,0,0,0,0,0,0,0,1
v489_n7414_12_f2.png,835.png,84,0,0,0,1,1,0,S,single,"title(s),annotation(s)",0,0,0,1,1,0,0,0,0,0,0,6,0,2,6,Diagram,0,0,0,1,0,0,0,0,0,0,0,0,1
economist_daily_chart_78.png,836.png,31.5,1,0,0,0,0,1,N,multipanel,"title(s),caption(s),annotation(s)",0,0,0,1,1,1,0,0,0,0,0,6,2,1,2,Circle,0,0,1,0,0,0,0,0,0,0,0,0,1
v487_n7407_10_f4.png,837.png,52,0,0,0,1,0,1,S,multipanel,"annotation(s),axes label",0,0,0,0,1,0,0,0,0,0,0,3,3,1,3,Diagram,0,0,0,1,0,0,0,0,0,0,0,0,1
vis927.png,838.png,59.6,0,1,0,0,1,0,I,single,"annotation(s),caption(s),title(s),legend title",0,0,0,1,1,1,0,1,0,0,1,8,1,3,1,"Table,Area",1,0,0,0,0,0,0,0,0,1,0,0,2
v487_n7405_1_f3.png,839.png,83.6,0,0,0,1,0,1,S,multipanel,"title(s),axes labels,caption(s)",0,1,0,1,0,1,0,0,0,0,0,2,1,2,6,Line,0,0,0,0,0,0,1,0,0,0,0,0,1
visMost682.png,840.png,73.6,0,1,0,0,1,0,I,single,"title(s),legend title,caption(s),annotation(s)",0,0,0,1,1,1,0,1,0,0,1,12,0,0,1,"Diagram,Area",1,0,0,1,0,0,0,0,0,0,0,0,2
economist_daily_chart_44.png,841.png,48.1,1,0,0,0,0,1,N,multipanel,"title(s),axes text,axes labels,annotation(s)",0,1,1,1,1,0,0,0,0,0,0,6,4,2,2,Line,0,0,0,0,0,0,1,0,0,0,0,0,1
v484_n7393_20_f3.png,842.png,47,0,0,0,1,0,1,S,multipanel,"title(s),axes text,axes label,annotation(s)",0,0,1,1,1,0,0,0,0,0,0,4,1,1,2,Line,0,0,0,0,0,0,1,0,0,0,0,0,1
economist_daily_chart_50.png,843.png,40,1,0,0,0,1,0,N,single,"title(s),caption(s)",0,0,0,1,0,1,0,0,0,0,1,13,2,2,1,Table,0,0,0,0,0,0,0,0,0,1,0,0,1
whoQ50_5.png,844.png,43.8,0,0,1,0,1,0,G,single,"title(s),axes labels,axes text,legend text",0,1,1,1,0,0,1,0,0,0,1,16,2,1,1,Line,0,0,0,0,0,0,1,0,0,0,0,0,1
visMost696.png,845.png,52.9,0,1,0,0,0,1,I,multipanel,"title(s),annotation(s),caption(s)",0,0,0,1,1,1,0,0,0,0,1,3,8,8,8,"Bar,Circle,Distribution",0,1,1,0,1,0,0,0,0,0,0,0,3
v485_n7397_27_f3.png,846.png,70.3,0,0,0,1,0,1,S,multipanel,"title(s),axes text,caption(s)",0,0,1,1,0,1,0,0,0,0,0,11,4,5,4,Distribution,0,0,0,0,1,0,0,0,0,0,0,0,1
visMost709.png,847.png,36.6,0,1,0,0,1,0,I,single,"title(s),caption(s),axes text",0,0,1,1,0,1,0,0,0,0,1,6,0,1,1,Table,0,0,0,0,0,0,0,0,0,1,0,0,1
vis884.png,848.png,54.8,0,1,0,0,0,1,I,multipanel,"title(s),caption(s),annotation(s),legend text,axes text",0,0,1,1,1,1,1,0,0,0,1,3,0,0,1,"Table,Area",1,0,0,0,0,0,0,0,0,1,0,0,2
v486_n7401_8_f1.png,849.png,74.9,0,0,0,1,1,0,S,single,"axes text,axes labels,annotation(s),caption(s)",0,1,1,0,1,1,0,0,0,0,0,11,7,5,6,"Area,Point,Line",1,0,0,0,0,0,1,0,1,0,0,0,3
v488_n7409_19_f1.png,850.png,73.5,0,0,0,1,1,0,S,single,"annotation(s),legend text",0,0,0,0,1,0,1,0,0,0,0,6,1,2,1,Grid & Matrix,0,0,0,0,0,1,0,0,0,0,0,0,1
v486_n7403_19_f1.png,851.png,69.1,0,0,0,1,0,1,S,multipanel,"title(s),axes text,axes labels,caption(s),annotation(s)",0,1,1,1,1,1,0,0,0,0,0,6,1,1,2,"Bar,Diagram",0,1,0,1,0,0,0,0,0,0,0,0,2
vis648.png,852.png,69.4,0,1,0,0,0,1,I,multipanel,"title(s),axes text,axes labels,caption(s),annotation(s)",0,1,1,1,1,1,0,0,0,0,0,7,7,14,23,"Bar,Circle,Area",1,1,1,0,0,0,0,0,0,0,0,0,3
vis890.png,853.png,72.2,0,1,0,0,0,1,I,multipanel,"title(s),caption(s),annotation(s),axes labels,legend text",0,1,0,1,1,1,1,0,0,0,1,7,8,10,8,"Area,Circle,Distribution",1,0,1,0,1,0,0,0,0,0,0,0,3
v489_n7414_9_f2.png,854.png,31.2,0,0,0,1,0,1,S,multipanel,"title(s),axes labels,axes text,annotation(s)",0,1,1,1,1,0,0,0,0,1,0,0,2,1,3,"Bar,Diagram",0,1,0,1,0,0,0,0,0,0,0,0,2
v486_n7403_17_f4.png,855.png,73.4,0,0,0,1,0,1,S,multipanel,"title(s),axes labels,axes text,annotation(s),legend text",0,1,1,1,1,0,1,0,0,0,0,6,10,4,8,"Bar,Diagram,Line,Point,Distribution",0,1,0,1,1,0,1,0,1,0,0,0,5
whoH06_1.png,856.png,32.8,0,0,1,0,0,1,G,multipanel,"title(s),caption(s),annotation(s),axes labels,axes text,legend text",0,1,1,1,1,1,1,0,0,0,0,6,2,1,1,"Bar,Line",0,1,0,0,0,0,1,0,0,0,0,0,2
vis660.png,857.png,67.3,0,1,0,0,0,1,I,multipanel,"title(s),caption(s),annotation(s)",0,0,0,1,1,1,0,0,0,0,1,13,0,0,7,"Diagram,Circle",0,0,1,1,0,0,0,0,0,0,0,0,2
visMost735.png,858.png,73.2,0,1,0,0,1,0,I,single,"title(s),annotation(s),caption(s),axes text",0,0,1,1,1,1,0,0,0,0,1,4,1,1,1,Table,0,0,0,0,0,0,0,0,0,1,0,0,1
v483_n7390_13_f2.png,859.png,77.6,0,0,0,1,0,1,S,multipanel,"title(s),axes labels,axes text,annotation(s),legend text",0,1,1,1,1,0,1,0,0,0,0,5,5,1,4,"Line,Point,Area",1,0,0,0,0,0,1,0,1,0,0,0,3
vis106.png,860.png,51.7,0,1,0,0,0,1,I,multipanel,"title(s),caption(s),annotation(s),axes text",0,0,1,1,1,1,0,0,0,0,0,10,1,2,1,Table,0,0,0,0,0,0,0,0,0,1,0,0,1
v485_n7399_18_f5.png,861.png,88.4,0,0,0,1,0,1,S,multipanel,"title(s),axes labels,annotation(s),legend text,axes text",0,1,1,1,1,0,1,0,0,0,0,11,6,5,5,"Bar,Table,Line",0,1,0,0,0,0,1,0,0,1,0,0,3
v483_n7387_5_f2.png,862.png,69.5,0,0,0,1,1,0,S,single,"axes labels,axes text",0,1,1,0,0,0,0,0,0,0,1,2,3,1,1,Line,0,0,0,0,0,0,1,0,0,0,0,0,1
vis112.png,863.png,64.3,0,1,0,0,0,1,I,multipanel,"title(s),legend title,caption(s),annotation(s),axes labels,axes text",0,1,1,1,1,1,0,1,0,0,1,9,6,6,10,"Circle,Map,Diagram,Bar,Line",0,1,1,1,0,0,1,1,0,0,0,0,5
v488_n7410_15_f2.png,864.png,68.3,0,0,0,1,0,1,S,multipanel,"title(s),annotation(s)",0,0,0,1,1,0,0,0,0,0,0,15,1,3,3,"Trees & Networks,Diagram",0,0,0,1,0,0,0,0,0,0,0,1,2
vis674.png,865.png,71.9,0,1,0,0,1,0,I,single,"title(s),caption(s),annotation(s)",0,0,0,1,1,1,0,0,0,0,1,10,0,0,1,Diagram,0,0,0,1,0,0,0,0,0,0,0,0,1
visMost721.png,866.png,73.9,0,1,0,0,0,1,I,multipanel,"title(s),caption(s),annotation(s)",0,0,0,1,1,1,0,0,0,0,1,10,7,8,23,"Circle,Bar,Distribution,Area",1,1,1,0,1,0,0,0,0,0,0,0,4
treasuryL07_2.png,867.png,23.4,0,0,1,0,1,0,G,single,"title(s),annotation(s),caption(s),axes labels",0,1,0,1,1,1,0,0,0,0,0,5,1,1,1,Circle,0,0,1,0,0,0,0,0,0,0,0,0,1
vis847.png,868.png,52.8,0,1,0,0,0,1,I,multipanel,"title(s),annotation(s),caption(s)",0,0,0,1,1,1,0,0,0,0,1,3,1,0,12,Point,0,0,0,0,0,0,0,0,1,0,0,0,1
whoC23.png,869.png,34.5,0,0,1,0,0,1,G,multipanel,"title(s),caption(s),legend text",0,0,0,1,0,1,1,0,0,0,0,4,0,1,1,Map,0,0,0,0,0,0,0,1,0,0,0,0,1
v485_n7397_1_f2.png,870.png,67.7,0,0,0,1,0,1,S,multipanel,"title(s),legend text,axes text,axes labels",0,1,1,1,0,0,1,0,0,0,0,4,8,6,6,"Distribution,Bar,Table",0,1,0,0,1,0,0,0,0,1,0,0,3
vis853.png,871.png,39,0,1,0,0,1,0,I,single,"title(s),caption(s),legend text,axes text",0,0,1,1,0,1,1,0,0,0,1,3,1,1,1,"Map,Area",1,0,0,0,0,0,0,1,0,0,0,0,2
v487_n7407_12_f1.png,872.png,57.4,0,0,0,1,0,1,S,multipanel,"title(s),axes labels,axes text,legend text,annotation(s)",0,1,1,1,1,0,1,0,0,0,0,7,7,1,3,"Diagram,Line",0,0,0,1,0,0,1,0,0,0,0,0,2
economist_daily_chart_134.png,873.png,26.9,1,0,0,0,1,0,N,single,"axes text,title(s),caption(s),annotation",0,0,1,1,0,1,0,0,0,0,0,3,2,1,1,Bar,0,1,0,0,0,0,0,0,0,0,0,0,1
whoK07_1.png,874.png,24.4,0,0,1,0,0,1,G,multipanel,"text-only,title(s),caption(s)",0,0,0,1,0,1,0,0,1,1,0,1,2,1,1,Table,0,0,0,0,0,0,0,0,0,1,0,0,1
v490_n7420_22_f1.png,875.png,78.3,0,0,0,1,0,1,S,multipanel,"title(s),legend text,axes text,axes labels,annotation(s)",0,1,1,1,1,0,1,0,0,0,0,7,9,4,14,"Bar,Point,Diagram",0,1,0,1,0,0,0,0,1,0,0,0,3
whoQ56_3.png,876.png,57.9,0,0,1,0,0,1,G,multipanel,"axes text,axes labels,caption(s),title(s),legend text",0,1,1,1,0,1,1,0,0,0,0,7,4,6,8,"Bar,Line,Area",1,1,0,0,0,0,1,0,0,0,0,0,3
v487_n7406_14_f3.png,877.png,73.2,0,0,0,1,0,1,S,multipanel,"title(s),axes text,axes labels,annotation(s)",0,1,1,1,1,0,0,0,0,1,0,0,4,6,9,Point,0,0,0,0,0,0,0,0,1,0,0,0,1
v490_n7418_18_f2.png,878.png,72.4,0,0,0,1,0,1,S,multipanel,"title(s),axes text,axes labels,legend text",0,1,1,1,0,0,1,0,0,1,0,0,8,4,7,"Point,Line",0,0,0,0,0,0,1,0,1,0,0,0,2
economist_daily_chart_120.png,879.png,46.9,1,0,0,0,1,0,N,single,"title(s),caption(s),legend text,axes text,annotation(s)",0,0,1,1,1,1,1,0,0,0,0,5,2,2,1,Bar,0,1,0,0,0,0,0,0,0,0,0,0,1
wsj73.png,880.png,26.5,1,0,0,0,1,0,N,single,"title(s),caption(s),annotation(s),axes text",0,0,1,1,1,1,0,0,0,0,0,3,2,4,1,"Line,Area",1,0,0,0,0,0,1,0,0,0,0,0,2
wsj539.png,881.png,40.2,1,0,0,0,0,1,N,multipanel,"title(s),axes text,legend text,annotation(s),caption(s)",0,0,1,1,1,1,1,0,0,0,0,4,2,4,4,Line,0,0,0,0,0,0,1,0,0,0,0,0,1
v488_n7413_12_f3.png,882.png,40.3,0,0,0,1,1,0,S,single,"axes text,axes labels,legend text",0,1,1,0,0,0,1,0,0,1,0,0,2,2,1,"Point,Line",0,0,0,0,0,0,1,0,1,0,0,0,2
v484_n7395_20_f4.png,883.png,60.1,0,0,0,1,0,1,S,multipanel,"title(s),axes labels,axes text,annotation(s),legend text",0,1,1,1,1,0,1,0,0,0,0,5,6,1,3,"Line,Point",0,0,0,0,0,0,1,0,1,0,0,0,2
v486_n7401_18_f2.png,884.png,54.9,0,0,0,1,0,1,S,multipanel,"axes labels,axes text,annotation(s),legend text,title(s)",0,1,1,1,1,0,1,0,0,0,0,3,4,5,6,"Distribution,Bar,Line",0,1,0,0,1,0,1,0,0,0,0,0,3
wsj67.png,885.png,37,1,0,0,0,1,0,N,single,"title(s),annotation(s),caption(s)",0,0,0,1,1,1,0,0,0,0,1,7,1,3,1,"Area,Distribution",1,0,0,0,1,0,0,0,0,0,0,0,2
visMost279.png,886.png,48.3,0,1,0,0,0,1,I,multipanel,"title(s),caption(s),annotation(s),axes text",0,0,1,1,1,1,0,0,0,0,1,5,8,4,7,"Table,Bar,Map,Area",1,1,0,0,0,0,0,1,0,1,0,0,4
wsj263.png,887.png,27.5,1,0,0,0,1,0,N,single,"title(s),caption(s),annotation(s),axes text,axes labels",0,1,1,1,1,1,0,0,0,0,1,3,2,1,1,Bar,0,1,0,0,0,0,0,0,0,0,0,0,1
economist_daily_chart_493.png,888.png,48.5,1,0,0,0,1,0,N,single,"legend text,legend title,annotation(s)",0,0,0,0,1,0,1,1,0,0,1,7,3,1,1,Map,0,0,0,0,0,0,0,1,0,0,0,0,1
whoO12.png,889.png,24.3,0,0,1,0,1,0,G,single,"text-only,axes text,caption(s)",0,0,1,0,0,1,0,0,1,0,1,3,3,2,1,Table,0,0,0,0,0,0,0,0,0,1,0,0,1
vis304.png,890.png,49.8,0,1,0,0,0,1,I,multipanel,"title(s),annotation(s),axes text,legend text,caption(s),annotation(s)",0,0,1,1,1,1,1,0,0,0,1,4,6,3,4,"Bar,Line,Diagram,Table",0,1,0,1,0,0,1,0,0,1,0,0,4
visMost251.png,891.png,43.6,0,1,0,0,0,1,I,multipanel,"title(s),axes text,legend text,annotation(s)",0,0,1,1,1,0,1,0,0,0,1,4,1,3,2,"Bar,Distribution",0,1,0,0,1,0,0,0,0,0,0,0,2
v487_n7406_22_f2.png,892.png,70.7,0,0,0,1,0,1,S,multipanel,"title(s),axes text,axes labels,annotation(s)",0,1,1,1,1,0,0,0,0,0,0,8,8,5,6,"Point,Line,Diagram,Distribution",0,0,0,1,1,0,1,0,1,0,0,0,4
visMost537.png,893.png,64.2,0,1,0,0,1,0,I,single,"legend text,title(s),annotation(s)",0,0,0,1,1,0,1,0,0,0,1,10,0,2,1,Grid & Matrix,0,0,0,0,0,1,0,0,0,0,0,0,1
vis462.png,894.png,23.6,0,1,0,0,1,0,I,single,"legend text,title(s),annotation(s),caption(s)",0,0,0,1,1,1,1,0,0,0,0,2,1,1,2,"Area,Distribution",1,0,0,0,1,0,0,0,0,0,0,0,2
wsj505.png,895.png,35.7,1,0,0,0,1,0,N,single,"axes text,annotation(s),caption(s),title(s)",0,0,1,1,1,1,0,0,0,0,0,4,4,2,1,Table,0,0,0,0,0,0,0,0,0,1,0,0,1
whoH04_3.png,896.png,23.5,0,0,1,0,0,1,G,multipanel,"title(s),caption(s),axes labels,axes text",0,1,1,1,0,1,0,0,0,0,0,3,1,1,1,Bar,0,1,0,0,0,0,0,0,0,0,0,0,1
wsj511.png,897.png,40.2,1,0,0,0,1,0,N,single,"title(s),legend text,title(s),caption(s),annotation(s)",0,0,0,1,1,1,1,0,0,0,0,3,0,2,1,Map,0,0,0,0,0,0,0,1,0,0,0,0,1
visMost523.png,898.png,42.8,0,1,0,0,1,0,I,single,"title(s),caption(s)",0,0,0,1,0,1,0,0,0,0,1,4,1,1,1,"Map,Point",0,0,0,0,0,0,0,1,1,0,0,0,2
vis476.png,899.png,35.1,0,1,0,0,0,1,I,multipanel,"title(s),caption(s),annotation(s),axes text,axes label",0,0,1,1,1,1,0,0,0,0,1,5,4,4,4,"Area,Bar",1,1,0,0,0,0,0,0,0,0,0,0,2
v487_n7408_13_f1.png,900.png,69.2,0,0,0,1,0,1,S,multipanel,"title(s),caption(s),annotation(s),axes text,axes label",0,0,1,1,1,1,0,0,0,0,1,6,2,2,6,"Diagram,Point",0,0,0,1,0,0,0,0,1,0,0,0,2
vis310.png,901.png,47.8,0,1,0,0,0,1,I,multipanel,"title(s),caption(s),annotation(s)",0,0,0,1,1,1,0,0,0,0,0,4,5,3,4,"Map,Circle",0,0,1,0,0,0,0,1,0,0,0,0,2
v488_n7412_14_f1.png,902.png,62.5,0,0,0,1,0,1,S,multipanel,"axes text,axes labels,legend text,title(s)",0,1,1,1,0,0,1,0,0,0,0,8,6,4,7,"Bar,Diagram,Line",0,1,0,1,0,0,1,0,0,0,0,0,3
visMost245.png,903.png,31.1,0,1,0,0,1,0,I,single,"title(s),caption(s),annotation(s)",0,0,0,1,1,1,0,0,0,0,1,3,2,1,1,Bar,0,1,0,0,0,0,0,0,0,0,0,0,1
wsj277.png,904.png,16.5,1,0,0,0,1,0,N,single,"title(s),caption(s),annotation(s),axes text",0,0,1,1,1,1,0,0,0,0,1,7,1,2,1,Bar,0,1,0,0,0,0,0,0,0,0,0,0,1
economist_daily_chart_487.png,905.png,26.6,1,0,0,0,1,0,N,single,"axes text,title(s),axes text",0,0,1,1,0,0,0,0,0,0,1,1,1,1,1,Bar,0,1,0,0,0,0,0,0,0,0,0,0,1
v489_n7416_11_f4.png,906.png,45.2,0,0,0,1,0,1,S,multipanel,"title(s),axes labels,axes text,annotation(s),legend text",0,1,1,1,1,0,1,0,0,1,0,0,3,2,2,"Line,Diagram",0,0,0,1,0,0,1,0,0,0,0,0,2
v485_n7399_20_f1.png,907.png,71,0,0,0,1,0,1,S,multipanel,"title(s),axes text,caption(s),legend text,axes labels",0,1,1,1,0,1,1,0,0,0,0,6,3,3,6,"Bar,Diagram,Distribution",0,1,0,1,1,0,0,0,0,0,0,0,3
v489_n7417_4_f5.png,908.png,63,0,0,0,1,1,0,S,single,"text-only,title(s),axes text,axes labels,caption(s)",0,1,1,1,0,1,0,0,1,1,0,0,4,4,3,Table,0,0,0,0,0,0,0,0,0,1,0,0,1
v490_n7419_5_f4.png,909.png,71.2,0,0,0,1,0,1,S,multipanel,"title(s),axes text,axes labels,legend text,annotation(s)",0,1,1,1,1,0,1,0,0,0,0,6,6,1,7,"Distribution,Diagram,Line,Point",0,0,0,1,1,0,1,0,1,0,0,0,4
v489_n7417_19_f3.png,910.png,72.7,0,0,0,1,0,1,S,multipanel,"axes text,axes labels,title(s),legend text",0,1,1,1,0,0,1,0,0,0,0,6,7,6,5,"Bar,Line,Table",0,1,0,0,0,0,1,0,0,1,0,0,3
v489_n7416_4_f5.png,911.png,77.3,0,0,0,1,0,1,S,multipanel,"annotation(s),title(s)",0,0,0,1,1,0,0,0,0,0,0,6,4,4,4,Diagram,0,0,0,1,0,0,0,0,0,0,0,0,1
v487_n7405_13_f2.png,912.png,45.7,0,0,0,1,1,0,S,single,"axes text,legend text,axes labels,annotation(s)",0,1,1,0,1,0,1,0,0,1,0,0,2,1,1,Point,0,0,0,0,0,0,0,0,1,0,0,0,1
v485_n7397_11_f2.png,913.png,46.1,0,0,0,1,1,0,S,single,"title(s),axes text,legend text,axes label",0,0,1,1,0,0,1,0,0,1,0,0,2,1,1,Point,0,0,0,0,0,0,0,0,1,0,0,0,1
v483_n7391_23_f1.png,914.png,52.3,0,0,0,1,0,1,S,multipanel,"axes labels,axes text,legend text,title(s),annotation(s)",0,1,1,1,1,0,1,0,0,0,0,5,7,4,7,"Bar,Point,Diagram",0,1,0,1,0,0,0,0,1,0,0,0,3
wsj288.png,915.png,29.1,1,0,0,0,0,1,N,multipanel,"title(s),annotation(s),axes text,caption(s)",0,0,1,1,1,1,0,0,0,0,1,3,3,2,2,Bar,0,1,0,0,0,0,0,0,0,0,0,0,1
economist_daily_chart_478.png,916.png,26.6,1,0,0,0,1,0,N,single,"title(s),legend text,annotation(s),axes text,caption(s)",0,0,1,1,1,1,1,0,0,0,1,4,2,1,1,Area,1,0,0,0,0,0,0,0,0,0,0,0,1
v485_n7398_26_f3.png,917.png,62.1,0,0,0,1,0,1,S,multipanel,"title(s),axes text,axes labels",0,1,1,1,0,0,0,0,0,0,0,6,3,1,19,"Bar,Diagram,Area",1,1,0,1,0,0,0,0,0,0,0,0,3
visMost292.png,918.png,65.9,0,1,0,0,1,0,I,single,"title(s),legend text,annotation(s),caption(s),axes text",0,0,1,1,1,1,1,0,0,0,1,5,4,1,1,Area,1,0,0,0,0,0,0,0,0,0,0,0,1
whoQ54_1.png,919.png,21.7,0,0,1,0,1,0,G,single,"title(s),axes text",0,0,1,1,0,0,0,0,0,0,0,1,1,1,1,Bar,0,1,0,0,0,0,0,0,0,0,0,0,1
economist_daily_chart_450.png,920.png,29.6,1,0,0,0,0,1,N,multipanel,"caption(s),axes text,title(s),annotation(s)",0,0,1,1,1,1,0,0,0,0,1,4,2,1,1,Bar,0,1,0,0,0,0,0,0,0,0,0,0,1
whoQ11_1.png,921.png,42.9,0,0,1,0,1,0,G,single,"title(s),caption(s),axes labels,axes text,legend text",0,1,1,1,0,1,1,0,0,0,1,8,2,2,1,Line,0,0,0,0,0,0,1,0,0,0,0,0,1
economist_daily_chart_336.png,922.png,32.5,1,0,0,0,1,0,N,single,"title(s),axes text,annotation(s),caption(s)",0,0,1,1,1,1,0,0,0,0,1,15,2,1,1,Bar,0,1,0,0,0,0,0,0,0,0,0,0,1
whoQ37_2.png,923.png,39.3,0,0,1,0,0,1,G,multipanel,"title(s),axes labels,axes text,caption(s),legend text",0,1,1,1,0,1,1,0,0,0,0,2,4,1,2,Point,0,0,0,0,0,0,0,0,1,0,0,0,1
economist_daily_chart_322.png,924.png,18.3,1,0,0,0,1,0,N,single,"title(s),legend title,legend text,axes text,axes labels,caption(s)",0,1,1,1,0,1,1,1,0,0,1,2,2,1,1,Bar,0,1,0,0,0,0,0,0,0,0,0,0,1
v486_n7403_5_f6.png,925.png,59.7,0,0,0,1,1,0,S,single,"text-only,title(s),axes labels,axes text,legend text",0,1,1,1,0,0,1,0,1,1,0,0,9,4,2,Table,0,0,0,0,0,0,0,0,0,1,0,0,1
economist_daily_chart_444.png,926.png,27.2,1,0,0,0,1,0,N,single,"title(s),caption(s),annotation(s),axes text,legend text",0,0,1,1,1,1,1,0,0,0,1,3,1,2,1,Bar,0,1,0,0,0,0,0,0,0,0,0,0,1
visMost286.png,927.png,43.6,0,1,0,0,0,1,I,multipanel,"title(s),axes text,annotation(s),caption(s)",0,0,1,1,1,1,0,0,0,0,1,5,3,1,3,"Bar,Area",1,1,0,0,0,0,0,0,0,0,0,0,2
wsj98.png,928.png,44.7,1,0,0,0,0,1,N,multipanel,"title(s),annotation(s),axes text,caption(s)",0,0,1,1,1,1,0,0,0,0,0,4,4,1,2,"Area,Line",1,0,0,0,0,0,1,0,0,0,0,0,2
economist_daily_chart_323.png,929.png,42.4,1,0,0,0,0,1,N,multipanel,"title(s),legend text,legend title,annotation(s),caption(s)",0,0,0,1,1,1,1,1,0,0,1,6,1,0,2,Map,0,0,0,0,0,0,0,1,0,0,0,0,1
whoK23_1.png,930.png,32.2,0,0,1,0,1,0,G,single,"axes labels,legend text,title(s),caption(s),annotation(s)",0,1,0,1,1,1,1,0,0,0,0,4,2,1,1,Bar,0,1,0,0,0,0,0,0,0,0,0,0,1
v485_n7396_17_f1.png,931.png,82.7,0,0,0,1,0,1,S,multipanel,"axes text,axes labels,legend text,title(s)",0,1,1,1,0,0,1,0,0,0,1,8,6,5,7,"Bar,Line,Distribution",0,1,0,0,1,0,1,0,0,0,0,0,3
wsj99.png,932.png,35.8,1,0,0,0,1,0,N,single,"title(s),annotation(s),caption(s),legend text",0,0,0,1,1,1,1,0,0,0,1,6,0,1,1,Map,0,0,0,0,0,0,0,1,0,0,0,0,1
visMost287.png,933.png,37.2,0,1,0,0,0,1,I,multipanel,"caption(s),axes text,axes labels,legend text,title(s)",0,1,1,1,0,1,1,0,0,0,1,3,4,1,3,"Point,Line,Table",0,0,0,0,0,0,1,0,1,1,0,0,3
v482_n7386_18_f4.png,934.png,79.1,0,0,0,1,0,1,S,multipanel,"title(s),axes labels,legend text,axes text,annotation(s)",0,1,1,1,1,0,1,0,0,0,0,7,1,4,9,"Bar,Diagram,Table",0,1,0,1,0,0,0,0,0,1,0,0,3
treasuryG02_1.png,935.png,57.7,0,0,1,0,1,0,G,single,"axes text,legend title,legend text,title(s),annotation(s),caption(s)",0,0,1,1,1,1,1,1,0,0,0,4,2,1,1,Line,0,0,0,0,0,0,1,0,0,0,0,0,1
economist_daily_chart_445.png,936.png,46.7,1,0,0,0,0,1,N,multipanel,"axes text,legend text,title(s),annotation(s)",0,0,1,1,1,0,1,0,0,0,1,4,1,3,2,"Bar,Circle,Area,Map",1,1,1,0,0,0,0,1,0,0,0,0,4
economist_daily_chart_451.png,937.png,31.6,1,0,0,0,1,0,N,single,"title(s),text-only,caption(s),axes text,axes labels",0,1,1,1,0,1,0,0,1,0,1,1,3,3,1,Table,0,0,0,0,0,0,0,0,0,1,0,0,1
visMost293.png,938.png,53.7,0,1,0,0,1,0,I,single,"legend text,caption(s)",0,0,0,0,0,1,1,0,0,0,0,10,1,1,1,Map,0,0,0,0,0,0,0,1,0,0,0,0,1
v485_n7398_26_f2.png,939.png,73.6,0,0,0,1,0,1,S,multipanel,"axes labels,axes text,title(s)",0,1,1,1,0,0,0,0,0,0,0,3,8,3,12,"Bar,Line,Diagram",0,1,0,1,0,0,1,0,0,0,0,0,3
economist_daily_chart_337.png,940.png,35.9,1,0,0,0,0,1,N,multipanel,"axes text,caption(s),title(s),legend text",0,0,1,1,0,1,1,0,0,0,1,3,3,2,2,"Bar,Line",0,1,0,0,0,0,1,0,0,0,0,0,2
v489_n7417_19_f2.png,941.png,75.9,0,0,0,1,0,1,S,multipanel,"title(s),legend text,axes text,axes labels",0,1,1,1,0,0,1,0,0,0,0,5,6,2,7,"Line,Distribution,Bar,Diagram,Table",0,1,0,1,1,0,1,0,0,1,0,0,5
economist_daily_chart_479.png,942.png,32.7,1,0,0,0,1,0,N,single,"title(s),legend text,axes text,caption(s)",0,0,1,1,0,1,1,0,0,0,0,6,2,1,1,Line,0,0,0,0,0,0,1,0,0,0,0,0,1
wsj289.png,943.png,51,1,0,0,0,0,1,N,multipanel,"axes text,annotation(s),title(s),caption(s)",0,0,1,1,1,1,0,0,0,0,0,4,5,2,2,"Bar,Line",0,1,0,0,0,0,1,0,0,0,0,0,2
v485_n7397_11_f3.png,944.png,59.6,0,0,0,1,0,1,S,multipanel,"axes text,axes label,legend text,annotation(s),title(s)",0,0,1,1,1,0,1,0,0,1,0,0,1,6,6,Point,0,0,0,0,0,0,0,0,1,0,0,0,1
v487_n7405_13_f3.png,945.png,24,0,0,0,1,0,1,S,multipanel,title(s),0,0,0,1,0,0,0,0,0,1,0,0,0,0,4,Diagram,0,0,0,1,0,0,0,0,0,0,0,0,1
v489_n7416_4_f4.png,946.png,74.3,0,0,0,1,0,1,S,multipanel,"axes text,legend text,annotation(s),title(s)",0,0,1,1,1,0,1,0,0,0,0,5,3,4,8,"Diagram,Point,Line",0,0,0,1,0,0,1,0,1,0,0,0,3
v489_n7416_11_f5.png,947.png,34.4,0,0,0,1,0,1,S,multipanel,"axes text,legend text,title(s)",0,0,1,1,0,0,1,0,0,0,0,4,3,1,2,"Map,Bar",0,1,0,0,0,0,0,1,0,0,0,0,2
v482_n7386_16_f1.png,948.png,66.7,0,0,0,1,0,1,S,multipanel,"axes text,axes labels,legend text,annotation(s),title(s)",0,1,1,1,1,0,1,0,0,0,0,6,6,4,11,"Distribution,Bar,Diagram,Table",0,1,0,1,1,0,0,0,0,1,0,0,4
v489_n7417_4_f4.png,949.png,69.2,0,0,0,1,0,1,S,multipanel,"title(s),annotation(s),legend text",0,0,0,1,1,0,1,0,0,0,0,8,2,0,2,Diagram,0,0,0,1,0,0,0,0,0,0,0,0,1
v485_n7396_19_f4.png,950.png,75.5,0,0,0,1,0,1,S,multipanel,"axes text,axes labels,legend text,annotation(s),title(s),caption(s)",0,1,1,1,1,1,1,0,0,0,0,6,6,5,12,"Bar,Diagram",0,1,0,1,0,0,0,0,0,0,0,0,2
vis477.png,951.png,40.3,0,1,0,0,0,1,I,multipanel,"title(s),legend text,annotation(s),caption(s)",0,0,0,1,1,1,1,0,0,0,0,8,1,1,1,Bar,0,1,0,0,0,0,0,0,0,0,0,0,1
visMost522.png,952.png,52.6,0,1,0,0,0,1,I,multipanel,"title(s),legend text,caption(s),annotation(s)",0,0,0,1,1,1,1,0,0,0,1,3,2,10,29,"Bar,Circle,Table",0,1,1,0,0,0,0,0,0,1,0,0,3
treasuryL05_1.png,953.png,28.8,0,0,1,0,1,0,G,single,"text-only,caption(s),title(s),axes text,axes labels",0,1,1,1,0,1,0,0,1,0,0,1,3,1,1,Table,0,0,0,0,0,0,0,0,0,1,0,0,1
v490_n7420_14_f1.png,954.png,68.5,0,0,0,1,0,1,S,multipanel,"axes labels,legend text,axes text,annotation(s)",0,1,1,0,1,0,1,0,0,0,0,5,5,5,11,"Bar,Point,Line,Diagram",0,1,0,1,0,0,1,0,1,0,0,0,4
wsj510.png,955.png,24.3,1,0,0,0,0,1,N,multipanel,"title(s),annotation(s),legend text,axes text",0,0,1,1,1,0,1,0,0,0,1,3,3,3,2,"Bar,Table,Area",1,1,0,0,0,0,0,0,0,1,0,0,3
economist_daily_chart_486.png,956.png,28.6,1,0,0,0,1,0,N,single,"title(s),annotation(s),axes text,caption(s)",0,0,1,1,1,1,0,0,0,0,1,4,2,1,1,Line,0,0,0,0,0,0,1,0,0,0,0,0,1
treasuryD03_1.png,957.png,60.3,0,0,1,0,1,0,G,single,"title(s),caption(s),axes labels,axes text,legend text",0,1,1,1,0,1,1,0,0,0,1,2,3,1,1,Table,0,0,0,0,0,0,0,0,0,1,0,0,1
wsj276.png,958.png,27.3,1,0,0,0,0,1,N,multipanel,"title(s),annotation(s),axes text,caption(s)",0,0,1,1,1,1,0,0,0,0,1,5,4,1,2,Bar,0,1,0,0,0,0,0,0,0,0,0,0,1
visMost244.png,959.png,75.9,0,1,0,0,1,0,I,single,"title(s),annotation(s),caption(s)",0,0,0,1,1,1,0,0,0,0,1,7,3,5,1,Diagram,0,0,0,1,0,0,0,0,0,0,0,0,1
vis311.png,960.png,44.4,0,1,0,0,0,1,I,multipanel,"title(s),legend text,axes text,caption(s),annoation(s)",0,0,1,1,0,1,1,0,0,0,1,10,2,1,1,Bar,0,1,0,0,0,0,0,0,0,0,0,0,1
whoO07.png,961.png,25.5,0,0,1,0,1,0,G,single,"text-only,title(s),caption(s),axes text,axes labels",0,1,1,1,0,1,0,0,1,0,1,3,3,4,1,Table,0,0,0,0,0,0,0,0,0,1,0,0,1
visMost250.png,962.png,48.7,0,1,0,0,1,0,I,single,"title(s),caption(s),annotation(s),axes text",0,0,1,1,1,1,0,0,0,0,1,3,12,3,6,"Area,Table",1,0,0,0,0,0,0,0,0,1,0,0,2
vis305.png,963.png,37.5,0,1,0,0,1,0,I,single,"title(s),annotation(s),caption(s)",0,0,0,1,1,1,0,0,0,0,1,4,7,3,1,Text,0,0,0,0,0,0,0,0,0,0,1,0,1
whoO13.png,964.png,28.7,0,0,1,0,1,0,G,single,"caption(s),legend text,axes labels,axes text,title(s)",0,1,1,1,0,1,1,0,0,0,1,4,2,1,1,Bar,0,1,0,0,0,0,0,0,0,0,0,0,1
economist_daily_chart_492.png,965.png,25.4,1,0,0,0,1,0,N,single,"axes text,title(s),annotation(s)",0,0,1,1,1,0,0,0,0,0,1,3,2,0,1,Point,0,0,0,0,0,0,0,0,1,0,0,0,1
wsj262.png,966.png,14.8,1,0,0,0,1,0,N,single,"title(s),axes text,annotation(s),caption(s)",0,0,1,1,1,1,0,0,0,0,0,2,2,1,1,Point,0,0,0,0,0,0,0,0,1,0,0,0,1
whoH04_2.png,967.png,14.700000000000001,0,0,1,0,0,1,G,multipanel,"axes labels,axes text,legend text,title(s),annotation(s)",0,1,1,1,1,0,1,0,0,0,1,4,2,2,1,Bar,0,1,0,0,0,0,0,0,0,0,0,0,1
wsj504.png,968.png,41,1,0,0,0,0,1,N,multipanel,"title(s),annotation(s),legend text,caption(s)",0,0,0,1,1,1,1,0,0,0,1,4,2,2,1,"Distribution,Map",0,0,0,0,1,0,0,1,0,0,0,0,2
vis463.png,969.png,50.9,0,1,0,0,1,0,I,single,"title(s),text axes,caption(s),annotation(s),axes labels",0,1,0,1,1,1,0,0,0,0,1,4,2,2,3,"Diagram,Table",0,0,0,1,0,0,0,0,0,1,0,0,2
visMost536.png,970.png,42.2,0,1,0,0,0,1,I,multipanel,"axes text,title(s),annotation(s),caption(s),legend text,caption(s)",0,0,1,1,1,1,1,0,0,0,0,3,3,2,2,"Circle,Bar",0,1,1,0,0,0,0,0,0,0,0,0,2
v487_n7406_22_f3.png,971.png,51.1,0,0,0,1,0,1,S,multipanel,"axes text,axes labels,title(s),annotation(s)",0,1,1,1,1,0,0,0,0,0,1,5,3,2,7,"Bar,Diagram",0,1,0,1,0,0,0,0,0,0,0,0,2
v488_n7413_12_f2.png,972.png,47.1,0,0,0,1,1,0,S,single,"axes text,annotation(s),legend text,axes label",0,0,1,0,1,0,1,0,0,0,0,4,2,1,1,Point,0,0,0,0,0,0,0,0,1,0,0,0,1
visMost278.png,973.png,47,0,1,0,0,0,1,I,multipanel,"title(s),legend text,axes text,annotation(s),caption(s)",0,0,1,1,1,1,1,0,0,0,1,3,8,4,7,"Circle,Bar,Line,Point,Area,Distribution",1,1,1,0,1,0,1,0,1,0,0,0,6
wsj66.png,974.png,30.5,1,0,0,0,0,1,N,multipanel,"title(s),legend text,legend title,annotation(s)",0,0,0,1,1,0,1,1,0,0,0,5,1,1,1,Table,0,0,0,0,0,0,0,0,0,1,0,0,1
v486_n7401_18_f3.png,975.png,66.9,0,0,0,1,0,1,S,multipanel,"axes labels,axes text,legend text,title(s),legend text",0,1,1,1,0,0,1,0,0,0,0,3,5,2,5,"Bar,Line,Diagram",0,1,0,1,0,0,1,0,0,0,0,0,3
v482_n7386_7_f2.png,976.png,55.1,0,0,0,1,1,0,S,single,annotation(s),0,0,0,0,1,0,0,0,0,0,0,3,3,6,1,Diagram,0,0,0,1,0,0,0,0,0,0,0,0,1
wsj72.png,977.png,37.3,1,0,0,0,1,0,N,single,"title(s),annotation(s),axes text,caption(s)",0,0,1,1,1,1,0,0,0,0,1,4,2,4,1,Area,1,0,0,0,0,0,0,0,0,0,0,0,1
vis339.png,978.png,48.3,0,1,0,0,0,1,I,multipanel,"title(s),caption(s),annotation(s),axes labels,axes text",0,1,1,1,1,1,0,0,0,0,1,3,9,4,14,"Bar,Circle",0,1,1,0,0,0,0,0,0,0,0,0,2
wsj538.png,979.png,42.5,1,0,0,0,0,1,N,multipanel,"title(s),axes text,caption(s)",0,0,1,1,0,1,0,0,0,0,1,4,5,1,4,"Bar,Line",0,1,0,0,0,0,1,0,0,0,0,0,2
v484_n7392_12_f4.png,980.png,72.9,0,0,0,1,0,1,S,multipanel,"axes labels,axes text,legend text,title(s)",0,1,1,1,0,0,1,0,0,0,0,5,6,2,4,"Bar,Grid & Matrix,Line",0,1,0,0,0,1,1,0,0,0,0,0,3
v490_n7418_18_f3.png,981.png,62.5,0,0,0,1,0,1,S,multipanel,"axes text,legend text,title(s)",0,0,1,1,0,0,1,0,0,1,0,0,9,3,9,Bar,0,1,0,0,0,0,0,0,0,0,0,0,1
v487_n7406_14_f2.png,982.png,60.8,0,0,0,1,0,1,S,multipanel,"axes labels,axes text,legend text,annotation(s)",0,1,1,0,1,0,1,0,0,0,0,3,4,0,4,Point,0,0,0,0,0,0,0,0,1,0,0,0,1
whoQ35_1.png,983.png,33.9,0,0,1,0,0,1,G,multipanel,"axes text,caption(s),axes labels,title(s)",0,1,1,1,0,1,0,0,0,0,0,2,2,1,2,Bar,0,1,0,0,0,0,0,0,0,0,0,0,1
economist_daily_chart_121.png,984.png,24.5,1,0,0,0,1,0,N,single,"title(s),annotation(s),axes text,caption(s)",0,0,1,1,1,1,0,0,0,0,0,6,2,1,1,Line,0,0,0,0,0,0,1,0,0,0,0,0,1
economist_daily_chart_135.png,985.png,27.1,1,0,0,0,0,1,N,multipanel,"title(s),axes text,legend text,annotation(s)",0,0,1,1,1,0,1,0,0,0,1,3,2,1,2,Bar,0,1,0,0,0,0,0,0,0,0,0,0,1
whoQ56_2.png,986.png,25.1,0,0,1,0,1,0,G,single,"axes text,title(s)",0,0,1,1,0,0,0,0,0,0,0,1,1,1,1,Bar,0,1,0,0,0,0,0,0,0,0,0,0,1
v489_n7415_16_f4.png,987.png,54.2,0,0,0,1,0,1,S,multipanel,"axes text,legend text,title(s)",0,0,1,1,0,0,1,0,0,1,0,0,2,1,17,"Bar,Table",0,1,0,0,0,0,0,0,0,1,0,0,2
whoC22.png,988.png,21.1,0,0,1,0,0,1,G,multipanel,"caption(s),annotation(s),annotation(s)",0,0,0,0,1,1,0,0,0,0,1,6,1,1,1,Circle,0,0,1,0,0,0,0,0,0,0,0,0,1
v489_n7415_18_f1.png,989.png,68.3,0,0,0,1,0,1,S,multipanel,"axes labels,axes text,title(s)",0,1,1,1,0,0,0,0,0,1,0,0,8,4,5,"Table,Distribution",0,0,0,0,1,0,0,0,0,1,0,0,2
whoN12_1.png,990.png,41.3,0,0,1,0,1,0,G,single,"legend text,legend title,caption(s),title(s)",0,0,0,1,0,1,1,1,0,0,0,7,1,1,1,Map,0,0,0,0,0,0,0,1,0,0,0,0,1
vis852.png,991.png,61.9,0,1,0,0,0,1,I,multipanel,"title(s),legend text,annotation(s),caption(s)",0,0,0,1,1,1,1,0,0,0,1,7,4,3,4,"Circle,Map,Diagram,Bar",0,1,1,1,0,0,0,1,0,0,0,0,4
v485_n7397_1_f3.png,992.png,80,0,0,0,1,0,1,S,multipanel,"axes text,axes labels,legend text,title(s)",0,1,1,1,0,0,1,0,0,0,0,3,9,6,6,"Line,Point,Distribution,Table",0,0,0,0,1,0,1,0,1,1,0,0,4
vis846.png,993.png,38.5,0,1,0,0,1,0,I,single,"title(s),legend text,caption(s),annotation(s)",0,0,0,1,1,1,1,0,0,0,1,4,1,1,1,Map,0,0,0,0,0,0,0,1,0,0,0,0,1
v484_n7395_16_f4.png,994.png,79.7,0,0,0,1,0,1,S,multipanel,"axes text,axes labels,legend text,title(s)",0,1,1,1,0,0,1,0,0,0,0,5,5,4,16,"Bar,Line,Diagram",0,1,0,1,0,0,1,0,0,0,0,0,3
economist_daily_chart_109.png,995.png,23.9,1,0,0,0,0,1,N,multipanel,"title(s),legend text,axes text,caption(s)",0,0,1,1,0,1,1,0,0,0,0,3,2,2,2,Bar,0,1,0,0,0,0,0,0,0,0,0,0,1
whoM05.png,996.png,29.3,0,0,1,0,1,0,G,single,"text-only,title(s),axes labels,axes text",0,1,1,1,0,0,0,0,1,1,0,0,1,2,1,Table,0,0,0,0,0,0,0,0,0,1,0,0,1
vis113.png,997.png,54.5,0,1,0,0,0,1,I,multipanel,"title(s),axes text,legend text,annotation(s),caption(s)",0,0,1,1,1,1,1,0,0,0,1,2,7,5,9,"Bar,Distribution,Circle,Table",0,1,1,0,1,0,0,0,0,1,0,0,4
visMost720.png,998.png,42.9,0,1,0,0,0,1,I,multipanel,"title(s),annotation(s),axes text,caption(s)",0,0,1,1,1,1,0,0,0,0,1,10,4,3,4,"Bar,Circle,Distribution,Table",0,1,1,0,1,0,0,0,0,1,0,0,4
vis675.png,999.png,45.4,0,1,0,0,0,1,I,multipanel,"title(s),caption(s),annotation(s),axes text,axes labels",0,1,1,1,1,1,0,0,0,0,1,5,10,10,16,"Bar,Circle,Table,Point",0,1,1,0,0,0,0,0,1,1,0,0,4
v488_n7410_15_f3.png,1000.png,56.1,0,0,0,1,1,0,S,single,"axes text,axes labels,legend text",0,1,1,0,0,0,1,0,0,0,1,5,3,3,1,Diagram,0,0,0,1,0,0,0,0,0,0,0,0,1
visMost734.png,1001.png,65.3,0,1,0,0,1,0,I,single,"title(s),legend text,annotation(s)",0,0,0,1,1,0,1,0,0,0,0,8,0,1,1,Diagram,0,0,0,1,0,0,0,0,0,0,0,0,1
vis661.png,1002.png,52.5,0,1,0,0,0,1,I,multipanel,"title(s), legend text, annotation(s), legend title",0,0,0,1,1,0,1,1,0,0,1,11,8,4,4,Map,0,0,0,0,0,0,0,1,0,0,0,0,1
v489_n7414_9_f3.png,1003.png,65.2,0,0,0,1,1,0,S,single,"legend text,axes text,axes labels",0,1,1,0,0,0,1,0,0,0,0,3,2,2,1,Line chart,0,0,0,0,0,0,1,0,0,0,0,0,1
v485_n7399_18_f4.png,1004.png,73.8,0,0,0,1,0,1,S,multipanel,"axes text,axes labels,legend text",0,1,1,0,0,0,1,0,0,0,0,13,2,6,3,"Bar,Diagram,Table",0,1,0,1,0,0,0,0,0,1,0,0,3
vis107.png,1005.png,58.9,0,1,0,0,1,0,I,single,title(s),0,0,0,1,0,0,0,0,0,0,1,10,0,0,1,Diagram,0,0,0,1,0,0,0,0,0,0,0,0,1
v488_n7411_13_f1.png,1006.png,69.3,0,0,0,1,0,1,S,multipanel,"axes labels,axes text,legend text, title(s)",0,1,1,1,0,0,1,0,0,0,0,3,9,3,7,"Bar,Diagram,Line,Distribution",0,1,0,1,1,0,1,0,0,0,0,0,4
v485_n7399_16_f1.png,1007.png,47.7,0,0,0,1,0,1,S,multipanel,"axes text,legend text,axes labels",0,1,1,0,0,0,1,0,0,0,0,7,2,3,2,"Grid & Matrix, Distribution",0,0,0,0,1,1,0,0,0,0,0,0,2
vis891.png,1008.png,61.7,0,1,0,0,0,1,I,multipanel,"title(s),axes text,legend text,annotation(s)",0,0,1,1,1,0,1,0,0,0,1,10,18,5,11,"Diagram,Distribution,Bar",0,1,0,1,1,0,0,0,0,0,0,0,3
vis649.png,1009.png,40.4,0,1,0,0,0,1,I,multipanel,"title(s),annotation(s)",0,0,0,1,1,0,0,0,0,0,1,4,3,0,1,Text,0,0,0,0,0,0,0,0,0,0,1,0,1
v489_n7414_7_f6.png,1010.png,46.7,0,0,0,1,1,0,S,single,text-only,0,0,0,0,0,0,0,0,1,1,0,0,5,2,1,Table,0,0,0,0,0,0,0,0,0,1,0,0,1
v484_n7393_4_f1.png,1011.png,70.1,0,0,0,1,0,1,S,multipanel,"axes text,axes labels,legend text, title(s)",0,1,1,1,0,0,1,0,0,0,0,14,3,3,5,"Distribution,Diagram, Table",0,0,0,1,1,0,0,0,0,1,0,0,3
vis885.png,1012.png,51.9,0,1,0,0,0,1,I,multipanel,"legend text,axes text,title(s),caption(s)",0,0,1,1,0,1,1,0,0,0,0,25,0,5,5,"Circle,Bar",0,1,1,0,0,0,0,0,0,0,0,0,2
v483_n7391_15_f1.png,1013.png,79.1,0,0,0,1,0,1,S,multipanel,"legend text,axes text,axes labels",0,1,1,0,0,0,1,0,0,0,0,16,0,4,4,"Grid & Matrix,Circle",0,0,1,0,0,1,0,0,0,0,0,0,2
visMost708.png,1014.png,45.1,0,1,0,0,0,1,I,multipanel,"legend text,title(s),annotation(s),caption(s)",0,0,0,1,1,1,1,0,0,0,1,26,1,1,1,Circle,0,0,1,0,0,0,0,0,0,0,0,0,1
v485_n7397_27_f2.png,1015.png,54.3,0,0,0,1,0,1,S,multipanel,"axes labels,axes text",0,1,1,0,0,0,0,0,0,0,0,13,3,1,2,"Bar,Line",0,1,0,0,0,0,1,0,0,0,0,0,2
economist_daily_chart_51.png,1016.png,14.399999999999999,1,0,0,0,1,0,N,single,"title(s),axes text,annotation(s)",0,0,1,1,1,0,0,0,0,0,0,2,2,0,1,Line,0,0,0,0,0,0,1,0,0,0,0,0,1
whoJ25_2.png,1017.png,11.3,0,0,1,0,1,0,G,single,"axes labels,axes text,legend text,title(s),caption(s)",0,1,1,1,0,1,1,0,0,0,0,2,1,1,1,Bar,0,1,0,0,0,0,0,0,0,0,0,0,1
v484_n7393_20_f2.png,1018.png,82.7,0,0,0,1,1,0,S,single,annotation(s),0,0,0,0,1,0,0,0,0,0,0,10,0,0,7,Diagram,0,0,0,1,0,0,0,0,0,0,0,0,1
visMost697.png,1019.png,54.5,0,1,0,0,0,1,I,multipanel,"title(s),caption(s),axes texts,legend text, legend title, annotation(s)",0,0,1,1,1,1,1,1,0,0,0,4,1,3,5,"Bar,Circle,Distribution,Map,Text",0,1,1,0,1,0,0,1,0,0,1,0,5
whoQ50_4.png,1020.png,11,0,0,1,0,1,0,G,single,"title(s),legend text,axes labels,axes text",0,1,1,1,0,0,1,0,0,0,1,5,2,1,1,Area,1,0,0,0,0,0,0,0,0,0,0,0,1
visMost683.png,1021.png,55.6,0,1,0,0,0,1,I,multipanel,"axes labels,title(s),annotation(s),caption(s)",0,1,0,1,1,1,0,0,0,0,0,4,1,2,28,"Circle, Table",0,0,1,0,0,0,0,0,0,1,0,0,2
whoB05_1.png,1022.png,7.7,0,0,1,0,1,0,G,single,"title(s),caption(s),legend text,axes labels,axes text",0,1,1,1,0,1,1,0,0,0,0,3,2,1,1,Area,1,0,0,0,0,0,0,0,0,0,0,0,1
whoJ46_1.png,1023.png,9.8,0,0,1,0,1,0,G,single,"title(s),axes labels,axes text,legend text",0,1,1,1,0,0,1,0,0,0,0,3,2,1,1,Bar,0,1,0,0,0,0,0,0,0,0,0,0,1
v487_n7405_1_f2.png,1024.png,92.4,0,0,0,1,0,1,S,multipanel,axes labels,0,1,0,0,0,0,0,0,0,0,0,4,0,0,10,Line,0,0,0,0,0,0,1,0,0,0,0,0,1
economist_daily_chart_45.png,1025.png,30.3,1,0,0,0,1,0,N,single,"title(s),caption(s),axes labels,axes text,legend text",0,1,1,1,0,1,1,0,0,0,0,3,1,2,1,Point,0,0,0,0,0,0,0,0,1,0,0,0,1
v485_n7397_3_f6.png,1026.png,74.5,0,0,0,1,0,1,S,multipanel,"title(s),axes labels",0,1,0,1,0,0,0,0,0,0,0,12,0,0,4,Diagram,0,0,0,1,0,0,0,0,0,0,0,0,1
vis926.png,1027.png,58.8,0,1,0,0,0,1,I,multipanel,"title(s),caption(s),text-only",0,0,0,1,0,1,0,0,1,0,1,6,0,1,3,"Bar,Diagram",0,1,0,1,0,0,0,0,0,0,0,0,2
vis932.png,1028.png,63.5,0,1,0,0,0,1,I,multipanel,"title(s),caption(s),axes labels,axes text",0,1,1,1,0,1,0,0,0,0,1,12,4,4,6,"Bar,Circle,Distribution,Map",0,1,1,0,1,0,0,1,0,0,0,0,4
v487_n7406_18_f2.png,1029.png,86.9,0,0,0,1,0,1,S,multipanel,"axes labels,axes text,legend text",0,1,1,0,0,0,1,0,0,0,0,7,3,2,16,"Point,Line",0,0,0,0,0,0,1,0,1,0,0,0,2
economist_daily_chart_79.png,1030.png,10.5,1,0,0,0,1,0,N,single,"title(s),axes labels,legend text,caption(s)",0,1,0,1,0,1,1,0,0,0,0,3,1,2,1,Bar,0,1,0,0,0,0,0,0,0,0,0,0,1
v489_n7414_12_f3.png,1031.png,82.7,0,0,0,1,0,1,S,multipanel,"axes labels,axes text,title(s),legend text",0,1,1,1,0,0,1,0,0,0,0,7,1,4,6,"Bar, Diagram",0,1,0,1,0,0,0,0,0,0,0,0,2
v484_n7395_14_f1.png,1032.png,91,0,0,0,1,0,1,S,multipanel,"title(s),axes labels,axes text, legend text(s)",0,1,1,1,0,0,1,0,0,1,0,0,14,2,31,"Bar,Point",0,1,0,0,0,0,0,0,1,0,0,0,2
v484_n7393_8_f1.png,1033.png,45.5,0,0,0,1,0,1,S,multipanel,"title(s),text-only,annotation(s)",0,0,0,1,1,0,0,0,1,0,0,8,0,0,7,"Diagram, table",0,0,0,1,0,0,0,0,0,0,0,0,1
visMost132.png,1034.png,74.4,0,1,0,0,1,0,I,single,"legend text,axes labels,title(s),annotation(s),caption(s)",0,1,0,1,1,1,1,0,0,0,1,10,1,2,1,Distribution,0,0,0,0,1,0,0,0,0,0,0,0,1
economist_daily_chart_92.png,1035.png,32.7,1,0,0,0,0,1,N,multipanel,"title(s),caption(s),legend text",0,0,0,1,0,1,1,0,0,0,0,5,1,1,2,Map,0,0,0,0,0,0,0,1,0,0,0,0,1
wsj100.png,1036.png,42.2,1,0,0,0,0,1,N,multipanel,"title(s),caption(s),axes labels,legend text",0,1,0,1,0,1,1,0,0,0,1,3,3,3,2,"Distribution,Line",0,0,0,0,1,0,1,0,0,0,0,0,2
whoQ08_1.png,1037.png,11.4,0,0,1,0,1,0,G,single,"axes labels,axes text,caption(s),title(s),legend text",0,1,1,1,0,1,1,0,0,0,0,2,2,1,1,Bar,0,1,0,0,0,0,0,0,0,0,0,0,1
v484_n7394_2_f5.png,1038.png,78.6,0,0,0,1,0,1,S,multipanel,"title(s),axes labels,axes text,legend text, annotation(s)",0,1,1,1,1,0,1,0,0,0,0,3,4,6,22,"Line,Bar",0,1,0,0,0,0,1,0,0,0,0,0,2
vis701.png,1039.png,83.6,0,1,0,0,0,1,I,multipanel,"axes text,title(s),annotation(s),caption(s)",0,0,1,1,1,1,0,0,0,0,1,10,7,6,6,"Bar,Map,Diagram,Distribution",0,1,0,1,1,0,0,1,0,0,0,0,4
visMost654.png,1040.png,85,0,1,0,0,1,0,I,single,"title(s),caption(s),text-only",0,0,0,1,0,1,0,0,1,0,0,26,0,0,22,"Map,Circle,Diagram,Table,Text",0,0,1,1,0,0,0,1,0,1,1,0,5
visMost29.png,1041.png,79.1,0,1,0,0,0,1,I,multipanel,"title(s),caption(s),axes labels, legend text(s)",0,1,0,1,0,1,1,0,0,0,1,10,0,0,12,"Circle,Diagram,Distribution,Text",0,0,1,1,1,0,0,0,0,0,1,0,4
v483_n7390_5_f5.png,1042.png,58.1,0,0,0,1,0,1,S,multipanel,"title(s),axes labels,axes text,legend text",0,1,1,1,0,0,1,0,0,0,0,2,4,2,3,"Distribution,Point",0,0,0,0,1,0,0,0,1,0,0,0,2
whoK03.png,1043.png,21.9,0,0,1,0,1,0,G,single,"title(s),caption(s),legend text",0,0,0,1,0,1,1,0,0,0,0,4,1,1,1,Map,0,0,0,0,0,0,0,1,0,0,0,0,1
vis715.png,1044.png,75.7,0,1,0,0,0,1,I,multipanel,"caption(s),text-only,axes labels,annotation(s), legend_title, legend_text",0,1,0,0,1,1,0,0,1,0,1,11,0,0,11,"Diagram,Table,Map,Text",0,0,0,1,0,0,0,1,0,1,1,0,4
visMost640.png,1045.png,54.8,0,1,0,0,0,1,I,multipanel,"title(s),caption(s),annotation(s),axes labels,axes text",0,1,1,1,1,1,0,0,0,0,0,9,5,0,6,"Circle,Bar,Line,Diagram,Text",0,1,1,1,0,0,1,0,0,0,1,0,5
economist_daily_chart_86.png,1046.png,15.9,1,0,0,0,0,1,N,multipanel,"title(s),axes labels,legend text,caption(s),axes text",0,1,1,1,0,1,1,0,0,0,0,3,1,2,1,Circle,0,0,1,0,0,0,0,0,0,0,0,0,1
wsj114.png,1047.png,36.5,1,0,0,0,0,1,N,multipanel,"title(s),caption(s),axes texts,annotation(s)",0,0,1,1,1,1,0,0,0,0,1,3,4,1,4,"Distribution,Line",0,0,0,0,1,0,1,0,0,0,0,0,2
v484_n7395_2_f5.png,1048.png,85.2,0,0,0,1,0,1,S,multipanel,"title(s),axes labels,axes text",0,1,1,1,0,0,0,0,0,0,0,8,3,0,11,"Diagram,Point",0,0,0,1,0,0,0,0,1,0,0,0,2
visMost126.png,1049.png,72.4,0,1,0,0,0,1,I,multipanel,"title(s),caption(s),axes labels,axes text,legend text",0,1,1,1,0,1,1,0,0,0,1,4,5,3,8,"Bar,Distribution,Circle,Text,Line,Point",0,1,1,0,1,0,1,0,1,0,1,0,6
v489_n7414_5_f3.png,1050.png,86.1,0,0,0,1,0,1,S,multipanel,"title(s),axes labels,axes text,legend text",0,1,1,1,0,0,1,0,0,0,0,5,4,1,6,"Line,Distribution,Diagram",0,0,0,1,1,0,1,0,0,0,0,0,3
visMost668.png,1051.png,49.8,0,1,0,0,0,1,I,multipanel,"title(s),caption(s),axes labels,annotation(s),axes text",0,1,1,1,1,1,0,0,0,0,1,7,2,2,3,"Bar,Circle",0,1,1,0,0,0,0,0,0,0,0,0,2
visMost15.png,1052.png,67.7,0,1,0,0,0,1,I,multipanel,"title(s),caption(s),axes labels,annotation(s)",0,1,0,1,1,1,0,0,0,0,1,22,4,2,3,"Distribution, Text",0,0,0,0,1,0,0,0,0,0,1,0,2
v488_n7411_11_f4.png,1053.png,44,0,0,0,1,0,1,S,multipanel,"axes labels,axes text,title(s),legend text",0,1,1,1,0,0,1,0,0,0,0,2,3,2,4,Bar,0,1,0,0,0,0,0,0,0,0,0,0,1
v483_n7388_15_f2.png,1054.png,42.1,0,0,0,1,0,1,S,multipanel,"axes labels,axes text",0,1,1,0,0,0,0,0,0,0,0,4,1,2,5,"Bar, Diagram",0,1,0,1,0,0,0,0,0,0,0,0,2
v489_n7415_5_f3.png,1055.png,62.1,0,0,0,1,0,1,S,multipanel,"axes labels,axes text, title(s)",0,1,1,1,0,0,0,0,0,0,0,2,1,1,8,Distribution,0,0,0,0,1,0,0,0,0,0,0,0,1
vis729.png,1056.png,16.8,0,1,0,0,1,0,I,single,"title(s),axes labels,axes text, caption(s)",0,1,1,1,0,1,0,0,0,0,1,3,1,1,8,Distribution,0,0,0,0,1,0,0,0,0,0,0,0,1
v486_n7402_13_f2.png,1057.png,51.4,0,0,0,1,1,0,S,single,"axes labels,axes text,legend_text",0,1,1,0,0,0,0,0,0,1,0,0,3,0,1,"Point, lines",0,0,0,0,0,0,0,0,1,0,0,0,1
v484_n7393_6_f4.png,1058.png,28.1,0,0,0,1,1,0,S,single,"axes labels,axes text,annotation(s)",0,1,1,0,1,0,0,0,0,1,0,0,2,0,2,Line,0,0,0,0,0,0,1,0,0,0,0,0,1
v483_n7391_17_f4.png,1059.png,76.6,0,0,0,1,0,1,S,multipanel,"title(s),axes labels,axes text, legend",0,1,1,1,0,0,0,0,0,0,0,16,2,3,6,"Point, Line, Table",0,0,0,0,0,0,1,0,1,1,0,0,3
wsj128.png,1060.png,14.7,1,0,0,0,1,0,N,single,"title(s),caption(s),axes labels,legend text",0,1,0,1,0,1,1,0,0,0,1,4,2,1,1,Area,1,0,0,0,0,0,0,0,0,0,0,0,1
v488_n7410_19_f3.png,1061.png,62.8,0,0,0,1,0,1,S,multipanel,"axes labels,axes text",0,1,1,0,0,0,0,0,0,0,0,3,1,3,5,"Bar, table",0,1,0,0,0,0,0,0,0,0,0,0,1
economist_daily_chart_257.png,1062.png,74.3,1,0,0,0,1,0,N,single,"title(s),caption(s),axes labels,axes text,legend text,annotation(s)",0,1,1,1,1,1,1,0,0,0,1,8,2,1,1,"Point, Line",0,0,0,0,0,0,1,0,1,0,0,0,2
vis71.png,1063.png,82,0,1,0,0,0,1,I,multipanel,"caption(s),title(s),text-only",0,0,0,1,0,1,0,0,1,0,1,7,0,0,4,Table,0,0,0,0,0,0,0,0,0,1,0,0,1
whoQ52_6.png,1064.png,16.5,0,0,1,0,1,0,G,single,"title(s),axes labels,axes text,legend text",0,1,1,1,0,0,1,0,0,0,0,5,2,1,1,Line,0,0,0,0,0,0,1,0,0,0,0,0,1
visMost495.png,1065.png,72.7,0,1,0,0,0,1,I,multipanel,"title(s),caption(s),axes labels, legend_text(s)",0,1,0,1,0,1,0,0,0,0,1,22,2,0,4,"Distribution,Table, Diagram",0,0,0,1,1,0,0,0,0,1,0,0,3
v486_n7403_23_f1.png,1066.png,89.2,0,0,0,1,0,1,S,multipanel,"title(s),axes labels,axes text,legend text",0,1,1,1,0,0,1,0,0,0,0,3,7,5,12,"Bar,Line,Point, Table, Distriibution",0,1,0,0,0,0,1,0,1,1,0,0,4
v486_n7403_7_f2.png,1067.png,81.2,0,0,0,1,0,1,S,multipanel,"axes labels,axes text,annotation(s)",0,1,1,0,1,0,0,0,0,0,0,3,2,1,4,"Text,Line, Diagram",0,0,0,1,0,0,1,0,0,0,1,0,3
economist_daily_chart_531.png,1068.png,29,1,0,0,0,1,0,N,single,"title(s),caption(s),axes labels,axes text,annotation(s)",0,1,1,1,1,1,0,0,0,0,1,5,3,1,1,Line,0,0,0,0,0,0,1,0,0,0,0,0,1
v483_n7387_14_f2.png,1069.png,62.8,0,0,0,1,0,1,S,multipanel,"axes labels,axes text,legend text, annotation(s)",0,1,1,0,1,0,1,0,0,0,0,4,5,3,7,"Bar,Line,Point, distribution",0,1,0,0,0,0,1,0,1,0,0,0,3
np_20.png,1070.png,80.9,1,0,0,0,0,1,N,multipanel,"legend text,axes labels,title(s),caption(s),axes text",0,1,1,1,0,1,1,0,0,0,0,9,1,1,5,Circle,0,0,1,0,0,0,0,0,0,0,0,0,1
v485_n7399_6_f3.png,1071.png,64,0,0,0,1,0,1,S,multipanel,"axes labels,axes text",0,1,1,0,0,0,0,0,0,1,0,0,3,0,2,"Point,Bar",0,1,0,0,0,0,0,0,1,0,0,0,2
economist_daily_chart_525.png,1072.png,24.9,1,0,0,0,1,0,N,single,"axes labels,title(s),caption(s),axes text, annotations",0,1,1,1,0,1,0,0,0,0,1,7,2,0,1,Line,0,0,0,0,0,0,1,0,0,0,0,0,1
whoP15_1.png,1073.png,8.2,0,0,1,0,1,0,G,single,"axes labels,axes text,caption(s),annotation(s)",0,1,1,0,1,1,0,0,0,0,0,1,2,0,1,"Line, Point",0,0,0,0,0,0,1,0,1,0,0,0,2
v489_n7417_15_f2.png,1074.png,83.1,0,0,0,1,0,1,S,multipanel,"axes labels,axes text,legend text,title(s)",0,1,1,1,0,0,1,0,0,0,0,20,2,3,4,"Point,Line,Table,Area,Diagram",1,0,0,1,0,0,1,0,1,1,0,0,5
vis65.png,1075.png,42.2,0,1,0,0,0,1,I,multipanel,"axes labels,axes text,title(s),caption(s)",0,1,1,1,0,1,0,0,0,1,1,6,1,1,8,Distribution,0,0,0,0,1,0,0,0,0,0,0,0,1
visMost481.png,1076.png,94.1,0,1,0,0,0,1,I,multipanel,"axes labels,axes text,title(s),caption(s),annotation(s)",0,1,1,1,1,1,0,0,0,1,1,8,4,1,3,"Diagram,Area",1,0,0,1,0,0,0,0,0,0,0,0,2
v489_n7416_8_f4.png,1077.png,50.2,0,0,0,1,0,1,S,multipanel,"title(s),axes labels,axes text,annotation(s),legend text",0,1,1,1,1,0,1,0,0,0,0,2,4,0,2,"Point,Line",0,0,0,0,0,0,1,0,1,0,0,0,2
v486_n7402_7_f2.png,1078.png,67.3,0,0,0,1,0,1,S,multipanel,"title(s),axes labels",0,1,0,1,0,0,0,0,0,1,0,0,0,4,4,"Table,Grid & Matrix",0,0,0,0,0,1,0,0,0,1,0,0,2
v490_n7420_1_f5.png,1079.png,78.7,0,0,0,1,0,1,S,multipanel,"title(s),axes labels,axes text",0,1,1,1,0,0,0,0,0,0,1,5,1,3,6,"Bar,Table.Diagram",0,1,0,1,0,0,0,0,0,1,0,0,3
economist_daily_chart_243.png,1080.png,44.5,1,0,0,0,0,1,N,multipanel,"title(s),caption(s),axes labels,annotation(s)",0,1,0,1,1,1,0,0,0,0,1,5,3,1,3,"Bar,Map,Table",0,1,0,0,0,0,0,1,0,1,0,0,3
v490_n7418_9_f5.png,1081.png,29.5,0,0,0,1,0,1,S,multipanel,"title(s),axes labels,axes text,legend text",0,1,1,1,0,0,1,0,0,0,0,3,4,2,2,"Line,Point",0,0,0,0,0,0,1,0,1,0,0,0,2
whoP03.png,1082.png,26.6,0,0,1,0,1,0,G,single,"title(s),axes labels,axes text,caption(s)",0,1,1,1,0,1,0,0,0,0,0,1,3,3,1,Table,0,0,0,0,0,0,0,0,0,1,0,0,1
v489_n7416_6_f1.png,1083.png,63.7,0,0,0,1,1,0,S,single,"annotation(s),title(s)",0,0,0,1,1,0,0,0,0,0,0,3,0,0,9,"Table,Diagram",0,0,0,1,0,0,0,0,0,1,0,0,2
v489_n7416_1_f8.png,1084.png,72.4,0,0,0,1,0,1,S,multipanel,"axes labels,axes text,title(s),annotation(s)",0,1,1,1,1,0,0,0,0,0,1,5,2,2,4,"Point,Area,Line",1,0,0,0,0,0,1,0,1,0,0,0,3
v489_n7417_6_f1.png,1085.png,71.9,0,0,0,1,1,0,S,single,"annotation(s),legend text",0,0,0,0,1,0,1,0,0,0,1,3,1,1,1,Map,0,0,0,0,0,0,0,1,0,0,0,0,1
economist_daily_chart_519.png,1086.png,32,1,0,0,0,1,0,N,single,"title(s),caption(s),axes labels,axes text",0,1,1,1,0,1,0,0,0,0,1,3,1,2,1,Table,0,0,0,0,0,0,0,0,0,1,0,0,1
treasuryA5.png,1087.png,23.9,0,0,1,0,0,1,G,multipanel,"title(s),axes labels,annotation(s),caption(s)",0,1,0,1,1,1,0,0,0,0,0,6,4,2,3,Bar,0,1,0,0,0,0,0,0,0,0,0,0,1
whoP17.png,1088.png,32.7,0,0,1,0,1,0,G,single,"axes labels,title(s)",0,1,0,1,0,0,0,0,0,0,0,1,3,6,1,Table,0,0,0,0,0,0,0,0,0,1,0,0,1
v482_n7386_14_f4.png,1089.png,81.9,0,0,0,1,0,1,S,multipanel,"title(s),axes labels,legend text,annotation(s)",0,1,0,1,1,0,1,0,0,0,0,17,3,3,3,Grid & Matrix,0,0,0,0,0,1,0,0,0,0,0,0,1
vis59.png,1090.png,79,0,1,0,0,0,1,I,multipanel,"title(s),caption(s),text-only,annotation(s),axes text",0,0,1,1,1,1,0,0,1,0,1,18,4,6,8,"Table,Distribution,Bar",0,1,0,0,1,0,0,0,0,1,0,0,3
visMost456.png,1091.png,24.800000000000004,0,1,0,0,1,0,I,single,"title(s),caption(s),axes text,annotation(s)",0,0,1,1,1,1,0,0,0,0,1,8,0,1,1,Diagram,0,0,0,1,0,0,0,0,0,0,0,0,1
vis503.png,1092.png,66.1,0,1,0,0,0,1,I,multipanel,"title(s),caption(s),annotation(s),axes labels",0,1,0,1,1,1,0,0,0,0,1,12,0,5,1,"Circle,Table",0,0,1,0,0,0,0,0,0,1,0,0,2
economist_daily_chart_294.png,1093.png,29.2,1,0,0,0,0,1,N,multipanel,"title(s),caption(s),annotation(s),axes labels,axes text",0,1,1,1,1,1,0,0,0,0,1,7,3,2,2,Line,0,0,0,0,0,0,1,0,0,0,0,0,1
wsj464.png,1094.png,23.3,1,0,0,0,1,0,N,single,"title(s),caption(s),annotation(s)",0,0,0,1,1,1,0,0,0,0,1,4,1,2,1,"Area,Table",1,0,0,0,0,0,0,0,0,1,0,0,2
wsj302.png,1095.png,19.5,1,0,0,0,1,0,N,single,"caption(s),annotation(s),legend title,title(s),legend text",0,0,0,1,1,1,1,1,0,0,1,3,1,0,2,"Area,Map",1,0,0,0,0,0,0,1,0,0,0,0,2
vis265.png,1096.png,74,0,1,0,0,1,0,I,single,"title(s),caption(s),text-only",0,0,0,1,0,1,0,0,1,0,1,15,5,1,1,"Table,Diagram,",0,0,0,1,0,0,0,0,0,1,0,0,2
visMost330.png,1097.png,24.3,0,1,0,0,1,0,I,single,"title(s),caption(s),text-only,annotation(s)",0,0,0,1,1,1,0,0,1,0,1,8,1,4,4,"Table,Area",1,0,0,0,0,0,0,0,0,1,0,0,2
vis271.png,1098.png,67.5,0,1,0,0,0,1,I,multipanel,"text-only,axes labels,title(s),caption(s),annotation(s)",0,1,0,1,1,1,0,0,1,0,1,3,5,8,6,"Bar,Table,Area",1,1,0,0,0,0,0,0,0,1,0,0,3
visMost324.png,1099.png,66.4,0,1,0,0,0,1,I,multipanel,"title(s),caption(s),axes labels,axes text,annotation(s)",0,1,1,1,1,1,0,0,0,0,1,10,1,1,2,"Circle,Text,Point,Line",0,0,1,0,0,0,1,0,1,0,1,0,4
wsj316.png,1100.png,35.7,1,0,0,0,1,0,N,single,"title(s),axes labels,axes text,annotation(s),caption(s)",0,1,1,1,1,1,0,0,0,0,1,10,2,1,1,Line,0,0,0,0,0,0,1,0,0,0,0,0,1
economist_daily_chart_280.png,1101.png,6.5,1,0,0,0,1,0,N,single,"title(s),caption(s),axes labels,axes text",0,1,1,1,0,1,0,0,0,0,1,3,1,1,1,Bar,0,1,0,0,0,0,0,0,0,0,0,0,1
wsj470.png,1102.png,17.5,1,0,0,0,1,0,N,single,"title(s),axes labels,caption(s),legend text,annotation(s)",0,1,0,1,1,1,1,0,0,0,1,5,5,1,4,"Area,Line",1,0,0,0,0,0,1,0,0,0,0,0,2
visMost442.png,1103.png,67,0,1,0,0,0,1,I,multipanel,"axes text,title(s),caption(s)",0,0,1,1,0,1,0,0,0,0,0,50,1,1,1,"Circle,Table",0,0,1,0,0,0,0,0,0,1,0,0,2
v484_n7393_16_f3.png,1104.png,83.6,0,0,0,1,0,1,S,multipanel,"axes labels,axes text,legend text,title(s)",0,1,1,1,0,0,1,0,0,0,0,12,5,2,9,"Point,Grid & Matrix",0,0,0,0,0,1,0,0,1,0,0,0,2
vis517.png,1105.png,42.9,0,1,0,0,1,0,I,single,"title(s),text-only",0,0,0,1,0,0,0,0,1,0,0,7,0,1,1,"Diagram,Table",0,0,0,1,0,0,0,0,0,1,0,0,2
v486_n7401_14_f3.png,1106.png,85.6,0,0,0,1,0,1,S,multipanel,"title(s),axes labels,axes text,legend text",0,1,1,1,0,0,1,0,0,0,0,3,2,4,7,"Bar,Line,Point",0,1,0,0,0,0,1,0,1,0,0,0,3
whoI01.png,1107.png,20.1,0,0,1,0,1,0,G,single,"title(s),caption(s),axes labels,axes text",0,1,1,1,0,1,0,0,0,1,0,3,1,1,1,Circle,0,0,1,0,0,0,0,0,0,0,0,0,1
wsj458.png,1108.png,14.1,1,0,0,0,0,1,N,multipanel,"axes labels,axes text,caption(s),title(s)",0,1,1,1,0,1,0,0,0,0,1,2,2,0,2,Line,0,0,0,0,0,0,1,0,0,0,0,0,1
v489_n7414_24_f2.png,1109.png,79.9,0,0,0,1,0,1,S,multipanel,"axes labels,annotation(s),legend text,axes text",0,1,1,0,1,0,1,0,0,0,1,12,5,1,3,"Map,Circle",0,0,1,0,0,0,0,1,0,0,0,0,2
vis259.png,1110.png,78,0,1,0,0,0,1,I,multipanel,"title(s),caption(s),text-only,axes labels,annotation(s)",0,1,0,1,1,1,0,0,1,0,1,8,5,6,15,"Diagram,Circle,Table,Distribution,Map",0,0,1,1,1,0,0,1,0,1,0,0,5
v488_n7413_3_f3.png,1111.png,58.3,0,0,0,1,0,1,S,multipanel,"title(s),axes labels,axes text,annotation(s)",0,1,1,1,1,0,0,0,0,0,0,5,4,0,2,"Grid & Matrix,Table",0,0,0,0,0,1,0,0,0,1,0,0,2
v490_n7418_22_f2.png,1112.png,75.3,0,0,0,1,0,1,S,multipanel,"axes labels,title(s),annotation(s)",0,1,0,1,1,0,0,0,0,0,0,7,0,1,2,"Diagram,Table",0,0,0,1,0,0,0,0,0,1,0,0,2
visMost318.png,1113.png,88.5,0,1,0,0,1,0,I,single,text-only,0,0,0,0,0,0,0,0,1,0,1,5,0,0,1,Diagram,0,0,0,1,0,0,0,0,0,0,0,0,1
v484_n7392_10_f1.png,1114.png,78.4,0,0,0,1,0,1,S,multipanel,"title(s),axes labels,axes text,annotation(s)",0,1,1,1,1,0,0,0,0,0,0,7,6,0,5,"Diagram,Line,Area,Point",1,0,0,1,0,0,1,0,1,0,0,0,4
v488_n7413_10_f5.png,1115.png,56.2,0,0,0,1,0,1,S,multipanel,"axes labels,axes text,legend text,title(s)",0,1,1,1,0,0,1,0,0,0,0,6,2,2,3,"Bar,Diagram",0,1,0,1,0,0,0,0,0,0,0,0,2
v488_n7413_3_f1.png,1116.png,57,0,0,0,1,1,0,S,single,"axes labels,axes text,annotation(s),legend text",0,1,1,0,1,0,1,0,0,0,0,4,3,1,1,"Area,Line,Point",1,0,0,0,0,0,1,0,1,0,0,0,3
v484_n7395_22_f2.png,1117.png,84.1,0,0,0,1,0,1,S,multipanel,"axes labels,axes text,text-only,legend text",0,1,1,0,0,0,1,0,1,0,1,8,3,3,10,"Diagram,Point,Line,Grid & Matrix",0,0,0,1,0,1,1,0,1,0,0,0,4
visMost468.png,1118.png,50.7,0,1,0,0,1,0,I,single,"title(s),caption(s),axes text",0,0,1,1,0,1,0,0,0,0,1,13,0,2,1,Bar,0,1,0,0,0,0,0,0,0,0,0,0,1
v488_n7412_18_f2.png,1119.png,90.1,0,0,0,1,0,1,S,multipanel,"axes labels,axes text,title(s)",0,1,1,1,0,0,0,0,0,0,0,6,2,6,6,"Table,Point,Diagram",0,0,0,1,0,0,0,0,1,1,0,0,3
vis529.png,1120.png,66.1,0,1,0,0,1,0,I,single,"annotation(s),caption(s),title(s)",0,0,0,1,1,1,0,0,0,0,0,5,0,1,1,Diagram,0,0,0,1,0,0,0,0,0,0,0,0,1
vis98.png,1121.png,46.6,0,1,0,0,0,1,I,multipanel,"annotation(s),title(s),caption(s),axes labels",0,1,0,1,1,1,0,0,0,0,1,14,1,1,3,"Map,Circle,Bar,Area",1,1,1,0,0,0,0,1,0,0,0,0,4
v482_n7386_5_f5.png,1122.png,54.4,0,0,0,1,1,0,S,single,"axes labels,annotation(s)",0,1,0,0,1,0,0,0,0,0,0,10,0,2,1,Diagram,0,0,0,1,0,0,0,0,0,0,0,0,1
v484_n7392_10_f3.png,1123.png,27.6,0,0,0,1,0,1,S,multipanel,"title(s),axes labels,axes text,annotation(s)",0,1,1,1,1,0,0,0,0,0,0,3,3,1,2,"Line,Point,Area",1,0,0,0,0,0,1,0,1,0,0,0,3
wsj328.png,1124.png,13.8,1,0,0,0,1,0,N,single,"axes text,caption(s),title(s),annotation(s)",0,0,1,1,1,1,0,0,0,0,1,4,2,2,1,Line,0,0,0,0,0,0,1,0,0,0,0,0,1
visMost332.png,1125.png,57.6,0,1,0,0,0,1,I,multipanel,"title(s),annotation(s),axes text,legend text,axes labels",0,1,1,1,1,0,1,0,0,0,0,10,7,3,4,"Bar,Diagram,Area,Table",1,1,0,1,0,0,0,0,0,1,0,0,4
vis267.png,1126.png,61.7,0,1,0,0,0,1,I,multipanel,"title(s),axes labels,legend text,annotation(s)",0,1,0,1,1,0,1,0,0,0,1,7,0,4,3,"Area,Trees & Networks,Circle",1,0,1,0,0,0,0,0,0,0,0,1,3
wsj300.png,1127.png,54.2,1,0,0,0,0,1,N,multipanel,"title(s),axes labels,axes text,legend text,legend title",0,1,1,1,0,0,1,1,0,0,1,4,3,1,3,"Area,Point",1,0,0,0,0,0,0,0,1,0,0,0,2
v490_n7419_24_f2.png,1128.png,91.2,0,0,0,1,0,1,S,multipanel,"axes labels,axes text,title(s),legend text",0,1,1,1,0,0,1,0,0,1,0,2,3,7,5,"Bar,Table",0,1,0,0,0,0,0,0,0,1,0,0,2
wsj466.png,1129.png,30.5,1,0,0,0,1,0,N,single,"title(s),caption(s),annotation(s),text-only",0,0,0,1,1,1,0,0,1,0,1,10,1,2,2,Table,0,0,0,0,0,0,0,0,0,1,0,0,1
economist_daily_chart_296.png,1130.png,10.8,1,0,0,0,1,0,N,single,"title(s),caption(s),annotation(s),axes labels",0,1,0,1,1,1,0,0,0,0,1,5,2,2,1,Line,0,0,0,0,0,0,1,0,0,0,0,0,1
whoI17.png,1131.png,47.8,0,0,1,0,1,0,G,single,"caption(s),title(s),axes labels,axes text,legend text",0,1,1,1,0,1,1,0,0,1,0,0,1,1,1,Distribution,0,0,0,0,1,0,0,0,0,0,0,0,1
vis501.png,1132.png,50.9,0,1,0,0,0,1,I,multipanel,"annotation(s),caption(s),title(s),axes labels",0,1,0,1,1,1,0,0,0,0,1,7,2,4,5,"Circle,Distribution,Diagram,Map",0,0,1,1,1,0,0,1,0,0,0,0,4
visMost454.png,1133.png,45.3,0,1,0,0,0,1,I,multipanel,"title(s),caption(s),axes labels,annotation(s)",0,1,0,1,1,1,0,0,0,0,0,2,2,2,2,"Bar,Table",0,1,0,0,0,0,0,0,0,1,0,0,2
v487_n7406_2_f2.png,1134.png,75.1,0,0,0,1,0,1,S,multipanel,"title(s),axes labels,annotation(s)",0,1,0,1,1,0,0,0,0,0,0,9,0,3,6,"Diagram,Table",0,0,0,1,0,0,0,0,0,1,0,0,2
whoI03.png,1135.png,25.8,0,0,1,0,1,0,G,single,"text-only,title(s),caption(s)",0,0,0,1,0,1,0,0,1,1,0,0,0,0,1,Diagram,0,0,0,1,0,0,0,0,0,0,0,0,1
v484_n7393_16_f1.png,1136.png,71.2,0,0,0,1,0,1,S,multipanel,"axes labels,axes text,title(s)",0,1,1,1,0,0,0,0,0,0,0,4,2,1,4,"Diagram,Point,Table",0,0,0,1,0,0,0,0,1,1,0,0,3
v486_n7401_14_f1.png,1137.png,87.5,0,0,0,1,0,1,S,multipanel,"title(s),axes labels,axes text,legend text",0,1,1,1,0,0,1,0,0,0,1,6,1,1,8,"Bar,Diagram,Line",0,1,0,1,0,0,1,0,0,0,0,0,3
vis515.png,1138.png,61.5,0,1,0,0,0,1,I,multipanel,"title(s),caption(s),text-only,annotation(s)",0,0,0,1,1,1,0,0,1,0,1,7,0,2,3,"Map,Table",0,0,0,0,0,0,0,1,0,1,0,0,2
visMost440.png,1139.png,56,0,1,0,0,0,1,I,multipanel,"caption(s),title(s),axes labels,axes text,annotation(s)",0,1,1,1,1,1,0,0,0,0,0,9,2,3,1,"Area,Diagram",1,0,0,1,0,0,0,0,0,0,0,0,2
wsj472.png,1140.png,52.1,1,0,0,0,0,1,N,multipanel,"title(s),caption(s),axes labels,annotation(s)",0,1,0,1,1,1,0,0,0,0,1,8,3,1,3,"Map,Bar",0,1,0,0,0,0,0,1,0,0,0,0,2
economist_daily_chart_282.png,1141.png,15.2,1,0,0,0,1,0,N,single,"title(s),caption(s),axes text",0,0,1,1,0,1,0,0,0,0,1,3,1,1,1,Bar,0,1,0,0,0,0,0,0,0,0,0,0,1
v487_n7406_20_f4.png,1142.png,90.3,0,0,0,1,0,1,S,multipanel,"title(s),axes labels,axes text,caption(s),legend text",0,1,1,1,0,1,1,0,0,0,1,5,1,2,5,"Trees & Networks,Line,Diagram,Table",0,0,0,1,0,0,1,0,0,1,0,1,4
wsj314.png,1143.png,8,1,0,0,0,1,0,N,single,"title(s),caption(s),axes labels,annotation(s)",0,1,0,1,1,1,0,0,0,0,1,2,1,0,1,Line,0,0,0,0,0,0,1,0,0,0,0,0,1
visMost326.png,1144.png,66.2,0,1,0,0,0,1,I,multipanel,"title(s),caption(s),axes labels,axes text,annotation(s),legend text",0,1,1,1,1,1,1,0,0,0,1,10,5,3,4,"Bar,Circle,Diagram,Point",0,1,1,1,0,0,0,0,1,0,0,0,4
vis298.png,1145.png,64.2,0,1,0,0,0,1,I,multipanel,"title(s),caption(s),annotation(s),axes labels,text-only",0,1,0,1,1,1,0,0,1,0,1,12,3,6,3,"Circle,Diagram,Bar",0,1,1,1,0,0,0,0,0,0,0,0,3
v485_n7399_8_f4.png,1146.png,25.2,0,0,0,1,0,1,S,multipanel,"title(s),axes labels,axes text",0,1,1,1,0,0,0,0,0,0,0,3,3,1,2,Point,0,0,0,0,0,0,0,0,1,0,0,0,1
wsj499.png,1147.png,11.6,1,0,0,0,0,1,N,multipanel,"legend text,title(s),caption(s),axes labels,annotation(s)",0,1,0,1,1,1,1,0,0,0,1,4,2,1,1,Line,0,0,0,0,0,0,1,0,0,0,0,0,1
v489_n7416_6_f3.png,1148.png,45.5,0,0,0,1,1,0,S,single,"axes labels,axes text",0,1,1,0,0,0,0,0,0,0,0,4,2,1,1,Line,0,0,0,0,0,0,1,0,0,0,0,0,1
economist_daily_chart_269.png,1149.png,37.7,1,0,0,0,0,1,N,multipanel,"caption(s),title(s),legend text,axes labels",0,1,0,1,0,1,1,0,0,0,1,6,1,4,3,"Bar,Table",0,1,0,0,0,0,0,0,0,1,0,0,2
v487_n7405_11_f4.png,1150.png,79.7,0,0,0,1,0,1,S,multipanel,"title(s),annotation(s)",0,0,0,1,1,0,0,0,0,1,0,0,1,0,2,Diagram,0,0,0,1,0,0,0,0,0,0,0,0,1
whoP01.png,1151.png,26.300000000000004,0,0,1,0,1,0,G,single,"axes labels,title(s),caption(s),axes text",0,1,1,1,0,1,0,0,0,0,0,1,4,4,1,Table,0,0,0,0,0,0,0,0,0,1,0,0,1
v485_n7397_13_f4.png,1152.png,68.7,0,0,0,1,0,1,S,multipanel,"title(s),axes labels,axes text,legend title,legend text",0,1,1,1,0,0,1,1,0,0,0,5,5,1,4,"Diagram,Grid & Matrix,Line",0,0,0,1,0,1,1,0,0,0,0,0,3
v489_n7416_13_f2.png,1153.png,16.1,0,0,0,1,0,1,S,multipanel,"title(s),axes labels,axes text,legend text",0,1,1,1,0,0,1,0,0,0,0,5,1,3,3,Bar,0,1,0,0,0,0,0,0,0,0,0,0,1
treasuryA7.png,1154.png,24.7,0,0,1,0,0,1,G,multipanel,"title(s),axes text,annotation(s),caption(s)",0,0,1,1,1,1,0,0,0,0,0,4,1,3,2,"Bar,Line,Point",0,1,0,0,0,0,1,0,1,0,0,0,3
v489_n7417_6_f3.png,1155.png,74.3,0,0,0,1,0,1,S,multipanel,"title(s),axes labels,axes text",0,1,1,1,0,0,0,0,0,0,0,3,5,1,4,Point,0,0,0,0,0,0,0,0,1,0,0,0,1
v486_n7403_9_f5.png,1156.png,90.3,0,0,0,1,0,1,S,multipanel,"axes labels,axes text,legend text,title(s)",0,1,1,1,0,0,1,0,0,0,0,5,1,1,8,"Bar,Diagram,Table",0,1,0,1,0,0,0,0,0,1,0,0,3
v490_n7419_7_f2.png,1157.png,71.8,0,0,0,1,0,1,S,multipanel,"axes labels,axes text,title(s)",0,1,1,1,0,0,0,0,0,0,0,12,4,0,2,Grid & Matrix,0,0,0,0,0,1,0,0,0,0,0,0,1
np_22.png,1158.png,88.7,1,0,0,0,1,0,N,single,"title(s),annotation(s),caption(s),legend title,legend text",0,0,0,1,1,1,1,1,0,0,0,8,1,2,1,Diagram,0,0,0,1,0,0,0,0,0,0,0,0,1
economist_daily_chart_533.png,1159.png,17.6,1,0,0,0,1,0,N,single,"title(s),caption(s),legend text",0,0,0,1,0,1,1,0,0,0,1,6,0,1,1,Map,0,0,0,0,0,0,0,1,0,0,0,0,1
whoJ27_2.png,1160.png,26.2,0,0,1,0,1,0,G,single,"axes labels,axes text,title(s),annotation(s),caption(s),legend title,legend text",0,1,1,1,1,1,1,1,0,0,0,7,0,1,1,Map,0,0,0,0,0,0,0,1,0,0,0,0,1
v486_n7403_23_f3.png,1161.png,57,0,0,0,1,0,1,S,multipanel,"axes labels,axes text,annotation(s),caption(s)",0,1,1,0,1,1,0,0,0,0,0,3,5,7,7,"Bar,Line",0,1,0,0,0,0,1,0,0,0,0,0,2
visMost497.png,1162.png,85.2,0,1,0,0,0,1,I,multipanel,"axes labels,axes text,title(s),annotation(s),caption(s),legend title,legend text",0,1,1,1,1,1,1,1,0,0,1,15,4,8,9,"Circle,Area,Diagram,Table",1,0,1,1,0,0,0,0,0,1,0,0,4
whoQ52_4.png,1163.png,18.4,0,0,1,0,1,0,G,single,"title(s),axes text,axes labels,caption(s),legend text",0,1,1,1,0,1,1,0,0,0,0,6,2,1,1,"Area,Line",1,0,0,0,0,0,1,0,0,0,0,0,2
vis73.png,1164.png,34.6,0,1,0,0,0,1,I,multipanel,"axes labels,axes text,legend title,legend text",0,1,1,0,0,0,1,1,0,0,0,26,1,7,1,"Diagram,Table,Area",1,0,0,1,0,0,0,0,0,1,0,0,3
economist_daily_chart_255.png,1165.png,83.8,1,0,0,0,1,0,N,single,"title(s),annotation(s),caption(s)",0,0,0,1,1,1,0,0,0,0,0,26,1,8,1,Diagram,0,0,0,1,0,0,0,0,0,0,0,0,1
economist_daily_chart_241.png,1166.png,37.1,1,0,0,0,1,0,N,single,text-only,0,0,0,0,0,0,0,0,1,0,0,1,1,2,1,Table,0,0,0,0,0,0,0,0,0,1,0,0,1
visMost483.png,1167.png,62.6,0,1,0,0,0,1,I,multipanel,"axes labels,axes text,title(s),annotation(s),caption(s)",0,1,1,1,1,1,0,0,0,0,1,3,2,6,2,"Circle,Distribution,Table",0,0,1,0,1,0,0,0,0,1,0,0,3
whoB07_1.png,1168.png,19.2,0,0,1,0,0,1,G,multipanel,text-only,0,0,0,0,0,0,0,0,1,0,1,12,2,3,4,Table,0,0,0,0,0,0,0,0,0,1,0,0,1
vis67.png,1169.png,41.6,0,1,0,0,1,0,I,single,"title(s),annotation(s)",0,0,0,1,1,0,0,0,0,0,1,10,2,1,1,Trees & Networks,0,0,0,0,0,0,0,0,0,0,0,1,1
v486_n7404_11_f2.png,1170.png,87.9,0,0,0,1,0,1,S,multipanel,"annotation(s),title(s)",0,0,0,1,1,0,0,0,0,0,0,2,0,2,2,"Diagram,Table",0,0,0,1,0,0,0,0,0,1,0,0,2
v485_n7399_6_f1.png,1171.png,58.3,0,0,0,1,0,1,S,multipanel,"axes labels,axes text,annotation(s)",0,1,1,0,1,0,0,0,0,1,0,0,4,0,4,"Point,Line",0,0,0,0,0,0,1,0,1,0,0,0,2
economist_daily_chart_527.png,1172.png,25.1,1,0,0,0,1,0,N,single,"legend title,legend text,axes labels,title(s)",0,1,0,1,0,0,1,1,0,0,1,12,2,1,1,Line,0,0,0,0,0,0,1,0,0,0,0,0,1
whoJ01_1.png,1173.png,26.1,0,0,1,0,1,0,G,single,"legend text,legend title,caption(s)",0,0,0,0,0,1,1,1,0,0,0,7,1,1,1,Map,0,0,0,0,0,0,0,1,0,0,0,0,1
visMost17.png,1174.png,19.9,0,1,0,0,0,1,I,multipanel,"title(s),text-only,caption(s),annotation(s)",0,0,0,1,1,1,0,0,1,0,0,5,1,1,5,"Bar,Table",0,1,0,0,0,0,0,0,0,1,0,0,2
v489_n7414_5_f1.png,1175.png,94.6,0,0,0,1,0,1,S,multipanel,"legend text,legend title,caption(s),annotation(s),title(s),axes text,axes labels",0,1,1,1,1,1,1,1,0,0,0,27,3,6,4,"Grid & Matrix,Line,Bar,Diagram",0,1,0,1,0,1,1,0,0,0,0,0,4
v488_n7410_19_f1.png,1176.png,64.1,0,0,0,1,0,1,S,multipanel,"axes labels,axes text,annotation(s),legend text",0,1,1,0,1,0,1,0,0,0,0,7,1,5,3,"Bar,Table",0,1,0,0,0,0,0,0,0,1,0,0,2
v489_n7415_5_f1.png,1177.png,86.8,0,0,0,1,0,1,S,multipanel,"annotation(s),legend text,title(s)",0,0,0,1,1,0,1,0,0,0,0,4,4,2,2,"Map,Diagram",0,0,0,1,0,0,0,1,0,0,0,0,2
visMost656.png,1178.png,60.1,0,1,0,0,0,1,I,multipanel,"legend text,legend title,caption(s),axes text,title(s),annotation(s),axes labels",0,1,1,1,1,1,1,1,0,0,0,10,4,1,6,"Circle,Area,Bar,Diagram,Grid & Matrix,Point",1,1,1,1,0,1,0,0,1,0,0,0,6
vis703.png,1179.png,48.3,0,1,0,0,0,1,I,multipanel,"legend title,legend text,title(s),annotation(s),caption(s),axes labels,axes text",0,1,1,1,1,1,1,1,0,0,1,15,0,3,1,"Diagram,Table",0,0,0,1,0,0,0,0,0,1,0,0,2
v483_n7389_13_f2.png,1180.png,81.7,0,0,0,1,0,1,S,multipanel,"axes labels,axes text,annotation(s),caption(s)",0,1,1,0,1,1,0,0,0,0,0,6,3,2,1,"Point,Bar,Diagram",0,1,0,1,0,0,0,0,1,0,0,0,3
v485_n7398_12_f4.png,1181.png,75.9,0,0,0,1,1,0,S,single,"axes labels,axes text,title(s),legend text",0,1,1,1,0,0,1,0,0,0,0,10,2,2,1,Point,0,0,0,0,0,0,0,0,1,0,0,0,1
v488_n7410_17_f4.png,1182.png,84.4,0,0,0,1,0,1,S,multipanel,"axes labels,axes text,legend text,title(s)",0,1,1,1,0,0,1,0,0,1,0,0,7,4,4,"Point,Area,Bar,Table",1,1,0,0,0,0,0,0,1,1,0,0,4
wsj102.png,1183.png,8.8,1,0,0,0,1,0,N,single,"title(s),caption(s),annotation(s)",0,0,0,1,1,1,0,0,0,0,1,7,1,1,1,Trees & Networks,0,0,0,0,0,0,0,0,0,0,0,1,1
economist_daily_chart_90.png,1184.png,26.4,1,0,0,0,1,0,N,single,"annotation(s),caption(s),title(s),axes text",0,0,1,1,1,1,0,0,0,0,0,4,1,2,1,Bar,0,1,0,0,0,0,0,0,0,0,0,0,1
visMost130.png,1185.png,66.5,0,1,0,0,0,1,I,multipanel,"axes labels,axes text,title(s),annotation(s),legend text,legend title,caption(s)",0,1,1,1,1,1,1,1,0,0,1,10,4,3,3,"Diagram,Table",0,0,0,1,0,0,0,0,0,1,0,0,2
v484_n7393_8_f3.png,1186.png,79.1,0,0,0,1,0,1,S,multipanel,"axes text,axes labels,caption(s),legend text",0,1,1,0,0,1,1,0,0,0,0,8,5,2,6,"Diagram,Line,Table",0,0,0,1,0,0,1,0,0,1,0,0,3
visMost124.png,1187.png,57.9,0,1,0,0,0,1,I,multipanel,"axes labels,title(s),axes text,annotation(s),caption(s)",0,1,1,1,1,1,0,0,0,0,1,14,2,3,1,Diagram,0,0,0,1,0,0,0,0,0,0,0,0,1
wsj116.png,1188.png,33.5,1,0,0,0,1,0,N,single,text-only,0,0,0,0,0,0,0,0,1,0,1,7,0,5,1,Diagram,0,0,0,1,0,0,0,0,0,0,0,0,1
economist_daily_chart_84.png,1189.png,31.5,1,0,0,0,1,0,N,single,"title(s),axes text,axes labels,caption(s),annotation(s)",0,1,1,1,1,1,0,0,0,0,0,3,2,2,1,Line,0,0,0,0,0,0,1,0,0,0,0,0,1
v488_n7409_15_f2.png,1190.png,78.7,0,0,0,1,0,1,S,multipanel,"title(s),axes text,annotation(s),legend text",0,0,1,1,1,0,1,0,0,0,0,10,4,7,7,"Bar,Area,Grid & Matrix,Circle,Point,Distribution",1,1,1,0,1,1,0,0,1,0,0,0,6
v483_n7387_7_f4.png,1191.png,84.6,0,0,0,1,1,0,S,single,"axes labels,axes text,annotation(s),legend text",0,1,1,0,1,0,1,0,0,0,0,5,2,2,1,"Area,Point",1,0,0,0,0,0,0,0,1,0,0,0,2
visMost642.png,1192.png,55.9,0,1,0,0,0,1,I,multipanel,"caption(s),legend text,annotation(s),title(s)",0,0,0,1,1,1,1,0,0,0,1,12,4,4,3,Circle,0,0,1,0,0,0,0,0,0,0,0,0,1
vis717.png,1193.png,59.5,0,1,0,0,0,1,I,multipanel,"axes labels,axes text,title(s),annotation(s),caption(s)",0,1,1,1,1,1,0,0,0,0,1,5,9,2,1,"Table,Area,Distribution",1,0,0,0,1,0,0,0,0,1,0,0,3
whoK01.png,1194.png,22.9,0,0,1,0,1,0,G,single,"title(s),axes text,annotation(s),caption(s),legend text",0,0,1,1,1,1,1,0,0,0,0,5,2,1,1,Bar,0,1,0,0,0,0,0,0,0,0,0,0,1
vis924.png,1195.png,42.9,0,1,0,0,0,1,I,multipanel,"caption(s),annotation(s),title(s)",0,0,0,1,1,1,0,0,0,0,1,3,8,1,1,"Distribution,Table",0,0,0,0,1,0,0,0,0,1,0,0,2
v485_n7397_3_f4.png,1196.png,94.9,0,0,0,1,0,1,S,multipanel,"axes labels,axes text,legend text",0,1,1,0,0,0,1,0,0,0,1,8,2,3,5,"Diagram,Line,Point",0,0,0,1,0,0,1,0,1,0,0,0,3
v489_n7414_12_f1.png,1197.png,92.3,0,0,0,1,1,0,S,single,"annotation(s),title(s)",0,0,0,1,1,0,0,0,0,0,0,4,0,1,3,"Diagram,Table",0,0,0,1,0,0,0,0,0,1,0,0,2
v484_n7395_14_f3.png,1198.png,76.5,0,0,0,1,0,1,S,multipanel,"axes labels,axes text,annotation(s),legend text",0,1,1,0,1,0,1,0,0,1,0,0,7,5,9,"Bar,Point",0,1,0,0,0,0,0,0,1,0,0,0,2
v485_n7396_3_f4.png,1199.png,79.1,0,0,0,1,0,1,S,multipanel,"axes labels,axes text,legend text,title(s)",0,1,1,1,0,0,1,0,0,1,0,0,4,4,4,"Point,Table",0,0,0,0,0,0,0,0,1,1,0,0,2
vis930.png,1200.png,47.9,0,1,0,0,0,1,I,multipanel,"title(s),annotation(s),caption(s)",0,0,0,1,1,1,0,0,0,0,1,4,9,1,1,Diagram,0,0,0,1,0,0,0,0,0,0,0,0,1
vis918.png,1201.png,71,0,1,0,0,0,1,I,multipanel,"title(s),annotation(s),caption(s),text-only,axes label,axes text,legend text",0,0,1,1,1,1,1,0,1,0,1,24,7,4,1,"Table,Diagram,Bar,Area",1,1,0,1,0,0,0,0,0,1,0,0,4
whoQ50_6.png,1202.png,23.9,0,0,1,0,1,0,G,single,"title(s),caption(s),legend text,axes text,axes label",0,0,1,1,0,1,1,0,0,0,0,5,2,1,1,Line,0,0,0,0,0,0,1,0,0,0,0,0,1
visMost695.png,1203.png,63.1,0,1,0,0,0,1,I,multipanel,"legend text,caption(s),annotation(s),legend title,axes labels,axes text,title(s)",0,1,1,1,1,1,1,1,0,0,0,13,12,12,10,"Circle,Bar,Diagram,Distribution,Table",0,1,1,1,1,0,0,0,0,1,0,0,5
economist_daily_chart_53.png,1204.png,35.5,1,0,0,0,1,0,N,single,"title(s),axes text,axes labels,caption(s)",0,1,1,1,0,1,0,0,0,0,0,3,1,1,1,Bar,0,1,0,0,0,0,0,0,0,0,0,0,1
economist_daily_chart_47.png,1205.png,29.8,1,0,0,0,0,1,N,multipanel,"legend title,legend text,caption(s),title(s),axes text",0,0,1,1,0,1,1,1,0,0,1,4,1,2,2,Bar,0,1,0,0,0,0,0,0,0,0,0,0,1
visMost681.png,1206.png,38.6,0,1,0,0,0,1,I,multipanel,"caption(s),annotation(s),title(s),axes text",0,0,1,1,1,1,0,0,0,0,1,26,6,6,6,"Map,Area,Bar,Map",1,1,0,0,0,0,0,1,0,0,0,0,3
v489_n7414_7_f4.png,1207.png,86.6,0,0,0,1,0,1,S,multipanel,"axes labels,axes text,annotation(s),caption(s),legend text",0,1,1,0,1,1,1,0,0,0,0,6,4,4,4,"Diagram,Table",0,0,0,1,0,0,0,0,0,1,0,0,2
v486_n7403_19_f2.png,1208.png,83.4,0,0,0,1,1,0,S,single,"axes labels,axes text,legend text",0,1,1,0,0,0,1,0,0,0,0,3,0,3,1,"Point,Area,Grid & Matrix,Distribution",1,0,0,0,1,1,0,0,1,0,0,0,4
vis893.png,1209.png,34.3,0,1,0,0,0,1,I,multipanel,"axes text,title(s),annotation(s),caption(s)",0,0,1,1,1,1,0,0,0,0,1,16,3,3,3,"Map,Bar",0,1,0,0,0,0,0,1,0,0,0,0,2
v485_n7399_16_f3.png,1210.png,76.1,0,0,0,1,0,1,S,multipanel,"axes labels,axes text,legend text,annotation(s),title(s)",0,1,1,1,1,0,1,0,0,0,0,16,3,5,2,"Line,Bar,Table",0,1,0,0,0,0,1,0,0,1,0,0,3
v488_n7411_13_f3.png,1211.png,91.8,0,0,0,1,0,1,S,multipanel,"axes labels,axes text,title(s),caption(s),legend text,annotation(s)",0,1,1,1,1,1,1,0,0,0,0,7,6,7,5,"Point,Bar,Diagram,Distribution",0,1,0,1,1,0,0,0,1,0,0,0,4
v488_n7409_19_f2.png,1212.png,61,0,0,0,1,0,1,S,multipanel,"axes text,axes labels,title(s),annotation(s),legend text",0,1,1,1,1,0,1,0,0,0,0,6,1,3,3,"Bar,Table",0,1,0,0,0,0,0,0,0,1,0,0,2
vis139.png,1213.png,47.9,0,1,0,0,0,1,I,multipanel,"axes text,title(s),caption(s),annotation(s)",0,0,1,1,1,1,0,0,0,0,1,5,4,6,4,"Circle,Area,Bar,Distribution",1,1,1,0,1,0,0,0,0,0,0,0,4
v489_n7415_7_f4.png,1214.png,92.1,0,0,0,1,0,1,S,multipanel,"annotation(s),caption(s)",0,0,0,0,1,1,0,0,0,0,0,1,3,0,1,Diagram,0,0,0,1,0,0,0,0,0,0,0,0,1
v486_n7401_8_f2.png,1215.png,51.8,0,0,0,1,1,0,S,single,"axes labels,axes text,annotation(s)",0,1,1,0,1,0,0,0,0,0,0,25,1,1,1,Map,0,0,0,0,0,0,0,1,0,0,0,0,1
v483_n7391_15_f3.png,1216.png,77.5,0,0,0,1,0,1,S,multipanel,"axes labels,axes text,title(s),annotation(s),caption(s),legend title,legend text",0,1,1,1,1,1,1,1,0,0,0,7,8,10,13,"Line,Bar,Grid & Matrix,Table,Point",0,1,0,0,0,1,1,0,1,1,0,0,5
vis887.png,1217.png,36.4,0,1,0,0,0,1,I,multipanel,"title(s),annotation(s),caption(s)",0,0,0,1,1,1,0,0,0,0,1,9,4,3,1,"Distribution,Table,Area",1,0,0,0,1,0,0,0,0,1,0,0,3
v484_n7393_4_f3.png,1218.png,90.7,0,0,0,1,0,1,S,multipanel,"annotation(s),legend text",0,0,0,0,1,0,1,0,0,0,0,8,0,3,3,"Diagram,Table",0,0,0,1,0,0,0,0,0,1,0,0,2
v488_n7410_15_f1.png,1219.png,75.4,0,0,0,1,0,1,S,multipanel,"axes labels,axes text,caption(s),legend text",0,1,1,0,0,1,1,0,0,0,0,12,1,5,1,"Area,Bar,Table",1,1,0,0,0,0,0,0,0,1,0,0,3
vis677.png,1220.png,64,0,1,0,0,0,1,I,multipanel,text-only,0,0,0,0,0,0,0,0,1,0,1,5,0,1,1,"Diagram,Table",0,0,0,1,0,0,0,0,0,1,0,0,2
visMost722.png,1221.png,57.2,0,1,0,0,0,1,I,multipanel,"annotation(s),caption(s),title(s)",0,0,0,1,1,1,0,0,0,0,1,7,2,2,1,"Table,Distribution",0,0,0,0,1,0,0,0,0,1,0,0,2
treasuryL07_1.png,1222.png,18.8,0,0,1,0,1,0,G,single,"text-only,caption(s)",0,0,0,0,0,1,0,0,1,0,0,1,3,1,1,Table,0,0,0,0,0,0,0,0,0,1,0,0,1
v489_n7417_21_f4.png,1223.png,83.5,0,0,0,1,0,1,S,multipanel,"axes labels,axes text,title(s),annotation(s)",0,1,1,1,1,0,0,0,0,0,0,10,0,11,8,"Diagram,Table",0,0,0,1,0,0,0,0,0,1,0,0,2
v489_n7415_9_f1.png,1224.png,87.3,0,0,0,1,0,1,S,multipanel,"legend title,axes text,axes labels,legend text,title(s)",0,1,1,1,0,0,1,1,0,0,0,12,6,5,5,Map,0,0,0,0,0,0,0,1,0,0,0,0,1
v483_n7387_20_f4.png,1225.png,85.5,0,0,0,1,0,1,S,multipanel,"axes labels,axes text,legend text,legend title",0,1,1,0,0,0,1,1,0,0,0,6,6,6,7,"Bar,Point,Line,Distribution,Diagram",0,1,0,1,1,0,1,0,1,0,0,0,5
v483_n7390_13_f1.png,1226.png,82.7,0,0,0,1,0,1,S,multipanel,"axes labels,axes text,annotation(s)",0,1,1,0,1,0,0,0,0,0,0,20,2,4,4,"Diagram,Table",0,0,0,1,0,0,0,0,0,1,0,0,2
vis105.png,1227.png,68.6,0,1,0,0,0,1,I,multipanel,"axes text,title(s),annotation(s),caption(s),legend text",0,0,1,1,1,1,1,0,0,0,1,4,5,5,2,"Bar,Table,Diagram",0,1,0,1,0,0,0,0,0,1,0,0,3
v483_n7387_5_f1.png,1228.png,78.4,0,0,0,1,1,0,S,single,"axes labels,axes text",0,1,1,0,0,0,0,0,0,0,0,3,3,0,1,Line,0,0,0,0,0,0,1,0,0,0,0,0,1
v489_n7414_9_f1.png,1229.png,60.5,0,0,0,1,0,1,S,multipanel,"axes labels,axes text,legend text,legend title",0,1,1,0,0,0,1,1,0,0,0,4,1,4,1,Distribution,0,0,0,0,1,0,0,0,0,0,0,0,1
whoH06_2.png,1230.png,7.5,0,0,1,0,0,1,G,multipanel,"title(s),annotation(s),legend text",0,0,0,1,1,0,1,0,0,0,0,5,1,1,1,Circle,0,0,1,0,0,0,0,0,0,0,0,0,1
vis663.png,1231.png,30.2,0,1,0,0,1,0,I,single,"title(s),annotation(s),caption(s)",0,0,0,1,1,1,0,0,0,0,1,11,1,1,1,Map,0,0,0,0,0,0,0,1,0,0,0,0,1
visMost736.png,1232.png,38.5,0,1,0,0,0,1,I,multipanel,"axes text,title(s),annotation(s),caption(s)",0,0,1,1,1,1,0,0,0,0,1,16,4,5,10,"Circle,Bar,Area,Table",1,1,1,0,0,0,0,0,0,1,0,0,4
v485_n7397_1_f1.png,1233.png,75,0,0,0,1,0,1,S,multipanel,"legend text,axes labels,axes text,title(s),annotation(s)",0,1,1,1,1,0,1,0,0,0,0,5,1,5,5,"Area,Bar,Table",1,1,0,0,0,0,0,0,0,1,0,0,3
v487_n7407_12_f2.png,1234.png,67.5,0,0,0,1,0,1,S,multipanel,"axes labels,axes text,annotation(s),title(s),legend text",0,1,1,1,1,0,1,0,0,0,0,12,7,4,5,"Line,Diagram,Grid & Matrix",0,0,0,1,0,1,1,0,0,0,0,0,3
vis850.png,1235.png,5.7,0,1,0,0,1,0,I,single,"title(s),annotation(s),caption(s)",0,0,0,1,1,1,0,0,0,0,1,2,1,1,1,Diagram,0,0,0,1,0,0,0,0,0,0,0,0,1
v489_n7415_18_f3.png,1236.png,92.3,0,0,0,1,0,1,S,multipanel,"axes labels,axes text,annotation(s),title(s)",0,1,1,1,1,0,0,0,0,0,0,12,2,7,5,"Bar,Diagram,Table",0,1,0,1,0,0,0,0,0,1,0,0,3
whoC20.png,1237.png,11.9,0,0,1,0,0,1,G,multipanel,"title(s),legend text,axes labels,axes text",0,1,1,1,0,0,1,0,0,0,0,2,1,2,1,"Bar,Distribution",0,1,0,0,1,0,0,0,0,0,0,0,2
v490_n7418_16_f4.png,1238.png,85.8,0,0,0,1,0,1,S,multipanel,"axes text,axes labels,legend text,title(s),annotation(s)",0,1,1,1,1,0,1,0,0,1,0,0,8,4,3,"Diagram,Point,Grid & Matrix",0,0,0,1,0,1,0,0,1,0,0,0,3
vis844.png,1239.png,15.4,0,1,0,0,0,1,I,multipanel,"title(s),annotation(s),caption(s)",0,0,0,1,1,1,0,0,0,0,1,10,3,5,1,"Circle,Distribution,Table",0,0,1,0,1,0,0,0,0,1,0,0,3
economist_daily_chart_123.png,1240.png,32,1,0,0,0,1,0,N,single,"title(s),legend text,axes text,caption(s)",0,0,1,1,0,1,1,0,0,0,0,5,1,2,1,Bar,0,1,0,0,0,0,0,0,0,0,0,0,1
whoQ35_3.png,1241.png,28.7,0,0,1,0,1,0,G,single,"axes text,title(s),axes labels,caption(s),legend text",0,1,1,1,0,1,1,0,0,0,0,2,2,1,1,Point,0,0,0,0,0,0,0,0,1,0,0,0,1
v490_n7418_18_f1.png,1242.png,61.9,0,0,0,1,0,1,S,multipanel,"annotation(s),axes text,axes labels,legend text",0,1,1,0,1,0,1,0,0,1,0,0,11,4,8,"Point,Line,Table",0,0,0,0,0,0,1,0,1,1,0,0,3
v484_n7394_10_f4.png,1243.png,79,0,0,0,1,1,0,S,single,"annotation(s),title(s),axes text,axes labels",0,1,1,1,1,0,0,0,0,0,0,8,3,6,1,Diagram,0,0,0,1,0,0,0,0,0,0,0,0,1
v490_n7420_22_f2.png,1244.png,62.6,0,0,0,1,0,1,S,multipanel,"axes labels,axes text,annotation(s),title(s)",0,1,1,1,1,0,0,0,0,0,0,3,8,5,5,"Point,Bar,Line",0,1,0,0,0,0,1,0,1,0,0,0,3
whoC08.png,1245.png,14,0,0,1,0,0,1,G,multipanel,"legend text,title(s)",0,0,0,1,0,0,1,0,0,0,0,1,0,1,1,Map,0,0,0,0,0,0,0,1,0,0,0,0,1
vis878.png,1246.png,23.1,0,1,0,0,0,1,I,multipanel,"caption(s),title(s),axes text",0,0,1,1,0,1,0,0,0,0,1,6,5,1,1,"Bar,Table",0,1,0,0,0,0,0,0,0,1,0,0,2
economist_daily_chart_137.png,1247.png,22,1,0,0,0,1,0,N,single,"legend text,title(s),annotation(s),caption(s)",0,0,0,1,1,1,1,0,0,0,0,3,1,1,1,Distribution,0,0,0,0,1,0,0,0,0,0,0,0,1
whoK07_2.png,1248.png,24.9,0,0,1,0,1,0,G,single,text-only,0,0,0,0,0,0,0,0,1,0,0,1,1,3,1,Table,0,0,0,0,0,0,0,0,0,1,0,0,1
wsj248.png,1249.png,42.1,1,0,0,0,0,1,N,multipanel,"legend text,caption(s),annotation(s),title(s),axes text",0,0,1,1,1,1,1,0,0,0,1,8,3,2,2,"Area,Line",1,0,0,0,0,0,1,0,0,0,0,0,2
v486_n7401_18_f1.png,1250.png,82.5,0,0,0,1,0,1,S,multipanel,"legend text,annotation(s),axes text,axes labels,title(s)",0,1,1,1,1,0,1,0,0,0,0,12,5,5,6,"Bar,Line,Diagram,Table",0,1,0,1,0,0,1,0,0,1,0,0,4
wsj64.png,1251.png,55,1,0,0,0,1,0,N,single,"axes text,title(s),annotation(s),caption(s),legend title,legend text",0,0,1,1,1,1,1,1,0,0,1,9,2,1,1,"Point,Line,Table",0,0,0,0,0,0,1,0,1,1,0,0,3
vis449.png,1252.png,35.1,0,1,0,0,0,1,I,multipanel,"legend title,legend text,caption(s),annotation(s)",0,0,0,0,1,1,1,1,0,0,1,5,3,3,3,"Map,Circle,Bar,Table",0,1,1,0,0,0,0,1,0,1,0,0,4
visMost508.png,1253.png,90.7,0,1,0,0,1,0,I,single,annotation(s),0,0,0,0,1,0,0,0,0,0,0,25,0,1,1,Map,0,0,0,0,0,0,0,1,0,0,0,0,1
wsj70.png,1254.png,60.3,1,0,0,0,0,1,N,multipanel,"legend title,title(s),axes text,annotation(s),caption(s),legend text",0,0,1,1,1,1,1,1,0,0,0,3,1,2,4,"Map,Bar",0,1,0,0,0,0,0,1,0,0,0,0,2
v488_n7412_1_f4.png,1255.png,20.9,0,0,0,1,1,0,S,single,"axes text,axes labels",0,1,1,0,0,0,0,0,0,1,0,0,3,0,1,Line,0,0,0,0,0,0,1,0,0,0,0,0,1
whoO05.png,1256.png,35.9,0,0,1,0,1,0,G,single,"legend text,caption(s),annotation(s)",0,0,0,0,1,1,1,0,0,0,1,10,3,1,1,Map,0,0,0,0,0,0,0,1,0,0,0,0,1
v488_n7412_14_f2.png,1257.png,73.3,0,0,0,1,0,1,S,multipanel,"legend text,annotation(s),title(s),axes text,axes labels",0,1,1,1,1,0,1,0,0,0,0,6,4,6,14,"Area,Bar,Diagram,Table",1,1,0,1,0,0,0,0,0,1,0,0,4
v487_n7408_13_f2.png,1258.png,94.2,0,0,0,1,0,1,S,multipanel,"axes text,axes labels,legend text,title(s)",0,1,1,1,0,0,1,0,0,0,0,7,2,6,6,"Bar,Line,Point",0,1,0,0,0,0,1,0,1,0,0,0,3
wsj58.png,1259.png,21.9,1,0,0,0,1,0,N,single,"text-only,caption(s),title(s)",0,0,0,1,0,1,0,0,1,0,1,12,1,1,1,"Table,Area",1,0,0,0,0,0,0,0,0,1,0,0,2
visMost246.png,1260.png,71.4,0,1,0,0,0,1,I,multipanel,"axes labels,axes text,title(s),annotation(s),caption(s),legend text",0,1,1,1,1,1,1,0,0,0,1,27,0,4,2,"Line,Bar,Map,Table",0,1,0,0,0,0,1,1,0,1,0,0,4
wsj274.png,1261.png,25.5,1,0,0,0,0,1,N,multipanel,"axes labels,axes text,title(s),annotation(s),caption(s)",0,1,1,1,1,1,0,0,0,0,1,4,2,3,1,"Bar,Area,Table",1,1,0,0,0,0,0,0,0,1,0,0,3
treasuryD03_3.png,1262.png,15.5,0,0,1,0,1,0,G,single,"title(s),text-only,caption(s)",0,0,0,1,0,1,0,0,1,0,0,2,1,1,1,Table,0,0,0,0,0,0,0,0,0,1,0,0,1
economist_daily_chart_484.png,1263.png,21.1,1,0,0,0,1,0,N,single,"title(s),axes text,caption(s),legend text",0,0,1,1,0,1,1,0,0,0,1,4,1,3,1,Bar,0,1,0,0,0,0,0,0,0,0,0,0,1
wsj512.png,1264.png,31.8,1,0,0,0,1,0,N,single,"annotation(s),caption(s),title(s)",0,0,0,1,1,1,0,0,0,0,1,5,0,1,1,Map,0,0,0,0,0,0,0,1,0,0,0,0,1
v490_n7420_14_f3.png,1265.png,74.8,0,0,0,1,0,1,S,multipanel,"annotation(s),caption(s),axes labels,axes text",0,1,1,0,1,1,0,0,0,0,0,4,9,9,9,"Circle,Bar,Line,Area,Diagram",1,1,1,1,0,0,1,0,0,0,0,0,5
vis475.png,1266.png,64,0,1,0,0,1,0,I,single,title(s),0,0,0,1,0,0,0,0,0,0,1,4,0,1,1,Map,0,0,0,0,0,0,0,1,0,0,0,0,1
visMost534.png,1267.png,56.4,0,1,0,0,0,1,I,multipanel,"axes text,title(s),caption(s),annotation(s),legend text",0,0,1,1,1,1,1,0,0,0,0,21,3,4,3,"Circle,Diagram,Table",0,0,1,1,0,0,0,0,0,1,0,0,3
v487_n7406_22_f1.png,1268.png,84.3,0,0,0,1,0,1,S,multipanel,"title(s),axes text",0,0,1,1,0,0,0,0,0,0,0,10,1,4,4,"Diagram,Table",0,0,0,1,0,0,0,0,0,1,0,0,2
vis461.png,1269.png,72.1,0,1,0,0,0,1,I,multipanel,"text-only,annotation(s)",0,0,0,0,1,0,0,0,1,0,0,12,0,0,1,"Diagram,Table",0,0,0,1,0,0,0,0,0,1,0,0,2
wsj506.png,1270.png,12.4,1,0,0,0,1,0,N,single,"caption(s),annotation(s),title(s),axes text",0,0,1,1,1,1,0,0,0,0,1,4,2,0,1,"Line,Area",1,0,0,0,0,0,1,0,0,0,0,0,2
v484_n7393_14_f4.png,1271.png,61.6,0,0,0,1,0,1,S,multipanel,"legend text,annotation(s),caption(s),axes labels,axes text",0,1,1,0,1,1,1,0,0,0,0,5,1,3,3,"Bar,Diagram",0,1,0,1,0,0,0,0,0,0,0,0,2
wsj260.png,1272.png,45.8,1,0,0,0,0,1,N,multipanel,"title(s),axes text,axes labels,annotation(s),legend text",0,1,1,1,1,0,1,0,0,0,0,3,2,2,4,"Line,Area",1,0,0,0,0,0,1,0,0,0,0,0,2
economist_daily_chart_490.png,1273.png,15.1,1,0,0,0,1,0,N,single,text-only,0,0,0,0,0,0,0,0,1,0,1,2,1,2,1,Table,0,0,0,0,0,0,0,0,0,1,0,0,1
vis307.png,1274.png,49.6,0,1,0,0,0,1,I,multipanel,"axes labels,axes text,title(s),caption(s),legend text",0,1,1,1,0,1,1,0,0,0,1,13,4,7,5,"Map,Line,Bar",0,1,0,0,0,0,1,1,0,0,0,0,3
visMost252.png,1275.png,65.6,0,1,0,0,0,1,I,multipanel,"axes labels,axes text,title(s),caption(s)",0,1,1,1,0,1,0,0,0,0,0,5,10,5,4,"Bar,Distribution,Table",0,1,0,0,1,0,0,0,0,1,0,0,3
v489_n7416_4_f6.png,1276.png,41.9,0,0,0,1,1,0,S,single,"title(s),annotation(s)",0,0,0,1,1,0,0,0,0,0,0,4,0,0,1,Diagram,0,0,0,1,0,0,0,0,0,0,0,0,1
v485_n7397_11_f1.png,1277.png,64.9,0,0,0,1,0,1,S,multipanel,"title(s),axes text,annotation(s),axes labels,legend text",0,1,1,1,1,0,1,0,0,1,0,0,2,3,3,Point,0,0,0,0,0,0,0,0,1,0,0,0,1
v487_n7405_13_f1.png,1278.png,65,0,0,0,1,1,0,S,single,"legend text,axes text,axes labels,annotation(s)",0,1,1,0,1,0,1,0,0,1,0,0,2,1,1,Point,0,0,0,0,0,0,0,0,1,0,0,0,1
v483_n7391_23_f2.png,1279.png,89.8,0,0,0,1,0,1,S,multipanel,"annotation(s),title(s)",0,0,0,1,1,0,0,0,0,0,0,15,1,2,2,Diagram,0,0,0,1,0,0,0,0,0,0,0,0,1
v485_n7399_20_f2.png,1280.png,81.4,0,0,0,1,0,1,S,multipanel,"title(s),annotation(s),axes text,axes labels",0,1,1,1,1,0,0,0,0,1,0,0,3,4,9,"Bar,Diagram,Line",0,1,0,1,0,0,1,0,0,0,0,0,3
v483_n7388_21_f4.png,1281.png,71.2,0,0,0,1,0,1,S,multipanel,"legend text,annotation(s),axes text,axes labels",0,1,1,0,1,0,1,0,0,1,0,0,2,7,7,"Bar,Diagram,Table",0,1,0,1,0,0,0,0,0,1,0,0,3
economist_daily_chart_309.png,1282.png,19.2,1,0,0,0,1,0,N,single,"legend text,caption(s),title(s),axes text,axes labels,annotation(s)",0,1,1,1,1,1,1,0,0,0,1,7,2,1,1,Line,0,0,0,0,0,0,1,0,0,0,0,0,1
v482_n7386_16_f3.png,1283.png,81.8,0,0,0,1,0,1,S,multipanel,"axes labels,title(s),axes text,annotation(s)",0,1,1,1,1,0,0,0,0,0,0,3,3,2,6,"Diagram,Table,Point",0,0,0,1,0,0,0,0,1,1,0,0,3
v486_n7404_1_f4.png,1284.png,86.2,0,0,0,1,0,1,S,multipanel,"legend text,annotation(s),axes labels,title(s),axes text",0,1,1,1,1,0,1,0,0,0,0,6,4,2,4,"Point,Line",0,0,0,0,0,0,1,0,1,0,0,0,2
economist_daily_chart_447.png,1285.png,53.5,1,0,0,0,1,0,N,single,text-only,0,0,0,0,0,0,0,0,1,0,1,2,4,1,1,Table,0,0,0,0,0,0,0,0,0,1,0,0,1
visMost8.png,1286.png,59.9,0,1,0,0,1,0,I,single,text-only,0,0,0,0,0,0,0,0,1,0,0,3,0,1,1,Diagram,0,0,0,1,0,0,0,0,0,0,0,0,1
visMost285.png,1287.png,48.9,0,1,0,0,0,1,I,multipanel,"title(s),annotation(s),caption(s)",0,0,0,1,1,1,0,0,0,0,1,12,0,7,1,"Diagram,Table",0,0,0,1,0,0,0,0,0,1,0,0,2
whoQ37_1.png,1288.png,51.9,0,0,1,0,0,1,G,multipanel,"title(s),axes labels,axes text,caption(s),legend text",0,1,1,1,0,1,1,0,0,0,1,10,3,1,3,"Line,Point",0,0,0,0,0,0,1,0,1,0,0,0,2
v485_n7396_17_f3.png,1289.png,76.6,0,0,0,1,0,1,S,multipanel,"legend text,annotation(s),axes labels,axes text",0,1,1,0,1,0,1,0,0,0,0,9,8,3,5,"Line,Bar,Distribution",0,1,0,0,1,0,1,0,0,0,0,0,3
economist_daily_chart_321.png,1290.png,26.5,1,0,0,0,1,0,N,single,"title(s),axes text,caption(s),legend text",0,0,1,1,0,1,1,0,0,0,1,4,2,1,1,Line,0,0,0,0,0,0,1,0,0,0,0,0,1
v486_n7403_5_f5.png,1291.png,79.9,0,0,0,1,1,0,S,single,"axes labels,axes text,legend text",0,1,1,0,0,0,1,0,0,0,0,6,1,4,1,Grid & Matrix,0,0,0,0,0,1,0,0,0,0,0,0,1
economist_daily_chart_2.png,1292.png,31.7,1,0,0,0,0,1,N,multipanel,"axes text,title(s),caption(s),legend text",0,0,1,1,0,1,1,0,0,0,1,10,2,3,2,"Bar,Distribution",0,1,0,0,1,0,0,0,0,0,0,0,2
whoQ11_2.png,1293.png,60.6,0,0,1,0,1,0,G,single,"legend text,caption(s),title(s),axes text,axes labels",0,1,1,1,0,1,1,0,0,0,1,9,2,1,1,Line,0,0,0,0,0,0,1,0,0,0,0,0,1
economist_daily_chart_335.png,1294.png,31.5,1,0,0,0,0,1,N,multipanel,"title(s),axes text,caption(s),legend text",0,0,1,1,0,1,1,0,0,0,1,8,2,2,1,"Area,Line",1,0,0,0,0,0,1,0,0,0,0,0,2
visMost291.png,1295.png,61.8,0,1,0,0,0,1,I,multipanel,"axes text,caption(s),title(s),annotation(s)",0,0,1,1,1,1,0,0,0,0,1,11,2,3,1,"Circle,Line",0,0,1,0,0,0,1,0,0,0,0,0,2
whoQ54_2.png,1296.png,15.300000000000002,0,0,1,0,1,0,G,single,"axes text,title(s)",0,0,1,1,0,0,0,0,0,0,0,1,1,1,1,Bar,0,1,0,0,0,0,0,0,0,0,0,0,1
economist_daily_chart_453.png,1297.png,27.3,1,0,0,0,1,0,N,single,"axes text,title(s),annotation(s),caption(s)",0,0,1,1,1,1,0,0,0,0,1,5,2,1,1,Line,0,0,0,0,0,0,1,0,0,0,0,0,1
economist_daily_chart_334.png,1298.png,15.1,1,0,0,0,1,0,N,single,"axes text,title(s),caption(s)",0,0,1,1,0,1,0,0,0,0,1,4,1,2,1,Bar,0,1,0,0,0,0,0,0,0,0,0,0,1
whoQ11_3.png,1299.png,34.5,0,0,1,0,1,0,G,single,"axes labels,axes text,title(s),caption(s),legend text",0,1,1,1,0,1,1,0,0,0,1,3,2,1,1,Point,0,0,0,0,0,0,0,0,1,0,0,0,1
economist_daily_chart_452.png,1300.png,24.3,1,0,0,0,1,0,N,single,"axes text,title(s),annotation(s),caption(s)",0,0,1,1,1,1,0,0,0,0,1,7,2,1,1,Line,0,0,0,0,0,0,1,0,0,0,0,0,1
whoQ54_3.png,1301.png,19.1,0,0,1,0,0,1,G,multipanel,"legend text,title(s),axes text",0,0,1,1,0,0,1,0,0,0,0,6,2,1,1,"Line,Area",1,0,0,0,0,0,1,0,0,0,0,0,2
v485_n7398_26_f1.png,1302.png,77.2,0,0,0,1,0,1,S,multipanel,"title(s),axes text,annotation(s),axes labels",0,1,1,1,1,0,0,0,0,1,0,0,3,6,7,"Bar,Table,Point,Diagram",0,1,0,1,0,0,0,0,1,1,0,0,4
visMost290.png,1303.png,42.5,0,1,0,0,0,1,I,multipanel,"title(s),annotation(s),caption(s)",0,0,0,1,1,1,0,0,0,0,1,10,4,3,1,"Diagram,Circle,Map",0,0,1,1,0,0,0,1,0,0,0,0,3
visMost284.png,1304.png,45.5,0,1,0,0,0,1,I,multipanel,"axes text,title(s),annotation(s),caption(s),legend text",0,0,1,1,1,1,1,0,0,0,1,5,3,5,4,"Area,Distribution,Bar",1,1,0,0,1,0,0,0,0,0,0,0,3
visMost9.png,1305.png,25.5,0,1,0,0,1,0,I,single,text-only,0,0,0,0,0,0,0,0,1,0,0,1,0,1,1,Diagram,0,0,0,1,0,0,0,0,0,0,0,0,1
economist_daily_chart_446.png,1306.png,55.3,1,0,0,0,1,0,N,single,annotation(s),0,0,0,0,1,0,0,0,0,0,0,12,0,1,1,"Map,Bar",0,1,0,0,0,0,0,1,0,0,0,0,2
treasuryG02_2.png,1307.png,57.3,0,0,1,0,1,0,G,single,"axes labels,axes text,title(s),annotation(s),legend title,legend text",0,1,1,1,1,0,1,1,0,0,0,6,1,2,1,Bar,0,1,0,0,0,0,0,0,0,0,0,0,1
economist_daily_chart_3.png,1308.png,49.9,1,0,0,0,0,1,N,multipanel,"legend title,legend text,annotation(s),title(s)",0,0,0,1,1,0,1,1,0,0,0,3,1,2,1,"Map,Bar,Distribution",0,1,0,0,1,0,0,1,0,0,0,0,3
v486_n7403_5_f4.png,1309.png,72,0,0,0,1,0,1,S,multipanel,"annotation(s),legend text",0,0,0,0,1,0,1,0,0,0,0,11,0,0,2,"Circle,Diagram",0,0,1,1,0,0,0,0,0,0,0,0,2
economist_daily_chart_320.png,1310.png,29.9,1,0,0,0,1,0,N,single,"axes text,title(s),caption(s)",0,0,1,1,0,1,0,0,0,0,1,3,2,1,1,Bar,0,1,0,0,0,0,0,0,0,0,0,0,1
whoK23_2.png,1311.png,37.3,0,0,1,0,1,0,G,single,"axes text,caption(s),annotation(s),legend text,title(s)",0,0,1,1,1,1,1,0,0,0,0,4,1,2,3,"Area,Table",1,0,0,0,0,0,0,0,0,1,0,0,2
v485_n7396_17_f2.png,1312.png,69.9,0,0,0,1,0,1,S,multipanel,"axes labels,axes text,annotation(s),legend text",0,1,1,0,1,0,1,0,0,0,0,2,4,2,6,"Line,Point,Bar",0,1,0,0,0,0,1,0,1,0,0,0,3
v483_n7387_16_f4.png,1313.png,58.3,0,0,0,1,0,1,S,multipanel,"axes text,title(s),annotation(s)",0,0,1,1,1,0,0,0,0,0,0,2,2,1,2,"Line,Bar",0,1,0,0,0,0,1,0,0,0,0,0,2
economist_daily_chart_308.png,1314.png,36.3,1,0,0,0,1,0,N,single,text-only,0,0,0,0,0,0,0,0,1,0,1,2,4,2,1,Table,0,0,0,0,0,0,0,0,0,1,0,0,1
v485_n7399_20_f3.png,1315.png,62.2,0,0,0,1,0,1,S,multipanel,"annotation(s),title(s)",0,0,0,1,1,0,0,0,0,0,0,10,0,1,8,"Diagram,Table",0,0,0,1,0,0,0,0,0,1,0,0,2
v486_n7404_1_f5.png,1316.png,50.1,0,0,0,1,1,0,S,single,text-only,0,0,0,0,0,0,0,0,1,1,0,0,8,3,1,Table,0,0,0,0,0,0,0,0,0,1,0,0,1
v482_n7386_16_f2.png,1317.png,84.3,0,0,0,1,0,1,S,multipanel,"axes labels,axes text,legend text",0,1,1,0,0,0,1,0,0,0,0,4,3,5,11,"Bar,Diagram,Table,Point",0,1,0,1,0,0,0,0,1,1,0,0,4
v483_n7391_23_f3.png,1318.png,67.6,0,0,0,1,0,1,S,multipanel,"axes labels,axes text,legend text",0,1,1,0,0,0,1,0,0,0,0,6,4,1,4,"Bar,Line,Diagram",0,1,0,1,0,0,1,0,0,0,0,0,3
v489_n7417_19_f1.png,1319.png,66,0,0,0,1,0,1,S,multipanel,"axes labels,axes text,annotation(s),title(s)",0,1,1,1,1,0,0,0,0,0,0,15,1,2,2,"Bar,Diagram",0,1,0,1,0,0,0,0,0,0,0,0,2
wsj507.png,1320.png,50.9,1,0,0,0,0,1,N,multipanel,"title(s),legend text,caption(s),annotation(s),axes text",0,0,1,1,1,1,1,0,0,0,1,9,3,3,3,"Circle,Bar,Line",0,1,1,0,0,0,1,0,0,0,0,0,3
whoH04_1.png,1321.png,18.4,0,0,1,0,0,1,G,multipanel,"legend text,title(s),annotation(s)",0,0,0,1,1,0,1,0,0,0,1,8,1,1,1,Circle,0,0,1,0,0,0,0,0,0,0,0,0,1
vis460.png,1322.png,73.5,0,1,0,0,0,1,I,multipanel,"caption(s),title(s),annotation(s),axes text,legend text",0,0,1,1,1,1,1,0,0,0,1,4,3,4,8,"Bar,Diagram,Map",0,1,0,1,0,0,0,1,0,0,0,0,3
visMost535.png,1323.png,64.2,0,1,0,0,1,0,I,single,"annotation(s),title(s)",0,0,0,1,1,0,0,0,0,0,0,12,0,1,1,Diagram,0,0,0,1,0,0,0,0,0,0,0,0,1
vis306.png,1324.png,54.1,0,1,0,0,1,0,I,single,"annotation(s),caption(s),title(s)",0,0,0,1,1,1,0,0,0,0,1,7,1,1,1,Diagram,0,0,0,1,0,0,0,0,0,0,0,0,1
economist_daily_chart_491.png,1325.png,25.1,1,0,0,0,1,0,N,single,"axes text,title(s),caption(s),legend text",0,0,1,1,0,1,1,0,0,0,1,4,1,2,1,Bar,0,1,0,0,0,0,0,0,0,0,0,0,1
wsj261.png,1326.png,50.3,1,0,0,0,0,1,N,multipanel,"annotation(s),title(s),caption(s)",0,0,0,1,1,1,0,0,0,0,1,5,2,2,3,"Map,Bar,Table",0,1,0,0,0,0,0,1,0,1,0,0,3
economist_daily_chart_485.png,1327.png,35.9,1,0,0,0,1,0,N,single,"title(s),axes text,caption(s)",0,0,1,1,0,1,0,0,0,0,1,3,2,1,1,Bar,0,1,0,0,0,0,0,0,0,0,0,0,1
wsj275.png,1328.png,41.9,1,0,0,0,1,0,N,single,"legend text,caption(s),title(s)",0,0,0,1,0,1,1,0,0,0,1,6,0,1,1,Map,0,0,0,0,0,0,0,1,0,0,0,0,1
treasuryD03_2.png,1329.png,37.9,0,0,1,0,1,0,G,single,text-only,0,0,0,0,0,0,0,0,1,0,0,2,1,1,1,Table,0,0,0,0,0,0,0,0,0,1,0,0,1
wsj59.png,1330.png,37.5,1,0,0,0,0,1,N,multipanel,"axes text,annotation(s),caption(s),title(s)",0,0,1,1,1,1,0,0,0,0,1,9,2,1,3,"Line,Diagram",0,0,0,1,0,0,1,0,0,0,0,0,2
v487_n7408_13_f3.png,1331.png,73.4,0,0,0,1,0,1,S,multipanel,"axes labels,axes text,legend text,title(s)",0,1,1,1,0,0,1,0,0,0,1,5,1,4,6,"Bar,Diagram",0,1,0,1,0,0,0,0,0,0,0,0,2
vis312.png,1332.png,59,0,1,0,0,1,0,I,single,"annotation(s),caption(s),title(s)",0,0,0,1,1,1,0,0,0,0,1,4,5,2,4,Text,0,0,0,0,0,0,0,0,0,0,1,0,1
v488_n7412_14_f3.png,1333.png,70,0,0,0,1,0,1,S,multipanel,"axes labels,axes text,title(s)",0,1,1,1,0,0,0,0,0,0,1,4,1,4,5,"Bar,Diagram,Table",0,1,0,1,0,0,0,0,0,1,0,0,3
whoO04.png,1334.png,34.1,0,0,1,0,1,0,G,single,annotation(s),0,0,0,0,1,0,0,0,0,0,1,3,1,0,1,Area,1,0,0,0,0,0,0,0,0,0,0,0,1
vis474.png,1335.png,45.1,0,1,0,0,0,1,I,multipanel,text-only,0,0,0,0,0,0,0,0,1,0,1,5,1,2,1,"Table,Circle",0,0,1,0,0,0,0,0,0,1,0,0,2
visMost521.png,1336.png,46.7,0,1,0,0,0,1,I,multipanel,"title(s),annotation(s),caption(s)",0,0,0,1,1,1,0,0,0,0,1,3,0,3,1,"Circle,Map",0,0,1,0,0,0,0,1,0,0,0,0,2
treasuryL05_2.png,1337.png,18,0,0,1,0,1,0,G,single,"title(s),legend text,caption(s),annotation(s)",0,0,0,1,1,1,1,0,0,0,0,3,1,1,3,Circle,0,0,1,0,0,0,0,0,0,0,0,0,1
v490_n7420_14_f2.png,1338.png,72.5,0,0,0,1,0,1,S,multipanel,"axes labels,axes text,title(s),legend text",0,1,1,1,0,0,1,0,0,0,0,5,5,5,10,"Line,Bar,Point,Diagram",0,1,0,1,0,0,1,0,1,0,0,0,4
wsj513.png,1339.png,33.3,1,0,0,0,0,1,N,multipanel,"axes labels,axes text,title(s),caption(s)",0,1,1,1,0,1,0,0,0,0,1,3,1,2,4,Bar,0,1,0,0,0,0,0,0,0,0,0,0,1
visMost509.png,1340.png,61.2,0,1,0,0,0,1,I,multipanel,"axes labels,axes text,annotation(s),title(s),caption(s),legend title,legend text",0,1,1,1,1,1,1,1,0,0,1,3,3,3,10,"Map,Bar,Circle",0,1,1,0,0,0,0,1,0,0,0,0,3
v484_n7392_12_f7.png,1341.png,75.2,0,0,0,1,0,1,S,multipanel,text-only,0,0,0,0,0,0,0,0,1,0,0,8,3,3,4,"Diagram,Bar",0,1,0,1,0,0,0,0,0,0,0,0,2
v482_n7386_7_f1.png,1342.png,75.1,0,0,0,1,1,0,S,single,"axes labels,axes text,annotation(s),title(s),legend text,legend title",0,1,1,1,1,0,1,1,0,0,0,4,2,2,1,"Line,Point",0,0,0,0,0,0,1,0,1,0,0,0,2
wsj71.png,1343.png,39.6,1,0,0,0,0,1,N,multipanel,"axes text,title(s),legend text,annotation(s),caption(s)",0,0,1,1,1,1,1,0,0,0,1,5,4,2,3,"Line,Circle,Area",1,0,1,0,0,0,1,0,0,0,0,0,3
wsj65.png,1344.png,30.8,1,0,0,0,0,1,N,multipanel,text-only,0,0,0,0,0,0,0,0,1,0,1,6,1,1,1,"Map,Table",0,0,0,0,0,0,0,1,0,1,0,0,2
wsj249.png,1345.png,30.1,1,0,0,0,0,1,N,multipanel,"annotation(s),axes text,title(s),caption(s)",0,0,1,1,1,1,0,0,0,0,1,5,1,3,2,"Map,Line",0,0,0,0,0,0,1,1,0,0,0,0,2
vis448.png,1346.png,50.2,0,1,0,0,0,1,I,multipanel,"annotation(s),caption(s),title(s)",0,0,0,1,1,1,0,0,0,0,1,1,1,2,4,"Circle,Bar",0,1,1,0,0,0,0,0,0,0,0,0,2
v490_n7418_20_f4.png,1347.png,77.4,0,0,0,1,0,1,S,multipanel,"axes labels,axes text,legend text,title(s)",0,1,1,1,0,0,1,0,0,0,0,12,4,3,7,"Trees & Networks,Line,Bar,Point",0,1,0,0,0,0,1,0,1,0,0,1,4
v488_n7413_12_f1.png,1348.png,59,0,0,0,1,1,0,S,single,"axes labels,axes text,annotation(s)",0,1,1,0,1,0,0,0,0,0,0,3,2,1,1,Line,0,0,0,0,0,0,1,0,0,0,0,0,1
whoC09.png,1349.png,44.9,0,0,1,0,0,1,G,multipanel,"title(s),axes text,annotation(s),legend text",0,0,1,1,1,0,1,0,0,0,0,2,0,2,1,Table,0,0,0,0,0,0,0,0,0,1,0,0,1
whoQ56_1.png,1350.png,20.5,0,0,1,0,1,0,G,single,"title(s),axes text",0,0,1,1,0,0,0,0,0,0,0,1,1,1,1,Bar,0,1,0,0,0,0,0,0,0,0,0,0,1
v490_n7420_22_f3.png,1351.png,60.5,0,0,0,1,0,1,S,multipanel,"axes labels,axes text,legend text,title(s)",0,1,1,1,0,0,1,0,0,0,0,1,5,13,8,"Bar,Line,Point",0,1,0,0,0,0,1,0,1,0,0,0,3
economist_daily_chart_136.png,1352.png,20.9,1,0,0,0,0,1,N,multipanel,"axes text,title(s),legend text,caption(s)",0,0,1,1,0,1,1,0,0,0,1,6,2,1,2,Line,0,0,0,0,0,0,1,0,0,0,0,0,1
vis879.png,1353.png,56.6,0,1,0,0,0,1,I,multipanel,"annotation(s),caption(s),text-only,title(s)",0,0,0,1,1,1,0,0,1,0,1,12,2,4,4,"Circle,Map,Point,Table,Bar",0,1,1,0,0,0,0,1,1,1,0,0,5
whoQ35_2.png,1354.png,38.2,0,0,1,0,1,0,G,single,"axes labels,axes text,title(s),legend text",0,1,1,1,0,0,1,0,0,0,0,2,2,1,1,Point,0,0,0,0,0,0,0,0,1,0,0,0,1
economist_daily_chart_122.png,1355.png,35,1,0,0,0,1,0,N,single,"axes text,title(s),caption(s),legend text",0,0,1,1,0,1,1,0,0,0,0,6,1,2,1,Bar,0,1,0,0,0,0,0,0,0,0,0,0,1
v486_n7401_20_f4.png,1356.png,83.8,0,0,0,1,0,1,S,multipanel,"annotation(s),title(s)",0,0,0,1,1,0,0,0,0,0,0,15,0,1,4,"Diagram,Table",0,0,0,1,0,0,0,0,0,1,0,0,2
v487_n7406_14_f1.png,1357.png,39.3,0,0,0,1,0,1,S,multipanel,axes text,0,0,1,0,0,0,0,0,0,1,0,0,1,2,3,Grid & Matrix,0,0,0,0,0,1,0,0,0,0,0,0,1
vis845.png,1358.png,50.1,0,1,0,0,0,1,I,multipanel,text-only,0,0,0,0,0,0,0,0,1,0,1,7,5,3,1,Distribution.Table,0,0,0,0,1,0,0,0,0,1,0,0,2
whoN12_2.png,1359.png,25.8,0,0,1,0,1,0,G,single,"title(s),legend title,legend text,caption(s)",0,0,0,1,0,1,1,1,0,0,0,7,1,1,1,Map,0,0,0,0,0,0,0,1,0,0,0,0,1
v487_n7407_12_f3.png,1360.png,62.8,0,0,0,1,0,1,S,multipanel,"axes labels,axes text,legend text,title(s)",0,1,1,1,0,0,1,0,0,0,1,9,7,1,5,"Line,Point,Grid & Matrix",0,0,0,0,0,1,1,0,1,0,0,0,3
vis851.png,1361.png,50.2,0,1,0,0,0,1,I,multipanel,"annotation(s),title(s),caption(s)",0,0,0,1,1,1,0,0,0,0,1,5,3,2,7,"Map,Line,Bar,Circle,Diagram",0,1,1,1,0,0,1,1,0,0,0,0,5
v489_n7415_18_f2.png,1362.png,77.4,0,0,0,1,0,1,S,multipanel,"axes labels,axes text,annotation(s),legend text,title(s)",0,1,1,1,1,0,1,0,0,0,0,12,8,8,4,"Bar,Line,Table,Area,Diagram",1,1,0,1,0,0,1,0,0,1,0,0,5
vis104.png,1363.png,31.3,0,1,0,0,1,0,I,single,title(s),0,0,0,1,0,0,0,0,0,0,1,6,0,1,1,"Map,Bar",0,1,0,0,0,0,0,1,0,0,0,0,2
visMost737.png,1364.png,52.9,0,1,0,0,0,1,I,multipanel,"annotation(s),title(s),caption(s)",0,0,0,1,1,1,0,0,0,0,1,12,3,3,1,"Map,Bar,Line,Point,Table",0,1,0,0,0,0,1,1,1,1,0,0,5
vis662.png,1365.png,53.5,0,1,0,0,0,1,I,multipanel,text-only,0,0,0,0,0,0,0,0,1,0,1,15,0,7,8,"Diagram,Table",0,0,0,1,0,0,0,0,0,1,0,0,2
visMost723.png,1366.png,61.5,0,1,0,0,0,1,I,multipanel,"text-only,caption(s),title(s),annotation(s)",0,0,0,1,1,1,0,0,1,0,1,20,5,4,8,"Circle,Bar,Map",0,1,1,0,0,0,0,1,0,0,0,0,3
vis676.png,1367.png,39.8,0,1,0,0,0,1,I,multipanel,"text-only,annotation(s),title(s),caption(s)",0,0,0,1,1,1,0,0,1,0,1,5,3,9,5,"Bar,Circle,Grid & Matrix",0,1,1,0,0,1,0,0,0,0,0,0,3
vis110.png,1368.png,50.9,0,1,0,0,1,0,I,single,"title(s),caption(s),annotation(s),legend text,legend title",0,0,0,1,1,1,1,1,0,0,1,10,0,1,1,Grid & Matrix,0,0,0,0,0,1,0,0,0,0,0,0,1
v489_n7415_7_f5.png,1369.png,56.9,0,0,0,1,0,1,S,multipanel,text-only,0,0,0,0,0,0,0,0,1,1,0,0,3,1,2,"Table,Diagram",0,0,0,1,0,0,0,0,0,1,0,0,2
vis138.png,1370.png,41.6,0,1,0,0,1,0,I,single,"annotation(s),caption(s),title(s)",0,0,0,1,1,1,0,0,0,0,1,10,0,2,5,"Table,Diagram",0,0,0,1,0,0,0,0,0,1,0,0,2
v484_n7393_4_f2.png,1371.png,76.6,0,0,0,1,0,1,S,multipanel,"annotation(s),title(s)",0,0,0,1,1,0,0,0,0,0,0,12,0,2,3,Diagram,0,0,0,1,0,0,0,0,0,0,0,0,1
v483_n7391_15_f2.png,1372.png,83.5,0,0,0,1,0,1,S,multipanel,"axes labels,axes text,legend text,title(s),annotation9s)",0,1,1,1,0,0,1,0,0,0,0,10,3,4,6,"Line,Point,Distribution",0,0,0,0,1,0,1,0,1,0,0,0,3
vis886.png,1373.png,48.5,0,1,0,0,0,1,I,multipanel,text-only,0,0,0,0,0,0,0,0,1,0,1,7,0,0,1,"Table,Diagram",0,0,0,1,0,0,0,0,0,1,0,0,2
v485_n7397_27_f1.png,1374.png,80.3,0,0,0,1,0,1,S,multipanel,"axes text,axes labels",0,1,1,0,0,0,0,0,0,0,0,12,4,3,3,"Table,Grid & Matrix,Diagram",0,0,0,1,0,1,0,0,0,1,0,0,3
vis892.png,1375.png,61.1,0,1,0,0,0,1,I,multipanel,"axes text,axes labels,annotation(s),title(s),caption(s)",0,1,1,1,1,1,0,0,0,0,1,8,7,5,6,"Map,Bar,Area",1,1,0,0,0,0,0,1,0,0,0,0,3
v489_n7414_7_f5.png,1376.png,67.1,0,0,0,1,0,1,S,multipanel,"axes text,legend text,title(s)",0,0,1,1,0,0,1,0,0,0,0,4,2,4,2,"Bar,Circle,Line",0,1,1,0,0,0,1,0,0,0,0,0,3
v486_n7403_19_f3.png,1377.png,65.8,0,0,0,1,0,1,S,multipanel,"axes text,annotation(s),title(s)",0,0,1,1,1,0,0,0,0,0,0,6,4,4,2,"Bar,Table",0,1,0,0,0,0,0,0,0,1,0,0,2
v488_n7409_19_f3.png,1378.png,69.5,0,0,0,1,0,1,S,multipanel,"axes labels,axes text,legend text,annotation(s)",0,1,1,0,1,0,1,0,0,0,0,7,2,3,3,"Bar,Diagram",0,1,0,1,0,0,0,0,0,0,0,0,2
v485_n7399_16_f2.png,1379.png,78.6,0,0,0,1,0,1,S,multipanel,annotation(s).title(s),0,0,0,1,1,0,0,0,0,0,0,4,4,4,4,"Distribution,Trees & Networks,Diagram",0,0,0,1,1,0,0,0,0,0,0,1,3
v483_n7388_17_f4.png,1380.png,78.3,0,0,0,1,0,1,S,multipanel,"axes labels,axes text,annotation(s),legend text",0,1,1,0,1,0,1,0,0,0,0,1,3,4,6,"Bar,Line,Diagram",0,1,0,1,0,0,1,0,0,0,0,0,3
economist_daily_chart_46.png,1381.png,33.2,1,0,0,0,1,0,N,single,"text-only,annotation(s),title(s)",0,0,0,1,1,0,0,0,1,0,1,5,1,3,1,"Area,Table",1,0,0,0,0,0,0,0,0,1,0,0,2
visMost680.png,1382.png,44.6,0,1,0,0,0,1,I,multipanel,"annotation(s),caption(s),title(s)",0,0,0,1,1,1,0,0,0,0,1,8,3,2,1,Table,0,0,0,0,0,0,0,0,0,1,0,0,1
whoB05_2.png,1383.png,21.4,0,0,1,0,1,0,G,single,"title(s),legend text,legend title,caption(s)",0,0,0,1,0,1,1,1,0,0,0,5,1,1,1,Map,0,0,0,0,0,0,0,1,0,0,0,0,1
whoJ46_2.png,1384.png,27.6,0,0,1,0,1,0,G,single,"axes labels,axes text,title(s),caption(s),legend text",0,1,1,1,0,1,1,0,0,0,0,2,1,2,1,Bar,0,1,0,0,0,0,0,0,0,0,0,0,1
v487_n7405_1_f1.png,1385.png,63.3,0,0,0,1,0,1,S,multipanel,"axes text,annotation(s)",0,0,1,0,1,0,0,0,0,0,0,2,0,3,6,"Line,Diagram",0,0,0,1,0,0,1,0,0,0,0,0,2
visMost694.png,1386.png,66.1,0,1,0,0,1,0,I,single,text-only,0,0,0,0,0,0,0,0,1,0,1,6,1,1,1,Diagram,0,0,0,1,0,0,0,0,0,0,0,0,1
whoQ50_7.png,1387.png,34.3,0,0,1,0,1,0,G,single,"title(s),axes text,legend text",0,0,1,1,0,0,1,0,0,0,0,2,1,2,1,Bar,0,1,0,0,0,0,0,0,0,0,0,0,1
whoB23_1.png,1388.png,21.7,0,0,1,0,1,0,G,single,"axes labels,axes text,title(s),caption(s),legend text",0,1,1,1,0,1,1,0,0,0,0,3,1,3,1,Bar,0,1,0,0,0,0,0,0,0,0,0,0,1
v487_n7406_16_f4.png,1389.png,70.9,0,0,0,1,1,0,S,single,"annotation(s),caption(s),title(s)",0,0,0,1,1,1,0,0,0,0,1,6,0,0,6,"Diagram,Table",0,0,0,1,0,0,0,0,0,1,0,0,2
economist_daily_chart_52.png,1390.png,33.6,1,0,0,0,1,0,N,single,"axes text,title(s),caption(s),legend text,legend title",0,0,1,1,0,1,1,1,0,0,0,4,1,2,1,Bar,0,1,0,0,0,0,0,0,0,0,0,0,1
whoJ25_1.png,1391.png,23,0,0,1,0,1,0,G,single,"title(s),axes labels,axes text,legend text,caption(s)",0,1,1,1,0,1,1,0,0,0,0,2,1,2,1,Bar,0,1,0,0,0,0,0,0,0,0,0,0,1
v484_n7393_20_f1.png,1392.png,78.4,0,0,0,1,1,0,S,single,annotation(s),0,0,0,0,1,0,0,0,0,0,0,9,0,1,1,Diagram,0,0,0,1,0,0,0,0,0,0,0,0,1
v484_n7395_14_f2.png,1393.png,56.6,0,0,0,1,0,1,S,multipanel,"axes labels,axes text,title(s),annotation(s),legend text",0,1,1,1,1,0,1,0,0,1,1,0,8,3,3,"Point,Bar,Table",0,1,0,0,0,0,0,0,1,1,0,0,3
vis931.png,1394.png,54.7,0,1,0,0,0,1,I,multipanel,"title(s),annotation(s),axes text,caption(s),legend text",0,0,1,1,1,1,1,0,0,0,1,10,4,3,3,"Bar,Circle",0,1,1,0,0,0,0,0,0,0,0,0,2
v485_n7396_3_f5.png,1395.png,63.8,0,0,0,1,0,1,S,multipanel,"axes labels,axes text,annotation(s),title(s)",0,1,1,1,1,0,0,0,0,1,0,0,2,2,8,"Bar,Table",0,1,0,0,0,0,0,0,0,1,0,0,2
v487_n7406_18_f1.png,1396.png,78.8,0,0,0,1,0,1,S,multipanel,"annotation(s),title(s)",0,0,0,1,1,0,0,0,0,0,0,5,0,0,3,Diagram,0,0,0,1,0,0,0,0,0,0,0,0,1
vis925.png,1397.png,61.4,0,1,0,0,1,0,I,single,text-only,0,0,0,0,0,0,0,0,1,0,1,12,5,2,8,"Table,Diaram",0,0,0,0,0,0,0,0,0,1,0,0,1
v485_n7397_3_f5.png,1398.png,74,0,0,0,1,0,1,S,multipanel,"annotation(s),title(s)",0,0,0,1,1,0,0,0,0,0,0,3,0,1,4,Diagram,0,0,0,1,0,0,0,0,0,0,0,0,1
economist_daily_chart_85.png,1399.png,28.4,1,0,0,0,1,0,N,single,"axes text,title(s),legend text,caption(s)",0,0,1,1,0,1,1,0,0,0,0,3,2,1,1,Bar,0,1,0,0,0,0,0,0,0,0,0,0,1
wsj117.png,1400.png,26.2,1,0,0,0,1,0,N,single,"title(s),annotation(s)",0,0,0,1,1,0,0,0,0,0,1,3,0,1,1,Map,0,0,0,0,0,0,0,1,0,0,0,0,1
visMost125.png,1401.png,51.5,0,1,0,0,0,1,I,multipanel,"annotation(s),caption(s),title(s)",0,0,0,1,1,1,0,0,0,0,1,9,6,3,2,"Area,Table",1,0,0,0,0,0,0,0,0,1,0,0,2
vis716.png,1402.png,55.7,0,1,0,0,0,1,I,multipanel,"text-only,axes text,annotation(s).caption(s),title(s)",0,0,1,1,1,1,0,0,1,0,1,4,5,2,5,"Text,Bar,Circle,Area",1,1,1,0,0,0,0,0,0,0,1,0,4
visMost643.png,1403.png,69,0,1,0,0,0,1,I,multipanel,text-only,0,0,0,0,0,0,0,0,1,0,1,14,1,4,6,Diagram,0,0,0,1,0,0,0,0,0,0,0,0,1
whoK14.png,1404.png,51.8,0,0,1,0,1,0,G,single,"title(s),axes text,legend text,caption(s)",0,0,1,1,0,1,1,0,0,0,1,4,1,3,1,"Area,Table",1,0,0,0,0,0,0,0,0,1,0,0,2
v487_n7408_9_f3.png,1405.png,57.8,0,0,0,1,0,1,S,multipanel,"annotation(s),axes text",0,0,1,0,1,0,0,0,0,0,0,5,2,1,8,"Diagram,Table",0,0,0,1,0,0,0,0,0,1,0,0,2
visMost657.png,1406.png,71.3,0,1,0,0,1,0,I,single,text-only,0,0,0,0,0,0,0,0,1,0,1,5,1,1,1,Distribution,0,0,0,0,1,0,0,0,0,0,0,0,1
v484_n7393_8_f2.png,1407.png,72.5,0,0,0,1,0,1,S,multipanel,"axes labels,axes text,annotation(s),title(s)",0,1,1,1,1,0,0,0,0,0,0,8,1,1,6,"Line,Area,Table,Grid & Matrix",1,0,0,0,0,1,1,0,0,1,0,0,4
economist_daily_chart_91.png,1408.png,32.6,1,0,0,0,0,1,N,multipanel,"axes text,title(s),caption(s)",0,0,1,1,0,1,0,0,0,0,1,2,1,2,4,Bar,0,1,0,0,0,0,0,0,0,0,0,0,1
wsj103.png,1409.png,54.2,1,0,0,0,0,1,N,multipanel,"axes text,title(s),annotation(s),legend text,caption(s)",0,0,1,1,1,1,1,0,0,0,1,5,5,2,4,"Bar,Line,Distribution",0,1,0,0,1,0,1,0,0,0,0,0,3
v483_n7389_13_f3.png,1410.png,70.9,0,0,0,1,0,1,S,multipanel,"axes labels,axes text,annotation(s),legend text",0,1,1,0,1,0,1,0,0,0,0,4,2,2,4,"Point,Line,Area",1,0,0,0,0,0,1,0,1,0,0,0,3
whoQ08_2.png,1411.png,28.7,0,0,1,0,1,0,G,single,"axes labels,axes text,title(s),caption(s),legend text",0,1,1,1,0,1,1,0,0,0,0,2,2,1,1,"Line,Point",0,0,0,0,0,0,1,0,1,0,0,0,2
visMost119.png,1412.png,62.4,0,1,0,0,0,1,I,multipanel,"text-only,annotation(s),caption(s),title(s)",0,0,0,1,1,1,0,0,1,0,1,7,0,0,5,"Circle,Bar,Text,Area",1,1,1,0,0,0,0,0,0,0,1,0,4
v486_n7402_13_f1.png,1413.png,52.4,0,0,0,1,0,1,S,multipanel,"axes labels,axes text,legend text,title(s)",0,1,1,1,0,0,1,0,0,1,0,0,2,2,2,Point,0,0,0,0,0,0,0,0,1,0,0,0,1
whoK28.png,1414.png,15,0,0,1,0,1,0,G,single,"axes labels,axes text,caption(s)",0,1,1,0,0,1,0,0,0,0,0,1,2,0,1,Bar,0,1,0,0,0,0,0,0,0,0,0,0,1
visMost16.png,1415.png,26.9,0,1,0,0,1,0,I,single,text-only,0,0,0,0,0,0,0,0,1,0,1,9,0,1,1,Distribution,0,0,0,0,1,0,0,0,0,0,0,0,1
v483_n7388_15_f1.png,1416.png,74.9,0,0,0,1,0,1,S,multipanel,"axes labels,axes text,legend text,title(s)",0,1,1,1,0,0,1,0,0,0,0,5,3,4,7,"Bar,Distribution",0,1,0,0,1,0,0,0,0,0,0,0,2
vis66.png,1417.png,54.9,0,1,0,0,0,1,I,multipanel,text-only,0,0,0,0,0,0,0,0,1,0,1,6,1,1,1,"Diagram,Table",0,0,0,1,0,0,0,0,0,1,0,0,2
visMost482.png,1418.png,49,0,1,0,0,1,0,I,single,text-only,0,0,0,0,0,0,0,0,1,0,0,5,1,1,1,"Map,Text",0,0,0,0,0,0,0,1,0,0,1,0,2
v486_n7402_7_f1.png,1419.png,67.6,0,0,0,1,0,1,S,multipanel,"axes text,axes labels,title(s)",0,1,1,1,0,0,0,0,0,1,0,0,1,7,4,Table,0,0,0,0,0,0,0,0,0,1,0,0,1
economist_daily_chart_240.png,1420.png,32.4,1,0,0,0,1,0,N,single,"axes text,title(s),caption(s),legend text",0,0,1,1,0,1,1,0,0,0,0,5,2,1,1,Line,0,0,0,0,0,0,1,0,0,0,0,0,1
v485_n7398_24_f4.png,1421.png,63.6,0,0,0,1,0,1,S,multipanel,"axes labels,axes text,legend text,annotation(s)",0,1,1,0,1,0,1,0,0,0,0,14,8,6,5,"Bar,Circle,Line,Table",0,1,1,0,0,0,1,0,0,1,0,0,4
economist_daily_chart_526.png,1422.png,24.1,1,0,0,0,1,0,N,single,"axes text,title(s),caption(s),legend text",0,0,1,1,0,1,1,0,0,0,1,5,1,2,1,Bar,0,1,0,0,0,0,0,0,0,0,0,0,1
whoP15_2.png,1423.png,27.9,0,0,1,0,1,0,G,single,"axes labels,axes text,annotation(s),caption(s)",0,1,1,0,1,1,0,0,0,0,0,1,2,1,1,"Line,Point",0,0,0,0,0,0,1,0,1,0,0,0,2
np_37.png,1424.png,58.3,1,0,0,0,1,0,N,single,"annotation(s),caption(s),text-only",0,0,0,0,1,1,0,0,1,0,0,4,0,1,1,"Map,Diagram",0,0,0,1,0,0,0,1,0,0,0,0,2
v488_n7409_7_f4.png,1425.png,50.5,0,0,0,1,0,1,S,multipanel,"axes labels,axes text,legend text,title(s)",0,1,1,1,0,0,1,0,0,0,0,3,2,4,4,Line,0,0,0,0,0,0,1,0,0,0,0,0,1
v486_n7404_11_f3.png,1426.png,66.6,0,0,0,1,0,1,S,multipanel,text-only,0,0,0,0,0,0,0,0,1,0,0,2,0,0,4,"Diagram,Table",0,0,0,1,0,0,0,0,0,1,0,0,2
v489_n7417_15_f1.png,1427.png,43.3,0,0,0,1,0,1,S,multipanel,"title(s),annotation(s)",0,0,0,1,1,0,0,0,0,0,1,2,0,0,6,Diagram,0,0,0,1,0,0,0,0,0,0,0,0,1
v486_n7403_7_f1.png,1428.png,75.5,0,0,0,1,0,1,S,multipanel,"axes labels,axes text,legend text,annotation(s),title(s)",0,1,1,1,1,0,1,0,0,0,0,8,5,3,4,"Circle,Bar,Diagram",0,1,1,1,0,0,0,0,0,0,0,0,3
economist_daily_chart_532.png,1429.png,46.9,1,0,0,0,1,0,N,single,text-only,0,0,0,0,0,0,0,0,1,0,1,3,2,3,1,Table,0,0,0,0,0,0,0,0,0,1,0,0,1
v483_n7387_14_f1.png,1430.png,78.7,0,0,0,1,0,1,S,multipanel,"axes labels,axes text,legend text,annotation(s),title(s)",0,1,1,1,1,0,1,0,0,0,1,4,2,2,12,"Diagram,Bar,Point",0,1,0,1,0,0,0,0,1,0,0,0,3
np_23.png,1431.png,84.8,1,0,0,0,1,0,N,single,text-only,0,0,0,0,0,0,0,0,1,0,1,8,0,1,1,Diagram,0,0,0,1,0,0,0,0,0,0,0,0,1
economist_daily_chart_254.png,1432.png,32.8,1,0,0,0,1,0,N,single,"title(s),axes text,legend text,caption(s)",0,0,1,1,0,1,1,0,0,0,1,4,1,2,1,Bar,0,1,0,0,0,0,0,0,0,0,0,0,1
whoQ52_5.png,1433.png,29.3,0,0,1,0,1,0,G,single,"axes labels,axes text,legend text,title(s)",0,1,1,1,0,0,1,0,0,0,0,4,1,1,1,Line,0,0,0,0,0,0,1,0,0,0,0,0,1
vis72.png,1434.png,47.5,0,1,0,0,0,1,I,multipanel,"annotation(s),axes text,caption(s),title(s)",0,0,1,1,1,1,0,0,0,0,1,2,1,2,2,"Bar,Map",0,1,0,0,0,0,0,1,0,0,0,0,2
v486_n7403_23_f2.png,1435.png,74.3,0,0,0,1,0,1,S,multipanel,"axes labels,axes text,legend text,title(s)",0,1,1,1,0,0,1,0,0,0,0,2,6,9,11,"Bar,Line,Table",0,1,0,0,0,0,1,0,0,1,0,0,3
visMost496.png,1436.png,62,0,1,0,0,1,0,I,single,"text-only,annotation(s),caption(s),title(s)",0,0,0,1,1,1,0,0,1,0,1,10,2,0,2,"Map,Table",0,0,0,0,0,0,0,1,0,1,0,0,2
v489_n7416_13_f3.png,1437.png,28.9,0,0,0,1,0,1,S,multipanel,"axes labels,axes text,legend text,caption(s),title(s)",0,1,1,1,0,1,1,0,0,0,0,2,1,4,2,Bar,0,1,0,0,0,0,0,0,0,0,0,0,1
v490_n7419_7_f3.png,1438.png,39.3,0,0,0,1,1,0,S,single,"axes labels,axes text",0,1,1,0,0,0,0,0,0,1,0,0,3,0,1,"Point,Line",0,0,0,0,0,0,1,0,1,0,0,0,2
v486_n7403_9_f4.png,1439.png,68.2,0,0,0,1,0,1,S,multipanel,"annotation(s),title(s)",0,0,0,1,1,0,0,0,0,0,0,4,0,3,4,Diagram,0,0,0,1,0,0,0,0,0,0,0,0,1
v489_n7417_6_f2.png,1440.png,56.1,0,0,0,1,1,0,S,single,"axes text,axes labels,annotation(s)",0,1,1,0,1,0,0,0,0,1,0,0,2,1,1,Line,0,0,0,0,0,0,1,0,0,0,0,0,1
treasuryA6.png,1441.png,34.4,0,0,1,0,0,1,G,multipanel,"axes text,legend text,annotation(s),title(s),caption(s)",0,0,1,1,1,1,1,0,0,0,1,8,3,3,3,"Bar,Line",0,1,0,0,0,0,1,0,0,0,0,0,2
vis299.png,1442.png,50.5,0,1,0,0,0,1,I,multipanel,"axes text,title(s),caption(s),legend text",0,0,1,1,0,1,1,0,0,0,1,12,7,6,6,"Bar,Diagram,Area,Distribution",1,1,0,1,1,0,0,0,0,0,0,0,4
v487_n7405_11_f5.png,1443.png,67.3,0,0,0,1,0,1,S,multipanel,"caption(s),annotation(s),title(s)",0,0,0,1,1,1,0,0,0,0,0,1,0,1,2,"Diagram,Table",0,0,0,1,0,0,0,0,0,1,0,0,2
economist_daily_chart_268.png,1444.png,25.2,1,0,0,0,1,0,N,single,"title(s),caption(s),annotation(s)",0,0,0,1,1,1,0,0,0,0,1,9,0,0,1,Area,1,0,0,0,0,0,0,0,0,0,0,0,1
wsj498.png,1445.png,46.2,1,0,0,0,0,1,N,multipanel,"axes text,title(s),legend text,caption(s),annotation(s)",0,0,1,1,1,1,1,0,0,0,1,6,4,5,4,"Bar,Line",0,1,0,0,0,0,1,0,0,0,0,0,2
v489_n7416_6_f2.png,1446.png,65.5,0,0,0,1,1,0,S,single,annotation(s),0,0,0,0,1,0,0,0,0,0,1,4,0,0,1,Diagram,0,0,0,1,0,0,0,0,0,0,0,0,1
economist_daily_chart_283.png,1447.png,30.3,1,0,0,0,1,0,N,single,"axes text,title(s),caption(s),legend text,title(s)",0,0,1,1,0,1,1,0,0,0,1,10,1,1,1,Line,0,0,0,0,0,0,1,0,0,0,0,0,1
wsj473.png,1448.png,49.7,1,0,0,0,1,0,N,single,"title(s),annotation(s),legend text,caption(s)",0,0,0,1,1,1,1,0,0,0,1,5,1,1,1,Map,0,0,0,0,0,0,0,1,0,0,0,0,1
visMost441.png,1449.png,48.3,0,1,0,0,1,0,I,single,text-only,0,0,0,0,0,0,0,0,1,0,1,2,0,0,1,Diagram,0,0,0,1,0,0,0,0,0,0,0,0,1
vis514.png,1450.png,46,0,1,0,0,0,1,I,multipanel,"annotation(s),caption(s),title(s)",0,0,0,1,1,1,0,0,0,0,1,6,8,7,6,"Circle,Area,Bar,Distribution,Table",1,1,1,0,1,0,0,0,0,1,0,0,5
whoI02.png,1451.png,35.8,0,0,1,0,1,0,G,single,"text-only,caption(s)",0,0,0,0,0,1,0,0,1,1,0,0,0,1,1,Diagram,0,0,0,1,0,0,0,0,0,0,0,0,1
vis272.png,1452.png,52.1,0,1,0,0,0,1,I,multipanel,"annotation(s),caption(s),title(s)",0,0,0,1,1,1,0,0,0,0,1,7,6,5,7,"Bar,Diagram,Table",0,1,0,1,0,0,0,0,0,1,0,0,3
visMost327.png,1453.png,48.6,0,1,0,0,1,0,I,single,"caption(s),text-only,title(s)",0,0,0,1,0,1,0,0,1,0,1,14,0,0,1,Diagram,0,0,0,1,0,0,0,0,0,0,0,0,1
wsj315.png,1454.png,24.9,1,0,0,0,0,1,N,multipanel,"title(s),caption(s),annotation(s),axes text",0,0,1,1,1,1,0,0,0,0,1,6,3,1,3,"Line,Diagram",0,0,0,1,0,0,1,0,0,0,0,0,2
wsj301.png,1455.png,45.7,1,0,0,0,0,1,N,multipanel,"axes text,title(s),annotation(s),caption(s)",0,0,1,1,1,1,0,0,0,0,1,6,2,1,2,"Bar,Map",0,1,0,0,0,0,0,1,0,0,0,0,2
visMost333.png,1456.png,42.7,0,1,0,0,0,1,I,multipanel,"annotation(s),axes text,title(s)",0,0,1,1,1,0,0,0,0,0,1,5,7,15,7,"Distribution,Circle,Diagram,Bar",0,1,1,1,1,0,0,0,0,0,0,0,4
visMost455.png,1457.png,39.6,0,1,0,0,0,1,I,multipanel,"title(s),annotation(s),text-only",0,0,0,1,1,0,0,0,1,0,1,7,5,4,1,"Table,Map",0,0,0,0,0,0,0,1,0,1,0,0,2
vis500.png,1458.png,36.5,0,1,0,0,1,0,I,single,"text-only,caption(s),title(s)",0,0,0,1,0,1,0,0,1,0,1,5,8,5,1,Diagram,0,0,0,1,0,0,0,0,0,0,0,0,1
whoI16.png,1459.png,19.6,0,0,1,0,1,0,G,single,"caption(s),text-only,annotation(s),axes text,axes labels",0,1,1,0,1,1,0,0,1,1,0,0,1,1,1,Bar,0,1,0,0,0,0,0,0,0,0,0,0,1
economist_daily_chart_297.png,1460.png,15.1,1,0,0,0,1,0,N,single,"title(s),caption(s),annotation(s),legend text,legend title",0,0,0,1,1,1,1,1,0,0,1,8,1,1,1,Map,0,0,0,0,0,0,0,1,0,0,0,0,1
wsj467.png,1461.png,43.3,1,0,0,0,1,0,N,single,"title(s),annotation(s),caption(s)",0,0,0,1,1,1,0,0,0,0,1,3,0,1,1,Map,0,0,0,0,0,0,0,1,0,0,0,0,1
v490_n7419_24_f3.png,1462.png,69.6,0,0,0,1,0,1,S,multipanel,"legend text,title(s),axes labels,axes text",0,1,1,1,0,0,1,0,0,0,0,9,6,2,3,"Distribution,Point,Diagram",0,0,0,1,1,0,0,0,1,0,0,0,3
v482_n7386_5_f4.png,1463.png,71.7,0,0,0,1,0,1,S,multipanel,"title(s),annotation(s)",0,0,0,1,1,0,0,0,0,0,0,9,0,0,4,"Diagram,Table",0,0,0,1,0,0,0,0,0,1,0,0,2
vis528.png,1464.png,40.2,0,1,0,0,0,1,I,multipanel,"title(s),text-only,annotation(s),caption(s)",0,0,0,1,1,1,0,0,1,0,1,5,4,3,4,"Circle,Bar,Table",0,1,1,0,0,0,0,0,0,1,0,0,3
v488_n7412_18_f3.png,1465.png,71.1,0,0,0,1,0,1,S,multipanel,"annotation(s),legend title,axes text,axes labels",0,1,1,0,1,0,0,1,0,0,0,12,6,4,4,"Line,Diagram,Circle,Point",0,0,1,1,0,0,1,0,1,0,0,0,4
wsj329.png,1466.png,40.6,1,0,0,0,1,0,N,single,"caption(s),title(s),annotation(s)",0,0,0,1,1,1,0,0,0,0,1,6,0,1,2,"Diagram,Table",0,0,0,1,0,0,0,0,0,1,0,0,2
v484_n7392_10_f2.png,1467.png,33.5,0,0,0,1,0,1,S,multipanel,"axes labels,axes text,annotation(s)",0,1,1,0,1,0,0,0,0,0,0,9,5,2,2,"Line,Point",0,0,0,0,0,0,1,0,1,0,0,0,2
v490_n7418_22_f1.png,1468.png,69.8,0,0,0,1,0,1,S,multipanel,annotation(s),0,0,0,0,1,0,0,0,0,0,0,10,0,0,8,Diagram,0,0,0,1,0,0,0,0,0,0,0,0,1
v488_n7413_10_f4.png,1469.png,56.2,0,0,0,1,0,1,S,multipanel,"axes labels,title(s),legend title,annotation(s),axes text",0,1,1,1,1,0,0,1,0,0,0,9,8,5,7,"Bar,Diagram,Line",0,1,0,1,0,0,1,0,0,0,0,0,3
visMost469.png,1470.png,47.9,0,1,0,0,0,1,I,multipanel,"axes text,caption(s),legend text",0,0,1,0,0,1,1,0,0,0,1,7,2,2,2,"Bar,Circle,Table",0,1,1,0,0,0,0,0,0,1,0,0,3
v489_n7414_24_f1.png,1471.png,38.3,0,0,0,1,1,0,S,single,"annotation(s),title(s)",0,0,0,1,1,0,0,0,0,0,0,8,0,1,1,"Map,Diagram",0,0,0,1,0,0,0,1,0,0,0,0,2
v484_n7395_22_f3.png,1472.png,41.4,0,0,0,1,0,1,S,multipanel,"text-only,annotation(s),axes text,axes labels",0,1,1,0,1,0,0,0,1,1,0,4,6,7,7,"Bar,Table",0,1,0,0,0,0,0,0,0,1,0,0,2
vis5.png,1473.png,44,0,1,0,0,0,1,I,multipanel,"annotation(s),text-only",0,0,0,0,1,0,0,0,1,0,1,12,3,1,1,"Bar,Table",0,1,0,0,0,0,0,0,0,1,0,0,2
wsj366.png,1474.png,28.6,1,0,0,0,0,1,N,multipanel,"annotation(s),axes text,caption(s),title(s)",0,0,1,1,1,1,0,0,0,0,1,5,3,2,2,"Bar,Line",0,1,0,0,0,0,1,0,0,0,0,0,2
whoQ48_1.png,1475.png,10.9,0,0,1,0,1,0,G,single,"axes text,title(s)",0,0,1,1,0,0,0,0,0,0,0,1,1,1,1,Bar,0,1,0,0,0,0,0,0,0,0,0,0,1
visMost354.png,1476.png,29.4,0,1,0,0,1,0,I,single,"legend text,title(s)",0,0,0,1,0,0,1,0,0,0,1,9,0,1,1,Trees & Networks,0,0,0,0,0,0,0,0,0,0,0,1,1
whoN17.png,1477.png,20.9,0,0,1,0,1,0,G,single,"legend title,legend text,caption(s),title(s)",0,0,0,1,0,1,1,1,0,0,0,5,1,1,1,Map,0,0,0,0,0,0,0,1,0,0,0,0,1
vis201.png,1478.png,11.1,0,1,0,0,0,1,I,multipanel,"caption(s),legend text,title(s)",0,0,0,1,0,1,1,0,0,0,1,5,1,1,1,Bar,0,1,0,0,0,0,0,0,0,0,0,0,1
vis567.png,1479.png,78.3,0,1,0,0,1,0,I,single,"annotation(s),title(s),axes text,axes labels,caption(s)",0,1,1,1,1,1,0,0,0,0,0,20,1,2,1,Diagram,0,0,0,1,0,0,0,0,0,0,0,0,1
visMost432.png,1480.png,30.7,0,1,0,0,0,1,I,multipanel,"text-only,axes text,annotation(s),caption(s)",0,0,1,0,1,1,0,0,1,0,1,9,2,10,9,"Circle,Distribution,Text,Bar",0,1,1,0,1,0,0,0,0,0,1,0,4
v483_n7390_1_f5.png,1481.png,57.8,0,0,0,1,0,1,S,multipanel,"axes labels,title(s),legend text",0,1,0,1,0,0,1,0,0,0,0,14,3,0,2,"Grid & Matrix,Point",0,0,0,0,0,1,0,0,1,0,0,0,2
wsj400.png,1482.png,21.2,1,0,0,0,1,0,N,single,"annotation(s),axes text,caption(s)",0,0,1,0,1,1,0,0,0,0,0,3,3,2,1,Bar,0,1,0,0,0,0,0,0,0,0,0,0,1
wsj414.png,1483.png,8.9,1,0,0,0,0,1,N,multipanel,"axes text,annotation(s),legend text,title(s),caption(s)",0,0,1,1,1,1,1,0,0,0,1,3,2,2,2,Bar,0,1,0,0,0,0,0,0,0,0,0,0,1
vis573.png,1484.png,17.7,0,1,0,0,1,0,I,single,"annotation(s),text-only,caption(s)",0,0,0,0,1,1,0,0,1,0,1,2,0,3,1,Diagram,0,0,0,1,0,0,0,0,0,0,0,0,1
visMost426.png,1485.png,39.4,0,1,0,0,1,0,I,single,"annotation(s),text-only,caption(s),title(s)",0,0,0,1,1,1,0,0,1,0,1,15,1,15,2,"Diagram,Table",0,0,0,1,0,0,0,0,0,1,0,0,2
whoA01_1.png,1486.png,37.9,0,0,1,0,1,0,G,single,"title(s),annotation(s),caption(s)",0,0,0,1,1,1,0,0,0,0,0,4,0,4,1,Diagram,0,0,0,1,0,0,0,0,0,0,0,0,1
visMost340.png,1487.png,15.3,0,1,0,0,1,0,I,single,"title(s),annotation(s)",0,0,0,1,1,0,0,0,0,0,0,2,1,1,1,Diagram,0,0,0,1,0,0,0,0,0,0,0,0,1
whoN03.png,1488.png,17,0,0,1,0,1,0,G,single,"text-only,caption(s)",0,0,0,0,0,1,0,0,1,0,1,2,3,1,1,Table,0,0,0,0,0,0,0,0,0,1,0,0,1
vis215.png,1489.png,45.9,0,1,0,0,0,1,I,multipanel,"axes labels,annotation(s),legend text,text-only,",0,1,0,0,1,0,1,0,1,0,1,3,9,3,8,"Circle,Diagram,Map,Table,Line,Area",1,0,1,1,0,0,1,1,0,1,0,0,6
wsj372.png,1490.png,19.8,1,0,0,0,0,1,N,multipanel,"text-only,caption(s),axes labels",0,1,0,0,0,1,0,0,1,0,1,5,3,1,2,Bar,0,1,0,0,0,0,0,0,0,0,0,0,1
visMost368.png,1491.png,50.1,0,1,0,0,0,1,I,multipanel,"caption(s),axes text,text-only",0,0,1,0,0,1,0,0,1,1,1,0,4,4,7,"Bar,Circle,Distribution,Map",0,1,1,0,1,0,0,1,0,0,0,0,4
v489_n7416_21_f1.png,1492.png,37.5,0,0,0,1,0,1,S,multipanel,"annotation(s),axes text,legend text,title(s)",0,0,1,1,1,0,1,0,0,0,0,5,2,2,4,"Distribution,Line,Area",1,0,0,0,1,0,1,0,0,0,0,0,3
v489_n7414_1_f3.png,1493.png,40.7,0,0,0,1,0,1,S,multipanel,"text-only,title(s),annotation(s),axes text,axes labels",0,1,1,1,1,0,0,0,1,0,0,15,4,2,2,"Distribution,Table,Area",1,0,0,0,1,0,0,0,0,1,0,0,3
v488_n7411_15_f4.png,1494.png,56.4,0,0,0,1,0,1,S,multipanel,"text-only,caption(s),axes text",0,0,1,0,0,1,0,0,1,1,0,0,7,3,7,"Bar,Diagram,Distribution,Line",0,1,0,1,1,0,1,0,0,0,0,0,4
v483_n7388_11_f2.png,1495.png,32.1,0,0,0,1,1,0,S,single,"annotation(s),axes text,axes labels",0,1,1,0,1,0,0,0,0,1,0,0,1,1,1,Bar,0,1,0,0,0,0,0,0,0,0,0,0,1
v489_n7415_1_f3.png,1496.png,82.3,0,0,0,1,0,1,S,multipanel,"annotation(s),axes labels,legend text,axes text,title(s)",0,1,1,1,1,0,1,0,0,0,0,10,14,0,13,"Distribution,Grid & Matrix,Line,Diagram,Point",0,0,0,1,1,1,1,0,1,0,0,0,5
v486_n7402_17_f2.png,1497.png,53.2,0,0,0,1,0,1,S,multipanel,"annotation(s),axes text",0,0,1,0,1,0,0,0,0,0,0,7,1,7,3,"Grid & Matrix,Bar,Diagram",0,1,0,1,0,1,0,0,0,0,0,0,3
wsj428.png,1498.png,24.5,1,0,0,0,1,0,N,single,"title(s),annotation(s)",0,0,0,1,1,0,0,0,0,0,1,4,1,1,1,Area,1,0,0,0,0,0,0,0,0,0,0,0,1
v484_n7393_2_f4.png,1499.png,76.9,0,0,0,1,0,1,S,multipanel,"text-only,caption(s),legend title,title(s),annotation(s)",0,0,0,1,1,1,0,1,1,0,0,12,2,6,12,"Diagram,Bar,Table",0,1,0,1,0,0,0,0,0,1,0,0,3
v485_n7398_18_f3.png,1500.png,68.2,0,0,0,1,0,1,S,multipanel,"axes labels,title(s),legend title",0,1,0,1,0,0,0,1,0,0,0,5,15,0,6,"Grid & Matrix,Distribution,Bar,Point",0,1,0,0,1,1,0,0,1,0,0,0,4
v483_n7391_13_f4.png,1501.png,27.3,0,0,0,1,1,0,S,single,"text-only,caption(s),axes text",0,0,1,0,0,1,0,0,1,0,0,4,0,0,1,Trees & Networks,0,0,0,0,0,0,0,0,0,0,0,1,1
vis229.png,1502.png,48.2,0,1,0,0,0,1,I,multipanel,"text-only,caption(s),title(s)",0,0,0,1,0,1,0,0,1,0,1,7,2,4,1,"Text,Table,Diagram",0,0,0,1,0,0,0,0,0,1,1,0,3
visMost397.png,1503.png,50.9,0,1,0,0,0,1,I,multipanel,"legend title,axes labels,annotation(s),title(s),caption(s)",0,1,0,1,1,1,0,1,0,0,1,16,3,3,34,"Circle,Text",0,0,1,0,0,0,0,0,0,0,1,0,2
economist_daily_chart_233.png,1504.png,33.5,1,0,0,0,0,1,N,multipanel,"text-only,legend title,title(s),axes labels",0,1,0,1,0,0,0,1,1,0,0,3,4,0,2,"Bar,Line",0,1,0,0,0,0,1,0,0,0,0,0,2
whoQ10_4.png,1505.png,18.2,0,0,1,0,1,0,G,single,"caption(s),axes text,legend text",0,0,1,0,0,1,1,0,0,0,1,3,4,0,1,Line,0,0,0,0,0,0,1,0,0,0,0,0,1
whoJ20_2.png,1506.png,16.5,0,0,1,0,1,0,G,single,"axes labels,caption(s),text-only,legend text",0,1,0,0,0,1,1,0,1,0,0,2,5,2,1,Bar,0,1,0,0,0,0,0,0,0,0,0,0,1
v484_n7394_16_f3.png,1507.png,58.6,0,0,0,1,0,1,S,multipanel,"axes labels,legend text",0,1,0,0,0,0,1,0,0,0,0,6,3,2,6,"Bar,Line",0,1,0,0,0,0,1,0,0,0,0,0,2
economist_daily_chart_227.png,1508.png,16.8,1,0,0,0,1,0,N,single,"axes labels,axes text,caption(s),title(s)",0,1,1,1,0,1,0,0,0,0,0,3,1,1,1,Bar,0,1,0,0,0,0,0,0,0,0,0,0,1
np_50.png,1509.png,75.9,1,0,0,0,0,1,N,multipanel,"legend title,annotation(s),title(s),text-only",0,0,0,1,1,0,0,1,1,0,0,4,4,3,2,"Map,Bar",0,1,0,0,0,0,0,1,0,0,0,0,2
whoJ43_1.png,1510.png,6.9,0,0,1,0,1,0,G,single,"axes text,annotation(s),legend text,title(s)",0,0,1,1,1,0,1,0,0,0,0,3,3,0,1,Circle,0,0,1,0,0,0,0,0,0,0,0,0,1
v487_n7408_23_f4.png,1511.png,51.8,0,0,0,1,1,0,S,single,"annotation(s),legend text",0,0,0,0,1,0,1,0,0,0,0,6,0,0,3,Diagram,0,0,0,1,0,0,0,0,0,0,0,0,1
visMost383.png,1512.png,53.7,0,1,0,0,0,1,I,multipanel,"axes labels,annotation(s),legend text,caption(s),title(s)",0,1,0,1,1,1,1,0,0,0,1,4,3,5,6,"Line,Circle",0,0,1,0,0,0,1,0,0,0,0,0,2
wsj399.png,1513.png,28.1,1,0,0,0,1,0,N,single,"axes text,legend title,annotation(s),title(s)",0,0,1,1,1,0,0,1,0,0,1,4,0,0,1,Diagram,0,0,0,1,0,0,0,0,0,0,0,0,1
v490_n7419_18_f4.png,1514.png,44.5,0,0,0,1,0,1,S,multipanel,"annotation(s),legend text,axes text",0,0,1,0,1,0,1,0,0,0,0,4,4,3,6,"Bar,Diagram,Line,Point",0,1,0,1,0,0,1,0,1,0,0,0,4
vis29.png,1515.png,42.9,0,1,0,0,0,1,I,multipanel,"axes text,title(s),legend text,caption(s)",0,0,1,1,0,1,1,0,0,0,1,8,0,6,8,"Diagram,Circle",0,0,1,1,0,0,0,0,0,0,0,0,2
vis598.png,1516.png,25.3,0,1,0,0,1,0,I,single,"text-only,annotation(s),axes labels,title(s)",0,1,0,1,1,0,0,0,1,0,1,4,0,0,1,Table,0,0,0,0,0,0,0,0,0,1,0,0,1
v488_n7410_4_f1.png,1517.png,73.7,0,0,0,1,0,1,S,multipanel,"axes text,legend text",0,0,1,0,0,0,1,0,0,0,0,9,5,0,4,"Grid & Matrix,Point",0,0,0,0,0,1,0,0,1,0,0,0,2
v484_n7395_10_f1.png,1518.png,48.8,0,0,0,1,0,1,S,multipanel,"text-only,caption(s),title(s)",0,0,0,1,0,1,0,0,1,0,0,5,3,12,3,"Diagram,Map",0,0,0,1,0,0,0,1,0,0,0,0,2
wsj602.png,1519.png,22.8,1,0,0,0,0,1,N,multipanel,"legend text,title(s),caption(s)",0,0,0,1,0,1,1,0,0,0,1,6,0,20,2,"Diagram,Text",0,0,0,1,0,0,0,0,0,0,1,0,2
visMost630.png,1520.png,34,0,1,0,0,0,1,I,multipanel,"legend title,annotation(s)",0,0,0,0,1,0,0,1,0,0,1,5,5,2,6,Table,0,0,0,0,0,0,0,0,0,1,0,0,1
vis765.png,1521.png,37.9,0,1,0,0,0,1,I,multipanel,"axes text,annotation(s),legend text,title(s)",0,0,1,1,1,0,1,0,0,0,1,9,5,6,8,"Bar,Circle,Map",0,1,1,0,0,0,0,1,0,0,0,0,3
whoL15.png,1522.png,32.8,0,0,1,0,1,0,G,single,annotation(s),0,0,0,0,1,0,0,0,0,0,0,6,0,5,1,Diagram,0,0,0,1,0,0,0,0,0,0,0,0,1
visMost156.png,1523.png,27.1,0,1,0,0,1,0,I,single,"annotation(s),title(s)",0,0,0,1,1,0,0,0,0,0,1,8,1,6,1,Diagram,0,0,0,1,0,0,0,0,0,0,0,0,1
v484_n7394_20_f2.png,1524.png,61.4,0,0,0,1,0,1,S,multipanel,"caption(s),axes text,legend text",0,0,1,0,0,1,1,0,0,0,0,5,0,0,4,Diagram,0,0,0,1,0,0,0,0,0,0,0,0,1
wsj164.png,1525.png,32.2,1,0,0,0,1,0,N,single,"title(s),caption(s),legend text",0,0,0,1,0,1,1,0,0,0,1,3,0,3,1,Diagram,0,0,0,1,0,0,0,0,0,0,0,0,1
wsj170.png,1526.png,27.2,1,0,0,0,1,0,N,single,"title(s),axes labels,legend text",0,1,0,1,0,0,1,0,0,0,1,2,1,1,1,Line,0,0,0,0,0,0,1,0,0,0,0,0,1
visMost624.png,1527.png,50.4,0,1,0,0,0,1,I,multipanel,"text-only,caption(s),axes text,title(s)",0,0,1,1,0,1,0,0,1,0,0,5,3,0,3,"Diagram,Line,Map",0,0,0,1,0,0,1,1,0,0,0,0,3
visMost59.png,1528.png,27.1,0,1,0,0,0,1,I,multipanel,"axes labels,annotation(s),legend title,title(s)",0,1,0,1,1,0,0,1,0,0,1,12,0,0,1,Table,0,0,0,0,0,0,0,0,0,1,0,0,1
vis771.png,1529.png,63.1,0,1,0,0,0,1,I,multipanel,"text-only,caption(s),axes text,title(s)",0,0,1,1,0,1,0,0,1,0,1,1,5,0,10,"Grid & Matrix,Bar",0,1,0,0,0,1,0,0,0,0,0,0,2
visMost71.png,1530.png,49.3,0,1,0,0,0,1,I,multipanel,"annotation(s),legend title,title(s)",0,0,0,1,1,0,0,1,0,0,1,7,2,16,7,"Bar,Diagram",0,1,0,1,0,0,0,0,0,0,0,0,2
vis981.png,1531.png,58.8,0,1,0,0,0,1,I,multipanel,"annotation(s),axes text,legend title,legend text, title(s)",0,0,1,1,1,0,1,1,0,0,1,7,0,6,1,Trees & Networks,0,0,0,0,0,0,0,0,0,0,0,1,1
vis759.png,1532.png,49.2,0,1,0,0,0,1,I,multipanel,"text-only,caption(s),axes text",0,0,1,0,0,1,0,0,1,0,0,4,7,0,3,"Bar,Distribution,Text",0,1,0,0,1,0,0,0,0,0,1,0,3
v489_n7414_20_f2.png,1533.png,59.1,0,0,0,1,0,1,S,multipanel,"axes labels,legend text",0,1,0,0,0,0,1,0,0,0,0,2,2,0,2,Point,0,0,0,0,0,0,0,0,1,0,0,0,1
v485_n7400_15_f1.png,1534.png,33.4,0,0,0,1,1,0,S,single,"axes labels,legend text",0,1,0,0,0,0,1,0,0,0,0,8,1,1,6,"Bar,Distribution",0,1,0,0,1,0,0,0,0,0,0,0,2
wsj158.png,1535.png,22.9,1,0,0,0,0,1,N,multipanel,"legend text,annotation(s),title(s),caption(s)",0,0,0,1,1,1,1,0,0,0,1,10,2,3,3,Circle,0,0,1,0,0,0,0,0,0,0,0,0,1
v488_n7413_7_f3.png,1536.png,60.5,0,0,0,1,0,1,S,multipanel,"title(s),axes text",0,0,1,1,0,0,0,0,0,0,0,5,3,4,5,"Grid & Matrix,Bar",0,1,0,0,0,1,0,0,0,0,0,0,2
v488_n7412_7_f3.png,1537.png,51,0,0,0,1,0,1,S,multipanel,axes text,0,0,1,0,0,0,0,0,0,0,1,5,0,0,9,Diagram,0,0,0,1,0,0,0,0,0,0,0,0,1
v482_n7386_1_f7.png,1538.png,61.5,0,0,0,1,0,1,S,multipanel,text-only,0,0,0,0,0,0,0,0,1,1,0,0,0,0,1,Text,0,0,0,0,0,0,0,0,0,0,1,0,1
visMost618.png,1539.png,39.8,0,1,0,0,0,1,I,multipanel,"legend title,annotation(s),axes text,title(s)",0,0,1,1,1,0,0,1,0,0,1,3,6,14,4,"Circle,Bar,Text",0,1,1,0,0,0,0,0,0,0,1,0,3
v487_n7407_22_f4.png,1540.png,53.6,0,0,0,1,1,0,S,single,"axes text,text-only",0,0,1,0,0,0,0,0,1,0,0,5,0,0,2,"Diagram,Trees & Networks",0,0,0,1,0,0,0,0,0,0,0,1,2
visMost65.png,1541.png,9.1,0,1,0,0,1,0,I,single,"text-only,title(s)",0,0,0,1,0,0,0,0,1,0,1,2,0,0,1,Trees & Networks,0,0,0,0,0,0,0,0,0,0,0,1,1
treasuryD14.png,1542.png,34.7,0,0,1,0,1,0,G,single,"title(s),caption(s),text-only",0,0,0,1,0,1,0,0,1,0,0,3,10,1,1,Table,0,0,0,0,0,0,0,0,0,1,0,0,1
economist_daily_chart_35.png,1543.png,32.8,1,0,0,0,1,0,N,single,"title(s),caption(s),legend text,axes text",0,0,1,1,0,1,1,0,0,0,0,3,2,3,1,Bar,0,1,0,0,0,0,0,0,0,0,0,0,1
v486_n7403_3_f2.png,1544.png,77.6,0,0,0,1,0,1,S,multipanel,"axes labels,annotation(s),legend text",0,1,0,0,1,0,1,0,0,0,0,8,2,16,7,"Area,Bar",1,1,0,0,0,0,0,0,0,0,0,0,2
v483_n7387_10_f2.png,1545.png,38.4,0,0,0,1,0,1,S,multipanel,"axes labels,annotation(s),legend text",0,1,0,0,1,0,1,0,0,1,0,0,2,2,2,Line,0,0,0,0,0,0,1,0,0,0,0,0,1
visMost195.png,1546.png,45.7,0,1,0,0,0,1,I,multipanel,"legend title,text-only,annotation(s),title(s)",0,0,0,1,1,0,0,1,1,0,0,7,2,3,2,"Circle,Table,Bar",0,1,1,0,0,0,0,0,0,1,0,0,3
visMost181.png,1547.png,16.3,0,1,0,0,1,0,I,single,"legend text,annotation(s),axes text",0,0,1,0,1,0,1,0,0,0,1,6,0,4,1,Diagram,0,0,0,1,0,0,0,0,0,0,0,0,1
v485_n7399_2_f3.png,1548.png,31.4,0,0,0,1,0,1,S,multipanel,"legend text,annotation(s),axes text,axes labels",0,1,1,0,1,0,1,0,0,0,0,4,5,2,3,"Area,Bar",1,1,0,0,0,0,0,0,0,0,0,0,2
v489_n7417_11_f2.png,1549.png,65.6,0,0,0,1,0,1,S,multipanel,"axes labels,axes text,legend text",0,1,1,0,0,0,1,0,0,0,0,1,9,7,1,Point,0,0,0,0,0,0,0,0,1,0,0,0,1
economist_daily_chart_21.png,1550.png,43.2,1,0,0,0,0,1,N,multipanel,"annotation(s),legend text,axes text",0,0,1,0,1,0,1,0,0,0,1,5,5,9,4,"Bar,Map,Table",0,1,0,0,0,0,0,1,0,1,0,0,3
v483_n7389_21_f1.png,1551.png,66.2,0,0,0,1,0,1,S,multipanel,"legend title,axes text,axes labels",0,1,1,0,0,0,0,1,0,0,0,5,9,6,11,"Grid & Matrix,Bar,Line,Point,Diagram",0,1,0,1,0,1,1,0,1,0,0,0,5
v489_n7416_2_f1.png,1552.png,50.4,0,0,0,1,0,1,S,multipanel,"legend text,annotation(s),axes text,axes labels",0,1,1,0,1,0,1,0,0,0,0,3,9,2,12,Bar,0,1,0,0,0,0,0,0,0,0,0,0,1
visMost817.png,1553.png,44.3,0,1,0,0,0,1,I,multipanel,"annotation(s),title(s),caption(s)",0,0,0,1,1,1,0,0,0,0,1,10,2,2,5,"Diagram,Table",0,0,0,1,0,0,0,0,0,1,0,0,2
vis942.png,1554.png,31.7,0,1,0,0,0,1,I,multipanel,"axes labels,title(s),annotation(s),axes text,caption(s)",0,1,1,1,1,1,0,0,0,0,1,5,4,2,6,"Circle,Bar,Table,Distribution,Point",0,1,1,0,1,0,0,0,1,1,0,0,5
v486_n7402_21_f3.png,1555.png,66.4,0,0,0,1,0,1,S,multipanel,"legend text,annotation(s),axes text",0,0,1,0,1,0,1,0,0,0,0,5,2,2,7,"Bar,Text,Diagram",0,1,0,1,0,0,0,0,0,0,1,0,3
visMost803.png,1556.png,39.7,0,1,0,0,0,1,I,multipanel,"axes text,annotation(s),legend text,title(s),caption(s)",0,0,1,1,1,1,1,0,0,0,1,7,3,4,8,"Circle,Line,Table",0,0,1,0,0,0,1,0,0,1,0,0,3
v486_n7404_7_f3.png,1557.png,75.6,0,0,0,1,0,1,S,multipanel,"legend text,annotation(s),title(s),legend title(s)",0,0,0,1,1,0,1,1,0,0,0,7,7,0,6,"Diagram,Area,Line",1,0,0,1,0,0,1,0,0,0,0,0,3
vis956.png,1558.png,32.1,0,1,0,0,1,0,I,single,"caption(s),annotation(s),title(s)",0,0,0,1,1,1,0,0,0,0,0,6,1,1,3,Diagram,0,0,0,1,0,0,0,0,0,0,0,0,1
economist_daily_chart_186.png,1559.png,40.1,1,0,0,0,1,0,N,single,"annotation(s),legend text,legend title",0,0,0,0,1,0,1,1,0,0,1,4,3,2,1,Map,0,0,0,0,0,0,0,1,0,0,0,0,1
treasuryD06_1.png,1560.png,33.2,0,0,1,0,1,0,G,single,"title(s),text-only,caption(s)",0,0,0,1,0,1,0,0,1,0,0,3,4,1,1,Table,0,0,0,0,0,0,0,0,0,1,0,0,1
vis611.png,1561.png,27.5,0,1,0,0,1,0,I,single,"caption(s),annotation(s),title(s)",0,0,0,1,1,1,0,0,0,0,1,4,1,0,1,"Diagram,Text",0,0,0,1,0,0,0,0,0,0,1,0,2
whoJ07.png,1562.png,39.3,0,0,1,0,0,1,G,multipanel,"annotation(s),legend title,title(s),caption(s),axes text,axes labels",0,1,1,1,1,1,0,1,0,0,0,7,2,3,4,"Bar,Map,Point",0,1,0,0,0,0,0,1,1,0,0,0,3
visMost744.png,1563.png,50.7,0,1,0,0,0,1,I,multipanel,"annotation(s),axes labels,axes text,caption(s),title(s)",0,1,1,1,1,1,0,0,0,0,1,6,8,2,13,"Bar,Diagram,Circle,Distribution",0,1,1,1,1,0,0,0,0,0,0,0,4
v484_n7392_18_f1.png,1564.png,64.1,0,0,0,1,0,1,S,multipanel,"axes text,annotation(s),axes labels,legend text",0,1,1,0,1,0,1,0,0,0,0,5,6,3,8,"Bar,Line,Point,Diagram,Table",0,1,0,1,0,0,1,0,1,1,0,0,5
vis177.png,1565.png,37.9,0,1,0,0,1,0,I,single,"title(s),annotation(s),caption(s)",0,0,0,1,1,1,0,0,0,0,1,4,1,1,1,Diagram,0,0,0,1,0,0,0,0,0,0,0,0,1
whoH01_2.png,1566.png,21.8,0,0,1,0,0,1,G,multipanel,"title(s),axes text,annotation(s),legend text,axes labels",0,1,1,1,1,0,1,0,0,0,1,5,2,1,1,Bar,0,1,0,0,0,0,0,0,0,0,0,0,1
vis163.png,1567.png,77,0,1,0,0,1,0,I,single,annotation(s),0,0,0,0,1,0,0,0,0,0,1,6,1,1,1,Trees & Networks,0,0,0,0,0,0,0,0,0,0,0,1,1
vis605.png,1568.png,61.9,0,1,0,0,0,1,I,multipanel,"caption(s),legend text,title(s),annotation(s)",0,0,0,1,1,1,1,0,0,0,1,9,6,3,7,"Table,Circle,Bar",0,1,1,0,0,0,0,0,0,1,0,0,3
v485_n7400_19_f1.png,1569.png,46.7,0,0,0,1,0,1,S,multipanel,"legend text,title(s),axes labels,axes text",0,1,1,1,0,0,1,0,0,0,0,4,2,2,2,"Bar,Table",0,1,0,0,0,0,0,0,0,1,0,0,2
economist_daily_chart_192.png,1570.png,12.4,1,0,0,0,0,1,N,multipanel,"axes text,annotation(s),legend text,title(s),caption(s)",0,0,1,1,1,1,1,0,0,0,1,2,2,2,2,Bar,0,1,0,0,0,0,0,0,0,0,0,0,1
v485_n7400_17_f4.png,1571.png,45.8,0,0,0,1,0,1,S,multipanel,annotation(s),0,0,0,0,1,0,0,0,0,0,0,6,0,1,2,Diagram,0,0,0,1,0,0,0,0,0,0,0,0,1
visMost778.png,1572.png,38.9,0,1,0,0,1,0,I,single,"annotation(s),caption(s)",0,0,0,0,1,1,0,0,0,0,0,3,0,0,1,Diagram,0,0,0,1,0,0,0,0,0,0,0,0,1
v488_n7413_5_f6.png,1573.png,61,0,0,0,1,0,1,S,multipanel,"caption(s),title(s),axes text",0,0,1,1,0,1,0,0,0,0,0,13,2,2,14,Distribution,0,0,0,0,1,0,0,0,0,0,0,0,1
v488_n7412_5_f6.png,1574.png,50.4,0,0,0,1,0,1,S,multipanel,"axes text,axes label(s),annotation(s)",0,0,1,0,1,0,0,0,0,0,0,4,4,1,3,"Line,Distribution,Diagram",0,0,0,1,1,0,1,0,0,0,0,0,3
v482_n7386_3_f2.png,1575.png,59.8,0,0,0,1,0,1,S,multipanel,"axes text,legend text",0,0,1,0,0,0,1,0,0,0,0,4,1,5,3,"Grid & Matrix,Table",0,0,0,0,0,1,0,0,0,1,0,0,2
v487_n7407_20_f1.png,1576.png,17.7,0,0,0,1,0,1,S,multipanel,"title(s),axes text,axes labels",0,1,1,1,0,0,0,0,0,0,0,4,4,0,2,Bar,0,1,0,0,0,0,0,0,0,0,0,0,1
vis639.png,1577.png,61.1,0,1,0,0,1,0,I,single,"title(s),caption(s)",0,0,0,1,0,1,0,0,0,0,1,6,0,2,1,Diagram,0,0,0,1,0,0,0,0,0,0,0,0,1
visMost787.png,1578.png,56.4,0,1,0,0,0,1,I,multipanel,"caption(s),annotation(s),axes text",0,0,1,0,1,1,0,0,0,0,1,7,1,1,5,"Diagram,Table",0,0,0,1,0,0,0,0,0,1,0,0,2
v486_n7403_1_f7.png,1579.png,23.7,0,0,0,1,1,0,S,single,"axes labels,axes text",0,1,1,0,0,0,0,0,0,1,0,0,2,0,1,"Distribution,Line",0,0,0,0,1,0,1,0,0,0,0,0,2
treasuryG07_1.png,1580.png,20.3,0,0,1,0,1,0,G,single,"caption(s),text-only,title(s)",0,0,0,1,0,1,0,0,1,1,0,0,3,1,1,Table,0,0,0,0,0,0,0,0,0,1,0,0,1
economist_daily_chart_145.png,1581.png,29.7,1,0,0,0,1,0,N,single,"caption(s),axes text,title(s),annotation(s)",0,0,1,1,1,1,0,0,0,0,0,6,1,1,5,"Circle,Table",0,0,1,0,0,0,0,0,0,1,0,0,2
v483_n7390_21_f2.png,1582.png,63.9,0,0,0,1,1,0,S,single,annotation(s),0,0,0,0,1,0,0,0,0,0,0,10,1,1,2,Diagram,0,0,0,1,0,0,0,0,0,0,0,0,1
v486_n7403_25_f4.png,1583.png,52.1,0,0,0,1,0,1,S,multipanel,"axes text,title(s),legend text,axes labels",0,1,1,1,0,0,1,0,0,0,0,11,2,3,12,Bar,0,1,0,0,0,0,0,0,0,0,0,0,1
treasuryB06.png,1584.png,33.5,0,0,1,0,0,1,G,multipanel,"title(s),axes text,annotation(s),caption(s)",0,0,1,1,1,1,0,0,0,0,0,5,3,1,2,"Area,Line,Point",1,0,0,0,0,0,1,0,1,0,0,0,3
treasuryB12.png,1585.png,29.8,0,0,1,0,0,1,G,multipanel,"annotation(s),axes text,title(s),caption(s)",0,0,1,1,1,1,0,0,0,0,0,4,3,1,2,"Area,Bar",1,1,0,0,0,0,0,0,0,0,0,0,2
v485_n7398_22_f2.png,1586.png,46.2,0,0,0,1,0,1,S,multipanel,"axes text,title(s),legend text,legend titles",0,0,1,1,0,0,1,1,0,0,1,2,3,2,5,Grid & Matrix,0,0,0,0,0,1,0,0,0,0,0,0,1
v486_n7402_1_f7.png,1587.png,48.8,0,0,0,1,0,1,S,multipanel,"legend text,axes text,axes labels",0,1,1,0,0,0,1,0,0,0,0,8,7,1,2,"Distribution,Line,Grid & Matrix",0,0,0,0,1,1,1,0,0,0,0,0,3
economist_daily_chart_151.png,1588.png,42.5,1,0,0,0,0,1,N,multipanel,"title(s),annotation(s),legend title,legend text,axes text,axes labels,caption(s)",0,1,1,1,1,1,1,1,0,0,1,6,3,3,2,"Bar,Point",0,1,0,0,0,0,0,0,1,0,0,0,2
visMost793.png,1589.png,20,0,1,0,0,0,1,I,multipanel,"title(s),caption(s)",0,0,0,1,0,1,0,0,0,0,1,7,0,2,2,"Table,Diagram",0,0,0,1,0,0,0,0,0,1,0,0,2
v488_n7409_1_f2.png,1590.png,83.1,0,0,0,1,0,1,S,multipanel,"axes text,legend title,legend text",0,0,1,0,0,0,1,1,0,0,0,6,4,3,2,"Distribution,Grid & Matrix,Table",0,0,0,0,1,1,0,0,0,1,0,0,3
economist_daily_chart_179.png,1591.png,9.4,1,0,0,0,1,0,N,single,"axes text,title(s),caption(s)",0,0,1,1,0,1,0,0,0,0,0,6,1,1,1,Bar,0,1,0,0,0,0,0,0,0,0,0,0,1
vis836.png,1592.png,57.2,0,1,0,0,0,1,I,multipanel,"text-only,legend title,annotation(s)",0,0,0,0,1,0,0,1,1,0,1,12,7,7,19,"Circle,Distribution,Table,Diagram",0,0,1,1,1,0,0,0,0,1,0,0,4
vis188.png,1593.png,29,0,1,0,0,1,0,I,single,"annotation(s),legend text,title(s),caption(s)",0,0,0,1,1,1,1,0,0,0,1,6,1,1,1,Map,0,0,0,0,0,0,0,1,0,0,0,0,1
v490_n7420_9_f5.png,1594.png,60,0,0,0,1,0,1,S,multipanel,"axes text,annotation(s),axes labels",0,1,1,0,1,0,0,0,0,0,0,6,8,1,4,"Grid & Matrix,Line,Diagram",0,0,0,1,0,1,1,0,0,0,0,0,3
v485_n7397_15_f3.png,1595.png,19.4,0,0,0,1,1,0,S,single,"text-only,caption(s)",0,0,0,0,0,1,0,0,1,1,0,0,4,0,1,Table,0,0,0,0,0,0,0,0,0,1,0,0,1
v487_n7405_17_f3.png,1596.png,79.3,0,0,0,1,0,1,S,multipanel,"axes labels,axes text,legend text,annotation(s)",0,1,1,0,1,0,1,0,0,0,0,6,11,4,14,"Bar,Circle,Point,Table,Diagram",0,1,1,1,0,0,0,0,1,1,0,0,5
v482_n7386_12_f1.png,1597.png,72.4,0,0,0,1,0,1,S,multipanel,"axes text,legend text,legend title,axes labels",0,1,1,0,0,0,1,1,0,0,0,3,3,5,5,"Grid & Matrix,Bar,Text",0,1,0,0,0,1,0,0,0,0,1,0,3
vis822.png,1598.png,55.3,0,1,0,0,0,1,I,multipanel,"annotation(s),title(s),legend text,caption(s),axes text",0,0,1,1,1,1,1,0,0,0,1,7,9,3,8,"Map,Bar,Table,Diagram",0,1,0,1,0,0,0,1,0,1,0,0,4
v490_n7419_1_f5.png,1599.png,49.4,0,0,0,1,1,0,S,single,annotation(s),0,0,0,0,1,0,0,0,0,0,0,2,0,1,1,Diagram,0,0,0,1,0,0,0,0,0,0,0,0,1
v486_n7401_2_f5.png,1600.png,71.5,0,0,0,1,0,1,S,multipanel,"legend text,annotation(s),title(s)",0,0,0,1,1,0,1,0,0,0,0,3,0,2,4,Diagram,0,0,0,1,0,0,0,0,0,0,0,0,1
wsj212.png,1601.png,33.8,1,0,0,0,0,1,N,multipanel,"title(s),caption(s),annotation(s),axes text,axes labels,legend text",0,1,1,1,1,1,1,0,0,0,1,3,3,2,2,"Bar,Map",0,1,0,0,0,0,0,1,0,0,0,0,2
vis375.png,1602.png,64.2,0,1,0,0,0,1,I,multipanel,"title(s),caption(s),axes text,legend text,annotation(s)",0,0,1,1,1,1,1,0,0,0,1,7,9,8,13,"Point,Bar,Table,Map,Diagram",0,1,0,1,0,0,0,1,1,1,0,0,5
v486_n7404_21_f4.png,1603.png,76.9,0,0,0,1,0,1,S,multipanel,"axes labels,axes text,legend text,annotation(s)",0,1,1,0,1,0,1,0,0,0,0,5,13,4,17,"Bar,Point,Line,Distribution",0,1,0,0,1,0,1,0,1,0,0,0,4
visMost220.png,1604.png,59.7,0,1,0,0,0,1,I,multipanel,"text-only,title(s)",0,0,0,1,0,0,0,0,1,0,1,5,0,1,1,Diagram,0,0,0,1,0,0,0,0,0,0,0,0,1
visMost546.png,1605.png,42,0,1,0,0,0,1,I,multipanel,"title(s),annotation(s),caption(s),axes text,axes labels",0,1,1,1,1,1,0,0,0,0,1,8,3,1,3,"Circle,Line,Map",0,0,1,0,0,0,1,1,0,0,0,0,3
whoH05.png,1606.png,7.8,0,0,1,0,0,1,G,multipanel,"title(s),axes text,axes labels,legend text,annotation(s)",0,1,1,1,1,0,1,0,0,0,1,4,1,1,1,Bar,0,1,0,0,0,0,0,0,0,0,0,0,1
vis413.png,1607.png,61.8,0,1,0,0,0,1,I,multipanel,"legend text,title(s),annotation(s),caption(s)",0,0,0,1,1,1,1,0,0,0,1,19,18,3,20,"Map,Table,Diagram",0,0,0,1,0,0,0,1,0,1,0,0,3
wsj574.png,1608.png,20,1,0,0,0,1,0,N,single,"title(s),annotation(s),caption(s)",0,0,0,1,1,1,0,0,0,0,1,3,0,1,1,Diagram,0,0,0,1,0,0,0,0,0,0,0,0,1
treasuryD04_3.png,1609.png,13.1,0,0,1,0,1,0,G,single,"title(s),text-only",0,0,0,1,0,0,0,0,1,0,1,2,1,1,1,Table,0,0,0,0,0,0,0,0,0,1,0,0,1
economist_daily_chart_384.png,1610.png,29.9,1,0,0,0,1,0,N,single,"title(s),annotation(s),caption(s)",0,0,0,1,1,1,0,0,0,0,1,9,2,1,2,Circle,0,0,1,0,0,0,0,0,0,0,0,0,1
wsj560.png,1611.png,29.5,1,0,0,0,1,0,N,single,"title(s),annotation(s),caption(s)",0,0,0,1,1,1,0,0,0,0,1,7,1,1,2,"Diagram,Distribution",0,0,0,1,1,0,0,0,0,0,0,0,2
economist_daily_chart_390.png,1612.png,26.4,1,0,0,0,1,0,N,single,"title(s),caption(s),legend text,axes text,axes labels",0,1,1,1,0,1,1,0,0,0,1,7,2,1,1,Line,0,0,0,0,0,0,1,0,0,0,0,0,1
visMost552.png,1613.png,54.4,0,1,0,0,0,1,I,multipanel,"axes labels,axes text,title(s),caption(s),legend text,annotation(s)",0,1,1,1,1,1,1,0,0,0,1,6,12,4,10,"Bar,Circle,Line,Table,Diagram,Area",1,1,1,1,0,0,1,0,0,1,0,0,6
vis407.png,1614.png,61.6,0,1,0,0,0,1,I,multipanel,caption(s),0,0,0,0,0,1,0,0,0,0,0,2,2,0,2,"Map,Distribution",0,0,0,0,1,0,0,1,0,0,0,0,2
vis361.png,1615.png,49.4,0,1,0,0,0,1,I,multipanel,"title(s),caption(s)",0,0,0,1,0,1,0,0,0,0,1,2,8,0,5,"Diagram,Table",0,0,0,1,0,0,0,0,0,1,0,0,2
visMost234.png,1616.png,57.8,0,1,0,0,1,0,I,single,"title(s),caption(s),annotation(s)",0,0,0,1,1,1,0,0,0,0,1,12,0,3,13,"Circle,Diagram",0,0,1,1,0,0,0,0,0,0,0,0,2
v483_n7390_17_f3.png,1617.png,84.8,0,0,0,1,0,1,S,multipanel,"axes labels,axes text,annotation(s),title(s),legend text",0,1,1,1,1,0,1,0,0,0,0,6,5,4,14,"Line,Bar,Diagram,Table",0,1,0,1,0,0,1,0,0,1,0,0,4
wsj206.png,1618.png,48.6,1,0,0,0,0,1,N,multipanel,"title(s),axes text,legend text,caption(s),annotation(s)",0,0,1,1,1,1,1,0,0,0,1,4,6,3,5,"Line,Circle,Bar",0,1,1,0,0,0,1,0,0,0,0,0,3
v488_n7411_19_f4.png,1619.png,67.4,0,0,0,1,0,1,S,multipanel,"axes labels,axes text,legend text,annotation(s)",0,1,1,0,1,0,1,0,0,0,0,4,4,2,7,"Bar,Diagram",0,1,0,1,0,0,0,0,0,0,0,0,2
v483_n7387_1_f3.png,1620.png,77.6,0,0,0,1,0,1,S,multipanel,"axes text,axes labels,annotation(s),legend text",0,1,1,0,1,0,1,0,0,0,0,2,6,2,10,"Point,Line,Diagram",0,0,0,1,0,0,1,0,1,0,0,0,3
vis349.png,1621.png,51.7,0,1,0,0,0,1,I,multipanel,"annotation(s),title(s),caption(s)",0,0,0,1,1,1,0,0,0,0,1,7,2,2,1,Diagram,0,0,0,1,0,0,0,0,0,0,0,0,1
v488_n7411_17_f1.png,1622.png,76.4,0,0,0,1,0,1,S,multipanel,"axes labels,axes text,annotation(s),title(s),legend text",0,1,1,1,1,0,1,0,0,0,0,2,4,3,12,"Line,Point,Table,Distribution",0,0,0,0,1,0,1,0,1,1,0,0,4
wsj548.png,1623.png,31.7,1,0,0,0,1,0,N,single,"title(s),annotation(s),legend text,caption(s)",0,0,0,1,1,1,1,0,0,0,1,1,1,1,1,Map,0,0,0,0,0,0,0,1,0,0,0,0,1
v489_n7414_3_f6.png,1624.png,70.5,0,0,0,1,0,1,S,multipanel,"axes text,axes labels",0,1,1,0,0,0,0,0,0,0,0,7,2,3,6,"Bar,Distribution,Table",0,1,0,0,1,0,0,0,0,1,0,0,3
v487_n7405_21_f2.png,1625.png,57.8,0,0,0,1,1,0,S,single,"axes text,axes labels",0,1,1,0,0,0,0,0,0,0,0,4,4,1,2,"Line,Diagram",0,0,0,1,0,0,1,0,0,0,0,0,2
v485_n7397_23_f2.png,1626.png,63,0,0,0,1,0,1,S,multipanel,axes text,0,0,1,0,0,0,0,0,0,0,0,4,0,2,3,Table,0,0,0,0,0,0,0,0,0,1,0,0,1
v483_n7391_11_f1.png,1627.png,67.6,0,0,0,1,0,1,S,multipanel,"axes text,axes labels,annotation(s),legend text,legend title",0,1,1,0,1,0,1,1,0,0,0,7,5,1,5,"Area,Diagram",1,0,0,1,0,0,0,0,0,0,0,0,2
wsj16.png,1628.png,34,1,0,0,0,0,1,N,multipanel,"axes text,annotation(s),caption(s),title(s)",0,0,1,1,1,1,0,0,0,0,1,4,2,1,2,Line,0,0,0,0,0,0,1,0,0,0,0,0,1
visMost208.png,1629.png,72.9,0,1,0,0,0,1,I,multipanel,"axes text,title(s),annotation(s),caption(s),legend text",0,0,1,1,1,1,1,0,0,0,1,10,4,1,16,"Diagram,Bar,Distribution,Point",0,1,0,1,1,0,0,0,1,0,0,0,4
whoQ30_1.png,1630.png,64.4,0,0,1,0,1,0,G,single,"caption(s),legend text,axes text,axes labels,title(s)",0,1,1,1,0,1,1,0,0,0,0,2,1,1,1,Point,0,0,0,0,0,0,0,0,1,0,0,0,1
economist_daily_chart_421.png,1631.png,36.8,1,0,0,0,1,0,N,single,"title(s),axes labels,axes text,caption(s),annotation(s)",0,1,1,1,1,1,0,0,0,0,1,7,1,2,1,Bar,0,1,0,0,0,0,0,0,0,0,0,0,1
v488_n7410_8_f1.png,1632.png,45.8,0,0,0,1,0,1,S,multipanel,"axes text,axes labels,legend text",0,1,1,0,0,0,1,0,0,0,0,3,4,2,3,"Line,Distribution",0,0,0,0,1,0,1,0,0,0,0,0,2
economist_daily_chart_347.png,1633.png,30,1,0,0,0,0,1,N,multipanel,"axes text,caption(s),annotation(s),title(s)",0,0,1,1,1,1,0,0,0,0,1,4,3,1,2,Bar,0,1,0,0,0,0,0,0,0,0,0,0,1
visMost585.png,1634.png,53.8,0,1,0,0,0,1,I,multipanel,"axes text,title(s),caption(s)",0,0,1,1,0,1,0,0,0,0,1,7,7,3,12,"Line,Bar,Table,Diagram",0,1,0,1,0,0,1,0,0,1,0,0,4
visMost591.png,1635.png,49.1,0,1,0,0,0,1,I,multipanel,"axes text,annotation(s),title(s),caption(s)",0,0,1,1,1,1,0,0,0,0,1,7,12,7,12,"Bar,Circle,Area",1,1,1,0,0,0,0,0,0,0,0,0,3
whoQ53_2.png,1636.png,5,0,0,1,0,1,0,G,single,"title(s),axes text",0,0,1,1,0,0,0,0,0,1,0,0,1,1,1,Bar,0,1,0,0,0,0,0,0,0,0,0,0,1
v487_n7408_21_f1.png,1637.png,68.1,0,0,0,1,0,1,S,multipanel,"title(s),axes text,axes labels,legend text",0,1,1,1,0,0,1,0,0,0,1,3,2,9,4,"Table,Line",0,0,0,0,0,0,1,0,0,1,0,0,2
economist_daily_chart_353.png,1638.png,29,1,0,0,0,0,1,N,multipanel,"title(s),caption(s),annotation(s),axes text,legend text,axes labels",0,1,1,1,1,1,1,0,0,0,1,4,3,2,2,Bar,0,1,0,0,0,0,0,0,0,0,0,0,1
economist_daily_chart_435.png,1639.png,12.5,1,0,0,0,0,1,N,multipanel,"title(s),axes text,axes labels,caption(s)",0,1,1,1,0,1,0,0,0,0,1,4,1,2,2,Bar,0,1,0,0,0,0,0,0,0,0,0,0,1
v489_n7415_12_f4.png,1640.png,31,0,0,0,1,0,1,S,multipanel,"axes text,annotation(s),axes labels,title(s)",0,1,1,1,1,0,0,0,0,0,0,4,2,3,2,"Bar,Map",0,1,0,0,0,0,0,1,0,0,0,0,2
v488_n7411_8_f1.png,1641.png,61.5,0,0,0,1,1,0,S,single,"annotation(s),axes text,axes labels",0,1,1,0,1,0,0,0,0,0,0,6,2,2,2,"Line,Diagram",0,0,0,1,0,0,1,0,0,0,0,0,2
v487_n7405_9_f2.png,1642.png,70.6,0,0,0,1,1,0,S,single,annotation(s),0,0,0,0,1,0,0,0,0,0,1,4,2,1,2,"Area,Line",1,0,0,0,0,0,1,0,0,0,0,0,2
v488_n7411_6_f4.png,1643.png,45.8,0,0,0,1,1,0,S,single,"axes labels,axes text,annotation(s),legend text",0,1,1,0,1,0,1,0,0,0,0,4,3,2,1,Line,0,0,0,0,0,0,1,0,0,0,0,0,1
whoF22.png,1644.png,41,0,0,1,0,0,1,G,multipanel,"title(s),caption(s),text-only",0,0,0,1,0,1,0,0,1,0,1,2,2,1,1,Table,0,0,0,0,0,0,0,0,0,1,0,0,1
whoQ13.png,1645.png,35,0,0,1,0,1,0,G,single,"caption(s),legend text,title(s)",0,0,0,1,0,1,1,0,0,0,0,2,0,1,1,Map,0,0,0,0,0,0,0,1,0,0,0,0,1
whoQ07.png,1646.png,16.8,0,0,1,0,1,0,G,single,"title(s),caption(s),text-only",0,0,0,1,0,1,0,0,1,0,0,1,7,1,1,Table,0,0,0,0,0,0,0,0,0,1,0,0,1
v484_n7395_12_f4.png,1647.png,68.4,0,0,0,1,0,1,S,multipanel,"legend text,axes text,axes labels,annotation(s)",0,1,1,0,1,0,1,0,0,0,0,9,2,1,4,Point,0,0,0,0,0,0,0,0,1,0,0,0,1
v485_n7396_5_f3.png,1648.png,63.7,0,0,0,1,0,1,S,multipanel,"axes labels,axes text,legend text",0,1,1,0,0,0,1,0,0,1,0,0,5,4,5,"Bar,Table",0,1,0,0,0,0,0,0,0,1,0,0,2
economist_daily_chart_409.png,1649.png,22.8,1,0,0,0,1,0,N,single,"axes text,caption(s),legend text,title(s)",0,0,1,1,0,1,1,0,0,0,1,3,1,2,1,Bar,0,1,0,0,0,0,0,0,0,0,0,0,1
v488_n7413_20_f3.png,1650.png,70.4,0,0,0,1,0,1,S,multipanel,"axes text,axes labels,annotation(s),title(s)",0,1,1,1,1,0,0,0,0,1,0,0,2,6,4,"Table,Bar",0,1,0,0,0,0,0,0,0,1,0,0,2
v488_n7413_20_f2.png,1651.png,78.5,0,0,0,1,0,1,S,multipanel,"axes text,axes labels,legend text",0,1,1,0,0,0,1,0,0,1,0,0,4,5,10,"Bar,Table",0,1,0,0,0,0,0,0,0,1,0,0,2
economist_daily_chart_408.png,1652.png,29.4,1,0,0,0,1,0,N,single,"title(s),axes text,legend text,caption(s),annotation(s)",0,0,1,1,1,1,1,0,0,0,0,2,1,2,1,Bar,0,1,0,0,0,0,0,0,0,0,0,0,1
v485_n7396_5_f2.png,1653.png,78.2,0,0,0,1,0,1,S,multipanel,"axes text,axes labels,legend text",0,1,1,0,0,0,1,0,0,1,0,0,9,4,12,"Bar,Table",0,1,0,0,0,0,0,0,0,1,0,0,2
v485_n7400_21_f4.png,1654.png,65.9,0,0,0,1,0,1,S,multipanel,"axes text,axes labels,legend text,annotation(s)",0,1,1,0,1,0,1,0,0,0,0,3,6,5,11,"Bar,Line,Diagram",0,1,0,1,0,0,1,0,0,0,0,0,3
v488_n7411_6_f5.png,1655.png,26.2,0,0,0,1,1,0,S,single,"axes labels,axes text",0,1,1,0,0,0,0,0,0,1,0,0,2,0,1,"Point,Line",0,0,0,0,0,0,1,0,1,0,0,0,2
v487_n7405_9_f3.png,1656.png,70.7,0,0,0,1,0,1,S,multipanel,"axes text,axes labels,annotation(s)",0,1,1,0,1,0,0,0,0,0,0,5,6,1,3,"Line,Point,Area",1,0,0,0,0,0,1,0,1,0,0,0,3
v484_n7392_20_f4.png,1657.png,79.6,0,0,0,1,0,1,S,multipanel,"axes text,axes labels,annotation(s)",0,1,1,0,1,0,0,0,0,0,0,7,2,3,9,"Table,Bar,Diagram",0,1,0,1,0,0,0,0,0,1,0,0,3
v485_n7397_5_f2.png,1658.png,39.5,0,0,0,1,1,0,S,single,"axes labels,axes text",0,1,1,0,0,0,0,0,0,1,0,0,2,0,1,Line,0,0,0,0,0,0,1,0,0,0,0,0,1
economist_daily_chart_352.png,1659.png,26.9,1,0,0,0,1,0,N,single,"text-only,title(s),caption(s)",0,0,0,1,0,1,0,0,1,0,1,2,2,3,1,Table,0,0,0,0,0,0,0,0,0,1,0,0,1
whoC04_1.png,1660.png,16.1,0,0,1,0,0,1,G,multipanel,"title(s),axes labels,axes text",0,1,1,1,0,0,0,0,0,0,0,3,2,1,1,Bar,0,1,0,0,0,0,0,0,0,0,0,0,1
visMost590.png,1661.png,46.6,0,1,0,0,0,1,I,multipanel,"title(s),annotation(s),caption(s)",0,0,0,1,1,1,0,0,0,0,1,8,1,2,1,Diagram,0,0,0,1,0,0,0,0,0,0,0,0,1
v489_n7415_12_f5.png,1662.png,18.1,0,0,0,1,1,0,S,single,"axes text,legend text,axes labels",0,1,1,0,0,0,1,0,0,0,0,2,1,2,1,Bar,0,1,0,0,0,0,0,0,0,0,0,0,1
economist_daily_chart_434.png,1663.png,17.8,1,0,0,0,1,0,N,single,"title(s),axes text,annotation(s),caption(s)",0,0,1,1,1,1,0,0,0,0,1,2,1,2,1,Bar,0,1,0,0,0,0,0,0,0,0,0,0,1
economist_daily_chart_420.png,1664.png,29.2,1,0,0,0,1,0,N,single,"title(s),caption(s),annotation(s),axes text,axes labels",0,1,1,1,1,1,0,0,0,0,1,2,2,1,1,Point,0,0,0,0,0,0,0,0,1,0,0,0,1
whoK24_2.png,1665.png,37.6,0,0,1,0,1,0,G,single,"title(s),caption(s),legend text,axes text,annotation(s)",0,0,1,1,1,1,1,0,0,0,0,3,1,3,1,Bar,0,1,0,0,0,0,0,0,0,0,0,0,1
visMost584.png,1666.png,42.4,0,1,0,0,0,1,I,multipanel,"caption(s),annotation(s),title(s)",0,0,0,1,1,1,0,0,0,0,1,10,3,3,5,"Table,Circle,Distribution,Diagram",0,0,1,1,1,0,0,0,0,1,0,0,4
treasuryG05_2.png,1667.png,32.1,0,0,1,0,1,0,G,single,"title(s),legend text,axes text,annotation(s),caption(s),axes labels",0,1,1,1,1,1,1,0,0,0,0,6,3,1,1,Line,0,0,0,0,0,0,1,0,0,0,0,0,1
v487_n7405_21_f3.png,1668.png,79.8,0,0,0,1,0,1,S,multipanel,annotation(s),0,0,0,0,1,0,0,0,0,0,0,5,1,0,3,Diagram,0,0,0,1,0,0,0,0,0,0,0,0,1
visMost209.png,1669.png,55,0,1,0,0,1,0,I,single,"title(s),caption(s),annotation(s),axes text",0,0,1,1,1,1,0,0,0,0,1,7,1,2,3,"Table,Diagram",0,0,0,1,0,0,0,0,0,1,0,0,2
wsj17.png,1670.png,61.9,1,0,0,0,0,1,N,multipanel,"title(s),annotation(s),caption(s)",0,0,0,1,1,1,0,0,0,0,0,3,2,1,3,"Area,Diagram",1,0,0,1,0,0,0,0,0,0,0,0,2
v487_n7408_1_f1.png,1671.png,88.1,0,0,0,1,0,1,S,multipanel,"axes text,axes labels,legend text,annotation(s)",0,1,1,0,1,0,1,0,0,0,0,6,6,5,8,"Bar,Distribution,Table",0,1,0,0,1,0,0,0,0,1,0,0,3
vis348.png,1672.png,48.1,0,1,0,0,0,1,I,multipanel,"annotation(s),title(s),caption(s),axes text",0,0,1,1,1,1,0,0,0,0,0,5,8,3,10,"Bar,Map,Circle,Diagram,Table",0,1,1,1,0,0,0,1,0,1,0,0,5
v489_n7414_3_f7.png,1673.png,71.4,0,0,0,1,0,1,S,multipanel,"legend text,axes text,axes labels,annotation(s)",0,1,1,0,1,0,1,0,0,0,0,6,4,3,3,"Bar,Point,Distribution",0,1,0,0,1,0,0,0,1,0,0,0,3
wsj549.png,1674.png,10.2,1,0,0,0,1,0,N,single,"title(s),caption(s),axes text,annotation(s)",0,0,1,1,1,1,0,0,0,0,1,3,2,0,1,Bar,0,1,0,0,0,0,0,0,0,0,0,0,1
vis406.png,1675.png,54.4,0,1,0,0,0,1,I,multipanel,"title(s),axes text,axes labels,annotation(s),caption(s)",0,1,1,1,1,1,0,0,0,0,1,6,5,2,4,"Bar,Point,Circle,Diagram",0,1,1,1,0,0,0,0,1,0,0,0,4
visMost553.png,1676.png,63.2,0,1,0,0,0,1,I,multipanel,"annotation(s),axes text,title(s),caption(s),legend text",0,0,1,1,1,1,1,0,0,0,1,5,3,2,4,"Diagram,Bar,Table",0,1,0,1,0,0,0,0,0,1,0,0,3
v483_n7391_3_f1.png,1677.png,49.2,0,0,0,1,1,0,S,single,"annotation(s),legend text,axes text",0,0,1,0,1,0,1,0,0,0,1,3,20,4,1,Map,0,0,0,0,0,0,0,1,0,0,0,0,1
economist_daily_chart_391.png,1678.png,9.3,1,0,0,0,1,0,N,single,"title(s),caption(s),axes text,annotation(s)",0,0,1,1,1,1,0,0,0,0,1,3,20,1,1,Bar,0,1,0,0,0,0,0,0,0,0,0,0,1
wsj561.png,1679.png,35.9,1,0,0,0,1,0,N,single,"title(s),text-only,caption(s),annotation(s),axes text",0,0,1,1,1,1,0,0,1,0,1,4,0,2,1,Diagram,0,0,0,1,0,0,0,0,0,0,0,0,1
v483_n7387_1_f2.png,1680.png,66.2,0,0,0,1,0,1,S,multipanel,"axes text,axes labels,title(s),legend text,title(s)",0,1,1,1,0,0,1,0,0,0,0,2,8,1,12,"Point,Distribution,Line",0,0,0,0,1,0,1,0,1,0,0,0,3
wsj207.png,1681.png,47.7,1,0,0,0,1,0,N,single,"title(s),annotation(s),caption(s),axes text",0,0,1,1,1,1,0,0,0,0,1,7,1,1,1,Diagram,0,0,0,1,0,0,0,0,0,0,0,0,1
v483_n7390_17_f2.png,1682.png,68,0,0,0,1,0,1,S,multipanel,"title(s),legend text,axes text,axes labels,annotation(s)",0,1,1,1,1,0,1,0,0,0,0,5,5,4,10,"Bar,Diagram",0,1,0,1,0,0,0,0,0,0,0,0,2
visMost235.png,1683.png,77,0,1,0,0,1,0,I,single,"caption(s),annotation(s),title(s),axes text",0,0,1,1,1,1,0,0,0,0,1,10,0,3,1,"Trees & Networks,Diagram",0,0,0,1,0,0,0,0,0,0,0,1,2
vis360.png,1684.png,50.3,0,1,0,0,0,1,I,multipanel,"annotation(s),title(s),caption(s),axes text,axes labels",0,1,1,1,1,1,0,0,0,0,1,11,2,3,3,"Circle,Line,Table",0,0,1,0,0,0,1,0,0,1,0,0,3
visMost221.png,1685.png,72.3,0,1,0,0,0,1,I,multipanel,"axes text,title(s),caption(s),annotation(s)",0,0,1,1,1,1,0,0,0,0,1,8,6,5,9,"Point,Diagram,Map,Area,Table",1,0,0,1,0,0,0,1,1,1,0,0,5
treasuryL02_2.png,1686.png,18.4,0,0,1,0,1,0,G,single,"title(s),axes labels,axes text,legend text,caption(s)",0,1,1,1,0,1,1,0,0,0,0,4,1,1,1,Point,0,0,0,0,0,0,0,0,1,0,0,0,1
v483_n7390_3_f1.png,1687.png,74.8,0,0,0,1,0,1,S,multipanel,"axes labels,axes text,caption(s),annotation(s),title(s)",0,1,1,1,1,1,0,0,0,0,0,9,2,6,12,"Table,Diagram",0,0,0,1,0,0,0,0,0,1,0,0,2
vis374.png,1688.png,56.6,0,1,0,0,0,1,I,multipanel,"title(s),axes text,caption(s),annotation(s)",0,0,1,1,1,1,0,0,0,0,1,5,5,6,5,"Circle,Diagram,Table,Bar",0,1,1,1,0,0,0,0,0,1,0,0,4
wsj213.png,1689.png,23,1,0,0,0,1,0,N,single,"title(s),axes text,annotation(s),caption(s)",0,0,1,1,1,1,0,0,0,0,1,2,2,1,1,Bar,0,1,0,0,0,0,0,0,0,0,0,0,1
v486_n7401_2_f4.png,1690.png,75.4,0,0,0,1,0,1,S,multipanel,"axes text,axes labels,title(s),legend text,annotation(s)",0,1,1,1,1,0,1,0,0,0,0,12,6,4,11,"Bar,Point,Grid & Matrix,Diagram",0,1,0,1,0,1,0,0,1,0,0,0,4
economist_daily_chart_385.png,1691.png,35.4,1,0,0,0,0,1,N,multipanel,"title(s),axes text,annotation(s),caption(s)",0,0,1,1,1,1,0,0,0,0,1,9,4,3,3,"Bar,Circle,Line",0,1,1,0,0,0,1,0,0,0,0,0,3
wsj575.png,1692.png,47.7,1,0,0,0,0,1,N,multipanel,"title(s),annotation(s),axes labels,axes text,caption(s),legend text",0,1,1,1,1,1,1,0,0,0,1,3,2,0,8,Area,1,0,0,0,0,0,0,0,0,0,0,0,1
treasuryD04_2.png,1693.png,30.3,0,0,1,0,0,1,G,multipanel,"axes text,axes labels,annotation(s),legend text,title(s)",0,1,1,1,1,0,1,0,0,0,1,4,4,1,2,"Bar,Line,Table",0,1,0,0,0,0,1,0,0,1,0,0,3
vis412.png,1694.png,29.9,0,1,0,0,0,1,I,multipanel,"title(s),axes text,annotation(s),caption(s)",0,0,1,1,1,1,0,0,0,0,1,6,4,2,5,"Circle,Diagram,Bar",0,1,1,1,0,0,0,0,0,0,0,0,3
visMost547.png,1695.png,64.9,0,1,0,0,1,0,I,single,"legend text,annotation(s),axes text,caption(s)",0,0,1,0,1,1,1,0,0,0,1,5,2,1,2,"Table,Area",1,0,0,0,0,0,0,0,0,1,0,0,2
v489_n7416_15_f4.png,1696.png,30.6,0,0,0,1,0,1,S,multipanel,"axes text,axes labels,title(s)",0,1,1,1,0,0,0,0,0,1,0,0,1,2,3,Bar,0,1,0,0,0,0,0,0,0,0,0,0,1
v488_n7411_21_f1.png,1697.png,64.2,0,0,0,1,0,1,S,multipanel,"axes labels,axes text,annotation(s),title(s)",0,1,1,1,1,0,0,0,0,0,0,6,6,5,8,"Bar,Point,Area",1,1,0,0,0,0,0,0,1,0,0,0,3
v490_n7419_1_f4.png,1698.png,58.1,0,0,0,1,0,1,S,multipanel,"axes text,annotation(s),axes labels",0,1,1,0,1,0,0,0,0,1,0,0,5,1,2,"Diagram,Line",0,0,0,1,0,0,1,0,0,0,0,0,2
vis823.png,1699.png,47.8,0,1,0,0,0,1,I,multipanel,"title(s),caption(s),annotation(s)",0,0,0,1,1,1,0,0,0,0,1,5,5,2,4,Diagram,0,0,0,1,0,0,0,0,0,0,0,0,1
v486_n7404_19_f1.png,1700.png,84.9,0,0,0,1,0,1,S,multipanel,"axes text,axes labels,legend text,title(s),annotation(s)",0,1,1,1,1,0,1,0,0,1,0,0,2,5,7,"Bar,Grid & Matrix,Diagram",0,1,0,1,0,1,0,0,0,0,0,0,3
vis837.png,1701.png,15.3,0,1,0,0,1,0,I,single,"title(s),legend text,caption(s)",0,0,0,1,0,1,1,0,0,0,1,8,1,1,1,"Circle,Area",1,0,1,0,0,0,0,0,0,0,0,0,2
economist_daily_chart_178.png,1702.png,7.5,1,0,0,0,1,0,N,single,"title(s),caption(s),axes text,annotation(s)",0,0,1,1,1,1,0,0,0,0,0,1,2,0,1,Bar,0,1,0,0,0,0,0,0,0,0,0,0,1
v490_n7418_1_f4.png,1703.png,48.9,0,0,0,1,0,1,S,multipanel,"axes labels,axes text,legend text,title(s),annotation(s)",0,1,1,1,1,0,1,0,0,0,0,18,3,2,9,"Bar,Circle,Point,Diagram",0,1,1,1,0,0,0,0,1,0,0,0,4
v487_n7405_17_f2.png,1704.png,66.1,0,0,0,1,0,1,S,multipanel,"axes text,axes labels,legend text,annotation(s),title(s)",0,1,1,1,1,0,1,0,0,1,0,0,9,4,10,"Point,Area,Distribution,Bar",1,1,0,0,1,0,0,0,1,0,0,0,4
v485_n7397_15_f2.png,1705.png,83.4,0,0,0,1,1,0,S,single,"annotation(s),axes text",0,0,1,0,1,0,0,0,0,0,0,7,0,4,1,Trees & Networks,0,0,0,0,0,0,0,0,0,0,0,1,1
vis189.png,1706.png,69.2,0,1,0,0,0,1,I,multipanel,"title(s),annotation(s),caption(s),axes text",0,0,1,1,1,1,0,0,0,0,1,17,1,6,6,"Circle,Map,Diagram,Table,Bar",0,1,1,1,0,0,0,1,0,1,0,0,5
v490_n7420_7_f1.png,1707.png,34.7,0,0,0,1,1,0,S,single,"legend text,axes text,axes labels",0,1,1,0,0,0,1,0,0,0,0,3,2,1,1,Point,0,0,0,0,0,0,0,0,1,0,0,0,1
whoQ14_1.png,1708.png,12.6,0,0,1,0,1,0,G,single,"title(s),axes text,axes labels,text-only",0,1,1,1,0,0,0,0,1,0,1,2,1,2,1,Table,0,0,0,0,0,0,0,0,0,1,0,0,1
v485_n7398_22_f3.png,1709.png,61.3,0,0,0,1,0,1,S,multipanel,"axes text,axes labels,title(s)",0,1,1,1,0,0,0,0,0,0,0,2,1,1,6,"Grid & Matrix,Area",1,0,0,0,0,1,0,0,0,0,0,0,2
treasuryB13.png,1710.png,17.8,0,0,1,0,1,0,G,single,"title(s),annotation(s),caption(s),axes text",0,0,1,1,1,1,0,0,0,0,0,6,1,2,1,Bar,0,1,0,0,0,0,0,0,0,0,0,0,1
v488_n7409_1_f3.png,1711.png,84.6,0,0,0,1,0,1,S,multipanel,"legend text,legend title,annotation(s),axes text,axes labels",0,1,1,0,1,0,1,1,0,0,1,11,3,6,14,"Grid & Matrix,Bar,Diagram,Distribution,Table",0,1,0,1,1,1,0,0,0,1,0,0,5
visMost792.png,1712.png,43,0,1,0,0,0,1,I,multipanel,"title(s),annotation(s),caption(s),legend text",0,0,0,1,1,1,1,0,0,0,0,7,1,0,2,Map,0,0,0,0,0,0,0,1,0,0,0,0,1
whoQ51_1.png,1713.png,15.5,0,0,1,0,1,0,G,single,"title(s),legend text,axes text",0,0,1,1,0,0,1,0,0,0,0,3,1,2,1,Bar,0,1,0,0,0,0,0,0,0,0,0,0,1
economist_daily_chart_150.png,1714.png,19,1,0,0,0,1,0,N,single,"title(s),caption(s),axes text,annotation(s)",0,0,1,1,1,1,0,0,0,0,0,4,2,1,1,Bar,0,1,0,0,0,0,0,0,0,0,0,0,1
v483_n7390_21_f3.png,1715.png,84.6,0,0,0,1,0,1,S,multipanel,"annotation(s),title(s),axes text",0,0,1,1,1,0,0,0,0,0,0,9,1,2,5,Diagram,0,0,0,1,0,0,0,0,0,0,0,0,1
economist_daily_chart_144.png,1716.png,41.1,1,0,0,0,0,1,N,multipanel,"title(s),legend text,caption(s),annotation(s)",0,0,0,1,1,1,1,0,0,0,0,7,1,1,2,Map,0,0,0,0,0,0,0,1,0,0,0,0,1
visMost786.png,1717.png,30.2,0,1,0,0,1,0,I,single,"title(s),annotation(s)",0,0,0,1,1,0,0,0,0,0,0,4,2,1,1,"Circle,Area",1,0,1,0,0,0,0,0,0,0,0,0,2
treasuryB07.png,1718.png,29.2,0,0,1,0,0,1,G,multipanel,"title(s),caption(s),annotation(s),axes text",0,0,1,1,1,1,0,0,0,0,0,5,3,0,2,"Bar,Line",0,1,0,0,0,0,1,0,0,0,0,0,2
whoQ32_2.png,1719.png,27.4,0,0,1,0,1,0,G,single,"caption(s),axes text,axes labels,title(s)",0,1,1,1,0,1,0,0,0,0,0,1,2,0,1,Point,0,0,0,0,0,0,0,0,1,0,0,0,1
v486_n7403_25_f5.png,1720.png,78.3,0,0,0,1,0,1,S,multipanel,"axes labels,axes text,legend text,title(s)",0,1,1,1,0,0,1,0,0,0,0,6,2,1,2,"Point,Table",0,0,0,0,0,0,0,0,1,1,0,0,2
v487_n7408_19_f4.png,1721.png,52.8,0,0,0,1,1,0,S,single,"annotation(s),title(s),legend text",0,0,0,1,1,0,1,0,0,0,0,4,0,3,1,Diagram,0,0,0,1,0,0,0,0,0,0,0,0,1
v482_n7386_3_f3.png,1722.png,80.9,0,0,0,1,0,1,S,multipanel,"axes labels,axes text,title(s),annotation(s),legend text",0,1,1,1,1,0,1,0,0,0,0,6,1,6,22,"Grid & Matrix,Diagram,Table",0,0,0,1,0,1,0,0,0,1,0,0,3
vis638.png,1723.png,55.7,0,1,0,0,0,1,I,multipanel,"axes text,title(s),axes labels,legend text,caption(s)",0,1,1,1,0,1,1,0,0,0,1,12,16,10,11,"Bar,Line,Diagram,Distribution,Table,Circle",0,1,1,1,1,0,1,0,0,1,0,0,6
visMost779.png,1724.png,45.3,0,1,0,0,0,1,I,multipanel,"title(s),annotation(s),axes text,caption(s)",0,0,1,1,1,1,0,0,0,0,1,5,6,3,8,"Map,Line,Bar,Distriution",0,1,0,0,0,0,1,1,0,0,0,0,3
vis162.png,1725.png,42.3,0,1,0,0,0,1,I,multipanel,"title(s),caption(s),annotation(s),axes text",0,0,1,1,1,1,0,0,0,0,1,10,4,6,6,"Map,Area,Circle,Table",1,0,1,0,0,0,0,1,0,1,0,0,4
economist_daily_chart_193.png,1726.png,32.4,1,0,0,0,0,1,N,multipanel,"title(s),caption(s),axes text",0,0,1,1,0,1,0,0,0,0,0,4,1,1,1,Bar,0,1,0,0,0,0,0,0,0,0,0,0,1
visMost751.png,1727.png,43.9,0,1,0,0,0,1,I,multipanel,"axes text,caption(s),annotation(s),title(s)",0,0,1,1,1,1,0,0,0,0,1,8,2,5,5,"Diagram,Table,Circle,Area,Line",1,0,1,1,0,0,1,0,0,1,0,0,5
whoJ12.png,1728.png,41.3,0,0,1,0,0,1,G,multipanel,"title(s),axes text,caption(s),legend text,annotation(s),axes labels",0,1,1,1,1,1,1,0,0,0,0,7,3,3,4,"Point,Bar,Map",0,1,0,0,0,0,0,1,1,0,0,0,3
vis604.png,1729.png,51,0,1,0,0,0,1,I,multipanel,"annotation(s),caption(s),axes text,title(s),axes labels,legend text",0,1,1,1,1,1,1,0,0,0,1,9,8,5,7,"Circle,Bar,Area,Diagram,Table",1,1,1,1,0,0,0,0,0,1,0,0,5
visMost745.png,1730.png,49.6,0,1,0,0,1,0,I,single,"title(s),axes text,annotation(s),caption(s),axes labels",0,1,1,1,1,1,0,0,0,0,1,8,1,2,2,"Bar,Table",0,1,0,0,0,0,0,0,0,1,0,0,2
whoB19_1.png,1731.png,29.5,0,0,1,0,1,0,G,single,"title(s),annotation(s),caption(s),legend text,axes labels,axes text",0,1,1,1,1,1,1,0,0,0,0,5,1,2,1,Point,0,0,0,0,0,0,0,0,1,0,0,0,1
whoJ06.png,1732.png,34.5,0,0,1,0,1,0,G,single,"caption(s),legend text,legend title,title(s)",0,0,0,1,0,1,1,1,0,0,0,6,0,1,1,Map,0,0,0,0,0,0,0,1,0,0,0,0,1
vis610.png,1733.png,47.9,0,1,0,0,0,1,I,multipanel,"title(s),caption(s),axes text,annotation(s)",0,0,1,1,1,1,0,0,0,0,1,15,6,5,8,"Map,Diagram,Table",0,0,0,1,0,0,0,1,0,1,0,0,3
economist_daily_chart_187.png,1734.png,36,1,0,0,0,1,0,N,single,"title(s),caption(s),annotation(s),axes text",0,0,1,1,1,1,0,0,0,0,0,3,2,1,1,Bar,0,1,0,0,0,0,0,0,0,0,0,0,1
v487_n7408_17_f1.png,1735.png,31.9,0,0,0,1,0,1,S,multipanel,"axes labels,axes text,title(s)",0,1,1,1,0,0,0,0,0,1,0,0,6,2,4,"Bar,Diagram",0,1,0,1,0,0,0,0,0,0,0,0,2
v490_n7419_22_f4.png,1736.png,63.5,0,0,0,1,0,1,S,multipanel,"axes labels,axes text,title(s),legend text,annotation(s)",0,1,1,1,1,0,1,0,0,1,0,0,10,4,6,"Bar,Line,Point",0,1,0,0,0,0,1,0,1,0,0,0,3
vis176.png,1737.png,45.1,0,1,0,0,0,1,I,multipanel,"axes text,axes labels,annotation(s),caption(s),title(s),legend text",0,1,1,1,1,1,1,0,0,0,0,5,4,2,3,"Bar,Diagram,Table",0,1,0,1,0,0,0,0,0,1,0,0,3
v490_n7419_3_f1.png,1738.png,51.2,0,0,0,1,0,1,S,multipanel,"annotation(s),axes text,axes labels,legend text,title(s)",0,1,1,1,1,0,1,0,0,0,1,2,2,3,4,"Bar,Diagram",0,1,0,1,0,0,0,0,0,0,0,0,2
vis957.png,1739.png,65.2,0,1,0,0,0,1,I,multipanel,"axes text,title(s),annotation(s),caption(s),legend text",0,0,1,1,1,1,1,0,0,0,1,8,17,3,6,"Bar,Map,Point",0,1,0,0,0,0,0,1,1,0,0,0,3
v486_n7404_7_f2.png,1740.png,80.9,0,0,0,1,0,1,S,multipanel,"axes labels,axes text,annotation(s),title(s),caption(s)",0,1,1,1,1,1,0,0,0,0,0,17,6,2,16,"Diagram,Grid & Matrix,Point,Table",0,0,0,1,0,1,0,0,1,1,0,0,4
visMost802.png,1741.png,63.8,0,1,0,0,0,1,I,multipanel,"axes text,axes labels,title(s),legend text,caption(s),annotation(s)",0,1,1,1,1,1,1,0,0,0,1,13,7,4,13,"Bar,Circle,Area",1,1,1,0,0,0,0,0,0,0,0,0,3
vis943.png,1742.png,45.3,0,1,0,0,0,1,I,multipanel,"title(s),annotation(s),axes text,caption(s)",0,0,1,1,1,1,0,0,0,0,1,2,5,3,5,"Bar,Circle,Table,Diagram",0,1,1,1,0,0,0,0,0,1,0,0,4
visMost816.png,1743.png,62.9,0,1,0,0,0,1,I,multipanel,"axes labels,axes text,title(s),caption(s),annotation(s)",0,1,1,1,1,1,0,0,0,0,1,15,9,6,9,"Table,Circle,Distribution,Diagram,Area,Line",1,0,1,1,1,0,1,0,0,1,0,0,6
v486_n7402_21_f2.png,1744.png,58.8,0,0,0,1,0,1,S,multipanel,"axes text,axes labels,title(s)",0,1,1,1,0,0,0,0,0,1,0,0,5,2,4,Bar,0,1,0,0,0,0,0,0,0,0,0,0,1
v489_n7417_11_f3.png,1745.png,66.5,0,0,0,1,0,1,S,multipanel,"axes text,axes labels,annotation(s),legend text,title(s),legend title",0,1,1,1,1,0,1,1,0,0,0,6,6,2,3,"Distribution,Point",0,0,0,0,1,0,0,0,1,0,0,0,2
v486_n7404_15_f1.png,1746.png,77.3,0,0,0,1,0,1,S,multipanel,"axes text,axes labels,legend text,title(s),annotation(s)",0,1,1,1,1,0,1,0,0,0,0,7,2,5,8,"Grid & Matrix,Line,Point,Diagram",0,0,0,1,0,1,1,0,1,0,0,0,4
economist_daily_chart_20.png,1747.png,52.1,1,0,0,0,0,1,N,multipanel,"axes text,axes labels,title(s),caption(s),annotation(s)",0,1,1,1,1,1,0,0,0,0,1,16,2,2,2,Line,0,0,0,0,0,0,1,0,0,0,0,0,1
v485_n7399_2_f2.png,1748.png,76.2,0,0,0,1,0,1,S,multipanel,"axes labels,axes text,legend text,title(s)",0,1,1,1,0,0,1,0,0,1,0,0,6,5,5,"Bar,Point,Grid & Matrix",0,1,0,0,0,1,0,0,1,0,0,0,3
visMost180.png,1749.png,57.1,0,1,0,0,1,0,I,single,"title(s),axes text,legend text,annotation(s),caption(s)",0,0,1,1,1,1,1,0,0,0,1,8,1,4,1,Diagram,0,0,0,1,0,0,0,0,0,0,0,0,1
treasuryD01.png,1750.png,55.7,0,0,1,0,0,1,G,multipanel,"axes text,title(s),annotation(s),caption(s),axes labels",0,1,1,1,1,1,0,0,0,0,0,4,5,4,3,"Bar,Line,Table",0,1,0,0,0,0,1,0,0,1,0,0,3
treasuryD15.png,1751.png,49.4,0,0,1,0,1,0,G,single,"axes text,legend text,legend title,caption(s),title(s)",0,0,1,1,0,1,1,1,0,0,0,3,1,2,1,Table,0,0,0,0,0,0,0,0,0,1,0,0,1
whoJ22_1.png,1752.png,24.5,0,0,1,0,1,0,G,single,"title(s),caption(s),axes text,axes labels",0,1,1,1,0,1,0,0,0,0,0,1,2,1,1,Table,0,0,0,0,0,0,0,0,0,1,0,0,1
visMost194.png,1753.png,58.4,0,1,0,0,0,1,I,multipanel,"title(s),caption(s),annotation(s),axes text,axes labels",0,1,1,1,1,1,0,0,0,0,1,7,6,1,14,"Diagram,Circle,Bar,Distribution,Area",1,1,1,1,1,0,0,0,0,0,0,0,5
v486_n7403_3_f3.png,1754.png,84.3,0,0,0,1,0,1,S,multipanel,"axes labels,axes text,annotation(s),title(s)",0,1,1,1,1,0,0,0,0,0,0,5,5,2,4,"Trees & Networks,Point,Distribution",0,0,0,0,1,0,0,0,1,0,0,1,3
economist_daily_chart_34.png,1755.png,46.3,1,0,0,0,1,0,N,single,"axes labels,axes text,title(s),caption(s),annotation(s)",0,1,1,1,1,1,0,0,0,0,0,6,2,1,1,Point,0,0,0,0,0,0,0,0,1,0,0,0,1
whoB24_1.png,1756.png,53.9,0,0,1,0,1,0,G,single,"axes text,caption(s),title(s)",0,0,1,1,0,1,0,0,0,0,0,1,1,1,1,"Point,Distribution",0,0,0,0,1,0,0,0,1,0,0,0,2
visMost619.png,1757.png,47.1,0,1,0,0,0,1,I,multipanel,"title(s),axes text,caption(s),annotation(s)",0,0,1,1,1,1,0,0,0,0,1,15,5,1,6,"Diagram,Map,Area",1,0,0,1,0,0,0,1,0,0,0,0,3
visMost64.png,1758.png,57.3,0,1,0,0,0,1,I,multipanel,"title(s),axes labels,axes text,caption(s),legend text,annotation(s)",0,1,1,1,1,1,1,0,0,0,0,20,2,1,8,"Bar,Map",0,1,0,0,0,0,0,1,0,0,0,0,2
v487_n7407_22_f5.png,1759.png,41.8,0,0,0,1,1,0,S,single,"text-only,caption(s),axes text,axes labels",0,1,1,0,0,1,0,0,1,1,0,0,1,2,1,Table,0,0,0,0,0,0,0,0,0,1,0,0,1
v482_n7386_1_f6.png,1760.png,70.9,0,0,0,1,0,1,S,multipanel,"axes labels,axes text,title(s)",0,1,1,1,0,0,0,0,0,0,0,18,2,4,3,Bar,0,1,0,0,0,0,0,0,0,0,0,0,1
v488_n7412_7_f2.png,1761.png,65.9,0,0,0,1,0,1,S,multipanel,"axes text,title(s),annotation(s)",0,0,1,1,1,0,0,0,0,0,0,5,1,1,9,"Bar,Diagram,Distribution",0,1,0,1,1,0,0,0,0,0,0,0,3
v489_n7414_20_f3.png,1762.png,85.4,0,0,0,1,0,1,S,multipanel,"axes labels,axes text",0,1,1,0,0,0,0,0,0,0,0,5,9,3,12,"Line,Diagram,Point",0,0,0,1,0,0,1,0,1,0,0,0,3
vis758.png,1763.png,51.6,0,1,0,0,0,1,I,multipanel,"caption(s),annotation(s),title(s)",0,0,0,1,1,1,0,0,0,0,1,8,3,1,7,"Circle,Table,Diagram",0,0,1,1,0,0,0,0,0,1,0,0,3
vis980.png,1764.png,52.2,0,1,0,0,0,1,I,multipanel,"legend text,legend title,axes text,title(s),annotation(s),caption(s)",0,0,1,1,1,1,1,1,0,0,1,11,4,2,3,"Circle,Table",0,0,1,0,0,0,0,0,0,1,0,0,2
visMost70.png,1765.png,60.2,0,1,0,0,1,0,I,single,"annotation(s),title(s),caption(s)",0,0,0,1,1,1,0,0,0,0,1,4,0,0,1,Diagram,0,0,0,1,0,0,0,0,0,0,0,0,1
v488_n7413_7_f2.png,1766.png,51.2,0,0,0,1,0,1,S,multipanel,"axes labels,axes text,annotation(s)",0,1,1,0,1,0,0,0,0,0,0,2,3,1,2,"Distribution,Bar",0,1,0,0,1,0,0,0,0,0,0,0,2
wsj159.png,1767.png,55.6,1,0,0,0,0,1,N,multipanel,"legend title,legend text,caption(s),title(s),axes text,annotation(s)",0,0,1,1,1,1,1,1,0,0,1,5,6,2,4,"Bar,Line",0,1,0,0,0,0,1,0,0,0,0,0,2
visMost143.png,1768.png,35,0,1,0,0,1,0,I,single,"axes text,axes labels,annotation(s),caption(s),title(s)",0,1,1,1,1,1,0,0,0,0,0,3,2,1,2,Bar,0,1,0,0,0,0,0,0,0,0,0,0,1
wsj171.png,1769.png,35.2,1,0,0,0,1,0,N,single,"text-only,caption(s),title(s)",0,0,0,1,0,1,0,0,1,0,1,4,1,1,1,Table,0,0,0,0,0,0,0,0,0,1,0,0,1
vis770.png,1770.png,48.7,0,1,0,0,0,1,I,multipanel,"axes labels,axes text,caption(s),title(s),annotation(s)",0,1,1,1,1,1,0,0,0,0,1,7,10,2,10,"Circle,Diagram,Table",0,0,1,1,0,0,0,0,0,1,0,0,3
v483_n7389_8_f7.png,1771.png,77.3,0,0,0,1,0,1,S,multipanel,"title(s),axes text,axes labels,legend text,legend title",0,1,1,1,0,0,1,1,0,0,0,9,4,2,5,"Line,Area,Diagram",1,0,0,1,0,0,1,0,0,0,0,0,3
whoQ29_1.png,1772.png,40.8,0,0,1,0,1,0,G,single,"title(s),axes text,axes labels,caption(s)",0,1,1,1,0,1,0,0,0,0,0,1,1,1,1,Distribution,0,0,0,0,1,0,0,0,0,0,0,0,1
visMost625.png,1773.png,73.3,0,1,0,0,0,1,I,multipanel,"legend title,legend text,axes text,axes labels,caption(s),title(s)",0,1,1,1,0,1,1,1,0,0,1,3,3,3,2,"Grid & Matrix,Distribution",0,0,0,0,1,1,0,0,0,0,0,0,2
visMost58.png,1774.png,44.5,0,1,0,0,1,0,I,single,"title(s),annotation(s),caption(s)",0,0,0,1,1,1,0,0,0,0,1,11,1,0,2,"Diagram,Table",0,0,0,1,0,0,0,0,0,1,0,0,2
vis764.png,1775.png,50.9,0,1,0,0,0,1,I,multipanel,"title(s),axes labels,axes text,annotation(s),caption(s)",0,1,1,1,1,1,0,0,0,0,1,5,9,4,10,"Circle,Bar,Diagram,Table",0,1,1,1,0,0,0,0,0,1,0,0,4
v488_n7412_12_f4.png,1776.png,39.8,0,0,0,1,1,0,S,single,"axes labels,axes text",0,1,1,0,0,0,0,0,0,1,0,0,1,1,1,"Line,Point",0,0,0,0,0,0,1,0,1,0,0,0,2
v490_n7419_20_f1.png,1777.png,68.9,0,0,0,1,1,0,S,single,"title(s),axes labels,axes text,legend text,annotation(s)",0,1,1,1,1,0,1,0,0,0,0,6,4,1,2,"Point,Distribution",0,0,0,0,1,0,0,0,1,0,0,0,2
visMost631.png,1778.png,57.6,0,1,0,0,0,1,I,multipanel,"axes text,axes labels,title(s),annotation(s),legend text,caption(s)",0,1,1,1,1,1,1,0,0,0,1,50,2,4,7,"Circle,Diagram,Point",0,0,1,1,0,0,0,0,1,0,0,0,3
v487_n7406_6_f1.png,1779.png,49.7,0,0,0,1,1,0,S,single,legend text,0,0,0,0,0,0,1,0,0,0,1,3,0,0,1,Line,0,0,0,0,0,0,1,0,0,0,0,0,1
wsj603.png,1780.png,45.5,1,0,0,0,1,0,N,single,"title(s),caption(s),annotation(s),axes text",0,0,1,1,1,1,0,0,0,0,1,6,2,1,1,Line,0,0,0,0,0,0,1,0,0,0,0,0,1
wsj165.png,1781.png,22.699999999999996,1,0,0,0,1,0,N,single,"title(s),caption(s),annotation(s)",0,0,0,1,1,1,0,0,0,0,1,3,0,1,1,Diagram,0,0,0,1,0,0,0,0,0,0,0,0,1
v484_n7394_20_f3.png,1782.png,70.4,0,0,0,1,0,1,S,multipanel,annotation(s),0,0,0,0,1,0,0,0,0,0,0,8,0,1,4,Diagram,0,0,0,1,0,0,0,0,0,0,0,0,1
visMost157.png,1783.png,49.6,0,1,0,0,0,1,I,multipanel,"title(s),annotation(s),caption(s)",0,0,0,1,1,1,0,0,0,0,1,8,7,2,5,"Diagram,Point,Distribution,Table",0,0,0,1,1,0,0,0,1,1,0,0,4
whoL14.png,1784.png,18,0,0,1,0,1,0,G,single,"text-only,caption(s)",0,0,0,0,0,1,0,0,1,0,0,6,0,1,1,Diagram,0,0,0,1,0,0,0,0,0,0,0,0,1
v487_n7407_14_f4.png,1785.png,60.5,0,0,0,1,1,0,S,single,"axes labels,axes text,annotation(s)",0,1,1,0,1,0,0,0,0,0,0,8,2,2,1,Point,0,0,0,0,0,0,0,0,1,0,0,0,1
wsj398.png,1786.png,23.2,1,0,0,0,0,1,N,multipanel,"caption(s),annotation(s),title(s),axes text,axes labels",0,1,1,1,1,1,0,0,0,0,1,3,4,1,2,"Line,Bar",0,1,0,0,0,0,1,0,0,0,0,0,2
v484_n7392_22_f1.png,1787.png,84.4,0,0,0,1,0,1,S,multipanel,"legend text,legend title,axes labels,axes text,annotation(s)",0,1,1,0,1,0,1,1,0,0,0,4,5,6,8,"Bar,Point,Table,Diagram",0,1,0,1,0,0,0,0,1,1,0,0,4
vis599.png,1788.png,27.4,0,1,0,0,1,0,I,single,"title(s),annotation(s)",0,0,0,1,1,0,0,0,0,0,0,7,0,1,1,Diagram,0,0,0,1,0,0,0,0,0,0,0,0,1
vis28.png,1789.png,59.9,0,1,0,0,0,1,I,multipanel,"axes text,axes labels,annotation(s),legend title,caption(s),legend text,title(s)",0,1,1,1,1,1,1,1,0,0,0,14,2,1,9,"Point,Circle,Distribution,Table",0,0,1,0,1,0,0,0,1,1,0,0,4
economist_daily_chart_226.png,1790.png,31.1,1,0,0,0,1,0,N,single,"legend text,axes text,axes labels,title(s),caption(s)",0,1,1,1,0,1,1,0,0,0,0,3,2,1,1,Line,0,0,0,0,0,0,1,0,0,0,0,0,1
v484_n7394_16_f2.png,1791.png,78.4,0,0,0,1,0,1,S,multipanel,"title(s),axes text,axes labels,annotation(s)",0,1,1,1,1,0,0,0,0,0,0,7,8,3,8,"Bar,Distribution,Point,Table,Line",0,1,0,0,1,0,1,0,1,1,0,0,5
visMost382.png,1792.png,45.1,0,1,0,0,0,1,I,multipanel,"text-only,title(s)",0,0,0,1,0,0,0,0,1,0,1,11,2,1,5,"Table,Diagram,Distribution",0,0,0,1,1,0,0,0,0,1,0,0,3
np_51.png,1793.png,68.8,1,0,0,0,0,1,N,multipanel,"axes text,title(s),caption(s),annotation(s)",0,0,1,1,1,1,0,0,0,0,0,4,2,4,7,"Bar,Distribution,Map,Area",1,1,0,0,1,0,0,1,0,0,0,0,4
np_45.png,1794.png,74.5,1,0,0,0,0,1,N,multipanel,"axes labels,axes text,title(s),annotation(s),caption(s)",0,1,1,1,1,1,0,0,0,0,0,13,1,3,8,"Table,Circle",0,0,1,0,0,0,0,0,0,1,0,0,2
visMost396.png,1795.png,52.5,0,1,0,0,0,1,I,multipanel,"title(s),legend title,legend text,axes text,caption(s),annotation(s)",0,0,1,1,1,1,1,1,0,0,1,12,6,6,7,"Bar,Map,Diagram,Table",0,1,0,1,0,0,0,1,0,1,0,0,4
vis14.png,1796.png,33.8,0,1,0,0,0,1,I,multipanel,"axes text,caption(s),annotation(s)",0,0,1,0,1,1,0,0,0,0,1,7,6,1,5,"Map,Bar,Table",0,1,0,0,0,0,0,1,0,1,0,0,3
economist_daily_chart_232.png,1797.png,50.3,1,0,0,0,0,1,N,multipanel,"annotation(s),axes labels,axes text,title(s),legend title,legend text",0,1,1,1,1,0,1,1,0,0,1,4,3,0,4,Bar,0,1,0,0,0,0,0,0,0,0,0,0,1
wsj429.png,1798.png,25,1,0,0,0,1,0,N,single,"axes labels,axes text,caption(s),title(s),annotation(s)",0,1,1,1,1,1,0,0,0,0,1,4,2,0,1,Line,0,0,0,0,0,0,1,0,0,0,0,0,1
v486_n7402_17_f3.png,1799.png,65.8,0,0,0,1,0,1,S,multipanel,"axes text,axes labels,annotation(s)",0,1,1,0,1,0,0,0,0,0,0,2,2,3,7,"Point,Line,Bar",0,1,0,0,0,0,1,0,1,0,0,0,3
v489_n7415_1_f2.png,1800.png,85.7,0,0,0,1,0,1,S,multipanel,"axes text,axes labels,annotation(s),legend text",0,1,1,0,1,0,1,0,0,0,0,5,9,2,23,"Distribution,Table,Bar,Diagram",0,1,0,1,1,0,0,0,0,1,0,0,4
v485_n7398_18_f2.png,1801.png,72.1,0,0,0,1,0,1,S,multipanel,"axes labels,axes text,legend text,legend title",0,1,1,0,0,0,1,1,0,0,0,7,3,2,4,"Line,Grid & Matrix",0,0,0,0,0,1,1,0,0,0,0,0,2
v483_n7389_19_f4.png,1802.png,71.7,0,0,0,1,0,1,S,multipanel,"axes labels,axes text,legend text",0,1,1,0,0,0,1,0,0,0,0,5,3,5,7,"Diagram,Bar,Line",0,1,0,1,0,0,1,0,0,0,0,0,3
v484_n7393_2_f5.png,1803.png,74.4,0,0,0,1,0,1,S,multipanel,"axes labels,axes text,legend text,legend title",0,1,1,0,0,0,1,1,0,0,0,6,1,5,4,"Diagram,Bar,Table",0,1,0,1,0,0,0,0,0,1,0,0,3
v489_n7414_1_f2.png,1804.png,76.6,0,0,0,1,0,1,S,multipanel,"axes labels,axes text,title(s),annotation(s)",0,1,1,1,1,0,0,0,0,0,0,3,4,2,6,"Bar,Point,Line",0,1,0,0,0,0,1,0,1,0,0,0,3
visMost369.png,1805.png,66.6,0,1,0,0,1,0,I,single,"title(s),annotation(s),caption(s)",0,0,0,1,1,1,0,0,0,0,1,4,0,1,1,Diagram,0,0,0,1,0,0,0,0,0,0,0,0,1
visMost427.png,1806.png,45.1,0,1,0,0,1,0,I,single,"title(s),caption(s),annotation(s)",0,0,0,1,1,1,0,0,0,0,1,12,5,1,6,"Table,Diagram",0,0,0,1,0,0,0,0,0,1,0,0,2
v488_n7409_11_f1.png,1807.png,67.2,0,0,0,1,0,1,S,multipanel,"annotation(s),legend text,caption(s),title(s),axes text,axes labels,annotation(s)",0,1,1,1,1,1,1,0,0,0,0,5,5,2,8,"Line,Point",0,0,0,0,0,0,1,0,1,0,0,0,2
v485_n7396_27_f4.png,1808.png,59.2,0,0,0,1,0,1,S,multipanel,"axes labels,axes text,annotation(s)",0,1,1,0,1,0,0,0,0,0,0,2,11,1,6,"Line,Point",0,0,0,0,0,0,1,0,1,0,0,0,2
vis572.png,1809.png,49,0,1,0,0,0,1,I,multipanel,"caption(s),axes text,axes labels,annotation(s),title(s)",0,1,1,1,1,1,0,0,0,0,1,11,0,4,2,Bar,0,1,0,0,0,0,0,0,0,0,0,0,1
wsj415.png,1810.png,34.2,1,0,0,0,1,0,N,single,"title(s),caption(s),annotation(s)",0,0,0,1,1,1,0,0,0,0,1,6,0,1,1,Map,0,0,0,0,0,0,0,1,0,0,0,0,1
v486_n7403_11_f1.png,1811.png,35.8,0,0,0,1,1,0,S,single,"axes labels,axes text",0,1,1,0,0,0,0,0,0,0,0,1,3,0,1,"Point,Bar,Distribution",0,1,0,0,1,0,0,0,1,0,0,0,3
wsj373.png,1812.png,69.4,1,0,0,0,0,1,N,multipanel,"title(s),annotation(s),caption(s)",0,0,0,1,1,1,0,0,0,0,0,10,7,5,1,"Circle,Diagram,Bar,Table",0,1,1,1,0,0,0,0,0,1,0,0,4
vis214.png,1813.png,71.2,0,1,0,0,0,1,I,multipanel,"axes text,axes labels,caption(s),legend title,legend text,annotation(s),caption(s)",0,1,1,0,1,1,1,1,0,0,1,7,14,6,15,"Map,Bar,Diagram,Table,Distribution",0,1,0,1,1,0,0,1,0,1,0,0,5
whoN02.png,1814.png,24.7,0,0,1,0,1,0,G,single,"text-only,title(s),caption(s)",0,0,0,1,0,1,0,0,1,0,0,2,3,1,1,Table,0,0,0,0,0,0,0,0,0,1,0,0,1
visMost341.png,1815.png,36.3,0,1,0,0,0,1,I,multipanel,"legend title,legend text,title(s)",0,0,0,1,0,0,1,1,0,0,1,17,1,4,12,Circle,0,0,1,0,0,0,0,0,0,0,0,0,1
vis200.png,1816.png,43.3,0,1,0,0,0,1,I,multipanel,"title(s),annotation(s),caption(s)",0,0,0,1,1,1,0,0,0,0,1,15,8,2,4,Table,0,0,0,0,0,0,0,0,0,1,0,0,1
visMost355.png,1817.png,57.4,0,1,0,0,0,1,I,multipanel,"axes text,axes labels,title(s),annotation(s),caption(s)",0,1,1,1,1,1,0,0,0,0,1,9,5,2,5,"Bar,Diagram,Distribution,Table",0,1,0,1,1,0,0,0,0,1,0,0,4
vis4.png,1818.png,51.2,0,1,0,0,0,1,I,multipanel,"axes text,axes labels,title(s),legend text,caption(s),annotation(s)",0,1,1,1,1,1,1,0,0,0,1,4,6,2,8,"Bar,Circle,Line",0,1,1,0,0,0,1,0,0,0,0,0,3
wsj367.png,1819.png,18.7,1,0,0,0,1,0,N,single,"caption(s),title(s),annotation(s)",0,0,0,1,1,1,0,0,0,0,1,4,1,0,1,Diagram,0,0,0,1,0,0,0,0,0,0,0,0,1
whoK19_2.png,1820.png,22,0,0,1,0,1,0,G,single,"caption(s),legend text,title(s),annotation(s),axes text,axes labels",0,1,1,1,1,1,1,0,0,0,0,2,2,2,1,Bar,0,1,0,0,0,0,0,0,0,0,0,0,1
wsj401.png,1821.png,41.4,1,0,0,0,1,0,N,single,"title(s),annotation(s),caption(s)",0,0,0,1,1,1,0,0,0,0,1,7,2,0,2,Diagram,0,0,0,1,0,0,0,0,0,0,0,0,1
v483_n7390_1_f4.png,1822.png,48.1,0,0,0,1,0,1,S,multipanel,"axes text,axes labels,legend text",0,1,1,0,0,0,1,0,0,0,0,4,4,1,3,Line,0,0,0,0,0,0,1,0,0,0,0,0,1
visMost433.png,1823.png,53,0,1,0,0,0,1,I,multipanel,"caption(s),annotation(s)",0,0,0,0,1,1,0,0,0,0,1,16,1,0,10,Table,0,0,0,0,0,0,0,0,0,1,0,0,1
vis566.png,1824.png,34.9,0,1,0,0,1,0,I,single,"title(s),legend text,axes text",0,0,1,1,0,0,1,0,0,0,0,4,1,2,1,Bar,0,1,0,0,0,0,0,0,0,0,0,0,1
visMost343.png,1825.png,56.5,0,1,0,0,0,1,I,multipanel,"title(s),annotation(s),caption(s)",0,0,0,1,1,1,0,0,0,0,1,15,1,3,6,"Table,Bar",0,1,0,0,0,0,0,0,0,1,0,0,2
vis216.png,1826.png,62.5,0,1,0,0,1,0,I,single,"title(s),annotation(s)",0,0,0,1,1,0,0,0,0,0,1,8,1,2,1,Diagram,0,0,0,1,0,0,0,0,0,0,0,0,1
wsj371.png,1827.png,29.6,1,0,0,0,1,0,N,single,"axes labels,axes text,title(s),caption(s),legend text",0,1,1,1,0,1,1,0,0,0,1,3,2,1,1,Line,0,0,0,0,0,0,1,0,0,0,0,0,1
v486_n7403_11_f3.png,1828.png,57.1,0,0,0,1,1,0,S,single,"axes text,axes labels",0,1,1,0,0,0,0,0,0,0,0,2,2,1,1,Point,0,0,0,0,0,0,0,0,1,0,0,0,1
wsj417.png,1829.png,30,1,0,0,0,1,0,N,single,"legend text,title(s),annotation(s),caption(s)",0,0,0,1,1,1,1,0,0,0,1,5,1,1,1,Map,0,0,0,0,0,0,0,1,0,0,0,0,1
vis570.png,1830.png,68.5,0,1,0,0,0,1,I,multipanel,"title(s),annotation(s),caption(s)",0,0,0,1,1,1,0,0,0,0,1,12,11,0,8,"Table,Diagram",0,0,0,1,0,0,0,0,0,1,0,0,2
v488_n7409_11_f3.png,1831.png,70.9,0,0,0,1,0,1,S,multipanel,"axes text,axes labels,legend text,annotation(s)",0,1,1,0,1,0,1,0,0,0,0,5,3,3,12,"Diagram,Point",0,0,0,1,0,0,0,0,1,0,0,0,2
visMost425.png,1832.png,24.3,0,1,0,0,0,1,I,multipanel,"caption(s),annotation(s),title(s)",0,0,0,1,1,1,0,0,0,0,1,8,1,1,20,Circle,0,0,1,0,0,0,0,0,0,0,0,0,1
v483_n7387_3_f5.png,1833.png,82.2,0,0,0,1,0,1,S,multipanel,annotation(s),0,0,0,0,1,0,0,0,0,0,0,6,0,1,2,Diagram,0,0,0,1,0,0,0,0,0,0,0,0,1
vis564.png,1834.png,35.4,0,1,0,0,1,0,I,single,"annotation(s),axes text,title(s),caption(s)",0,0,1,1,1,1,0,0,0,0,1,3,1,1,1,Distribution,0,0,0,0,1,0,0,0,0,0,0,0,1
wsj403.png,1835.png,28.3,1,0,0,0,0,1,N,multipanel,"axes text,caption(s),title(s),axes labels,annotation(s)",0,1,1,1,1,1,0,0,0,0,1,5,4,1,3,"Circle,Bar",0,1,1,0,0,0,0,0,0,0,0,0,2
v486_n7402_19_f4.png,1836.png,81.2,0,0,0,1,0,1,S,multipanel,"axes labels,axes text,annotation(s)",0,1,1,0,1,0,0,0,0,0,0,12,9,2,23,"Point,Line,Bar,Area",1,1,0,0,0,0,1,0,1,0,0,0,4
wsj365.png,1837.png,24.2,1,0,0,0,0,1,N,multipanel,"annotation(s),title(s),axes text,legend text,caption(s)",0,0,1,1,1,1,1,0,0,0,1,4,2,3,3,Bar,0,1,0,0,0,0,0,0,0,0,0,0,1
vis6.png,1838.png,37.6,0,1,0,0,0,1,I,multipanel,"title(s),axes labels,axes text,legend title,legend text",0,1,1,1,0,0,1,1,0,0,0,5,1,2,3,"Map,Point,Table",0,0,0,0,0,0,0,1,1,1,0,0,3
visMost357.png,1839.png,45.2,0,1,0,0,1,0,I,single,"annotation(s),title(s),caption(s)",0,0,0,1,1,1,0,0,0,0,1,10,1,1,1,Circle,0,0,1,0,0,0,0,0,0,0,0,0,1
whoQ48_2.png,1840.png,19.2,0,0,1,0,1,0,G,single,"title(s),axes text",0,0,1,1,0,0,0,0,0,0,0,1,1,1,1,Bar,0,1,0,0,0,0,0,0,0,0,0,0,1
v488_n7410_13_f5.png,1841.png,65.4,0,0,0,1,1,0,S,single,"axes text,axes labels,annotation(s)",0,1,1,0,1,0,0,0,0,0,0,9,2,3,3,"Table,Trees & Networks,Diagram",0,0,0,1,0,0,0,0,0,1,0,1,3
whoN14.png,1842.png,28.4,0,0,1,0,1,0,G,single,"title(s),legend text,axes text,axes labels,caption(s)",0,1,1,1,0,1,1,0,0,0,0,3,1,2,1,Bar,0,1,0,0,0,0,0,0,0,0,0,0,1
vis202.png,1843.png,50.4,0,1,0,0,0,1,I,multipanel,"title(s),annotation(s),caption(s)",0,0,0,1,1,1,0,0,0,0,1,4,2,1,2,"Table,Diagram",0,0,0,1,0,0,0,0,0,1,0,0,2
v484_n7394_8_f3.png,1844.png,42.8,0,0,0,1,1,0,S,single,"axes labels,axes text,annotation(s)",0,1,1,0,1,0,0,0,0,1,0,0,3,0,2,Line,0,0,0,0,0,0,1,0,0,0,0,0,1
visMost419.png,1845.png,48.2,0,1,0,0,1,0,I,single,"title(s),caption(s),annotation(s)",0,0,0,1,1,1,0,0,0,0,1,16,0,1,1,Diagram,0,0,0,1,0,0,0,0,0,0,0,0,1
v486_n7402_17_f1.png,1846.png,62.8,0,0,0,1,0,1,S,multipanel,"annotation(s),axes labels,axes text",0,1,1,0,1,0,0,0,0,0,0,4,3,1,3,"Grid & Matrix,Diagram,Point",0,0,0,1,0,1,0,0,1,0,0,0,3
v489_n7414_30_f4.png,1847.png,62,0,0,0,1,0,1,S,multipanel,"axes text,axes labels,legend text",0,1,1,0,0,0,1,0,0,1,0,0,4,6,6,"Table,Bar",0,1,0,0,0,0,0,0,0,1,0,0,2
v483_n7388_11_f1.png,1848.png,64.4,0,0,0,1,1,0,S,single,"axes labels,axes text,annotation(s)",0,1,1,0,1,0,0,0,0,1,0,0,3,1,1,"Area,Point",1,0,0,0,0,0,0,0,1,0,0,0,2
whoN28.png,1849.png,35.2,0,0,1,0,1,0,G,single,"legend text,axes labels,axes text,title(s)",0,1,1,1,0,0,1,0,0,0,0,6,2,1,1,"Bar,Distribution",0,1,0,0,1,0,0,0,0,0,0,0,2
wsj359.png,1850.png,28.800000000000004,1,0,0,0,1,0,N,single,"caption(s),title(s),axes text",0,0,1,1,0,1,0,0,0,0,1,4,2,0,1,Line,0,0,0,0,0,0,1,0,0,0,0,0,1
v489_n7416_21_f2.png,1851.png,52.6,0,0,0,1,0,1,S,multipanel,"axes labels,legend text,axes text,annotation(s)",0,1,1,0,1,0,1,0,0,0,0,4,7,1,4,"Line,Circle,Table",0,0,1,0,0,0,1,0,0,1,0,0,3
np_53.png,1852.png,72.3,1,0,0,0,1,0,N,single,"axes text,title(s),caption(s),annotation(s)",0,0,1,1,1,1,0,0,0,0,0,3,2,2,1,"Point,Area",1,0,0,0,0,0,0,0,1,0,0,0,2
whoJ43_2.png,1853.png,47,0,0,1,0,1,0,G,single,"title(s),caption(s),text-only",0,0,0,1,0,1,0,0,1,0,0,1,3,2,1,Table,0,0,0,0,0,0,0,0,0,1,0,0,1
v490_n7419_16_f2.png,1854.png,64.7,0,0,0,1,0,1,S,multipanel,annotation(s),0,0,0,0,1,0,0,0,0,0,1,6,0,0,3,Diagram,0,0,0,1,0,0,0,0,0,0,0,0,1
visMost380.png,1855.png,36,0,1,0,0,1,0,I,single,"title(s),caption(s),annotation(s)",0,0,0,1,1,1,0,0,0,0,0,16,0,1,1,"Table,Diagram",0,0,0,1,0,0,0,0,0,1,0,0,2
economist_daily_chart_224.png,1856.png,50.6,1,0,0,0,0,1,N,multipanel,"legend text,axes text,axes labels,title(s),caption(s)",0,1,1,1,0,1,1,0,0,0,1,6,2,3,2,Bar,0,1,0,0,0,0,0,0,0,0,0,0,1
economist_daily_chart_230.png,1857.png,32.2,1,0,0,0,1,0,N,single,"title(s),axes text,caption(s)",0,0,1,1,0,1,0,0,0,0,0,2,1,1,1,Bar,0,1,0,0,0,0,0,0,0,0,0,0,1
v487_n7406_12_f4.png,1858.png,68,0,0,0,1,0,1,S,multipanel,"axes labels,axes text,title(s),legend title,legend text",0,1,1,1,0,0,1,1,0,1,0,0,4,0,5,"Bar,Line,Map",0,1,0,0,0,0,1,1,0,0,0,0,3
vis16.png,1859.png,63.6,0,1,0,0,0,1,I,multipanel,"axes text,annotation(s),caption(s),title(s)",0,0,1,1,1,1,0,0,0,0,1,9,5,5,9,"Circle,Bar",0,1,1,0,0,0,0,0,0,0,0,0,2
whoJ20_1.png,1860.png,37,0,0,1,0,0,1,G,multipanel,"title(s),caption(s),axes labels,axes text,legend text,annotation(s)",0,1,1,1,1,1,1,0,0,0,0,6,1,2,2,"Bar,Map",0,1,0,0,0,0,0,1,0,0,0,0,2
visMost394.png,1861.png,47.2,0,1,0,0,0,1,I,multipanel,"caption(s),title(s),axes text,axes labels,annotation(s)",0,1,1,1,1,1,0,0,0,0,1,17,1,3,3,"Bar,Line,Table",0,1,0,0,0,0,1,0,0,1,0,0,3
np_47.png,1862.png,43.9,1,0,0,0,1,0,N,single,"caption(s),title(s)",0,0,0,1,0,1,0,0,0,0,1,5,1,0,1,Diagram,0,0,0,1,0,0,0,0,0,0,0,0,1
whoB26_1.png,1863.png,27.4,0,0,1,0,0,1,G,multipanel,"legend title,legend text,caption(s),title(s)",0,0,0,1,0,1,1,1,0,0,0,5,1,0,1,Map,0,0,0,0,0,0,0,1,0,0,0,0,1
v488_n7410_4_f2.png,1864.png,95,0,0,0,1,0,1,S,multipanel,"axes text,annotation(s),legend text,legend title",0,0,1,0,1,0,1,1,0,0,0,12,5,3,5,"Grid & Matrix,Point,Trees & Networks",0,0,0,0,0,1,0,0,1,0,0,1,3
v484_n7395_10_f2.png,1865.png,57.1,0,0,0,1,0,1,S,multipanel,"axes text,axes labels,title(s),annotation(s)",0,1,1,1,1,0,0,0,0,0,1,7,7,2,8,"Area,Point,Bar,Line",1,1,0,0,0,0,1,0,1,0,0,0,4
economist_daily_chart_218.png,1866.png,44.1,1,0,0,0,1,0,N,single,"caption(s),annotation(s),title(s),axes text",0,0,1,1,1,1,0,0,0,0,0,3,2,1,1,Area,1,0,0,0,0,0,0,0,0,0,0,0,1
v484_n7392_22_f3.png,1867.png,73.1,0,0,0,1,0,1,S,multipanel,"axes text,axes labels,legend text,annotation(s)",0,1,1,0,1,0,1,0,0,0,0,3,5,1,4,"Table,Distribution",0,0,0,0,1,0,0,0,0,1,0,0,2
visMost627.png,1868.png,55.2,0,1,0,0,0,1,I,multipanel,"annotation(s),caption(s),title(s)",0,0,0,1,1,1,0,0,0,0,0,6,17,11,17,Bar,0,1,0,0,0,0,0,0,0,0,0,0,1
v483_n7389_8_f5.png,1869.png,79.4,0,0,0,1,0,1,S,multipanel,"axes text,axes labels",0,1,1,0,0,0,0,0,0,0,0,10,6,1,6,"Grid & Matrix,Line,Area",1,0,0,0,0,1,1,0,0,0,0,0,3
vis772.png,1870.png,35.5,0,1,0,0,0,1,I,multipanel,"title(s),annotation(s)",0,0,0,1,1,0,0,0,0,0,1,4,3,1,2,"Map,Table",0,0,0,0,0,0,0,1,0,1,0,0,2
wsj173.png,1871.png,37.9,1,0,0,0,0,1,N,multipanel,"title(s),axes text,axes labels,caption(s),annotation(s)",0,1,1,1,1,1,0,0,0,0,1,2,1,2,9,"Table,Bar",0,1,0,0,0,0,0,0,0,1,0,0,2
visMost141.png,1872.png,53.6,0,1,0,0,0,1,I,multipanel,"annotation(s),caption(s)",0,0,0,0,1,1,0,0,0,0,1,3,9,4,11,"Diagram,Bar,Distribution,Circle",0,1,1,1,1,0,0,0,0,0,0,0,4
visMost155.png,1873.png,65.3,0,1,0,0,0,1,I,multipanel,"axes text,title(s),axes labels,annotation(s),caption(s)",0,1,1,1,1,1,0,0,0,0,1,7,3,5,14,"Circle,Area,Table,Diagram,Bar",1,1,1,1,0,0,0,0,0,1,0,0,5
v484_n7394_20_f1.png,1874.png,79.5,0,0,0,1,0,1,S,multipanel,annotation(s),0,0,0,0,1,0,0,0,0,0,0,5,0,1,1,Diagram,0,0,0,1,0,0,0,0,0,0,0,0,1
wsj167.png,1875.png,22.7,1,0,0,0,1,0,N,single,"caption(s),title(s),axes text,axes labels,annotation(s)",0,1,1,1,1,1,0,0,0,0,1,4,2,0,1,"Line,Area",1,0,0,0,0,0,1,0,0,0,0,0,2
wsj601.png,1876.png,16.6,1,0,0,0,0,1,N,multipanel,"title(s),caption(s),annotation(s),axes labels,axes text",0,1,1,1,1,1,0,0,0,0,1,5,1,2,1,Line,0,0,0,0,0,0,1,0,0,0,0,0,1
v487_n7406_6_f3.png,1877.png,60.6,0,0,0,1,0,1,S,multipanel,"axes text,axes labels",0,1,1,0,0,0,0,0,0,0,0,3,8,0,16,Area,1,0,0,0,0,0,0,0,0,0,0,0,1
visMost633.png,1878.png,55.1,0,1,0,0,0,1,I,multipanel,"axes labels,axes text,title(s),caption(s)",0,1,1,1,0,1,0,0,0,0,1,5,8,4,9,"Bar,Table,Circle",0,1,1,0,0,0,0,0,0,1,0,0,3
v490_n7419_20_f3.png,1879.png,63.3,0,0,0,1,1,0,S,single,"text-only,caption(s)",0,0,0,0,0,1,0,0,1,1,0,0,6,1,1,Table,0,0,0,0,0,0,0,0,0,1,0,0,1
vis766.png,1880.png,53.9,0,1,0,0,0,1,I,multipanel,"annotation(s),caption(s),title(s),axes labels",0,1,0,1,1,1,0,0,0,0,1,5,4,1,8,"Circle,Line,Bar,Table",0,1,1,0,0,0,1,0,0,1,0,0,4
visMost66.png,1881.png,58.4,0,1,0,0,0,1,I,multipanel,"axes text,title(s),axes labels,legend text,caption(s),annotation(s)",0,1,1,1,1,1,1,0,0,0,1,5,9,4,7,"Area,Line,Diagram,Point",1,0,0,1,0,0,1,0,1,0,0,0,4
v484_n7392_14_f2.png,1882.png,74.5,0,0,0,1,1,0,S,single,annotation(s),0,0,0,0,1,0,0,0,0,0,0,8,0,1,7,Diagram,0,0,0,1,0,0,0,0,0,0,0,0,1
v485_n7400_15_f2.png,1883.png,41.3,0,0,0,1,1,0,S,single,"axes labels,axes text",0,1,1,0,0,0,0,0,0,0,0,12,1,1,6,"Bar,Distribution,Area",1,1,0,0,1,0,0,0,0,0,0,0,3
v488_n7413_14_f4.png,1884.png,72.5,0,0,0,1,0,1,S,multipanel,"caption(s),title(s),axes labels,legend text,annotation(s)",0,1,0,1,1,1,1,0,0,0,0,3,4,4,5,"Table,Bar",0,1,0,0,0,0,0,0,0,1,0,0,2
visMost169.png,1885.png,62.2,0,1,0,0,0,1,I,multipanel,"axes labels,title(s),caption(s),annotation(s)",0,1,0,1,1,1,0,0,0,0,0,12,5,6,8,"Circle,Bar,Area,Diagram,Table",1,1,1,1,0,0,0,0,0,1,0,0,5
visMost72.png,1886.png,79.7,0,1,0,0,1,0,I,single,"text-only,title(s),caption(s),legend text,legend title",0,0,0,1,0,1,1,1,1,1,0,0,3,3,1,Table,0,0,0,0,0,0,0,0,0,1,0,0,1
vis982.png,1887.png,56.9,0,1,0,0,0,1,I,multipanel,"title(s),annotation(s),caption(s)",0,0,0,1,1,1,0,0,0,0,0,10,5,4,7,"Bar,Circle,Table,Diagram",0,1,1,1,0,0,0,0,0,1,0,0,4
v489_n7414_20_f1.png,1888.png,50,0,0,0,1,1,0,S,single,annotation(s),0,0,0,0,1,0,0,0,0,0,1,6,1,1,1,Diagram,0,0,0,1,0,0,0,0,0,0,0,0,1
v483_n7389_21_f2.png,1889.png,78.7,0,0,0,1,0,1,S,multipanel,"axes labels,axes text,annotation(s),legend text",0,1,1,0,1,0,1,0,0,0,1,2,9,8,26,"Bar,Point,Table",0,1,0,0,0,0,0,0,1,1,0,0,3
visMost99.png,1890.png,55.2,0,1,0,0,0,1,I,multipanel,"axes text,title(s),caption(s),annotation(s)",0,0,1,1,1,1,0,0,0,0,1,11,6,5,7,"Distribution,Bar,Trees & Networks,Diagram",0,1,0,1,1,0,0,0,0,0,0,1,4
vis969.png,1891.png,13.3,0,1,0,0,1,0,I,single,"axes text,title(s),caption(s)",0,0,1,1,0,1,0,0,0,0,0,28,0,1,1,Grid & Matrix,0,0,0,0,0,1,0,0,0,0,0,0,1
visMost182.png,1892.png,70.7,0,1,0,0,0,1,I,multipanel,"title(s),caption(s),annotation(s),axes text",0,0,1,1,1,1,0,0,0,0,1,13,8,2,2,"Table,Diagram",0,0,0,1,0,0,0,0,0,1,0,0,2
economist_daily_chart_22.png,1893.png,9.5,1,0,0,0,1,0,N,single,"axes text,title(s),caption(s)",0,0,1,1,0,1,0,0,0,0,0,1,1,1,1,Bar,0,1,0,0,0,0,0,0,0,0,0,0,1
v486_n7404_15_f3.png,1894.png,51.9,0,0,0,1,0,1,S,multipanel,"axes text,text-only",0,0,1,0,0,0,0,0,1,0,0,1,7,5,3,"Table,Bar",0,1,0,0,0,0,0,0,0,1,0,0,2
v489_n7417_11_f1.png,1895.png,66.9,0,0,0,1,0,1,S,multipanel,"axes text,legend text,annotation(s)",0,0,1,0,1,0,1,0,0,0,0,10,2,3,3,"Map,Diagram",0,0,0,1,0,0,0,1,0,0,0,0,2
economist_daily_chart_36.png,1896.png,55.7,1,0,0,0,1,0,N,single,"title(s),axes text,legend text,legend title,annotation(s),caption(s)",0,0,1,1,1,1,1,1,0,0,0,5,2,1,1,"Point,Line",0,0,0,0,0,0,1,0,1,0,0,0,2
v486_n7403_3_f1.png,1897.png,79.7,0,0,0,1,0,1,S,multipanel,"axes text,annotation(s),axes labels",0,1,1,0,1,0,0,0,0,1,0,0,4,1,12,"Bar,Diagram,Distribution",0,1,0,1,1,0,0,0,0,0,0,0,3
v483_n7387_10_f1.png,1898.png,79.2,0,0,0,1,1,0,S,single,annotation(s),0,0,0,0,1,0,0,0,0,0,0,3,0,1,1,Diagram,0,0,0,1,0,0,0,0,0,0,0,0,1
visMost196.png,1899.png,56.7,0,1,0,0,0,1,I,multipanel,"legend text,axes text,axes labels,title(s),annotation(s),caption(s)",0,1,1,1,1,1,1,0,0,0,1,6,8,5,7,"Bar,Circle,Line,Distribution",0,1,1,0,1,0,1,0,0,0,0,0,4
visMost800.png,1900.png,72,0,1,0,0,0,1,I,multipanel,"title(s),annotation(s),caption(s)",0,0,0,1,1,1,0,0,0,0,1,4,3,2,3,Table,0,0,0,0,0,0,0,0,0,1,0,0,1
vis955.png,1901.png,67.2,0,1,0,0,0,1,I,multipanel,"title(s),caption(s),annotation(s)",0,0,0,1,1,1,0,0,0,0,1,9,1,5,8,"Table,Diagram",0,0,0,1,0,0,0,0,0,1,0,0,2
v490_n7419_3_f3.png,1902.png,29.5,0,0,0,1,0,1,S,multipanel,"legend text,axes labels,axes text",0,1,1,0,0,0,1,0,0,1,0,0,4,7,6,Bar,0,1,0,0,0,0,0,0,0,0,0,0,1
wsj198.png,1903.png,44.2,1,0,0,0,1,0,N,single,"title(s),annotation(s),caption(s)",0,0,0,1,1,1,0,0,0,0,1,3,0,2,2,"Table,Diagram",0,0,0,1,0,0,0,0,0,1,0,0,2
treasuryK03_8.png,1904.png,3.7,0,0,1,0,1,0,G,single,"title(s),caption(s),axes text,annotation(s)",0,0,1,1,1,1,0,0,0,0,0,2,3,0,1,Bar,0,1,0,0,0,0,0,0,0,0,0,0,1
visMost814.png,1905.png,64.2,0,1,0,0,0,1,I,multipanel,"title(s),caption(s),annotation(s)",0,0,0,1,1,1,0,0,0,0,1,8,3,5,8,"Circle,Bar,Table,Diagram",0,1,1,1,0,0,0,0,0,1,0,0,4
v489_n7416_2_f2.png,1906.png,59.5,0,0,0,1,0,1,S,multipanel,"axes text,legend text,axes labels",0,1,1,0,0,0,1,0,0,0,0,1,9,2,9,"Bar,Point,Line",0,1,0,0,0,0,1,0,1,0,0,0,3
vis799.png,1907.png,34.7,0,1,0,0,0,1,I,multipanel,"title(s),caption(s),annotation(s)",0,0,0,1,1,1,0,0,0,0,1,21,0,1,5,Diagram,0,0,0,1,0,0,0,0,0,0,0,0,1
vis941.png,1908.png,49.2,0,1,0,0,1,0,I,single,"title(s),text-only,caption(s),legend text",0,0,0,1,0,1,1,0,1,0,1,10,5,1,1,Table,0,0,0,0,0,0,0,0,0,1,0,0,1
vis606.png,1909.png,49.3,0,1,0,0,0,1,I,multipanel,"title(s),annotation(s),caption(s),axes text",0,0,1,1,1,1,0,0,0,0,1,8,4,3,20,"Bar,Distribution,Point,Map,Area",1,1,0,0,1,0,0,1,1,0,0,0,5
whoJ10.png,1910.png,13.8,0,0,1,0,1,0,G,single,"caption(s),title(s),legend text,annotation(s)",0,0,0,1,1,1,1,0,0,0,0,4,1,1,1,Circle,0,0,1,0,0,0,0,0,0,0,0,0,1
v485_n7400_19_f2.png,1911.png,56.6,0,0,0,1,0,1,S,multipanel,"axes text,legend text,annotation(s),axes labels",0,1,1,0,1,0,1,0,0,0,0,2,4,1,3,"Bar,Diagram",0,1,0,1,0,0,0,0,0,0,0,0,2
visMost753.png,1912.png,42.6,0,1,0,0,1,0,I,single,"title(s),caption(s),annotation(s)",0,0,0,1,1,1,0,0,0,0,0,14,1,1,1,"Table,Diagram",0,0,0,1,0,0,0,0,0,1,0,0,2
economist_daily_chart_191.png,1913.png,15.3,1,0,0,0,1,0,N,single,"title(s),annotation(s)",0,0,0,1,1,0,0,0,0,0,0,2,0,1,1,Map,0,0,0,0,0,0,0,1,0,0,0,0,1
v488_n7413_18_f4.png,1914.png,69.8,0,0,0,1,0,1,S,multipanel,"axes text,legend text,axes labels,annotation(s)",0,1,1,0,1,0,1,0,0,0,0,10,2,6,4,"Grid & Matrix,Diagram,Bar",0,1,0,1,0,1,0,0,0,0,0,0,3
whoH01_1.png,1915.png,8.4,0,0,1,0,0,1,G,multipanel,"title(s),annotation(s)",0,0,0,1,1,0,0,0,0,0,1,7,1,1,1,Circle,0,0,1,0,0,0,0,0,0,0,0,0,1
vis160.png,1916.png,42.1,0,1,0,0,0,1,I,multipanel,"title(s),annotation(s),caption(s)",0,0,0,1,1,1,0,0,0,0,1,18,0,3,3,Diagram,0,0,0,1,0,0,0,0,0,0,0,0,1
vis174.png,1917.png,41,0,1,0,0,0,1,I,multipanel,"title(s),caption(s),annotation(s)",0,0,0,1,1,1,0,0,0,0,1,6,3,1,4,"Circle,Map,Distribution",0,0,1,0,1,0,0,1,0,0,0,0,3
v487_n7408_17_f3.png,1918.png,73.3,0,0,0,1,0,1,S,multipanel,"axes text,axes labels,legend text",0,1,1,0,0,0,1,0,0,1,0,0,5,4,8,"Bar,Table",0,1,0,0,0,0,0,0,0,1,0,0,2
economist_daily_chart_185.png,1919.png,14.5,1,0,0,0,1,0,N,single,"title(s),axes text,legend text,caption(s)",0,0,1,1,0,1,1,0,0,0,0,2,1,2,1,Bar,0,1,0,0,0,0,0,0,0,0,0,0,1
treasuryD06_2.png,1920.png,14,0,0,1,0,1,0,G,single,"title(s),legend text,legend title,caption(s)",0,0,0,1,0,1,1,1,0,0,0,6,1,1,1,Map,0,0,0,0,0,0,0,1,0,0,0,0,1
vis612.png,1921.png,70,0,1,0,0,0,1,I,multipanel,"title(s),annotation(s),caption(s)",0,0,0,1,1,1,0,0,0,0,1,10,10,3,14,"Point,Circle,Diagram",0,0,1,1,0,0,0,0,1,0,0,0,3
whoJ04.png,1922.png,60,0,0,1,0,0,1,G,multipanel,"axes labels,axes text,caption(s),legend text,annotation(s)",0,1,1,0,1,1,1,0,0,0,0,6,3,3,4,"Bar,Map,Point",0,1,0,0,0,0,0,1,1,0,0,0,3
v490_n7420_10_f2.png,1923.png,57,0,0,0,1,0,1,S,multipanel,"axes text,legend text,axes labels",0,1,1,0,0,0,1,0,0,0,0,6,3,2,4,Line,0,0,0,0,0,0,1,0,0,0,0,0,1
v484_n7392_18_f2.png,1924.png,71.8,0,0,0,1,0,1,S,multipanel,"axes text,axes labels,legend text,annotation(s)",0,1,1,0,1,0,1,0,0,0,0,3,11,3,15,"Bar,Line",0,1,0,0,0,0,1,0,0,0,0,0,2
visMost747.png,1925.png,64.4,0,1,0,0,0,1,I,multipanel,"axes text,title(s),annotation(s)",0,0,1,1,1,0,0,0,0,0,1,10,4,4,6,"Bar,Diagram,Distribution",0,1,0,1,1,0,0,0,0,0,0,0,3
v487_n7407_20_f2.png,1926.png,82.3,0,0,0,1,1,0,S,single,"axes labels,legend text,axes text",0,1,1,0,0,0,1,0,0,0,0,6,2,1,2,"Point,Trees & Networks",0,0,0,0,0,0,0,0,1,0,0,1,2
np_8.png,1927.png,71.9,1,0,0,0,0,1,N,multipanel,"title(s),axes text,annotation(s),caption(s)",0,0,1,1,1,1,0,0,0,0,0,9,3,2,8,"Grid & Matrix,Bar",0,1,0,0,0,1,0,0,0,0,0,0,2
v489_n7414_22_f4.png,1928.png,45.2,0,0,0,1,0,1,S,multipanel,"axes text,axes labels,annotation(s)",0,1,1,0,1,0,0,0,0,0,0,4,5,0,4,"Line,Diagram",0,0,0,1,0,0,1,0,0,0,0,0,2
vis148.png,1929.png,64.4,0,1,0,0,0,1,I,multipanel,"text-only,title(s),caption(s),annotation(s)",0,0,0,1,1,1,0,0,1,0,1,8,2,4,4,"Table,Diagram",0,0,0,1,0,0,0,0,0,1,0,0,2
v488_n7413_5_f5.png,1930.png,37.1,0,0,0,1,0,1,S,multipanel,"axes text,axes labels",0,1,1,0,0,0,0,0,0,0,0,6,12,0,11,"Line,Area,Bar,Distribution",1,1,0,0,1,0,1,0,0,0,0,0,4
economist_daily_chart_152.png,1931.png,34.1,1,0,0,0,1,0,N,single,"title(s),axes text,legend text,caption(s)",0,0,1,1,0,1,1,0,0,0,0,4,1,2,1,Point,0,0,0,0,0,0,0,0,1,0,0,0,1
visMost790.png,1932.png,63.3,0,1,0,0,0,1,I,multipanel,"title(s),caption(s),annotation(s)",0,0,0,1,1,1,0,0,0,0,1,12,0,3,8,"Table,Diagram,Circle",0,0,1,1,0,0,0,0,0,1,0,0,3
v488_n7409_1_f1.png,1933.png,82.7,0,0,0,1,0,1,S,multipanel,"legend title,legend text,axes labels,axes text",0,1,1,0,0,0,1,1,0,0,0,10,3,9,2,Grid & Matrix,0,0,0,0,0,1,0,0,0,0,0,0,1
treasuryB11.png,1934.png,47.6,0,0,1,0,1,0,G,single,"axes text,title(s),caption(s),annotation(s)",0,0,1,1,1,1,0,0,0,0,0,4,2,1,1,Area,1,0,0,0,0,0,0,0,0,0,0,0,1
v485_n7398_22_f1.png,1935.png,86.7,0,0,0,1,0,1,S,multipanel,"axes text,axes labels,title(s),annotation(s)",0,1,1,1,1,0,0,0,0,0,0,14,5,3,8,"Grid & Matrix,Bar,Diagram,Distribution",0,1,0,1,1,1,0,0,0,0,0,0,4
whoQ14_3.png,1936.png,32.6,0,0,1,0,1,0,G,single,"axes text,caption(s),title(s),legend text",0,0,1,1,0,1,1,0,0,0,0,5,2,1,1,Bar,0,1,0,0,0,0,0,0,0,0,0,0,1
v486_n7402_1_f4.png,1937.png,76.1,0,0,0,1,0,1,S,multipanel,"axes text,annotation(s),legend title",0,0,1,0,1,0,0,1,0,0,0,6,4,1,20,"Table,Area",1,0,0,0,0,0,0,0,0,1,0,0,2
v490_n7420_7_f3.png,1938.png,59,0,0,0,1,1,0,S,single,"axes text,axes labels,annotation(s)",0,1,1,0,1,0,0,0,0,0,0,1,2,1,1,Line,0,0,0,0,0,0,1,0,0,0,0,0,1
v486_n7403_25_f7.png,1939.png,74.8,0,0,0,1,0,1,S,multipanel,"axes text,legend text,annotation(s)",0,0,1,0,1,0,1,0,0,0,0,10,1,3,2,"Table,Bar",0,1,0,0,0,0,0,0,0,1,0,0,2
treasuryB05.png,1940.png,64.6,0,0,1,0,1,0,G,single,"title(s),annotation(s),caption(s),legend text,legend title",0,0,0,1,1,1,1,1,0,0,0,6,0,3,1,Diagram,0,0,0,1,0,0,0,0,0,0,0,0,1
vis809.png,1941.png,64.6,0,1,0,0,0,1,I,multipanel,"title(s),annotation(s),axes text,caption(s),axes labels,legend text",0,1,1,1,1,1,1,0,0,0,1,18,15,6,17,"Circle,Bar,Table,Distribution",0,1,1,0,1,0,0,0,0,1,0,0,4
visMost784.png,1942.png,61.9,0,1,0,0,0,1,I,multipanel,"title(s),caption(s),annotation(s),text-only",0,0,0,1,1,1,0,0,1,0,1,5,0,1,7,"Table,Diagram",0,0,0,1,0,0,0,0,0,1,0,0,2
v486_n7403_1_f4.png,1943.png,69.5,0,0,0,1,0,1,S,multipanel,annotation(s),0,0,0,0,1,0,0,0,0,1,0,0,1,0,1,Diagram,0,0,0,1,0,0,0,0,0,0,0,0,1
economist_daily_chart_146.png,1944.png,37.4,1,0,0,0,0,1,N,multipanel,"title(s),legend text,caption(s)",0,0,0,1,0,1,1,0,0,0,0,5,1,1,2,Map,0,0,0,0,0,0,0,1,0,0,0,0,1
treasuryG07_2.png,1945.png,14.9,0,0,1,0,1,0,G,single,"title(s),axes text,caption(s),legend text",0,0,1,1,0,1,1,0,0,0,0,3,2,1,1,Line,0,0,0,0,0,0,1,0,0,0,0,0,1
v483_n7390_21_f1.png,1946.png,79.7,0,0,0,1,0,1,S,multipanel,"axes text,axes labels,annotation(s)",0,1,1,0,1,0,0,0,0,0,0,6,3,1,3,"Point,Line,Diagram",0,0,0,1,0,0,1,0,1,0,0,0,3
vis821.png,1947.png,70.6,0,1,0,0,0,1,I,multipanel,"title(s),legend text,annotation(s),caption(s),axes text,axes labels",0,1,1,1,1,1,1,0,0,0,1,12,9,10,22,"Bar,Circle,Table,Line,Point,Grid & Matrix",0,1,1,0,0,1,1,0,1,1,0,0,6
v490_n7419_1_f6.png,1948.png,42.7,0,0,0,1,1,0,S,single,annotation(s),0,0,0,0,1,0,0,0,0,0,0,2,0,1,1,Diagram,0,0,0,1,0,0,0,0,0,0,0,0,1
v488_n7411_21_f3.png,1949.png,80.4,0,0,0,1,0,1,S,multipanel,"axes text,axes labels,legend text,annotation(s)",0,1,1,0,1,0,1,0,0,0,0,5,3,5,5,"Bar,Grid & Matrix,Diagram",0,1,0,1,0,1,0,0,0,0,0,0,3
v482_n7386_12_f2.png,1950.png,79.4,0,0,0,1,0,1,S,multipanel,"axes labels,axes text,annotation(s),legend text",0,1,1,0,1,0,1,0,0,0,0,4,9,4,7,"Bar,Line,Point,Diagram",0,1,0,1,0,0,1,0,1,0,0,0,4
vis835.png,1951.png,76.1,0,1,0,0,0,1,I,multipanel,"title(s),caption(s),annotation(s)",0,0,0,1,1,1,0,0,0,0,1,10,8,8,16,"Circle,Diagram,Bar,Table",0,1,1,1,0,0,0,0,0,1,0,0,4
v486_n7404_19_f3.png,1952.png,74.8,0,0,0,1,0,1,S,multipanel,"axes text,legend text,axes labels",0,1,1,0,0,0,1,0,0,1,0,0,5,3,7,"Diagram,Bar,Line,Table",0,1,0,1,0,0,1,0,0,1,0,0,4
vis362.png,1953.png,71.7,0,1,0,0,0,1,I,multipanel,"title(s),caption(s),annotation(s)",0,0,0,1,1,1,0,0,0,0,0,13,0,0,11,Diagram,0,0,0,1,0,0,0,0,0,0,0,0,1
wsj29.png,1954.png,17.2,1,0,0,0,1,0,N,single,"axes text,title(s),caption(s),annotation(s)",0,0,1,1,1,1,0,0,0,0,1,3,2,0,1,Bar,0,1,0,0,0,0,0,0,0,0,0,0,1
visMost237.png,1955.png,68.1,0,1,0,0,1,0,I,single,"title(s),annotation(s),legend text,caption(s)",0,0,0,1,1,1,1,0,0,0,0,6,1,3,1,"Area,Circle,Point",1,0,1,0,0,0,0,0,1,0,0,0,3
wsj205.png,1956.png,19.2,1,0,0,0,0,1,N,multipanel,"text-only,title(s),caption(s),annotation(s)",0,0,0,1,1,1,0,0,1,0,0,5,3,3,3,Circle,0,0,1,0,0,0,0,0,0,0,0,0,1
wsj563.png,1957.png,40.5,1,0,0,0,0,1,N,multipanel,"title(s),axes text,axes labels,annotation(s),caption(s)",0,1,1,1,1,1,0,0,0,0,1,13,4,2,3,"Bar,Line",0,1,0,0,0,0,1,0,0,0,0,0,2
v483_n7391_3_f3.png,1958.png,61.3,0,0,0,1,0,1,S,multipanel,"axes text,axes labels,annotation(s)",0,1,1,0,1,0,0,0,0,1,0,0,3,2,6,Distribution,0,0,0,0,1,0,0,0,0,0,0,0,1
economist_daily_chart_393.png,1959.png,23.7,1,0,0,0,1,0,N,single,"axes labels,title(s),legend text,caption(s)",0,1,0,1,0,1,1,0,0,0,1,4,1,2,1,Point,0,0,0,0,0,0,0,0,1,0,0,0,1
visMost551.png,1960.png,23.6,0,1,0,0,0,1,I,multipanel,"title(s),caption(s),annotation(s)",0,0,0,1,1,1,0,0,0,0,1,4,1,0,10,"Circle,Table,Distribution",0,0,1,0,1,0,0,0,0,1,0,0,3
vis404.png,1961.png,34.4,0,1,0,0,0,1,I,multipanel,"title(s),caption(s),annotation(s),axes text",0,0,1,1,1,1,0,0,0,0,1,13,5,1,3,"Bar,Circle",0,1,1,0,0,0,0,0,0,0,0,0,2
visMost545.png,1962.png,47.2,0,1,0,0,1,0,I,single,"title(s),annotation(s),caption(s)",0,0,0,1,1,1,0,0,0,0,1,2,0,1,2,"Diagram,Table",0,0,0,1,0,0,0,0,0,1,0,0,2
vis410.png,1963.png,56.1,0,1,0,0,0,1,I,multipanel,"title(s),caption(s),annotation(s)",0,0,0,1,1,1,0,0,0,0,1,12,2,3,7,"Circle,Table,Diagram",0,0,1,1,0,0,0,0,0,1,0,0,3
wsj577.png,1964.png,62.2,1,0,0,0,0,1,N,multipanel,"axes labels,axes text,title(s),legend text,legend title,caption(s)",0,1,1,1,0,1,1,1,0,0,1,5,4,3,6,"Bar,Circle,Line",0,1,1,0,0,0,1,0,0,0,0,0,3
economist_daily_chart_387.png,1965.png,26.4,1,0,0,0,1,0,N,single,"title(s),annotation(s),caption(s)",0,0,0,1,1,1,0,0,0,0,1,6,2,2,6,"Circle,Table",0,0,1,0,0,0,0,0,0,1,0,0,2
wsj211.png,1966.png,34.2,1,0,0,0,0,1,N,multipanel,"title(s),axes text,caption(s),annotation(s)",0,0,1,1,1,1,0,0,0,0,1,11,3,0,2,Line,0,0,0,0,0,0,1,0,0,0,0,0,1
v483_n7390_3_f3.png,1967.png,68.7,0,0,0,1,0,1,S,multipanel,"axes text,axes labels,legend text",0,1,1,0,0,0,1,0,0,0,0,3,6,4,11,Line,0,0,0,0,0,0,1,0,0,0,0,0,1
vis376.png,1968.png,62.9,0,1,0,0,0,1,I,multipanel,"title(s),caption(s),annotation(s)",0,0,0,1,1,1,0,0,0,0,1,13,0,0,9,"Diagram,Table",0,0,0,1,0,0,0,0,0,1,0,0,2
visMost223.png,1969.png,70.9,0,1,0,0,0,1,I,multipanel,"title(s),annotation(s),caption(s)",0,0,0,1,1,1,0,0,0,0,1,12,6,0,8,"Table,Distribution",0,0,0,0,1,0,0,0,0,1,0,0,2
wsj239.png,1970.png,29.6,1,0,0,0,0,1,N,multipanel,"title(s),caption(s),legend text,annotation(s)",0,0,0,1,1,1,1,0,0,0,1,2,2,4,2,"Map,Bar",0,1,0,0,0,0,0,1,0,0,0,0,2
v489_n7415_3_f5.png,1971.png,52.3,0,0,0,1,0,1,S,multipanel,"axes text,axes labels,annotation(s)",0,1,1,0,1,0,0,0,0,0,0,1,1,2,7,"Bar,Table",0,1,0,0,0,0,0,0,0,1,0,0,2
v487_n7408_1_f3.png,1972.png,80.8,0,0,0,1,0,1,S,multipanel,"axes text,axes labels,annotation(s)",0,1,1,0,1,0,0,0,0,0,0,5,1,2,9,"Diagram,Bar,Table",0,1,0,1,0,0,0,0,0,1,0,0,3
wsj15.png,1973.png,42.5,1,0,0,0,1,0,N,single,"title(s),caption(s),legend text,legend title",0,0,0,1,0,1,1,1,0,0,1,5,1,1,1,Map,0,0,0,0,0,0,0,1,0,0,0,0,1
vis438.png,1974.png,36.4,0,1,0,0,0,1,I,multipanel,"title(s),annotation(s),caption(s)",0,0,0,1,1,1,0,0,0,0,0,4,5,3,8,"Circle,Diagram",0,0,1,1,0,0,0,0,0,0,0,0,2
v485_n7397_23_f1.png,1975.png,80.1,0,0,0,1,0,1,S,multipanel,"axes text,axes labels,legend text,annotation(s)",0,1,1,0,1,0,1,0,0,0,0,8,7,2,11,"Diagram,Bar,Line,Table",0,1,0,1,0,0,1,0,0,1,0,0,4
v487_n7405_21_f1.png,1976.png,71.6,0,0,0,1,0,1,S,multipanel,"annotation(s),legend text,axes text",0,0,1,0,1,0,1,0,0,0,0,7,1,2,2,Diagram,0,0,0,1,0,0,0,0,0,0,0,0,1
v483_n7391_11_f2.png,1977.png,76.3,0,0,0,1,0,1,S,multipanel,"axes text,legend text,annotation(s),axes labels",0,1,1,0,1,0,1,0,0,0,0,13,11,1,10,"Area,Line,Point",1,0,0,0,0,0,1,0,1,0,0,0,3
visMost579.png,1978.png,67.8,0,1,0,0,1,0,I,single,"title(s),annotation(s)",0,0,0,1,1,0,0,0,0,0,1,13,0,2,1,Trees & Networks,0,0,0,0,0,0,0,0,0,0,0,1,1
v489_n7414_3_f5.png,1979.png,66.1,0,0,0,1,0,1,S,multipanel,"axes text,legend text,annotation(s),axes labels",0,1,1,0,1,0,1,0,0,0,0,9,9,4,8,"Grid & Matrix,Line,Circle,Distribution",0,0,1,0,1,1,1,0,0,0,0,0,4
v488_n7411_17_f2.png,1980.png,75,0,0,0,1,0,1,S,multipanel,"axes test,axes labels,annotation(s),title(s)",0,1,0,1,1,0,0,0,0,1,0,0,9,3,11,"Bar,Point",0,1,0,0,0,0,0,0,1,0,0,0,2
v483_n7388_13_f4.png,1981.png,40.2,0,0,0,1,1,0,S,single,"axes text,axes labels,annotation(s)",0,1,1,0,1,0,0,0,0,0,0,20,0,9,2,"Table,Trees & Networks",0,0,0,0,0,0,0,0,0,1,0,1,2
economist_daily_chart_436.png,1982.png,14.7,1,0,0,0,1,0,N,single,"title(s),axes text,legend text,caption(s)",0,0,1,1,0,1,1,0,0,0,1,3,2,3,1,Bar,0,1,0,0,0,0,0,0,0,0,0,0,1
v488_n7411_8_f2.png,1983.png,51.4,0,0,0,1,0,1,S,multipanel,"axes text,axes labels,legend title,legend text",0,1,1,0,0,0,1,1,0,0,0,7,8,1,4,"Area,Line,Distribution",1,0,0,0,1,0,1,0,0,0,0,0,3
visMost592.png,1984.png,55.8,0,1,0,0,1,0,I,single,"title(s),annotation(s),caption(s)",0,0,0,1,1,1,0,0,0,0,0,23,0,1,1,Diagram,0,0,0,1,0,0,0,0,0,0,0,0,1
whoF09.png,1985.png,27.3,0,0,1,0,0,1,G,multipanel,"axes labels,axes text,title(s),legend text,caption(s)",0,1,1,1,0,1,1,0,0,0,1,3,1,3,1,Bar,0,1,0,0,0,0,0,0,0,0,0,0,1
whoQ53_1.png,1986.png,11.6,0,0,1,0,1,0,G,single,"axes text,title(s),legend text",0,0,1,1,0,0,1,0,0,0,0,3,1,2,1,Bar,0,1,0,0,0,0,0,0,0,0,0,0,1
v487_n7408_21_f2.png,1987.png,71.4,0,0,0,1,0,1,S,multipanel,"axes text,legend text,axes labels",0,1,1,0,0,0,1,0,0,0,0,4,4,8,12,"Line,Table,Point,Bar",0,1,0,0,0,0,1,0,1,1,0,0,4
whoQ38.png,1988.png,52.5,0,0,1,0,0,1,G,multipanel,"caption(s),axes text,title(s),axes labels",0,1,1,1,0,1,0,0,0,0,0,5,5,1,4,Point,0,0,0,0,0,0,0,0,1,0,0,0,1
economist_daily_chart_350.png,1989.png,25.7,1,0,0,0,1,0,N,single,"legend title,legend text,annotation(s)",0,0,0,0,1,0,1,1,0,0,1,7,1,1,1,Map,0,0,0,0,0,0,0,1,0,0,0,0,1
v488_n7410_8_f2.png,1990.png,41.6,0,0,0,1,0,1,S,multipanel,"axes text,axes labels,legend text,annotation(s)",0,1,1,0,1,0,1,0,0,0,0,2,4,2,2,"Line,Point",0,0,0,0,0,0,1,0,1,0,0,0,2
economist_daily_chart_344.png,1991.png,5.7,1,0,0,0,1,0,N,single,"axes text,title(s),caption(s)",0,0,1,1,0,1,0,0,0,0,1,3,1,1,1,Bar,0,1,0,0,0,0,0,0,0,0,0,0,1
visMost586.png,1992.png,59.8,0,1,0,0,0,1,I,multipanel,"axes labels,title(s),annotation(s),caption(s),legend text",0,1,0,1,1,1,1,0,0,0,1,4,6,3,13,"Table,Bar,Circle,Diagram",0,1,1,1,0,0,0,0,0,1,0,0,4
whoQ30_2.png,1993.png,46.4,0,0,1,0,1,0,G,single,"caption(s),axes text,legend text,axes labels,title(s)",0,1,1,1,0,1,1,0,0,0,0,5,2,1,1,Point,0,0,0,0,0,0,0,0,1,0,0,0,1
economist_daily_chart_422.png,1994.png,32.7,1,0,0,0,1,0,N,single,"axes labels,title(s),annotation(s),caption(s)",0,1,0,1,1,1,0,0,0,0,0,3,2,0,1,Point,0,0,0,0,0,0,0,0,1,0,0,0,1
whoQ04.png,1995.png,27,0,0,1,0,1,0,G,single,"text-only,caption(s),title(s)",0,0,0,1,0,1,0,0,1,0,0,2,0,1,1,Diagram,0,0,0,1,0,0,0,0,0,0,0,0,1
whoF21.png,1996.png,36.5,0,0,1,0,0,1,G,multipanel,"title(s),axes text,axes laebls,annotation(s)",0,0,1,1,1,0,0,0,0,0,1,7,2,2,1,Bar,0,1,0,0,0,0,0,0,0,0,0,0,1
wsj588.png,1997.png,35.1,1,0,0,0,0,1,N,multipanel,"title(s),annotation(s),caption(s)",0,0,0,1,1,1,0,0,0,0,1,4,3,3,3,Bar,0,1,0,0,0,0,0,0,0,0,0,0,1
economist_daily_chart_378.png,1998.png,51.6,1,0,0,0,0,1,N,multipanel,"axes text,title(s),annotation(s),caption(s)",0,0,1,1,1,1,0,0,0,0,1,11,4,3,4,"Circle,Bar",0,1,1,0,0,0,0,0,0,0,0,0,2
vis389.png,1999.png,79,0,1,0,0,1,0,I,single,"axes text,title(s),caption(s),legend text",0,0,1,1,0,1,1,0,0,0,0,5,0,1,1,Trees & Networks,0,0,0,0,0,0,0,0,0,0,0,1,1
v487_n7405_9_f1.png,2000.png,57.7,0,0,0,1,1,0,S,single,annotation(s),0,0,0,0,1,0,0,0,0,0,0,6,0,0,3,Diagram,0,0,0,1,0,0,0,0,0,0,0,0,1
economist_daily_chart_379.png,2001.png,12,1,0,0,0,1,0,N,single,"axes text,title(s),caption(s),legend text",0,0,1,1,0,1,1,0,0,0,1,4,1,2,1,Bar,0,1,0,0,0,0,0,0,0,0,0,0,1
wsj589.png,2002.png,34.4,1,0,0,0,1,0,N,single,"annotation(s),caption(s),legend title,legend text,title(s)",0,0,0,1,1,1,1,1,0,0,1,4,0,1,1,Map,0,0,0,0,0,0,0,1,0,0,0,0,1
v485_n7400_8_f4.png,2003.png,66.8,0,0,0,1,0,1,S,multipanel,"axes labels,axes text,annotation(s)",0,1,1,0,1,0,0,0,0,0,0,4,6,0,3,"Line,Point",0,0,0,0,0,0,1,0,1,0,0,0,2
v485_n7397_5_f1.png,2004.png,77,0,0,0,1,1,0,S,single,"axes text,axes labels,legend text",0,1,1,0,0,0,1,0,0,0,0,2,2,1,1,Point,0,0,0,0,0,0,0,0,1,0,0,0,1
whoF20.png,2005.png,25.4,0,0,1,0,0,1,G,multipanel,"title(s),axes text,axes labels,caption(s),annotation(s)",0,1,1,1,1,1,0,0,0,0,1,5,2,1,1,Line,0,0,0,0,0,0,1,0,0,0,0,0,1
vis388.png,2006.png,58.9,0,1,0,0,0,1,I,multipanel,"title(s),caption(s),annotation(s)",0,0,0,1,1,1,0,0,0,0,1,15,21,2,9,"Bar,Circle,Table",0,1,1,0,0,0,0,0,0,1,0,0,3
v488_n7413_20_f1.png,2007.png,65.8,0,0,0,1,0,1,S,multipanel,"axes text,axes labels,legend text",0,1,1,0,0,0,1,0,0,1,0,0,4,5,7,"Bar,Diagram",0,1,0,1,0,0,0,0,0,0,0,0,2
v485_n7396_5_f1.png,2008.png,82.8,0,0,0,1,0,1,S,multipanel,"axes labels,axes text,annotation(s)",0,1,1,0,1,0,0,0,0,0,0,8,9,2,5,"Table,Distribution,Bar",0,1,0,0,1,0,0,0,0,1,0,0,3
whoQ05.png,2009.png,31.8,0,0,1,0,0,1,G,multipanel,"axes text,caption(s),title(s),legend text",0,0,1,1,0,1,1,0,0,0,0,2,1,2,4,Bar,0,1,0,0,0,0,0,0,0,0,0,0,1
visMost587.png,2010.png,61.3,0,1,0,0,0,1,I,multipanel,"axes text,title(s),annotation(s),caption(s)",0,0,1,1,1,1,0,0,0,0,1,10,5,5,9,"Circle,Trees & Networks,Bar,Table,Line",0,1,1,0,0,0,1,0,0,1,0,1,5
treasuryG05_1.png,2011.png,36.1,0,0,1,0,1,0,G,single,"axes text,title(s),caption(s),annotation(s)",0,0,1,1,1,1,0,0,0,0,0,2,3,0,1,Line,0,0,0,0,0,0,1,0,0,0,0,0,1
v488_n7410_8_f3.png,2012.png,66.9,0,0,0,1,1,0,S,single,text-only,0,0,0,0,0,0,0,0,1,0,0,2,0,4,1,Diagram,0,0,0,1,0,0,0,0,0,0,0,0,1
economist_daily_chart_423.png,2013.png,24.3,1,0,0,0,1,0,N,single,"title(s),axes text,caption(s),legend text",0,0,1,1,0,1,1,0,0,0,1,5,1,2,1,Bar,0,1,0,0,0,0,0,0,0,0,0,0,1
whoK24_1.png,2014.png,26.3,0,0,1,0,1,0,G,single,"title(s),axes text,caption(s),annotation(s),legend text",0,0,1,1,1,1,1,0,0,0,0,3,2,2,1,Bar,0,1,0,0,0,0,0,0,0,0,0,0,1
v488_n7411_8_f3.png,2015.png,63.3,0,0,0,1,0,1,S,multipanel,"axes text,legend title",0,0,1,0,0,0,0,1,0,0,0,4,3,1,3,Grid & Matrix,0,0,0,0,0,1,0,0,0,0,0,0,1
economist_daily_chart_437.png,2016.png,29.8,1,0,0,0,0,1,N,multipanel,"axes text,title(s),caption(s),legend text",0,0,1,1,0,1,1,0,0,0,1,6,3,2,2,Line,0,0,0,0,0,0,1,0,0,0,0,0,1
economist_daily_chart_351.png,2017.png,17.9,1,0,0,0,0,1,N,multipanel,"axes text,title(s),caption(s)",0,0,1,1,0,1,0,0,0,0,1,3,2,1,2,Bar,0,1,0,0,0,0,0,0,0,0,0,0,1
v487_n7408_21_f3.png,2018.png,72.9,0,0,0,1,0,1,S,multipanel,axes text,0,0,1,0,0,0,0,0,0,0,0,1,1,6,5,"Circle,Distribution",0,0,1,0,1,0,0,0,0,0,0,0,2
visMost593.png,2019.png,33,0,1,0,0,0,1,I,multipanel,"title(s),caption(s),annotation(s)",0,0,0,1,1,1,0,0,0,0,1,8,9,5,3,"Table,Diagram",0,0,0,1,0,0,0,0,0,1,0,0,2
whoF08.png,2020.png,22.3,0,0,1,0,0,1,G,multipanel,"annotation(s),title(s),caption(s)",0,0,0,1,1,1,0,0,0,0,0,10,1,2,2,"Circle,Bar",0,1,1,0,0,0,0,0,0,0,0,0,2
whoC04_2.png,2021.png,18.4,0,0,1,0,0,1,G,multipanel,"title(s),axes text,axes labels,legend text",0,1,1,1,0,0,1,0,0,0,0,1,3,1,1,Bar,0,1,0,0,0,0,0,0,0,0,0,0,1
v489_n7414_3_f4.png,2022.png,76.3,0,0,0,1,0,1,S,multipanel,"axes labels,axes text,annotation(s),title(s)",0,1,1,1,1,0,0,0,0,0,0,10,3,2,5,"Diagram,Line,Distribution",0,0,0,1,1,0,1,0,0,0,0,0,3
visMost578.png,2023.png,46.7,0,1,0,0,0,1,I,multipanel,"title(s),caption(s),legend title,legend text,annotation(s)",0,0,0,1,1,1,1,1,0,0,1,12,4,1,5,"Table,Diagram",0,0,0,1,0,0,0,0,0,1,0,0,2
v483_n7390_19_f4.png,2024.png,68.5,0,0,0,1,0,1,S,multipanel,"axes text,legend text,axes labels",0,1,1,0,0,0,1,0,0,0,0,4,4,5,8,"Bar,Line,Distribution",0,1,0,0,1,0,1,0,0,0,0,0,3
v488_n7411_17_f3.png,2025.png,71.4,0,0,0,1,0,1,S,multipanel,"axes text,axes lables,legend text",0,0,1,0,0,0,1,0,0,1,0,0,5,4,8,"Bar,Distribution",0,1,0,0,1,0,0,0,0,0,0,0,2
wsj14.png,2026.png,20.9,1,0,0,0,0,1,N,multipanel,"title(s),axes text,caption(s),annotation(s),legend text",0,0,1,1,1,1,1,0,0,0,1,4,3,1,2,Bar,0,1,0,0,0,0,0,0,0,0,0,0,1
v487_n7408_1_f2.png,2027.png,80.3,0,0,0,1,0,1,S,multipanel,"axes text,axes labels",0,1,1,0,0,0,0,0,0,0,0,3,4,2,7,"Bar,Line,Point",0,1,0,0,0,0,1,0,1,0,0,0,3
v489_n7415_3_f4.png,2028.png,62.2,0,0,0,1,0,1,S,multipanel,"axes text,axes labels,legend text,annotation(s)",0,1,1,0,1,0,1,0,0,0,0,5,3,1,6,Line,0,0,0,0,0,0,1,0,0,0,0,0,1
wsj238.png,2029.png,16.9,1,0,0,0,0,1,N,multipanel,"title(s),annotation(s),caption(s)",0,0,0,1,1,1,0,0,0,0,0,2,3,0,1,Area,1,0,0,0,0,0,0,0,0,0,0,0,1
v483_n7391_11_f3.png,2030.png,55.2,0,0,0,1,0,1,S,multipanel,"axes text,legend text,axes labels",0,1,1,0,0,0,1,0,0,0,0,1,3,1,3,Line,0,0,0,0,0,0,1,0,0,0,0,0,1
vis439.png,2031.png,47.6,0,1,0,0,0,1,I,multipanel,"title(s),legend title,legend text,annotation(s),caption(s)",0,0,0,1,1,1,1,1,0,0,1,13,3,4,6,"Map,Table,Circle",0,0,1,0,0,0,0,1,0,1,0,0,3
v488_n7410_11_f1.png,2032.png,37.2,0,0,0,1,0,1,S,multipanel,annotation(s),0,0,0,0,1,0,0,0,0,0,0,1,0,1,1,Diagram,0,0,0,1,0,0,0,0,0,0,0,0,1
economist_daily_chart_386.png,2033.png,38.7,1,0,0,0,0,1,N,multipanel,no text,1,0,0,0,0,0,0,0,0,0,1,1,0,0,1,Map,0,0,0,0,0,0,0,1,0,0,0,0,1
treasuryD04_1.png,2034.png,36.1,0,0,1,0,1,0,G,single,"text-only,caption(s),title(s)",0,0,0,1,0,1,0,0,1,0,0,3,2,1,2,"Table,Text",0,0,0,0,0,0,0,0,0,1,1,0,2
wsj576.png,2035.png,48.2,1,0,0,0,0,1,N,multipanel,"annotation(s),title(s),axes labels,caption(s),axes text,legend text",0,1,1,1,1,1,1,0,0,0,0,4,4,2,2,"Line,Area",1,0,0,0,0,0,1,0,0,0,0,0,2
vis411.png,2036.png,65.6,0,1,0,0,0,1,I,multipanel,"title(s),caption(s)",0,0,0,1,0,1,0,0,0,0,1,14,12,0,7,"Map,Circle,Diagram,Point",0,0,1,1,0,0,0,1,1,0,0,0,4
whoH07.png,2037.png,20.2,0,0,1,0,0,1,G,multipanel,"annotation(s),axes text,title(s)",0,0,1,1,1,0,0,0,0,0,0,1,1,1,1,Bar,0,1,0,0,0,0,0,0,0,0,0,0,1
visMost544.png,2038.png,44.7,0,1,0,0,0,1,I,multipanel,"annotation(s),title(s),caption(s)",0,0,0,1,1,1,0,0,0,0,1,5,1,8,1,"Circle,Bar,Table",0,1,1,0,0,0,0,0,0,1,0,0,3
visMost222.png,2039.png,42.4,0,1,0,0,0,1,I,multipanel,"title(s),annotation(s),caption(s),axes text",0,0,1,1,1,1,0,0,0,0,1,12,4,8,7,"Bar,Circle,Diagram,Distribution,Map",0,1,1,1,1,0,0,1,0,0,0,0,5
treasuryL02_1.png,2040.png,37.6,0,0,1,0,1,0,G,single,"caption(s),axes labels,axes text,title(s),text-only",0,1,1,1,0,1,0,0,1,0,0,1,2,1,1,Table,0,0,0,0,0,0,0,0,0,1,0,0,1
vis377.png,2041.png,49.1,0,1,0,0,0,1,I,multipanel,"title(s),annotation(s),caption(s),axes text",0,0,1,1,1,1,0,0,0,0,0,2,8,5,7,"Area,Point,Table,Map",1,0,0,0,0,0,0,1,1,1,0,0,4
v483_n7390_3_f2.png,2042.png,70.2,0,0,0,1,0,1,S,multipanel,"annotation(s),axes text,axes labels,legend text",0,1,1,0,1,0,1,0,0,0,0,3,4,4,4,"Bar,Distribution,Line",0,1,0,0,1,0,1,0,0,0,0,0,3
wsj210.png,2043.png,47.7,1,0,0,0,0,1,N,multipanel,"title(s),caption(s),axes labels,axes text,annotation(s)",0,1,1,1,1,1,0,0,0,0,1,3,2,1,1,Distribution,0,0,0,0,1,0,0,0,0,0,0,0,1
wsj204.png,2044.png,24.5,1,0,0,0,0,1,N,multipanel,"title(s),caption(s),annotation(s)",0,0,0,1,1,1,0,0,0,0,0,3,1,1,1,Area,1,0,0,0,0,0,0,0,0,0,0,0,1
v483_n7387_1_f1.png,2045.png,90.5,0,0,0,1,0,1,S,multipanel,"axes labels,axes text,legend text",0,1,1,0,0,0,1,0,0,0,0,7,8,0,11,"Diagram,Point,Distribution,Line",0,0,0,1,1,0,1,0,1,0,0,0,4
v483_n7390_17_f1.png,2046.png,67.7,0,0,0,1,0,1,S,multipanel,"legend text,axes text,title(s),axes labels",0,1,1,1,0,0,1,0,0,0,0,5,4,3,3,"Distribution,Circle,Bar",0,1,1,0,1,0,0,0,0,0,0,0,3
visMost236.png,2047.png,41.5,0,1,0,0,0,1,I,multipanel,"annotation(s),title(s),caption(s),axes text",0,0,1,1,1,1,0,0,0,0,0,2,1,5,5,"Area,Bar,Table",1,1,0,0,0,0,0,0,0,1,0,0,3
wsj28.png,2048.png,31,1,0,0,0,1,0,N,single,"title(s),annotation(s),caption(s)",0,0,0,1,1,1,0,0,0,0,0,2,1,1,1,Area,1,0,0,0,0,0,0,0,0,0,0,0,1
vis363.png,2049.png,43.7,0,1,0,0,0,1,I,multipanel,"title(s),annotation(s),caption(s)",0,0,0,1,1,1,0,0,0,0,1,2,0,1,4,Diagram,0,0,0,1,0,0,0,0,0,0,0,0,1
vis405.png,2050.png,45.2,0,1,0,0,0,1,I,multipanel,"title(s),caption(s),annotation(s)",0,0,0,1,1,1,0,0,0,0,1,5,2,2,3,"Diagram,Text,Circle",0,0,1,1,0,0,0,0,0,0,1,0,3
visMost550.png,2051.png,43.5,0,1,0,0,0,1,I,multipanel,"title(s),caption(s)",0,0,0,1,0,1,0,0,0,0,0,20,0,1,10,Table,0,0,0,0,0,0,0,0,0,1,0,0,1
economist_daily_chart_392.png,2052.png,15.9,1,0,0,0,1,0,N,single,"title(s),axes text,caption(s)",0,0,1,1,0,1,0,0,0,0,1,3,1,1,1,Bar,0,1,0,0,0,0,0,0,0,0,0,0,1
v483_n7391_3_f2.png,2053.png,38.7,0,0,0,1,0,1,S,multipanel,annotation(s),0,0,0,0,1,0,0,0,0,0,0,1,1,1,6,Diagram,0,0,0,1,0,0,0,0,0,0,0,0,1
wsj562.png,2054.png,20.4,1,0,0,0,1,0,N,single,"title(s),axes labels,axes text,caption(s),annotation(s)",0,1,1,1,1,1,0,0,0,0,1,3,2,1,1,Bar,0,1,0,0,0,0,0,0,0,0,0,0,1
v485_n7397_15_f1.png,2055.png,64.2,0,0,0,1,1,0,S,single,"annotation(s),axes labels",0,1,0,0,1,0,0,0,0,0,0,6,1,1,1,Diagram,0,0,0,1,0,0,0,0,0,0,0,0,1
v487_n7405_17_f1.png,2056.png,87.5,0,0,0,1,0,1,S,multipanel,"axes labels,axes text,legend text",0,1,1,0,0,0,1,0,0,0,0,5,10,3,7,"Circle,Bar,Point,Area,Diagram,Distribution,Line",1,1,1,1,1,0,1,0,1,0,0,0,7
v486_n7404_19_f2.png,2057.png,78.2,0,0,0,1,0,1,S,multipanel,"legend text,axes labels,axes text",0,1,1,0,0,0,1,0,0,1,0,0,5,3,6,"Bar,Table",0,1,0,0,0,0,0,0,0,1,0,0,2
vis834.png,2058.png,22,0,1,0,0,0,1,I,multipanel,"title(s),annotation(s),caption(s)",0,0,0,1,1,1,0,0,0,0,1,2,1,4,4,Circle,0,0,1,0,0,0,0,0,0,0,0,0,1
v488_n7411_21_f2.png,2059.png,91.3,0,0,0,1,0,1,S,multipanel,"axes text,axes labels",0,1,1,0,0,0,0,0,0,0,0,5,4,5,7,"Bar,Table,Line,Point,Grid & Matrix",0,1,0,0,0,1,1,0,1,1,0,0,5
v490_n7419_1_f7.png,2060.png,56.9,0,0,0,1,1,0,S,single,annotation(s),0,0,0,0,1,0,0,0,0,0,0,2,3,1,1,Diagram,0,0,0,1,0,0,0,0,0,0,0,0,1
vis820.png,2061.png,79.5,0,1,0,0,0,1,I,multipanel,"axes text,title(s),caption(s),annotation(s)",0,0,1,1,1,1,0,0,0,0,0,5,6,4,22,"Bar,Table",0,1,0,0,0,0,0,0,0,1,0,0,2
v482_n7386_12_f3.png,2062.png,76.9,0,0,0,1,0,1,S,multipanel,"axes text,axes labels,legend text",0,1,1,0,0,0,1,0,0,0,0,3,5,2,9,"Bar,Table,Distribution,Line,Point",0,1,0,0,1,0,1,0,1,1,0,0,5
treasuryB04.png,2063.png,58,0,0,1,0,1,0,G,single,"title(s),axes text,legend title,legend text,annotation(s),caption(s),axes labels",0,1,1,1,1,1,1,1,0,0,0,5,3,3,2,"Line,Bar",0,1,0,0,0,0,1,0,0,0,0,0,2
whoQ32_1.png,2064.png,42.9,0,0,1,0,0,1,G,multipanel,"legend text,caption(s),title(s)",0,0,0,1,0,1,1,0,0,0,0,6,1,2,1,Circle,0,0,1,0,0,0,0,0,0,0,0,0,1
v486_n7403_25_f6.png,2065.png,54.8,0,0,0,1,0,1,S,multipanel,"axes labels,axes text,legend text",0,1,1,0,0,0,1,0,0,0,0,5,2,1,2,Line,0,0,0,0,0,0,1,0,0,0,0,0,1
economist_daily_chart_147.png,2066.png,46.9,1,0,0,0,0,1,N,multipanel,"axes text,axes labels,title(s),legend text",0,1,1,1,0,0,1,0,0,0,0,3,2,4,2,"Line,Bar",0,1,0,0,0,0,1,0,0,0,0,0,2
whoQ42_8.png,2067.png,21.4,0,0,1,0,1,0,G,single,"title(s),axes text,legend text",0,0,1,1,0,0,1,0,0,0,0,2,1,2,1,Bar,0,1,0,0,0,0,0,0,0,0,0,0,1
visMost785.png,2068.png,59.5,0,1,0,0,0,1,I,multipanel,"title(s),annotation(s),caption(s),axes text,legend text,legend title",0,0,1,1,1,1,1,1,0,0,1,4,9,7,17,"Map,Line,Point,Circle,Area",1,0,1,0,0,0,1,1,1,0,0,0,5
vis808.png,2069.png,51.3,0,1,0,0,0,1,I,multipanel,"annotation(s),title(s),axes text,caption(s)",0,0,1,1,1,1,0,0,0,0,1,20,1,3,3,"Map,Table",0,0,0,0,0,0,0,1,0,1,0,0,2
visMost791.png,2070.png,51.1,0,1,0,0,0,1,I,multipanel,"title(s),annotation(s),caption(s),legend text",0,0,0,1,1,1,1,0,0,0,1,4,2,8,8,"Circle,Table",0,0,1,0,0,0,0,0,0,1,0,0,2
whoQ51_2.png,2071.png,13.8,0,0,1,0,1,0,G,single,"title(s),axes text",0,0,1,1,0,0,0,0,0,0,0,1,1,1,1,Bar,0,1,0,0,0,0,0,0,0,0,0,0,1
economist_daily_chart_153.png,2072.png,24.3,1,0,0,0,1,0,N,single,"title(s),axes text,legend text,caption(s)",0,0,1,1,0,1,1,0,0,0,0,3,2,1,1,Area,1,0,0,0,0,0,0,0,0,0,0,0,1
v490_n7420_7_f2.png,2073.png,76.4,0,0,0,1,0,1,S,multipanel,"axes labels,axes text,legend text,annotation(s)",0,1,1,0,1,0,1,0,0,0,0,3,2,3,2,Point,0,0,0,0,0,0,0,0,1,0,0,0,1
v486_n7402_1_f5.png,2074.png,79.8,0,0,0,1,0,1,S,multipanel,"axes labels,axes text,annotation(s)",0,1,1,0,1,0,0,0,0,0,0,6,3,1,9,Line,0,0,0,0,0,0,1,0,0,0,0,0,1
v487_n7405_19_f4.png,2075.png,54.4,0,0,0,1,0,1,S,multipanel,"axes labels,axes text",0,1,1,0,0,0,0,0,0,0,0,3,4,3,4,Line,0,0,0,0,0,0,1,0,0,0,0,0,1
whoQ14_2.png,2076.png,25.2,0,0,1,0,1,0,G,single,"axes text,caption(s),title(s),axes labels",0,1,1,1,0,1,0,0,0,0,0,1,1,1,1,Bar,0,1,0,0,0,0,0,0,0,0,0,0,1
treasuryB10.png,2077.png,44.9,0,0,1,0,1,0,G,single,"caption(s),annotation(s),axes text,title(s)",0,0,1,1,1,1,0,0,0,0,0,5,1,3,2,"Area,Table",1,0,0,0,0,0,0,0,0,1,0,0,2
vis149.png,2078.png,54.8,0,1,0,0,0,1,I,multipanel,"title(s),annotation(s),caption(s)",0,0,0,1,1,1,0,0,0,0,1,14,8,9,6,"Point,Table,Circle",0,0,1,0,0,0,0,0,1,1,0,0,3
v488_n7413_5_f4.png,2079.png,55.7,0,0,0,1,0,1,S,multipanel,"axes labels,axes text,title(s)",0,1,1,1,0,0,0,0,0,0,0,10,1,2,1,Circle,0,0,1,0,0,0,0,0,0,0,0,0,1
whoJ39.png,2080.png,41.6,0,0,1,0,0,1,G,multipanel,"caption(s),axes labels,axes text,annotation(s),legend text,title(s)",0,1,1,1,1,1,1,0,0,0,0,3,3,1,2,"Circle,Area",1,0,1,0,0,0,0,0,0,0,0,0,2
v487_n7407_20_f3.png,2081.png,77.9,0,0,0,1,0,1,S,multipanel,"axes labels,axes text",0,1,1,0,0,0,0,0,0,0,0,10,3,1,2,Point,0,0,0,0,0,0,0,0,1,0,0,0,1
v487_n7408_17_f2.png,2082.png,85.5,0,0,0,1,0,1,S,multipanel,"legend text,axes text,annotation(s),title(s)",0,0,1,1,1,0,1,0,0,0,0,5,1,5,2,"Diagram,Area",1,0,0,1,0,0,0,0,0,0,0,0,2
vis175.png,2083.png,46,0,1,0,0,0,1,I,multipanel,"title(s),annotation(s),legend text,caption(s)",0,0,0,1,1,1,1,0,0,0,1,4,4,13,5,"Table,Circle,Bar",0,1,1,0,0,0,0,0,0,1,0,0,3
v484_n7392_18_f3.png,2084.png,82.8,0,0,0,1,0,1,S,multipanel,"axes labels,axes text,legend text",0,1,1,0,0,0,1,0,0,0,0,6,9,5,11,"Bar,Diagram,Distribution,Line,Point",0,1,0,1,1,0,1,0,1,0,0,0,5
visMost746.png,2085.png,47.8,0,1,0,0,0,1,I,multipanel,"title(s),annotation(s),axes text,caption(s)",0,0,1,1,1,1,0,0,0,0,1,5,6,5,6,"Bar,Area,Point,Table",1,1,0,0,0,0,0,0,1,1,0,0,4
whoJ05.png,2086.png,46.1,0,0,1,0,0,1,G,multipanel,"caption(s),annotation(s),legend title,legend text,title(s)",0,0,0,1,1,1,1,1,0,0,0,5,0,3,2,Map,0,0,0,0,0,0,0,1,0,0,0,0,1
vis613.png,2087.png,47.6,0,1,0,0,0,1,I,multipanel,"title(s),annotation(s),axes text,caption(s)",0,0,1,1,1,1,0,0,0,0,0,5,6,7,4,"Bar,Table,Area",1,1,0,0,0,0,0,0,0,1,0,0,3
treasuryD06_3.png,2088.png,16.4,0,0,1,0,1,0,G,single,"legend title,legend text,title(s),caption(s)",0,0,0,1,0,1,1,1,0,0,0,5,1,0,1,Map,0,0,0,0,0,0,0,1,0,0,0,0,1
economist_daily_chart_184.png,2089.png,34.2,1,0,0,0,1,0,N,single,"title(s),caption(s),axes text,annotation(s)",0,0,1,1,1,1,0,0,0,0,0,4,2,1,1,Line,0,0,0,0,0,0,1,0,0,0,0,0,1
economist_daily_chart_190.png,2090.png,23.5,1,0,0,0,1,0,N,single,"title(s),legend text,caption(s),axes text",0,0,1,1,0,1,1,0,0,0,0,3,2,1,1,Bar,0,1,0,0,0,0,0,0,0,0,0,0,1
visMost752.png,2091.png,40.6,0,1,0,0,0,1,I,multipanel,"title(s),caption(s),annotation(s),legend text,axes text",0,0,1,1,1,1,1,0,0,0,1,7,2,5,5,"Area,Circle,Point",1,0,1,0,0,0,0,0,1,0,0,0,3
v485_n7400_19_f3.png,2092.png,74.8,0,0,0,1,0,1,S,multipanel,"axes labels,axes text,annotation(s)",0,1,1,0,1,0,0,0,0,0,0,2,7,3,5,"Bar,Distribution",0,1,0,0,1,0,0,0,0,0,0,0,2
whoJ11.png,2093.png,12.699999999999998,0,0,1,0,1,0,G,single,"caption(s),legend text,title(s)",0,0,0,1,0,1,1,0,0,0,0,3,1,1,1,Circle,0,0,1,0,0,0,0,0,0,0,0,0,1
vis607.png,2094.png,34.7,0,1,0,0,0,1,I,multipanel,"title(s),annotation(s),axes text,axes labels",0,1,1,1,1,0,0,0,0,0,1,5,1,5,4,Area,1,0,0,0,0,0,0,0,0,0,0,0,1
vis161.png,2095.png,49,0,1,0,0,0,1,I,multipanel,"title(s),annotation(s),caption(s)",0,0,0,1,1,1,0,0,0,0,1,2,7,14,8,"Area,Circle,Map,Table",1,0,1,0,0,0,0,1,0,1,0,0,4
wsj199.png,2096.png,14.5,1,0,0,0,1,0,N,single,"annotation(s),caption(s),title(s),legend text",0,0,0,1,1,1,1,0,0,0,1,2,0,2,1,Map,0,0,0,0,0,0,0,1,0,0,0,0,1
v486_n7402_21_f1.png,2097.png,51,0,0,0,1,0,1,S,multipanel,"axes labels,axes text,annotation(s)",0,1,1,0,1,0,0,0,0,1,0,0,2,1,4,Bar,0,1,0,0,0,0,0,0,0,0,0,0,1
vis940.png,2098.png,45.4,0,1,0,0,1,0,I,single,"title(s),annotation(s),axes text,caption(s)",0,0,1,1,1,1,0,0,0,0,0,3,2,3,3,Table,0,0,0,0,0,0,0,0,0,1,0,0,1
v487_n7405_15_f4.png,2099.png,87.2,0,0,0,1,0,1,S,multipanel,"axes labels,axes text,legend title,legend text",0,1,1,0,0,0,1,1,0,0,0,5,3,3,4,"Line,Text,Bar",0,1,0,0,0,0,1,0,0,0,1,0,3
vis798.png,2100.png,56.4,0,1,0,0,0,1,I,multipanel,"title(s),annotation(s),caption(s)",0,0,0,1,1,1,0,0,0,0,1,10,1,7,4,"Table,Circle",0,0,1,0,0,0,0,0,0,1,0,0,2
v489_n7416_2_f3.png,2101.png,60.4,0,0,0,1,0,1,S,multipanel,"axes labels,axes text,legend text",0,1,1,0,0,0,1,0,0,0,0,3,7,2,8,Bar,0,1,0,0,0,0,0,0,0,0,0,0,1
visMost815.png,2102.png,45.8,0,1,0,0,0,1,I,multipanel,"title(s),axes text,annotation(s),caption(s)",0,0,1,1,1,1,0,0,0,0,1,10,4,6,7,"Map,Area,Table",1,0,0,0,0,0,0,1,0,1,0,0,3
vis954.png,2103.png,59.4,0,1,0,0,1,0,I,single,"title(s),annotation(s),caption(s)",0,0,0,1,1,1,0,0,0,0,1,6,0,3,3,"Diagram,Table",0,0,0,1,0,0,0,0,0,1,0,0,2
v486_n7404_7_f1.png,2104.png,74.6,0,0,0,1,0,1,S,multipanel,"axes text,axes labels",0,1,1,0,0,0,0,0,0,0,0,6,1,2,5,"Diagram,Area",1,0,0,1,0,0,0,0,0,0,0,0,2
visMost801.png,2105.png,70.4,0,1,0,0,0,1,I,multipanel,"title(s),caption(s),legend text,axes text,axes labels,annotation(s)",0,1,1,1,1,1,1,0,0,0,1,13,5,3,4,"Table,Bar",0,1,0,0,0,0,0,0,0,1,0,0,2
v490_n7419_3_f2.png,2106.png,65.2,0,0,0,1,0,1,S,multipanel,"axes text,legend text",0,0,1,0,0,0,1,0,0,0,0,3,1,4,5,"Bar,Table",0,1,0,0,0,0,0,0,0,1,0,0,2
visMost197.png,2107.png,58.6,0,1,0,0,1,0,I,single,"legend text,annotation(s),title(s),caption(s)",0,0,0,1,1,1,1,0,0,0,1,8,0,1,1,Grid & Matrix,0,0,0,0,0,1,0,0,0,0,0,0,1
economist_daily_chart_37.png,2108.png,27,1,0,0,0,1,0,N,single,"title(s),axes text,legend title,legend text,caption(s),annotation(s)",0,0,1,1,1,1,1,1,0,0,1,7,2,1,1,Bar,0,1,0,0,0,0,0,0,0,0,0,0,1
whoB24_2.png,2109.png,26.4,0,0,1,0,1,0,G,single,"title(s),axes text,legend text,caption(s)",0,0,1,1,0,1,1,0,0,0,0,2,2,1,1,Bar,0,1,0,0,0,0,0,0,0,0,0,0,1
whoJ22_2.png,2110.png,45.3,0,0,1,0,0,1,G,multipanel,"caption(s),legend text,legend title,axes labels,axes text,title(s)",0,1,1,1,0,1,1,1,0,0,0,7,4,2,3,"Bar,Map,Point",0,1,0,0,0,0,0,1,1,0,0,0,3
vis968.png,2111.png,47.3,0,1,0,0,0,1,I,multipanel,"title(s),annotation(s),caption(s),axes text,axes labels,legend text",0,1,1,1,1,1,1,0,0,0,1,5,4,7,5,"Table,Line",0,0,0,0,0,0,1,0,0,1,0,0,2
visMost98.png,2112.png,51.2,0,1,0,0,0,1,I,multipanel,"title(s),caption(s),annotation(s),axes text",0,0,1,1,1,1,0,0,0,0,1,5,6,15,9,"Area,Table,Bar",1,1,0,0,0,0,0,0,0,1,0,0,3
v483_n7389_21_f3.png,2113.png,78.1,0,0,0,1,0,1,S,multipanel,"axes labels,axes text,legend text",0,1,1,0,0,0,1,0,0,0,0,6,5,3,5,"Bar,Point,Diagram",0,1,0,1,0,0,0,0,1,0,0,0,3
v486_n7404_15_f2.png,2114.png,87.6,0,0,0,1,0,1,S,multipanel,"axes text,legend text,axes labels,annotation(s)",0,1,1,0,1,0,1,0,0,0,0,4,3,3,5,"Point,Table,Diagram,Line",0,0,0,1,0,0,1,0,1,1,0,0,4
economist_daily_chart_23.png,2115.png,16.2,1,0,0,0,1,0,N,single,"title(s),axes text,caption(s)",0,0,1,1,0,1,0,0,0,0,0,4,2,1,1,Bar,0,1,0,0,0,0,0,0,0,0,0,0,1
v485_n7399_2_f1.png,2116.png,33.1,0,0,0,1,0,1,S,multipanel,"axes labels,axes text",0,1,1,0,0,0,0,0,0,0,0,4,2,0,2,Line,0,0,0,0,0,0,1,0,0,0,0,0,1
visMost183.png,2117.png,60.5,0,1,0,0,0,1,I,multipanel,"title(s),annotation(s)",0,0,0,1,1,0,0,0,0,0,1,1,2,3,1,Diagram,0,0,0,1,0,0,0,0,0,0,0,0,1
whoB02_1.png,2118.png,31,0,0,1,0,1,0,G,single,"caption(s),axes text,title(s),axes labels",0,1,1,1,0,1,0,0,0,0,0,2,2,1,1,Table,0,0,0,0,0,0,0,0,0,1,0,0,1
visMost168.png,2119.png,55.8,0,1,0,0,0,1,I,multipanel,"title(s),annotation(s),legend text,axes text,caption(s)",0,0,1,1,1,1,1,0,0,0,1,15,6,7,7,"Circle,Table,Diagram,Line,Area",1,0,1,1,0,0,1,0,0,1,0,0,5
v488_n7413_7_f1.png,2120.png,68.4,0,0,0,1,0,1,S,multipanel,"axes labels,axes text,legend text",0,1,1,0,0,0,1,0,0,0,0,6,4,1,5,"Bar,Line",0,1,0,0,0,0,1,0,0,0,0,0,2
v485_n7400_15_f3.png,2121.png,32.6,0,0,0,1,1,0,S,single,"axes text,axes labels,legend text",0,1,1,0,0,0,1,0,0,0,0,2,2,1,1,Distribution,0,0,0,0,1,0,0,0,0,0,0,0,1
vis983.png,2122.png,42.2,0,1,0,0,1,0,I,single,"title(s),annotation(s),caption(s)",0,0,0,1,1,1,0,0,0,0,1,6,1,8,1,Table,0,0,0,0,0,0,0,0,0,1,0,0,1
v483_n7389_6_f1.png,2123.png,78.3,0,0,0,1,0,1,S,multipanel,"axes labels,annotation(s),legend text",0,1,0,0,1,0,1,0,0,0,0,8,2,2,5,"Diagram,Point,Line",0,0,0,1,0,0,1,0,1,0,0,0,3
visMost73.png,2124.png,46,0,1,0,0,0,1,I,multipanel,"title(s),caption(s),axes text,annotation(s)",0,0,1,1,1,1,0,0,0,0,1,3,11,9,2,"Diagram,Table",0,0,0,1,0,0,0,0,0,1,0,0,2
visMost67.png,2125.png,8.8,0,1,0,0,1,0,I,single,"annotation(s),caption(s)",0,0,0,0,1,1,0,0,0,0,1,4,0,3,1,Diagram,0,0,0,1,0,0,0,0,0,0,0,0,1
v488_n7412_7_f1.png,2126.png,71.6,0,0,0,1,1,0,S,single,annotation(s),0,0,0,0,1,0,0,0,0,0,0,4,1,1,4,Diagram,0,0,0,1,0,0,0,0,0,0,0,0,1
v484_n7392_14_f3.png,2127.png,29.6,0,0,0,1,1,0,S,single,"axes text,annotation(s)",0,0,1,0,1,0,0,0,0,1,0,0,1,2,1,Trees & Networks,0,0,0,0,0,0,0,0,0,0,0,1,1
wsj166.png,2128.png,32.2,1,0,0,0,0,1,N,multipanel,"title(s),annotation(s),caption(s),axes text",0,0,1,1,1,1,0,0,0,0,0,8,7,3,5,"Line,Bar,Table,Area",1,1,0,0,0,0,1,0,0,1,0,0,4
v483_n7388_8_f4.png,2129.png,66.3,0,0,0,1,0,1,S,multipanel,"axes labels,axes text,annotation(s)",0,1,1,0,1,0,0,0,0,0,0,4,4,2,3,Line,0,0,0,0,0,0,1,0,0,0,0,0,1
visMost154.png,2130.png,53.9,0,1,0,0,0,1,I,multipanel,"title(s),annotation(s),caption(s),axes text",0,0,1,1,1,1,0,0,0,0,1,12,6,25,8,"Diagram,Text,Point",0,0,0,1,0,0,0,0,1,0,1,0,3
vis767.png,2131.png,42.8,0,1,0,0,0,1,I,multipanel,"title(s),annotation(s),caption(s)",0,0,0,1,1,1,0,0,0,0,1,7,4,6,5,"Table,Circle",0,0,1,0,0,0,0,0,0,1,0,0,2
visMost632.png,2132.png,50.3,0,1,0,0,1,0,I,single,"title(s),annotation(s),caption(s),axes text",0,0,1,1,1,1,0,0,0,0,1,10,5,2,5,"Table,Point",0,0,0,0,0,0,0,0,1,1,0,0,2
v490_n7419_20_f2.png,2133.png,84.2,0,0,0,1,1,0,S,single,text-only,0,0,0,0,0,0,0,0,1,1,0,0,2,1,2,Table,0,0,0,0,0,0,0,0,0,1,0,0,1
wsj600.png,2134.png,23.9,1,0,0,0,0,1,N,multipanel,"title(s),caption(s),annotation(s),axes text",0,0,1,1,1,1,0,0,0,0,1,3,2,0,2,Bar,0,1,0,0,0,0,0,0,0,0,0,0,1
wsj614.png,2135.png,25.8,1,0,0,0,0,1,N,multipanel,"title(s),axes labels,axes text,caption(s)",0,1,1,1,0,1,0,0,0,0,1,4,2,0,2,Area,1,0,0,0,0,0,0,0,0,0,0,0,1
vis773.png,2136.png,39.7,0,1,0,0,0,1,I,multipanel,"title(s),annotation(s),caption(s)",0,0,0,1,1,1,0,0,0,0,1,7,3,9,8,"Table,Diagram,Text,Area",1,0,0,1,0,0,0,0,0,1,1,0,4
whoQ29_2.png,2137.png,32.3,0,0,1,0,1,0,G,single,"title(s),axes text,axes labels,legend text,caption(s)",0,1,1,1,0,1,1,0,0,0,0,5,1,2,1,Bar,0,1,0,0,0,0,0,0,0,0,0,0,1
visMost626.png,2138.png,89.4,0,1,0,0,1,0,I,single,text-only,0,0,0,0,0,0,0,0,1,0,0,5,0,2,1,Trees & Networks,0,0,0,0,0,0,0,0,0,0,0,1,1
visMost140.png,2139.png,42.3,0,1,0,0,1,0,I,single,"title(s),caption(s),annotation(s)",0,0,0,1,1,1,0,0,0,0,0,8,0,1,1,Text,0,0,0,0,0,0,0,0,0,0,1,0,1
whoL03.png,2140.png,18.2,0,0,1,0,1,0,G,single,text-only,0,0,0,0,0,0,0,0,1,0,0,1,0,2,1,Table,0,0,0,0,0,0,0,0,0,1,0,0,1
wsj172.png,2141.png,35.9,1,0,0,0,1,0,N,single,"title(s),caption(s),legend title,legend text,axes text",0,0,1,1,0,1,1,1,0,0,1,4,2,1,1,Bar,0,1,0,0,0,0,0,0,0,0,0,0,1
v484_n7394_18_f4.png,2142.png,63,0,0,0,1,0,1,S,multipanel,"axes labels,axes text,legend text",0,1,1,0,0,0,1,0,0,1,0,0,2,1,2,"Line,Table",0,0,0,0,0,0,1,0,0,1,0,0,2
v484_n7392_22_f2.png,2143.png,69.6,0,0,0,1,0,1,S,multipanel,"axes labels,axes text,legend text",0,1,1,0,0,0,1,0,0,0,0,3,2,4,4,"Bar,Table,Distribution",0,1,0,0,1,0,0,0,0,1,0,0,3
v488_n7410_4_f3.png,2144.png,52.7,0,0,0,1,0,1,S,multipanel,"axes text,axes labels",0,1,1,0,0,0,0,0,0,0,0,3,2,0,2,Point,0,0,0,0,0,0,0,0,1,0,0,0,1
economist_daily_chart_219.png,2145.png,38.4,1,0,0,0,1,0,N,single,"legend title,legend text,annotation(s),caption(s)",0,0,0,0,1,1,1,1,0,0,0,2,1,2,1,"Map,Circle,Area",1,0,1,0,0,0,0,1,0,0,0,0,3
vis17.png,2146.png,54.5,0,1,0,0,0,1,I,multipanel,"title(s),annotation(s),caption(s)",0,0,0,1,1,1,0,0,0,0,1,7,4,7,7,Table,0,0,0,0,0,0,0,0,0,1,0,0,1
economist_daily_chart_231.png,2147.png,42.8,1,0,0,0,1,0,N,single,"axes labels,axes text,title(s),annotation(s),caption(s)",0,1,1,1,1,1,0,0,0,0,0,2,2,1,1,Point,0,0,0,0,0,0,0,0,1,0,0,0,1
np_46.png,2148.png,67.3,1,0,0,0,0,1,N,multipanel,"title(s),axes labels,axes text,caption(s),annotation(s)",0,1,1,1,1,1,0,0,0,0,0,7,4,3,1,"Diagram,Line,Bar",0,1,0,1,0,0,1,0,0,0,0,0,3
visMost395.png,2149.png,76.3,0,1,0,0,0,1,I,multipanel,"title(s),axes text,annotation(s),caption(s)",0,0,1,1,1,1,0,0,0,0,1,17,13,13,12,"Diagram,Map,Table",0,0,0,1,0,0,0,1,0,1,0,0,3
visMost381.png,2150.png,41.9,0,1,0,0,0,1,I,multipanel,"title(s),axes text,annotation(s),axes labels,caption(s)",0,1,1,1,1,1,0,0,0,0,1,5,3,9,7,"Bar,Circle,Point,Area",1,1,1,0,0,0,0,0,1,0,0,0,4
np_52.png,2151.png,91.6,1,0,0,0,0,1,N,multipanel,"title(s),axes text,annotation(s),caption(s)",0,0,1,1,1,1,0,0,0,0,0,1,3,3,3,"Trees & Networks,Area,Bar,Distribution",1,1,0,0,1,0,0,0,0,0,0,1,4
economist_daily_chart_225.png,2152.png,39,1,0,0,0,1,0,N,single,"title(s),axes text,caption(s),annotation(s)",0,0,1,1,1,1,0,0,0,0,0,3,2,1,1,Bar,0,1,0,0,0,0,0,0,0,0,0,0,1
v484_n7394_16_f1.png,2153.png,74.3,0,0,0,1,0,1,S,multipanel,"axes text,annotation(s)",0,0,1,0,1,0,0,0,0,0,1,6,1,3,7,"Area,Diagram",1,0,0,1,0,0,0,0,0,0,0,0,2
vis559.png,2154.png,54.1,0,1,0,0,0,1,I,multipanel,"title(s),annotation(s),axes text,caption(s)",0,0,1,1,1,1,0,0,0,0,1,20,4,5,4,Table,0,0,0,0,0,0,0,0,0,1,0,0,1
v489_n7414_1_f1.png,2155.png,90.5,0,0,0,1,0,1,S,multipanel,"axes labels,axes text,legend text,title(s),annotation(s)",0,1,1,1,1,0,1,0,0,0,0,5,5,2,6,"Bar,Distribution,Grid & Matrix,Line,Point,Area",1,1,0,0,1,1,1,0,1,0,0,0,6
wsj358.png,2156.png,27.6,1,0,0,0,0,1,N,multipanel,"title(s),annotation(s),axes text,caption(s)",0,0,1,1,1,1,0,0,0,0,1,4,3,1,3,"Line,Table",0,0,0,0,0,0,1,0,0,1,0,0,2
v489_n7416_21_f3.png,2157.png,51.1,0,0,0,1,0,1,S,multipanel,"legend text,axes text,axes labels",0,1,1,0,0,0,1,0,0,0,0,4,2,2,2,Line,0,0,0,0,0,0,1,0,0,0,0,0,1
v485_n7398_18_f1.png,2158.png,24.3,0,0,0,1,1,0,S,single,annotation(s),0,0,0,0,1,0,0,0,0,1,0,0,0,1,1,Diagram,0,0,0,1,0,0,0,0,0,0,0,0,1
visMost418.png,2159.png,32.6,0,1,0,0,1,0,I,single,"title(s),annotation(s),axes text,caption(s)",0,0,1,1,1,1,0,0,0,0,1,8,1,1,1,Diagram,0,0,0,1,0,0,0,0,0,0,0,0,1
v489_n7415_1_f1.png,2160.png,81.7,0,0,0,1,0,1,S,multipanel,"axes labels,axes text,annotation(s),legend text",0,1,1,0,1,0,1,0,0,0,0,6,2,2,3,"Area,Diagram,Line",1,0,0,1,0,0,1,0,0,0,0,0,3
v484_n7394_8_f2.png,2161.png,36.9,0,0,0,1,1,0,S,single,"axes labels,axes text,legend text",0,1,1,0,0,0,1,0,0,1,0,0,2,1,1,"Line,Point",0,0,0,0,0,0,1,0,1,0,0,0,2
wsj402.png,2162.png,47.9,1,0,0,0,1,0,N,single,"title(s),annotation(s),legend text,caption(s)",0,0,0,1,1,1,1,0,0,0,1,4,1,2,1,Map,0,0,0,0,0,0,0,1,0,0,0,0,1
whoK19_1.png,2163.png,30.1,0,0,1,0,1,0,G,single,"title(s),axes text,caption(s),legend text",0,0,1,1,0,1,1,0,0,0,0,4,2,2,1,"Area,Line",1,0,0,0,0,0,1,0,0,0,0,0,2
visMost430.png,2164.png,54.5,0,1,0,0,0,1,I,multipanel,"annotation(s),title(s),caption(s)",0,0,0,1,1,1,0,0,0,0,1,17,10,7,16,"Bar,Area,Diagram,Table",1,1,0,1,0,0,0,0,0,1,0,0,4
vis565.png,2165.png,65.2,0,1,0,0,0,1,I,multipanel,"axes text,title(s),annotation(s),caption(s)",0,0,1,1,1,1,0,0,0,0,1,11,7,6,9,"Table,Bar,Distribution,Area,Circle",1,1,1,0,1,0,0,0,0,1,0,0,5
vis203.png,2166.png,27.4,0,1,0,0,0,1,I,multipanel,"title(s),axes labels,annotation(s),caption(s)",0,1,0,1,1,1,0,0,0,0,0,4,1,3,4,"Circle,Diagram",0,0,1,1,0,0,0,0,0,0,0,0,2
whoN15.png,2167.png,23.2,0,0,1,0,1,0,G,single,"annotation(s),title(s),caption(s)",0,0,0,1,1,1,0,0,0,0,1,2,0,3,1,Diagram,0,0,0,1,0,0,0,0,0,0,0,0,1
v485_n7398_16_f4.png,2168.png,62.8,0,0,0,1,0,1,S,multipanel,"axes labels,axes text",0,1,1,0,0,0,0,0,0,0,0,2,1,2,2,"Area,Bar,Distribution,Table",1,1,0,0,1,0,0,0,0,1,0,0,4
v488_n7410_13_f4.png,2169.png,31.5,0,0,0,1,1,0,S,single,annotation(s),0,0,0,0,1,0,0,0,0,0,0,2,0,1,3,"Diagram,Table",0,0,0,1,0,0,0,0,0,1,0,0,2
whoQ48_3.png,2170.png,27.3,0,0,1,0,0,1,G,multipanel,"title(s),axes labels,axes text,legend text",0,1,1,1,0,0,1,0,0,0,0,4,2,1,1,Area,1,0,0,0,0,0,0,0,0,0,0,0,1
visMost356.png,2171.png,44.5,0,1,0,0,0,1,I,multipanel,"title(s),axes text,annotation(s),legend text,caption(s)",0,0,1,1,1,1,1,0,0,0,1,2,7,17,10,"Area,Circle,Bar,Table,Diagram",1,1,1,1,0,0,0,0,0,1,0,0,5
wsj364.png,2172.png,24.8,1,0,0,0,1,0,N,single,"title(s),annotation(s),caption(s)",0,0,0,1,1,1,0,0,0,0,1,3,3,4,1,Table,0,0,0,0,0,0,0,0,0,1,0,0,1
vis7.png,2173.png,59.2,0,1,0,0,0,1,I,multipanel,"title(s),axes labels,annotation(s),caption(s)",0,1,0,1,1,1,0,0,0,0,1,6,9,8,5,"Point,Area,Circle,Table,Diagram",1,0,1,1,0,0,0,0,1,1,0,0,5
v486_n7403_11_f2.png,2174.png,30.1,0,0,0,1,1,0,S,single,"axes labels,axes text",0,1,1,0,0,0,0,0,0,0,0,2,2,0,1,"Bar,Area,Distribution",1,1,0,0,1,0,0,0,0,0,0,0,3
wsj370.png,2175.png,39.9,1,0,0,0,0,1,N,multipanel,"title(s),axes labels,axes text,caption(s),annotation(s),legend text",0,1,1,1,1,1,1,0,0,0,1,6,4,1,2,"Point,Line",0,0,0,0,0,0,1,0,1,0,0,0,2
vis217.png,2176.png,55.5,0,1,0,0,0,1,I,multipanel,"axes labels,axes text,title(s),annotation(s),caption(s)",0,1,1,1,1,1,0,0,0,0,1,10,4,5,8,"Bar,Map,Area,Table",1,1,0,0,0,0,0,1,0,1,0,0,4
whoN01.png,2177.png,29.9,0,0,1,0,1,0,G,single,"title(s),legend title,legend text,caption(s)",0,0,0,1,0,1,1,1,0,0,0,6,1,1,1,Map,0,0,0,0,0,0,0,1,0,0,0,0,1
visMost342.png,2178.png,58,0,1,0,0,0,1,I,multipanel,"title(s),axes text,axes labels,legend text,caption(s),annotation(s)",0,1,1,1,1,1,1,0,0,0,1,5,3,8,6,"Table,Bar,Circle,Area,Map",1,1,1,0,0,0,0,1,0,1,0,0,5
v483_n7387_3_f4.png,2179.png,67.2,0,0,0,1,0,1,S,multipanel,"axes labels,axes text,legend text",0,1,1,0,0,0,1,0,0,0,0,7,2,4,3,"Circle,Bar,Table,Distribution,Point",0,1,1,0,1,0,0,0,1,1,0,0,5
visMost424.png,2180.png,45.3,0,1,0,0,0,1,I,multipanel,"caption(s),title(s),annotation(s)",0,0,0,1,1,1,0,0,0,0,1,3,2,11,1,"Table,Point,Area",1,0,0,0,0,0,0,0,1,1,0,0,3
v488_n7409_11_f2.png,2181.png,59.4,0,0,0,1,0,1,S,multipanel,"axes labels,axes text,legend text",0,1,1,0,0,0,1,0,0,0,0,5,3,2,4,"Line,Point",0,0,0,0,0,0,1,0,1,0,0,0,2
vis571.png,2182.png,56.8,0,1,0,0,0,1,I,multipanel,"title(s),annotation(s),caption(s)",0,0,0,1,1,1,0,0,0,0,0,3,8,15,14,"Table,Point,Area",1,0,0,0,0,0,0,0,1,1,0,0,3
wsj416.png,2183.png,34.8,1,0,0,0,0,1,N,multipanel,"title(s),axes text,caption(s),legend text,annotation(s)",0,0,1,1,1,1,1,0,0,0,1,2,3,2,2,"Area,Line,Distribution",1,0,0,0,1,0,1,0,0,0,0,0,3
vis549.png,2184.png,70.9,0,1,0,0,0,1,I,multipanel,"title(s),axes labels,caption(s),annotation(s)",0,1,0,1,1,1,0,0,0,0,1,15,8,11,12,"Table,Diagram,Area",1,0,0,1,0,0,0,0,0,1,0,0,3
v489_n7415_1_f5.png,2185.png,72.4,0,0,0,1,0,1,S,multipanel,"axes labels,annotation(s)",0,1,0,0,1,0,0,0,0,0,0,4,1,2,6,"Diagram,Table,Area",1,0,0,1,0,0,0,0,0,1,0,0,3
v486_n7402_17_f4.png,2186.png,54,0,0,0,1,0,1,S,multipanel,"axes labels,axes text,annotation(s)",0,1,1,0,1,0,0,0,0,0,0,3,2,2,4,"Line,Trees & Networks,Diagram,Distribution,Bar",0,1,0,1,1,0,1,0,0,0,0,1,5
v489_n7414_30_f1.png,2187.png,37.9,0,0,0,1,0,1,S,multipanel,"axes labels,axes text,legend text",0,1,1,0,0,0,1,0,0,1,0,0,2,1,3,Bar,0,1,0,0,0,0,0,0,0,0,0,0,1
wsj348.png,2188.png,23.2,1,0,0,0,0,1,N,multipanel,"axes text,title(s),caption(s),legend text",0,0,1,1,0,1,1,0,0,0,1,5,4,5,1,Bar,0,1,0,0,0,0,0,0,0,0,0,0,1
v484_n7393_2_f2.png,2189.png,59.3,0,0,0,1,0,1,S,multipanel,"axes text,annotation(s)",0,0,1,0,1,0,0,0,0,0,0,5,0,4,10,"Table,Diagram",0,0,0,1,0,0,0,0,0,1,0,0,2
v483_n7391_13_f2.png,2190.png,60.1,0,0,0,1,0,1,S,multipanel,"axes labels,axes text,legend text,annotation(s)",0,1,1,0,1,0,1,0,0,0,0,5,1,4,13,"Table,Area,Bar",1,1,0,0,0,0,0,0,0,1,0,0,3
v483_n7389_19_f3.png,2191.png,67.7,0,0,0,1,0,1,S,multipanel,"axes labels,axes text,legend text",0,1,1,0,0,0,1,0,0,1,0,0,3,5,4,"Bar,Area",1,1,0,0,0,0,0,0,0,0,0,0,2
v489_n7414_1_f5.png,2192.png,75.1,0,0,0,1,0,1,S,multipanel,"axes labels,axes text,title(s),legend text",0,1,1,1,0,0,1,0,0,0,0,7,3,6,4,"Grid & Matrix,Bar,Area,Table",1,1,0,0,0,1,0,0,0,1,0,0,4
v488_n7411_15_f2.png,2193.png,64.6,0,0,0,1,0,1,S,multipanel,"axes labels,axes text,title(s)",0,1,1,1,0,0,0,0,0,1,0,0,8,4,16,"Point,Distribution,Line",0,0,0,0,1,0,1,0,1,0,0,0,3
visMost408.png,2194.png,53.8,0,1,0,0,1,0,I,single,"title(s),axes labels,caption(s),annotation(s),axes text,legend text",0,1,1,1,1,1,1,0,0,0,0,4,4,4,3,"Line,Point,Table",0,0,0,0,0,0,1,0,1,1,0,0,3
wsj412.png,2195.png,34.4,1,0,0,0,0,1,N,multipanel,"axes text,annotation(s),title(s),caption(s)",0,0,1,1,1,1,0,0,0,0,0,3,3,3,3,"Bar,Line",0,1,0,0,0,0,1,0,0,0,0,0,2
v485_n7396_27_f3.png,2196.png,70.6,0,0,0,1,0,1,S,multipanel,"annotation(s),axes text",0,0,1,0,1,0,0,0,0,0,0,2,2,2,6,"Line,Distribution",0,0,0,0,1,0,1,0,0,0,0,0,2
vis575.png,2197.png,9.3,0,1,0,0,1,0,I,single,"title(s),annotation(s),caption(s)",0,0,0,1,1,1,0,0,0,0,1,3,2,1,1,"Diagram,Area",1,0,0,1,0,0,0,0,0,0,0,0,2
visMost420.png,2198.png,32.8,0,1,0,0,1,0,I,single,"title(s),caption(s),annotation(s)",0,0,0,1,1,1,0,0,0,0,1,10,1,1,2,"Circle,Table",0,0,1,0,0,0,0,0,0,1,0,0,2
v483_n7391_1_f3.png,2199.png,70.7,0,0,0,1,1,0,S,single,"axes labels,axes text,annotation(s),caption(s),legend text,legend title",0,1,1,0,1,1,1,1,0,0,0,8,4,2,1,"Line,Point",0,0,0,0,0,0,1,0,1,0,0,0,2
visMost346.png,2200.png,51.2,0,1,0,0,0,1,I,multipanel,"title(s),axes text,caption(s),annotation(s)",0,0,1,1,1,1,0,0,0,0,1,14,4,4,4,"Bar,Table,Line",0,1,0,0,0,0,1,0,0,1,0,0,3
vis213.png,2201.png,43.3,0,1,0,0,0,1,I,multipanel,"title(s),axes labels,axes text,annotation(s),caption(s)",0,1,1,1,1,1,0,0,0,0,1,10,14,14,5,"Table,Point,Area",1,0,0,0,0,0,0,0,1,1,0,0,3
whoN05.png,2202.png,15.7,0,0,1,0,1,0,G,single,"title(s),axes labels,axes text,legend title,legend text,caption(s)",0,1,1,1,0,1,1,1,0,0,0,7,2,1,1,Line,0,0,0,0,0,0,1,0,0,0,0,0,1
wsj374.png,2203.png,19.2,1,0,0,0,1,0,N,single,"axes labels,axes text,title(s),caption(s)",0,1,1,1,0,1,0,0,0,0,0,3,2,1,1,"Table,Bar",0,1,0,0,0,0,0,0,0,1,0,0,2
treasuryD02_3.png,2204.png,12.5,0,0,1,0,1,0,G,single,"title(s),axes text,axes labels,caption(s),annotation(s)",0,1,1,1,1,1,0,0,0,0,0,1,1,1,1,Bar,0,1,0,0,0,0,0,0,0,0,0,0,1
vis3.png,2205.png,71.7,0,1,0,0,1,0,I,single,"title(s),caption(s),axes text",0,0,1,1,0,1,0,0,0,0,0,7,0,2,1,"Area,Grid & Matrix",1,0,0,0,0,1,0,0,0,0,0,0,2
wsj360.png,2206.png,17.5,1,0,0,0,1,0,N,single,"title(s),axes text,caption(s),axes labels,annotation(s)",0,1,1,1,1,1,0,0,0,0,1,4,2,2,1,Bar,0,1,0,0,0,0,0,0,0,0,0,0,1
visMost352.png,2207.png,54.2,0,1,0,0,0,1,I,multipanel,"title(s),caption(s),axes text,annotation(s)",0,0,1,1,1,1,0,0,0,0,1,15,2,8,2,"Bar,Table,Diagram",0,1,0,1,0,0,0,0,0,1,0,0,3
whoQ48_7.png,2208.png,13.2,0,0,1,0,1,0,G,single,"axes text,legend text,title(s)",0,0,1,1,0,0,1,0,0,0,0,2,1,2,1,Bar,0,1,0,0,0,0,0,0,0,0,0,0,1
vis207.png,2209.png,48.4,0,1,0,0,1,0,I,single,"title(s),caption(s),annotation(s)",0,0,0,1,1,1,0,0,0,0,0,6,3,9,4,Table,0,0,0,0,0,0,0,0,0,1,0,0,1
whoN11.png,2210.png,25.1,0,0,1,0,1,0,G,single,"title(s),legend text,legend title",0,0,0,1,0,0,1,1,0,0,0,5,0,2,1,Map,0,0,0,0,0,0,0,1,0,0,0,0,1
vis561.png,2211.png,50,0,1,0,0,0,1,I,multipanel,"annotation(s),title(s),axes text",0,0,1,1,1,0,0,0,0,0,1,4,1,3,1,"Trees & Networks,Circle,Diagram",0,0,1,1,0,0,0,0,0,0,0,1,3
visMost434.png,2212.png,79,0,1,0,0,0,1,I,multipanel,"axes text,axes labels,title(s),annotation(s),caption(s)",0,1,1,1,1,1,0,0,0,0,0,3,7,10,5,"Bar,Diagram,Table,Area",1,1,0,1,0,0,0,0,0,1,0,0,4
v484_n7394_6_f3.png,2213.png,65.6,0,0,0,1,1,0,S,single,"axes labels,axes text,annotation(s)",0,1,1,0,1,0,0,0,0,0,0,3,2,1,1,"Point,Line",0,0,0,0,0,0,1,0,1,0,0,0,2
v483_n7390_1_f3.png,2214.png,64.7,0,0,0,1,0,1,S,multipanel,"axes text,axes labels",0,1,1,0,0,0,0,0,0,0,0,5,3,0,3,"Line,Circle,Area,Point,Text,Table",1,0,1,0,0,0,1,0,1,1,1,0,6
v486_n7402_19_f1.png,2215.png,78.3,0,0,0,1,0,1,S,multipanel,"axes labels,axes text,annotation(s),legend text",0,1,1,0,1,0,1,0,0,0,0,5,7,10,10,"Bar,Line,Diagram,Area,Table",1,1,0,1,0,0,1,0,0,1,0,0,5
wsj406.png,2216.png,31.6,1,0,0,0,0,1,N,multipanel,"axes labels,title(s),annotation(s),caption(s)",0,1,0,1,1,1,0,0,0,0,0,4,3,2,2,"Line,Map",0,0,0,0,0,0,1,1,0,0,0,0,2
v487_n7407_14_f3.png,2217.png,62,0,0,0,1,0,1,S,multipanel,"axes labels,axes text,annotation(s)",0,1,1,0,1,0,0,0,0,0,0,6,2,1,4,"Area,Table",1,0,0,0,0,0,0,0,0,1,0,0,2
v490_n7419_18_f2.png,2218.png,69.8,0,0,0,1,0,1,S,multipanel,"axes labels,axes text,title(s),legend text,annotation(s)",0,1,1,1,1,0,1,0,0,0,0,2,5,5,9,"Line,Bar,Point",0,1,0,0,0,0,1,0,1,0,0,0,3
economist_daily_chart_209.png,2219.png,34,1,0,0,0,1,0,N,single,"annotation(s),title(s),axes text,axes labels,caption(s)",0,1,1,1,1,1,0,0,0,0,0,7,2,1,1,Line,0,0,0,0,0,0,1,0,0,0,0,0,1
whoQ36_1.png,2220.png,27.9,0,0,1,0,1,0,G,single,text-only,0,0,0,0,0,0,0,0,1,0,0,2,2,2,1,Table,0,0,0,0,0,0,0,0,0,1,0,0,1
economist_daily_chart_221.png,2221.png,23.4,1,0,0,0,0,1,N,multipanel,"axes text,caption(s),title(s),legend text",0,0,1,1,0,1,1,0,0,0,0,7,2,2,2,Line,0,0,0,0,0,0,1,0,0,0,0,0,1
v487_n7408_23_f2.png,2222.png,82.6,0,0,0,1,0,1,S,multipanel,annotation(s),0,0,0,0,1,0,0,0,0,0,0,9,0,1,4,Diagram,0,0,0,1,0,0,0,0,0,0,0,0,1
whoQ46_8.png,2223.png,11.8,0,0,1,0,1,0,G,single,"title(s),axes text,legend text",0,0,1,1,0,0,1,0,0,0,0,2,1,2,1,Bar,0,1,0,0,0,0,0,0,0,0,0,0,1
visMost385.png,2224.png,57.4,0,1,0,0,0,1,I,multipanel,"title(s),axes text,annotation(s),caption(s)",0,0,1,1,1,1,0,0,0,0,1,8,2,6,7,"Circle,Table,Bar,Area",1,1,1,0,0,0,0,0,0,1,0,0,4
whoQ55_2.png,2225.png,9.8,0,0,1,0,1,0,G,single,"axes labels,axes text,title(s)",0,1,1,1,0,0,0,0,0,0,0,1,1,1,1,Bar,0,1,0,0,0,0,0,0,0,0,0,0,1
visMost391.png,2226.png,56.8,0,1,0,0,0,1,I,multipanel,"title(s),annotation(s),caption(s),axes text",0,0,1,1,1,1,0,0,0,0,1,11,2,8,9,"Bar,Circle,Area,Table",1,1,1,0,0,0,0,0,0,1,0,0,4
economist_daily_chart_235.png,2227.png,31.2,1,0,0,0,1,0,N,single,"axes text,axes labels,legend text,title(s),caption(s)",0,1,1,1,0,1,1,0,0,0,0,6,2,2,1,"Line,Point,Distribution",0,0,0,0,1,0,1,0,1,0,0,0,3
whoQ10_2.png,2228.png,23.3,0,0,1,0,1,0,G,single,"axes labels,axes text,legend text,caption(s),title(s)",0,1,1,1,0,1,1,0,0,0,1,3,2,1,1,"Line,Point",0,0,0,0,0,0,1,0,1,0,0,0,2
v487_n7406_12_f1.png,2229.png,21.1,0,0,0,1,0,1,S,multipanel,"axes labels,axes text,legend text",0,1,1,0,0,0,1,0,0,1,0,0,3,0,2,Line,0,0,0,0,0,0,1,0,0,0,0,0,1
visMost178.png,2230.png,49.3,0,1,0,0,1,0,I,single,"title(s),annotation(s),legend text,caption(s)",0,0,0,1,1,1,1,0,0,0,0,7,0,2,1,Diagram,0,0,0,1,0,0,0,0,0,0,0,0,1
v488_n7412_7_f5.png,2231.png,32,0,0,0,1,0,1,S,multipanel,"legend text,axes labels,axes text",0,1,1,0,0,0,1,0,0,0,0,3,3,0,3,"Line,Distribution",0,0,0,0,1,0,1,0,0,0,0,0,2
v487_n7407_22_f2.png,2232.png,60.7,0,0,0,1,1,0,S,single,"axes text,annotation(s)",0,0,1,0,1,0,0,0,0,0,0,3,1,2,3,Diagram,0,0,0,1,0,0,0,0,0,0,0,0,1
visMost63.png,2233.png,54.6,0,1,0,0,0,1,I,multipanel,"title(s),annotation(s),caption(s)",0,0,0,1,1,1,0,0,0,0,1,6,10,18,3,"Table,Point,Circle",0,0,1,0,0,0,0,0,1,1,0,0,3
vis987.png,2234.png,44.5,0,1,0,0,0,1,I,multipanel,"axes labels,axes text,title(s),annotation(s),caption(s)",0,1,1,1,1,1,0,0,0,0,0,8,5,4,5,"Area,Bar",1,1,0,0,0,0,0,0,0,0,0,0,2
visMost77.png,2235.png,55.4,0,1,0,0,1,0,I,single,"title(s),annotation(s),caption(s)",0,0,0,1,1,1,0,0,0,0,0,10,1,2,1,Trees & Networks,0,0,0,0,0,0,0,0,0,0,0,1,1
v488_n7413_7_f5.png,2236.png,76.4,0,0,0,1,0,1,S,multipanel,"axes text,annotation(s)",0,0,1,0,1,0,0,0,0,0,0,8,5,3,2,"Bar,Diagram,Grid & Matrix",0,1,0,1,0,1,0,0,0,0,0,0,3
v488_n7413_14_f1.png,2237.png,68.9,0,0,0,1,0,1,S,multipanel,"axes labels,axes text,legend text",0,1,1,0,0,0,1,0,0,0,0,4,3,1,5,"Diagram,Bar,Table",0,1,0,1,0,0,0,0,0,1,0,0,3
wsj176.png,2238.png,24,1,0,0,0,1,0,N,single,"title(s),axes text,axes labels,annotation(s),caption(s)",0,1,1,1,1,1,0,0,0,0,0,2,2,1,1,"Bar,Line",0,1,0,0,0,0,1,0,0,0,0,0,2
whoL07.png,2239.png,62.6,0,0,1,0,1,0,G,single,"caption(s),annotation(s),legend text",0,0,0,0,1,1,1,0,0,0,0,4,0,6,1,"Diagram,Table",0,0,0,1,0,0,0,0,0,1,0,0,2
visMost144.png,2240.png,33.3,0,1,0,0,1,0,I,single,"title(s),annotation(s),caption(s)",0,0,0,1,1,1,0,0,0,0,1,15,19,1,1,Diagram,0,0,0,1,0,0,0,0,0,0,0,0,1
treasuryL06_1.png,2241.png,18.7,0,0,1,0,1,0,G,single,text-only,0,0,0,0,0,0,0,0,1,0,0,1,3,1,1,Table,0,0,0,0,0,0,0,0,0,1,0,0,1
visMost622.png,2242.png,52,0,1,0,0,0,1,I,multipanel,"title(s),annotation(s),caption(s)",0,0,0,1,1,1,0,0,0,0,1,9,3,3,3,"Circle,Bar,Table",0,1,1,0,0,0,0,0,0,1,0,0,3
vis777.png,2243.png,50.9,0,1,0,0,0,1,I,multipanel,"title(s),annotation(s),axes text",0,0,1,1,1,0,0,0,0,0,0,9,2,8,6,"Circle,Bar,Area",1,1,1,0,0,0,0,0,0,0,0,0,3
wsj610.png,2244.png,26.5,1,0,0,0,0,1,N,multipanel,"title(s),annotation(s),caption(s)",0,0,0,1,1,1,0,0,0,0,1,4,1,2,2,"Circle,Table,Area",1,0,1,0,0,0,0,0,0,1,0,0,3
wsj604.png,2245.png,28.1,1,0,0,0,0,1,N,multipanel,"axes text,legend text,title(s),caption(s)",0,0,1,1,0,1,1,0,0,0,1,6,2,2,1,Line,0,0,0,0,0,0,1,0,0,0,0,0,1
v488_n7412_12_f3.png,2246.png,35.2,0,0,0,1,0,1,S,multipanel,"axes labels,axes text,legend text",0,1,1,0,0,0,1,0,0,1,0,0,2,3,1,Bar,0,1,0,0,0,0,0,0,0,0,0,0,1
v487_n7408_15_f3.png,2247.png,39.8,0,0,0,1,1,0,S,single,"axes labels,axes text,legend text",0,1,1,0,0,0,1,0,0,1,0,0,1,2,1,Bar,0,1,0,0,0,0,0,0,0,0,0,0,1
visMost636.png,2248.png,41.2,0,1,0,0,1,0,I,single,"annotation(s),caption(s)",0,0,0,0,1,1,0,0,0,0,1,5,1,1,1,"Area,Diagram",1,0,0,1,0,0,0,0,0,0,0,0,2
vis763.png,2249.png,49.4,0,1,0,0,0,1,I,multipanel,"title(s),caption(s),annotation(s)",0,0,0,1,1,1,0,0,0,0,0,1,1,13,3,"Diagram,Table",0,0,0,1,0,0,0,0,0,1,0,0,2
whoL13.png,2250.png,14,0,0,1,0,1,0,G,single,"caption(s),annotation(s)",0,0,0,0,1,1,0,0,0,0,0,5,0,2,1,Trees & Networks,0,0,0,0,0,0,0,0,0,0,0,1,1
visMost150.png,2251.png,92.1,0,1,0,0,1,0,I,single,"title(s),caption(s),annotation(s)",0,0,0,1,1,1,0,0,0,0,0,5,0,2,1,"Circle,Diagram,Trees & Networks",0,0,1,1,0,0,0,0,0,0,0,1,3
v484_n7394_20_f4.png,2252.png,55.9,0,0,0,1,1,0,S,single,"annotation(s),axes labels",0,1,0,0,1,0,0,0,0,0,0,6,0,5,1,Diagram,0,0,0,1,0,0,0,0,0,0,0,0,1
wsj162.png,2253.png,35.5,1,0,0,0,1,0,N,single,"axes labels,axes text,annotation(s),title(s),caption(s)",0,1,1,1,1,1,0,0,0,0,1,6,2,2,1,"Bar,Distribution",0,1,0,0,1,0,0,0,0,0,0,0,2
wsj189.png,2254.png,32.7,1,0,0,0,0,1,N,multipanel,"title(s),annotation(s),caption(s),axes text",0,0,1,1,1,1,0,0,0,0,1,2,1,4,1,"Bar,Distribution",0,1,0,0,1,0,0,0,0,0,0,0,2
v490_n7419_3_f6.png,2255.png,44.1,0,0,0,1,0,1,S,multipanel,"axes text,axes labels,legend text",0,1,1,0,0,0,1,0,0,0,0,1,2,3,3,"Bar,Area,Table,Diagram",1,1,0,1,0,0,0,0,0,1,0,0,4
wsj9.png,2256.png,13.6,1,0,0,0,1,0,N,single,"title(s),axes text,legend text,legend title,caption(s),axes labels",0,1,1,1,0,1,1,1,0,0,1,3,1,2,1,"Bar,Area",1,1,0,0,0,0,0,0,0,0,0,0,2
vis788.png,2257.png,47.2,0,1,0,0,1,0,I,single,"title(s),annotation(s),caption(s)",0,0,0,1,1,1,0,0,0,0,1,3,0,13,1,"Diagram,Table",0,0,0,1,0,0,0,0,0,1,0,0,2
visMost805.png,2258.png,32.8,0,1,0,0,1,0,I,single,"title(s),annotation(s)",0,0,0,1,1,0,0,0,0,0,1,10,6,2,4,"Diagram,Table",0,0,0,1,0,0,0,0,0,1,0,0,2
v482_n7386_10_f2.png,2259.png,60.3,0,0,0,1,1,0,S,single,"axes labels,annotation(s),axes text",0,1,1,0,1,0,0,0,0,0,0,6,2,1,1,Line,0,0,0,0,0,0,1,0,0,0,0,0,1
visMost811.png,2260.png,39.4,0,1,0,0,0,1,I,multipanel,"caption(s),annotation(s)",0,0,0,0,1,1,0,0,0,0,1,15,0,3,3,Text,0,0,0,0,0,0,0,0,0,0,1,0,1
vis944.png,2261.png,52.4,0,1,0,0,0,1,I,multipanel,"axes text,title(s),caption(s),annotation(s)",0,0,1,1,1,1,0,0,0,0,1,7,3,7,7,"Circle,Area,Grid & Matrix,Dot",1,0,1,0,0,1,0,0,0,0,0,0,3
visMost187.png,2262.png,25.7,0,1,0,0,1,0,I,single,"title(s),annotation(s),caption(s)",0,0,0,1,1,1,0,0,0,0,0,8,1,1,1,Area,1,0,0,0,0,0,0,0,0,0,0,0,1
v485_n7399_2_f5.png,2263.png,56.2,0,0,0,1,0,1,S,multipanel,"axes labels,axes text,legend text",0,1,1,0,0,0,1,0,0,0,0,4,3,4,6,"Table,Diagram,Line,Point,Bar",0,1,0,1,0,0,1,0,1,1,0,0,5
economist_daily_chart_27.png,2264.png,38.8,1,0,0,0,0,1,N,multipanel,"axes text,legend text,legend title,title(s),caption(s)",0,0,1,1,0,1,1,1,0,0,0,8,3,2,2,"Circle,Area,Line,Distribution",1,0,1,0,1,0,1,0,0,0,0,0,4
treasuryG01_1.png,2265.png,38.6,0,0,1,0,1,0,G,single,text-only,0,0,0,0,0,0,0,0,1,1,0,0,1,2,1,Table,0,0,0,0,0,0,0,0,0,1,0,0,1
vis978.png,2266.png,58.1,0,1,0,0,0,1,I,multipanel,"legend text,axes text,title(s),annotation(s),caption(s)",0,0,1,1,1,1,1,0,0,0,0,12,4,17,5,"Circle,Bar,Line,Table,Area",1,1,1,0,0,0,1,0,0,1,0,0,5
treasuryD12.png,2267.png,28.6,0,0,1,0,1,0,G,single,"axes labels,axes text,annotation(s),caption(s),title(s)",0,1,1,1,1,1,0,0,0,0,0,2,3,1,1,"Bar,Distribution",0,1,0,0,1,0,0,0,0,0,0,0,2
visMost88.png,2268.png,48.9,0,1,0,0,0,1,I,multipanel,"axes text,title(s),annotation(s),caption(s)",0,0,1,1,1,1,0,0,0,0,1,3,3,11,10,"Diagram,Distribution,Area,Table",1,0,0,1,1,0,0,0,0,1,0,0,4
whoK06_2.png,2269.png,27,0,0,1,0,1,0,G,single,"title(s),legend title,legend text,caption(s)",0,0,0,1,0,1,1,1,0,0,0,11,1,1,1,"Area,Circle",1,0,1,0,0,0,0,0,0,0,0,0,2
v489_n7416_19_f3.png,2270.png,76.6,0,0,0,1,1,0,S,single,text-only,0,0,0,0,0,0,0,0,1,1,0,0,10,2,1,Table,0,0,0,0,0,0,0,0,0,1,0,0,1
economist_daily_chart_33.png,2271.png,43.7,1,0,0,0,0,1,N,multipanel,"axes labels,title(s),legend text,caption(s)",0,1,0,1,0,1,1,0,0,0,0,5,3,2,2,"Bar,Line,Distribution",0,1,0,0,1,0,1,0,0,0,0,0,3
v486_n7403_3_f4.png,2272.png,80,0,0,0,1,0,1,S,multipanel,"axes labels,axes text,legend text",0,1,1,0,0,0,1,0,0,0,0,15,3,2,1,Distribution,0,0,0,0,1,0,0,0,0,0,0,0,1
visMost193.png,2273.png,42.8,0,1,0,0,0,1,I,multipanel,"title(s),caption(s),annotation(s),legend text",0,0,0,1,1,1,1,0,0,0,0,5,2,8,1,"Table,Area,Circle",1,0,1,0,0,0,0,0,0,1,0,0,3
v483_n7387_10_f4.png,2274.png,46,0,0,0,1,0,1,S,multipanel,"axes labels,axes text,legend text,legend title",0,1,1,0,0,0,1,1,0,0,0,18,5,0,2,"Line,Area",1,0,0,0,0,0,1,0,0,0,0,0,2
v482_n7386_3_f4.png,2275.png,69.2,0,0,0,1,0,1,S,multipanel,"axes text,axes labels",0,1,1,0,0,0,0,0,0,0,0,4,1,3,5,"Table,Diagram",0,0,0,1,0,0,0,0,0,1,0,0,2
vis159.png,2276.png,35.3,0,1,0,0,1,0,I,single,"title(s),annotation(s),caption(s)",0,0,0,1,1,1,0,0,0,0,1,8,1,2,1,Diagram,0,0,0,1,0,0,0,0,0,0,0,0,1
v487_n7408_19_f3.png,2277.png,72.1,0,0,0,1,0,1,S,multipanel,"axes labels,axes text,legend text,annotation(s)",0,1,1,0,1,0,1,0,0,0,0,4,2,3,5,"Diagram,Bar",0,1,0,1,0,0,0,0,0,0,0,0,2
v485_n7400_17_f2.png,2278.png,57.9,0,0,0,1,0,1,S,multipanel,"axes labels,axes text,legend text,annotation(s)",0,1,1,0,1,0,1,0,0,0,0,5,5,3,3,"Line,Distribution,Bar",0,1,0,0,1,0,1,0,0,0,0,0,3
v489_n7414_22_f1.png,2279.png,81.7,0,0,0,1,0,1,S,multipanel,annotation(s),0,0,0,0,1,0,0,0,0,0,0,3,0,3,4,Diagram,0,0,0,1,0,0,0,0,0,0,0,0,1
vis165.png,2280.png,69.9,0,1,0,0,0,1,I,multipanel,"axes labels,title(s),annotation(s),caption(s)",0,1,0,1,1,1,0,0,0,0,1,7,2,4,3,"Table,Area,Circle,Bar",1,1,1,0,0,0,0,0,0,1,0,0,4
vis603.png,2281.png,51.7,0,1,0,0,0,1,I,multipanel,"title(s),caption(s),annotation(s)",0,0,0,1,1,1,0,0,0,0,1,5,14,16,1,Table,0,0,0,0,0,0,0,0,0,1,0,0,1
visMost756.png,2282.png,74.5,0,1,0,0,1,0,I,single,"title(s),annotation(s),caption(s),legend text",0,0,0,1,1,1,1,0,0,0,0,18,1,2,2,"Table,Trees & Networks",0,0,0,0,0,0,0,0,0,1,0,1,2
v488_n7413_18_f1.png,2283.png,66.4,0,0,0,1,0,1,S,multipanel,"axes labels,axes text,legend text",0,1,1,0,0,0,1,0,0,0,0,7,4,3,4,"Circle,Area,Bar,Distribution",1,1,1,0,1,0,0,0,0,0,0,0,4
economist_daily_chart_194.png,2284.png,52.1,1,0,0,0,1,0,N,single,"title(s),axes text,caption(s),annotation(s),legend text",0,0,1,1,1,1,1,0,0,0,0,4,2,2,1,Line,0,0,0,0,0,0,1,0,0,0,0,0,1
economist_daily_chart_180.png,2285.png,32.6,1,0,0,0,0,1,N,multipanel,"title(s),caption(s),axes text,annotation(s)",0,0,1,1,1,1,0,0,0,0,0,6,3,2,1,"Line,Distribution",0,0,0,0,1,0,1,0,0,0,0,0,2
vis617.png,2286.png,58.1,0,1,0,0,0,1,I,multipanel,"title(s),annotation(s),caption(s)",0,0,0,1,1,1,0,0,0,0,1,3,9,10,7,"Table,Area,Circle,Bar",1,1,1,0,0,0,0,0,0,1,0,0,4
visMost742.png,2287.png,54.8,0,1,0,0,0,1,I,multipanel,"axes text,title(s),caption(s),annotation(s)",0,0,1,1,1,1,0,0,0,0,1,4,2,6,6,"Line,Bar,Area,Table,Circle",1,1,1,0,0,0,1,0,0,1,0,0,5
vis171.png,2288.png,50.4,0,1,0,0,0,1,I,multipanel,"axes text,legend text,title(s),annotation(s)",0,0,1,1,1,0,1,0,0,0,1,9,3,4,3,"Map,Bar,Table",0,1,0,0,0,0,0,1,0,1,0,0,3
v490_n7419_22_f3.png,2289.png,59.4,0,0,0,1,0,1,S,multipanel,axes text,0,0,1,0,0,0,0,0,0,0,0,7,1,2,10,"Diagram,Table,Bar",0,1,0,1,0,0,0,0,0,1,0,0,3
whoO17_2.png,2290.png,18.2,0,0,1,0,1,0,G,single,"title(s),legend text",0,0,0,1,0,0,1,0,0,0,0,5,1,1,1,Map,0,0,0,0,0,0,0,1,0,0,0,0,1
v489_n7416_15_f3.png,2291.png,18.2,0,0,0,1,0,1,S,multipanel,"axes labels,axes text",0,1,1,0,0,0,0,0,0,1,0,0,1,1,2,Bar,0,1,0,0,0,0,0,0,0,0,0,0,1
vis824.png,2292.png,56.1,0,1,0,0,0,1,I,multipanel,"title(s),axes text,annotation(s)",0,0,1,1,1,0,0,0,0,0,1,1,1,2,2,"Diagram,Line",0,0,0,1,0,0,1,0,0,0,0,0,2
v490_n7419_1_f3.png,2293.png,56.6,0,0,0,1,0,1,S,multipanel,annotation(s),0,0,0,0,1,0,0,0,0,0,0,2,3,2,7,Diagram,0,0,0,1,0,0,0,0,0,0,0,0,1
vis830.png,2294.png,56.2,0,1,0,0,0,1,I,multipanel,"title(s),annotation(s),caption(s)",0,0,0,1,1,1,0,0,0,0,1,4,1,2,3,Table,0,0,0,0,0,0,0,0,0,1,0,0,1
v490_n7420_9_f3.png,2295.png,70.7,0,0,0,1,0,1,S,multipanel,"axes labels,axes text,annotation(s),legend text",0,1,1,0,1,0,1,0,0,0,0,7,7,0,4,"Line,Distribution,Diagram",0,0,0,1,1,0,1,0,0,0,0,0,3
v490_n7418_1_f3.png,2296.png,65,0,0,0,1,0,1,S,multipanel,"annotation(s),legend text",0,0,0,0,1,0,1,0,0,0,0,12,2,4,3,"Area,Circle,Diagram",1,0,1,1,0,0,0,0,0,0,0,0,3
treasuryB14.png,2297.png,22.3,0,0,1,0,0,1,G,multipanel,"axes labels,axes text,title(s),caption(s),legend text",0,1,1,1,0,1,1,0,0,0,0,4,2,1,1,"Area,Table",1,0,0,0,0,0,0,0,0,1,0,0,2
v485_n7398_22_f4.png,2298.png,74.9,0,0,0,1,0,1,S,multipanel,"axes labels,axes text,legend title,legend text",0,1,1,0,0,0,1,1,0,0,0,16,2,5,3,"Diagram,Distribution,Grid & Matrix",0,0,0,1,1,1,0,0,0,0,0,0,3
v486_n7402_1_f1.png,2299.png,71.1,0,0,0,1,0,1,S,multipanel,"axes text,axes labels,legend text,annotation(s)",0,1,1,0,1,0,1,0,0,0,0,3,2,3,6,"Line,Diagram",0,0,0,1,0,0,1,0,0,0,0,0,2
economist_daily_chart_157.png,2300.png,15.7,1,0,0,0,1,0,N,single,"axes text,title(s),caption(s),annotation(s)",0,0,1,1,1,1,0,0,0,0,0,4,2,1,1,"Line,Distribution",0,0,0,0,1,0,1,0,0,0,0,0,2
visMost795.png,2301.png,64.6,0,1,0,0,0,1,I,multipanel,"title(s),axes text,caption(s),annotation(s),legend text",0,0,1,1,1,1,1,0,0,0,0,8,2,16,9,"Table,Circle,Bar",0,1,1,0,0,0,0,0,0,1,0,0,3
vis818.png,2302.png,35.2,0,1,0,0,0,1,I,multipanel,"title(s),caption(s),annotation(s)",0,0,0,1,1,1,0,0,0,0,1,4,1,7,3,"Circle,Table",0,0,1,0,0,0,0,0,0,1,0,0,2
v489_n7417_13_f1.png,2303.png,49.6,0,0,0,1,0,1,S,multipanel,"axes labels,axes text",0,1,1,0,0,0,0,0,0,1,0,0,4,0,3,"Line,Point",0,0,0,0,0,0,1,0,1,0,0,0,2
v488_n7409_1_f4.png,2304.png,71.5,0,0,0,1,0,1,S,multipanel,"axes text,axes labels,annotation(s)",0,1,1,0,1,0,0,0,0,0,0,6,2,2,2,"Table,Line,Point",0,0,0,0,0,0,1,0,1,1,0,0,3
visMost781.png,2305.png,68.2,0,1,0,0,0,1,I,multipanel,"title(s),caption(s),annotation(s),axes text,legend text",0,0,1,1,1,1,1,0,0,0,1,20,3,3,14,"Table,Diagram",0,0,0,1,0,0,0,0,0,1,0,0,2
v486_n7403_1_f1.png,2306.png,64,0,0,0,1,1,0,S,single,"axes text,axes labels,legend text",0,1,1,0,0,0,1,0,0,0,0,6,3,0,1,"Point,Grid & Matrix",0,0,0,0,0,1,0,0,1,0,0,0,2
economist_daily_chart_143.png,2307.png,18.2,1,0,0,0,1,0,N,single,"axes text,legend text,title(s),caption(s)",0,0,1,1,0,1,1,0,0,0,0,4,3,1,1,Bar,0,1,0,0,0,0,0,0,0,0,0,0,1
v483_n7390_21_f4.png,2308.png,44,0,0,0,1,1,0,S,single,annotation(s),0,0,0,0,1,0,0,0,0,0,0,5,0,3,1,Diagram,0,0,0,1,0,0,0,0,0,0,0,0,1
v486_n7403_25_f2.png,2309.png,70.9,0,0,0,1,0,1,S,multipanel,"axes labels,axes text",0,1,1,0,0,0,0,0,0,0,0,4,2,4,4,"Line,Distribution,Diagram,Table",0,0,0,1,1,0,1,0,0,1,0,0,4
visMost568.png,2310.png,60.4,0,1,0,0,0,1,I,multipanel,"axes labels,axes text,title(s),caption(s),annotation(s),legend text",0,1,1,1,1,1,1,0,0,0,0,20,9,10,4,"Line,Table,Diagram,Area",1,0,0,1,0,0,1,0,0,1,0,0,4
v485_n7397_23_f4.png,2311.png,75.1,0,0,0,1,0,1,S,multipanel,"axes labels,axes text,legend text,annotation(s)",0,1,1,0,1,0,1,0,0,1,0,0,3,5,6,"Table,Bar,Line,Point",0,1,0,0,0,0,1,0,1,1,0,0,4
v487_n7405_21_f4.png,2312.png,81.2,0,0,0,1,1,0,S,single,annotation(s),0,0,0,0,1,0,0,0,0,0,0,8,2,1,2,Diagram,0,0,0,1,0,0,0,0,0,0,0,0,1
v487_n7408_1_f6.png,2313.png,73.2,0,0,0,1,0,1,S,multipanel,"axes labels,axes text,annotation(s),legend text",0,1,1,0,1,0,1,0,0,0,0,3,1,4,7,"Table,Diagram,Bar",0,1,0,1,0,0,0,0,0,1,0,0,3
wsj10.png,2314.png,45.7,1,0,0,0,1,0,N,single,"legend text,caption(s),annotation(s),title(s)",0,0,0,1,1,1,1,0,0,0,0,4,1,2,1,Map,0,0,0,0,0,0,0,1,0,0,0,0,1
wsj228.png,2315.png,51.6,1,0,0,0,0,1,N,multipanel,"title(s),axes text,caption(s),annotation(s)",0,0,1,1,1,1,0,0,0,0,0,5,5,5,4,"Line,Area,Bar",1,1,0,0,0,0,1,0,0,0,0,0,3
vis429.png,2316.png,26.1,0,1,0,0,1,0,I,single,"title(s),caption(s),axes text,axes labels,annotation(s)",0,1,1,1,1,1,0,0,0,0,1,14,2,1,1,Bar,0,1,0,0,0,0,0,0,0,0,0,0,1
economist_daily_chart_396.png,2317.png,25.2,1,0,0,0,1,0,N,single,"title(s),axes text,caption(s),annotation(s)",0,0,1,1,1,1,0,0,0,0,1,5,2,1,1,"Line,Distribution",0,0,0,0,1,0,1,0,0,0,0,0,2
wsj566.png,2318.png,36.1,1,0,0,0,0,1,N,multipanel,"title(s),legend text,axes labels,axes text,caption(s)",0,1,1,1,0,1,1,0,0,0,1,5,2,3,1,Bar,0,1,0,0,0,0,0,0,0,0,0,0,1
visMost554.png,2319.png,80,0,1,0,0,0,1,I,multipanel,"title(s),caption(s),legend text,annotation(s)",0,0,0,1,1,1,1,0,0,0,0,50,5,1,1,"Trees & Networks,Area",1,0,0,0,0,0,0,0,0,0,0,1,2
vis401.png,2320.png,63.6,0,1,0,0,1,0,I,single,"title(s),axes text,annotation(s)",0,0,1,1,1,0,0,0,0,0,1,6,0,7,6,"Table,Trees & Networks,Diagram",0,0,0,1,0,0,0,0,0,1,0,1,3
vis367.png,2321.png,34.6,0,1,0,0,0,1,I,multipanel,"title(s),caption(s),annotation(s)",0,0,0,1,1,1,0,0,0,0,1,5,2,3,3,"Area,Circle,Table",1,0,1,0,0,0,0,0,0,1,0,0,3
visMost232.png,2322.png,42.9,0,1,0,0,1,0,I,single,"title(s),caption(s),annotation(s)",0,0,0,1,1,1,0,0,0,0,1,11,9,14,8,"Table,Circle",0,0,1,0,0,0,0,0,0,1,0,0,2
v488_n7411_19_f2.png,2323.png,71.6,0,0,0,1,0,1,S,multipanel,"axes labels,axes text,title(s),legend text,annotation(s)",0,1,1,1,1,0,1,0,0,0,0,3,6,3,7,"Bar,Diagram,Line,Table",0,1,0,1,0,0,1,0,0,1,0,0,4
v483_n7387_1_f5.png,2324.png,80.3,0,0,0,1,0,1,S,multipanel,"axes labels,axes text,annotation(s)",0,1,1,0,1,0,0,0,0,0,0,12,5,5,7,"Diagram,Point,Line",0,0,0,1,0,0,1,0,1,0,0,0,3
wsj200.png,2325.png,56.4,1,0,0,0,1,0,N,single,"axes labels,axes text,title(s),annotation(s),caption(s),legend text",0,1,1,1,1,1,1,0,0,0,1,7,2,1,1,Point,0,0,0,0,0,0,0,0,1,0,0,0,1
v486_n7401_2_f3.png,2326.png,78.2,0,0,0,1,0,1,S,multipanel,"axes labels,axes text,title(s),legend text",0,1,1,1,0,0,1,0,0,0,0,5,2,4,6,"Diagram,Bar",0,1,0,1,0,0,0,0,0,0,0,0,2
wsj214.png,2327.png,28,1,0,0,0,1,0,N,single,"title(s),caption(s),annotation(s),axes text",0,0,1,1,1,1,0,0,0,0,1,6,0,2,1,"Diagram,Table",0,0,0,1,0,0,0,0,0,1,0,0,2
v486_n7404_21_f2.png,2328.png,87.1,0,0,0,1,0,1,S,multipanel,"axes labels,legend text,axes text,annotation(s)",0,1,1,0,1,0,1,0,0,0,0,4,3,3,6,"Table,Point,Line",0,0,0,0,0,0,1,0,1,1,0,0,3
vis373.png,2329.png,47.1,0,1,0,0,0,1,I,multipanel,"title(s),caption(s),annotation(s),axes labels,axes text,legend text",0,1,1,1,1,1,1,0,0,0,0,5,6,10,12,"Circle,Point,Area,Table",1,0,1,0,0,0,0,0,1,1,0,0,4
wsj38.png,2330.png,37.2,1,0,0,0,0,1,N,multipanel,"axes text,title(s),annotation(s),caption(s)",0,0,1,1,1,1,0,0,0,0,1,6,2,2,2,"Bar,Line,Distribution",0,1,0,0,1,0,1,0,0,0,0,0,3
visMost540.png,2331.png,50.6,0,1,0,0,0,1,I,multipanel,"title(s),caption(s),axes labels,axes text,annotation(s)",0,1,1,1,1,1,0,0,0,0,1,3,5,8,3,"Table,Line,Distribution,Circle",0,0,1,0,1,0,1,0,0,1,0,0,4
vis415.png,2332.png,33.8,0,1,0,0,1,0,I,single,"text-only,title(s)",0,0,0,1,0,0,0,0,1,0,1,6,0,1,1,Table,0,0,0,0,0,0,0,0,0,1,0,0,1
whoH03.png,2333.png,20.4,0,0,1,0,0,1,G,multipanel,"title(s),legend text,annotation(s)",0,0,0,1,1,0,1,0,0,0,0,9,1,1,1,Circle,0,0,1,0,0,0,0,0,0,0,0,0,1
economist_daily_chart_382.png,2334.png,16.8,1,0,0,0,1,0,N,single,"title(s),axes text,legend text,caption(s)",0,0,1,1,0,1,1,0,0,0,1,4,1,2,1,Bar,0,1,0,0,0,0,0,0,0,0,0,0,1
wsj572.png,2335.png,28.4,1,0,0,0,0,1,N,multipanel,"title(s),caption(s),axes text,axes labels",0,1,1,1,0,1,0,0,0,0,1,3,3,1,1,"Bar,Area",1,1,0,0,0,0,0,0,0,0,0,0,2
economist_daily_chart_369.png,2336.png,15.9,1,0,0,0,0,1,N,multipanel,"title(s),axes text,annotation(s),caption(s)",0,0,1,1,1,1,0,0,0,0,1,3,1,1,2,"Distribution,Bar",0,1,0,0,1,0,0,0,0,0,0,0,2
whoQ01.png,2337.png,21.4,0,0,1,0,1,0,G,single,"title(s),caption(s),text-only,axes text",0,0,1,1,0,1,0,0,1,0,0,2,2,2,1,Table,0,0,0,0,0,0,0,0,0,1,0,0,1
wsj599.png,2338.png,34.2,1,0,0,0,0,1,N,multipanel,"title(s),annotation(s),caption(s),axes text",0,0,1,1,1,1,0,0,0,0,1,3,1,2,1,Diagram,0,0,0,1,0,0,0,0,0,0,0,0,1
v488_n7410_6_f2.png,2339.png,70.3,0,0,0,1,0,1,S,multipanel,"annotation(s),axes text,legend text",0,0,1,0,1,0,1,0,0,0,1,13,1,3,1,Diagram,0,0,0,1,0,0,0,0,0,0,0,0,1
v484_n7395_12_f2.png,2340.png,64,0,0,0,1,0,1,S,multipanel,"axes text,annotation(s),axes labels",0,1,1,0,1,0,0,0,0,0,0,4,5,1,5,Grid & Matrix,0,0,0,0,0,1,0,0,0,0,0,0,1
v485_n7396_5_f5.png,2341.png,70.7,0,0,0,1,0,1,S,multipanel,"axes labels,axes text,title(s),legend text",0,1,1,1,0,0,1,0,0,1,0,0,2,3,4,"Bar,Table",0,1,0,0,0,0,0,0,0,1,0,0,2
v485_n7400_21_f3.png,2342.png,74.2,0,0,0,1,0,1,S,multipanel,"axes labels,axes text,title(s),legend text,annotation(s)",0,1,1,1,1,0,1,0,0,0,0,6,2,3,7,"Bar,Table",0,1,0,0,0,0,0,0,0,1,0,0,2
vis398.png,2343.png,15.3,0,1,0,0,1,0,I,single,"title(s),caption(s),annotation(s)",0,0,0,1,1,1,0,0,0,0,1,3,1,1,1,"Trees & Networks,Circle",0,0,1,0,0,0,0,0,0,0,0,1,2
v484_n7392_20_f3.png,2344.png,63.1,0,0,0,1,0,1,S,multipanel,"title(s),axes text,axes labels,legend text",0,1,1,1,0,0,1,0,0,1,0,0,5,6,6,"Bar,Table",0,1,0,0,0,0,0,0,0,1,0,0,2
v487_n7405_9_f4.png,2345.png,73.3,0,0,0,1,0,1,S,multipanel,"axes labels,axes text,annotation(s),legend text",0,1,1,0,1,0,1,0,0,0,0,10,5,4,3,"Diagram,Point,Area",1,0,0,1,0,0,0,0,1,0,0,0,3
visMost597.png,2346.png,61.9,0,1,0,0,1,0,I,single,"title(s),annotation(s),caption(s),axes text",0,0,1,1,1,1,0,0,0,0,1,15,1,1,1,"Table,Diagram",0,0,0,1,0,0,0,0,0,1,0,0,2
economist_daily_chart_355.png,2347.png,39.9,1,0,0,0,1,0,N,single,"axes text,title(s),caption(s),legend text",0,0,1,1,0,1,1,0,0,0,1,6,3,1,1,"Distribution,Bar",0,1,0,0,1,0,0,0,0,0,0,0,2
economist_daily_chart_433.png,2348.png,31.2,1,0,0,0,0,1,N,multipanel,"title(s),axes text,annotation(s),caption(s)",0,0,1,1,1,1,0,0,0,0,1,3,2,2,2,"Table,Line,Distribution",0,0,0,0,1,0,1,0,0,1,0,0,3
v487_n7405_7_f1.png,2349.png,62.7,0,0,0,1,1,0,S,single,"axes labels,axes text,legend text",0,1,1,0,0,0,1,0,0,0,0,9,2,1,1,"Point,Line,Distribution",0,0,0,0,1,0,1,0,1,0,0,0,3
v489_n7415_12_f2.png,2350.png,37.1,0,0,0,1,0,1,S,multipanel,"axes text,title(s),axes labels",0,1,1,1,0,0,0,0,0,0,0,2,1,2,1,"Distribution,Bar",0,1,0,0,1,0,0,0,0,0,0,0,2
economist_daily_chart_427.png,2351.png,21.5,1,0,0,0,1,0,N,single,"axes text,title(s),caption(s),legend text,axes labels",0,1,1,1,0,1,1,0,0,0,1,6,1,2,1,Bar,0,1,0,0,0,0,0,0,0,0,0,0,1
economist_daily_chart_341.png,2352.png,33.9,1,0,0,0,1,0,N,single,"axes text,title(s),caption(s),legend text",0,0,1,1,0,1,1,0,0,0,1,5,1,2,1,"Bar,Line,Point",0,1,0,0,0,0,1,0,1,0,0,0,3
whoJ45_1.png,2353.png,27.1,0,0,1,0,1,0,G,single,"caption(s),legend text,title(s)",0,0,0,1,0,1,1,0,0,0,0,5,1,1,1,Map,0,0,0,0,0,0,0,1,0,0,0,0,1
whoB06_1.png,2354.png,22.7,0,0,1,0,0,1,G,multipanel,"title(s),annotation(s),caption(s)",0,0,0,1,1,1,0,0,0,0,0,4,2,2,1,Circle,0,0,1,0,0,0,0,0,0,0,0,0,1
whoF18.png,2355.png,37.4,0,0,1,0,0,1,G,multipanel,"axes labels,axes text,title(s),legend text,caption(s)",0,1,1,1,0,1,1,0,0,0,0,6,1,3,1,Bar,0,1,0,0,0,0,0,0,0,0,0,0,1
economist_daily_chart_426.png,2356.png,28.5,1,0,0,0,0,1,N,multipanel,"title(s),axes text,caption(s),annotation(s)",0,0,1,1,1,1,0,0,0,0,1,9,2,1,2,"Circle,Bar",0,1,1,0,0,0,0,0,0,0,0,0,2
whoF19.png,2357.png,41.5,0,0,1,0,0,1,G,multipanel,"title(s),axes labels,axes text,legend text,caption(s)",0,1,1,1,0,1,1,0,0,0,0,8,1,3,1,Bar,0,1,0,0,0,0,0,0,0,0,0,0,1
visMost582.png,2358.png,21.5,0,1,0,0,0,1,I,multipanel,"title(s),annotation(s),caption(s)",0,0,0,1,1,1,0,0,0,0,1,7,3,4,4,"Table,Bar,Circle",0,1,1,0,0,0,0,0,0,1,0,0,3
economist_daily_chart_340.png,2359.png,21.1,1,0,0,0,1,0,N,single,"title(s),axes text,caption(s)",0,0,1,1,0,1,0,0,0,0,1,3,2,0,1,Bar,0,1,0,0,0,0,0,0,0,0,0,0,1
v487_n7407_18_f2.png,2360.png,77.3,0,0,0,1,0,1,S,multipanel,"axes text,title(s),axes labels",0,1,1,1,0,0,0,0,0,0,0,5,1,3,5,"Trees & Networks,Bar,Distribution",0,1,0,0,1,0,0,0,0,0,0,1,3
economist_daily_chart_354.png,2361.png,15.4,1,0,0,0,1,0,N,single,"axes text,title(s),caption(s)",0,0,1,1,0,1,0,0,0,0,1,3,1,1,1,Bar,0,1,0,0,0,0,0,0,0,0,0,0,1
visMost596.png,2362.png,44.8,0,1,0,0,0,1,I,multipanel,"title(s),caption(s),annotation(s),legend text",0,0,0,1,1,1,1,0,0,0,1,6,6,9,4,"Map,Table",0,0,0,0,0,0,0,1,0,1,0,0,2
v489_n7415_12_f3.png,2363.png,54.8,0,0,0,1,0,1,S,multipanel,"axes labels,axes text,legend text",0,1,1,0,0,0,1,0,0,0,0,3,2,1,1,"Point,Line",0,0,0,0,0,0,1,0,1,0,0,0,2
economist_daily_chart_432.png,2364.png,55.3,1,0,0,0,1,0,N,single,annotation(s),0,0,0,0,1,0,0,0,0,0,1,4,0,1,1,Map,0,0,0,0,0,0,0,1,0,0,0,0,1
v488_n7411_6_f3.png,2365.png,49.3,0,0,0,1,1,0,S,single,"annotation(s),legend text",0,0,0,0,1,0,1,0,0,0,0,6,1,1,1,Diagram,0,0,0,1,0,0,0,0,0,0,0,0,1
v484_n7392_20_f2.png,2366.png,84.3,0,0,0,1,0,1,S,multipanel,"annotation(s),axes text,legend text",0,0,1,0,1,0,1,0,0,0,0,10,0,4,8,"Diagram,Table",0,0,0,1,0,0,0,0,0,1,0,0,2
v485_n7400_8_f1.png,2367.png,67.7,0,0,0,1,1,0,S,single,"axes labels,axes text,annotation(s)",0,1,1,0,1,0,0,0,0,0,0,5,2,2,2,"Area,Diagram,Line",1,0,0,1,0,0,1,0,0,0,0,0,3
v484_n7395_12_f3.png,2368.png,40.6,0,0,0,1,1,0,S,single,"axes labels,axes text,annotation(s),legend text",0,1,1,0,1,0,1,0,0,0,0,6,2,1,1,Grid & Matrix,0,0,0,0,0,1,0,0,0,0,0,0,1
v488_n7410_6_f3.png,2369.png,45.7,0,0,0,1,1,0,S,single,"axes labels,axes text",0,1,1,0,0,0,0,0,0,1,0,0,2,0,1,"Bar,Distribution",0,1,0,0,1,0,0,0,0,0,0,0,2
wsj598.png,2370.png,20.1,1,0,0,0,1,0,N,single,"title(s),annotation(s),axes text,caption(s)",0,0,1,1,1,1,0,0,0,0,1,3,2,1,1,Bar,0,1,0,0,0,0,0,0,0,0,0,0,1
economist_daily_chart_368.png,2371.png,33.4,1,0,0,0,0,1,N,multipanel,"title(s),axes text,annotation(s),caption(s),legend text",0,0,1,1,1,1,1,0,0,0,1,9,2,2,2,"Bar,Circle",0,1,1,0,0,0,0,0,0,0,0,0,2
v490_n7418_12_f1.png,2372.png,69.1,0,0,0,1,1,0,S,single,"axes labels,axes text,annotation(s)",0,1,1,0,1,0,0,0,0,0,0,4,3,1,1,Point,0,0,0,0,0,0,0,0,1,0,0,0,1
v488_n7413_20_f4.png,2373.png,75.8,0,0,0,1,0,1,S,multipanel,"axes labels,axes text",0,1,1,0,0,0,0,0,0,1,0,0,2,3,6,Table,0,0,0,0,0,0,0,0,0,1,0,0,1
vis399.png,2374.png,81.2,0,1,0,0,1,0,I,single,"title(s),caption(s),legend text,axes text",0,0,1,1,0,1,1,0,0,0,0,12,2,2,1,Trees & Networks,0,0,0,0,0,0,0,0,0,0,0,1,1
v485_n7400_21_f2.png,2375.png,70,0,0,0,1,0,1,S,multipanel,"axes labels,axes text,title(s),annotation(s),legend text",0,1,1,1,1,0,1,0,0,0,0,8,4,2,5,"Diagram,Bar",0,1,0,1,0,0,0,0,0,0,0,0,2
v485_n7396_5_f4.png,2376.png,76.6,0,0,0,1,0,1,S,multipanel,"axes labels,axes text,title(s),legend text,annotation(s)",0,1,1,1,1,0,1,0,0,0,0,4,5,3,8,"Bar,Table",0,1,0,0,0,0,0,0,0,1,0,0,2
wsj39.png,2377.png,21.2,1,0,0,0,1,0,N,single,"title(s),axes text,caption(s),annotation(s)",0,0,1,1,1,1,0,0,0,0,1,5,2,1,1,Line,0,0,0,0,0,0,1,0,0,0,0,0,1
visMost227.png,2378.png,31.8,0,1,0,0,1,0,I,single,"title(s),caption(s),annotation(s)",0,0,0,1,1,1,0,0,0,0,1,18,6,2,1,"Table,Point,Diagram",0,0,0,1,0,0,0,0,1,1,0,0,3
vis372.png,2379.png,53,0,1,0,0,0,1,I,multipanel,"title(s),caption(s),annotation(s)",0,0,0,1,1,1,0,0,0,0,1,20,0,6,11,Table,0,0,0,0,0,0,0,0,0,1,0,0,1
v486_n7404_21_f3.png,2380.png,70,0,0,0,1,0,1,S,multipanel,"axes labels,axes text,title(s),annotation(s),legend text",0,1,1,1,1,0,1,0,0,0,0,5,4,3,3,Point,0,0,0,0,0,0,0,0,1,0,0,0,1
wsj215.png,2381.png,25.6,1,0,0,0,1,0,N,single,"axes text,title(s),annotation(s),caption(s)",0,0,1,1,1,1,0,0,0,0,1,5,2,0,1,"Bar,Table",0,1,0,0,0,0,0,0,0,1,0,0,2
v486_n7401_2_f2.png,2382.png,72.1,0,0,0,1,0,1,S,multipanel,"axes text,title(s),annotation(s),legend title,legend text",0,0,1,1,1,0,1,1,0,0,0,9,1,5,4,"Diagram,Table,Grid & Matrix",0,0,0,1,0,1,0,0,0,1,0,0,3
wsj573.png,2383.png,16.1,1,0,0,0,1,0,N,single,"axes labels,axes text,title(s),caption(s)",0,1,1,1,0,1,0,0,0,0,0,2,2,0,1,"Distribution,Bar",0,1,0,0,1,0,0,0,0,0,0,0,2
economist_daily_chart_383.png,2384.png,25.4,1,0,0,0,0,1,N,multipanel,"axes text,title(s),caption(s),annotation(s)",0,0,1,1,1,1,0,0,0,0,1,3,3,1,2,"Line,Distribution,Bar",0,1,0,0,1,0,1,0,0,0,0,0,3
v488_n7410_11_f4.png,2385.png,68.1,0,0,0,1,1,0,S,single,"legend title,legend text,axes labels,annotation(s)",0,1,0,0,1,0,1,1,0,1,0,0,1,2,1,Diagram,0,0,0,1,0,0,0,0,0,0,0,0,1
v483_n7389_15_f2.png,2386.png,51.9,0,0,0,1,0,1,S,multipanel,"axes text,axes labels",0,1,1,0,0,0,0,0,0,1,0,0,2,0,1,"Line,Point,Distribution",0,0,0,0,1,0,1,0,1,0,0,0,3
vis414.png,2387.png,41.3,0,1,0,0,0,1,I,multipanel,"title(s),annotation(s),caption(s)",0,0,0,1,1,1,0,0,0,0,1,9,1,8,5,"Table,Map,Point,Circle,Area",1,0,1,0,0,0,0,1,1,1,0,0,5
visMost541.png,2388.png,11,0,1,0,0,1,0,I,single,"annotation(s),title(s)",0,0,0,1,1,0,0,0,0,0,1,4,0,2,1,Table,0,0,0,0,0,0,0,0,0,1,0,0,1
vis400.png,2389.png,39,0,1,0,0,0,1,I,multipanel,"annotation(s),title(s),caption(s)",0,0,0,1,1,1,0,0,0,0,1,15,15,15,15,"Table,Bar,Area,Point,Map,",1,1,0,0,0,0,0,1,1,1,0,0,5
visMost555.png,2390.png,41.8,0,1,0,0,0,1,I,multipanel,"title(s),text-only,caption(s),axes text",0,0,1,1,0,1,0,0,1,0,1,4,2,11,1,Bar,0,1,0,0,0,0,0,0,0,0,0,0,1
v486_n7403_13_f2.png,2391.png,52.4,0,0,0,1,1,0,S,single,"axes labels,axes text,annotation(s),legend text,legend title",0,1,1,0,1,0,1,1,0,0,0,6,3,0,1,"Grid & Matrix,Diagram",0,0,0,1,0,1,0,0,0,0,0,0,2
whoC19_2.png,2392.png,17.9,0,0,1,0,0,1,G,multipanel,"title(s),axes labels,axes text,legend text",0,1,1,1,0,0,1,0,0,0,0,2,2,0,1,"Bar,Distribution",0,1,0,0,1,0,0,0,0,0,0,0,2
wsj567.png,2393.png,16.5,1,0,0,0,1,0,N,single,"title(s),caption(s),axes text,annotation(s)",0,0,1,1,1,1,0,0,0,0,1,8,0,2,1,Diagram,0,0,0,1,0,0,0,0,0,0,0,0,1
economist_daily_chart_397.png,2394.png,23,1,0,0,0,1,0,N,single,"axes text,title(s),caption(s),legend text,annotation(s)",0,0,1,1,1,1,1,0,0,0,1,4,2,1,1,"Distribution,Bar",0,1,0,0,1,0,0,0,0,0,0,0,2
v483_n7390_17_f4.png,2395.png,74.5,0,0,0,1,0,1,S,multipanel,"axes labels,axes text,annotation(s),legend text,title(s)",0,1,1,1,1,0,1,0,0,0,0,9,3,4,4,"Diagram,Distribution",0,0,0,1,1,0,0,0,0,0,0,0,2
wsj201.png,2396.png,37,1,0,0,0,0,1,N,multipanel,"axes text,title(s),annotation(s),caption(s),legend text",0,0,1,1,1,1,1,0,0,0,1,7,4,1,3,"Bar,Distribution",0,1,0,0,1,0,0,0,0,0,0,0,2
v483_n7387_1_f4.png,2397.png,68.6,0,0,0,1,0,1,S,multipanel,"axes labels,axes text,title(s),annotation(s)",0,1,1,1,1,0,0,0,0,0,0,4,5,3,8,"Line,Point,Diagram",0,0,0,1,0,0,1,0,1,0,0,0,3
v488_n7411_19_f3.png,2398.png,71.1,0,0,0,1,0,1,S,multipanel,"axes text,axes labels,annotation(s),legend text",0,1,1,0,1,0,1,0,0,0,0,6,4,3,7,"Bar,Diagram,Line,Point",0,1,0,1,0,0,1,0,1,0,0,0,4
visMost233.png,2399.png,29.9,0,1,0,0,1,0,I,single,"title(s),legend text,caption(s),annotation(s)",0,0,0,1,1,1,1,0,0,0,0,8,0,3,1,Diagram,0,0,0,1,0,0,0,0,0,0,0,0,1
vis366.png,2400.png,39.3,0,1,0,0,0,1,I,multipanel,"title(s),annotation(s),axes text,caption(s)",0,0,1,1,1,1,0,0,0,0,1,5,6,5,5,"Table,Bar",0,1,0,0,0,0,0,0,0,1,0,0,2
wsj229.png,2401.png,21.3,1,0,0,0,0,1,N,multipanel,"axes text,title(s),annotation(s),caption(s),legend text",0,0,1,1,1,1,1,0,0,0,1,4,2,2,2,"Map,Bar,Distribution",0,1,0,0,1,0,0,1,0,0,0,0,3
v483_n7390_19_f1.png,2402.png,76.4,0,0,0,1,0,1,S,multipanel,"title(s),axes text,axes labels,legend text",0,1,1,1,0,0,1,0,0,0,0,6,3,4,6,"Bar,Diagram,Trees & Networks,Line,Point,Table",0,1,0,1,0,0,1,0,1,1,0,1,6
v489_n7414_3_f1.png,2403.png,82.7,0,0,0,1,0,1,S,multipanel,"axes labels,axes text,title(s),annotation(s)",0,1,1,1,1,0,0,0,0,0,0,6,5,4,3,"Distribution,Circle,Bar,Diagram",0,1,1,1,1,0,0,0,0,0,0,0,4
vis428.png,2404.png,20,0,1,0,0,1,0,I,single,"title(s),annotation(s),caption(s)",0,0,0,1,1,1,0,0,0,0,1,6,10,10,2,Table,0,0,0,0,0,0,0,0,0,1,0,0,1
visMost569.png,2405.png,38.9,0,1,0,0,1,0,I,single,"title(s),annotation(s),legend title,legend text,caption(s)",0,0,0,1,1,1,1,1,0,0,0,4,3,1,1,Area,1,0,0,0,0,0,0,0,0,0,0,0,1
wsj11.png,2406.png,17.6,1,0,0,0,1,0,N,single,"axes text,title(s),legend text,caption(s)",0,0,1,1,0,1,1,0,0,0,1,3,1,2,1,"Distribution,Bar",0,1,0,0,1,0,0,0,0,0,0,0,2
v489_n7415_3_f1.png,2407.png,64.4,0,0,0,1,0,1,S,multipanel,"axes labels,axes text,title(s),annotation(s),legend text,title(s)",0,1,1,1,1,0,1,0,0,0,0,1,7,3,4,"Line,Bar,Table",0,1,0,0,0,0,1,0,0,1,0,0,3
economist_daily_chart_142.png,2408.png,42,1,0,0,0,1,0,N,single,"legend title,legend text,annotation(s),caption(s)",0,0,0,0,1,1,1,1,0,0,0,5,1,1,1,Map,0,0,0,0,0,0,0,1,0,0,0,0,1
visMost780.png,2409.png,69.4,0,1,0,0,1,0,I,single,"legend title,legend text",0,0,0,0,0,0,1,1,0,0,1,5,1,1,1,"Map,Trees & Networks",0,0,0,0,0,0,0,1,0,0,0,1,2
treasuryB01.png,2410.png,26.4,0,0,1,0,1,0,G,single,"axes text,axes labels,legend text,caption(s),title(s),annotation(s)",0,1,1,1,1,1,1,0,0,0,0,6,4,1,2,"Table,Line,Point",0,0,0,0,0,0,1,0,1,1,0,0,3
v486_n7403_25_f3.png,2411.png,75.7,0,0,0,1,0,1,S,multipanel,"axes labels,axes text,legend text",0,1,1,0,0,0,1,0,0,0,0,3,1,3,2,Point,0,0,0,0,0,0,0,0,1,0,0,0,1
v487_n7405_19_f1.png,2412.png,75.2,0,0,0,1,0,1,S,multipanel,"axes labels,axes text,title(s),annotation(s),legend text",0,1,1,1,1,0,1,0,0,0,0,7,4,2,9,"Diagram,Line,Bar,Distribution",0,1,0,1,1,0,1,0,0,0,0,0,4
v485_n7398_22_f5.png,2413.png,74.4,0,0,0,1,0,1,S,multipanel,"axes labels,axes text,title(s),legend text,legend title,annotation(s)",0,1,1,1,1,0,1,1,0,0,0,9,2,5,4,"Diagram,Circle,Bar",0,1,1,1,0,0,0,0,0,0,0,0,3
whoJ24_1.png,2414.png,28.4,0,0,1,0,1,0,G,single,"axes text,title(s),caption(s),legend text",0,0,1,1,0,1,1,0,0,0,0,3,1,2,1,Bar,0,1,0,0,0,0,0,0,0,0,0,0,1
treasuryB15.png,2415.png,32.6,0,0,1,0,1,0,G,single,"title(s),axes text,caption(s),annotation(s),axes labels",0,1,1,1,1,1,0,0,0,0,0,2,2,1,2,"Point,Table",0,0,0,0,0,0,0,0,1,1,0,0,2
v486_n7404_17_f2.png,2416.png,38.3,0,0,0,1,1,0,S,single,"annotation(s),axes labels,axes text",0,1,1,0,1,0,0,0,0,0,0,3,2,1,1,"Point,Distribution,Line",0,0,0,0,1,0,1,0,1,0,0,0,3
vis819.png,2417.png,42.1,0,1,0,0,0,1,I,multipanel,"title(s),axes text,annotation(s),caption(s)",0,0,1,1,1,1,0,0,0,0,1,6,4,4,5,"Table,Point,Area",1,0,0,0,0,0,0,0,1,1,0,0,3
visMost794.png,2418.png,50.6,0,1,0,0,0,1,I,multipanel,"title(s),caption(s),legend text",0,0,0,1,0,1,1,0,0,0,1,16,0,5,6,"Circle,Table",0,0,1,0,0,0,0,0,0,1,0,0,2
whoB22_1.png,2419.png,23.9,0,0,1,0,1,0,G,single,"axes labels,axes text,title(s),annotation(s),caption(s)",0,1,1,1,1,1,0,0,0,0,0,3,1,2,1,"Table,Area",1,0,0,0,0,0,0,0,0,1,0,0,2
economist_daily_chart_156.png,2420.png,29.5,1,0,0,0,0,1,N,multipanel,"title(s),axes labels,axes text,caption(s)",0,1,1,1,0,1,0,0,0,0,1,5,7,7,7,Bar,0,1,0,0,0,0,0,0,0,0,0,0,1
vis831.png,2421.png,26.2,0,1,0,0,1,0,I,single,"annotation(s),title(s)",0,0,0,1,1,0,0,0,0,0,1,2,1,1,1,Diagram,0,0,0,1,0,0,0,0,0,0,0,0,1
v490_n7418_1_f2.png,2422.png,70.9,0,0,0,1,1,0,S,single,"axes text,annotation(s)",0,0,1,0,1,0,0,0,0,0,0,9,0,2,1,"Trees & Networks,Diagram",0,0,0,1,0,0,0,0,0,0,0,1,2
v487_n7405_17_f4.png,2423.png,80.2,0,0,0,1,0,1,S,multipanel,"axes labels,axes text,title(s),legend text,annotation(s)",0,1,1,1,1,0,1,0,0,0,0,9,6,3,4,"Diagram,Point,Grid & Matrix",0,0,0,1,0,1,0,0,1,0,0,0,3
v489_n7416_15_f2.png,2424.png,48.7,0,0,0,1,1,0,S,single,"axes labels,axes text,title(s),legend text",0,1,1,1,0,0,1,0,0,1,0,0,2,1,1,Point,0,0,0,0,0,0,0,0,1,0,0,0,1
v490_n7419_1_f2.png,2425.png,72.8,0,0,0,1,0,1,S,multipanel,"axes text,title(s),annotation(s)",0,0,1,1,1,0,0,0,0,0,0,2,3,3,2,Diagram,0,0,0,1,0,0,0,0,0,0,0,0,1
visMost743.png,2426.png,46.5,0,1,0,0,1,0,I,single,"axes labels,title(s),caption(s),annotation(s)",0,1,0,1,1,1,0,0,0,0,1,18,1,3,1,"Diagram,Table",0,0,0,1,0,0,0,0,0,1,0,0,2
vis616.png,2427.png,49,0,1,0,0,0,1,I,multipanel,"title(s),caption(s),annotation(s),axes text,axes labels",0,1,1,1,1,1,0,0,0,0,1,10,3,3,6,"Bar,Diagram,Circle,Table",0,1,1,1,0,0,0,0,0,1,0,0,4
economist_daily_chart_181.png,2428.png,49.9,1,0,0,0,0,1,N,multipanel,"axes text,title(s),caption(s),legend text,annotation(s)",0,0,1,1,1,1,1,0,0,0,1,7,3,3,2,"Bar,Line,Distribution",0,1,0,0,1,0,1,0,0,0,0,0,3
vis170.png,2429.png,30.8,0,1,0,0,0,1,I,multipanel,"title(s),axes text,annotation(s),caption(s)",0,0,1,1,1,1,0,0,0,0,1,8,3,5,3,"Table,Area",1,0,0,0,0,0,0,0,0,1,0,0,2
vis164.png,2430.png,40.3,0,1,0,0,0,1,I,multipanel,"title(s),text-only,legend,annotation(s),caption(s)",0,0,0,1,1,1,0,0,1,0,1,18,0,4,9,"Table,Diagram",0,0,0,1,0,0,0,0,0,1,0,0,2
v486_n7401_12_f1.png,2431.png,29.4,0,0,0,1,1,0,S,single,"axes labels,axes text,legend title,legend text",0,1,1,0,0,0,1,1,0,1,0,0,1,2,1,Bar,0,1,0,0,0,0,0,0,0,0,0,0,1
whoQ09_2.png,2432.png,23.2,0,0,1,0,1,0,G,single,"axes labels,title(s),axes text,caption(s),legend text",0,1,1,1,0,1,1,0,0,0,0,2,1,2,1,"Distribution,Bar",0,1,0,0,1,0,0,0,0,0,0,0,2
economist_daily_chart_195.png,2433.png,20,1,0,0,0,0,1,N,multipanel,"axes text,annotation(s)",0,0,1,0,1,0,0,0,0,0,0,1,2,0,1,Bar,0,1,0,0,0,0,0,0,0,0,0,0,1
visMost757.png,2434.png,40.8,0,1,0,0,0,1,I,multipanel,"text-only,title(s),axes text,annotation(s),caption(s)",0,0,1,1,1,1,0,0,1,0,0,12,3,7,6,"Circle,Bar,Diagram,Table,Area",1,1,1,1,0,0,0,0,0,1,0,0,5
vis602.png,2435.png,46.3,0,1,0,0,1,0,I,single,no text,1,0,0,0,0,0,0,0,0,0,1,2,0,0,1,Grid & Matrix,0,0,0,0,0,1,0,0,0,0,0,0,1
v488_n7413_5_f1.png,2436.png,47.9,0,0,0,1,1,0,S,single,"title(s),text-only,annotation(s),axes labels",0,1,0,1,1,0,0,0,1,0,0,18,0,3,2,"Trees & Networks,Diagram",0,0,0,1,0,0,0,0,0,0,0,1,2
v485_n7400_17_f3.png,2437.png,68.5,0,0,0,1,0,1,S,multipanel,"axes labels,axes text,annotation(s),legend text",0,1,1,0,1,0,1,0,0,0,0,4,2,2,1,"Line,Table",0,0,0,0,0,0,1,0,0,1,0,0,2
v487_n7408_19_f2.png,2438.png,75,0,0,0,1,0,1,S,multipanel,"axes labels,axes text,annotation(s)",0,1,1,0,1,0,0,0,0,0,0,8,3,1,3,"Diagram,Distribution,Bar,Table",0,1,0,1,1,0,0,0,0,1,0,0,4
vis158.png,2439.png,29.2,0,1,0,0,0,1,I,multipanel,"annotation(s),text-only,title(s),caption(s)",0,0,0,1,1,1,0,0,1,0,1,4,2,4,2,"Diagram,Bar,Table",0,1,0,1,0,0,0,0,0,1,0,0,3
v482_n7386_3_f5.png,2440.png,70.9,0,0,0,1,0,1,S,multipanel,"axes labels,axes text,title(s),legend text,annotation(s)",0,1,1,1,1,0,1,0,0,0,0,13,4,4,7,"Line,Diagram,Bar,Distribution,Table",0,1,0,1,1,0,1,0,0,1,0,0,5
whoJ28.png,2441.png,17.8,0,0,1,0,1,0,G,single,"axes labels,axes text,title(s),caption(s),legend text,annotation(s)",0,1,1,1,1,1,1,0,0,0,0,2,1,2,1,Bar,0,1,0,0,0,0,0,0,0,0,0,0,1
v489_n7416_19_f2.png,2442.png,72.4,0,0,0,1,0,1,S,multipanel,"axes labels,axes text,annotation(s),legend text",0,1,1,0,1,0,1,0,0,0,0,5,3,2,2,"Line,Point,Distribution",0,0,0,0,1,0,1,0,1,0,0,0,3
whoQ12_1.png,2443.png,16.1,0,0,1,0,1,0,G,single,"title(s),caption(s),text-only,axes labels,axes text",0,1,1,1,0,1,0,0,1,0,0,3,1,8,1,Table,0,0,0,0,0,0,0,0,0,1,0,0,1
visMost89.png,2444.png,43.1,0,1,0,0,0,1,I,multipanel,"title(s),annotation(s),caption(s)",0,0,0,1,1,1,0,0,0,0,0,10,6,7,7,"Diagram,Bar,Table",0,1,0,1,0,0,0,0,0,1,0,0,3
treasuryD13.png,2445.png,37.8,0,0,1,0,0,1,G,multipanel,"axes labels,axes text,title(s),annotation(s),caption(s),legend text",0,1,1,1,1,1,1,0,0,0,0,4,2,3,2,"Bar,Table",0,1,0,0,0,0,0,0,0,1,0,0,2
v486_n7404_9_f1.png,2446.png,78.9,0,0,0,1,1,0,S,single,"axes labels,axes text,annotation(s),legend text",0,1,1,0,1,0,1,0,0,0,0,7,3,1,1,"Line,Distribution,Point",0,0,0,0,1,0,1,0,1,0,0,0,3
vis979.png,2447.png,35.8,0,1,0,0,0,1,I,multipanel,"title(s),caption(s),annotation(s),legend text",0,0,0,1,1,1,1,0,0,0,0,3,2,4,4,"Table,Circle,Bar",0,1,1,0,0,0,0,0,0,1,0,0,3
whoQ57_1.png,2448.png,25.6,0,0,1,0,1,0,G,single,"axes text,title(s),legend text",0,0,1,1,0,0,1,0,0,0,0,3,1,2,1,Bar,0,1,0,0,0,0,0,0,0,0,0,0,1
visMost192.png,2449.png,56.5,0,1,0,0,0,1,I,multipanel,"axes text,legend text,caption(s),title(s),axes labels,annotation(s)",0,1,1,1,1,1,1,0,0,0,1,10,4,6,8,"Diagram,Trees & Networks,Distribution,Circle,Bar,Table",0,1,1,1,1,0,0,0,0,1,0,1,6
v486_n7403_3_f5.png,2450.png,62.4,0,0,0,1,0,1,S,multipanel,"axes labels,axes text,title(s),annotation(s),legend text",0,1,1,1,1,0,1,0,0,0,0,11,8,2,2,"Line,Distribution,Point",0,0,0,0,1,0,1,0,1,0,0,0,3
economist_daily_chart_32.png,2451.png,29.6,1,0,0,0,0,1,N,multipanel,"axes text,title(s),caption(s),annotation(s)",0,0,1,1,1,1,0,0,0,0,1,4,1,1,4,Bar,0,1,0,0,0,0,0,0,0,0,0,0,1
economist_daily_chart_26.png,2452.png,29.6,1,0,0,0,0,1,N,multipanel,"axes text,legend title,legend text,annotation(s)",0,0,1,0,1,0,1,1,0,0,0,4,1,2,2,"Map,Bar,Distribution",0,1,0,0,1,0,0,1,0,0,0,0,3
v485_n7399_2_f4.png,2453.png,77.1,0,0,0,1,0,1,S,multipanel,"axes labels,axes text,title(s),annotation(s),legend text",0,1,1,1,1,0,1,0,0,1,0,0,4,3,4,"Bar,Diagram,Table",0,1,0,1,0,0,0,0,0,1,0,0,3
visMost186.png,2454.png,42.1,0,1,0,0,0,1,I,multipanel,"annotation(s),caption(s),title(s)",0,0,0,1,1,1,0,0,0,0,1,6,7,11,4,"Diagram,Table",0,0,0,1,0,0,0,0,0,1,0,0,2
vis945.png,2455.png,46.3,0,1,0,0,0,1,I,multipanel,"title(s),annotation(s),caption(s)",0,0,0,1,1,1,0,0,0,0,1,4,4,23,6,"Circle,Table,Diagram",0,0,1,1,0,0,0,0,0,1,0,0,3
whoN35_1.png,2456.png,9.7,0,0,1,0,1,0,G,single,"title(s),legend text,annotation(s)",0,0,0,1,1,0,1,0,0,0,0,4,1,1,1,Circle,0,0,1,0,0,0,0,0,0,0,0,0,1
visMost810.png,2457.png,63.4,0,1,0,0,0,1,I,multipanel,"title(s),annotation(s),axes text,caption(s)",0,0,1,1,1,1,0,0,0,0,1,6,1,5,5,"Diagram,Table",0,0,0,1,0,0,0,0,0,1,0,0,2
v487_n7405_15_f1.png,2458.png,45.9,0,0,0,1,0,1,S,multipanel,"legend text,annotation(s)",0,0,0,0,1,0,1,0,0,0,0,6,1,2,2,"Trees & Networks,Map",0,0,0,0,0,0,0,1,0,0,0,1,2
v484_n7395_7_f10.png,2459.png,71.6,0,0,0,1,0,1,S,multipanel,"axes labels,axes text,title(s),annotation(s)",0,1,1,1,1,0,0,0,0,0,0,7,4,2,5,"Diagram,Point,Line,Distribution",0,0,0,1,1,0,1,0,1,0,0,0,4
v486_n7402_21_f4.png,2460.png,41.1,0,0,0,1,0,1,S,multipanel,"axes labels,axes text,annotation(s),legend text",0,1,1,0,1,0,1,0,0,1,0,0,4,1,3,"Bar,Line,Point",0,1,0,0,0,0,1,0,1,0,0,0,3
wsj8.png,2461.png,22.1,1,0,0,0,1,0,N,single,"title(s),axes text,caption(s)",0,0,1,1,0,1,0,0,0,0,1,3,1,2,1,"Table,Point",0,0,0,0,0,0,0,0,1,1,0,0,2
wsj188.png,2462.png,8.8,1,0,0,0,1,0,N,single,"axes text,caption(s),title(s),legend text,annotation(s)",0,0,1,1,1,1,1,0,0,0,1,3,2,1,1,"Bar,Distribution",0,1,0,0,1,0,0,0,0,0,0,0,2
v482_n7386_10_f3.png,2463.png,71.2,0,0,0,1,0,1,S,multipanel,"axes labels,axes text,title(s),annotation(s),legend text,legend title",0,1,1,1,1,0,1,1,0,0,0,11,6,1,4,"Map,Grid & Matrix",0,0,0,0,0,1,0,1,0,0,0,0,2
vis951.png,2464.png,32.6,0,1,0,0,1,0,I,single,"title(s),caption(s),axes text,annotation(s)",0,0,1,1,1,1,0,0,0,0,1,9,3,3,1,"Area,Table",1,0,0,0,0,0,0,0,0,1,0,0,2
visMost804.png,2465.png,50.6,0,1,0,0,1,0,I,single,"title(s),annotation(s),legend text,caption(s)",0,0,0,1,1,1,1,0,0,0,0,3,2,1,1,"Map,Point",0,0,0,0,0,0,0,1,1,0,0,0,2
vis789.png,2466.png,51.9,0,1,0,0,0,1,I,multipanel,"annotation(s),title(s),caption(s)",0,0,0,1,1,1,0,0,0,0,1,3,6,11,9,"Table,Circle",0,0,1,0,0,0,0,0,0,1,0,0,2
vis762.png,2467.png,44.2,0,1,0,0,0,1,I,multipanel,"axes text,annotation(s),caption(s),title(s)",0,0,1,1,1,1,0,0,0,0,1,6,3,9,7,"Map,Diagram,Bar,Table,Area",1,1,0,1,0,0,0,1,0,1,0,0,5
visMost637.png,2468.png,35.4,0,1,0,0,0,1,I,multipanel,"title(s),axes text,caption(s),annotation(s)",0,0,1,1,1,1,0,0,0,0,1,7,4,9,8,"Diagram,Table",0,0,0,1,0,0,0,0,0,1,0,0,2
v487_n7408_15_f2.png,2469.png,56.8,0,0,0,1,1,0,S,single,"axes labels,axes text,annotation(s)",0,1,1,0,1,0,0,0,0,1,0,0,4,0,1,"Point,Bar,Distribution",0,1,0,0,1,0,0,0,1,0,0,0,3
v488_n7412_12_f2.png,2470.png,45.6,0,0,0,1,1,0,S,single,"axes text,axes labels,legend text",0,1,1,0,0,0,1,0,0,0,0,4,1,2,1,Bar,0,1,0,0,0,0,0,0,0,0,0,0,1
v488_n7412_9_f1.png,2471.png,74.5,0,0,0,1,1,0,S,single,"axes text,annotation(s),legend title,legend text",0,0,1,0,1,0,1,1,0,0,1,5,3,2,1,"Area,Map",1,0,0,0,0,0,0,1,0,0,0,0,2
wsj605.png,2472.png,41.1,1,0,0,0,0,1,N,multipanel,"title(s),annotation(s),caption(s)",0,0,0,1,1,1,0,0,0,0,1,6,1,3,2,Circle,0,0,1,0,0,0,0,0,0,0,0,0,1
wsj163.png,2473.png,46.7,1,0,0,0,0,1,N,multipanel,"axes text,axes labels,title(s),annotation(s),caption(s),legend text",0,1,1,1,1,1,1,0,0,0,1,3,3,2,2,"Area,Bar,Distribution",1,1,0,0,1,0,0,0,0,0,0,0,3
v483_n7388_8_f1.png,2474.png,68.3,0,0,0,1,0,1,S,multipanel,"annotation(s),legend text",0,0,0,0,1,0,1,0,0,0,1,6,1,1,5,Diagram,0,0,0,1,0,0,0,0,0,0,0,0,1
visMost151.png,2475.png,57.1,0,1,0,0,1,0,I,single,"caption(s),title(s),annotation(s)",0,0,0,1,1,1,0,0,0,0,0,5,1,3,1,Circle,0,0,1,0,0,0,0,0,0,0,0,0,1
whoL12.png,2476.png,23.5,0,0,1,0,1,0,G,single,"annotation(s),caption(s),title(s)",0,0,0,1,1,1,0,0,0,0,0,2,0,1,1,Diagram,0,0,0,1,0,0,0,0,0,0,0,0,1
visMost145.png,2477.png,70.2,0,1,0,0,0,1,I,multipanel,"annotation(s),caption(s),title(s),axes labels",0,1,0,1,1,1,0,0,0,0,0,1,1,3,1,"Circle,Trees & Networks",0,0,1,0,0,0,0,0,0,0,0,1,2
whoL06.png,2478.png,22.4,0,0,1,0,1,0,G,single,"axes labels,axes text,caption(s),legend text,title(s)",0,1,1,1,0,1,1,0,0,0,0,5,1,2,1,Bar,0,1,0,0,0,0,0,0,0,0,0,0,1
wsj177.png,2479.png,23.9,1,0,0,0,0,1,N,multipanel,"title(s),caption(s),annotation(s)",0,0,0,1,1,1,0,0,0,0,1,6,3,5,5,"Area,Diagram,Table,Map,Point",1,0,0,1,0,0,0,1,1,1,0,0,5
wsj611.png,2480.png,30.4,1,0,0,0,0,1,N,multipanel,"title(s),caption(s),axes text",0,0,1,1,0,1,0,0,0,0,1,5,3,0,2,"Bar,Area,Distribution",1,1,0,0,1,0,0,0,0,0,0,0,3
v483_n7389_8_f1.png,2481.png,84.3,0,0,0,1,0,1,S,multipanel,"axes labels,axes text,annotation(s),legend text",0,1,1,0,1,0,1,0,0,0,0,5,6,2,4,"Grid & Matrix,Point,Line,Diagram,Table",0,0,0,1,0,1,1,0,1,1,0,0,5
vis776.png,2482.png,37.1,0,1,0,0,0,1,I,multipanel,"title(s),annotation(s),caption(s)",0,0,0,1,1,1,0,0,0,0,1,5,4,10,9,"Circle,Area,Table",1,0,1,0,0,0,0,0,0,1,0,0,3
visMost623.png,2483.png,31.9,0,1,0,0,1,0,I,single,"title(s),caption(s),annotation(s)",0,0,0,1,1,1,0,0,0,0,1,20,0,5,1,Table,0,0,0,0,0,0,0,0,0,1,0,0,1
visMost76.png,2484.png,51.2,0,1,0,0,1,0,I,single,"title(s),caption(s),annotation(s),legend text",0,0,0,1,1,1,1,0,0,0,1,15,0,1,1,Trees & Networks,0,0,0,0,0,0,0,0,0,0,0,1,1
vis986.png,2485.png,51.6,0,1,0,0,0,1,I,multipanel,"title(s),axes text,annotation(s),caption(s)",0,0,1,1,1,1,0,0,0,0,1,20,2,8,6,"Diagram,Text,Table,Bar",0,1,0,1,0,0,0,0,0,1,1,0,4
v488_n7413_7_f4.png,2486.png,55.4,0,0,0,1,0,1,S,multipanel,"axes labels,title(s),axes text,annotation(s)",0,1,1,1,1,0,0,0,0,1,0,0,8,4,3,Bar,0,1,0,0,0,0,0,0,0,0,0,0,1
visMost179.png,2487.png,61.1,0,1,0,0,1,0,I,single,"title(s),annotation(s),caption(s),legend text",0,0,0,1,1,1,1,0,0,0,0,3,3,0,1,"Diagram,Line",0,0,0,1,0,0,1,0,0,0,0,0,2
visMost62.png,2488.png,62.1,0,1,0,0,0,1,I,multipanel,"annotation(s),axes text",0,0,1,0,1,0,0,0,0,0,1,8,6,20,8,"Table,Circle,Line,Bar,Point,Area",1,1,1,0,0,0,1,0,1,1,0,0,6
v487_n7407_22_f3.png,2489.png,87.3,0,0,0,1,0,1,S,multipanel,"annotation(s),title(s)",0,0,0,1,1,0,0,0,0,0,0,6,1,2,4,Diagram,0,0,0,1,0,0,0,0,0,0,0,0,1
vis992.png,2490.png,38.8,0,1,0,0,0,1,I,multipanel,"title(s),caption(s),annotation(s)",0,0,0,1,1,1,0,0,0,0,1,2,11,9,1,"Area,Circle,Map,Table",1,0,1,0,0,0,0,1,0,1,0,0,4
v488_n7412_7_f4.png,2491.png,64.7,0,0,0,1,0,1,S,multipanel,"axes labels,axes text,legend text",0,1,1,0,0,0,1,0,0,0,0,3,3,0,3,"Point,Line,Distribution",0,0,0,0,1,0,1,0,1,0,0,0,3
v489_n7414_18_f1.png,2492.png,56.2,0,0,0,1,0,1,S,multipanel,"axes labels,axes text,annotation(s),legend text",0,1,1,0,1,0,1,0,0,0,0,3,5,1,2,"Point,Line,Distribution",0,0,0,0,1,0,1,0,1,0,0,0,3
whoC02_1.png,2493.png,30.5,0,0,1,0,0,1,G,multipanel,"axes labels,axes text,title(s),caption(s)",0,1,1,1,0,1,0,0,0,0,0,1,2,1,1,Bar,0,1,0,0,0,0,0,0,0,0,0,0,1
visMost390.png,2494.png,56.9,0,1,0,0,1,0,I,single,"title(s),annotation(s),caption(s)",0,0,0,1,1,1,0,0,0,0,1,2,9,11,3,"Point,Map,Table",0,0,0,0,0,0,0,1,1,1,0,0,3
vis12.png,2495.png,39.2,0,1,0,0,0,1,I,multipanel,"title(s),annotation(s)",0,0,0,1,1,0,0,0,0,0,0,4,6,5,3,"Text,Point,Table",0,0,0,0,0,0,0,0,1,1,1,0,3
whoQ10_3.png,2496.png,35.4,0,0,1,0,1,0,G,single,"title(s),axes text,axes labels,caption(s),legend text",0,1,1,1,0,1,1,0,0,0,1,3,2,1,1,"Point,Line",0,0,0,0,0,0,1,0,1,0,0,0,2
whoK04_1.png,2497.png,31.6,0,0,1,0,1,0,G,single,"title(s),annotation(s),caption(s),legend title,legend text",0,0,0,1,1,1,1,1,0,0,0,12,1,1,1,Circle,0,0,1,0,0,0,0,0,0,0,0,0,1
economist_daily_chart_234.png,2498.png,50.4,1,0,0,0,0,1,N,multipanel,"axes text,annotation(s),caption(s),legend text,title(s)",0,0,1,1,1,1,1,0,0,0,0,4,4,4,2,"Diagram,Table,Point",0,0,0,1,0,0,0,0,1,1,0,0,3
economist_daily_chart_220.png,2499.png,25.2,1,0,0,0,0,1,N,multipanel,"axes text,caption(s),title(s)",0,0,1,1,0,1,0,0,0,0,1,3,1,2,2,"Bar,Distribution",0,1,0,0,1,0,0,0,0,0,0,0,2
v484_n7394_16_f4.png,2500.png,79.7,0,0,0,1,0,1,S,multipanel,"axes text,annotation(s),legend text",0,0,1,0,1,0,1,0,0,0,0,7,6,6,9,"Line,Bar,Diagram",0,1,0,1,0,0,1,0,0,0,0,0,3
visMost384.png,2501.png,53.5,0,1,0,0,0,1,I,multipanel,"title(s),axes text,axes labels,caption(s),legend title,legend text",0,1,1,1,0,1,1,1,0,0,1,4,5,2,6,"Bar,Point,Circle,Diagram",0,1,1,1,0,0,0,0,1,0,0,0,4
v487_n7408_23_f3.png,2502.png,76.2,0,0,0,1,1,0,S,single,annotation(s),0,0,0,0,1,0,0,0,0,0,0,6,0,0,3,Diagram,0,0,0,1,0,0,0,0,0,0,0,0,1
treasuryG03_2.png,2503.png,59.6,0,0,1,0,1,0,G,single,"caption(s),title(s),annotation(s),axes text,axes labels,legend text",0,1,1,1,1,1,1,0,0,0,0,6,2,1,1,Line,0,0,0,0,0,0,1,0,0,0,0,0,1
v490_n7419_18_f3.png,2504.png,70.1,0,0,0,1,0,1,S,multipanel,"axes labels,axes text,title(s),annotation(s)",0,1,1,1,1,0,0,0,0,0,0,5,20,4,10,"Bar,Line,Diagram,Point",0,1,0,1,0,0,1,0,1,0,0,0,4
v487_n7407_14_f2.png,2505.png,72.4,0,0,0,1,0,1,S,multipanel,"axes labels,axes text,annotation(s)",0,1,1,0,1,0,0,0,0,0,0,7,2,2,2,"Diagram,Line",0,0,0,1,0,0,1,0,0,0,0,0,2
v484_n7394_18_f1.png,2506.png,85.1,0,0,0,1,0,1,S,multipanel,"axes labels,axes text,annotation(s),legend text",0,1,1,0,1,0,1,0,0,0,1,6,6,3,12,"Diagram,Point,Grid & Matrix",0,0,0,1,0,1,0,0,1,0,0,0,3
economist_daily_chart_208.png,2507.png,59.7,1,0,0,0,1,0,N,single,"title(s),axes text,axes labels,annotation(s),caption(s),legend text",0,1,1,1,1,1,1,0,0,0,0,7,2,1,1,Point,0,0,0,0,0,0,0,0,1,0,0,0,1
whoN10.png,2508.png,29.6,0,0,1,0,1,0,G,single,"axes text,axes labels,caption(s),title(s)",0,1,1,1,0,1,0,0,0,0,1,3,4,3,1,Table,0,0,0,0,0,0,0,0,0,1,0,0,1
vis206.png,2509.png,46,0,1,0,0,0,1,I,multipanel,"axes labels,axes text,title(s),annotation(s),caption(s),legend text",0,1,1,1,1,1,1,0,0,0,1,5,3,3,14,"Bar,Table,Diagram,Map",0,1,0,1,0,0,0,1,0,1,0,0,4
whoQ48_6.png,2510.png,14.1,0,0,1,0,1,0,G,single,"title(s),legend text,axes labels,axes text",0,1,1,1,0,0,1,0,0,0,0,1,2,0,1,Line,0,0,0,0,0,0,1,0,0,0,0,0,1
visMost353.png,2511.png,47,0,1,0,0,0,1,I,multipanel,"annotation(s),caption(s),title(s)",0,0,0,1,1,1,0,0,0,0,1,6,0,1,2,"Distribution,Diagram,Table",0,0,0,1,1,0,0,0,0,1,0,0,3
v485_n7398_16_f1.png,2512.png,62.2,0,0,0,1,0,1,S,multipanel,"axes labels,axes text,annotation(s),legend text",0,1,1,0,1,0,1,0,0,0,1,16,2,2,2,"Line,Text",0,0,0,0,0,0,1,0,0,0,1,0,2
vis2.png,2513.png,61,0,1,0,0,0,1,I,multipanel,"axes text,axes labels,title(s),annotation(s),caption(s)",0,1,1,1,1,1,0,0,0,0,1,20,9,5,7,"Bar,Circle",0,1,1,0,0,0,0,0,0,0,0,0,2
wsj361.png,2514.png,14.9,1,0,0,0,0,1,N,multipanel,"annotation(s),caption(s),axes text",0,0,1,0,1,1,0,0,0,0,1,4,2,0,1,Line,0,0,0,0,0,0,1,0,0,0,0,0,1
wsj407.png,2515.png,38.9,1,0,0,0,0,1,N,multipanel,"annotation(s),caption(s),title(s),axes text,legend title,legend text",0,0,1,1,1,1,1,1,0,0,0,3,6,6,6,Map,0,0,0,0,0,0,0,1,0,0,0,0,1
v483_n7390_1_f2.png,2516.png,65.1,0,0,0,1,1,0,S,single,"axes labels,axes text,annotation(s),legend text",0,1,1,0,1,0,1,0,0,0,0,2,2,1,2,"Line,Diagram",0,0,0,1,0,0,1,0,0,0,0,0,2
v484_n7394_6_f2.png,2517.png,77.4,0,0,0,1,0,1,S,multipanel,"axes labels,axes text,annotation(s),legend text",0,1,1,0,1,0,1,0,0,0,0,5,10,1,4,"Grid & Matrix,Point,Line",0,0,0,0,0,1,1,0,1,0,0,0,3
visMost435.png,2518.png,26.3,0,1,0,0,0,1,I,multipanel,text-only,0,0,0,0,0,0,0,0,1,0,0,20,0,2,1,Table,0,0,0,0,0,0,0,0,0,1,0,0,1
vis560.png,2519.png,69.5,0,1,0,0,0,1,I,multipanel,"title(s),annotation(s),caption(s)",0,0,0,1,1,1,0,0,0,0,1,6,5,5,9,"Circle,Diagram,Text",0,0,1,1,0,0,0,0,0,0,1,0,3
treasuryL04_2.png,2520.png,17.9,0,0,1,0,1,0,G,single,"title(s),annotation(s),caption(s)",0,0,0,1,1,1,0,0,0,0,0,5,1,1,1,Circle,0,0,1,0,0,0,0,0,0,0,0,0,1
v483_n7387_3_f1.png,2521.png,79.8,0,0,0,1,1,0,S,single,"axes labels,axes text,annotation(s)",0,1,1,0,1,0,0,0,0,0,0,7,2,1,1,Point,0,0,0,0,0,0,0,0,1,0,0,0,1
visMost421.png,2522.png,62.5,0,1,0,0,0,1,I,multipanel,"annotation(s),caption(s),legend title,axes labels,axes text,legend text",0,1,1,0,1,1,1,1,0,0,1,20,15,14,21,"Area,Bar,Circle,Line,Diagram,Map,Text",1,1,1,1,0,0,1,1,0,0,1,0,7
vis574.png,2523.png,48.2,0,1,0,0,0,1,I,multipanel,"title(s),axes text,annotation(s),caption(s)",0,0,1,1,1,1,0,0,0,0,1,3,2,2,3,"Bar,Map",0,1,0,0,0,0,0,1,0,0,0,0,2
v485_n7396_27_f2.png,2524.png,80.8,0,0,0,1,0,1,S,multipanel,"axes labels,axes text,annotation(s),legend text",0,1,1,0,1,0,1,0,0,0,0,2,8,2,8,Line,0,0,0,0,0,0,1,0,0,0,0,0,1
wsj413.png,2525.png,28.6,1,0,0,0,1,0,N,single,"title(s),axes text,caption(s)",0,0,1,1,0,1,0,0,0,0,1,7,3,1,1,Table,0,0,0,0,0,0,0,0,0,1,0,0,1
wsj375.png,2526.png,17,1,0,0,0,1,0,N,single,"title(s),annotation(s),caption(s),axes text",0,0,1,1,1,1,0,0,0,0,0,3,1,2,1,Bar,0,1,0,0,0,0,0,0,0,0,0,0,1
treasuryD02_2.png,2527.png,36.7,0,0,1,0,1,0,G,single,"title(s),axes labels,axes text,legend text,caption(s),annotation(s)",0,1,1,1,1,1,1,0,0,0,0,2,2,3,2,"Bar,Line",0,1,0,0,0,0,1,0,0,0,0,0,2
vis212.png,2528.png,55.8,0,1,0,0,0,1,I,multipanel,"title(s),annotation(s)",0,0,0,1,1,0,0,0,0,0,1,9,1,2,5,"Table,Text,Circle",0,0,1,0,0,0,0,0,0,1,1,0,3
visMost347.png,2529.png,51.9,0,1,0,0,0,1,I,multipanel,"axes text,caption(s),annotation(s),axes text,title(s),legend text",0,0,1,1,1,1,1,0,0,0,1,8,1,3,16,"Diagram,Map,Bar,Circle,Table,Text",0,1,1,1,0,0,0,1,0,1,1,0,6
v483_n7391_1_f2.png,2530.png,77.1,0,0,0,1,0,1,S,multipanel,"axes labels,axes text,annotation(s),legend text",0,1,1,0,1,0,1,0,0,0,0,11,2,3,3,"Point,Line,Area",1,0,0,0,0,0,1,0,1,0,0,0,3
v489_n7414_1_f4.png,2531.png,81.3,0,0,0,1,0,1,S,multipanel,"axes text,legend text,annotation(s),axes labels",0,1,1,0,1,0,1,0,0,0,0,22,1,5,7,Grid & Matrix,0,0,0,0,0,1,0,0,0,0,0,0,1
visMost409.png,2532.png,61.3,0,1,0,0,1,0,I,single,text-only,0,0,0,0,0,0,0,0,1,0,1,20,0,0,1,Diagram,0,0,0,1,0,0,0,0,0,0,0,0,1
v488_n7411_15_f3.png,2533.png,73.2,0,0,0,1,0,1,S,multipanel,"axes labels,axes text,annotation(s),caption(s),legend text",0,1,1,0,1,1,1,0,0,0,0,2,5,1,8,Line,0,0,0,0,0,0,1,0,0,0,0,0,1
v489_n7415_1_f4.png,2534.png,74,0,0,0,1,0,1,S,multipanel,"axes labels,axes text,annotation(s),legend text",0,1,1,0,1,0,1,0,0,0,0,4,5,6,6,"Bar,Area",1,1,0,0,0,0,0,0,0,0,0,0,2
vis548.png,2535.png,52.4,0,1,0,0,0,1,I,multipanel,text-only,0,0,0,0,0,0,0,0,1,0,1,6,1,5,8,"Text,Circle,Bar,Diagram,Table",0,1,1,1,0,0,0,0,0,1,1,0,5
v483_n7389_19_f2.png,2536.png,80.6,0,0,0,1,0,1,S,multipanel,"axes text,axes labels,title(s),annotation(s),legend text",0,1,1,1,1,0,1,0,0,1,0,2,6,6,8,"Bar,Point,Diagram",0,1,0,1,0,0,0,0,1,0,0,0,3
v485_n7398_18_f4.png,2537.png,83.6,0,0,0,1,0,1,S,multipanel,"axes labels,axes text,annotation(s),legend text",0,1,1,0,1,0,1,0,0,0,0,4,3,3,2,"Line,Distribution",0,0,0,0,1,0,1,0,0,0,0,0,2
v483_n7391_13_f3.png,2538.png,70,0,0,0,1,0,1,S,multipanel,"axes labels,axes text,annotation(s),legend text",0,1,1,0,1,0,1,0,0,0,0,6,2,3,4,"Point,Line,Distribution",0,0,0,0,1,0,1,0,1,0,0,0,3
wsj349.png,2539.png,26.8,1,0,0,0,0,1,N,multipanel,"title(s),annotation(s),axes text,caption(s)",0,0,1,1,1,1,0,0,0,0,1,3,3,0,2,Line,0,0,0,0,0,0,1,0,0,0,0,0,1
v484_n7393_2_f3.png,2540.png,82.5,0,0,0,1,0,1,S,multipanel,"axes labels,axes text,title(s),annotation(s)",0,1,1,1,1,0,0,0,0,0,1,6,2,11,26,"Bar,Diagram",0,1,0,1,0,0,0,0,0,0,0,0,2
wsj439.png,2541.png,23,1,0,0,0,1,0,N,single,"title(s),annotation(s),caption(s),legend text",0,0,0,1,1,1,1,0,0,0,1,4,2,1,1,Bar,0,1,0,0,0,0,0,0,0,0,0,0,1
v488_n7411_15_f1.png,2542.png,79.1,0,0,0,1,0,1,S,multipanel,"title(s),annotation(s),axes text,axes labels",0,1,1,1,1,0,0,0,0,0,0,7,2,3,24,"Bar,Line,Diagram",0,1,0,1,0,0,1,0,0,0,0,0,3
vis238.png,2543.png,45.5,0,1,0,0,0,1,I,multipanel,"axes labels,axes text,title(s),annotation(s)",0,1,1,1,1,0,0,0,0,0,1,4,2,2,6,"Bar,Circle,Distribution,Diagram",0,1,1,1,1,0,0,0,0,0,0,0,4
v489_n7416_21_f4.png,2544.png,76.4,0,0,0,1,0,1,S,multipanel,"annotation(s),axes text,axes labels,legend text",0,1,1,0,1,0,1,0,0,0,0,6,9,7,10,"Area,Line,Bar,Trees & Networks",1,1,0,0,0,0,1,0,0,0,0,1,4
v484_n7393_2_f1.png,2545.png,87.2,0,0,0,1,0,1,S,multipanel,"axes labels,title(s),annotation(s)",0,1,0,1,1,0,0,0,0,0,0,9,0,0,23,"Trees & Networks,Diagram,Distribution",0,0,0,1,1,0,0,0,0,0,0,1,3
visMost379.png,2546.png,62.3,0,1,0,0,0,1,I,multipanel,"annotation(s),caption(s)",0,0,0,0,1,1,0,0,0,0,1,4,0,9,15,"Circle,Text,Diagram,Map",0,0,1,1,0,0,0,1,0,0,1,0,4
v483_n7391_13_f1.png,2547.png,65.9,0,0,0,1,0,1,S,multipanel,"axes labels,axes text,annotation(s),legend text",0,1,1,0,1,0,1,0,0,0,0,5,2,3,3,"Line,Distribution,Point",0,0,0,0,1,0,1,0,1,0,0,0,3
v489_n7414_30_f2.png,2548.png,73.4,0,0,0,1,0,1,S,multipanel,"axes labels,axes text",0,1,1,0,0,0,0,0,0,0,0,2,0,10,5,Trees & Networks,0,0,0,0,0,0,0,0,0,0,0,1,1
vis562.png,2549.png,34.1,0,1,0,0,0,1,I,multipanel,annotation(s),0,0,0,0,1,0,0,0,0,0,1,6,7,7,5,"Distribution,Circle,Area",1,0,1,0,1,0,0,0,0,0,0,0,3
visMost437.png,2550.png,38.4,0,1,0,0,0,1,I,multipanel,"axes labels,axes text,title(s),annotation(s),caption(s)",0,1,1,1,1,1,0,0,0,0,1,3,2,2,5,"Circle,Bar,Distribution",0,1,1,0,1,0,0,0,0,0,0,0,3
wsj405.png,2551.png,48.9,1,0,0,0,1,0,N,single,"title(s),caption(s),annotation(s),axes text",0,0,1,1,1,1,0,0,0,0,0,5,1,0,1,"Line,Diagram",0,0,0,1,0,0,1,0,0,0,0,0,2
v486_n7402_19_f2.png,2552.png,74.9,0,0,0,1,0,1,S,multipanel,"axes labels,axes text,annotation(s),legend text",0,1,1,0,1,0,1,0,0,0,0,3,11,1,16,"Bar,Point,Line,Distribution",0,1,0,0,1,0,1,0,1,0,0,0,4
wsj363.png,2553.png,26.6,1,0,0,0,1,0,N,single,"title(s),axes text,caption(s),annotation(s)",0,0,1,1,1,1,0,0,0,0,1,5,1,1,2,"Area,Distribution",1,0,0,0,1,0,0,0,0,0,0,0,2
v485_n7398_16_f3.png,2554.png,87.9,0,0,0,1,0,1,S,multipanel,"axes labels,axes text,annotation(s)",0,1,1,0,1,0,0,0,0,0,1,3,2,7,5,"Trees & Networks,Bar,Diagram",0,1,0,1,0,0,0,0,0,0,0,1,3
whoQ48_4.png,2555.png,12.6,0,0,1,0,1,0,G,single,"title(s),axes text,axes labels,legend text",0,1,1,1,0,0,1,0,0,0,0,1,2,0,1,Area,1,0,0,0,0,0,0,0,0,0,0,0,1
visMost351.png,2556.png,49.3,0,1,0,0,0,1,I,multipanel,"annotation(s),title(s)",0,0,0,1,1,0,0,0,0,0,1,16,4,3,6,"Area,Circle,Table",1,0,1,0,0,0,0,0,0,1,0,0,3
vis204.png,2557.png,13.1,0,1,0,0,1,0,I,single,text-only,0,0,0,0,0,0,0,0,1,0,1,4,0,3,1,Table,0,0,0,0,0,0,0,0,0,1,0,0,1
visMost345.png,2558.png,70.8,0,1,0,0,0,1,I,multipanel,"title(s),annotation(s),axes text,caption(s)",0,0,1,1,1,1,0,0,0,0,0,2,1,2,2,"Line,Diagram",0,0,0,1,0,0,1,0,0,0,0,0,2
vis210.png,2559.png,54.9,0,1,0,0,0,1,I,multipanel,"caption(s),annotation(s)",0,0,0,0,1,1,0,0,0,0,1,20,2,1,7,"Bar,Table",0,1,0,0,0,0,0,0,0,1,0,0,2
wsj377.png,2560.png,31.2,1,0,0,0,1,0,N,single,"title(s),annotation(s)",0,0,0,1,1,0,0,0,0,0,1,5,0,1,1,Map,0,0,0,0,0,0,0,1,0,0,0,0,1
wsj411.png,2561.png,29.9,1,0,0,0,0,1,N,multipanel,"title(s),annotation(s),caption(s)",0,0,0,1,1,1,0,0,0,0,0,2,2,2,2,"Bar,Area",1,1,0,0,0,0,0,0,0,0,0,0,2
vis576.png,2562.png,36.4,0,1,0,0,0,1,I,multipanel,"axes text,title(s),annotation(s),caption(s)",0,0,1,1,1,1,0,0,0,0,1,7,4,2,4,"Map,Circle,Bar,Distribution",0,1,1,0,1,0,0,1,0,0,0,0,4
v483_n7387_3_f3.png,2563.png,91,0,0,0,1,0,1,S,multipanel,"axes labels,axes text,annotation(s)",0,1,1,0,1,0,0,0,0,0,0,8,0,1,2,Diagram,0,0,0,1,0,0,0,0,0,0,0,0,1
visMost423.png,2564.png,51,0,1,0,0,0,1,I,multipanel,"annotation(s),axes text,caption(s),legend title,legend text",0,0,1,0,1,1,1,1,0,0,0,7,6,5,6,"Bar,Circle,Line,Point,Map,Area",1,1,1,0,0,0,1,1,1,0,0,0,6
v484_n7394_18_f3.png,2565.png,77.9,0,0,0,1,0,1,S,multipanel,annotation(s),0,0,0,0,1,0,0,0,0,0,0,5,1,1,5,Diagram,0,0,0,1,0,0,0,0,0,0,0,0,1
v490_n7419_18_f1.png,2566.png,87,0,0,0,1,0,1,S,multipanel,"axes labels,axes text,legend text,annotation(s)",0,1,1,0,1,0,1,0,0,0,0,8,4,4,12,"Bar,Diagram,Line",0,1,0,1,0,0,1,0,0,0,0,0,3
v488_n7410_4_f4.png,2567.png,96.7,0,0,0,1,0,1,S,multipanel,"annotation(s),axes labels,",0,1,0,0,1,0,0,0,0,0,0,6,4,2,20,"Point,Circle,Diagram,Line",0,0,1,1,0,0,1,0,1,0,0,0,4
wsj388.png,2568.png,18.4,1,0,0,0,1,0,N,single,"axes labels,axes text,title(s),caption(s),legend text",0,1,1,1,0,1,1,0,0,0,1,6,2,1,1,Line,0,0,0,0,0,0,1,0,0,0,0,0,1
vis38.png,2569.png,18.5,0,1,0,0,1,0,I,single,"title(s),caption(s)",0,0,0,1,0,1,0,0,0,0,1,5,1,1,7,"Table,Circle,Text",0,0,1,0,0,0,0,0,0,1,1,0,3
vis589.png,2570.png,47.9,0,1,0,0,1,0,I,single,text-only,0,0,0,0,0,0,0,0,1,0,1,9,1,1,1,Diagram,0,0,0,1,0,0,0,0,0,0,0,0,1
economist_daily_chart_236.png,2571.png,29.6,1,0,0,0,1,0,N,single,"title(s),axes text,caption(s),legend text",0,0,1,1,0,1,1,0,0,0,0,6,2,2,1,Line,0,0,0,0,0,0,1,0,0,0,0,0,1
whoQ10_1.png,2572.png,40.1,0,0,1,0,1,0,G,single,"caption(s),title(s),axes text,axes labels,legend text",0,1,1,1,0,1,1,0,0,0,1,3,2,1,1,Point,0,0,0,0,0,0,0,0,1,0,0,0,1
vis10.png,2573.png,45.8,0,1,0,0,0,1,I,multipanel,"title(s),annotation(s),caption(s)",0,0,0,1,1,1,0,0,0,0,1,12,3,3,6,"Table,Text",0,0,0,0,0,0,0,0,0,1,1,0,2
v487_n7406_12_f2.png,2574.png,73.9,0,0,0,1,0,1,S,multipanel,"axes text,axes labels,annotation(s),legend title",0,1,1,0,1,0,0,1,0,0,0,13,6,1,5,"Line,Map,Point",0,0,0,0,0,0,1,1,1,0,0,0,3
whoQ55_1.png,2575.png,30.9,0,0,1,0,1,0,G,single,"title(s),axes text,legend text",0,0,1,1,0,0,1,0,0,0,0,3,1,2,1,Bar,0,1,0,0,0,0,0,0,0,0,0,0,1
visMost392.png,2576.png,51.5,0,1,0,0,1,0,I,single,"text-only,caption(s)",0,0,0,0,0,1,0,0,1,0,1,14,1,1,1,Trees & Networks,0,0,0,0,0,0,0,0,0,0,0,1,1
np_41.png,2577.png,69.3,1,0,0,0,0,1,N,multipanel,text-only,0,0,0,0,0,0,0,0,1,0,1,3,1,0,3,Diagram,0,0,0,1,0,0,0,0,0,0,0,0,1
v489_n7414_18_f3.png,2578.png,57.8,0,0,0,1,1,0,S,single,"axes labels,axes text,annotation(s)",0,1,1,0,1,0,0,0,0,0,0,3,2,1,1,"Line,Area",1,0,0,0,0,0,1,0,0,0,0,0,2
v487_n7408_23_f1.png,2579.png,90.1,0,0,0,1,0,1,S,multipanel,annotation(s),0,0,0,0,1,0,0,0,0,0,0,6,0,1,2,Diagram,0,0,0,1,0,0,0,0,0,0,0,0,1
visMost386.png,2580.png,65.3,0,1,0,0,1,0,I,single,text-only,0,0,0,0,0,0,0,0,1,0,0,3,0,0,6,Diagram,0,0,0,1,0,0,0,0,0,0,0,0,1
whoQ36_2.png,2581.png,17.5,0,0,1,0,1,0,G,single,"title(s),axes labels,axes text,legend text,caption(s)",0,1,1,1,0,1,1,0,0,0,0,3,1,3,1,"Bar,Distribution",0,1,0,0,1,0,0,0,0,0,0,0,2
economist_daily_chart_222.png,2582.png,36.6,1,0,0,0,0,1,N,multipanel,"title(s),caption(s),annotation(s)",0,0,0,1,1,1,0,0,0,0,0,10,1,2,2,Circle,0,0,1,0,0,0,0,0,0,0,0,0,1
v488_n7413_14_f2.png,2583.png,74.8,0,0,0,1,0,1,S,multipanel,"legend text,axes text,axes labels,title(s),annotation(s)",0,1,1,1,1,0,1,0,0,0,0,2,7,3,8,"Bar,Point,Distribution",0,1,0,0,1,0,0,0,1,0,0,0,3
vis984.png,2584.png,37.5,0,1,0,0,1,0,I,single,text-only,0,0,0,0,0,0,0,0,1,0,1,12,0,6,1,Table,0,0,0,0,0,0,0,0,0,1,0,0,1
v483_n7389_6_f6.png,2585.png,74,0,0,0,1,0,1,S,multipanel,"legend text,annotation(s),axes text,axes labels",0,1,1,0,1,0,1,0,0,0,0,6,6,2,3,"Point,Diagram,Line,Distribution",0,0,0,1,1,0,1,0,1,0,0,0,4
visMost609.png,2586.png,44,0,1,0,0,1,0,I,single,text-only,0,0,0,0,0,0,0,0,1,0,1,20,1,1,1,"Line,Text",0,0,0,0,0,0,1,0,0,0,1,0,2
visMost74.png,2587.png,31.5,0,1,0,0,0,1,I,multipanel,"axes text,title(s),annotation(s),caption(s)",0,0,1,1,1,1,0,0,0,0,1,7,2,1,3,"Diagram,Map,Line",0,0,0,1,0,0,1,1,0,0,0,0,3
v488_n7412_7_f6.png,2588.png,75.8,0,0,0,1,0,1,S,multipanel,"axes labels,axes text,annotation(s)",0,1,1,0,1,0,0,0,0,0,0,6,2,1,7,Point,0,0,0,0,0,0,0,0,1,0,0,0,1
v482_n7386_1_f2.png,2589.png,73.2,0,0,0,1,1,0,S,single,annotation(s),0,0,0,0,1,0,0,0,0,0,1,5,4,2,2,"Area,Trees & Networks",1,0,0,0,0,0,0,0,0,0,0,1,2
vis990.png,2590.png,42.3,0,1,0,0,0,1,I,multipanel,"annotation(s),caption(s),title(s),axes labels",0,1,0,1,1,1,0,0,0,0,1,9,0,5,11,"Text,Table,Circle,Distribution",0,0,1,0,1,0,0,0,0,1,1,0,4
v487_n7407_22_f1.png,2591.png,65.6,0,0,0,1,1,0,S,single,annotation(s),0,0,0,0,1,0,0,0,0,0,1,2,0,1,4,Diagram,0,0,0,1,0,0,0,0,0,0,0,0,1
visMost60.png,2592.png,37.8,0,1,0,0,0,1,I,multipanel,text-only,0,0,0,0,0,0,0,0,1,0,1,20,0,1,1,Diagram,0,0,0,1,0,0,0,0,0,0,0,0,1
vis748.png,2593.png,49.8,0,1,0,0,0,1,I,multipanel,"title(s),annotation(s),caption(s)",0,0,0,1,1,1,0,0,0,0,1,6,4,3,5,"Circle,Distribution,Diagram",0,0,1,1,1,0,0,0,0,0,0,0,3
wsj149.png,2594.png,66,1,0,0,0,1,0,N,single,"axes text,title(s),annotation(s),caption(s)",0,0,1,1,1,1,0,0,0,0,0,7,3,2,2,"Area,Diagram",1,0,0,1,0,0,0,0,0,0,0,0,2
whoL10.png,2595.png,44,0,0,1,0,1,0,G,single,"caption(s),axes labels,annotation(s)",0,1,0,0,1,1,0,0,0,0,1,6,0,6,1,Diagram,0,0,0,1,0,0,0,0,0,0,0,0,1
visMost153.png,2596.png,47.9,0,1,0,0,0,1,I,multipanel,text-only,0,0,0,0,0,0,0,0,1,0,0,20,0,2,2,"Line,Table",0,0,0,0,0,0,1,0,0,1,0,0,2
v483_n7388_8_f3.png,2597.png,65.2,0,0,0,1,0,1,S,multipanel,"axes labels,axes text,annotation(s)",0,1,1,0,1,0,0,0,0,0,0,6,7,2,3,"Point,Line",0,0,0,0,0,0,1,0,1,0,0,0,2
wsj161.png,2598.png,45.5,1,0,0,0,0,1,N,multipanel,"axes text,title(s),annotation(s),legend text,caption(s),legend title",0,0,1,1,1,1,1,1,0,0,1,6,1,1,1,"Line,Diagram",0,0,0,1,0,0,1,0,0,0,0,0,2
wsj607.png,2599.png,24.4,1,0,0,0,1,0,N,single,"title(s),caption(s),axes text",0,0,1,1,0,1,0,0,0,0,1,3,2,1,1,Bar,0,1,0,0,0,0,0,0,0,0,0,0,1
visMost635.png,2600.png,20.3,0,1,0,0,1,0,I,single,"title(s),legend text,caption(s)",0,0,0,1,0,1,1,0,0,0,1,5,1,2,1,"Map,Area",1,0,0,0,0,0,0,1,0,0,0,0,2
treasuryL06_2.png,2601.png,30.4,0,0,1,0,0,1,G,multipanel,"title(s),annotation(s),caption(s)",0,0,0,1,1,1,0,0,0,0,0,7,1,1,1,Circle,0,0,1,0,0,0,0,0,0,0,0,0,1
visMost621.png,2602.png,44.5,0,1,0,0,1,0,I,single,"title(s),annotation(s)",0,0,0,1,1,0,0,0,0,0,0,4,0,1,1,Area,1,0,0,0,0,0,0,0,0,0,0,0,1
vis774.png,2603.png,45.6,0,1,0,0,0,1,I,multipanel,"title(s),annotation(s),caption(s)",0,0,0,1,1,1,0,0,0,0,1,4,5,5,5,"Distribution,Area",1,0,0,0,1,0,0,0,0,0,0,0,2
wsj613.png,2604.png,30.6,1,0,0,0,0,1,N,multipanel,"caption(s),title(s),axes text,axes labels,annotation(s)",0,1,1,1,1,1,0,0,0,0,1,4,2,1,3,"Area,Bar,Table",1,1,0,0,0,0,0,0,0,1,0,0,3
wsj175.png,2605.png,41,1,0,0,0,0,1,N,multipanel,"title(s),annotation(s),caption(s),axes text",0,0,1,1,1,1,0,0,0,0,1,4,5,1,4,"Bar,Line",0,1,0,0,0,0,1,0,0,0,0,0,2
whoL04.png,2606.png,67.4,0,0,1,0,1,0,G,single,"annotation(s),legend title,legend text,caption(s),title(s)",0,0,0,1,1,1,1,1,0,0,1,9,0,14,1,Trees & Networks,0,0,0,0,0,0,0,0,0,0,0,1,1
visMost147.png,2607.png,38,0,1,0,0,1,0,I,single,"caption(s),legend text",0,0,0,0,0,1,1,0,0,0,1,7,0,2,2,"Area,Map",1,0,0,0,0,0,0,1,0,0,0,0,2
v487_n7405_15_f3.png,2608.png,68.4,0,0,0,1,0,1,S,multipanel,"axes labels,axes text,legend text,annotation(s)",0,1,1,0,1,0,1,0,0,0,0,5,2,3,2,"Diagram,Point,Distribution",0,0,0,1,1,0,0,0,1,0,0,0,3
v489_n7416_2_f4.png,2609.png,79.2,0,0,0,1,0,1,S,multipanel,"axes labels,axes text,title(s),annotation(s),legend text",0,1,1,1,1,0,1,0,0,0,0,8,6,4,8,"Line,Bar,Diagram,Distribution",0,1,0,1,1,0,1,0,0,0,0,0,4
visMost812.png,2610.png,25.5,0,1,0,0,0,1,I,multipanel,"title(s),annotation(s)",0,0,0,1,1,0,0,0,0,0,1,8,6,1,4,Text,0,0,0,0,0,0,0,0,0,0,1,0,1
whoN35_3.png,2611.png,20.3,0,0,1,0,1,0,G,single,"title(s),legend text,axes text",0,0,1,1,0,0,1,0,0,0,0,5,1,1,1,Circle,0,0,1,0,0,0,0,0,0,0,0,0,1
vis947.png,2612.png,40.5,0,1,0,0,0,1,I,multipanel,"axes text,title(s),caption(s),annotation(s)",0,0,1,1,1,1,0,0,0,0,1,8,3,2,2,"Bar,Diagram",0,1,0,1,0,0,0,0,0,0,0,0,2
visMost806.png,2613.png,70.1,0,1,0,0,0,1,I,multipanel,"title(s),annotation(s),caption(s),text-only",0,0,0,1,1,1,0,0,1,0,1,6,8,5,6,"Text,Table,Distribution",0,0,0,0,1,0,0,0,0,1,1,0,3
vis953.png,2614.png,49.1,0,1,0,0,1,0,I,single,"title(s),annotation(s),caption(s)",0,0,0,1,1,1,0,0,0,0,1,10,6,1,5,"Table,Text",0,0,0,0,0,0,0,0,0,1,1,0,2
v482_n7386_10_f1.png,2615.png,73.2,0,0,0,1,1,0,S,single,no text,1,0,0,0,0,0,0,0,0,0,0,8,1,1,1,Map,0,0,0,0,0,0,0,1,0,0,0,0,1
economist_daily_chart_18.png,2616.png,52.6,1,0,0,0,1,0,N,single,"axes text,title(s)",0,0,1,1,0,0,0,0,0,0,0,2,8,3,1,Table,0,0,0,0,0,0,0,0,0,1,0,0,1
v490_n7419_3_f5.png,2617.png,81,0,0,0,1,0,1,S,multipanel,"axes text,axes labels,legend text,title(s)",0,1,1,1,0,0,1,0,0,0,0,6,1,7,4,"Grid & Matrix,Bar,Distribution",0,1,0,0,1,1,0,0,0,0,0,0,3
economist_daily_chart_30.png,2618.png,65.3,1,0,0,0,0,1,N,multipanel,"legend text,title(s),axes text,caption(s)",0,0,1,1,0,1,1,0,0,0,0,8,3,1,4,"Area,Bar",1,1,0,0,0,0,0,0,0,0,0,0,2
visMost190.png,2619.png,58.8,0,1,0,0,1,0,I,single,"title(s),axes text,legend title,legend text,axes labels,annotation(s),caption(s)",0,1,1,1,1,1,1,1,0,0,1,10,4,2,2,"Point,Distribution",0,0,0,0,1,0,0,0,1,0,0,0,2
treasuryD11.png,2620.png,33.6,0,0,1,0,1,0,G,single,"axes text,title(s),annotation(s),caption(s),axes labels",0,1,1,1,1,1,0,0,0,0,0,2,1,1,1,Bar,0,1,0,0,0,0,0,0,0,0,0,0,1
whoQ12_3.png,2621.png,35.6,0,0,1,0,1,0,G,single,"legend title,legend text,caption(s)",0,0,0,0,0,1,1,1,0,0,0,5,1,1,1,Map,0,0,0,0,0,0,0,1,0,0,0,0,1
whoK06_1.png,2622.png,23.4,0,0,1,0,1,0,G,single,"legend text,caption(s),title(s)",0,0,0,1,0,1,1,0,0,0,0,5,1,1,1,Map,0,0,0,0,0,0,0,1,0,0,0,0,1
v483_n7389_21_f4.png,2623.png,60.8,0,0,0,1,1,0,S,single,"axes text,caption(s)",0,0,1,0,0,1,0,0,0,1,0,0,8,4,1,Table,0,0,0,0,0,0,0,0,0,1,0,0,1
visMost184.png,2624.png,55,0,1,0,0,1,0,I,single,"title(s),text-only",0,0,0,1,0,0,0,0,1,0,1,15,0,0,1,Diagram,0,0,0,1,0,0,0,0,0,0,0,0,1
v485_n7399_2_f6.png,2625.png,80.4,0,0,0,1,0,1,S,multipanel,"axes labels,axes text,legend text",0,1,1,0,0,0,1,0,0,0,0,5,2,4,4,"Grid & Matrix,Distribution,Bar",0,1,0,0,1,1,0,0,0,0,0,0,3
treasuryG01_2.png,2626.png,24.1,0,0,1,0,1,0,G,single,"title(s),axes text,axes labels",0,1,1,1,0,0,0,0,0,0,0,1,4,0,1,Table,0,0,0,0,0,0,0,0,0,1,0,0,1
economist_daily_chart_24.png,2627.png,41.4,1,0,0,0,0,1,N,multipanel,"title(s),caption(s),legend title,legend text,axes text",0,0,1,1,0,1,1,1,0,0,0,5,5,4,4,"Bar,Table,Map",0,1,0,0,0,0,0,1,0,1,0,0,3
v489_n7414_22_f2.png,2628.png,71.1,0,0,0,1,0,1,S,multipanel,"axes text,annotation(s)",0,0,1,0,1,0,0,0,0,0,1,2,2,0,4,Grid & Matrix,0,0,0,0,0,1,0,0,0,0,0,0,1
v485_n7400_17_f1.png,2629.png,87.8,0,0,0,1,0,1,S,multipanel,"axes labels,axes text,annotation(s)",0,1,1,0,1,0,0,0,0,0,0,12,5,6,7,"Circle,Diagram,Distribution,Grid & Matrix,Line,Point",0,0,1,1,1,1,1,0,1,0,0,0,6
vis628.png,2630.png,58.2,0,1,0,0,0,1,I,multipanel,"title(s),annotation(s),caption(s)",0,0,0,1,1,1,0,0,0,0,1,12,5,2,3,"Distribution,Map,Circle",0,0,1,0,1,0,0,1,0,0,0,0,3
v488_n7413_5_f3.png,2631.png,60.2,0,0,0,1,0,1,S,multipanel,"axes labels,axes text",0,1,1,0,0,0,0,0,0,0,0,15,2,5,13,Circle,0,0,1,0,0,0,0,0,0,0,0,0,1
visMost769.png,2632.png,44.6,0,1,0,0,0,1,I,multipanel,"axes text,title(s),caption(s),annotation(s)",0,0,1,1,1,1,0,0,0,0,1,11,4,4,4,"Bar,Circle",0,1,1,0,0,0,0,0,0,0,0,0,2
v488_n7412_5_f3.png,2633.png,81.7,0,0,0,1,0,1,S,multipanel,"axes labels,axes text,annotation(s)",0,1,1,0,1,0,0,0,0,0,0,4,3,1,2,Line,0,0,0,0,0,0,1,0,0,0,0,0,1
treasuryL18.png,2634.png,29.8,0,0,1,0,0,1,G,multipanel,"axes labels,axes text,title(s),caption(s)",0,1,1,1,0,1,0,0,0,0,0,7,3,1,2,"Table,Circle",0,0,1,0,0,0,0,0,0,1,0,0,2
vis172.png,2635.png,55.3,0,1,0,0,1,0,I,single,"legend title,legend text,axes text",0,0,1,0,0,0,1,1,0,0,1,13,0,1,1,Map,0,0,0,0,0,0,0,1,0,0,0,0,1
economist_daily_chart_183.png,2636.png,32.6,1,0,0,0,1,0,N,single,"axes text,annotation(s),legend text,title(s),caption(s)",0,0,1,1,1,1,1,0,0,0,0,4,2,2,1,"Bar,Distribution",0,1,0,0,1,0,0,0,0,0,0,0,2
whoJ02.png,2637.png,30.6,0,0,1,0,1,0,G,single,"legend title,legend text,caption(s)",0,0,0,0,0,1,1,1,0,0,0,7,1,1,1,Map,0,0,0,0,0,0,0,1,0,0,0,0,1
vis614.png,2638.png,40.4,0,1,0,0,0,1,I,multipanel,"title(s),annotation(s),caption(s)",0,0,0,1,1,1,0,0,0,0,1,7,11,2,4,"Diagram,Table",0,0,0,1,0,0,0,0,0,1,0,0,2
v484_n7392_18_f4.png,2639.png,90.4,0,0,0,1,0,1,S,multipanel,"legend text,axes text,axes labels",0,1,1,0,0,0,1,0,0,0,0,10,4,6,7,"Grid & Matrix,Bar,Diagram",0,1,0,1,0,1,0,0,0,0,0,0,3
visMost741.png,2640.png,49.9,0,1,0,0,0,1,I,multipanel,"title(s),annotation(s),caption(s)",0,0,0,1,1,1,0,0,0,0,1,5,4,1,5,"Table,Bar,Circle",0,1,1,0,0,0,0,0,0,1,0,0,3
v490_n7420_10_f4.png,2641.png,52.4,0,0,0,1,0,1,S,multipanel,"axes labels,axes text,annotation(s)",0,1,1,0,1,0,0,0,0,0,0,5,2,1,4,Line,0,0,0,0,0,0,1,0,0,0,0,0,1
whoJ16.png,2642.png,31.5,0,0,1,0,0,1,G,multipanel,"caption(s),title(s),legend text,annotation(s)",0,0,0,1,1,1,1,0,0,0,0,8,4,4,4,Circle,0,0,1,0,0,0,0,0,0,0,0,0,1
vis600.png,2643.png,60.4,0,1,0,0,0,1,I,multipanel,"title(s),axes text,annotation(s),legend text",0,0,1,1,1,0,1,0,0,0,0,12,6,4,4,"Diagram,Area,Map,Circle",1,0,1,1,0,0,0,1,0,0,0,0,4
visMost755.png,2644.png,46.3,0,1,0,0,1,0,I,single,"title(s),annotation(s),axes text",0,0,1,1,1,0,0,0,0,0,1,8,5,0,1,Area,1,0,0,0,0,0,0,0,0,0,0,0,1
v485_n7400_19_f4.png,2645.png,81.7,0,0,0,1,0,1,S,multipanel,"axes text,axes labels",0,1,1,0,0,0,0,0,0,0,0,5,1,5,2,Grid & Matrix,0,0,0,0,0,1,0,0,0,0,0,0,1
v488_n7413_18_f2.png,2646.png,81.8,0,0,0,1,0,1,S,multipanel,"axes labels,axes text,annotation(s),legend text",0,1,1,0,1,0,1,0,0,0,0,20,1,1,3,"Bar,Grid & Matrix",0,1,0,0,0,1,0,0,0,0,0,0,2
economist_daily_chart_197.png,2647.png,21.8,1,0,0,0,1,0,N,single,"axes text,title(s),legend text,caption(s)",0,0,1,1,0,1,1,0,0,0,0,3,1,2,1,Bar,0,1,0,0,0,0,0,0,0,0,0,0,1
v486_n7401_12_f3.png,2648.png,54.1,0,0,0,1,1,0,S,single,"annotation(s),legend text",0,0,0,0,1,0,1,0,0,0,0,7,2,2,1,Map,0,0,0,0,0,0,0,1,0,0,0,0,1
vis166.png,2649.png,59.3,0,1,0,0,0,1,I,multipanel,"title(s),annotation(s),caption(s)",0,0,0,1,1,1,0,0,0,0,1,16,1,2,4,Diagram,0,0,0,1,0,0,0,0,0,0,0,0,1
vis833.png,2650.png,45.4,0,1,0,0,0,1,I,multipanel,"annotation(s),title(s),caption(s)",0,0,0,1,1,1,0,0,0,0,1,13,7,2,3,"Map,Circle,Table",0,0,1,0,0,0,0,1,0,1,0,0,3
vis827.png,2651.png,55.8,0,1,0,0,0,1,I,multipanel,"axes text,title(s),legend title,legend text,annotation(s)",0,0,1,1,1,0,1,1,0,0,1,19,2,2,2,"Area,Line",1,0,0,0,0,0,1,0,0,0,0,0,2
economist_daily_chart_168.png,2652.png,31.8,1,0,0,0,1,0,N,single,"title(s),axes text,axes labels,caption(s),annotation(s)",0,1,1,1,1,1,0,0,0,0,0,4,2,2,1,Bar,0,1,0,0,0,0,0,0,0,0,0,0,1
whoO17_1.png,2653.png,20.1,0,0,1,0,1,0,G,single,"axes labels,axes text,title(s)",0,1,1,1,0,0,0,0,0,0,1,3,3,2,1,Table,0,0,0,0,0,0,0,0,0,1,0,0,1
vis199.png,2654.png,55.6,0,1,0,0,0,1,I,multipanel,"title(s),annotation(s),caption(s)",0,0,0,1,1,1,0,0,0,0,1,5,3,7,6,"Diagram,Table,Map,Text,Circle",0,0,1,1,0,0,0,1,0,1,1,0,5
v486_n7403_25_f1.png,2655.png,76.6,0,0,0,1,0,1,S,multipanel,annotation(s),0,0,0,0,1,0,0,0,0,0,0,6,0,1,2,Diagram,0,0,0,1,0,0,0,0,0,0,0,0,1
treasuryB03.png,2656.png,45.7,0,0,1,0,1,0,G,single,"axes labels,annotation(s),title(s),caption(s)",0,1,0,1,1,1,0,0,0,0,0,4,3,1,1,Line,0,0,0,0,0,0,1,0,0,0,0,0,1
visMost782.png,2657.png,33.4,0,1,0,0,0,1,I,multipanel,"axes text,title(s),caption(s),annotation(s)",0,0,1,1,1,1,0,0,0,0,1,13,3,3,3,"Map,Bar,Area",1,1,0,0,0,0,0,1,0,0,0,0,3
v486_n7403_1_f2.png,2658.png,63.9,0,0,0,1,1,0,S,single,"axes labels,axes text",0,1,1,0,0,0,0,0,0,1,0,0,2,0,1,"Line,Bar",0,1,0,0,0,0,1,0,0,0,0,0,2
economist_daily_chart_140.png,2659.png,32.3,1,0,0,0,1,0,N,single,"legend title,legend text,annotation(s),title(s)",0,0,0,1,1,0,1,1,0,0,0,4,1,1,1,Map,0,0,0,0,0,0,0,1,0,0,0,0,1
economist_daily_chart_154.png,2660.png,11.9,1,0,0,0,0,1,N,multipanel,no text,1,0,0,0,0,0,0,0,0,0,0,2,0,0,1,Diagram,0,0,0,1,0,0,0,0,0,0,0,0,1
visMost796.png,2661.png,58.7,0,1,0,0,0,1,I,multipanel,"title(s),annotation(s),axes text",0,0,1,1,1,0,0,0,0,0,1,18,5,2,5,"Table,Diagram",0,0,0,1,0,0,0,0,0,1,0,0,2
v489_n7417_13_f2.png,2662.png,61.9,0,0,0,1,0,1,S,multipanel,"axes text,axes labels",0,1,1,0,0,0,0,0,0,1,0,0,4,0,2,"Line,Point,Distribution",0,0,0,0,1,0,1,0,1,0,0,0,3
treasuryB17.png,2663.png,51.8,0,0,1,0,0,1,G,multipanel,"title(s),axes text,caption(s),annotation(s)",0,0,1,1,1,1,0,0,0,0,0,4,3,1,2,"Area,Line",1,0,0,0,0,0,1,0,0,0,0,0,2
v486_n7402_1_f2.png,2664.png,71.7,0,0,0,1,0,1,S,multipanel,"axes text,legend text,annotation(s),axes labels",0,1,1,0,1,0,1,0,0,0,0,10,3,2,4,"Grid & Matrix,Line",0,0,0,0,0,1,1,0,0,0,0,0,2
v487_n7405_19_f3.png,2665.png,47.7,0,0,0,1,0,1,S,multipanel,"axes labels,axes text",0,1,1,0,0,0,0,0,0,0,0,2,3,2,5,Bar,0,1,0,0,0,0,0,0,0,0,0,0,1
v489_n7414_3_f3.png,2666.png,82.3,0,0,0,1,0,1,S,multipanel,"axes text,title(s),annotation(s),axes labels",0,1,1,1,1,0,0,0,0,0,0,7,4,4,7,"Circle,Bar,Grid & Matrix,Table",0,1,1,0,0,1,0,0,0,1,0,0,4
visMost219.png,2667.png,71.2,0,1,0,0,1,0,I,single,"title(s),axes labels,caption(s),legend text",0,1,0,1,0,1,1,0,0,0,1,8,2,1,2,"Bar,Map",0,1,0,0,0,0,0,1,0,0,0,0,2
v483_n7390_19_f3.png,2668.png,85.6,0,0,0,1,0,1,S,multipanel,"axes labels,axes text,title(s),legend text,legend title",0,1,1,1,0,0,1,1,0,0,0,6,10,4,7,"Line,Distribution,Grid & Matrix,Point",0,0,0,0,1,1,1,0,1,0,0,0,4
v483_n7388_13_f2.png,2669.png,46.8,0,0,0,1,0,1,S,multipanel,no text,1,0,0,0,0,0,0,0,0,1,0,0,0,0,3,Diagram,0,0,0,1,0,0,0,0,0,0,0,0,1
v488_n7411_17_f4.png,2670.png,84.2,0,0,0,1,0,1,S,multipanel,"axes text,title(s)",0,0,1,1,0,0,0,0,0,0,0,5,4,7,6,"Grid & Matrix,Text,Bar",0,1,0,0,0,1,0,0,0,0,1,0,3
v489_n7415_3_f3.png,2671.png,83.1,0,0,0,1,0,1,S,multipanel,"axes labels,axes text,legend text",0,1,1,0,0,0,1,0,0,0,0,6,9,9,8,"Grid & Matrix,Bar,Line",0,1,0,0,0,1,1,0,0,0,0,0,3
v487_n7408_1_f5.png,2672.png,76.4,0,0,0,1,0,1,S,multipanel,"axes labels,axes text",0,1,1,0,0,0,0,0,0,0,0,5,3,3,14,"Point,Bar,Diagram,Grid & Matrix",0,1,0,1,0,1,0,0,1,0,0,0,4
vis358.png,2673.png,45.7,0,1,0,0,0,1,I,multipanel,"title(s),annotation(s),caption(s)",0,0,0,1,1,1,0,0,0,0,1,5,6,1,3,"Table,Text",0,0,0,0,0,0,0,0,0,1,1,0,2
wsj13.png,2674.png,46.6,1,0,0,0,1,0,N,single,"title(s),axes text,annotation(s),caption(s)",0,0,1,1,1,1,0,0,0,0,1,3,2,0,1,Bar,0,1,0,0,0,0,0,0,0,0,0,0,1
wsj559.png,2675.png,11.8,1,0,0,0,1,0,N,single,"axes text,caption(s),title(s)",0,0,1,1,0,1,0,0,0,0,1,3,1,2,1,Distribution,0,0,0,0,1,0,0,0,0,0,0,0,1
v483_n7391_11_f4.png,2676.png,78.8,0,0,0,1,0,1,S,multipanel,"axes text,axes labels,legend text",0,1,1,0,0,0,1,0,0,0,0,7,3,1,4,"Line,Grid & Matrix",0,0,0,0,0,1,1,0,0,0,0,0,2
visMost543.png,2677.png,54.3,0,1,0,0,0,1,I,multipanel,"legend text,annotation(s),title(s),axes text,caption(s)",0,0,1,1,1,1,1,0,0,0,1,8,12,5,15,"Bar,Circle,Distribution,Point,Table",0,1,1,0,1,0,0,0,1,1,0,0,5
vis416.png,2678.png,23.4,0,1,0,0,1,0,I,single,"text-only,title(s),caption(s)",0,0,0,1,0,1,0,0,1,0,1,7,3,0,1,Text,0,0,0,0,0,0,0,0,0,0,1,0,1
economist_daily_chart_381.png,2679.png,13.7,1,0,0,0,1,0,N,single,"axes text,title(s),annotation(s),caption(s)",0,0,1,1,1,1,0,0,0,0,1,4,2,1,1,Line,0,0,0,0,0,0,1,0,0,0,0,0,1
wsj571.png,2680.png,35.5,1,0,0,0,0,1,N,multipanel,"title(s),axes text,caption(s),annotation(s)",0,0,1,1,1,1,0,0,0,0,0,5,1,3,1,"Bar,Distribution",0,1,0,0,1,0,0,0,0,0,0,0,2
wsj217.png,2681.png,36.9,1,0,0,0,0,1,N,multipanel,"legend text,title(s),annotation(s),caption(s)",0,0,0,1,1,1,1,0,0,0,1,6,1,2,2,"Trees & Network,Map",0,0,0,0,0,0,0,1,0,0,0,0,1
v486_n7404_21_f1.png,2682.png,86.3,0,0,0,1,0,1,S,multipanel,"axes text,axes labels,annotation(s),legend text",0,1,1,0,1,0,1,0,0,0,0,4,5,1,3,"Point,Line",0,0,0,0,0,0,1,0,1,0,0,0,2
vis370.png,2683.png,51.4,0,1,0,0,0,1,I,multipanel,"axes labels,axes text,annotation(s),caption(s),legend text,legend title",0,1,1,0,1,1,1,1,0,0,1,20,11,4,12,"Line,Map,Bar,Circle,Distribution",0,1,1,0,1,0,1,1,0,0,0,0,5
v483_n7390_3_f5.png,2684.png,90.5,0,0,0,1,0,1,S,multipanel,"axes text,legend text,caption(s),axes labels",0,1,1,0,0,1,1,0,0,0,1,8,4,1,5,"Grid & Matrix,Table,Line",0,0,0,0,0,1,1,0,0,1,0,0,3
visMost225.png,2685.png,54.4,0,1,0,0,1,0,I,single,"title(s),annotation(s),caption(s)",0,0,0,1,1,1,0,0,0,0,1,8,6,5,3,"Table,Diagram",0,0,0,1,0,0,0,0,0,1,0,0,2
vis364.png,2686.png,48.4,0,1,0,0,0,1,I,multipanel,"title(s),annotation(s),caption(s)",0,0,0,1,1,1,0,0,0,0,1,4,8,8,5,"Circle,Text,Table,Diagram,Distribution",0,0,1,1,1,0,0,0,0,1,1,0,5
visMost231.png,2687.png,81,0,1,0,0,0,1,I,multipanel,"title(s),no text,legend text,legend title",1,0,0,1,0,0,1,1,0,0,1,18,3,3,18,"Circle,Diagram,Trees & Networks",0,0,1,1,0,0,0,0,0,0,0,1,3
wsj203.png,2688.png,40.5,1,0,0,0,0,1,N,multipanel,"axes text,title(s),annotation(s)",0,0,1,1,1,0,0,0,0,0,1,5,5,1,4,Line,0,0,0,0,0,0,1,0,0,0,0,0,1
v488_n7411_19_f1.png,2689.png,85.4,0,0,0,1,0,1,S,multipanel,"axes text,axes labels,title(s)",0,1,1,1,0,0,0,0,0,0,0,4,3,1,13,"Diagram,Line",0,0,0,1,0,0,1,0,0,0,0,0,2
economist_daily_chart_395.png,2690.png,51.2,1,0,0,0,0,1,N,multipanel,"legend title,legend text,caption(s),title(s),annotation(s)",0,0,0,1,1,1,1,1,0,0,1,6,2,2,1,Map,0,0,0,0,0,0,0,1,0,0,0,0,1
v483_n7391_3_f5.png,2691.png,67.1,0,0,0,1,1,0,S,single,"axes labels,axes text,legend text,annotation(s)",0,1,1,0,1,0,1,0,0,1,0,1,1,2,1,Distribution,0,0,0,0,1,0,0,0,0,0,0,0,1
wsj565.png,2692.png,31.1,1,0,0,0,0,1,N,multipanel,"axes text,title(s),caption(s),annotation(s),legend title,legend text",0,0,1,1,1,1,1,1,0,0,1,7,3,3,3,"Point,Area",1,0,0,0,0,0,0,0,1,0,0,0,2
vis402.png,2693.png,46.9,0,1,0,0,0,1,I,multipanel,"title(s),axes text,caption(s),annotation(s)",0,0,1,1,1,1,0,0,0,0,1,5,4,3,4,"Map,Distribution,Diagram,Table",0,0,0,1,1,0,0,1,0,1,0,0,4
v485_n7400_8_f3.png,2694.png,62.9,0,0,0,1,1,0,S,single,"axes text,axes labels",0,1,1,0,0,0,0,0,0,0,0,6,4,2,2,Point,0,0,0,0,0,0,0,0,1,0,0,0,1
whoQ16.png,2695.png,50.7,0,0,1,0,1,0,G,single,"caption(s),title(s),legend text,axes text,axes labels",0,1,1,1,0,1,1,0,0,0,0,3,1,2,1,"Point,Distribution",0,0,0,0,1,0,0,0,1,0,0,0,2
economist_daily_chart_418.png,2696.png,23.8,1,0,0,0,1,0,N,single,"axes text,title(s)",0,0,1,1,0,0,0,0,0,0,1,3,1,1,1,Bar,0,1,0,0,0,0,0,0,0,0,0,0,1
v488_n7411_6_f1.png,2697.png,73.5,0,0,0,1,1,0,S,single,"axes text,axes labels,annotation(s)",0,1,1,0,1,0,0,0,0,0,0,4,2,3,1,Diagram,0,0,0,1,0,0,0,0,0,0,0,0,1
v485_n7396_5_f6.png,2698.png,87.5,0,0,0,1,0,1,S,multipanel,"axes text,axes labels,legend text",0,1,1,0,0,0,1,0,0,0,0,9,9,4,7,"Bar,Grid & Matrix",0,1,0,0,0,1,0,0,0,0,0,0,2
v490_n7418_12_f3.png,2699.png,58.8,0,0,0,1,1,0,S,single,"axes labels,axes text",0,1,1,0,0,0,0,0,0,0,0,4,3,1,1,"Line,Point,Area",1,0,0,0,0,0,1,0,1,0,0,0,3
whoQ02.png,2700.png,31.1,0,0,1,0,1,0,G,single,"axes labels,axes text,title(s),legend text",0,1,1,1,0,0,1,0,0,0,0,8,1,2,1,Bar,0,1,0,0,0,0,0,0,0,0,0,0,1
v488_n7410_6_f1.png,2701.png,78,0,0,0,1,0,1,S,multipanel,"legend text,title(s)",0,0,0,1,0,0,1,0,0,0,1,18,1,2,4,Diagram,0,0,0,1,0,0,0,0,0,0,0,0,1
v484_n7395_12_f1.png,2702.png,86.2,0,0,0,1,0,1,S,multipanel,"axes labels,axes text",0,1,1,0,0,0,0,0,0,0,0,4,5,1,4,"Grid & Matrix,Line",0,0,0,0,0,1,1,0,0,0,0,0,2
v488_n7410_8_f4.png,2703.png,88,0,0,0,1,0,1,S,multipanel,"axes labels,axes text,legend text",0,1,1,0,0,0,1,0,0,0,0,3,4,2,2,"Point,Line",0,0,0,0,0,0,1,0,1,0,0,0,2
economist_daily_chart_342.png,2704.png,34.5,1,0,0,0,1,0,N,single,"axes text,title(s),legend text",0,0,1,1,0,0,1,0,0,0,1,4,1,2,1,Bar,0,1,0,0,0,0,0,0,0,0,0,0,1
whoJ45_2.png,2705.png,31.6,0,0,1,0,1,0,G,single,"axes labels,axes text,title(s),annotation(s),legend text,caption(s)",0,1,1,1,1,1,1,0,0,0,0,4,1,2,1,Bar,0,1,0,0,0,0,0,0,0,0,0,0,1
visMost580.png,2706.png,48.4,0,1,0,0,0,1,I,multipanel,"axes labels,axes text,title(s),caption(s)",0,1,1,1,0,1,0,0,0,0,1,8,5,3,4,"Line,Diagram,Table",0,0,0,1,0,0,1,0,0,1,0,0,3
economist_daily_chart_424.png,2707.png,18.7,1,0,0,0,1,0,N,single,"axes text,annotation(s),title(s),caption(s)",0,0,1,1,1,1,0,0,0,0,1,4,2,1,1,Line,0,0,0,0,0,0,1,0,0,0,0,0,1
economist_daily_chart_430.png,2708.png,19.7,1,0,0,0,1,0,N,single,"axes text,title(s),annotation(s),caption(s)",0,0,1,1,1,1,0,0,0,0,1,9,2,1,1,Line,0,0,0,0,0,0,1,0,0,0,0,0,1
v489_n7415_12_f1.png,2709.png,31.9,0,0,0,1,1,0,S,single,"axes labels,axes text,annotation(s)",0,1,1,0,1,0,0,0,0,1,0,1,2,1,1,Bar,0,1,0,0,0,0,0,0,0,0,0,0,1
v488_n7411_8_f4.png,2710.png,69.6,0,0,0,1,0,1,S,multipanel,"axes text,axes labels,legend title,legend text",0,1,1,0,0,0,1,1,0,0,0,20,3,0,3,Bar,0,1,0,0,0,0,0,0,0,0,0,0,1
visMost594.png,2711.png,53.3,0,1,0,0,1,0,I,single,"title(s),annotation(s),text-only",0,0,0,1,1,0,0,0,1,0,1,15,2,1,1,"Diagram,Text,Table",0,0,0,1,0,0,0,0,0,1,1,0,3
v487_n7408_21_f4.png,2712.png,91.9,0,0,0,1,0,1,S,multipanel,"axes text,axes labels,annotation(s),legend text",0,1,1,0,1,0,1,0,0,0,0,6,6,8,6,"Bar,Grid & Matrix,Line,Point",0,1,0,0,0,1,1,0,1,0,0,0,4
whoB20_1.png,2713.png,64.4,0,0,1,0,1,0,G,single,"legend text,title(s),axes text,axes labels,caption(s)",0,1,1,1,0,1,1,0,0,0,0,13,2,2,1,Bar,0,1,0,0,0,0,0,0,0,0,0,0,1
economist_daily_chart_356.png,2714.png,46.7,1,0,0,0,1,0,N,single,"title(s),text-only",0,0,0,1,0,0,0,0,1,0,1,3,2,2,1,Table,0,0,0,0,0,0,0,0,0,1,0,0,1
economist_daily_chart_431.png,2715.png,21.4,1,0,0,0,1,0,N,single,"axes text,title(s),legend text",0,0,1,1,0,0,1,0,0,0,1,6,2,1,1,Line,0,0,0,0,0,0,1,0,0,0,0,0,1
v487_n7407_18_f1.png,2716.png,79.8,0,0,0,1,0,1,S,multipanel,legend text,0,0,0,0,0,0,1,0,0,0,0,18,0,1,2,"Map,Line",0,0,0,0,0,0,1,1,0,0,0,0,2
economist_daily_chart_357.png,2717.png,50.5,1,0,0,0,0,1,N,multipanel,"axes text,title(s),legend text",0,0,1,1,0,0,1,0,0,0,1,7,4,2,2,"Line,Bar",0,1,0,0,0,0,1,0,0,0,0,0,2
visMost595.png,2718.png,52.2,0,1,0,0,0,1,I,multipanel,"title(s),axes text,axes labels,annotation(s),caption(s)",0,1,1,1,1,1,0,0,0,0,1,6,4,5,4,"Bar,Map,Table",0,1,0,0,0,0,0,1,0,1,0,0,3
visMost581.png,2719.png,48.2,0,1,0,0,0,1,I,multipanel,"axes labels,annotation(s),title(s),caption(s)",0,1,0,1,1,1,0,0,0,0,1,9,3,4,3,"Circle,Diagram,Table",0,0,1,1,0,0,0,0,0,1,0,0,3
economist_daily_chart_343.png,2720.png,26.8,1,0,0,0,1,0,N,single,"title(s),axes text,legend text,caption(s)",0,0,1,1,0,1,1,0,0,0,1,6,1,2,1,Bar,0,1,0,0,0,0,0,0,0,0,0,0,1
economist_daily_chart_425.png,2721.png,36.2,1,0,0,0,1,0,N,single,"title(s),annotation(s),caption(s),axes text",0,0,1,1,1,1,0,0,0,0,1,8,2,2,1,Line,0,0,0,0,0,0,1,0,0,0,0,0,1
v490_n7418_12_f2.png,2722.png,56.8,0,0,0,1,0,1,S,multipanel,"axes text,caption(s),axes labels",0,1,1,0,0,1,0,0,0,0,0,13,8,1,1,Line,0,0,0,0,0,0,1,0,0,0,0,0,1
v485_n7400_21_f1.png,2723.png,84.8,0,0,0,1,0,1,S,multipanel,"axes labels,axes text,annotation(s),legend text",0,1,1,0,1,0,1,0,0,0,0,9,11,6,9,"Grid & Matrix,Bar,Point,Diagram,Line",0,1,0,1,0,1,1,0,1,0,0,0,5
whoQ03.png,2724.png,30.1,0,0,1,0,1,0,G,single,"title(s),axes text,axes labels,legend text",0,1,1,1,0,0,1,0,0,0,0,6,1,2,1,Bar,0,1,0,0,0,0,0,0,0,0,0,0,1
v485_n7400_8_f2.png,2725.png,80.2,0,0,0,1,0,1,S,multipanel,"axes text,axes labels,annotation(s),legend text",0,1,1,0,1,0,1,0,0,0,1,12,4,0,4,"Grid & Matrix,Line,Point,Area",1,0,0,0,0,1,1,0,1,0,0,0,4
v484_n7392_20_f1.png,2726.png,81.7,0,0,0,1,0,1,S,multipanel,"axes text,axes labels",0,1,1,0,0,0,0,0,0,0,0,4,2,7,6,"Grid & Matrix,Line,Point",0,0,0,0,0,1,1,0,1,0,0,0,3
economist_daily_chart_419.png,2727.png,18.9,1,0,0,0,1,0,N,single,"legend text,title(s),axes text,caption(s)",0,0,1,1,0,1,1,0,0,0,1,7,1,1,1,Bar,0,1,0,0,0,0,0,0,0,0,0,0,1
wsj202.png,2728.png,24.7,1,0,0,0,1,0,N,single,"title(s),annotation(s),caption(s)",0,0,0,1,1,1,0,0,0,0,1,10,1,1,2,"Text,Bar",0,1,0,0,0,0,0,0,0,0,1,0,2
visMost230.png,2729.png,47.1,0,1,0,0,0,1,I,multipanel,"legend text,annotation(s),title(s),caption(s),axes text",0,0,1,1,1,1,1,0,0,0,1,20,2,2,2,"Circle,Bar",0,1,1,0,0,0,0,0,0,0,0,0,2
vis365.png,2730.png,31.4,0,1,0,0,1,0,I,single,text-only,0,0,0,0,0,0,0,0,1,0,1,3,0,1,1,Diagram,0,0,0,1,0,0,0,0,0,0,0,0,1
whoH15.png,2731.png,28.3,0,0,1,0,0,1,G,multipanel,"axes text,axes labels,legend text,title(s)",0,1,1,1,0,0,1,0,0,0,1,3,2,1,1,Bar,0,1,0,0,0,0,0,0,0,0,0,0,1
vis403.png,2732.png,53.2,0,1,0,0,0,1,I,multipanel,"axes text,title(s),annotation(s),caption(s)",0,0,1,1,1,1,0,0,0,0,0,10,6,7,5,"Circle,Bar,Area,Distribution",1,1,1,0,1,0,0,0,0,0,0,0,4
visMost556.png,2733.png,54.2,0,1,0,0,0,1,I,multipanel,"title(s),annotation(s),caption(s)",0,0,0,1,1,1,0,0,0,0,1,6,6,0,1,Table,0,0,0,0,0,0,0,0,0,1,0,0,1
whoC19_1.png,2734.png,27.8,0,0,1,0,0,1,G,multipanel,"legend title,legend text",0,0,0,0,0,0,1,1,0,0,0,4,1,1,1,Map,0,0,0,0,0,0,0,1,0,0,0,0,1
v486_n7403_13_f1.png,2735.png,80,0,0,0,1,0,1,S,multipanel,"axes text,axes labels,legend text,legend title,annotation(s)",0,1,1,0,1,0,1,1,0,0,0,20,7,1,6,"Grid & Matrix,Map",0,0,0,0,0,1,0,1,0,0,0,0,2
wsj564.png,2736.png,50.1,1,0,0,0,1,0,N,single,"title(s),axes text,annotation(s),caption(s)",0,0,1,1,1,1,0,0,0,0,1,5,1,1,1,Map,0,0,0,0,0,0,0,1,0,0,0,0,1
v483_n7391_3_f4.png,2737.png,70.9,0,0,0,1,1,0,S,single,"axes text,legend text,axes labels",0,1,1,0,0,0,1,0,0,1,0,0,2,1,1,Point,0,0,0,0,0,0,0,0,1,0,0,0,1
economist_daily_chart_394.png,2738.png,52.7,1,0,0,0,1,0,N,single,"legend title,legend text,annotation(s),title(s)",0,0,0,1,1,0,1,1,0,0,1,10,0,1,1,Map,0,0,0,0,0,0,0,1,0,0,0,0,1
wsj570.png,2739.png,45.2,1,0,0,0,0,1,N,multipanel,"axes labels,axes text,title(s),annotation(s),caption(s)",0,1,1,1,1,1,0,0,0,0,1,7,3,1,2,"Area,Line",1,0,0,0,0,0,1,0,0,0,0,0,2
v483_n7389_15_f1.png,2740.png,40.9,0,0,0,1,0,1,S,multipanel,"axes labels,axes text",0,1,1,0,0,0,0,0,0,1,0,9,3,0,2,Area,1,0,0,0,0,0,0,0,0,0,0,0,1
economist_daily_chart_380.png,2741.png,18,1,0,0,0,1,0,N,single,"axes text,title(s),annotation(s),captions(s)",0,0,1,1,1,0,0,0,0,0,1,4,2,1,1,Line,0,0,0,0,0,0,1,0,0,0,0,0,1
vis417.png,2742.png,34.7,0,1,0,0,1,0,I,single,"title(s),annotation(s),caption(s)",0,0,0,1,1,1,0,0,0,0,1,10,2,1,1,Diagram,0,0,0,1,0,0,0,0,0,0,0,0,1
visMost542.png,2743.png,49.2,0,1,0,0,1,0,I,single,"annotation(s),title(s)",0,0,0,1,1,0,0,0,0,0,1,12,0,1,1,Diagram,0,0,0,1,0,0,0,0,0,0,0,0,1
visMost224.png,2744.png,17.4,0,1,0,0,1,0,I,single,"title(s),annotation(s)",0,0,0,1,1,0,0,0,0,0,1,12,0,1,1,"Diagram,Circle",0,0,1,1,0,0,0,0,0,0,0,0,2
v483_n7390_3_f4.png,2745.png,70,0,0,0,1,0,1,S,multipanel,"axes text,title(s),annotation(s)",0,0,1,1,1,0,0,0,0,1,0,0,2,1,2,"Grid & Matrix,Diagram",0,0,0,1,0,1,0,0,0,0,0,0,2
vis371.png,2746.png,57.8,0,1,0,0,0,1,I,multipanel,"axes text,legend title,legend text,annotation(s),caption(s)",0,0,1,0,1,1,1,1,0,0,0,15,4,4,6,"Circle,Distribution,Table,Area",1,0,1,0,1,0,0,0,0,1,0,0,4
wsj216.png,2747.png,35.8,1,0,0,0,0,1,N,multipanel,"title(s),axes labels,annotation(s),caption(s)",0,1,0,1,1,1,0,0,0,0,1,4,3,1,4,Line,0,0,0,0,0,0,1,0,0,0,0,0,1
v486_n7401_2_f1.png,2748.png,70.9,0,0,0,1,0,1,S,multipanel,"axes labels,axes text,annotation(s),legend text",0,1,1,0,1,0,1,0,0,0,0,8,5,5,5,"Bar,Table,Circle,Diagram",0,1,1,1,0,0,0,0,0,1,0,0,4
wsj12.png,2749.png,26.3,1,0,0,0,1,0,N,single,annotation(s),0,0,0,0,1,0,0,0,0,0,1,3,0,1,1,Map,0,0,0,0,0,0,0,1,0,0,0,0,1
vis359.png,2750.png,52.2,0,1,0,0,0,1,I,multipanel,"title(s),annotation(s),caption(s)",0,0,0,1,1,1,0,0,0,0,1,10,4,1,2,"Table,Diagram",0,0,0,1,0,0,0,0,0,1,0,0,2
v487_n7408_1_f4.png,2751.png,71.1,0,0,0,1,0,1,S,multipanel,"axes labels,axes text,caption(s),title(s)",0,1,1,1,0,1,0,0,0,0,0,5,4,4,20,"Line,Point,Bar",0,1,0,0,0,0,1,0,1,0,0,0,3
v489_n7415_3_f2.png,2752.png,80.2,0,0,0,1,0,1,S,multipanel,"axes text,axes labels,legend text,annotation(s)",0,1,1,0,1,0,1,0,0,0,0,6,6,3,8,"Bar,Line",0,1,0,0,0,0,1,0,0,0,0,0,2
v483_n7391_11_f5.png,2753.png,76.1,0,0,0,1,0,1,S,multipanel,"axes labels,axes text,legend text,legend title",0,1,1,0,0,0,1,1,0,0,0,3,4,1,5,"Line,Distribution",0,0,0,0,1,0,1,0,0,0,0,0,2
wsj558.png,2754.png,30.2,1,0,0,0,0,1,N,multipanel,"annotation(s),title(s),caption(s)",0,0,0,1,1,1,0,0,0,0,1,2,1,1,2,"Table,Area",1,0,0,0,0,0,0,0,0,1,0,0,2
v489_n7414_3_f2.png,2755.png,71.3,0,0,0,1,0,1,S,multipanel,"axes labels,axes text,title(s),annotation(s)",0,1,1,1,1,0,0,0,0,0,0,4,4,4,3,"Circle,Point,Distribution,Bar",0,1,1,0,1,0,0,0,1,0,0,0,4
v483_n7388_13_f3.png,2756.png,28.800000000000004,0,0,0,1,0,1,S,multipanel,title(s),0,0,0,1,0,0,0,0,0,0,1,6,0,1,4,Diagram,0,0,0,1,0,0,0,0,0,0,0,0,1
v483_n7390_19_f2.png,2757.png,77,0,0,0,1,0,1,S,multipanel,"axes labels,axes text,title(s),annotation(s),legend text",0,1,1,1,1,0,1,0,0,0,0,7,7,6,5,"Line,Table,Grid & Matrix",0,0,0,0,0,1,1,0,0,1,0,0,3
visMost218.png,2758.png,40.1,0,1,0,0,1,0,I,single,"title(s),axes text,legend text",0,0,1,1,0,0,1,0,0,0,0,5,1,2,2,Bar,0,1,0,0,0,0,0,0,0,0,0,0,1
v486_n7404_17_f1.png,2759.png,52.6,0,0,0,1,0,1,S,multipanel,"legend text,axes labels,axes text",0,1,1,0,0,0,1,0,0,0,0,4,4,2,6,"Line,Point",0,0,0,0,0,0,1,0,1,0,0,0,2
visMost797.png,2760.png,38.1,0,1,0,0,1,0,I,single,"title(s),annotation(s)",0,0,0,1,1,0,0,0,0,0,1,2,0,1,1,Trees & Networks,0,0,0,0,0,0,0,0,0,0,0,1,1
economist_daily_chart_155.png,2761.png,33.6,1,0,0,0,0,1,N,multipanel,"axes labels,axes text,title(s),caption(s),legend title,legend text",0,1,1,1,0,1,1,1,0,0,1,8,2,1,2,"Bar,Map",0,1,0,0,0,0,0,1,0,0,0,0,2
whoB22_2.png,2762.png,33.3,0,0,1,0,1,0,G,single,"legend title,legend text,titile(s)",0,0,0,0,0,0,1,1,0,0,1,6,0,1,1,Map,0,0,0,0,0,0,0,1,0,0,0,0,1
v487_n7405_19_f2.png,2763.png,55.9,0,0,0,1,0,1,S,multipanel,"axes labels,axes text,title(s)",0,1,1,1,0,0,0,0,0,0,0,2,5,2,8,Bar,0,1,0,0,0,0,0,0,0,0,0,0,1
v486_n7402_1_f3.png,2764.png,69.2,0,0,0,1,0,1,S,multipanel,"legend text,axes labels,axes text,legend title",0,1,1,0,0,0,1,1,0,0,0,6,2,3,4,Line,0,0,0,0,0,0,1,0,0,0,0,0,1
whoJ24_2.png,2765.png,20.6,0,0,1,0,1,0,G,single,"legend text,caption(s),annotation(s)",0,0,0,0,1,1,1,0,0,0,0,4,1,1,1,Circle,0,0,1,0,0,0,0,0,0,0,0,0,1
treasuryB16.png,2766.png,42.1,0,0,1,0,0,1,G,multipanel,"axes text,annotation(s),title(s),caption(s)",0,0,1,1,1,1,0,0,0,0,0,4,4,3,2,"Line,Area",1,0,0,0,0,0,1,0,0,0,0,0,2
treasuryB02.png,2767.png,37.1,0,0,1,0,1,0,G,single,"annotation(s),axes text,title(s),caption(s)",0,0,1,1,1,1,0,0,0,0,0,4,2,1,1,Bar,0,1,0,0,0,0,0,0,0,0,0,0,1
economist_daily_chart_141.png,2768.png,19.7,1,0,0,0,1,0,N,single,"title(s),axes text,caption(s)",0,0,1,1,0,1,0,0,0,0,0,3,2,1,1,Bar,0,1,0,0,0,0,0,0,0,0,0,0,1
v486_n7403_1_f3.png,2769.png,53.5,0,0,0,1,1,0,S,single,"axes labels,axes text,annotation(s)",0,1,1,0,1,0,0,0,0,1,0,0,5,0,2,Distribution,0,0,0,0,1,0,0,0,0,0,0,0,1
whoB04_1.png,2770.png,34.2,0,0,1,0,1,0,G,single,"axes labels,axes text,title(s),annotation(s),caption(s)",0,1,1,1,1,1,0,0,0,0,0,3,2,1,1,Line,0,0,0,0,0,0,1,0,0,0,0,0,1
visMost783.png,2771.png,34.2,0,1,0,0,0,1,I,multipanel,"axes labels,axes text,caption(s),annotations(s)",0,1,1,0,0,1,0,0,0,0,1,20,9,6,7,"Circle,Bar,Map,Distribution,Area",1,1,1,0,1,0,0,1,0,0,0,0,5
economist_daily_chart_169.png,2772.png,28.4,1,0,0,0,1,0,N,single,"axes text,caption(s),title(s),axes labels",0,1,1,1,0,1,0,0,0,0,0,3,2,1,1,Bar,0,1,0,0,0,0,0,0,0,0,0,0,1
v488_n7411_21_f4.png,2773.png,85.4,0,0,0,1,0,1,S,multipanel,"axes text,annotation(s)",0,0,1,0,1,0,0,0,0,0,0,7,2,6,3,"Grid & Matrix,Table",0,0,0,0,0,1,0,0,0,1,0,0,2
v490_n7419_1_f1.png,2774.png,60.4,0,0,0,1,0,1,S,multipanel,"annotation(s),title(s),legend text",0,0,0,1,1,0,1,0,0,0,0,3,0,0,5,Diagram,0,0,0,1,0,0,0,0,0,0,0,0,1
vis826.png,2775.png,29.7,0,1,0,0,1,0,I,single,"title(s),annotations(s),captions(s)",0,0,0,1,0,0,0,0,0,0,1,3,0,1,1,Diagram,0,0,0,1,0,0,0,0,0,0,0,0,1
v489_n7416_15_f1.png,2776.png,42.2,0,0,0,1,0,1,S,multipanel,"axes labels,axes text",0,1,1,0,0,0,0,0,0,0,0,5,2,0,2,Line,0,0,0,0,0,0,1,0,0,0,0,0,1
vis198.png,2777.png,43.1,0,1,0,0,1,0,I,single,"legend title,legend text,title(s),annotation(s)",0,0,0,1,1,0,1,1,0,0,1,5,1,2,1,Distribution,0,0,0,0,1,0,0,0,0,0,0,0,1
v490_n7418_1_f1.png,2778.png,75.2,0,0,0,1,0,1,S,multipanel,"caption(s),annotation(s),title(s)",0,0,0,1,1,1,0,0,0,0,0,8,1,2,1,Diagram,0,0,0,1,0,0,0,0,0,0,0,0,1
v490_n7420_9_f1.png,2779.png,85.1,0,0,0,1,0,1,S,multipanel,annotation(s),0,0,0,0,1,0,0,0,0,0,0,7,0,0,3,Diagram,0,0,0,1,0,0,0,0,0,0,0,0,1
v486_n7404_19_f4.png,2780.png,75.8,0,0,0,1,0,1,S,multipanel,"axes labels,axes text,legend title,legend text",0,1,1,0,0,0,1,1,0,1,0,0,3,10,6,"Bar,Grid & Matrix",0,1,0,0,0,1,0,0,0,0,0,0,2
vis832.png,2781.png,38.6,0,1,0,0,0,1,I,multipanel,"caption(s),annotation(s),axes labels",0,1,0,0,1,1,0,0,0,0,1,9,5,6,7,"Circle,Bar,Table,Distribution",0,1,1,0,1,0,0,0,0,1,0,0,4
economist_daily_chart_196.png,2782.png,41.4,1,0,0,0,0,1,N,multipanel,"annotation(s),axes text,title(s),caption(s)",0,0,1,1,1,1,0,0,0,0,0,7,2,1,2,Circle,0,0,1,0,0,0,0,0,0,0,0,0,1
v488_n7413_18_f3.png,2783.png,67.4,0,0,0,1,0,1,S,multipanel,"axes text,annotation(s)",0,0,1,0,1,0,0,0,0,0,0,8,2,2,8,"Line,Table,Distribution,Diagram,Grid & Matrix",0,0,0,1,1,1,1,0,0,1,0,0,5
visMost754.png,2784.png,35.7,0,1,0,0,0,1,I,multipanel,"axes text,annotation(s),axes labels,caption(s)",0,1,1,0,1,1,0,0,0,0,1,9,4,2,3,"Map,Line,Table",0,0,0,0,0,0,1,1,0,1,0,0,3
whoJ17.png,2785.png,42,0,0,1,0,0,1,G,multipanel,"axes text,axes labels,annotation(s),title(s),legend text,caption(s)",0,1,1,1,1,1,1,0,0,0,0,7,2,3,4,"Point,Bar,Map",0,1,0,0,0,0,0,1,1,0,0,0,3
vis167.png,2786.png,48.6,0,1,0,0,0,1,I,multipanel,"caption(s),annotation(s)",0,0,0,0,1,1,0,0,0,0,0,16,10,4,2,"Bar,Table,Diagram",0,1,0,1,0,0,0,0,0,1,0,0,3
v486_n7401_12_f2.png,2787.png,42.5,0,0,0,1,0,1,S,multipanel,"title(s),annotation(s),legend text",0,0,0,1,1,0,1,0,0,1,0,0,1,2,5,Circle,0,0,1,0,0,0,0,0,0,0,0,0,1
whoQ09_1.png,2788.png,36.4,0,0,1,0,1,0,G,single,"legend text,axes text",0,0,1,0,0,0,1,0,0,0,0,2,1,3,1,Bar,0,1,0,0,0,0,0,0,0,0,0,0,1
v490_n7419_22_f1.png,2789.png,55.7,0,0,0,1,0,1,S,multipanel,"legend text,annotation(s),title(s),axes text,axes labels",0,1,1,1,1,0,1,0,0,1,0,0,1,2,2,Bar,0,1,0,0,0,0,0,0,0,0,0,0,1
v487_n7408_17_f4.png,2790.png,63.8,0,0,0,1,1,0,S,single,"legend title,legend text,title(s),annotation(s)",0,0,0,1,1,0,1,1,0,0,0,7,0,2,1,"Circle,Trees & Networks",0,0,1,0,0,0,0,0,0,0,0,1,2
vis173.png,2791.png,17.2,0,1,0,0,0,1,I,multipanel,"caption(s),annotation(s)",0,0,0,0,1,1,0,0,0,0,1,6,1,1,1,Circle,0,0,1,0,0,0,0,0,0,0,0,0,1
visMost740.png,2792.png,41.1,0,1,0,0,0,1,I,multipanel,"text-only,annotations,legend text, legend title",0,0,0,0,0,0,1,1,1,0,1,15,11,8,6,"Text,Circle,Table",0,0,1,0,0,0,0,0,0,1,1,0,3
vis615.png,2793.png,29.8,0,1,0,0,0,1,I,multipanel,text-only,0,0,0,0,0,0,0,0,1,0,1,18,0,1,8,"Text,Diagram",0,0,0,1,0,0,0,0,0,0,1,0,2
whoJ03.png,2794.png,34.9,0,0,1,0,1,0,G,single,"caption(s),annotation(s),title(s)",0,0,0,1,1,1,0,0,0,0,0,2,4,1,1,Table,0,0,0,0,0,0,0,0,0,1,0,0,1
economist_daily_chart_182.png,2795.png,41.6,1,0,0,0,1,0,N,single,"axes text,title(s),caption(s)",0,0,1,1,0,1,0,0,0,0,0,3,1,2,2,Bar,0,1,0,0,0,0,0,0,0,0,0,0,1
visMost768.png,2796.png,33.3,0,1,0,0,0,1,I,multipanel,text-only,0,0,0,0,0,0,0,0,1,0,1,2,3,0,1,Table,0,0,0,0,0,0,0,0,0,1,0,0,1
v487_n7408_19_f1.png,2797.png,75.4,0,0,0,1,0,1,S,multipanel,"annotation(s),axes text,title(s)",0,0,1,1,1,0,0,0,0,0,0,8,1,7,6,"Circle,Diagram,Grid & Matrix,Distribution",0,0,1,1,1,1,0,0,0,0,0,0,4
v489_n7414_22_f3.png,2798.png,62.6,0,0,0,1,0,1,S,multipanel,"annotation(s),axes labels,axes text",0,1,1,0,1,0,0,0,0,0,0,4,4,5,6,Line,0,0,0,0,0,0,1,0,0,0,0,0,1
v488_n7413_5_f2.png,2799.png,44.3,0,0,0,1,0,1,S,multipanel,"legend text,title(s)",0,0,0,1,0,0,1,0,0,0,0,11,1,1,11,Map,0,0,0,0,0,0,0,1,0,0,0,0,1
vis629.png,2800.png,37.5,0,1,0,0,0,1,I,multipanel,"caption(s),annotation(s),title(s)",0,0,0,1,1,1,0,0,0,0,1,7,4,3,3,"Circle.Table,Diagram",0,0,1,1,0,0,0,0,0,1,0,0,3
v486_n7404_15_f4.png,2801.png,74.8,0,0,0,1,0,1,S,multipanel,"axes labels,axes text,legend text,annotation(s)",0,1,1,0,1,0,1,0,0,0,0,7,6,5,7,"Bar,Line,Point",0,1,0,0,0,0,1,0,1,0,0,0,3
economist_daily_chart_25.png,2802.png,33,1,0,0,0,1,0,N,single,"legend text,title(s),caption(s)",0,0,0,1,0,1,1,0,0,0,0,3,1,2,1,Bar,0,1,0,0,0,0,0,0,0,0,0,0,1
whoQ44_8.png,2803.png,23.9,0,0,1,0,1,0,G,single,"axes text,title(s),legend text",0,0,1,1,0,0,1,0,0,0,0,2,1,2,1,Bar,0,1,0,0,0,0,0,0,0,0,0,0,1
visMost185.png,2804.png,33.3,0,1,0,0,1,0,I,single,annotation(s),0,0,0,0,1,0,0,0,0,0,1,20,1,1,1,Diagram,0,0,0,1,0,0,0,0,0,0,0,0,1
whoQ57_2.png,2805.png,22.3,0,0,1,0,1,0,G,single,"axes text,title(s)",0,0,1,1,0,0,0,0,0,0,0,1,1,1,1,Bar,0,1,0,0,0,0,0,0,0,0,0,0,1
visMost191.png,2806.png,42.6,0,1,0,0,1,0,I,single,"caption(s),annotation(s),title(s)",0,0,0,1,1,1,0,0,0,0,0,6,0,6,4,"Diagram,Table",0,0,0,1,0,0,0,0,0,1,0,0,2
economist_daily_chart_31.png,2807.png,32.2,1,0,0,0,1,0,N,single,"axes text,caption(s),legend text,title(s),annotation(s)",0,0,1,1,1,1,1,0,0,0,0,4,1,2,1,Bar,0,1,0,0,0,0,0,0,0,0,0,0,1
v489_n7416_19_f1.png,2808.png,61.2,0,0,0,1,0,1,S,multipanel,"axes text,axes labels,annotation(s)",0,1,1,0,1,0,0,0,0,0,0,3,2,1,2,Point,0,0,0,0,0,0,0,0,1,0,0,0,1
whoQ12_2.png,2809.png,34.3,0,0,1,0,0,1,G,multipanel,"axes text,axes labels,title(s),legend text,caption(s)",0,1,1,1,0,1,1,0,0,0,0,5,2,1,1,Line,0,0,0,0,0,0,1,0,0,0,0,0,1
v486_n7404_9_f2.png,2810.png,69.9,0,0,0,1,1,0,S,single,"legend text,axes text,axes labels,annotation(s)",0,1,1,0,1,0,1,0,0,0,0,6,4,1,3,"Line,Point",0,0,0,0,0,0,1,0,1,0,0,0,2
treasuryD10.png,2811.png,39.2,0,0,1,0,1,0,G,single,"axes text,caption(s),legend text,annotation(s)",0,0,1,0,1,1,1,0,0,0,0,2,1,2,1,Bar,0,1,0,0,0,0,0,0,0,0,0,0,1
vis952.png,2812.png,31.9,0,1,0,0,0,1,I,multipanel,"axes text,annotation(s),title(s)",0,0,1,1,1,0,0,0,0,0,1,10,4,5,1,"Circle,Bar,Table,Area",1,1,1,0,0,0,0,0,0,1,0,0,4
visMost807.png,2813.png,44.1,0,1,0,0,0,1,I,multipanel,"caption(s),annotation(s)",0,0,0,0,1,1,0,0,0,0,1,17,3,2,4,"Diagram,Table",0,0,0,1,0,0,0,0,0,1,0,0,2
v490_n7419_3_f4.png,2814.png,57.6,0,0,0,1,0,1,S,multipanel,"axes text,legend text,annotation(s)",0,0,1,0,1,0,1,0,0,0,0,5,1,4,4,"Bar,Grid & Matrix",0,1,0,0,0,1,0,0,0,0,0,0,2
economist_daily_chart_19.png,2815.png,34.3,1,0,0,0,0,1,N,multipanel,"legend text,axes labels,axes text,title(s)",0,1,1,1,0,0,1,0,0,0,0,5,2,1,1,"Bar,Line",0,1,0,0,0,0,1,0,0,0,0,0,2
vis946.png,2816.png,46.4,0,1,0,0,0,1,I,multipanel,"legend text,annotation(s),caption(s)",0,0,0,0,1,1,1,0,0,0,1,12,1,1,4,Diagram,0,0,0,1,0,0,0,0,0,0,0,0,1
whoN35_2.png,2817.png,26.8,0,0,1,0,1,0,G,single,"annotation(s),legend text,caption(s),title(s)",0,0,0,1,1,1,1,0,0,0,0,5,1,1,1,Circle,0,0,1,0,0,0,0,0,0,0,0,0,1
visMost813.png,2818.png,32.5,0,1,0,0,0,1,I,multipanel,"title(s),axes labels,annotation(s)",0,1,0,1,1,0,0,0,0,0,0,15,2,5,3,"Bar,Map",0,1,0,0,0,0,0,1,0,0,0,0,2
v489_n7416_2_f5.png,2819.png,71.5,0,0,0,1,0,1,S,multipanel,"axes text,axes labels,legend text,annotation(s)",0,1,1,0,1,0,1,0,0,0,0,3,8,5,7,"Bar,Line,Point",0,1,0,0,0,0,1,0,1,0,0,0,3
v487_n7405_15_f2.png,2820.png,81,0,0,0,1,0,1,S,multipanel,"axes text,axes labels,caption(s),legend text",0,1,1,0,0,1,1,0,0,0,0,21,1,3,2,"Trees & Networks,Diagram",0,0,0,1,0,0,0,0,0,0,0,1,2
wsj612.png,2821.png,22,1,0,0,0,1,0,N,single,"title(s),annotation(s),caption(s),axes text",0,0,1,1,1,1,0,0,0,0,1,4,2,1,1,Line,0,0,0,0,0,0,1,0,0,0,0,0,1
vis775.png,2822.png,45.6,0,1,0,0,0,1,I,multipanel,text-only,0,0,0,0,0,0,0,0,1,0,1,4,1,2,4,Table,0,0,0,0,0,0,0,0,0,1,0,0,1
visMost620.png,2823.png,23,0,1,0,0,1,0,I,single,text-only,0,0,0,0,0,0,0,0,1,0,1,12,1,1,9,Table,0,0,0,0,0,0,0,0,0,1,0,0,1
visMost146.png,2824.png,71,0,1,0,0,0,1,I,multipanel,"title(s),caption(s)",0,0,0,1,0,1,0,0,0,0,0,4,0,1,1,Grid & Matrix,0,0,0,0,0,1,0,0,0,0,0,0,1
whoL05.png,2825.png,20.3,0,0,1,0,1,0,G,single,"axes text,title(s),legend text",0,0,1,1,0,0,1,0,0,0,0,3,1,2,1,Bar,0,1,0,0,0,0,0,0,0,0,0,0,1
wsj174.png,2826.png,38.9,1,0,0,0,0,1,N,multipanel,"axes text,legend text,caption(s),title(s)",0,0,1,1,0,1,1,0,0,0,1,6,3,2,3,"Bar,Line",0,1,0,0,0,0,1,0,0,0,0,0,2
wsj160.png,2827.png,61.6,1,0,0,0,0,1,N,multipanel,"annotation(s),axes text,caption(s),title(s),legend text,legend title",0,0,1,1,1,1,1,1,0,0,1,5,5,7,8,"Circle,Line,Table,Distribution",0,0,1,0,1,0,1,0,0,1,0,0,4
v483_n7388_8_f2.png,2828.png,65.5,0,0,0,1,0,1,S,multipanel,"axes labels,axes text,annotation(s),legend text",0,1,1,0,1,0,1,0,0,0,0,10,6,2,3,"Point,Line",0,0,0,0,0,0,1,0,1,0,0,0,2
visMost152.png,2829.png,44.2,0,1,0,0,0,1,I,multipanel,"axes labels,axes text,title(s),annotation(s),caption(s),legend text",0,1,1,1,1,1,1,0,0,0,1,6,9,6,9,"Bar,Area,Circle,Distribution,Table",1,1,1,0,1,0,0,0,0,1,0,0,5
whoL11.png,2830.png,25.8,0,0,1,0,1,0,G,single,"legend text,caption(s)",0,0,0,0,0,1,1,0,0,0,1,7,0,1,1,Map,0,0,0,0,0,0,0,1,0,0,0,0,1
vis761.png,2831.png,45.8,0,1,0,0,0,1,I,multipanel,"title(s),annotation(s),caption(s)",0,0,0,1,1,1,0,0,0,0,1,9,7,2,7,"Diagram,Table",0,0,0,1,0,0,0,0,0,1,0,0,2
visMost634.png,2832.png,56.4,0,1,0,0,1,0,I,single,"caption(s),annotation(s),axes text",0,0,1,0,1,1,0,0,0,0,1,15,1,2,1,"Table,Distribution,Diagram",0,0,0,1,1,0,0,0,0,1,0,0,3
visMost49.png,2833.png,39.6,0,1,0,0,0,1,I,multipanel,"annotation(s),caption(s),axes text",0,0,1,0,1,1,0,0,0,0,1,16,6,3,6,"Diagram,Distribution,Table,Bar,Map",0,1,0,1,1,0,0,1,0,1,0,0,5
v488_n7412_12_f1.png,2834.png,69.5,0,0,0,1,0,1,S,multipanel,"axes labels,legend text,legend title,axes text",0,1,1,0,0,0,1,1,0,0,0,16,4,4,3,"Grid & Matrix,Bar,Point",0,1,0,0,0,1,0,0,1,0,0,0,3
v487_n7408_15_f1.png,2835.png,56.6,0,0,0,1,0,1,S,multipanel,"axes labels,axes text,legend text",0,1,1,0,0,0,1,0,0,1,0,2,2,3,2,"Point,Bar",0,1,0,0,0,0,0,0,1,0,0,0,2
v487_n7406_6_f4.png,2836.png,74.5,0,0,0,1,1,0,S,single,"axes text,axes labels",0,1,1,0,0,0,0,0,0,0,0,4,3,0,1,Line,0,0,0,0,0,0,1,0,0,0,0,0,1
v488_n7412_9_f2.png,2837.png,58.5,0,0,0,1,0,1,S,multipanel,"axes text,axes labels,legend text,title(s)",0,1,1,1,0,0,1,0,0,0,0,2,2,1,5,"Line,Point",0,0,0,0,0,0,1,0,1,0,0,0,2
wsj606.png,2838.png,42.6,1,0,0,0,0,1,N,multipanel,"axes text,title(s),legend text,captions(s)",0,0,1,1,0,0,1,0,0,0,1,6,4,2,4,"Area,Bar,Table",1,1,0,0,0,0,0,0,0,1,0,0,3
vis749.png,2839.png,41.9,0,1,0,0,0,1,I,multipanel,"title(s),caption(s),annotation(s)",0,0,0,1,1,1,0,0,0,0,1,7,4,2,4,"Area,Table,Point",1,0,0,0,0,0,0,0,1,1,0,0,3
visMost61.png,2840.png,35.4,0,1,0,0,0,1,I,multipanel,"axes labels,axes text,title(s),caption(s)",0,1,1,1,0,1,0,0,0,0,1,7,3,6,6,"Circle,Map,Bar,Diagram,Table",0,1,1,1,0,0,0,1,0,1,0,0,5
vis991.png,2841.png,21.1,0,1,0,0,0,1,I,multipanel,caption(s),0,0,0,0,0,1,0,0,0,0,1,13,2,2,3,"Circle,Table",0,0,1,0,0,0,0,0,0,1,0,0,2
v482_n7386_1_f3.png,2842.png,80,0,0,0,1,0,1,S,multipanel,"annotation(s),title(s)",0,0,0,1,1,0,0,0,0,0,0,6,0,0,3,Diagram,0,0,0,1,0,0,0,0,0,0,0,0,1
wsj148.png,2843.png,45,1,0,0,0,0,1,N,multipanel,"axes text,annotation(s),caption(s),title(s),legend text",0,0,1,1,1,1,1,0,0,0,1,3,3,4,3,"Line,Table,Distribution",0,0,0,0,1,0,1,0,0,1,0,0,3
v488_n7413_14_f3.png,2844.png,84.2,0,0,0,1,0,1,S,multipanel,"annotation(s),axes text,axes labels",0,1,1,0,1,0,0,0,0,0,0,5,8,3,7,"Line,Bar,Point,Diagram",0,1,0,1,0,0,1,0,1,0,0,0,4
visMost608.png,2845.png,31.6,0,1,0,0,0,1,I,multipanel,"text-only,annotation(s),title(s),caption(s)",0,0,0,1,1,1,0,0,1,0,1,6,1,6,5,"Table,Map,Diagram",0,0,0,1,0,0,0,1,0,1,0,0,3
visMost75.png,2846.png,35,0,1,0,0,0,1,I,multipanel,"axes text,title(s),annotation(s),caption(s)",0,0,1,1,1,1,0,0,0,0,1,9,1,3,3,"Bar,Diagram,Map",0,1,0,1,0,0,0,1,0,0,0,0,3
v483_n7389_6_f7.png,2847.png,80.2,0,0,0,1,0,1,S,multipanel,"axes labels,axes text,annotation(s)",0,1,1,0,1,0,0,0,0,0,0,11,2,1,4,"Grid & Matrix,Line,Point",0,0,0,0,0,1,1,0,1,0,0,0,3
vis985.png,2848.png,44.1,0,1,0,0,0,1,I,multipanel,"caption(s),annotation(s),title(s)",0,0,0,1,1,1,0,0,0,0,1,19,3,7,7,"Circle,Map,Bar,Table,Diagram",0,1,1,1,0,0,0,1,0,1,0,0,5
visMost387.png,2849.png,21.8,0,1,0,0,1,0,I,single,text-only,0,0,0,0,0,0,0,0,1,0,1,12,0,4,6,Table,0,0,0,0,0,0,0,0,0,1,0,0,1
treasuryG03_1.png,2850.png,51.8,0,0,1,0,1,0,G,single,"axes text,axes labels,caption(s),annotation(s),legend title,legend text,title(s)",0,1,1,1,1,1,1,1,0,0,0,3,1,3,1,Bar,0,1,0,0,0,0,0,0,0,0,0,0,1
np_54.png,2851.png,43.9,1,0,0,0,1,0,N,single,"annotation(s),caption(s),title(s)",0,0,0,1,1,1,0,0,0,0,0,3,1,1,1,Area,1,0,0,0,0,0,0,0,0,0,0,0,1
economist_daily_chart_223.png,2852.png,51.4,1,0,0,0,1,0,N,single,"annotation(s),axes labels,axes text,title(s),legend text,caption(s)",0,1,1,1,1,1,1,0,0,0,0,5,2,2,1,"Line,Point",0,0,0,0,0,0,1,0,1,0,0,0,2
v487_n7406_12_f3.png,2853.png,77.2,0,0,0,1,0,1,S,multipanel,"axes labels,axes text,annotation(s)",0,1,1,0,1,0,0,0,0,0,0,11,5,1,2,"Grid & Matrix,Line,Area",1,0,0,0,0,1,1,0,0,0,0,0,3
vis11.png,2854.png,36.8,0,1,0,0,0,1,I,multipanel,"axes text,axes labels,title(s),annotation(s),caption(s)",0,1,1,1,1,1,0,0,0,0,0,10,2,2,3,"Diagram,Line,Point",0,0,0,1,0,0,1,0,1,0,0,0,3
whoK04_2.png,2855.png,39.3,0,0,1,0,1,0,G,single,"axes labels,axes text,annotation(s),title(s),caption(s)",0,1,1,1,1,1,0,0,0,0,0,2,2,2,2,Bar,0,1,0,0,0,0,0,0,0,0,0,0,1
economist_daily_chart_237.png,2856.png,43.9,1,0,0,0,1,0,N,single,"axes text,caption(s),annotation(s),legend text,title(s)",0,0,1,1,1,1,1,0,0,0,0,4,2,2,1,Bar,0,1,0,0,0,0,0,0,0,0,0,0,1
v489_n7414_18_f2.png,2857.png,73.1,0,0,0,1,0,1,S,multipanel,"axes text,axes labels,annotation(s)",0,1,1,0,1,0,0,0,0,0,0,4,2,1,1,"Line,Area",1,0,0,0,0,0,1,0,0,0,0,0,2
np_40.png,2858.png,48.7,1,0,0,0,1,0,N,single,caption(s),0,0,0,0,0,1,0,0,0,0,0,5,0,1,1,Table,0,0,0,0,0,0,0,0,0,1,0,0,1
visMost393.png,2859.png,36.5,0,1,0,0,1,0,I,single,"legend text,title(s),annotation(s),axes labels,axes text,caption(s)",0,1,1,1,1,1,1,0,0,0,1,4,1,1,1,Map,0,0,0,0,0,0,0,1,0,0,0,0,1
whoC02_2.png,2860.png,14,0,0,1,0,0,1,G,multipanel,text-only,0,0,0,0,0,0,0,0,1,0,1,4,2,1,1,Table,0,0,0,0,0,0,0,0,0,1,0,0,1
wsj389.png,2861.png,34.4,1,0,0,0,1,0,N,single,"title(s),annotation(s),caption(s),legend text,axes text",0,0,1,1,1,1,1,0,0,0,1,5,2,2,1,"Point,Area",1,0,0,0,0,0,0,0,1,0,0,0,2
v488_n7410_4_f5.png,2862.png,59.8,0,0,0,1,1,0,S,single,text-only,0,0,0,0,0,0,0,0,1,1,0,0,3,4,3,Table,0,0,0,0,0,0,0,0,0,1,0,0,1
vis588.png,2863.png,42,0,1,0,0,0,1,I,multipanel,"axes text,annotation(s),caption(s),title(s)",0,0,1,1,1,1,0,0,0,0,1,5,9,6,8,"Bar,Circle,Table,Area,Distribution",1,1,1,0,1,0,0,0,0,1,0,0,5
vis39.png,2864.png,31.6,0,1,0,0,0,1,I,multipanel,text-only,0,0,0,0,0,0,0,0,1,0,1,13,3,4,3,Table,0,0,0,0,0,0,0,0,0,1,0,0,1
v484_n7394_18_f2.png,2865.png,86.8,0,0,0,1,0,1,S,multipanel,"axes labels,axes text,legend text",0,1,1,0,0,0,1,0,0,0,0,8,6,4,5,"Point,Map,Line,Diagram,Table",0,0,0,1,0,0,1,1,1,1,0,0,5
v484_n7392_22_f4.png,2866.png,70.1,0,0,0,1,0,1,S,multipanel,"legend text,axes text,axes labels,annotation(s),legend title",0,1,1,0,1,0,1,1,0,1,0,0,6,4,6,"Line,Bar,Table,Point",0,1,0,0,0,0,1,0,1,1,0,0,4
v487_n7407_14_f1.png,2867.png,46.1,0,0,0,1,0,1,S,multipanel,"annotation(s),axes text",0,0,1,0,1,0,0,0,0,0,0,2,2,0,2,Line,0,0,0,0,0,0,1,0,0,0,0,0,1
treasuryD02_1.png,2868.png,24.5,0,0,1,0,1,0,G,single,text-only,0,0,0,0,0,0,0,0,1,0,0,2,1,2,1,Table,0,0,0,0,0,0,0,0,0,1,0,0,1
wsj376.png,2869.png,37.6,1,0,0,0,0,1,N,multipanel,"title(s),legend text,axes text,annotation(s),caption(s)",0,0,1,1,1,1,1,0,0,0,1,5,2,3,2,Bar,0,1,0,0,0,0,0,0,0,0,0,0,1
whoN07.png,2870.png,26.100000000000005,0,0,1,0,1,0,G,single,"axes labels,axes text,annotation(s),title(s)",0,1,1,1,1,0,0,0,0,0,0,2,3,1,1,Table,0,0,0,0,0,0,0,0,0,1,0,0,1
vis211.png,2871.png,28.3,0,1,0,0,0,1,I,multipanel,"annotation(s),caption(s)",0,0,0,0,1,1,0,0,0,0,1,2,2,1,2,"Area,Distribution",1,0,0,0,1,0,0,0,0,0,0,0,2
visMost344.png,2872.png,41.2,0,1,0,0,0,1,I,multipanel,"annotation(s),axes labels",0,1,0,0,1,0,0,0,0,0,1,9,0,9,7,"Bar,Circle,Diagram,Table",0,1,1,1,0,0,0,0,0,1,0,0,4
v483_n7391_1_f1.png,2873.png,51.8,0,0,0,1,1,0,S,single,"legend text,title(s),annotation(s)",0,0,0,1,1,0,1,0,0,0,1,10,1,1,4,"Line,Map",0,0,0,0,0,0,1,1,0,0,0,0,2
treasuryL04_1.png,2874.png,14.9,0,0,1,0,1,0,G,single,text-only,0,0,0,0,0,0,0,0,1,0,0,1,3,1,1,Table,0,0,0,0,0,0,0,0,0,1,0,0,1
visMost422.png,2875.png,52.7,0,1,0,0,1,0,I,single,"axes text,legend text,annotation(s),axes labels",0,1,1,0,1,0,1,0,0,0,0,7,0,2,1,Grid & Matrix,0,0,0,0,0,1,0,0,0,0,0,0,1
v483_n7387_3_f2.png,2876.png,79.2,0,0,0,1,0,1,S,multipanel,"annotation(s),title(s)",0,0,0,1,1,0,0,0,0,0,0,6,0,1,4,Diagram,0,0,0,1,0,0,0,0,0,0,0,0,1
vis577.png,2877.png,39.7,0,1,0,0,0,1,I,multipanel,"caption(s),annotation(s)",0,0,0,0,1,1,0,0,0,0,1,10,8,7,7,"Circle,Map,Table",0,0,1,0,0,0,0,1,0,1,0,0,3
v485_n7396_27_f1.png,2878.png,74,0,0,0,1,0,1,S,multipanel,"annotation(s),axes text,axes labels",0,1,1,0,1,0,0,0,0,0,0,1,5,2,6,Line,0,0,0,0,0,0,1,0,0,0,0,0,1
wsj410.png,2879.png,37.5,1,0,0,0,0,1,N,multipanel,"axes text,annotation(s),caption(s),title(s)",0,0,1,1,1,1,0,0,0,0,1,5,4,1,3,Line,0,0,0,0,0,0,1,0,0,0,0,0,1
wsj404.png,2880.png,21.3,1,0,0,0,1,0,N,single,"title(s),axes text,caption(s)",0,0,1,1,0,1,0,0,0,0,1,2,2,0,1,Bar,0,1,0,0,0,0,0,0,0,0,0,0,1
v486_n7402_19_f3.png,2881.png,72.3,0,0,0,1,0,1,S,multipanel,"axes labels,axes text,annotation(s)",0,1,1,0,1,0,0,0,0,0,0,7,5,3,5,"Line,Bar,Grid & Matrix",0,1,0,0,0,1,1,0,0,0,0,0,3
v484_n7394_6_f1.png,2882.png,73,0,0,0,1,0,1,S,multipanel,"annotation(s),axes text",0,0,1,0,1,0,0,0,0,0,0,9,5,1,4,"Line,Diagram",0,0,0,1,0,0,1,0,0,0,0,0,2
visMost436.png,2883.png,41.1,0,1,0,0,0,1,I,multipanel,"caption(s),annotation(s),",0,0,0,0,1,1,0,0,0,0,1,13,4,11,6,"Circle,Table.Distribution",0,0,1,0,1,0,0,0,0,1,0,0,3
vis563.png,2884.png,40.8,0,1,0,0,0,1,I,multipanel,"axes text,legend text,caption(s)",0,0,1,0,0,1,1,0,0,0,1,4,4,4,3,"Line,Bar,Map",0,1,0,0,0,0,1,1,0,0,0,0,3
whoN13.png,2885.png,34.1,0,0,1,0,1,0,G,single,text-only,0,0,0,0,0,0,0,0,1,0,0,2,1,2,1,Table,0,0,0,0,0,0,0,0,0,1,0,0,1
vis205.png,2886.png,42.4,0,1,0,0,0,1,I,multipanel,"annotation(s),title(s),caption(s),legend text",0,0,0,1,1,1,1,0,0,0,0,11,0,1,8,"Table,Diagram",0,0,0,1,0,0,0,0,0,1,0,0,2
visMost350.png,2887.png,28.6,0,1,0,0,0,1,I,multipanel,"annotation(s),title(s),caption(s)",0,0,0,1,1,1,0,0,0,0,1,10,1,2,1,"Circle,Diagram",0,0,1,1,0,0,0,0,0,0,0,0,2
whoQ48_5.png,2888.png,33.3,0,0,1,0,1,0,G,single,"legend text,axes text,axes labels,title(s)",0,1,1,1,0,0,1,0,0,0,0,4,2,1,1,Line,0,0,0,0,0,0,1,0,0,0,0,0,1
v485_n7398_16_f2.png,2889.png,60,0,0,0,1,0,1,S,multipanel,"axes text,axes labels,annotation(s),legend text",0,1,1,0,1,0,1,0,0,0,0,5,2,2,4,"Bar,Diagram,Point,Table",0,1,0,1,0,0,0,0,1,1,0,0,4
wsj362.png,2890.png,38.1,1,0,0,0,0,1,N,multipanel,"axes text,annotation(s),caption(s),title(s)",0,0,1,1,1,1,0,0,0,0,1,5,3,1,2,"Bar,Line",0,1,0,0,0,0,1,0,0,0,0,0,2
vis1.png,2891.png,29.1,0,1,0,0,1,0,I,single,"caption(s),legend text,title(s)",0,0,0,1,0,1,1,0,0,0,1,4,2,1,1,"Trees & Networks,Area",1,0,0,0,0,0,0,0,0,0,0,1,2
v483_n7389_19_f1.png,2892.png,67,0,0,0,1,0,1,S,multipanel,"axes text,axes labels,annotation(s)",0,1,1,0,1,0,0,0,0,0,0,11,1,3,13,"Map,Bar,Table",0,1,0,0,0,0,0,1,0,1,0,0,3
visMost378.png,2893.png,33.5,0,1,0,0,1,0,I,single,text-only,0,0,0,0,0,0,0,0,1,0,1,8,1,1,1,Table,0,0,0,0,0,0,0,0,0,1,0,0,1
v489_n7414_30_f3.png,2894.png,72.9,0,0,0,1,0,1,S,multipanel,"axes text,axes labels,legend text,title(s),annotation(s)",0,1,1,1,1,0,1,0,0,1,0,0,5,10,7,"Point,Bar,Line,Table",0,1,0,0,0,0,1,0,1,1,0,0,4
v484_n7394_8_f4.png,2895.png,41.3,0,0,0,1,1,0,S,single,"axes labels,axes text,annotation(s),legend text",0,1,1,0,1,0,1,0,0,1,0,0,2,1,1,"Line,Point",0,0,0,0,0,0,1,0,1,0,0,0,2
wsj438.png,2896.png,41.3,1,0,0,0,0,1,N,multipanel,"annotation(s),title(s),caption(s),axes text",0,0,1,1,1,1,0,0,0,0,1,7,2,2,2,"Bar,Point,Line",0,1,0,0,0,0,1,0,1,0,0,0,3
v489_n7414_1_f7.png,2897.png,76.5,0,0,0,1,0,1,S,multipanel,"caption(s),axes labels",0,1,0,0,0,1,0,0,0,0,0,7,5,6,13,"Point,Map,Diagram",0,0,0,1,0,0,0,1,1,0,0,0,3
vis239.png,2898.png,39.5,0,1,0,0,0,1,I,multipanel,"title(s),axes text,axes labels,caption(s),legend text",0,1,1,1,0,1,1,0,0,0,1,5,8,6,9,"Bar,Area",1,1,0,0,0,0,0,0,0,0,0,0,2
visMost375.png,2899.png,31.2,0,1,0,0,1,0,I,single,"title(s),axes text,annotation(s)",0,0,1,1,1,0,0,0,0,0,1,15,1,1,1,Bar,0,1,0,0,0,0,0,0,0,0,0,0,1
v486_n7401_9_f5.png,2900.png,55.7,0,0,0,1,0,1,S,multipanel,"annotation(s),axes text,axes labels",0,1,1,0,1,0,0,0,0,1,0,0,3,1,2,"Line,Point",0,0,0,0,0,0,1,0,1,0,0,0,2
v489_n7415_6_f3.png,2901.png,34.7,0,0,0,1,0,1,S,multipanel,"annotation(s),axes text,axes labels,title(s)",0,1,1,1,1,0,0,0,0,0,0,2,2,1,2,"Line,Point",0,0,0,0,0,0,1,0,1,0,0,0,2
whoN36.png,2902.png,21,0,0,1,0,1,0,G,single,"title(s),axes text,axes labels",0,1,1,1,0,0,0,0,0,1,0,1,1,1,1,Bar,0,1,0,0,0,0,0,0,0,0,0,0,1
vis220.png,2903.png,57.6,0,1,0,0,0,1,I,multipanel,"title(s),legend text,caption(s),annotation(s)",0,0,0,1,1,1,1,0,0,0,1,8,5,3,3,"Circle,Map,Diagram,Bar",0,1,1,1,0,0,0,1,0,0,0,0,4
wsj347.png,2904.png,31.7,1,0,0,0,1,0,N,single,"title(s),legend text,axes text,axes labels,caption(s)",0,1,1,1,0,1,1,0,0,0,1,7,1,2,1,Bar,0,1,0,0,0,0,0,0,0,0,0,0,1
v486_n7402_10_f2.png,2905.png,48.2,0,0,0,1,0,1,S,multipanel,"title(s),axes text,axes labels",0,1,1,1,0,0,0,0,0,0,0,3,2,1,2,Grid & Matrix,0,0,0,0,0,1,0,0,0,0,0,0,1
wsj421.png,2906.png,33.2,1,0,0,0,1,0,N,single,"title(s),caption(s),axes text,axes labels",0,1,1,1,0,1,0,0,0,0,1,3,1,2,1,"Table,Area",1,0,0,0,0,0,0,0,0,1,0,0,2
vis546.png,2907.png,59.3,0,1,0,0,0,1,I,multipanel,"title(s),caption(s),annotation(s)",0,0,0,1,1,1,0,0,0,0,1,7,13,6,1,"Diagram,Bar,Table,Circle",0,1,1,1,0,0,0,0,0,1,0,0,4
v483_n7391_14_f4.png,2908.png,75.6,0,0,0,1,0,1,S,multipanel,"axes text,axes labels,legend text",0,1,1,0,0,0,1,0,0,0,0,4,3,6,5,"Bar,Diagram",0,1,0,1,0,0,0,0,0,0,0,0,2
visMost413.png,2909.png,79.4,0,1,0,0,1,0,I,single,"title(s),caption(s),annotation(s)",0,0,0,1,1,1,0,0,0,0,0,17,0,1,1,Diagram,0,0,0,1,0,0,0,0,0,0,0,0,1
vis552.png,2910.png,49.8,0,1,0,0,0,1,I,multipanel,"title(s),axes text,axes labels,legend text,caption(s),annotation(s)",0,1,1,1,1,1,1,0,0,0,1,8,15,8,2,"Circle,Diagram,Table,Distribution,Area",1,0,1,1,1,0,0,0,0,1,0,0,5
visMost407.png,2911.png,58.2,0,1,0,0,0,1,I,multipanel,"title(s),axes text,caption(s),annotation(s)",0,0,1,1,1,1,0,0,0,0,1,6,6,9,4,"Circle,Diagram,Map,Bar",0,1,1,1,0,0,0,1,0,0,0,0,4
wsj435.png,2912.png,28.8,1,0,0,0,1,0,N,single,"title(s),legend text,caption(s),axes text",0,0,1,1,0,1,1,0,0,0,1,3,1,2,1,Bar,0,1,0,0,0,0,0,0,0,0,0,0,1
wsj353.png,2913.png,65.9,1,0,0,0,0,1,N,multipanel,"title(s),axes text,caption(s),annotation(s)",0,0,1,1,1,1,0,0,0,0,0,14,3,2,1,"Diagram,Point,Bar",0,1,0,1,0,0,0,0,1,0,0,0,3
visMost361.png,2914.png,54.8,0,1,0,0,0,1,I,multipanel,"caption(s),title(s),axes text,axes labels",0,1,1,1,0,1,0,0,0,0,1,12,8,8,4,"Circle,Table,Bar",0,1,1,0,0,0,0,0,0,1,0,0,3
v488_n7411_12_f4.png,2915.png,50.1,0,0,0,1,1,0,S,single,text-only,0,0,0,0,0,0,0,0,1,1,0,0,4,3,1,Table,0,0,0,0,0,0,0,0,0,1,0,0,1
v485_n7399_17_f4.png,2916.png,37.2,0,0,0,1,1,0,S,single,"axes text,axes labels,annotation(s)",0,1,1,0,1,0,0,0,0,0,0,3,2,1,1,Line,0,0,0,0,0,0,1,0,0,0,0,0,1
whoN22.png,2917.png,43,0,0,1,0,1,0,G,single,"legend text,legend title,caption(s),title(s)",0,0,0,1,0,1,1,1,0,0,0,5,0,1,1,Map,0,0,0,0,0,0,0,1,0,0,0,0,1
v484_n7392_5_f4.png,2918.png,67.6,0,0,0,1,0,1,S,multipanel,"axes text,axes labels,annotation(s),title(s)",0,1,1,1,1,0,0,0,0,0,0,3,7,3,8,"Line,Point",0,0,0,0,0,0,1,0,1,0,0,0,2
visMost349.png,2919.png,48.4,0,1,0,0,1,0,I,single,"title(s),annotation(s),caption(s)",0,0,0,1,1,1,0,0,0,0,1,7,0,2,1,Diagram,0,0,0,1,0,0,0,0,0,0,0,0,1
v484_n7395_1_f5.png,2920.png,73.2,0,0,0,1,0,1,S,multipanel,"legend text,legend title,axes labels,axes text,annotation(s)",0,1,1,0,1,0,1,1,0,0,0,13,6,3,9,"Line,Point,Grid & Matrix",0,0,0,0,0,1,1,0,1,0,0,0,3
wsj409.png,2921.png,19.5,1,0,0,0,1,0,N,single,"axes labels,axes text,title(s),caption(s)",0,1,1,1,0,1,0,0,0,0,1,2,1,1,1,Bar,0,1,0,0,0,0,0,0,0,0,0,0,1
v484_n7394_1_f5.png,2922.png,52.7,0,0,0,1,0,1,S,multipanel,"axes text,axes labels,legend text",0,1,1,0,0,0,1,0,0,1,0,0,3,1,2,"Bar,Point",0,1,0,0,0,0,0,0,1,0,0,0,2
whoQ48_8.png,2923.png,21.5,0,0,1,0,1,0,G,single,"title(s),legend text,axes text",0,0,1,1,0,0,1,0,0,0,0,2,1,2,1,Bar,0,1,0,0,0,0,0,0,0,0,0,0,1
vis208.png,2924.png,62.8,0,1,0,0,1,0,I,single,"title(s),caption(s),annotation(s)",0,0,0,1,1,1,0,0,0,0,1,18,0,2,1,"Table,Diagram",0,0,0,1,0,0,0,0,0,1,0,0,2
v489_n7417_20_f3.png,2925.png,75.7,0,0,0,1,0,1,S,multipanel,"axes labels,axes text,legend text,annotation(s),title(s)",0,1,1,1,1,0,1,0,0,0,0,6,5,8,7,"Table,Bar,Point,Line",0,1,0,0,0,0,1,0,1,1,0,0,4
wsj384.png,2926.png,30.2,1,0,0,0,1,0,N,single,"title(s),caption(s),annotation(s)",0,0,0,1,1,1,0,0,0,0,1,9,0,0,1,"Table,Diagram",0,0,0,1,0,0,0,0,0,1,0,0,2
vis34.png,2927.png,60.4,0,1,0,0,0,1,I,multipanel,"axes text,title(s),caption(s),annotation(s),legend text",0,0,1,1,1,1,1,0,0,0,1,15,5,7,5,"Bar,Circle,Diagram,Area,Table",1,1,1,1,0,0,0,0,0,1,0,0,5
v488_n7410_3_f1.png,2928.png,72.5,0,0,0,1,0,1,S,multipanel,"axes text,axes labels,annotation(s),title(s)",0,1,1,1,1,0,0,0,0,0,0,10,9,4,10,"Bar,Line,Diagram,Point,Table",0,1,0,1,0,0,1,0,1,1,0,0,5
vis585.png,2929.png,77.8,0,1,0,0,0,1,I,multipanel,"title(s),legend text,axes text,caption(s),annotation(s)",0,0,1,1,1,1,1,0,0,0,1,11,8,7,8,"Diagram,Cirlce,Bar,Table",0,1,0,1,0,0,0,0,0,1,0,0,3
economist_daily_chart_212.png,2930.png,38,1,0,0,0,0,1,N,multipanel,"title(s),axes labels,axes text,legend text,caption(s)",0,1,1,1,0,1,1,0,0,0,1,5,3,3,2,Bar,0,1,0,0,0,0,0,0,0,0,0,0,1
v484_n7395_17_f1.png,2931.png,70.8,0,0,0,1,0,1,S,multipanel,"axes text,axes labels,annotation(s)",0,1,1,0,1,0,0,0,0,0,0,15,9,3,4,"Area,Table,Line,Point,Diagram",1,0,0,1,0,0,1,0,1,1,0,0,5
economist_daily_chart_206.png,2932.png,43.5,1,0,0,0,0,1,N,multipanel,"title(s),axes text,axes labels,caption(s),legend text",0,1,1,1,0,1,1,0,0,0,1,9,4,3,2,"Bar,Line",0,1,0,0,0,0,1,0,0,0,0,0,2
vis591.png,2933.png,29.8,0,1,0,0,1,0,I,single,"annotation(s),caption(s),title(s)",0,0,0,1,1,1,0,0,0,0,1,4,4,1,1,Area,1,0,0,0,0,0,0,0,0,0,0,0,1
v487_n7407_13_f5.png,2934.png,61.7,0,0,0,1,0,1,S,multipanel,"annotation(s),title(s)",0,0,0,1,1,0,0,0,0,1,0,0,0,1,4,Diagram,0,0,0,1,0,0,0,0,0,0,0,0,1
v488_n7411_3_f1.png,2935.png,67.1,0,0,0,1,0,1,S,multipanel,"axes text,axes labels,annotation(s),legend text",0,1,1,0,1,0,1,0,0,0,0,20,8,1,11,"Diagram,Point,Line",0,0,0,1,0,0,1,0,1,0,0,0,3
wsj390.png,2936.png,40.1,1,0,0,0,1,0,N,single,"title(s),axes text,annotation(s),caption(s)",0,0,1,1,1,1,0,0,0,0,1,4,2,2,1,Bar,0,1,0,0,0,0,0,0,0,0,0,0,1
whoQ46_7.png,2937.png,29.300000000000004,0,0,1,0,1,0,G,single,"title(s),legend text,axes text",0,0,1,1,0,0,1,0,0,0,0,2,1,2,1,Bar,0,1,0,0,0,0,0,0,0,0,0,0,1
whoB35_1.png,2938.png,42.2,0,0,1,0,0,1,G,multipanel,"text-only,caption(s)",0,0,0,0,0,1,0,0,1,0,0,9,2,3,4,Table,0,0,0,0,0,0,0,0,0,1,0,0,1
v490_n7420_23_f5.png,2939.png,53.5,0,0,0,1,1,0,S,single,"annotation(s),axes text",0,0,1,0,1,0,0,0,0,0,0,6,0,0,1,Diagram,0,0,0,1,0,0,0,0,0,0,0,0,1
v484_n7394_11_f3.png,2940.png,63.8,0,0,0,1,0,1,S,multipanel,"annotation(s),axes labels",0,1,0,0,1,0,0,0,0,1,0,0,0,1,6,Line,0,0,0,0,0,0,1,0,0,0,0,0,1
v489_n7415_17_f1.png,2941.png,44.1,0,0,0,1,0,1,S,multipanel,"axes text,axes labels,title(s)",0,1,1,1,0,0,0,0,0,0,0,7,2,1,1,Point,0,0,0,0,0,0,0,0,1,0,0,0,1
v487_n7405_2_f2.png,2942.png,70.1,0,0,0,1,0,1,S,multipanel,"axes text,axes labels,title(s),annotation(s)",0,1,1,1,1,0,0,0,0,0,0,5,3,6,5,"Bar,Line,Point",0,1,0,0,0,0,1,0,1,0,0,0,3
v488_n7412_23_f4.png,2943.png,77.5,0,0,0,1,0,1,S,multipanel,"axes labels,legend text,annotation(s),axes text",0,1,1,0,1,0,1,0,0,0,0,8,5,8,8,"Diagram,Bar,Table",0,1,0,1,0,0,0,0,0,1,0,0,3
v490_n7419_11_f1.png,2944.png,69.9,0,0,0,1,1,0,S,single,"axes text,axes labels,legend title,legend text,annotation(s)",0,1,1,0,1,0,1,1,0,0,1,6,3,0,1,"Grid & Matrix,Point",0,0,0,0,0,1,0,0,1,0,0,0,2
v484_n7395_19_f4.png,2945.png,72.8,0,0,0,1,0,1,S,multipanel,"legend text,axes text,axes labels,annotation(s)",0,1,1,0,1,0,1,0,0,0,0,9,0,4,2,"Bar,Table",0,1,0,0,0,0,0,0,0,1,0,0,2
v486_n7401_21_f2.png,2946.png,75.3,0,0,0,1,0,1,S,multipanel,"annotation(s),title(s)",0,0,0,1,1,0,0,0,0,0,0,8,0,1,3,"Diagram,Table",0,0,0,1,0,0,0,0,0,1,0,0,2
whoJ15_2.png,2947.png,19.5,0,0,1,0,1,0,G,single,text-only,0,0,0,0,0,0,0,0,1,0,0,2,3,1,1,Table,0,0,0,0,0,0,0,0,0,1,0,0,1
whoB13_2.png,2948.png,55.6,0,0,1,0,1,0,G,single,"title(s),caption(s),annotation(s)",0,0,0,1,1,1,0,0,0,0,0,11,2,2,1,"Circle,Area",1,0,1,0,0,0,0,0,0,0,0,0,2
visMost611.png,2949.png,59.7,0,1,0,0,0,1,I,multipanel,"title(s),axes text,caption(s),annotation(s)",0,0,1,1,1,1,0,0,0,0,1,10,4,2,1,"Diagram,Bar,Distribution,Table",0,1,0,1,1,0,0,0,0,1,0,0,4
vis744.png,2950.png,65.7,0,1,0,0,0,1,I,multipanel,"title(s),axes text,annotation(s),caption(s)",0,0,1,1,1,1,0,0,0,0,1,15,5,6,5,"Diagram,Table,Circle",0,0,1,1,0,0,0,0,0,1,0,0,3
v484_n7392_13_f1.png,2951.png,83.3,0,0,0,1,1,0,S,single,"axes text,axes labels,annotation(s),legend text",0,1,1,0,1,0,1,0,0,0,0,17,7,3,1,"Line,Point,Grid & Matrix",0,0,0,0,0,1,1,0,1,0,0,0,3
v483_n7388_1_f3.png,2952.png,66.2,0,0,0,1,0,1,S,multipanel,"axes labels,axes text,legend text,title(s)",0,1,1,1,0,0,1,0,0,0,0,5,4,4,2,"Table,Line,Point",0,0,0,0,0,0,1,0,1,1,0,0,3
wsj145.png,2953.png,58,1,0,0,0,1,0,N,single,"title(s),annotation(s),caption(s)",0,0,0,1,1,1,0,0,0,0,1,7,0,1,1,Diagram,0,0,0,1,0,0,0,0,0,0,0,0,1
visMost177.png,2954.png,65.2,0,1,0,0,0,1,I,multipanel,"title(s),annotation(s),caption(s)",0,0,0,1,1,1,0,0,0,0,1,17,2,6,6,"Diagram,Table,Bar",0,1,0,1,0,0,0,0,0,1,0,0,3
visMost163.png,2955.png,61.1,0,1,0,0,0,1,I,multipanel,"title(s),text-only",0,0,0,1,0,0,0,0,1,0,1,10,0,1,5,"Diagram,Table",0,0,0,1,0,0,0,0,0,1,0,0,2
v483_n7389_1_f3.png,2956.png,69,0,0,0,1,0,1,S,multipanel,"legend text,axes text",0,0,1,0,0,0,1,0,0,0,0,13,0,5,25,"Diagram,Table",0,0,0,1,0,0,0,0,0,1,0,0,2
v489_n7414_27_f2.png,2957.png,72.1,0,0,0,1,0,1,S,multipanel,"axes text,axes labels",0,1,1,0,0,0,0,0,0,0,0,3,2,4,7,"Bar,Distribution",0,1,0,0,1,0,0,0,0,0,0,0,2
wsj151.png,2958.png,33.4,1,0,0,0,0,1,N,multipanel,"title(s),caption(s),axes text,axes labels",0,1,1,1,0,1,0,0,0,0,1,6,3,1,2,"Circle,Line",0,0,1,0,0,0,1,0,0,0,0,0,2
v485_n7400_12_f1.png,2959.png,73.9,0,0,0,1,0,1,S,multipanel,"title(s),annotation(s)",0,0,0,1,1,0,0,0,0,0,0,14,2,3,5,"Diagram,Table",0,0,0,1,0,0,0,0,0,1,0,0,2
visMost78.png,2960.png,50.5,0,1,0,0,1,0,I,single,"title(s),text-only,caption(s),annotation(s)",0,0,0,1,1,1,0,0,1,0,1,22,0,1,9,"Diagram,Table",0,0,0,1,0,0,0,0,0,1,0,0,2
visMost605.png,2961.png,55.2,0,1,0,0,1,0,I,single,"title(s),text-only,annotation(s),caption(s)",0,0,0,1,1,1,0,0,1,0,0,17,0,1,1,Diagram,0,0,0,1,0,0,0,0,0,0,0,0,1
vis988.png,2962.png,51,0,1,0,0,1,0,I,single,"title(s),text-only,caption(s)",0,0,0,1,0,1,0,0,1,0,1,6,0,1,1,Diagram,0,0,0,1,0,0,0,0,0,0,0,0,1
v490_n7418_21_f2.png,2963.png,68.9,0,0,0,1,0,1,S,multipanel,"annotation(s),title(s)",0,0,0,1,1,0,0,0,0,0,0,7,1,1,8,"Diagram,Table",0,0,0,1,0,0,0,0,0,1,0,0,2
vis750.png,2964.png,54.3,0,1,0,0,0,1,I,multipanel,"title(s),caption(s),legend text,axes text,annotation(s)",0,0,1,1,1,1,1,0,0,0,1,11,5,5,3,"Circle,Bar,Area,Table",1,1,1,0,0,0,0,0,0,1,0,0,4
visMost50.png,2965.png,67,0,1,0,0,1,0,I,single,"title(s),axes text,legend text,caption(s)",0,0,1,1,0,1,1,0,0,0,1,20,0,4,1,"Circle,Grid & Matrix",0,0,1,0,0,1,0,0,0,0,0,0,2
vis778.png,2966.png,50.4,0,1,0,0,0,1,I,multipanel,"title(s),text-only,caption(s),annotation(s)",0,0,0,1,1,1,0,0,1,0,0,5,0,3,3,Table,0,0,0,0,0,0,0,0,0,1,0,0,1
whoL08.png,2967.png,31.6,0,0,1,0,1,0,G,single,"caption(s),axes text,title(s),axes labels",0,1,1,1,0,1,0,0,0,0,0,2,0,1,1,Table,0,0,0,0,0,0,0,0,0,1,0,0,1
wsj179.png,2968.png,61.3,1,0,0,0,0,1,N,multipanel,"title(s),axes labels,axes text,caption(s)",0,1,1,1,0,1,0,0,0,0,1,9,1,3,2,"Bar,Table",0,1,0,0,0,0,0,0,0,1,0,0,2
v484_n7393_15_f3.png,2969.png,75,0,0,0,1,0,1,S,multipanel,"axes text,axes labels,annotation(s),title(s)",0,1,1,1,1,0,0,0,0,0,0,11,5,5,9,"Bar,Line,Table,Point",0,1,0,0,0,0,1,0,1,1,0,0,4
whoC28_1.png,2970.png,24,0,0,1,0,0,1,G,multipanel,"title(s),caption(s),annotation(s)",0,0,0,1,1,1,0,0,0,0,0,5,1,1,1,Circle,0,0,1,0,0,0,0,0,0,0,0,0,1
v482_n7386_8_f2.png,2971.png,41.2,0,0,0,1,0,1,S,multipanel,"annotation(s),axes text,title(s),axes labels",0,1,1,1,1,0,0,0,0,0,0,3,2,1,4,"Area,Diagram,Point,Line",1,0,0,1,0,0,1,0,1,0,0,0,4
v487_n7408_12_f5.png,2972.png,41.9,0,0,0,1,1,0,S,single,text-only,0,0,0,0,0,0,0,0,1,1,0,0,7,2,1,Table,0,0,0,0,0,0,0,0,0,1,0,0,1
v488_n7412_15_f5.png,2973.png,62.3,0,0,0,1,0,1,S,multipanel,"legend text,axes text,axes labels,title(s)",0,1,1,1,0,0,1,0,0,1,0,0,1,2,8,"Diagram,Bar",0,1,0,1,0,0,0,0,0,0,0,0,2
visMost44.png,2974.png,58.9,0,1,0,0,0,1,I,multipanel,"title(s),text-only,annotation(s),caption(s)",0,0,0,1,1,1,0,0,1,0,1,10,6,4,1,"Diagram,Table",0,0,0,1,0,0,0,0,0,1,0,0,2
visMost639.png,2975.png,57.4,0,1,0,0,0,1,I,multipanel,"title(s),text-only",0,0,0,1,0,0,0,0,1,0,1,13,0,0,2,"Circle,Diagram",0,0,1,1,0,0,0,0,0,0,0,0,2
v490_n7420_15_f4.png,2976.png,48.3,0,0,0,1,0,1,S,multipanel,"axes text,axes labels,legend text,title(s)",0,1,1,1,0,0,1,0,0,0,0,2,4,2,5,"Bar,Line",0,1,0,0,0,0,1,0,0,0,0,0,2
v485_n7396_18_f1.png,2977.png,74.4,0,0,0,1,0,1,S,multipanel,"axes text,axes labels,annotation(s),title(s)",0,1,1,1,1,0,0,0,0,0,0,12,1,1,11,"Bar,Diagram,Table",0,1,0,1,0,0,0,0,0,1,0,0,3
vis787.png,2978.png,47.8,0,1,0,0,0,1,I,multipanel,"text-only,title(s),caption(s)",0,0,0,1,0,1,0,0,1,0,0,4,5,2,1,"Diagram,Distribution,Circle,Table",0,0,1,1,1,0,0,0,0,1,0,0,4
v483_n7388_20_f3.png,2979.png,77.8,0,0,0,1,0,1,S,multipanel,"axes text,axes labels,legend text",0,1,1,0,0,0,1,0,0,0,0,8,5,8,14,"Bar,Point,Table,Diagram",0,1,0,1,0,0,0,0,1,1,0,0,4
economist_daily_chart_14.png,2980.png,52.4,1,0,0,0,0,1,N,multipanel,"axes labels,axes text,title(s),caption(s),annotation(s)",0,1,1,1,1,1,0,0,0,0,1,6,4,3,4,"Bar,Table,Map,Distribution",0,1,0,0,1,0,0,1,0,1,0,0,4
wsj186.png,2981.png,34.2,1,0,0,0,0,1,N,multipanel,"title(s),axes text,axes labels,annotation(s),caption(s)",0,1,1,1,1,1,0,0,0,0,1,4,3,1,2,"Bar,Table,Area,Line",1,1,0,0,0,0,1,0,0,1,0,0,4
wsj192.png,2982.png,34.4,1,0,0,0,0,1,N,multipanel,"title(s),legend text,legend title,caption(s),axes text",0,0,1,1,0,1,1,1,0,0,1,8,2,1,2,Line,0,0,0,0,0,0,1,0,0,0,0,0,1
v485_n7398_29_f2.png,2983.png,68.3,0,0,0,1,0,1,S,multipanel,"annotation(s),title(s)",0,0,0,1,1,0,0,0,0,0,0,7,0,1,4,"Diagram,Table",0,0,0,1,0,0,0,0,0,1,0,0,2
treasuryK03_2.png,2984.png,25.4,0,0,1,0,1,0,G,single,"title(s),axes text,caption(s)",0,0,1,1,0,1,0,0,0,0,0,2,1,1,1,Bar,0,1,0,0,0,0,0,0,0,0,0,0,1
vis793.png,2985.png,35.2,0,1,0,0,0,1,I,multipanel,"title(s),text-only,annotation(s),caption(s)",0,0,0,1,1,1,0,0,1,0,1,4,1,1,2,"Diagram,Table",0,0,0,1,0,0,0,0,0,1,0,0,2
visMost93.png,2986.png,66.6,0,1,0,0,1,0,I,single,"title(s),annotation(s),caption(s)",0,0,0,1,1,1,0,0,0,0,0,29,0,5,1,"Diagram,Circle",0,0,1,1,0,0,0,0,0,0,0,0,2
vis963.png,2987.png,45.3,0,1,0,0,0,1,I,multipanel,"title(s),axes text,caption(s),annotation(s)",0,0,1,1,1,1,0,0,0,0,1,8,7,7,7,"Circle,Table,Bar,Diagram",0,1,1,1,0,0,0,0,0,1,0,0,4
treasuryD09.png,2988.png,44.3,0,0,1,0,1,0,G,single,"title(s),caption(s),text-only",0,0,0,1,0,1,0,0,1,0,0,3,7,6,1,Table,0,0,0,0,0,0,0,0,0,1,0,0,1
v488_n7409_4_f7.png,2989.png,38.4,0,0,0,1,0,1,S,multipanel,"axes text,axes labels",0,1,1,0,0,0,0,0,0,0,0,5,4,1,2,"Point,Line",0,0,0,0,0,0,1,0,1,0,0,0,2
economist_daily_chart_28.png,2990.png,21.7,1,0,0,0,1,0,N,single,"title(s),axes text,axes labels,caption(s)",0,1,1,1,0,1,0,0,0,0,0,3,2,1,1,Bar,0,1,0,0,0,0,0,0,0,0,0,0,1
v490_n7420_2_f5.png,2991.png,72.4,0,0,0,1,0,1,S,multipanel,"axes text,axes labels,annotation(s),title(s),caption(s)",0,1,1,1,1,1,0,0,0,0,0,8,1,3,4,"Diagram,Bar,Table",0,1,0,1,0,0,0,0,0,1,0,0,3
visMost188.png,2992.png,50,0,1,0,0,0,1,I,multipanel,"title(s),text-only,annotation(s),caption(s)",0,0,0,1,1,1,0,0,1,0,1,18,3,7,4,"Diagram,Table,Bar",0,1,0,1,0,0,0,0,0,1,0,0,3
whoQ44_5.png,2993.png,20.4,0,0,1,0,1,0,G,single,"title(s),axes text,legend text,axes labels",0,1,1,1,0,0,1,0,0,0,0,1,2,0,1,Line,0,0,0,0,0,0,1,0,0,0,0,0,1
v485_n7398_5_f3.png,2994.png,70.7,0,0,0,1,0,1,S,multipanel,"axes text,axes labels,legend text,title(s)",0,1,1,1,0,0,1,0,0,0,0,10,4,4,6,"Diagram,Bar",0,1,0,1,0,0,0,0,0,0,0,0,2
treasuryL08_1.png,2995.png,25.300000000000004,0,0,1,0,1,0,G,single,"text-only,caption(s)",0,0,0,0,0,1,0,0,1,0,0,1,3,1,1,Table,0,0,0,0,0,0,0,0,0,1,0,0,1
v488_n7409_20_f1.png,2996.png,81.9,0,0,0,1,0,1,S,multipanel,"title(s),axes text,axes labels,legend text",0,1,1,1,0,0,1,0,0,0,0,7,2,10,8,"Bar,Diagram,Grid & Matrix,Table",0,1,0,1,0,1,0,0,0,1,0,0,4
visMost87.png,2997.png,40.8,0,1,0,0,0,1,I,multipanel,"title(s),axes text,axes labels,caption(s),annotation(s)",0,1,1,1,1,1,0,0,0,0,1,3,5,4,2,"Bar,Circle,Table",0,1,1,0,0,0,0,0,0,1,0,0,3
v483_n7387_17_f2.png,2998.png,72.4,0,0,0,1,0,1,S,multipanel,"axes text,axes labels,title(s)",0,1,1,1,0,0,0,0,0,1,0,0,1,12,6,"Table,Grid & Matrix",0,0,0,0,0,1,0,0,0,1,0,0,2
vis977.png,2999.png,59,0,1,0,0,0,1,I,multipanel,"title(s),axes labels,axes text",0,1,1,1,0,0,0,0,0,0,1,20,4,6,5,"Table,Point,Bar,Area",1,1,0,0,0,0,0,0,1,1,0,0,4
vis630.png,3000.png,28.8,0,1,0,0,1,0,I,single,"caption(s),annotation(s)",0,0,0,0,1,1,0,0,0,0,0,4,1,0,2,"Circle,Bar,Area",1,1,1,0,0,0,0,0,0,0,0,0,3
whoJ26.png,3001.png,50.1,0,0,1,0,0,1,G,multipanel,"title(s),axes text,axes labels,legend title,legend text,caption(s)",0,1,1,1,0,1,1,1,0,0,0,8,4,3,4,"Bar,Point,Map,Point",0,1,0,0,0,0,0,1,1,0,0,0,3
visMost765.png,3002.png,79.8,0,1,0,0,1,0,I,single,"title(s),caption(s),annotation(s),axes text,legend text",0,0,1,1,1,1,1,0,0,0,1,10,1,2,1,Diagram,0,0,0,1,0,0,0,0,0,0,0,0,1
vis156.png,3003.png,34.4,0,1,0,0,1,0,I,single,"title(s),axes text,caption(s),annotation(s)",0,0,1,1,1,1,0,0,0,0,1,7,0,2,1,Diagram,0,0,0,1,0,0,0,0,0,0,0,0,1
vis142.png,3004.png,64.9,0,1,0,0,0,1,I,multipanel,"title(s),axes text,axes labels,caption(s),legend text",0,1,1,1,0,1,1,0,0,0,1,9,5,7,10,"Map,Bar,Area,Table",1,1,0,0,0,0,0,1,0,1,0,0,4
v485_n7400_10_f4.png,3005.png,38.1,0,0,0,1,0,1,S,multipanel,"axes text,axes labels,title(s)",0,1,1,1,0,0,0,0,0,0,0,1,7,0,4,Point,0,0,0,0,0,0,0,0,1,0,0,0,1
v488_n7413_11_f2.png,3006.png,40.6,0,0,0,1,0,1,S,multipanel,"axes text,axes labels,title(s),annotation(s)",0,1,1,1,1,0,0,0,0,0,0,4,3,0,4,Point,0,0,0,0,0,0,0,0,1,0,0,0,1
np_2.png,3007.png,21,1,0,0,0,1,0,N,single,"title(s),caption(s)",0,0,0,1,0,1,0,0,0,0,1,7,0,0,1,Diagram,0,0,0,1,0,0,0,0,0,0,0,0,1
vis624.png,3008.png,40.9,0,1,0,0,0,1,I,multipanel,"title(s),caption(s),annotation(s),axes text",0,0,1,1,1,1,0,0,0,0,1,2,6,4,7,"Circle,Diagram,Map",0,0,1,1,0,0,0,1,0,0,0,0,3
v484_n7393_19_f3.png,3009.png,51.5,0,0,0,1,0,1,S,multipanel,"axes text,axes labels,title(s)",0,1,1,1,0,0,0,0,0,1,0,0,2,2,3,"Grid & Matrix,Diagram,Distribution",0,0,0,1,1,1,0,0,0,0,0,0,3
whoJ32.png,3010.png,29.2,0,0,1,0,1,0,G,single,"title(s),axes labels,axes text,caption(s)",0,1,1,1,0,1,0,0,0,0,0,3,1,1,1,Bar,0,1,0,0,0,0,0,0,0,0,0,0,1
visMost771.png,3011.png,56.1,0,1,0,0,0,1,I,multipanel,"title(s),caption(s),annotation(s)",0,0,0,1,1,1,0,0,0,0,1,7,5,1,1,Diagram,0,0,0,1,0,0,0,0,0,0,0,0,1
visMost759.png,3012.png,55.3,0,1,0,0,0,1,I,multipanel,"title(s),caption(s),annotation(s)",0,0,0,1,1,1,0,0,0,0,1,13,10,5,7,"Diagram,Table",0,0,0,1,0,0,0,0,0,1,0,0,2
v487_n7407_3_f5.png,3013.png,17.1,0,0,0,1,1,0,S,single,"axes text,axes labels",0,1,1,0,0,0,0,0,0,1,0,0,4,1,1,Table,0,0,0,0,0,0,0,0,0,1,0,0,1
v487_n7406_21_f3.png,3014.png,58.2,0,0,0,1,0,1,S,multipanel,"axes text,axes labels,legend text,title(s)",0,1,1,1,0,0,1,0,0,1,0,0,6,2,9,"Bar,Line,Area",1,1,0,0,0,0,1,0,0,0,0,0,3
whoH12_1.png,3015.png,37.5,0,0,1,0,0,1,G,multipanel,"title(s),axes text,axes labels,annotation(s),legend text",0,1,1,1,1,0,1,0,0,0,0,6,3,1,1,Point,0,0,0,0,0,0,0,0,1,0,0,0,1
v490_n7420_17_f1.png,3016.png,79.3,0,0,0,1,0,1,S,multipanel,"axes text,axes labels,annotation(s),title(s),legend text",0,1,1,1,1,0,1,0,0,0,0,6,8,4,20,"Area,Line,Point,Bar",1,1,0,0,0,0,1,0,1,0,0,0,4
treasuryL14.png,3017.png,24.6,0,0,1,0,1,0,G,single,"title(s),axes text,axes labels,text-only",0,1,1,1,0,0,0,0,1,0,0,1,1,1,1,Table,0,0,0,0,0,0,0,0,0,1,0,0,1
vis618.png,3018.png,32.4,0,1,0,0,1,0,I,single,"title(s),legend text,legend title,annotation(s)",0,0,0,1,1,0,1,1,0,0,0,3,1,2,1,Map,0,0,0,0,0,0,0,1,0,0,0,0,1
v487_n7406_3_f5.png,3019.png,65.3,0,0,0,1,0,1,S,multipanel,annotation(s),0,0,0,0,1,0,0,0,0,0,0,5,0,0,1,Diagram,0,0,0,1,0,0,0,0,0,0,0,0,1
economist_daily_chart_164.png,3020.png,27.3,1,0,0,0,0,1,N,multipanel,"annotation(s),axes text,title(s)",0,0,1,1,1,0,0,0,0,0,0,1,3,1,2,"Table,Map",0,0,0,0,0,0,0,1,0,1,0,0,2
v485_n7398_9_f3.png,3021.png,48.4,0,0,0,1,0,1,S,multipanel,"legend text,axes text,axes labels,annotation(s),title(s)",0,1,1,1,1,0,1,0,0,0,0,8,5,1,3,"Line,Grid & Matrix,Point",0,0,0,0,0,1,1,0,1,0,0,0,3
vis195.png,3022.png,53.2,0,1,0,0,0,1,I,multipanel,"axes labels,title(s),axes text,caption(s),annotation(s)",0,1,1,1,1,1,0,0,0,0,1,10,6,5,7,"Bar,Distribution,Table,Diagram,Text",0,1,0,1,1,0,0,0,0,1,1,0,5
v485_n7399_9_f3.png,3023.png,58.9,0,0,0,1,0,1,S,multipanel,"annotation(s),title(s)",0,0,0,1,1,0,0,0,0,0,0,5,0,0,5,"Area,Circle",1,0,1,0,0,0,0,0,0,0,0,0,2
vis181.png,3024.png,51.4,0,1,0,0,0,1,I,multipanel,"title(s),caption(s),annotation(s)",0,0,0,1,1,1,0,0,0,0,1,12,13,7,1,Diagram,0,0,0,1,0,0,0,0,0,0,0,0,1
economist_daily_chart_170.png,3025.png,35.1,1,0,0,0,1,0,N,single,"legend text,caption(s),axes labels,axes text",0,1,1,0,0,1,1,0,0,0,0,6,1,2,1,Bar,0,1,0,0,0,0,0,0,0,0,0,0,1
v487_n7405_10_f3.png,3026.png,42.8,0,0,0,1,0,1,S,multipanel,"axes labels,axes text,legend text,title(s)",0,1,1,1,0,0,1,0,0,0,0,8,6,0,3,"Point,Line,Diagram",0,0,0,1,0,0,1,0,1,0,0,0,3
vis817.png,3027.png,37.2,0,1,0,0,0,1,I,multipanel,"title(s),caption(s),annotation(s)",0,0,0,1,1,1,0,0,0,0,1,9,5,2,5,"Diagram,Table",0,0,0,1,0,0,0,0,0,1,0,0,2
economist_daily_chart_158.png,3028.png,35.4,1,0,0,0,0,1,N,multipanel,"title(s),axes text,axes labels,caption(s),legend text,annotation(s)",0,1,1,1,1,1,1,0,0,0,1,5,5,1,2,"Line,Bar",0,1,0,0,0,0,1,0,0,0,0,0,2
v489_n7416_9_f1.png,3029.png,58.7,0,0,0,1,0,1,S,multipanel,"legend text,axes text,axes labels,title(s)",0,1,1,1,0,0,1,0,0,0,0,11,4,0,2,"Diagram,Point",0,0,0,1,0,0,0,0,1,0,0,0,2
v485_n7398_25_f2.png,3030.png,74.8,0,0,0,1,0,1,S,multipanel,"axes text,axes labels,legend text,title(s)",0,1,1,1,0,0,1,0,0,0,0,8,2,8,13,"Distribution,Line,Bar,Diagram",0,1,0,1,1,0,1,0,0,0,0,0,4
v488_n7410_20_f2.png,3031.png,76.9,0,0,0,1,0,1,S,multipanel,"axes text,axes labels,legend text,annotation(s),title(s)",0,1,1,1,1,0,1,0,0,0,0,8,4,2,11,"Bar,Diagram",0,1,0,1,0,0,0,0,0,0,0,0,2
v488_n7409_6_f2.png,3032.png,51.8,0,0,0,1,0,1,S,multipanel,"axes text,axes labels,title(s),legend text,legend title",0,1,1,1,0,0,1,1,0,0,0,9,5,0,3,"Line,Distribution",0,0,0,0,1,0,1,0,0,0,0,0,2
v489_n7417_9_f1.png,3033.png,75.1,0,0,0,1,0,1,S,multipanel,"annotation(s),axes text,axes labels,legend text,title(s)",0,1,1,1,1,0,1,0,0,0,0,10,3,4,7,"Line,Point,Diagram",0,0,0,1,0,0,1,0,1,0,0,0,3
whoK13_1.png,3034.png,33.5,0,0,1,0,1,0,G,single,"title(s),axes labels,axes text,caption(s),annotation(s)",0,1,1,1,1,1,0,0,0,0,0,2,2,2,1,Bar,0,1,0,0,0,0,0,0,0,0,0,0,1
v488_n7409_22_f4.png,3035.png,74,0,0,0,1,0,1,S,multipanel,"axes text,axes labels,title(s),legend text,legend title",0,1,1,1,0,0,1,1,0,0,0,14,8,5,10,"Bar,Distribution,Grid & Matrix,Line",0,1,0,0,1,1,1,0,0,0,0,0,4
v485_n7396_14_f1.png,3036.png,54.4,0,0,0,1,0,1,S,multipanel,"annotation(s),title(s)",0,0,0,1,1,0,0,0,0,0,0,9,0,1,2,Diagram,0,0,0,1,0,0,0,0,0,0,0,0,1
vis803.png,3037.png,61.4,0,1,0,0,0,1,I,multipanel,"title(s),caption(s),annotation(s),axes text,axes labels",0,1,1,1,1,1,0,0,0,0,1,8,8,6,11,"Diagram,Circle,Area,Bar,Table",1,1,1,1,0,0,0,0,0,1,0,0,5
whoQ42_3.png,3038.png,26.2,0,0,1,0,0,1,G,multipanel,"title(s),axes text,axes labels,legend text",0,1,1,1,0,0,1,0,0,0,0,2,2,1,1,Area,1,0,0,0,0,0,0,0,0,0,0,0,1
vis354.png,3039.png,51,0,1,0,0,0,1,I,multipanel,"title(s),caption(s),annotation(s),axes text",0,0,1,1,1,1,0,0,0,0,1,9,8,5,7,"Diagram,Table,Circle,Distribution,Bar",0,1,1,1,1,0,0,0,0,1,0,0,5
visMost201.png,3040.png,52.2,0,1,0,0,0,1,I,multipanel,"title(s),annotation(s),caption(s),axes text,axes labels",0,1,1,1,1,1,0,0,0,0,1,7,6,4,7,"Map,Diagram,Table",0,0,0,1,0,0,0,1,0,1,0,0,3
wsj233.png,3041.png,24.4,1,0,0,0,1,0,N,single,"title(s),caption(s),axes text",0,0,1,1,0,1,0,0,0,0,1,11,1,2,1,Table,0,0,0,0,0,0,0,0,0,1,0,0,1
wsj555.png,3042.png,34.9,1,0,0,0,0,1,N,multipanel,"title(s),axes text,caption(s)",0,0,1,1,0,1,0,0,0,0,1,3,4,0,3,"Bar,Area",1,1,0,0,0,0,0,0,0,0,0,0,2
visMost567.png,3043.png,60.3,0,1,0,0,1,0,I,single,"title(s),caption(s),annotation(s),axes text",0,0,1,1,1,1,0,0,0,0,1,14,1,3,8,"Table,Map,Diagram",0,0,0,1,0,0,0,1,0,1,0,0,3
vis432.png,3044.png,64.2,0,1,0,0,0,1,I,multipanel,"title(s),caption(s),annotation(s),axes text",0,0,1,1,1,1,0,0,0,0,1,9,1,6,5,"Diagram,Table",0,0,0,1,0,0,0,0,0,1,0,0,2
visMost573.png,3045.png,67.7,0,1,0,0,1,0,I,single,"title(s),caption(s),annotation(s),legend title,legend text",0,0,0,1,1,1,1,1,0,0,1,7,0,3,1,"Map,Circle,Area",1,0,1,0,0,0,0,1,0,0,0,0,3
v490_n7419_1_f12.png,3046.png,44.6,0,0,0,1,0,1,S,multipanel,annotation(s),0,0,0,0,1,0,0,0,0,1,0,0,3,1,1,Diagram,0,0,0,1,0,0,0,0,0,0,0,0,1
vis426.png,3047.png,52.9,0,1,0,0,1,0,I,single,"title(s),caption(s),annotation(s),axes text",0,0,1,1,1,1,0,0,0,0,1,7,4,3,5,"Diagram,Table",0,0,0,1,0,0,0,0,0,1,0,0,2
wsj541.png,3048.png,43.9,1,0,0,0,0,1,N,multipanel,"title(s),axes text,axes labels,caption(s),annotation(s)",0,1,1,1,1,1,0,0,0,0,1,4,4,0,2,Line,0,0,0,0,0,0,1,0,0,0,0,0,1
v484_n7392_7_f1.png,3049.png,61.8,0,0,0,1,0,1,S,multipanel,"axes text,axes labels,annotation(s),title(s)",0,1,1,1,1,0,0,0,0,1,0,0,5,1,3,"Point,Distribution,Area",1,0,0,0,1,0,0,0,1,0,0,0,3
wsj227.png,3050.png,41.2,1,0,0,0,0,1,N,multipanel,"title(s),axes text,caption(s),annotation(s)",0,0,1,1,1,1,0,0,0,0,1,3,2,0,2,Line,0,0,0,0,0,0,1,0,0,0,0,0,1
vis340.png,3051.png,62.2,0,1,0,0,0,1,I,multipanel,"title(s),caption(s),annotation(s),legend text",0,0,0,1,1,1,1,0,0,0,1,4,4,4,5,"Circle,Diagram",0,0,1,1,0,0,0,0,0,0,0,0,2
treasuryI04_1.png,3052.png,55.5,0,0,1,0,1,0,G,single,"title(s),axes text,axes labels,annotation(s),caption(s),legend text",0,1,1,1,1,1,1,0,0,1,1,0,2,1,1,Bar,0,1,0,0,0,0,0,0,0,0,0,0,1
visMost215.png,3053.png,44.9,0,1,0,0,1,0,I,single,"title(s),annotation(s)",0,0,0,1,1,0,0,0,0,0,1,8,0,1,1,Map,0,0,0,0,0,0,0,1,0,0,0,0,1
vis368.png,3054.png,51.5,0,1,0,0,0,1,I,multipanel,"title(s),caption(s),annotation(s),axes text",0,0,1,1,1,1,0,0,0,0,1,8,5,4,11,"Diagram,Grid & Matrix,Circle,Area",1,0,1,1,0,1,0,0,0,0,0,0,4
wsj23.png,3055.png,43.4,1,0,0,0,0,1,N,multipanel,"title(s),caption(s),annotation(s),axes text",0,0,1,1,1,1,0,0,0,0,1,5,2,0,6,Bar,0,1,0,0,0,0,0,0,0,0,0,0,1
whoH18.png,3056.png,14.6,0,0,1,0,0,1,G,multipanel,"title(s),axes text,axes labels,legend text",0,1,1,1,0,0,1,0,0,0,1,5,2,1,1,Bar,0,1,0,0,0,0,0,0,0,0,0,0,1
whoB08_1.png,3057.png,4.2,0,0,1,0,1,0,G,single,"title(s),annotation(s),caption(s),axes text",0,0,1,1,1,1,0,0,0,0,1,4,1,1,1,Circle,0,0,1,0,0,0,0,0,0,0,0,0,1
v483_n7390_10_f3.png,3058.png,70,0,0,0,1,0,1,S,multipanel,"axes labels,axes text,title(s)",0,1,1,1,0,0,0,0,0,1,0,0,4,1,5,"Line,Diagram",0,0,0,1,0,0,1,0,0,0,0,0,2
wsj569.png,3059.png,19.9,1,0,0,0,1,0,N,single,"title(s),axes labels,axes text,caption(s),annotation(s)",0,1,1,1,1,1,0,0,0,0,1,3,3,1,1,Line,0,0,0,0,0,0,1,0,0,0,0,0,1
economist_daily_chart_399.png,3060.png,34.3,1,0,0,0,1,0,N,single,"title(s),axes text,axes labels,caption(s),annotation(s)",0,1,1,1,1,1,0,0,0,0,1,3,2,0,1,"Bar,Line",0,1,0,0,0,0,1,0,0,0,0,0,2
v489_n7414_1_f10.png,3061.png,63.2,0,0,0,1,0,1,S,multipanel,"axes text,axes labels,legend text,annotation(s)",0,1,1,0,1,0,1,0,0,1,1,7,3,5,4,"Bar,Table,Distribution,Area,Point",1,1,0,0,1,0,0,0,1,1,0,0,5
v484_n7393_9_f4.png,3062.png,67.9,0,0,0,1,0,1,S,multipanel,"axes labels,axes text,legend text,title(s),caption(s)",0,1,1,1,0,1,1,0,0,1,0,0,5,2,4,"Map,Line,Distribution",0,0,0,0,1,0,1,1,0,0,0,0,3
wsj37.png,3063.png,62.4,1,0,0,0,0,1,N,multipanel,"axes labels,axes text,title(s),caption(s),annotation(s)",0,1,1,1,1,1,0,0,0,0,1,4,6,2,5,"Bar,Line",0,1,0,0,0,0,1,0,0,0,0,0,2
whoH10_3.png,3064.png,26.2,0,0,1,0,0,1,G,multipanel,"axes text,axes labels,title(s),annotation(s)",0,1,1,1,1,0,0,0,0,1,0,0,1,1,1,Bar,0,1,0,0,0,0,0,0,0,0,0,0,1
whoQ18_4.png,3065.png,23.2,0,0,1,0,1,0,G,single,"caption(s),axes text,axes labels,legend text,title(s)",0,1,1,1,0,1,1,0,0,1,0,0,2,1,1,Line,0,0,0,0,0,0,1,0,0,0,0,0,1
v483_n7391_18_f4.png,3066.png,67.2,0,0,0,1,0,1,S,multipanel,"title(s),axes labels,axes text,annotation(s),legend text",0,1,1,1,1,0,1,0,0,0,1,8,5,2,4,"Point,Diagram",0,0,0,1,0,0,0,0,1,0,0,0,2
v488_n7410_16_f3.png,3067.png,43.2,0,0,0,1,0,1,S,multipanel,"axes text,axes labels,title(s)",0,1,1,1,0,0,0,0,0,1,0,0,3,1,4,"Bar,Line",0,1,0,0,0,0,1,0,0,0,0,0,2
economist_daily_chart_400.png,3068.png,28.7,1,0,0,0,0,1,N,multipanel,no text,1,0,0,0,0,0,0,0,0,0,1,4,0,0,1,Line,0,0,0,0,0,0,1,0,0,0,0,0,1
v488_n7410_1_f4.png,3069.png,53.2,0,0,0,1,0,1,S,multipanel,"legend text,axes text,axes labels,title(s)",0,1,1,1,0,0,1,0,0,1,0,0,3,1,3,"Line,Grid & Matrix",0,0,0,0,0,1,1,0,0,0,0,0,2
whoN04_2.png,3070.png,17.2,0,0,1,0,1,0,G,single,"caption(s),axes text,axes labels,text-only,title(s)",0,1,1,1,0,1,0,0,1,0,1,5,1,2,1,Table,0,0,0,0,0,0,0,0,0,1,0,0,1
vis397.png,3071.png,47.2,0,1,0,0,0,1,I,multipanel,"title(s),axes text,annotation(s),caption(s)",0,0,1,1,1,1,0,0,0,0,1,4,2,5,5,Diagram,0,0,0,1,0,0,0,0,0,0,0,0,1
v484_n7395_15_f4.png,3072.png,83,0,0,0,1,0,1,S,multipanel,"title(s),axes text,annotation(s),caption(s)",0,0,1,1,1,1,0,0,0,0,1,5,6,5,13,"Circle,Point,Diagram,Distribution,Bar",0,1,1,1,1,0,0,0,1,0,0,0,5
wsj596.png,3073.png,54.5,1,0,0,0,0,1,N,multipanel,"title(s),axes text,axes labels,caption(s),annotation(s),legend text",0,1,1,1,1,1,1,0,0,0,1,4,3,3,4,"Bar,Circle",0,1,1,0,0,0,0,0,0,0,0,0,2
economist_daily_chart_366.png,3074.png,10.8,1,0,0,0,1,0,N,single,"title(s),axes text,axes labels,caption(s)",0,1,1,1,0,1,0,0,0,0,1,2,2,1,1,Bar,0,1,0,0,0,0,0,0,0,0,0,0,1
wsj582.png,3075.png,42.5,1,0,0,0,0,1,N,multipanel,"title(s),caption(s),annotation(s),axes text,legend text",0,0,1,1,1,1,1,0,0,0,1,2,1,2,1,"Bar,Distribution",0,1,0,0,1,0,0,0,0,0,0,0,2
economist_daily_chart_372.png,3076.png,35.4,1,0,0,0,1,0,N,single,"axes text,axes labels,title(s),annotation(s)",0,1,1,1,1,0,0,0,0,0,1,2,2,1,1,Point,0,0,0,0,0,0,0,0,1,0,0,0,1
v488_n7411_1_f4.png,3077.png,72,0,0,0,1,0,1,S,multipanel,"axes text,axes labels,legend text,title(s)",0,1,1,1,0,0,1,0,0,0,1,11,4,3,7,"Line,Bar,Table",0,1,0,0,0,0,1,0,0,1,0,0,3
vis383.png,3078.png,57.3,0,1,0,0,0,1,I,multipanel,"title(s),axes text,legend text,caption(s),annotation(s)",0,0,1,1,1,1,1,0,0,1,0,0,15,5,17,"Circle,Map,Bar,Distribution",0,1,1,0,1,0,0,1,0,0,0,0,4
economist_daily_chart_414.png,3079.png,29.5,1,0,0,0,1,0,N,single,"legend text,legend title",0,0,0,0,0,0,1,1,0,0,1,5,1,1,1,Map,0,0,0,0,0,0,0,1,0,0,0,0,1
v485_n7397_2_f3.png,3080.png,72.1,0,0,0,1,0,1,S,multipanel,"axes text,axes labels,annotation(s)",0,1,1,0,1,0,0,0,0,0,0,5,4,4,4,"Distribution,Line",0,0,0,0,1,0,1,0,0,0,0,0,2
whoQ23_2.png,3081.png,21,0,0,1,0,1,0,G,single,"axes text,axes labels,title(s)",0,1,1,1,0,0,0,0,0,0,1,3,2,0,1,Point,0,0,0,0,0,0,0,0,1,0,0,0,1
v485_n7400_1_f3.png,3082.png,82.8,0,0,0,1,0,1,S,multipanel,"axes labels,axes text,caption(s),annotation(s),title(s)",0,1,1,1,1,1,0,0,0,1,0,0,4,4,17,"Distribution,Table,Diagram",0,0,0,1,1,0,0,0,0,1,0,0,3
v488_n7412_21_f1.png,3083.png,75.4,0,0,0,1,0,1,S,multipanel,"axes text,axes labels,legend text,annotation(s),title(s)",0,1,1,1,1,0,1,0,0,0,1,8,2,6,9,"Map,Bar,Line,Distribution,Table",0,1,0,0,1,0,1,1,0,1,0,0,5
v490_n7419_13_f4.png,3084.png,40.9,0,0,0,1,0,1,S,multipanel,"axes text,axes labels,annotation(s),title(s)",0,1,1,1,1,0,0,0,0,0,1,2,3,0,3,Line,0,0,0,0,0,0,1,0,0,0,0,0,1
whoF03.png,3085.png,23.5,0,0,1,0,0,1,G,multipanel,"title(s),legend text,axes text,axes labels,caption(s)",0,1,1,1,0,1,1,0,0,1,0,0,2,1,1,Bar,0,1,0,0,0,0,0,0,0,0,0,0,1
visMost598.png,3086.png,39.7,0,1,0,0,0,1,I,multipanel,"title(s),caption(s),annotation(s),axes text,axes labels",0,1,1,1,1,1,0,0,0,0,1,4,3,3,7,"Circle,Area,Distribution",1,0,1,0,1,0,0,0,0,0,0,0,3
v489_n7415_15_f4.png,3087.png,79,0,0,0,1,0,1,S,multipanel,"axes text,axes labels,title(s),legend text",0,1,1,1,0,0,1,0,0,1,0,0,8,3,12,"Bar,Line,Point,Grid & Matrix",0,1,0,0,0,1,1,0,1,0,0,0,4
whoF17.png,3088.png,45,0,0,1,0,0,1,G,multipanel,"title(s),axes text,axes labels,legend text,caption(s)",0,1,1,1,0,1,1,0,0,0,1,8,1,2,1,Bar,0,1,0,0,0,0,0,0,0,0,0,0,1
whoQ26.png,3089.png,24,0,0,1,0,1,0,G,single,"caption(s),annotation(s),title(s),legend text",0,0,0,1,1,1,1,0,0,0,1,2,0,2,1,"Map,Point",0,0,0,0,0,0,0,1,1,0,0,0,2
economist_daily_chart_428.png,3090.png,41.1,1,0,0,0,1,0,N,single,"title(s),annotation(s),caption(s),axes text,axes labels",0,1,1,1,1,1,0,0,0,0,1,4,2,1,1,Line,0,0,0,0,0,0,1,0,0,0,0,0,1
whoQ27.png,3091.png,17.1,0,0,1,0,1,0,G,single,"title(s),caption(s),annotation(s)",0,0,0,1,1,1,0,0,0,0,1,2,0,1,1,Bar,0,1,0,0,0,0,0,0,0,0,0,0,1
whoF16.png,3092.png,21.4,0,0,1,0,0,1,G,multipanel,"title(s),axes text,axes labels,legend text,caption(s)",0,1,1,1,0,1,1,0,0,0,0,2,1,2,1,Bar,0,1,0,0,0,0,0,0,0,0,0,0,1
economist_daily_chart_429.png,3093.png,22.4,1,0,0,0,1,0,N,single,"axes text,axes labels,title(s),caption(s),annotation(s)",0,1,1,1,1,1,0,0,0,0,1,3,2,1,1,Bar,0,1,0,0,0,0,0,0,0,0,0,0,1
v485_n7400_1_f2.png,3094.png,78.6,0,0,0,1,0,1,S,multipanel,"axes text,axes labels,legend text,title(s),annotation(s)",0,1,1,1,1,0,1,0,0,1,0,0,2,6,34,"Grid & Matrix,Distribution,Bar,Area,Diagram",1,1,0,1,1,1,0,0,0,0,0,0,5
whoQ23_3.png,3095.png,16.2,0,0,1,0,1,0,G,single,"axes text,axes labels,title(s)",0,1,1,1,0,0,0,0,0,0,1,2,2,0,1,Point,0,0,0,0,0,0,0,0,1,0,0,0,1
whoF02.png,3096.png,14.7,0,0,1,0,0,1,G,multipanel,"title(s),axes text,axes labels,caption(s)",0,1,1,1,0,1,0,0,0,0,1,3,3,0,1,Circle,0,0,1,0,0,0,0,0,0,0,0,0,1
visMost599.png,3097.png,93.2,0,1,0,0,1,0,I,single,"title(s),annotation(s),caption(s),axes text",0,0,1,1,1,1,0,0,0,0,1,9,0,0,1,Trees & Networks,0,0,0,0,0,0,0,0,0,0,0,1,1
v490_n7420_21_f1.png,3098.png,74.3,0,0,0,1,0,1,S,multipanel,"axes labels,axes text,annotation(s)",0,1,1,0,1,0,0,0,0,0,0,6,5,4,12,"Text,Bar,Point,Line,Distribution",0,1,0,0,1,0,1,0,1,0,1,0,5
whoQ33.png,3099.png,23.8,0,0,1,0,0,1,G,multipanel,"axes text,axes labels,legend text,title(s)",0,1,1,1,0,0,1,0,0,0,1,3,3,1,2,Bar,0,1,0,0,0,0,0,0,0,0,0,0,1
whoC31_1.png,3100.png,24.5,0,0,1,0,0,1,G,multipanel,"caption(s),axes text,title(s),axes labels,text-only",0,1,1,1,0,1,0,0,1,0,1,3,2,1,1,Table,0,0,0,0,0,0,0,0,0,1,0,0,1
economist_daily_chart_373.png,3101.png,36.8,1,0,0,0,1,0,N,single,"title(s),legend text,caption(s),axes text",0,0,1,1,0,1,1,0,0,0,1,6,1,2,1,Bar,0,1,0,0,0,0,0,0,0,0,0,0,1
wsj583.png,3102.png,27,1,0,0,0,1,0,N,single,"title(s),caption(s),annotation(s),axes text",0,0,1,1,1,1,0,0,0,0,1,3,2,1,1,Line,0,0,0,0,0,0,1,0,0,0,0,0,1
economist_daily_chart_103.png,3103.png,29.8,1,0,0,0,1,0,N,single,"title(s),legend text,annotation(s),axes text,caption(s)",0,0,1,1,1,1,1,0,0,1,0,0,2,1,1,Bar,0,1,0,0,0,0,0,0,0,0,0,0,1
v485_n7397_2_f2.png,3104.png,74.2,0,0,0,1,0,1,S,multipanel,"legend text,annotation(s),axes text,axes labels,title(s)",0,1,1,1,1,0,1,0,0,1,0,0,7,4,7,"Line,Distribution,Bar,Circle,Area",1,1,1,0,1,0,1,0,0,0,0,0,5
economist_daily_chart_415.png,3105.png,19.7,1,0,0,0,1,0,N,single,"title(s),legend text,caption(s),axes text,axes labels",0,1,1,1,0,1,1,0,0,0,1,4,2,1,1,Line,0,0,0,0,0,0,1,0,0,0,0,0,1
vis382.png,3106.png,39.8,0,1,0,0,0,1,I,multipanel,"title(s),axes text,axes labels,annotation(s),caption(s)",0,1,1,1,1,1,0,0,0,0,1,3,7,6,7,"Bar,Point,Table",0,1,0,0,0,0,0,0,1,1,0,0,3
vis396.png,3107.png,40.6,0,1,0,0,1,0,I,single,"title(s),caption(s),annotation(s),axes text",0,0,1,1,1,1,0,0,0,0,1,2,1,2,1,Bar,0,1,0,0,0,0,0,0,0,0,0,0,1
economist_daily_chart_113.png,3108.png,37.9,1,0,0,0,0,1,N,multipanel,"title(s),axes labels,axes text,annotation(s),legend text,caption(s)",0,1,1,1,1,1,1,0,0,0,1,4,3,3,2,"Line,Bar",0,1,0,0,0,0,1,0,0,0,0,0,2
economist_daily_chart_401.png,3109.png,27.5,1,0,0,0,1,0,N,single,"title(s),axes text,legend text,caption(s)",0,0,1,1,0,1,1,0,0,0,1,3,2,1,1,Bar,0,1,0,0,0,0,0,0,0,0,0,0,1
economist_daily_chart_367.png,3110.png,34.8,1,0,0,0,1,0,N,single,"title(s),caption(s),legend title,legend text,axes text",0,0,1,1,0,1,1,1,0,0,1,5,1,2,1,Bar,0,1,0,0,0,0,0,0,0,0,0,0,1
wsj597.png,3111.png,38.5,1,0,0,0,0,1,N,multipanel,"title(s),axes text,legend text,annotation(s),caption(s)",0,0,1,1,1,1,1,0,0,0,1,5,2,1,2,Line,0,0,0,0,0,0,1,0,0,0,0,0,1
v484_n7394_3_f1.png,3112.png,83,0,0,0,1,0,1,S,multipanel,"axes labels,axes text,annotation(s),title(s)",0,1,1,1,1,0,0,0,0,0,1,7,1,3,5,"Bar,Diagram",0,1,0,1,0,0,0,0,0,0,0,0,2
v488_n7410_16_f2.png,3113.png,78.9,0,0,0,1,0,1,S,multipanel,"axes text,axes labels,title(s)",0,1,1,1,0,0,0,0,0,1,0,0,3,0,11,"Line,Bar,Point,Distribution",0,1,0,0,1,0,1,0,1,0,0,0,4
v485_n7398_13_f2.png,3114.png,55.8,0,0,0,1,0,1,S,multipanel,"axes text,axes labels,title(s),annotation(s)",0,1,1,1,1,0,0,0,0,0,1,4,2,1,3,Line,0,0,0,0,0,0,1,0,0,0,0,0,1
whoH10_2.png,3115.png,21.1,0,0,1,0,0,1,G,multipanel,"axes text,axes labels,legend text,title(s)",0,1,1,1,0,0,1,0,0,1,0,0,3,0,1,Point,0,0,0,0,0,0,0,0,1,0,0,0,1
wsj36.png,3116.png,28.9,1,0,0,0,0,1,N,multipanel,"title(s),caption(s),annotation(s)",0,0,0,1,1,1,0,0,0,0,1,3,1,2,1,Diagram,0,0,0,1,0,0,0,0,0,0,0,0,1
visMost228.png,3117.png,75.4,0,1,0,0,0,1,I,multipanel,"title(s),caption(s),axes text,annotation(s),legend text,axes labels",0,1,1,1,1,1,1,0,0,0,1,8,5,7,6,"Diagram,Table",0,0,0,1,0,0,0,0,0,1,0,0,2
wsj22.png,3118.png,39.6,1,0,0,0,1,0,N,single,"title(s),caption(s),annotation(s),axes text",0,0,1,1,1,1,0,0,0,0,1,6,1,1,1,"Bar,Distribution",0,1,0,0,1,0,0,0,0,0,0,0,2
treasuryL11_1.png,3119.png,15.1,0,0,1,0,1,0,G,single,"axes text,axes labels,title(s),text-only",0,1,1,1,0,0,0,0,1,1,0,0,3,1,1,Table,0,0,0,0,0,0,0,0,0,1,0,0,1
vis369.png,3120.png,51.7,0,1,0,0,0,1,I,multipanel,"title(s),axes text,axes labels,annotation(s),caption(s)",0,1,1,1,1,1,0,0,0,0,1,6,6,8,9,"Point,Map,Bar,Circle,Distribution,Area,Diagram",1,1,1,1,1,0,0,1,1,0,0,0,7
v485_n7396_22_f1.png,3121.png,71.2,0,0,0,1,0,1,S,multipanel,"title(s),axes text,axes labels,legend text,annotation(s)",0,1,1,1,1,0,1,0,0,1,0,0,5,7,6,"Bar,Diagram,Distribution,Table",0,1,0,1,1,0,0,0,0,1,0,0,4
economist_daily_chart_398.png,3122.png,24.1,1,0,0,0,1,0,N,single,"title(s),axes text,axes labels,annotation(s)",0,1,1,1,1,0,0,0,0,1,0,0,2,1,1,Bar,0,1,0,0,0,0,0,0,0,0,0,0,1
v488_n7409_14_f4.png,3123.png,67.3,0,0,0,1,0,1,S,multipanel,title(s),0,0,0,1,0,0,0,0,0,0,1,7,0,1,8,Diagram,0,0,0,1,0,0,0,0,0,0,0,0,1
wsj568.png,3124.png,31,1,0,0,0,1,0,N,single,"title(s),legend text,caption(s),annotation(s)",0,0,0,1,1,1,1,0,0,0,1,4,1,2,1,Map,0,0,0,0,0,0,0,1,0,0,0,0,1
v483_n7390_10_f2.png,3125.png,63,0,0,0,1,1,0,S,single,"title(s),annotation(s)axes text,axes labels",0,1,1,1,1,0,0,0,0,0,1,3,2,0,2,Diagram,0,0,0,1,0,0,0,0,0,0,0,0,1
whoH19.png,3126.png,5.7,0,0,1,0,0,1,G,multipanel,"axes text,axes labels,annotation(s),title(s)",0,1,1,1,1,0,0,0,0,0,1,4,2,0,1,Bar,0,1,0,0,0,0,0,0,0,0,0,0,1
wsj540.png,3127.png,40.7,1,0,0,0,1,0,N,single,"title(s),caption(s),axes text,axes labels,annotation(s)",0,1,1,1,1,1,0,0,0,0,1,4,2,1,1,Point,0,0,0,0,0,0,0,0,1,0,0,0,1
vis427.png,3128.png,33.8,0,1,0,0,1,0,I,single,"title(s),caption(s),axes labels,axes text",0,1,1,1,0,1,0,0,0,0,1,3,2,5,1,"Table,Text",0,0,0,0,0,0,0,0,0,1,1,0,2
v490_n7419_1_f13.png,3129.png,39,0,0,0,1,0,1,S,multipanel,annotation(s),0,0,0,0,1,0,0,0,0,0,1,3,3,1,1,Diagram,0,0,0,1,0,0,0,0,0,0,0,0,1
visMost572.png,3130.png,47,0,1,0,0,1,0,I,single,"title(s),caption(s),annotation(s)",0,0,0,1,1,1,0,0,0,0,1,10,5,5,4,"Bar,Diagram,Text",0,1,0,1,0,0,0,0,0,0,1,0,3
visMost214.png,3131.png,36.6,0,1,0,0,1,0,I,single,"title(s),legend text,annotation(s)",0,0,0,1,1,0,1,0,0,0,1,8,0,2,1,Trees & Networks,0,0,0,0,0,0,0,0,0,0,0,1,1
vis341.png,3132.png,49.3,0,1,0,0,1,0,I,single,"title(s),caption(s),annotation(s),axes text,axes labels",0,1,1,1,1,1,0,0,0,0,0,8,1,4,4,"Distribution,Table",0,0,0,0,1,0,0,0,0,1,0,0,2
wsj226.png,3133.png,40.7,1,0,0,0,1,0,N,single,"title(s),axes text,axes labels,annotation(s),caption(s)",0,1,1,1,1,1,0,0,0,0,1,9,3,1,1,Bar,0,1,0,0,0,0,0,0,0,0,0,0,1
wsj232.png,3134.png,39.9,1,0,0,0,1,0,N,single,"title(s),annotation(s),caption(s)",0,0,0,1,1,1,0,0,0,0,0,5,1,1,1,Diagram,0,0,0,1,0,0,0,0,0,0,0,0,1
visMost200.png,3135.png,63,0,1,0,0,0,1,I,multipanel,"title(s),axes text,axes labels,annotation(s),caption(s),legend text",0,1,1,1,1,1,1,0,0,0,1,6,2,6,1,Diagram,0,0,0,1,0,0,0,0,0,0,0,0,1
vis355.png,3136.png,51.6,0,1,0,0,0,1,I,multipanel,"title(s),caption(s),annotation(s),axes text",0,0,1,1,1,1,0,0,0,0,1,4,8,4,10,"Bar,Table,Circle,Distribution,Text",0,1,1,0,1,0,0,0,0,1,1,0,5
vis433.png,3137.png,39.4,0,1,0,0,0,1,I,multipanel,"axes text,axes labels,annotation(s),caption(s),title(s)",0,1,1,1,1,1,0,0,0,0,1,8,5,2,6,"Diagram,Text,Area",1,0,0,1,0,0,0,0,0,0,1,0,3
v487_n7408_6_f1.png,3138.png,66.9,0,0,0,1,0,1,S,multipanel,"title(s),axes text,axes labels,annotation(s)",0,1,1,1,1,0,0,0,0,0,1,4,6,1,2,"Diagram,Line",0,0,0,1,0,0,1,0,0,0,0,0,2
visMost566.png,3139.png,15.5,0,1,0,0,1,0,I,single,"title(s),caption(s),annotation(s)",0,0,0,1,1,1,0,0,0,0,1,6,0,1,1,Diagram,0,0,0,1,0,0,0,0,0,0,0,0,1
wsj554.png,3140.png,55.7,1,0,0,0,0,1,N,multipanel,"axes text,axes labels,title(s),annotation(s),caption(s),legend text",0,1,1,1,1,1,1,0,0,0,1,4,4,2,3,"Line,Bar",0,1,0,0,0,0,1,0,0,0,0,0,2
v490_n7419_8_f1.png,3141.png,63.1,0,0,0,1,0,1,S,multipanel,"title(s),legend text,annotation(s)",0,0,0,1,1,0,1,0,0,0,0,6,0,1,5,Diagram,0,0,0,1,0,0,0,0,0,0,0,0,1
whoQ42_2.png,3142.png,26.8,0,0,1,0,1,0,G,single,"axes text,axes labels,title(s),legend text",0,1,1,1,0,0,1,0,0,0,0,3,1,2,1,Bar,0,1,0,0,0,0,0,0,0,0,0,0,1
vis802.png,3143.png,32,0,1,0,0,0,1,I,multipanel,"title(s),caption(s),axes text",0,0,1,1,0,1,0,0,0,0,1,3,0,1,3,"Distribution,Table",0,0,0,0,1,0,0,0,0,1,0,0,2
v485_n7398_25_f3.png,3144.png,72.8,0,0,0,1,0,1,S,multipanel,"axes text,axes labels,title(s),annotation(s),legend text",0,1,1,1,1,0,1,0,0,0,0,6,6,6,9,"Table,Distribution,Point,Area,Line,Bar,Text",1,1,0,0,1,0,1,0,1,1,1,0,7
v488_n7410_20_f3.png,3145.png,86.1,0,0,0,1,0,1,S,multipanel,"axes text,axes labels,title(s),legend text",0,1,1,1,0,0,1,0,0,0,0,8,4,4,8,"Diagram,Bar",0,1,0,1,0,0,0,0,0,0,0,0,2
v490_n7418_8_f1.png,3146.png,53,0,0,0,1,0,1,S,multipanel,"axes text,axes labels,title(s)",0,1,1,1,0,0,0,0,0,0,1,2,2,0,3,"Diagram,Line",0,0,0,1,0,0,1,0,0,0,0,0,2
economist_daily_chart_159.png,3147.png,48.3,1,0,0,0,1,0,N,single,"title(s),annotation(s),legend text,axes text,caption(s)",0,0,1,1,1,1,1,0,0,0,1,3,3,1,1,Point,0,0,0,0,0,0,0,0,1,0,0,0,1
vis816.png,3148.png,57.6,0,1,0,0,0,1,I,multipanel,"title(s),annotation(s),legend text,axes text,caption(s),legend text",0,0,1,1,1,1,1,0,0,0,1,8,7,8,9,"Map,Circle,Area,Diagram,Bar,Distribution",1,1,1,1,1,0,0,1,0,0,0,0,6
v486_n7404_10_f4.png,3149.png,73.7,0,0,0,1,0,1,S,multipanel,"axes text,axes labels,annotation(s),title(s)",0,1,1,1,1,0,0,0,0,0,0,6,3,2,5,"Distribution,Line",0,0,0,0,1,0,1,0,0,0,0,0,2
v488_n7409_6_f3.png,3150.png,46.3,0,0,0,1,0,1,S,multipanel,"axes text,axes labels,annotation(s),title(s)",0,1,1,1,1,0,0,0,0,0,1,5,3,0,2,Point,0,0,0,0,0,0,0,0,1,0,0,0,1
vis180.png,3151.png,38,0,1,0,0,0,1,I,multipanel,"caption(s),annotation(s),axes text",0,0,1,0,1,1,0,0,0,0,1,3,3,1,1,Diagram,0,0,0,1,0,0,0,0,0,0,0,0,1
v485_n7399_9_f2.png,3152.png,46.5,0,0,0,1,1,0,S,single,"axes labels,axes text,annotation(s)",0,1,1,0,1,0,0,0,0,0,0,2,2,1,1,Point,0,0,0,0,0,0,0,0,1,0,0,0,1
v487_n7405_10_f2.png,3153.png,66.7,0,0,0,1,0,1,S,multipanel,"legend text,axes text,axes labels,title(s)",0,1,1,1,0,0,1,0,0,0,1,3,5,0,5,"Diagram,Line,Point",0,0,0,1,0,0,1,0,1,0,0,0,3
economist_daily_chart_171.png,3154.png,26.9,1,0,0,0,0,1,N,multipanel,"title(s),caption(s),legend text,axes text,axes labels",0,1,1,1,0,1,1,0,0,0,0,4,2,1,3,Line,0,0,0,0,0,0,1,0,0,0,0,0,1
v483_n7391_20_f1.png,3155.png,79,0,0,0,1,0,1,S,multipanel,"axes text,axes labels,annotation(s),title(s),legend text",0,1,1,1,1,0,1,0,0,0,0,6,4,6,9,"Distribution,Diagram,Line",0,0,0,1,1,0,1,0,0,0,0,0,3
v485_n7398_9_f2.png,3156.png,64,0,0,0,1,0,1,S,multipanel,"axes labels,title(s)",0,1,0,1,0,0,0,0,0,0,0,11,5,0,4,Diagram,0,0,0,1,0,0,0,0,0,0,0,0,1
economist_daily_chart_165.png,3157.png,20.8,1,0,0,0,1,0,N,single,"legend text,caption(s),title(s),axes text",0,0,1,1,0,1,1,0,0,0,0,2,1,2,1,Bar,0,1,0,0,0,0,0,0,0,0,0,0,1
v485_n7399_23_f1.png,3158.png,80.4,0,0,0,1,0,1,S,multipanel,"title(s),annotation(s)",0,0,0,1,1,0,0,0,0,0,0,5,0,2,3,Diagram,0,0,0,1,0,0,0,0,0,0,0,0,1
whoN06_1.png,3159.png,12.6,0,0,1,0,1,0,G,single,"legend text,caption(s),title(s),axes text,axes labels",0,1,1,1,0,1,1,0,0,0,0,4,2,1,1,Line,0,0,0,0,0,0,1,0,0,0,0,0,1
v489_n7417_7_f5.png,3160.png,66.1,0,0,0,1,0,1,S,multipanel,"axes text,axes labels,legend text,title(s)",0,1,1,1,0,0,1,0,0,0,0,8,4,6,6,Point,0,0,0,0,0,0,0,0,1,0,0,0,1
vis194.png,3161.png,40.7,0,1,0,0,1,0,I,single,"title(s),caption(s),axes text",0,0,1,1,0,1,0,0,0,0,1,5,1,1,1,Table,0,0,0,0,0,0,0,0,0,1,0,0,1
v487_n7406_3_f4.png,3162.png,74.1,0,0,0,1,0,1,S,multipanel,annotation(s),0,0,0,0,1,0,0,0,0,0,0,10,0,0,2,Diagram,0,0,0,1,0,0,0,0,0,0,0,0,1
vis619.png,3163.png,57,0,1,0,0,0,1,I,multipanel,"title(s),caption(s),annotation(s),axes text",0,0,1,1,1,1,0,0,0,0,1,7,4,3,1,Table,0,0,0,0,0,0,0,0,0,1,0,0,1
visMost758.png,3164.png,56.6,0,1,0,0,1,0,I,single,"title(s),annotation(s),caption(s)",0,0,0,1,1,1,0,0,0,0,1,2,6,4,5,"Line,Area",1,0,0,0,0,0,1,0,0,0,0,0,2
v487_n7406_21_f2.png,3165.png,74.4,0,0,0,1,0,1,S,multipanel,"axes text,axes labels,annotation(s),caption(s),legend text",0,1,1,0,1,1,1,0,0,1,0,0,9,3,22,"Bar,Distribution,Point,Area",1,1,0,0,1,0,0,0,1,0,0,0,4
v487_n7407_3_f4.png,3166.png,74.2,0,0,0,1,0,1,S,multipanel,"axes text,axes labels,annotation(s),caption(s),legend text",0,1,1,0,1,1,1,0,0,0,0,7,6,3,6,"Distribution,Line,Bar",0,1,0,0,1,0,1,0,0,0,0,0,3
treasuryL01.png,3167.png,28.5,0,0,1,0,1,0,G,single,"title(s),axes text,axes labels,caption(s),text-only",0,1,1,1,0,1,0,0,1,0,1,1,6,0,1,Table,0,0,0,0,0,0,0,0,0,1,0,0,1
np_3.png,3168.png,48.8,1,0,0,0,0,1,N,multipanel,"title(s),annotation(s),legend text,axes labels,axes text",0,1,1,1,1,0,1,0,0,1,0,0,4,8,8,"Bar,Map,Circle,Area",1,1,1,0,0,0,0,1,0,0,0,0,4
v488_n7413_11_f3.png,3169.png,47.7,0,0,0,1,0,1,S,multipanel,"axes text,axes labels,annotation(s)",0,1,1,0,1,0,0,0,0,1,0,0,1,1,6,Line,0,0,0,0,0,0,1,0,0,0,0,0,1
vis143.png,3170.png,58.2,0,1,0,0,0,1,I,multipanel,"title(s),axes text,annotation(s),caption(s)",0,0,1,1,1,1,0,0,0,0,1,6,1,6,6,"Bar,Diagram,Table,Distribution",0,1,0,1,1,0,0,0,0,1,0,0,4
visMost770.png,3171.png,52.7,0,1,0,0,0,1,I,multipanel,"title(s),caption(s),annotation(s),axes text",0,0,1,1,1,1,0,0,0,0,1,4,8,6,13,"Bar,Diagram,Table,Distribution",0,1,0,1,1,0,0,0,0,1,0,0,4
whoJ33.png,3172.png,19,0,0,1,0,1,0,G,single,"caption(s),legend text,title(s),axes text,axes labels",0,1,1,1,0,1,1,0,0,1,0,0,2,1,1,Line,0,0,0,0,0,0,1,0,0,0,0,0,1
vis625.png,3173.png,41.5,0,1,0,0,1,0,I,single,"title(s),axes labels,axes text,annotation(s),caption(s)",0,1,1,1,1,1,0,0,0,0,1,6,1,1,1,"Circle,Distribution",0,0,1,0,1,0,0,0,0,0,0,0,2
v484_n7393_19_f2.png,3174.png,78.4,0,0,0,1,0,1,S,multipanel,"axes text,axes labels,annotation(s),title(s),legend text",0,1,1,1,1,0,1,0,0,1,0,0,1,6,6,"Bar,Diagram,Distribution",0,1,0,1,1,0,0,0,0,0,0,0,3
visMost764.png,3175.png,63.4,0,1,0,0,0,1,I,multipanel,"title(s),caption(s),annotation(s),axes text",0,0,1,1,1,1,0,0,0,0,1,7,6,5,9,"Diagram,Bar,Table",0,1,0,1,0,0,0,0,0,1,0,0,3
vis631.png,3176.png,53.9,0,1,0,0,0,1,I,multipanel,"title(s),annotation(s),axes labels,axes text,caption(s),legend text",0,1,1,1,1,1,1,0,0,0,1,5,3,5,9,"Map,Bar,Table",0,1,0,0,0,0,0,1,0,1,0,0,3
vis157.png,3177.png,61,0,1,0,0,0,1,I,multipanel,"title(s),caption(s),annotation(s)",0,0,0,1,1,1,0,0,0,0,1,7,9,5,10,"Circle,Distribution,Area",1,0,1,0,1,0,0,0,0,0,0,0,3
v485_n7398_5_f2.png,3178.png,77.2,0,0,0,1,0,1,S,multipanel,"axes text,axes labels,annotation(s),title(s),legend text",0,1,1,1,1,0,1,0,0,0,0,8,3,4,16,"Diagram,Bar",0,1,0,1,0,0,0,0,0,0,0,0,2
whoB11_1.png,3179.png,60.9,0,0,1,0,1,0,G,single,"caption(s),legend text,axes text,axes labels,annotation(s)",0,1,1,0,1,1,1,0,0,1,0,0,2,2,2,Bar,0,1,0,0,0,0,0,0,0,0,0,0,1
vis976.png,3180.png,49.1,0,1,0,0,0,1,I,multipanel,"title(s),axes text,caption(s),annotation(s)",0,0,1,1,1,1,0,0,0,0,1,3,3,1,2,"Line,Diagram,Area",1,0,0,1,0,0,1,0,0,0,0,0,3
v483_n7387_17_f3.png,3181.png,81.4,0,0,0,1,0,1,S,multipanel,"title(s),axes labels,axes text,annotation(s),legend text",0,1,1,1,1,0,1,0,0,0,0,7,4,8,6,"Point,Table,Distribution",0,0,0,0,1,0,0,0,1,1,0,0,3
visMost86.png,3182.png,42.4,0,1,0,0,1,0,I,single,"title(s),caption(s),annotation(s)",0,0,0,1,1,1,0,0,0,0,1,5,0,1,1,Trees & Networks,0,0,0,0,0,0,0,0,0,0,0,1,1
v488_n7409_4_f6.png,3183.png,63.3,0,0,0,1,0,1,S,multipanel,"axes text,axes labels,title(s)",0,1,1,1,0,0,0,0,0,0,0,4,5,0,2,"Line,Point",0,0,0,0,0,0,1,0,1,0,0,0,2
treasuryD08.png,3184.png,53.8,0,0,1,0,1,0,G,single,"title(s),caption(s),annotation(s),axes text,axes labels,text-only",0,1,1,1,1,1,0,0,1,0,1,3,2,2,3,Table,0,0,0,0,0,0,0,0,0,1,0,0,1
vis962.png,3185.png,50.8,0,1,0,0,0,1,I,multipanel,"title(s),caption(s),annotation(s),axes text,axes labels",0,1,1,1,1,1,0,0,0,0,1,5,9,8,9,"Bar,Diagram,Circle,Table,Distribution",0,1,1,1,1,0,0,0,0,1,0,0,5
visMost92.png,3186.png,51.4,0,1,0,0,1,0,I,single,"title(s),legend text,caption(s),annotation(s),axes text,axes labels",0,1,1,1,1,1,1,0,0,0,1,4,1,3,1,"Point,Line",0,0,0,0,0,0,1,0,1,0,0,0,2
whoQ44_4.png,3187.png,21.8,0,0,1,0,1,0,G,single,"axes text,axes labels,title(s),legend text",0,1,1,1,0,0,1,0,0,0,1,8,2,1,1,Area,1,0,0,0,0,0,0,0,0,0,0,0,1
v490_n7420_2_f4.png,3188.png,76.2,0,0,0,1,0,1,S,multipanel,"axes text,axes labels,title(s)",0,1,1,1,0,0,0,0,0,1,0,0,2,4,4,"Bar,Diagram",0,1,0,1,0,0,0,0,0,0,0,0,2
visMost189.png,3189.png,46.3,0,1,0,0,0,1,I,multipanel,"title(s),caption(s),annotation(s),axes text",0,0,1,1,1,1,0,0,0,0,1,7,10,2,9,"Text,Circle,Line,Bar,Map,Table",0,1,1,0,0,0,1,1,0,1,1,0,6
economist_daily_chart_29.png,3190.png,47.2,1,0,0,0,0,1,N,multipanel,"caption(s),title(s),annotation(s),legend text,axes text,axes labels",0,1,1,1,1,1,1,0,0,0,0,10,3,4,3,"Area,Bar,Map",1,1,0,0,0,0,0,1,0,0,0,0,3
v485_n7398_29_f3.png,3191.png,68.3,0,0,0,1,0,1,S,multipanel,"axes text,caption(s),legend text,title(s)",0,0,1,1,0,1,1,0,0,0,0,12,0,2,5,Diagram,0,0,0,1,0,0,0,0,0,0,0,0,1
v490_n7418_4_f1.png,3192.png,89.3,0,0,0,1,1,0,S,single,"caption(s),axes text,legend text",0,0,1,0,0,1,1,0,0,0,0,5,2,6,1,Grid & Matrix,0,0,0,0,0,1,0,0,0,0,0,0,1
v483_n7391_22_f4.png,3193.png,71.1,0,0,0,1,0,1,S,multipanel,annotation(s),0,0,0,0,1,0,0,0,0,0,0,6,7,4,12,"Bar,Diagram,Distribution",0,1,0,1,1,0,0,0,0,0,0,0,3
wsj193.png,3194.png,48.4,1,0,0,0,1,0,N,single,"annotation(s),title(s),axes labels,caption(s)",0,1,0,1,1,1,0,0,0,0,1,12,0,2,2,Map,0,0,0,0,0,0,0,1,0,0,0,0,1
vis792.png,3195.png,39.6,0,1,0,0,0,1,I,multipanel,"annotation(s),title(s),caption(s)",0,0,0,1,1,1,0,0,0,0,1,11,12,4,8,"Diagram,Distribution",0,0,0,1,1,0,0,0,0,0,0,0,2
treasuryK03_3.png,3196.png,11,0,0,1,0,1,0,G,single,"axes text,axes labels,annotation(s),title(s),caption(s)",0,1,1,1,1,1,0,0,0,0,0,4,2,0,1,Bar,0,1,0,0,0,0,0,0,0,0,0,0,1
v483_n7388_20_f2.png,3197.png,80.4,0,0,0,1,0,1,S,multipanel,"annotation(s),axes labels,axes text,legend text,title(s)",0,1,1,1,1,0,1,0,0,0,0,16,7,9,16,"Diagram,Table,Bar,Point",0,1,0,1,0,0,0,0,1,1,0,0,4
vis786.png,3198.png,46.4,0,1,0,0,0,1,I,multipanel,"title(s),axes text,caption(s),nation(s)",0,0,1,1,0,1,0,0,0,0,1,3,0,2,1,Diagram,0,0,0,1,0,0,0,0,0,0,0,0,1
treasuryJ01_4.png,3199.png,37.9,0,0,1,0,1,0,G,single,"axes text,annotation(s),title(s),caption(s)",0,0,1,1,1,1,0,0,0,0,0,5,2,1,1,Line,0,0,0,0,0,0,1,0,0,0,0,0,1
v490_n7419_4_f1.png,3200.png,81.6,0,0,0,1,0,1,S,multipanel,"title(s),annotation(s),axes text,axes labels",0,1,1,1,1,0,0,0,0,0,0,13,4,2,26,"Diagram,Point,Line,Distribution,",0,0,0,1,1,0,1,0,1,0,0,0,4
wsj187.png,3201.png,32.1,1,0,0,0,0,1,N,multipanel,"legend title,axes labels,axes text,annotation(s),title(s),caption(s)",0,1,1,1,1,1,0,1,0,0,1,4,2,3,1,Bar,0,1,0,0,0,0,0,0,0,0,0,0,1
economist_daily_chart_15.png,3202.png,30.9,1,0,0,0,1,0,N,single,"legend title,legend text,title(s),caption(s),axes text",0,0,1,1,0,1,1,1,0,0,0,5,2,2,1,"Line,Bar",0,1,0,0,0,0,1,0,0,0,0,0,2
wsj7.png,3203.png,37.8,1,0,0,0,0,1,N,multipanel,"title(s),caption(s),legend text,annotation(s)",0,0,0,1,1,1,1,0,0,0,1,8,5,1,2,"Table,Line,Area",1,0,0,0,0,0,1,0,0,1,0,0,3
v488_n7412_15_f4.png,3204.png,83,0,0,0,1,0,1,S,multipanel,"axes text,axes labels,annotation(s),legend text,title(s)",0,1,1,1,1,0,1,0,0,0,0,8,3,3,11,"Bar,Diagram",0,1,0,1,0,0,0,0,0,0,0,0,2
v487_n7408_12_f4.png,3205.png,75.3,0,0,0,1,0,1,S,multipanel,"annotation(s),title(s),axes text,axes labels",0,1,1,1,1,0,0,0,0,1,0,0,2,0,8,Point,0,0,0,0,0,0,0,0,1,0,0,0,1
v482_n7386_8_f3.png,3206.png,66.2,0,0,0,1,0,1,S,multipanel,"axes text,axes labels,annotation(s),title(s)",0,1,1,1,1,0,0,0,0,0,0,10,3,1,2,"Line,Point",0,0,0,0,0,0,1,0,1,0,0,0,2
v487_n7406_1_f1.png,3207.png,81.9,0,0,0,1,0,1,S,multipanel,"axes text,title(s),legend text,axes labels,annotation(s)",0,1,1,1,1,0,1,0,0,0,0,10,5,2,13,"Line,Bar,Point",0,1,0,0,0,0,1,0,1,0,0,0,3
v489_n7415_21_f1.png,3208.png,87.2,0,0,0,1,0,1,S,multipanel,"annotation(s),title(s),axes text,axes labels,legend text",0,1,1,1,1,0,1,0,0,0,0,18,4,4,15,"Line,Bar,Diagram",0,1,0,1,0,0,1,0,0,0,0,0,3
visMost45.png,3209.png,45,0,1,0,0,0,1,I,multipanel,"caption(s),title(s),axes text",0,0,1,1,0,1,0,0,0,0,1,7,15,4,4,Table,0,0,0,0,0,0,0,0,0,1,0,0,1
visMost638.png,3210.png,46.1,0,1,0,0,1,0,I,single,"caption(s),title(s),axes text",0,0,1,1,0,1,0,0,0,0,1,6,0,3,1,Table,0,0,0,0,0,0,0,0,0,1,0,0,1
vis779.png,3211.png,44.1,0,1,0,0,0,1,I,multipanel,"title(s),caption(s),annotation(s),axes text",0,0,1,1,1,1,0,0,0,0,1,10,7,5,15,"Bar,Circle,Map,Distribution",0,1,1,0,1,0,0,1,0,0,0,0,4
visMost51.png,3212.png,48.5,0,1,0,0,0,1,I,multipanel,"axes labels,caption(s),annotation(s),title(s)",0,1,0,1,1,1,0,0,0,0,1,9,9,7,10,"Bar,Circle,Distribution",0,1,1,0,1,0,0,0,0,0,0,0,3
v487_n7407_1_f1.png,3213.png,83.7,0,0,0,1,0,1,S,multipanel,"title(s),legend text,axes text,axes labels,annotation(s)",0,1,1,1,1,0,1,0,0,0,0,14,3,0,9,"Diagram,Distribution",0,0,0,1,1,0,0,0,0,0,0,0,2
v484_n7393_15_f2.png,3214.png,90.3,0,0,0,1,0,1,S,multipanel,"axes labels,axes text,title(s),annotation(s)",0,1,1,1,1,0,0,0,0,0,0,25,1,3,24,"Bar,Diagram",0,1,0,1,0,0,0,0,0,0,0,0,2
wsj178.png,3215.png,27.7,1,0,0,0,1,0,N,single,"legend title,axes labels,axes text,title(s)",0,1,1,1,0,0,0,1,0,0,1,6,3,1,1,Bar,0,1,0,0,0,0,0,0,0,0,0,0,1
whoL09.png,3216.png,45.6,0,0,1,0,1,0,G,single,"legend title,axes text,title(s)",0,0,1,1,0,0,0,1,0,1,0,0,0,2,1,"Diagram,Circle",0,0,1,1,0,0,0,0,0,0,0,0,2
wsj150.png,3217.png,27.7,1,0,0,0,1,0,N,single,"axes text,title(s),caption(s),annotation(s)",0,0,1,1,1,1,0,0,0,0,1,5,1,1,1,Diagram,0,0,0,1,0,0,0,0,0,0,0,0,1
v489_n7414_27_f3.png,3218.png,73.8,0,0,0,1,0,1,S,multipanel,"annotation(s),title(s),axes text,axes labels",0,1,1,1,1,0,0,0,0,0,0,15,2,4,16,"Bar,Distribution,Diagram",0,1,0,1,1,0,0,0,0,0,0,0,3
v484_n7395_21_f1.png,3219.png,80.2,0,0,0,1,0,1,S,multipanel,"axes labels,axes text,annotation(s),title(s),legend text",0,1,1,1,1,0,1,0,0,0,0,8,4,2,10,"Bar,Diagram,Distribution,Table",0,1,0,1,1,0,0,0,0,1,0,0,4
v483_n7389_1_f2.png,3220.png,76.1,0,0,0,1,0,1,S,multipanel,"annotation(s),legend text,title(s),axes text",0,0,1,1,1,0,1,0,0,0,0,25,0,3,36,"Bar,Distribution,Diagram",0,1,0,1,1,0,0,0,0,0,0,0,3
visMost162.png,3221.png,29,0,1,0,0,0,1,I,multipanel,"caption(s),annotation(s),title(s),axes text",0,0,1,1,1,1,0,0,0,0,1,12,10,6,12,"Bar,DIagram,Circle,Area,Table",1,1,1,0,0,0,0,0,0,1,0,0,4
v490_n7418_21_f3.png,3222.png,85.8,0,0,0,1,0,1,S,multipanel,"legend text,annotation(s)",0,0,0,0,1,0,1,0,0,0,0,8,0,3,3,Diagram,0,0,0,1,0,0,0,0,0,0,0,0,1
vis751.png,3223.png,31.2,0,1,0,0,0,1,I,multipanel,"title(s),caption(s),annotation(s),axes text",0,0,1,1,1,1,0,0,0,0,0,9,3,3,11,"Map,Circle,Table,Distribution",0,0,1,0,1,0,0,1,0,1,0,0,4
vis989.png,3224.png,25.7,0,1,0,0,0,1,I,multipanel,"caption(s),title(s),axes text",0,0,1,1,0,1,0,0,0,0,1,7,0,1,1,Table,0,0,0,0,0,0,0,0,0,1,0,0,1
visMost79.png,3225.png,47,0,1,0,0,0,1,I,multipanel,"title(s),caption(s),annotation(s),axes text",0,0,1,1,1,1,0,0,0,0,1,7,5,3,4,"Table,Point,Bar",0,1,0,0,0,0,0,0,1,1,0,0,3
visMost604.png,3226.png,42.1,0,1,0,0,0,1,I,multipanel,"caption(s),title(s),annotation(s),axes text",0,0,1,1,1,1,0,0,0,0,1,9,5,5,6,"Circle,Bar,Distribution,Diagram,Table,Area",1,1,1,1,1,0,0,0,0,1,0,0,6
v483_n7388_1_f2.png,3227.png,70.6,0,0,0,1,0,1,S,multipanel,"axes text,axes labels,title(s)",0,1,1,1,0,0,0,0,0,0,0,2,4,0,2,"Distribution,Bar,Line",0,1,0,0,1,0,1,0,0,0,0,0,3
vis745.png,3228.png,40.4,0,1,0,0,0,1,I,multipanel,"legend title,legend text,title(s),axes text,annotation(s),caption(s)",0,0,1,1,1,1,1,1,0,0,1,12,7,3,6,"Bar,Table",0,1,0,0,0,0,0,0,0,1,0,0,2
visMost176.png,3229.png,48.7,0,1,0,0,0,1,I,multipanel,"annotation(s),caption(s),axes text,title(s)",0,0,1,1,1,1,0,0,0,0,1,5,2,7,7,"Table,Diagram",0,0,0,1,0,0,0,0,0,1,0,0,2
wsj144.png,3230.png,29.3,1,0,0,0,1,0,N,single,"annotation(s),caption(s),axes text,title(s)",0,0,1,1,1,1,0,0,0,0,1,3,0,2,2,"Map,Table",0,0,0,0,0,0,0,1,0,1,0,0,2
v486_n7401_21_f3.png,3231.png,82,0,0,0,1,0,1,S,multipanel,"title(s),annotation(s)",0,0,0,1,1,0,0,0,0,0,0,12,0,1,11,Diagram,0,0,0,1,0,0,0,0,0,0,0,0,1
v487_n7405_2_f3.png,3232.png,83.9,0,0,0,1,0,1,S,multipanel,"annotation(s),legend text,axes text,axes labels,title(s)",0,1,1,1,1,0,1,0,0,0,0,14,5,3,15,"Diagram,Circle,Point,Distribution,Table",0,0,1,1,1,0,0,0,1,1,0,0,5
v484_n7394_11_f2.png,3233.png,77,0,0,0,1,0,1,S,multipanel,"axes text,axes labels,title(s)",0,1,1,1,0,0,0,0,0,0,0,12,2,0,3,Point,0,0,0,0,0,0,0,0,1,0,0,0,1
whoQ46_6.png,3234.png,54.4,0,0,1,0,1,0,G,single,"axes labels,annotation(s),legend text,title(s),axes text",0,1,1,1,1,0,1,0,0,0,0,9,2,1,1,Line,0,0,0,0,0,0,1,0,0,0,0,0,1
v487_n7407_13_f4.png,3235.png,78.2,0,0,0,1,0,1,S,multipanel,"legend text,title(s),annotation(s)",0,0,0,1,1,0,1,0,0,0,1,8,1,1,4,Diagram,0,0,0,1,0,0,0,0,0,0,0,0,1
vis590.png,3236.png,46.9,0,1,0,0,0,1,I,multipanel,"title(s),caption(s),annotation(s),axes text",0,0,1,1,1,1,0,0,0,0,1,12,3,5,5,"Circle,Map,Area,Distribution,Table",1,0,1,0,1,0,0,1,0,1,0,0,5
vis21.png,3237.png,56.5,0,1,0,0,0,1,I,multipanel,"caption(s),title(s),axes text",0,0,1,1,0,1,0,0,0,0,1,4,0,2,2,Table,0,0,0,0,0,0,0,0,0,1,0,0,1
economist_daily_chart_207.png,3238.png,26.5,1,0,0,0,1,0,N,single,"annotation(s),title(s),caption(s),axes text",0,0,1,1,1,1,0,0,0,0,0,5,2,1,1,Line,0,0,0,0,0,0,1,0,0,0,0,0,1
wsj391.png,3239.png,24.5,1,0,0,0,0,1,N,multipanel,"axes text,axes labels,annotation(s),title(s),caption(s)",0,1,1,1,1,1,0,0,0,0,1,6,4,1,2,"Bar,Table",0,1,0,0,0,0,0,0,0,1,0,0,2
wsj385.png,3240.png,22.1,1,0,0,0,1,0,N,single,"annotation(s),axes text,caption(s),title(s)",0,0,1,1,1,1,0,0,0,0,1,8,2,1,1,Line,0,0,0,0,0,0,1,0,0,0,0,0,1
economist_daily_chart_213.png,3241.png,34.2,1,0,0,0,0,1,N,multipanel,"axes text,axes labels,annotation(s),title(s),caption(s),legend text",0,1,1,1,1,1,1,0,0,0,0,6,6,3,4,"Circle,Point,Line,Area",1,0,1,0,0,0,1,0,1,0,0,0,4
vis584.png,3242.png,62.1,0,1,0,0,0,1,I,multipanel,"title(s),axes text,legend text,annotation(s),caption(s),annotation(s)",0,0,1,1,1,1,1,0,0,0,1,5,6,5,10,"Table,Point,Map,Bar,Distribution",0,1,0,0,1,0,0,1,1,1,0,0,5
vis35.png,3243.png,44.3,0,1,0,0,0,1,I,multipanel,"annotation(s),title(s),caption(s),axes text",0,0,1,1,1,1,0,0,0,0,1,18,5,2,7,"Bar,Circle,Map",0,1,1,0,0,0,0,1,0,0,0,0,3
v483_n7389_10_f1.png,3244.png,75.4,0,0,0,1,0,1,S,multipanel,"annotation(s),title(s)",0,0,0,1,1,0,0,0,0,0,0,7,2,2,3,Diagram,0,0,0,1,0,0,0,0,0,0,0,0,1
wsj408.png,3245.png,19.8,1,0,0,0,1,0,N,single,"legend title,axes labels,annotation(s),axes text,title(s),caption(s)",0,1,1,1,1,1,0,1,0,0,1,3,2,1,1,Point,0,0,0,0,0,0,0,0,1,0,0,0,1
v489_n7417_20_f2.png,3246.png,84.4,0,0,0,1,0,1,S,multipanel,"legend text,axes text,title(s),annotation(s),axes labels",0,1,1,1,1,0,1,0,0,1,0,0,14,3,15,"Bar,Table,Distribution",0,1,0,0,1,0,0,0,0,1,0,0,3
vis209.png,3247.png,63.5,0,1,0,0,0,1,I,multipanel,"annotation(s),caption(s),axes text,title(s),legend text",0,0,1,1,1,1,1,0,0,0,1,12,6,5,8,"Table,Bar,Distribution,Circle,Area,Map",1,1,1,0,1,0,0,1,0,1,0,0,6
v486_n7401_7_f1.png,3248.png,38.8,0,0,0,1,1,0,S,single,"axes labels,axes text,annotation(s)",0,1,1,0,1,0,0,0,0,0,0,3,2,0,1,Point,0,0,0,0,0,0,0,0,1,0,0,0,1
v484_n7394_1_f4.png,3249.png,80.7,0,0,0,1,0,1,S,multipanel,"axes labels,axes text,annotation(s),title(s),legend text",0,1,1,1,1,0,1,0,0,1,0,0,3,4,7,"Bar,Line,DIagram",0,1,0,0,0,0,1,0,0,0,0,0,2
v485_n7396_20_f4.png,3250.png,84.2,0,0,0,1,0,1,S,multipanel,"axes labels,axes text,annotation(s),tite(s),legend text",0,1,1,0,1,0,1,0,0,0,0,6,7,6,48,"Distribution,Bar,Line,Point,Diagram",0,1,0,1,1,0,1,0,1,0,0,0,5
v488_n7409_16_f1.png,3251.png,63.4,0,0,0,1,0,1,S,multipanel,"axes text,axes labels",0,1,1,0,0,0,0,0,0,0,0,3,2,1,1,Point,0,0,0,0,0,0,0,0,1,0,0,0,1
visMost348.png,3252.png,39.5,0,1,0,0,0,1,I,multipanel,"title(s),caption(s),annotation(s),axes text",0,0,1,1,1,1,0,0,0,0,0,8,18,6,6,"Bar,Area",1,1,0,0,0,0,0,0,0,0,0,0,2
v486_n7403_16_f1.png,3253.png,67.8,0,0,0,1,1,0,S,single,"title(s),axes text",0,0,1,1,0,0,0,0,0,0,0,4,1,0,2,Diagram,0,0,0,1,0,0,0,0,0,0,0,0,1
v484_n7395_1_f4.png,3254.png,75,0,0,0,1,0,1,S,multipanel,"title(s),axes text,axes labels,annotation(s)",0,1,1,1,1,0,0,0,0,0,0,6,2,3,4,"Grid & Matrix,Distribution",0,0,0,0,1,1,0,0,0,0,0,0,2
wsj434.png,3255.png,27.9,1,0,0,0,0,1,N,multipanel,"axes text,axes labels,annotation(s),legend text,caption(s),title(s)",0,1,1,1,1,1,1,0,0,0,1,3,2,1,4,Line,0,0,0,0,0,0,1,0,0,0,0,0,1
visMost406.png,3256.png,59.4,0,1,0,0,0,1,I,multipanel,"annotation(s),title(s),axes text",0,0,1,1,1,0,0,0,0,0,1,12,2,2,25,"Circle,Table,Diagram",0,0,1,1,0,0,0,0,0,1,0,0,3
v483_n7391_8_f1.png,3257.png,45.9,0,0,0,1,1,0,S,single,"axes text,axes labels",0,1,1,0,0,0,0,0,0,1,0,0,2,0,1,"Point,Line",0,0,0,0,0,0,1,0,1,0,0,0,2
v484_n7392_5_f5.png,3258.png,84,0,0,0,1,0,1,S,multipanel,"axes text,axes labels,annotation(s),legend text,legend title,title(s)",0,1,1,1,1,0,1,1,0,0,0,5,10,1,7,"Diagram,Point,Distribution",0,0,0,1,1,0,0,0,1,0,0,0,3
vis235.png,3259.png,40.9,0,1,0,0,0,1,I,multipanel,"title(s),caption(s),annotation(s),axes text",0,0,1,1,1,1,0,0,0,0,0,6,0,2,2,"Table,Diagram",0,0,0,1,0,0,0,0,0,1,0,0,2
v488_n7409_18_f4.png,3260.png,84.8,0,0,0,1,0,1,S,multipanel,"axes text,axes labels,title(s),annotation(s)",0,1,1,1,1,0,0,0,0,0,0,7,4,2,5,"Point,Distribution,Table",0,0,0,0,1,0,0,0,1,1,0,0,3
visMost360.png,3261.png,53.2,0,1,0,0,0,1,I,multipanel,"annotation(s),caption(s),legend text,title(s),axes text",0,0,1,1,1,1,1,0,0,0,1,7,4,3,3,"Map,Table",0,0,0,0,0,0,0,1,0,1,0,0,2
wsj352.png,3262.png,11.1,1,0,0,0,1,0,N,single,"title(s),caption(s)",0,0,0,1,0,1,0,0,0,0,0,5,3,0,1,Table,0,0,0,0,0,0,0,0,0,1,0,0,1
v487_n7408_4_f4.png,3263.png,72.6,0,0,0,1,1,0,S,single,"legend text,legend title,text-only,caption(s)",0,0,0,0,0,1,1,1,1,1,0,0,19,1,3,Table,0,0,0,0,0,0,0,0,0,1,0,0,1
v486_n7402_10_f3.png,3264.png,68.8,0,0,0,1,0,1,S,multipanel,"axes labels,axes text,legend text,title(s)",0,1,1,1,0,0,1,0,0,0,0,4,4,1,2,"Point,Line",0,0,0,0,0,0,1,0,1,0,0,0,2
v483_n7390_8_f1.png,3265.png,55.2,0,0,0,1,1,0,S,single,"axes labels,axes text,annotation(s)",0,1,1,0,1,0,0,0,0,0,0,3,2,2,1,Line,0,0,0,0,0,0,1,0,0,0,0,0,1
wsj346.png,3266.png,13.2,1,0,0,0,1,0,N,single,"title(s),axes text,caption(s)",0,0,1,1,0,1,0,0,0,0,1,7,2,1,1,Table,0,0,0,0,0,0,0,0,0,1,0,0,1
vis221.png,3267.png,57.2,0,1,0,0,0,1,I,multipanel,"title(s),caption(s),annotation(s),legend text",0,0,0,1,1,1,1,0,0,0,0,8,1,2,70,"Circle,Area",1,0,1,0,0,0,0,0,0,0,0,0,2
whoN37.png,3268.png,28.1,0,0,1,0,1,0,G,single,"title(s),axes text,axes labels,caption(s)",0,1,1,1,0,1,0,0,0,0,0,3,1,3,1,Table,0,0,0,0,0,0,0,0,0,1,0,0,1
visMost374.png,3269.png,56.5,0,1,0,0,1,0,I,single,"title(s),legend text,axes text,annotation(s)",0,0,1,1,1,0,1,0,0,0,1,14,2,3,2,"Map,Table,Area",1,0,0,0,0,0,0,1,0,1,0,0,3
visMost412.png,3270.png,28,0,1,0,0,1,0,I,single,"title(s),caption(s),annotation(s),axes text",0,0,1,1,1,1,0,0,0,0,0,12,0,1,1,"Diagram,Table",0,0,0,1,0,0,0,0,0,1,0,0,2
vis547.png,3271.png,43.4,0,1,0,0,1,0,I,single,"caption(s),axes text,title(s)",0,0,1,1,0,1,0,0,0,0,1,10,3,6,1,Table,0,0,0,0,0,0,0,0,0,1,0,0,1
wsj420.png,3272.png,36.9,1,0,0,0,0,1,N,multipanel,"axes text,annotation(s),legend text,legend title,title(s),caption(s)",0,0,1,1,1,1,1,1,0,0,1,6,3,2,4,"Bar,Line",0,1,0,0,0,0,1,0,0,0,0,0,2
whoL01_2.png,3273.png,55.7,0,0,1,0,1,0,G,single,"axes text,axes labels,caption(s),title(s)",0,1,1,1,0,1,0,0,0,1,0,0,0,1,1,Diagram,0,0,0,1,0,0,0,0,0,0,0,0,1
wsj350.png,3274.png,29.5,1,0,0,0,0,1,N,multipanel,"title(s),caption(s),annotation(s),axes text",0,0,1,1,1,1,0,0,0,0,1,6,2,0,2,Line,0,0,0,0,0,0,1,0,0,0,0,0,1
v489_n7414_1_f9.png,3275.png,66,0,0,0,1,0,1,S,multipanel,"axes text,axes labels,annotation(s),title(s),legend text",0,1,1,1,1,0,1,0,0,0,0,8,4,4,3,"Bar,Line,Circle,Distribution,Diagram",0,1,1,1,1,0,1,0,0,0,0,0,5
visMost362.png,3276.png,43.2,0,1,0,0,1,0,I,single,"caption(s),title(s),annotation(s)",0,0,0,1,1,1,0,0,0,0,1,5,0,0,1,Trees & Networks,0,0,0,0,0,0,0,0,0,0,0,1,1
vis237.png,3277.png,53.3,0,1,0,0,0,1,I,multipanel,"title(s),caption(s),annotation(s),axes text",0,0,1,1,1,1,0,0,0,0,1,22,4,5,1,Table,0,0,0,0,0,0,0,0,0,1,0,0,1
v483_n7391_8_f3.png,3278.png,52.5,0,0,0,1,1,0,S,single,"axes text,axes labels,legend text",0,1,1,0,0,0,1,0,0,0,0,11,4,0,1,"Map,Line,Area,Distribution",1,0,0,0,1,0,1,1,0,0,0,0,4
vis551.png,3279.png,17.2,0,1,0,0,1,0,I,single,"legend text,annotation(s),axes text,caption(s),title(s)",0,0,1,1,1,1,1,0,0,0,1,4,2,1,1,Bar,0,1,0,0,0,0,0,0,0,0,0,0,1
visMost404.png,3280.png,71.6,0,1,0,0,1,0,I,single,"annotation(s),caption(s),title(s),axes text",0,0,1,1,1,1,0,0,0,0,1,11,0,0,1,"Diagram,Trees & Networks",0,0,0,1,0,0,0,0,0,0,0,1,2
wsj436.png,3281.png,26.8,1,0,0,0,1,0,N,single,"axes text,annotation(s),caption(s),title(s)",0,0,1,1,1,1,0,0,0,0,1,5,3,1,1,Bar,0,1,0,0,0,0,0,0,0,0,0,0,1
wsj422.png,3282.png,7.1,1,0,0,0,1,0,N,single,"axes text,axes labels,caption(s),title(s)",0,1,1,1,0,1,0,0,0,0,1,3,2,0,1,"Line,Area",1,0,0,0,0,0,1,0,0,0,0,0,2
vis545.png,3283.png,74.5,0,1,0,0,0,1,I,multipanel,"caption(s),axes text,title(s),annotation(s)",0,0,1,1,1,1,0,0,0,0,1,15,1,3,2,"Circle,Bar,Distribution",0,1,1,0,1,0,0,0,0,0,0,0,3
visMost410.png,3284.png,39.8,0,1,0,0,0,1,I,multipanel,"caption(s),title(s),axes text,annotation(s)",0,0,1,1,1,1,0,0,0,0,1,6,5,2,4,"Table,Circle,Bar",0,1,1,0,0,0,0,0,0,1,0,0,3
visMost376.png,3285.png,28.4,0,1,0,0,1,0,I,single,"annotation(s),legend text,axes text,caption(s),title(s)",0,0,1,1,1,1,1,0,0,0,0,7,1,1,2,"Circle,Table",0,0,1,0,0,0,0,0,0,1,0,0,2
vis223.png,3286.png,39.9,0,1,0,0,0,1,I,multipanel,"axes text,axes labels,caption(s),annotation(s),title(s),legend text",0,1,1,1,1,1,1,0,0,0,1,12,6,4,6,"Table,Bar,Distribution",0,1,0,0,1,0,0,0,0,1,0,0,3
wsj344.png,3287.png,50.9,1,0,0,0,0,1,N,multipanel,"caption(s),axes text,title(s)",0,0,1,1,0,1,0,0,0,0,1,7,8,8,8,"Table,Bar",0,1,0,0,0,0,0,0,0,1,0,0,2
v483_n7390_8_f3.png,3288.png,69.4,0,0,0,1,0,1,S,multipanel,"axes text,axes labels,annotation(s),title(s)",0,1,1,1,1,0,0,0,0,0,0,4,3,1,4,"Bar,Line",0,1,0,0,0,0,1,0,0,0,0,0,2
v486_n7402_10_f1.png,3289.png,64.9,0,0,0,1,0,1,S,multipanel,"annotation(s),axes text,axes labels,title(s)",0,1,1,1,1,0,0,0,0,0,0,6,2,0,4,"Distribution,Line",0,0,0,0,1,0,1,0,0,0,0,0,2
v483_n7389_6_f10.png,3290.png,75.1,0,0,0,1,0,1,S,multipanel,"annotation(s),axes text,axes labels",0,1,1,0,1,0,0,0,0,0,0,7,4,0,8,"Area,Line,Grid & Matrix,Area,Distribution",1,0,0,0,1,1,1,0,0,0,0,0,4
v486_n7401_7_f3.png,3291.png,63.8,0,0,0,1,0,1,S,multipanel,"axes text,axes labels,legend text,annotation(s),title(s)",0,1,1,1,1,0,1,0,0,0,0,5,4,2,2,Point,0,0,0,0,0,0,0,0,1,0,0,0,1
v483_n7389_10_f3.png,3292.png,68.2,0,0,0,1,0,1,S,multipanel,"axes text,axes labels,title(s)",0,1,1,1,0,0,0,0,0,0,0,6,2,2,2,"Line,Diagram",0,0,0,1,0,0,1,0,0,0,0,0,2
visMost438.png,3293.png,45.1,0,1,0,0,0,1,I,multipanel,"annotation(s),caption(s),legend text,axes text,title(s)",0,0,1,1,1,1,1,0,0,0,1,15,3,2,1,"Area,Diagram",1,0,0,1,0,0,0,0,0,0,0,0,2
vis579.png,3294.png,19.2,0,1,0,0,1,0,I,single,"title(s),caption(s),annotation(s)",0,0,0,1,1,1,0,0,0,0,1,4,2,0,1,"Area,Bar",1,1,0,0,0,0,0,0,0,0,0,0,2
v484_n7395_1_f6.png,3295.png,79.8,0,0,0,1,0,1,S,multipanel,"axes labels,title(s),legend title,legend text,axes text",0,1,1,1,0,0,1,1,0,0,0,17,9,1,9,"Point,Grid & Matrix",0,0,0,0,0,1,0,0,1,0,0,0,2
v486_n7403_16_f3.png,3296.png,69.6,0,0,0,1,0,1,S,multipanel,"title(s),axes text,caption(s),legend text,annotation(s)",0,0,1,1,1,1,1,0,0,0,0,6,3,4,6,Point,0,0,0,0,0,0,0,0,1,0,0,0,1
wsj378.png,3297.png,11.8,1,0,0,0,1,0,N,single,"axes text,annotation(s),title(s),caption(s)",0,0,1,1,1,1,0,0,0,0,1,2,1,1,1,Bar,0,1,0,0,0,0,0,0,0,0,0,0,1
whoN09.png,3298.png,27.2,0,0,1,0,0,1,G,multipanel,"title(s),legend title,legend text,caption(s)",0,0,0,1,0,1,1,1,0,0,0,9,1,0,1,Map,0,0,0,0,0,0,0,1,0,0,0,0,1
v488_n7411_3_f2.png,3299.png,84.6,0,0,0,1,0,1,S,multipanel,"axes text,annotation(s),legend text,axes labels,title(s)",0,1,1,1,1,0,1,0,0,0,0,8,13,3,22,"Distribution,Bar,Line,Point",0,1,0,0,1,0,1,0,1,0,0,0,4
wsj393.png,3300.png,33.1,1,0,0,0,0,1,N,multipanel,"caption(s),annotation(s),axes text,title(s)",0,0,1,1,1,1,0,0,0,0,1,3,5,0,4,"Bar,Line",0,1,0,0,0,0,1,0,0,0,0,0,2
economist_daily_chart_205.png,3301.png,38,1,0,0,0,0,1,N,multipanel,"axes text,axes labels,caption(s),annotation(s),title(s)",0,1,1,1,1,1,0,0,0,0,1,3,3,1,2,"Bar,Distribution",0,1,0,0,1,0,0,0,0,0,0,0,2
vis23.png,3302.png,34.2,0,1,0,0,0,1,I,multipanel,"title(s),legend text,caption(s)",0,0,0,1,0,1,1,0,0,0,0,5,0,2,2,Map,0,0,0,0,0,0,0,1,0,0,0,0,1
vis592.png,3303.png,61.7,0,1,0,0,0,1,I,multipanel,"annotation(s),caption(s),legend title,legend text,title(s)",0,0,0,1,1,1,1,1,0,0,1,15,0,3,4,"Point,Distribution,Trees & Networks",0,0,0,0,1,0,0,0,1,0,0,1,3
v488_n7410_3_f2.png,3304.png,75,0,0,0,1,0,1,S,multipanel,"axes labels,axes text,annotation(s),title(s)",0,1,1,1,1,0,0,0,0,0,0,12,2,2,6,"Bar,Diagram,Line",0,1,0,1,0,0,1,0,0,0,0,0,3
vis37.png,3305.png,49.6,0,1,0,0,0,1,I,multipanel,"annotation(s),caption(s),title(s)",0,0,0,1,1,1,0,0,0,0,1,7,1,5,5,"Map,",0,0,0,0,0,0,0,1,0,0,0,0,1
treasuryJ03_4.png,3306.png,9.9,0,0,1,0,1,0,G,single,"axes text,axes labels,title(s),annotation(s),caption(s)",0,1,1,1,1,1,0,0,0,0,0,1,2,0,1,Bar,0,1,0,0,0,0,0,0,0,0,0,0,1
vis586.png,3307.png,18.5,0,1,0,0,1,0,I,single,"axes labels,axes text,annotation(s),legend text,title(s),caption(s)",0,1,1,1,1,1,1,0,0,0,0,4,2,1,1,Line,0,0,0,0,0,0,1,0,0,0,0,0,1
economist_daily_chart_211.png,3308.png,21.5,1,0,0,0,1,0,N,single,"axes labels,axes text,title(s),caption(s)",0,1,1,1,0,1,0,0,0,0,0,2,3,0,1,Line,0,0,0,0,0,0,1,0,0,0,0,0,1
v484_n7395_17_f2.png,3309.png,71.8,0,0,0,1,0,1,S,multipanel,"annotation(s),legend text,caption(s),title(s),axes text,axes labels",0,1,1,1,1,1,1,0,0,0,0,14,2,2,6,"Distribution,Diagram",0,0,0,1,1,0,0,0,0,0,0,0,2
wsj387.png,3310.png,41,1,0,0,0,0,1,N,multipanel,"title(s),caption(s),annotation(s),axes text",0,0,1,1,1,1,0,0,0,0,1,8,3,0,10,"Bar,Line",0,1,0,0,0,0,1,0,0,0,0,0,2
whoB13_1.png,3311.png,18,0,0,1,0,1,0,G,single,"axes text,axes labels,caption(s),title(s),annotation(s)",0,1,1,1,1,1,0,0,0,0,0,3,1,2,1,"Table,Bar",0,1,0,0,0,0,0,0,0,1,0,0,2
whoJ15_1.png,3312.png,22.6,0,0,1,0,1,0,G,single,"axes text,axes labels,annotation(s),caption(s),title(s)",0,1,1,1,1,1,0,0,0,0,0,2,1,1,1,Bar,0,1,0,0,0,0,0,0,0,0,0,0,1
v486_n7401_21_f1.png,3313.png,84,0,0,0,1,0,1,S,multipanel,"annotation(s),title(s),axes text,axes labels",0,1,1,1,1,0,0,0,0,0,0,10,5,3,10,"Point,Line,Diagram",0,0,0,1,0,0,1,0,1,0,0,0,3
v485_n7400_3_f5.png,3314.png,58.9,0,0,0,1,0,1,S,multipanel,"axes text,annotation(s),axes labels,title(s),legend text",0,1,1,1,1,0,1,0,0,0,0,4,4,3,4,"Diagram,Bar,Table",0,1,0,1,0,0,0,0,0,1,0,0,3
v490_n7419_11_f2.png,3315.png,78.3,0,0,0,1,0,1,S,multipanel,"axes text,axes labels,annotation(s),title(s),legend title,legend text",0,1,1,1,1,0,1,1,0,0,0,14,7,0,4,"Point,Map,Area,Distribution",1,0,0,0,1,0,0,1,1,0,0,0,4
whoQ46_4.png,3316.png,29.7,0,0,1,0,1,0,G,single,"axes labels,axes text,legend text,title(s)",0,1,1,1,0,0,1,0,0,0,0,9,2,1,1,Area,1,0,0,0,0,0,0,0,0,0,0,0,1
visMost389.png,3317.png,42,0,1,0,0,0,1,I,multipanel,"annotation(s),title(s),legend text,caption(s)",0,0,0,1,1,1,1,0,0,0,1,12,3,7,23,"Circle,Bar,Line,Distribution",0,1,1,0,1,0,1,0,0,0,0,0,4
v489_n7415_17_f2.png,3318.png,68.9,0,0,0,1,0,1,S,multipanel,"axes text,title(s),axes labels,annotation(s)",0,1,1,1,1,0,0,0,0,0,0,5,2,0,6,"Point,Diagram",0,0,0,1,0,0,0,0,1,0,0,0,2
v487_n7405_2_f1.png,3319.png,77.9,0,0,0,1,0,1,S,multipanel,"axes text,axes labels,annotation(s),title(s)",0,1,1,1,1,0,0,0,0,0,0,10,6,3,18,"Bar,Circle,Point,Diagram",0,1,1,1,0,0,0,0,1,0,0,0,4
v485_n7400_12_f2.png,3320.png,82.1,0,0,0,1,0,1,S,multipanel,"annotation(s),title(s),axes text,legend text",0,0,1,1,1,0,1,0,0,0,0,6,1,0,4,Diagram,0,0,0,1,0,0,0,0,0,0,0,0,1
visMost606.png,3321.png,31.3,0,1,0,0,0,1,I,multipanel,"axes text,title(s),annotation(s),axes labels",0,1,1,1,1,0,0,0,0,0,1,5,18,4,4,"Bar,Distribution",0,1,0,0,1,0,0,0,0,0,0,0,2
v488_n7413_13_f4.png,3322.png,45.2,0,0,0,1,1,0,S,single,"title(s),axes text,caption(s),axes labels",0,1,1,1,0,1,0,0,0,1,0,0,2,1,1,Table,0,0,0,0,0,0,0,0,0,1,0,0,1
vis753.png,3323.png,45.5,0,1,0,0,0,1,I,multipanel,"caption(s),annotation(s),axes text,title(s)",0,0,1,1,1,1,0,0,0,0,1,6,8,0,1,"Circle,Distribution",0,0,1,0,1,0,0,0,0,0,0,0,2
v490_n7418_21_f1.png,3324.png,70,0,0,0,1,0,1,S,multipanel,"axes text,axes labels,annotation(s),title(s),legend text",0,1,1,1,1,0,1,0,0,0,0,5,4,2,3,"Point,Distribution",0,0,0,0,1,0,0,0,1,0,0,0,2
visMost160.png,3325.png,35.4,0,1,0,0,0,1,I,multipanel,"annotation(s),caption(s),axes text,title(s)",0,0,1,1,1,1,0,0,0,0,1,15,0,1,1,"Table,Map",0,0,0,0,0,0,0,1,0,1,0,0,2
v489_n7414_27_f1.png,3326.png,77.2,0,0,0,1,0,1,S,multipanel,"axes labels,axes text,title(s),annotation(s)",0,1,1,1,1,0,0,0,0,0,0,5,2,3,15,"Bar,Distribution",0,1,0,0,1,0,0,0,0,0,0,0,2
v484_n7395_21_f3.png,3327.png,80,0,0,0,1,0,1,S,multipanel,"axes text,annotation(s),axes labels,title(s)",0,1,1,1,1,0,0,0,0,0,0,5,2,2,7,"Line,Bar,Diagram",0,1,0,1,0,0,1,0,0,0,0,0,3
wsj152.png,3328.png,18.5,1,0,0,0,0,1,N,multipanel,"axes text,axes labels,annotation(s),title(s),caption(s)",0,1,1,1,1,1,0,0,0,0,1,4,3,0,2,"Bar,Line,Area",1,1,0,0,0,0,1,0,0,0,0,0,3
wsj146.png,3329.png,53.7,1,0,0,0,0,1,N,multipanel,"annotation(s),legend text,caption(s),title(s),legend title,legend text",0,0,0,1,1,1,1,1,0,0,1,6,2,2,3,"Circle,Bar,Map,Area",1,1,1,0,0,0,0,1,0,0,0,0,4
visMost174.png,3330.png,20.1,0,1,0,0,0,1,I,multipanel,"caption(s),annotation(s),axes text",0,0,1,0,1,1,0,0,0,0,0,6,0,1,9,Bar,0,1,0,0,0,0,0,0,0,0,0,0,1
visMost612.png,3331.png,50,0,1,0,0,0,1,I,multipanel,"title(s),axes text,caption(s),annotation(s)",0,0,1,1,1,1,0,0,0,0,1,9,8,5,8,"Table,Bar,Map,Area,Circle",1,1,1,0,0,0,0,1,0,1,0,0,5
vis747.png,3332.png,59.4,0,1,0,0,0,1,I,multipanel,"caption(s),title(s),annotation(s),axes",0,0,0,1,1,1,0,0,0,0,1,8,12,8,15,"Line,Bar,Circle,Area",1,1,1,0,0,0,1,0,0,0,0,0,4
v484_n7392_13_f2.png,3333.png,50.1,0,0,0,1,0,1,S,multipanel,"axes labels,axes text,annotation(s),title(s),legend text",0,1,1,1,1,0,1,0,0,0,0,27,2,1,6,"Map,Area",1,0,0,0,0,0,0,1,0,0,0,0,2
visMost47.png,3334.png,43.9,0,1,0,0,0,1,I,multipanel,"annotation(s),caption(s),legend text,axes text,title(s)",0,0,1,1,1,1,1,0,0,0,1,6,2,2,7,"Circle,Area,Table",1,0,1,0,0,0,0,0,0,1,0,0,3
wsj608.png,3335.png,45.7,1,0,0,0,0,1,N,multipanel,"annotation(s),axes text,title(s),caption(s)",0,0,1,1,1,1,0,0,0,0,1,4,4,0,3,"Bar,Line",0,1,0,0,0,0,1,0,0,0,0,0,2
v489_n7415_21_f3.png,3336.png,83.3,0,0,0,1,0,1,S,multipanel,"axes text,axes labels,annotation(s),title(s)",0,1,1,1,1,0,0,0,0,0,0,6,4,2,6,"Diagram,Point,Line,Area,Distribution",1,0,0,1,1,0,1,0,1,0,0,0,5
v487_n7406_1_f3.png,3337.png,87.2,0,0,0,1,0,1,S,multipanel,"axes text,axes labels,legend text,annotation(s),title(s)",0,1,1,1,1,0,1,0,0,0,0,6,5,5,11,"Diagram,Bar,Point,Distribution",0,1,0,1,1,0,0,0,1,0,0,0,4
whoC28_2.png,3338.png,28.9,0,0,1,0,0,1,G,multipanel,"axes text,axes labels,title(s),legend text,caption(s)",0,1,1,1,0,1,1,0,0,0,0,5,2,1,1,"Bar,Line",0,1,0,0,0,0,1,0,0,0,0,0,2
v482_n7386_8_f1.png,3339.png,83.1,0,0,0,1,0,1,S,multipanel,"title(s),annotation(s),axes text",0,0,1,1,1,0,0,0,0,0,0,4,3,2,8,"Diagram,Distribution",0,0,0,1,1,0,0,0,0,0,0,0,2
visMost148.png,3340.png,56.8,0,1,0,0,0,1,I,multipanel,"title(s),caption(s),annotation(s),axes text",0,0,1,1,1,1,0,0,0,0,1,25,6,4,5,"Circle,Bar,Table",0,1,1,0,0,0,0,0,0,1,0,0,3
v489_n7414_29_f4.png,3341.png,75.8,0,0,0,1,0,1,S,multipanel,"axes text,axes labels,annotation(s),title(s)",0,1,1,1,1,0,0,0,0,0,0,7,6,4,20,"Bar,Line,Diagram,Distribution",0,1,0,1,1,0,1,0,0,0,0,0,4
visMost53.png,3342.png,64,0,1,0,0,0,1,I,multipanel,"title(s),axes text,caption(s),axes labels,annotation(s)",0,1,1,1,1,1,0,0,0,0,0,2,5,2,4,"Trees & Networks,Line,Table,Circle",0,0,1,0,0,0,1,0,0,1,0,1,4
v487_n7407_1_f3.png,3343.png,84.6,0,0,0,1,0,1,S,multipanel,"axes text,axes labels,title(s)",0,1,1,1,0,0,0,0,0,1,0,0,3,1,12,Point,0,0,0,0,0,0,0,0,1,0,0,0,1
treasuryK03_1.png,3344.png,12.2,0,0,1,0,1,0,G,single,"axes text,annotation(s),title(s),caption(s)",0,0,1,1,1,1,0,0,0,0,0,1,2,0,1,Bar,0,1,0,0,0,0,0,0,0,0,0,0,1
vis790.png,3345.png,57.1,0,1,0,0,0,1,I,multipanel,"title(s),caption(s),annotation(s),axes text",0,0,1,1,1,1,0,0,0,0,1,7,0,5,5,"Diagram,Table",0,0,0,1,0,0,0,0,0,1,0,0,2
vis948.png,3346.png,60.1,0,1,0,0,0,1,I,multipanel,"title(s),caption(s),axes text,axes labels,annotation(s)",0,1,1,1,1,1,0,0,0,0,1,8,16,1,4,"Circle,Table,Diagram",0,0,1,1,0,0,0,0,0,1,0,0,3
v489_n7417_18_f4.png,3347.png,88.4,0,0,0,1,0,1,S,multipanel,"axes labels,axes text,annotation(s),legend text,title(s)",0,1,1,1,1,0,1,0,0,0,0,7,9,4,13,"Point,Line,Bar",0,1,0,0,0,0,1,0,1,0,0,0,3
wsj191.png,3348.png,59.1,1,0,0,0,0,1,N,multipanel,"axes text,axes labels,title(s),caption(s),annotation(s)",0,1,1,1,1,1,0,0,0,0,1,4,4,2,8,"Table,Point",0,0,0,0,0,0,0,0,1,1,0,0,2
v490_n7418_4_f3.png,3349.png,96.4,0,0,0,1,0,1,S,multipanel,"title(s),axes text,axes labels,legend text,legend title",0,1,1,1,0,0,1,1,0,0,0,11,0,15,3,Distribution,0,0,0,0,1,0,0,0,0,0,0,0,1
v485_n7398_29_f1.png,3350.png,89,0,0,0,1,0,1,S,multipanel,"annotation(s),title(s)",0,0,0,1,1,0,0,0,0,0,0,6,0,1,7,"Diagram,Text",0,0,0,1,0,0,0,0,0,0,1,0,2
wsj5.png,3351.png,18.2,1,0,0,0,0,1,N,multipanel,"title(s),annotation(s),axes text,caption(s)",0,0,1,1,1,1,0,0,0,0,1,2,3,1,3,Bar,0,1,0,0,0,0,0,0,0,0,0,0,1
economist_daily_chart_17.png,3352.png,55,1,0,0,0,0,1,N,multipanel,"legend text,title(s),caption(s),annotation(s)",0,0,0,1,1,1,1,0,0,0,1,5,7,4,4,"Bar,Map,Table",0,1,0,0,0,0,0,1,0,1,0,0,3
wsj185.png,3353.png,35,1,0,0,0,0,1,N,multipanel,"title(s),annotation(s),caption(s),axes text,axes labels",0,1,1,1,1,1,0,0,0,0,1,2,1,2,2,"Diagram,Bar",0,1,0,1,0,0,0,0,0,0,0,0,2
v490_n7419_4_f3.png,3354.png,83.2,0,0,0,1,0,1,S,multipanel,"axes text,axes labels,legend text,annotation(s),title(s)",0,1,1,1,1,0,1,0,0,0,0,9,11,3,7,"Diagram,Area,Circle,Line,Circle,Distribution,Bar",1,1,1,1,1,0,1,0,0,0,0,0,6
visMost809.png,3355.png,62,0,1,0,0,0,1,I,multipanel,"title(s),caption(s),axes text,annotation(s)",0,0,1,1,1,1,0,0,0,0,1,3,11,4,7,"Area,Bar,Circle,Line",1,1,1,0,0,0,1,0,0,0,0,0,4
vis784.png,3356.png,49.2,0,1,0,0,0,1,I,multipanel,"title(s),axes text,annotation(s),caption(s)",0,0,1,1,1,1,0,0,0,0,0,1,1,1,1,Table,0,0,0,0,0,0,0,0,0,1,0,0,1
v483_n7387_19_f4.png,3357.png,69.2,0,0,0,1,0,1,S,multipanel,"axes text,axes labels,title(s)",0,1,1,1,0,0,0,0,0,0,0,6,1,1,5,"Bar,Diagram",0,1,0,1,0,0,0,0,0,0,0,0,2
v485_n7396_18_f2.png,3358.png,91.6,0,0,0,1,0,1,S,multipanel,"axes text,axes labels,title(s),annotation(s)",0,1,1,1,1,0,0,0,0,0,0,5,7,5,10,"Diagram,Point,Line,Table",0,0,0,1,0,0,1,0,1,1,0,0,4
v488_n7409_20_f2.png,3359.png,77.3,0,0,0,1,0,1,S,multipanel,"legend text,axes text,axes labels,title(s)",0,1,1,1,0,0,1,0,0,0,0,4,4,1,2,"Point,Line",0,0,0,0,0,0,1,0,1,0,0,0,2
treasuryL08_2.png,3360.png,14.4,0,0,1,0,1,0,G,single,"title(s),caption(s),axes text,annotation(s)",0,0,1,1,1,1,0,0,0,0,0,4,1,1,1,"Circle,Distribution",0,0,1,0,1,0,0,0,0,0,0,0,2
v483_n7387_17_f1.png,3361.png,81,0,0,0,1,0,1,S,multipanel,"axes text,axes labels,annotation(s),title(s)",0,1,1,1,1,0,0,0,0,0,0,6,5,5,7,"Table,Diagram,Point",0,0,0,1,0,0,0,0,1,1,0,0,3
visMost84.png,3362.png,54.9,0,1,0,0,0,1,I,multipanel,"axes text,axes labels,caption(s),annotation(s),title(s)",0,1,1,1,1,1,0,0,0,0,1,6,12,9,9,"Circle,Area,Table,Bar",1,1,1,0,0,0,0,0,0,1,0,0,4
vis974.png,3363.png,45.6,0,1,0,0,0,1,I,multipanel,"axes text,title(s),caption(s),annotation(s)",0,0,1,1,1,1,0,0,0,0,0,4,6,2,3,"Circle,Bar,Table,Distribution",0,1,1,0,1,0,0,0,0,1,0,0,4
v486_n7402_4_f1.png,3364.png,71.8,0,0,0,1,0,1,S,multipanel,"title(s),axes text,axes labels,legend text,annotation(s)",0,1,1,1,1,0,1,0,0,0,0,10,3,2,3,Point,0,0,0,0,0,0,0,0,1,0,0,0,1
v485_n7398_27_f4.png,3365.png,90.7,0,0,0,1,1,0,S,single,"annotation(s),title(s)",0,0,0,1,1,0,0,0,0,0,0,5,0,1,3,Diagram,0,0,0,1,0,0,0,0,0,0,0,0,1
whoQ44_6.png,3366.png,51.2,0,0,1,0,1,0,G,single,"axes text,axes labels,title(s),legend text",0,1,1,1,0,0,1,0,0,0,0,9,1,1,1,Line,0,0,0,0,0,0,1,0,0,0,0,0,1
visMost90.png,3367.png,57,0,1,0,0,0,1,I,multipanel,"title(s),caption(s),axes text,annotation(s)",0,0,1,1,1,1,0,0,0,0,0,5,5,1,3,"Circle,Diagram,Area",1,0,1,1,0,0,0,0,0,0,0,0,3
vis960.png,3368.png,59.7,0,1,0,0,0,1,I,multipanel,"title(s),axes text,axes labels,caption(s),annotation(s),legend text",0,1,1,1,1,1,1,0,0,0,0,8,6,5,6,"Map,Diagram,Circle,Line,Table,Area",1,0,1,1,0,0,1,1,0,1,0,0,6
v483_n7389_3_f5.png,3369.png,90.8,0,0,0,1,0,1,S,multipanel,"title(s),axes text,axes labels,legend title,legend text",0,1,1,1,0,0,1,1,0,0,0,5,3,6,5,"Point,Distribution",0,0,0,0,1,0,0,0,1,0,0,0,2
vis627.png,3370.png,68.2,0,1,0,0,1,0,I,single,"title(s),axes text,caption(s),annotation(s)",0,0,1,1,1,1,0,0,0,0,1,3,1,1,1,Diagram,0,0,0,1,0,0,0,0,0,0,0,0,1
whoJ31.png,3371.png,15.7,0,0,1,0,1,0,G,single,"title(s),axes text,axes labels,legend text,caption(s),annotation(s)",0,1,1,1,1,1,1,0,0,0,0,2,1,2,1,Bar,0,1,0,0,0,0,0,0,0,0,0,0,1
v489_n7414_25_f4.png,3372.png,76.9,0,0,0,1,0,1,S,multipanel,"axes text,axes labels,title(s)",0,1,1,1,0,0,0,0,0,0,0,3,5,0,2,"Distribution,Line,Bar,Point",0,1,0,0,1,0,1,0,1,0,0,0,4
visMost772.png,3373.png,51.8,0,1,0,0,0,1,I,multipanel,"title(s),caption(s),axes text,axes labels,annotation(s),legend text",0,1,1,1,1,1,1,0,0,0,1,6,9,3,7,"Map,Diagram,Bar,Circle",0,1,1,1,0,0,0,1,0,0,0,0,4
vis141.png,3374.png,40.3,0,1,0,0,0,1,I,multipanel,"title(s),caption(s),axes text,annotation(s)",0,0,1,1,1,1,0,0,0,0,1,6,1,2,2,"Trees & Networks,Map",0,0,0,0,0,0,0,1,0,0,0,1,2
v488_n7413_11_f1.png,3375.png,85.3,0,0,0,1,0,1,S,multipanel,"axes text,axes labels,annotation(s),legend text,title(s)",0,1,1,1,1,0,1,0,0,0,0,6,3,2,3,"Line,Point,Diagram",0,0,0,1,0,0,1,0,1,0,0,0,3
np_1.png,3376.png,59.9,1,0,0,0,1,0,N,single,"title(s),axes text,caption(s)",0,0,1,1,0,1,0,0,0,0,0,2,0,1,1,Trees & Networks,0,0,0,0,0,0,0,0,0,0,0,1,1
v483_n7388_3_f5.png,3377.png,89.2,0,0,0,1,0,1,S,multipanel,"axes labels,axes text,title(s)",0,1,1,1,0,0,0,0,0,0,0,3,6,3,17,"Line,Point",0,0,0,0,0,0,1,0,1,0,0,0,2
vis155.png,3378.png,53,0,1,0,0,0,1,I,multipanel,"title(s),caption(s),annotation(s),axes text",0,0,1,1,1,1,0,0,0,0,0,5,3,1,1,Table,0,0,0,0,0,0,0,0,0,1,0,0,1
vis633.png,3379.png,46.3,0,1,0,0,0,1,I,multipanel,"title(s),annotation(s),caption(s)",0,0,0,1,1,1,0,0,0,0,1,7,12,3,3,Table,0,0,0,0,0,0,0,0,0,1,0,0,1
visMost766.png,3380.png,44.4,0,1,0,0,0,1,I,multipanel,"legend text,annotation(s),axes text,caption(s),title(s)",0,0,1,1,1,1,1,0,0,0,1,6,6,2,5,"Bar,Distribution",0,1,0,0,1,0,0,0,0,0,0,0,2
whoH12_2.png,3381.png,8.6,0,0,1,0,0,1,G,multipanel,"axes text,axes labels,title(s),annotation(s)",0,1,1,1,1,0,0,0,0,0,0,2,2,0,1,Bar,0,1,0,0,0,0,0,0,0,0,0,0,1
v490_n7420_17_f2.png,3382.png,81.9,0,0,0,1,0,1,S,multipanel,"axes text,axes labels,annotation(s),legend text,title(s)",0,1,1,1,1,0,1,0,0,0,0,6,6,4,14,"Bar,Line,Diagram,Distribution",0,1,0,1,1,0,1,0,0,0,0,0,4
treasuryL17.png,3383.png,16.1,0,0,1,0,0,1,G,multipanel,"title(s),caption(s),axes text,axes labels,annotation(s)",0,1,1,1,1,1,0,0,0,0,0,5,3,1,2,"Circle,Table",0,0,1,0,0,0,0,0,0,1,0,0,2
vis169.png,3384.png,33.5,0,1,0,0,0,1,I,multipanel,"title(s),axes text,annotation(s),caption(s)",0,0,1,1,1,1,0,0,0,0,1,5,3,1,1,Diagram,0,0,0,1,0,0,0,0,0,0,0,0,1
economist_daily_chart_198.png,3385.png,15.2,1,0,0,0,1,0,N,single,"title(s),axes text,annotation(s),caption(s)",0,0,1,1,1,1,0,0,0,0,0,2,2,1,1,Line,0,0,0,0,0,0,1,0,0,0,0,0,1
whoJ19.png,3386.png,38.5,0,0,1,0,1,0,G,single,"title(s),axes text,annotation(s),caption(s),axes labels,text-only",0,1,1,1,1,1,0,0,1,0,0,2,1,1,1,Table,0,0,0,0,0,0,0,0,0,1,0,0,1
economist_daily_chart_173.png,3387.png,18.2,1,0,0,0,1,0,N,single,"axes text,annotation(s),legend text",0,0,1,0,1,0,1,0,0,0,0,4,1,2,1,Map,0,0,0,0,0,0,0,1,0,0,0,0,1
v483_n7391_20_f3.png,3388.png,91.1,0,0,0,1,0,1,S,multipanel,"axes labels,annotation(s),axes text,title(s),legend text",0,1,1,1,1,0,1,0,0,0,0,6,2,3,6,"Diagram,Distribution",0,0,0,1,1,0,0,0,0,0,0,0,2
vis182.png,3389.png,48.1,0,1,0,0,0,1,I,multipanel,"title(s),axes text,legend text,annotation(s),caption(s)",0,0,1,1,1,1,1,0,0,0,1,8,7,6,7,"Bar,Area,Circle,Diagram,Table",1,1,1,1,0,0,0,0,0,1,0,0,5
vis196.png,3390.png,43.7,0,1,0,0,0,1,I,multipanel,"title(s),caption(s),annotation(s),axes text",0,0,1,1,1,1,0,0,0,0,1,6,2,2,1,Diagram,0,0,0,1,0,0,0,0,0,0,0,0,1
v485_n7399_23_f3.png,3391.png,68,0,0,0,1,0,1,S,multipanel,"axes text,axes labels,legend text,annotation(s),title(s)",0,1,1,1,1,0,1,0,0,0,0,6,3,3,7,"Bar,Diagram",0,1,0,1,0,0,0,0,0,0,0,0,2
economist_daily_chart_167.png,3392.png,31.3,1,0,0,0,1,0,N,single,"title(s),axes text,caption(s),annotation(s)",0,0,1,1,1,1,0,0,0,0,0,2,2,1,1,Bar,0,1,0,0,0,0,0,0,0,0,0,0,1
vis828.png,3393.png,62.4,0,1,0,0,0,1,I,multipanel,"title(s),caption(s),annotation(s),axes text",0,0,1,1,1,1,0,0,0,0,1,1,8,7,22,"Circle,Map,Bar,Diagram,Table",0,1,1,1,0,0,0,1,0,1,0,0,5
vis800.png,3394.png,57.2,0,1,0,0,0,1,I,multipanel,"title(s),caption(s),legend text,annotation(s),axes text,axes labels",0,1,1,1,1,1,1,0,0,0,1,5,4,1,2,"Bar,Table",0,1,0,0,0,0,0,0,0,1,0,0,2
v489_n7417_9_f2.png,3395.png,63,0,0,0,1,0,1,S,multipanel,"axes text,axes labels,annotation(s),title(s)",0,1,1,1,1,0,0,0,0,0,0,4,4,0,5,Point,0,0,0,0,0,0,0,0,1,0,0,0,1
v490_n7419_8_f3.png,3396.png,88.4,0,0,0,1,0,1,S,multipanel,"axes text,axes labels,legend text,annotation(s),title(s)",0,1,1,1,1,0,1,0,0,0,0,5,4,2,10,"Diagram,Line",0,0,0,1,0,0,1,0,0,0,0,0,2
whoK13_2.png,3397.png,16.4,0,0,1,0,1,0,G,single,"legend text,title(s),caption(s),axes text,annotation(s)",0,0,1,1,1,1,1,0,0,0,0,10,1,1,1,Circle,0,0,1,0,0,0,0,0,0,0,0,0,1
v485_n7396_14_f2.png,3398.png,62.2,0,0,0,1,0,1,S,multipanel,title(s),0,0,0,1,0,0,0,0,0,0,0,6,0,0,8,"Circle,Diagram",0,0,1,1,0,0,0,0,0,0,0,0,2
v488_n7409_6_f1.png,3399.png,78.5,0,0,0,1,0,1,S,multipanel,"axes text,axes labels,title(s),annotation(s)",0,1,1,1,1,0,0,0,0,0,0,6,6,0,5,"Diagram,Line,Point",0,0,0,1,0,0,1,0,1,0,0,0,3
treasuryB18.png,3400.png,29.3,0,0,1,0,0,1,G,multipanel,"axes text,annotation(s),title(s),caption(s)",0,0,1,1,1,1,0,0,0,0,0,2,2,0,2,Area,1,0,0,0,0,0,0,0,0,0,0,0,1
vis814.png,3401.png,44.8,0,1,0,0,0,1,I,multipanel,"title(s),caption(s),annotation(s),axes text",0,0,1,1,1,1,0,0,0,0,1,6,8,3,2,"Table,Circle,Bar",0,1,1,0,0,0,0,0,0,1,0,0,3
visMost799.png,3402.png,53.6,0,1,0,0,0,1,I,multipanel,"title(s),caption(s),annotation(s),axes text",0,0,1,1,1,1,0,0,0,0,1,5,2,2,2,"Bar,Table",0,1,0,0,0,0,0,0,0,1,0,0,2
v489_n7416_9_f2.png,3403.png,82,0,0,0,1,0,1,S,multipanel,"axes text,axes labels,legend text,annotation(s),title(s)",0,1,1,1,1,0,1,0,0,0,0,8,8,2,6,"Bar,Point",0,1,0,0,0,0,0,0,1,0,0,0,2
v486_n7402_6_f4.png,3404.png,70.2,0,0,0,1,1,0,S,single,"axes labels,annotation(s),axes text",0,1,1,0,1,0,0,0,0,0,0,4,1,2,1,Bar,0,1,0,0,0,0,0,0,0,0,0,0,1
v488_n7410_20_f1.png,3405.png,82.3,0,0,0,1,0,1,S,multipanel,"axes text,axes labels,annotation(s),title(s)",0,1,1,1,1,0,0,0,0,0,0,18,5,4,4,"Point,Area,Bar",1,1,0,0,0,0,0,0,1,0,0,0,3
v485_n7398_25_f1.png,3406.png,73.7,0,0,0,1,0,1,S,multipanel,"title(s),axes text,axes labels",0,1,1,1,0,0,0,0,0,0,0,3,2,9,9,"Table,Distribution",0,0,0,0,1,0,0,0,0,1,0,0,2
wsj224.png,3407.png,28.3,1,0,0,0,1,0,N,single,"title(s),axes text,caption(s),annotation(s)",0,0,1,1,1,1,0,0,0,0,1,3,0,1,1,Diagram,0,0,0,1,0,0,0,0,0,0,0,0,1
treasuryI04_2.png,3408.png,26.9,0,0,1,0,1,0,G,single,"text-only,axes text,axes labels,caption(s)",0,1,1,0,0,1,0,0,1,0,0,2,2,2,1,Table,0,0,0,0,0,0,0,0,0,1,0,0,1
visMost216.png,3409.png,72.2,0,1,0,0,0,1,I,multipanel,"annotation(s),title(s),legend text,caption(s)",0,0,0,1,1,1,1,0,0,0,1,7,1,4,6,"Diagram,Bar,Map,Trees & Networks",0,1,0,1,0,0,0,1,0,0,0,1,4
visMost570.png,3410.png,77.2,0,1,0,0,0,1,I,multipanel,"axes text,axes labels,title(s),caption(s),annotation(s),legend title,legend text",0,1,1,1,1,1,1,1,0,0,1,13,4,4,5,"Circle,Bar,Diagram,Area,Table",1,1,1,1,0,0,0,0,0,1,0,0,5
vis425.png,3411.png,33.2,0,1,0,0,1,0,I,single,"title(s),caption(s),annotation(s)",0,0,0,1,1,1,0,0,0,0,1,3,8,4,1,Diagram,0,0,0,1,0,0,0,0,0,0,0,0,1
v490_n7419_1_f11.png,3412.png,70.3,0,0,0,1,0,1,S,multipanel,annotation(s),0,0,0,0,1,0,0,0,0,0,0,3,3,1,1,Diagram,0,0,0,1,0,0,0,0,0,0,0,0,1
wsj542.png,3413.png,32.2,1,0,0,0,0,1,N,multipanel,"axes text,annotation(s),title(s),caption(s)",0,0,1,1,1,1,0,0,0,0,1,6,3,0,3,Line,0,0,0,0,0,0,1,0,0,0,0,0,1
v485_n7399_15_f2.png,3414.png,76,0,0,0,1,0,1,S,multipanel,"title(s),axes text,annotation(s)",0,0,1,1,1,0,0,0,0,0,1,3,3,1,9,Diagram,0,0,0,1,0,0,0,0,0,0,0,0,1
v483_n7388_14_f4.png,3415.png,63.6,0,0,0,1,0,1,S,multipanel,"axes labels,axes text,annotation(s),title(s)",0,1,1,1,1,0,0,0,0,0,0,3,2,0,3,"Point,Distribution",0,0,0,0,1,0,0,0,1,0,0,0,2
v484_n7392_7_f2.png,3416.png,76.5,0,0,0,1,0,1,S,multipanel,"axes text,axes labels,legend text,annotation(s),title(s)",0,1,1,1,1,0,1,0,0,0,0,6,5,2,8,"Line,Trees & Networks,Point,Bar,Distribution,Area",1,1,0,0,1,0,1,0,1,0,0,1,6
wsj556.png,3417.png,17.4,1,0,0,0,1,0,N,single,"title(s),annotation(s),axes text,caption(s)",0,0,1,1,1,1,0,0,0,0,1,6,1,1,1,Circle,0,0,1,0,0,0,0,0,0,0,0,0,1
visMost564.png,3418.png,54,0,1,0,0,0,1,I,multipanel,"title(s),annotation(s),axes text,caption(s),axes labels",0,1,1,1,1,1,0,0,0,0,1,9,5,3,2,Table,0,0,0,0,0,0,0,0,0,1,0,0,1
v487_n7408_6_f3.png,3419.png,81.5,0,0,0,1,0,1,S,multipanel,"axes text,axes labels,title(s),annotation(s),legend text,legend title",0,1,1,1,1,0,1,1,0,0,0,4,6,0,7,"Bar,Area,Line,Point",1,1,0,0,0,0,1,0,1,0,0,0,4
vis357.png,3420.png,30.300000000000004,0,1,0,0,0,1,I,multipanel,"title(s),caption(s),annotation(s),axes text",0,0,1,1,1,1,0,0,0,0,0,8,0,3,3,"Diagram,Table",0,0,0,1,0,0,0,0,0,1,0,0,2
visMost202.png,3421.png,40.7,0,1,0,0,1,0,I,single,"title(s),legend text,caption(s),annotation(s),axes text",0,0,1,1,1,1,1,0,0,0,1,6,0,2,1,Table,0,0,0,0,0,0,0,0,0,1,0,0,1
wsj230.png,3422.png,12,1,0,0,0,1,0,N,single,"axes text,annotation(s),title(s),caption(s)",0,0,1,1,1,1,0,0,0,0,1,1,2,1,1,Line,0,0,0,0,0,0,1,0,0,0,0,0,1
wsj34.png,3423.png,22.2,1,0,0,0,0,1,N,multipanel,"title(s),caption(s),annotation(s),axes text",0,0,1,1,1,1,0,0,0,0,1,4,1,3,3,"Bar,Circle,Area",1,1,1,0,0,0,0,0,0,0,0,0,3
wsj218.png,3424.png,35.6,1,0,0,0,0,1,N,multipanel,"title(s),caption(s),annotation(s),axes text",0,0,1,1,1,1,0,0,0,0,1,4,3,1,3,"Circle,Area,Bar",1,1,1,0,0,0,0,0,0,0,0,0,3
v484_n7394_3_f3.png,3425.png,89,0,0,0,1,0,1,S,multipanel,"axes text,axes labels,annotation(s),title(s)",0,1,1,1,1,0,0,0,0,0,0,7,5,4,7,"Diagram,Bar,Point",0,1,0,1,0,0,0,0,1,0,0,0,3
vis419.png,3426.png,36.7,0,1,0,0,0,1,I,multipanel,"title(s),annotation(s),axes text,caption(s)",0,0,1,1,1,1,0,0,0,0,1,2,3,4,3,Bar,0,1,0,0,0,0,0,0,0,0,0,0,1
visMost558.png,3427.png,21.1,0,1,0,0,1,0,I,single,"title(s),annotation(s),caption(s)",0,0,0,1,1,1,0,0,0,0,1,6,0,1,1,Diagram,0,0,0,1,0,0,0,0,0,0,0,0,1
v485_n7396_22_f3.png,3428.png,87.9,0,0,0,1,0,1,S,multipanel,"axes text,axes labels,annotation(s),title(s)",0,1,1,1,1,0,0,0,0,0,0,1,4,5,12,"Table,Bar,Diagram,Text",0,1,0,1,0,0,0,0,0,1,1,0,4
wsj20.png,3429.png,34.6,1,0,0,0,1,0,N,single,"annotation(s),title(s),caption(s)",0,0,0,1,1,1,0,0,0,0,1,8,2,2,1,Diagram,0,0,0,1,0,0,0,0,0,0,0,0,1
vis380.png,3430.png,69.3,0,1,0,0,0,1,I,multipanel,"title(s),caption(s),axes text,annotation(s),legend text",0,0,1,1,1,1,1,0,0,0,1,6,5,4,6,"Circle,Diagram,Table,Bar,Area",1,1,1,1,0,0,0,0,0,1,0,0,5
economist_daily_chart_417.png,3431.png,12.4,1,0,0,0,1,0,N,single,"title(s),legend text,axes text,caption(s)",0,0,1,1,0,1,1,0,0,0,1,3,2,2,1,Bar,0,1,0,0,0,0,0,0,0,0,0,0,1
wsj581.png,3432.png,15.9,1,0,0,0,1,0,N,single,"axes text,annotation(s),title(s),caption(s)",0,0,1,1,1,1,0,0,0,0,1,3,2,1,1,Line,0,0,0,0,0,0,1,0,0,0,0,0,1
whoQ19.png,3433.png,52.8,0,0,1,0,1,0,G,single,"axes labels,axes text,title(s),caption(s)",0,1,1,1,0,1,0,0,0,0,0,1,1,2,1,Distribution,0,0,0,0,1,0,0,0,0,0,0,0,1
economist_daily_chart_371.png,3434.png,42.2,1,0,0,0,0,1,N,multipanel,"legend text,annotation(s),title(s),caption(s)",0,0,0,1,1,1,1,0,0,0,1,7,1,1,6,Circle,0,0,1,0,0,0,0,0,0,0,0,0,1
v487_n7406_19_f4.png,3435.png,80.2,0,0,0,1,0,1,S,multipanel,"axes text,axes labels,title(s),annotation(s),legend text",0,1,1,1,1,0,1,0,0,0,0,8,4,4,5,"Diagram,Point,Distribution,Grid & Matrix",0,0,0,1,1,1,0,0,1,0,0,0,4
wsj595.png,3436.png,35.1,1,0,0,0,0,1,N,multipanel,"axes text,annotation(s),title(s),caption(s)",0,0,1,1,1,1,0,0,0,0,1,4,3,2,2,"Bar,Point",0,1,0,0,0,0,0,0,1,0,0,0,2
economist_daily_chart_365.png,3437.png,22.4,1,0,0,0,1,0,N,single,"annotation(s),title(s),axes text,caption(s)",0,0,1,1,1,1,0,0,0,0,1,3,2,1,1,"Point,Line",0,0,0,0,0,0,1,0,1,0,0,0,2
economist_daily_chart_403.png,3438.png,26.300000000000004,1,0,0,0,1,0,N,single,"title(s),legend text,caption(s),annotation(s)",0,0,0,1,1,1,1,0,0,0,1,3,3,1,1,Bar,0,1,0,0,0,0,0,0,0,0,0,0,1
whoN04_1.png,3439.png,33.4,0,0,1,0,1,0,G,single,"title(s),caption(s),legend text",0,0,0,1,0,1,1,0,0,0,0,7,1,0,1,Map,0,0,0,0,0,0,0,1,0,0,0,0,1
vis394.png,3440.png,65.3,0,1,0,0,1,0,I,single,"title(s),axes text,caption(s),annotation(s)",0,0,1,1,1,1,0,0,0,0,1,4,5,5,5,Table,0,0,0,0,0,0,0,0,0,1,0,0,1
whoF14.png,3441.png,20.3,0,0,1,0,0,1,G,multipanel,"title(s),legend text,caption(s),axes text,axes labels",0,1,1,1,0,1,1,0,0,0,1,3,1,2,1,Bar,0,1,0,0,0,0,0,0,0,0,0,0,1
whoQ25.png,3442.png,26.4,0,0,1,0,1,0,G,single,"axes text,axes labels,legend text,caption(s),title(s),annotation(s)",0,1,1,1,1,1,1,0,0,0,0,3,2,1,1,Bar,0,1,0,0,0,0,0,0,0,0,0,0,1
economist_daily_chart_359.png,3443.png,42.9,1,0,0,0,1,0,N,single,"title(s),legend text,annotation(s),axes text,caption(s)",0,0,1,1,1,1,1,0,0,0,1,6,3,1,1,Bar,0,1,0,0,0,0,0,0,0,0,0,0,1
whoQ31.png,3444.png,14.8,0,0,1,0,1,0,G,single,"axes text,axes labels,legend text,title(s),caption(s)",0,1,1,1,0,1,1,0,0,0,0,2,3,0,1,Area,1,0,0,0,0,0,0,0,0,0,0,0,1
v490_n7420_21_f3.png,3445.png,74.7,0,0,0,1,0,1,S,multipanel,"axes text,axes labels,legend text,title(s),annotation(s)",0,1,1,1,1,0,1,0,0,0,0,14,5,5,5,"Bar,Table,Diagram",0,1,0,1,0,0,0,0,0,1,0,0,3
whoQ23_1.png,3446.png,28.8,0,0,1,0,1,0,G,single,"axes text,axes labels,title(s)",0,1,1,1,0,0,0,0,0,0,1,2,2,0,1,Point,0,0,0,0,0,0,0,0,1,0,0,0,1
v488_n7412_21_f2.png,3447.png,64.1,0,0,0,1,0,1,S,multipanel,"axes text,axes labels,legend text,title(s),annotation(s)",0,1,1,1,1,0,1,0,0,0,0,5,5,2,11,"Bar,Diagram",0,1,0,1,0,0,0,0,0,0,0,0,2
whoF01.png,3448.png,7.5,0,0,1,0,0,1,G,multipanel,"text-only,title(s),axes text,axes labels,caption(s)",0,1,1,1,0,1,0,0,1,0,1,3,1,1,2,Table,0,0,0,0,0,0,0,0,0,1,0,0,1
v484_n7394_13_f4.png,3449.png,73,0,0,0,1,0,1,S,multipanel,"axes text,axes labels,title(s)",0,1,1,1,0,0,0,0,0,0,0,9,6,0,3,"Line,Point,Area",1,0,0,0,0,0,1,0,1,0,0,0,3
v490_n7420_21_f2.png,3450.png,75.7,0,0,0,1,0,1,S,multipanel,"axes labels,axes text,legend text,annotation(s),title(s)",0,1,1,1,1,0,1,0,0,0,0,4,2,5,8,"Bar,Line,Distribution,Diagram",0,1,0,1,1,0,1,0,0,0,0,0,4
economist_daily_chart_358.png,3451.png,27.1,1,0,0,0,1,0,N,single,"title(s),axes text,caption(s),axes labels",0,1,1,1,0,1,0,0,0,0,1,3,3,0,1,"Bar,Line",0,1,0,0,0,0,1,0,0,0,0,0,2
whoC31_2.png,3452.png,16.4,0,0,1,0,0,1,G,multipanel,"axes text,axes labels,title(s),legend text",0,1,1,1,0,0,1,0,0,0,0,3,2,1,1,"Bar,Line",0,1,0,0,0,0,1,0,0,0,0,0,2
v488_n7412_21_f3.png,3453.png,87,0,0,0,1,0,1,S,multipanel,"axes text,axes labels,annotation(s),legend text,title(s)",0,1,1,1,1,0,1,0,0,0,0,4,4,4,11,"Diagram,Bar,Table",0,1,0,1,0,0,0,0,0,1,0,0,3
v485_n7400_1_f1.png,3454.png,91,0,0,0,1,0,1,S,multipanel,"axes text,axes labels,legend text,title(s)",0,1,1,1,0,0,1,0,0,0,0,5,5,5,15,"Table,Point,Diagram,Bar",0,1,0,1,0,0,0,0,1,1,0,0,4
whoF15.png,3455.png,16.2,0,0,1,0,0,1,G,multipanel,"title(s),annotation(s),caption(s),axes text",0,0,1,1,1,1,0,0,0,0,1,4,2,0,2,Circle,0,0,1,0,0,0,0,0,0,0,0,0,1
economist_daily_chart_364.png,3456.png,12,1,0,0,0,0,1,N,multipanel,"title(s),axes text,caption(s)",0,0,1,1,0,1,0,0,0,0,1,3,2,1,2,Bar,0,1,0,0,0,0,0,0,0,0,0,0,1
wsj594.png,3457.png,44.7,1,0,0,0,0,1,N,multipanel,"caption(s),title(s),legend text,annotation(s),axes text",0,0,1,1,1,1,1,0,0,0,0,6,4,3,4,"Circle,Bar,Distribution",0,1,1,0,1,0,0,0,0,0,0,0,3
v490_n7418_15_f4.png,3458.png,30.8,0,0,0,1,1,0,S,single,"axes text,annotation(s)",0,0,1,0,1,0,0,0,0,1,0,0,0,0,1,Trees & Networks,0,0,0,0,0,0,0,0,0,0,0,1,1
vis395.png,3459.png,52.2,0,1,0,0,0,1,I,multipanel,"title(s),legend text,annotation(s),caption(s),axes text",0,0,1,1,1,1,1,0,0,0,1,7,8,4,12,"Circle,Diagram,Bar,Table",0,1,1,1,0,0,0,0,0,1,0,0,4
v488_n7410_1_f6.png,3460.png,79.3,0,0,0,1,0,1,S,multipanel,"axes text,axes labels,title(s)",0,1,1,1,0,0,0,0,0,0,0,4,2,0,3,"Line,Diagram,Area,Distribution",1,0,0,1,1,0,1,0,0,0,0,0,4
economist_daily_chart_402.png,3461.png,39.6,1,0,0,0,1,0,N,single,"title(s),axes text,axes labels,caption(s),annotation(s)",0,1,1,1,1,1,0,0,0,0,1,3,2,1,1,Point,0,0,0,0,0,0,0,0,1,0,0,0,1
v485_n7397_2_f1.png,3462.png,83.5,0,0,0,1,0,1,S,multipanel,"axes text,axes labels,legend text,title(s),annotation(s)",0,1,1,1,1,0,1,0,0,0,0,5,4,3,3,"Area,Diagram,Text,Bar",1,1,0,1,0,0,0,0,0,0,1,0,4
economist_daily_chart_416.png,3463.png,34.1,1,0,0,0,1,0,N,single,"title(s),axes text,caption(s),axes labels",0,1,1,1,0,1,0,0,0,0,1,3,3,0,1,"Bar,Line",0,1,0,0,0,0,1,0,0,0,0,0,2
vis381.png,3464.png,51.3,0,1,0,0,1,0,I,single,"title(s),axes text,annotation(s),caption(s)",0,0,1,1,1,1,0,0,0,0,1,6,13,1,1,Diagram,0,0,0,1,0,0,0,0,0,0,0,0,1
economist_daily_chart_370.png,3465.png,20.7,1,0,0,0,1,0,N,single,"axes text,title(s),caption(s),annotation(s)",0,0,1,1,1,1,0,0,0,0,1,2,2,1,1,Bar,0,1,0,0,0,0,0,0,0,0,0,0,1
wsj580.png,3466.png,35.9,1,0,0,0,0,1,N,multipanel,"axes text,title(s),annotation(s),caption(s)",0,0,1,1,1,1,0,0,0,0,1,5,4,0,9,Bar,0,1,0,0,0,0,0,0,0,0,0,0,1
v485_n7396_22_f2.png,3467.png,88.6,0,0,0,1,0,1,S,multipanel,"title(s),axes text,axes labels,annotation(s),legend text",0,1,1,1,1,0,1,0,0,1,0,0,4,5,19,"Point,Diagram,Distribution",0,0,0,1,1,0,0,0,1,0,0,0,3
visMost559.png,3468.png,47.1,0,1,0,0,0,1,I,multipanel,"title(s),axes text,annotation(s),caption(s)",0,0,1,1,1,1,0,0,0,0,1,1,0,1,1,Table,0,0,0,0,0,0,0,0,0,1,0,0,1
wsj21.png,3469.png,46.2,1,0,0,0,1,0,N,single,"title(s),axes text,annotation(s),caption(s),legend text,legend title",0,0,1,1,1,1,1,1,0,0,1,5,2,3,1,"Area,Circle,Point",1,0,1,0,0,0,0,0,1,0,0,0,3
treasuryL11_2.png,3470.png,12.6,0,0,1,0,1,0,G,single,"title(s),caption(s),axes text,annotation(s)",0,0,1,1,1,1,0,0,0,0,0,8,1,1,1,"Circle,Distribution",0,0,1,0,1,0,0,0,0,0,0,0,2
v485_n7398_13_f1.png,3471.png,43.1,0,0,0,1,0,1,S,multipanel,"axes text,axes labels,title(s)",0,1,1,1,0,0,0,0,0,0,0,3,4,0,3,"Point,Line",0,0,0,0,0,0,1,0,1,0,0,0,2
v488_n7410_16_f1.png,3472.png,73.2,0,0,0,1,0,1,S,multipanel,"axes text,axes labels,title(s),annotation(s)",0,1,1,1,1,0,0,0,0,0,0,6,1,2,5,"Grid & Matrix,Bar,Diagram",0,1,0,1,0,1,0,0,0,0,0,0,3
wsj219.png,3473.png,36.5,1,0,0,0,1,0,N,single,"caption(s),legend title,legend text,title(s)",0,0,0,1,0,1,1,1,0,0,0,6,1,1,1,Map,0,0,0,0,0,0,0,1,0,0,0,0,1
whoH10_1.png,3474.png,10.5,0,0,1,0,0,1,G,multipanel,"axes text,axes labels,legend text,title(s)",0,1,1,1,0,0,1,0,0,0,0,4,2,1,1,Bar,0,1,0,0,0,0,0,0,0,0,0,0,1
wsj35.png,3475.png,28.4,1,0,0,0,0,1,N,multipanel,"axes text,annotation(s),title(s),caption(s)",0,0,1,1,1,1,0,0,0,0,1,4,3,0,2,"Bar,Line",0,1,0,0,0,0,1,0,0,0,0,0,2
vis418.png,3476.png,28.1,0,1,0,0,1,0,I,single,"title(s),legend text,caption(s),annotation(s)",0,0,0,1,1,1,1,0,0,0,0,3,0,2,1,Map,0,0,0,0,0,0,0,1,0,0,0,0,1
v484_n7394_3_f2.png,3477.png,90.6,0,0,0,1,0,1,S,multipanel,"annotation(s),title(s)",0,0,0,1,1,0,0,0,0,0,0,10,1,2,5,Diagram,0,0,0,1,0,0,0,0,0,0,0,0,1
v487_n7408_6_f2.png,3478.png,68,0,0,0,1,0,1,S,multipanel,"axes text,axes labels,annotation(s),title(s)",0,1,1,1,1,0,0,0,0,0,0,3,6,0,4,Point,0,0,0,0,0,0,0,0,1,0,0,0,1
visMost565.png,3479.png,27.8,0,1,0,0,1,0,I,single,"title(s),annotation(s),caption(s),axes text",0,0,1,1,1,1,0,0,0,0,1,4,0,1,1,Table,0,0,0,0,0,0,0,0,0,1,0,0,1
wsj557.png,3480.png,31.8,1,0,0,0,1,0,N,single,"title(s),axes text,axes labels,annotation(s),caption(s)",0,1,1,1,1,1,0,0,0,0,1,6,2,0,1,Bar,0,1,0,0,0,0,0,0,0,0,0,0,1
wsj231.png,3481.png,44.6,1,0,0,0,1,0,N,single,"title(s),axes text,annotation(s),caption(s)",0,0,1,1,1,1,0,0,0,0,1,6,5,0,2,"Bar,Distribution",0,1,0,0,1,0,0,0,0,0,0,0,2
v488_n7410_18_f4.png,3482.png,80.7,0,0,0,1,0,1,S,multipanel,"axes labels,axes text,legend text,title(s),annotation(s)",0,1,1,1,1,0,1,0,0,0,0,6,3,3,14,"Bar,Diagram,Area,Table,Distribution,POint",1,1,0,1,1,0,0,0,0,1,0,0,5
visMost203.png,3483.png,46.7,0,1,0,0,0,1,I,multipanel,"title(s),axes text,annotation(s),legend text,caption(s)",0,0,1,1,1,1,1,0,0,0,1,9,9,1,14,"Circle,Distribution,Area",1,0,1,0,1,0,0,0,0,0,0,0,3
vis356.png,3484.png,54,0,1,0,0,0,1,I,multipanel,"title(s),axes text,axes labels,caption(s),annotation(s),legend text,legend title",0,1,1,1,1,1,1,1,0,0,1,6,3,6,8,"Table,Map",0,0,0,0,0,0,0,1,0,1,0,0,2
visMost217.png,3485.png,31.1,0,1,0,0,1,0,I,single,"title(s),axes text,axes labels,annotation(s),caption(s),legend text",0,1,1,1,1,1,1,0,0,0,1,5,1,5,1,Bar,0,1,0,0,0,0,0,0,0,0,0,0,1
vis342.png,3486.png,51.9,0,1,0,0,0,1,I,multipanel,"title(s),caption(s),annotation(s)",0,0,0,1,1,1,0,0,0,0,0,3,6,8,13,"Circle,Line,Diagram,Distribution,Bar,Table",0,1,1,1,1,0,1,0,0,1,0,0,6
wsj225.png,3487.png,38.7,1,0,0,0,1,0,N,single,"title(s),annotation(s),caption(s)",0,0,0,1,1,1,0,0,0,0,1,7,0,1,1,Map,0,0,0,0,0,0,0,1,0,0,0,0,1
v484_n7392_7_f3.png,3488.png,66,0,0,0,1,0,1,S,multipanel,"axes text,axes labels,annotation(s),title(s)",0,1,1,1,1,0,0,0,0,0,0,2,6,2,7,"Trees & Networks,Area,Distribution,Line,Point",1,0,0,0,1,0,1,0,1,0,0,1,5
wsj543.png,3489.png,46.3,1,0,0,0,1,0,N,single,"title(s),annotation(s),axes text,caption(s),legend text",0,0,1,1,1,1,1,0,0,0,1,7,0,1,1,Diagram,0,0,0,1,0,0,0,0,0,0,0,0,1
v490_n7419_1_f10.png,3490.png,38.9,0,0,0,1,0,1,S,multipanel,annotation(s),0,0,0,0,1,0,0,0,0,0,0,2,3,1,1,Diagram,0,0,0,1,0,0,0,0,0,0,0,0,1
visMost571.png,3491.png,50.5,0,1,0,0,0,1,I,multipanel,"title(s),axes text,axes labels,annotation(s),caption(s),legend text",0,1,1,1,1,1,1,0,0,0,1,6,5,4,3,"Circle,Bar,Diagram,Table",0,1,1,1,0,0,0,0,0,1,0,0,4
treasuryB19.png,3492.png,65,0,0,1,0,1,0,G,single,"title(s),axes text,caption(s),annotation(s),axes labels",0,1,1,1,1,1,0,0,0,0,0,8,5,3,3,"Distribution,Line,Bar,Area",1,1,0,0,1,0,1,0,0,0,0,0,4
v490_n7418_8_f2.png,3493.png,32.7,0,0,0,1,1,0,S,single,"axes text,axes labels,annotation(s)",0,1,1,0,1,0,0,0,0,0,0,3,3,0,1,Point,0,0,0,0,0,0,0,0,1,0,0,0,1
v489_n7416_9_f3.png,3494.png,74.9,0,0,0,1,0,1,S,multipanel,"axes labels,axes text,title(s)",0,1,1,1,0,0,0,0,0,0,0,4,4,0,8,"Bar,Distribution,Diagram,Area",1,1,0,1,1,0,0,0,0,0,0,0,4
visMost798.png,3495.png,40.5,0,1,0,0,1,0,I,single,"title(s),axes text,axes labels,annotation(s),caption(s)",0,1,1,1,1,1,0,0,0,0,1,6,1,1,1,Diagram,0,0,0,1,0,0,0,0,0,0,0,0,1
vis815.png,3496.png,38,0,1,0,0,0,1,I,multipanel,"axes text,title(s),axes labels,annotation(s),caption(s)",0,1,1,1,1,1,0,0,0,0,1,7,3,2,1,"Table,Circle",0,0,1,0,0,0,0,0,0,1,0,0,2
whoQ42_1.png,3497.png,15.9,0,0,1,0,1,0,G,single,"title(s),axes text,axes labels",0,1,1,1,0,0,0,0,0,0,0,1,1,1,1,Bar,0,1,0,0,0,0,0,0,0,0,0,0,1
v485_n7398_7_f4.png,3498.png,74.6,0,0,0,1,1,0,S,single,"axes text,axes labels,legend text,annotation(s)",0,1,1,0,1,0,1,0,0,0,0,3,2,2,1,Point,0,0,0,0,0,0,0,0,1,0,0,0,1
vis801.png,3499.png,35.7,0,1,0,0,0,1,I,multipanel,"title(s),annotation(s),axes text,axes labels,caption(s)",0,1,1,1,1,1,0,0,0,0,1,3,4,2,3,"Area,Distribution,Bar",1,1,0,0,1,0,0,0,0,0,0,0,3
v485_n7396_14_f3.png,3500.png,63.6,0,0,0,1,1,0,S,single,annotation(s),0,0,0,0,1,0,0,0,0,0,0,6,1,1,1,Diagram,0,0,0,1,0,0,0,0,0,0,0,0,1
v490_n7419_8_f2.png,3501.png,70.6,0,0,0,1,1,0,S,single,"title(s),axes text,axes labels,annotation(s),legend text",0,1,1,1,1,0,1,0,0,0,0,5,3,1,4,"Diagram,Line",0,0,0,1,0,0,1,0,0,0,0,0,2
v489_n7417_9_f3.png,3502.png,67.7,0,0,0,1,0,1,S,multipanel,"title(s),axes text,axes labels,legend text,annotation(s)",0,1,1,1,1,0,1,0,0,0,0,7,5,3,7,"Bar,Point,Trees & Networks",0,1,0,0,0,0,0,0,1,0,0,1,3
v485_n7399_23_f2.png,3503.png,85.1,0,0,0,1,0,1,S,multipanel,"axes text,axes labels,annotation(s),title(s),legend text",0,1,1,1,1,0,1,0,0,0,0,12,2,4,5,"Distribution,Diagram",0,0,0,1,1,0,0,0,0,0,0,0,2
whoN06_2.png,3504.png,18.1,0,0,1,0,1,0,G,single,"legend text,caption(s),title(s)",0,0,0,1,0,1,1,0,0,0,0,6,0,1,1,Map,0,0,0,0,0,0,0,1,0,0,0,0,1
vis197.png,3505.png,57.5,0,1,0,0,0,1,I,multipanel,"title(s),axes text,axes labels,caption(s),annotation(s)",0,1,1,1,1,1,0,0,0,0,1,4,6,3,5,"Bar,Distribution",0,1,0,0,1,0,0,0,0,0,0,0,2
v485_n7398_9_f1.png,3506.png,46.1,0,0,0,1,1,0,S,single,"axes text,axes labels,legend text,legend title",0,1,1,0,0,0,1,1,0,0,1,4,4,2,1,Line,0,0,0,0,0,0,1,0,0,0,0,0,1
vis829.png,3507.png,41.3,0,1,0,0,0,1,I,multipanel,"title(s),annotation(s),axes text,caption(s),legend text",0,0,1,1,1,1,1,0,0,0,1,6,4,1,6,"Map,Distribution,Circle",0,0,1,0,1,0,0,1,0,0,0,0,3
v486_n7404_2_f4.png,3508.png,76.3,0,0,0,1,0,1,S,multipanel,"annotation(s),axes labels,axes text,title(s)",0,1,1,1,1,0,0,0,0,0,0,6,8,4,13,"Diagram,Bar,Distribution,Circle",0,1,1,1,1,0,0,0,0,0,0,0,4
economist_daily_chart_166.png,3509.png,26.9,1,0,0,0,0,1,N,multipanel,"title(s),legend text,axes text,caption(s)",0,0,1,1,0,1,1,0,0,0,1,4,2,2,2,Bar,0,1,0,0,0,0,0,0,0,0,0,0,1
v487_n7405_10_f1.png,3510.png,61.4,0,0,0,1,1,0,S,single,"annotation(s),axes text,axes labels,title(s)",0,1,1,1,1,0,0,0,0,0,1,4,2,2,5,Diagram,0,0,0,1,0,0,0,0,0,0,0,0,1
v483_n7391_20_f2.png,3511.png,85.1,0,0,0,1,0,1,S,multipanel,"annotation(s),title(s)",0,0,0,1,1,0,0,0,0,0,0,4,6,2,6,Diagram,0,0,0,1,0,0,0,0,0,0,0,0,1
economist_daily_chart_172.png,3512.png,21.6,1,0,0,0,1,0,N,single,"title(s),axes labels,axes text,caption(s),annotation(s)",0,1,1,1,1,1,0,0,0,0,0,3,2,1,1,Bar,0,1,0,0,0,0,0,0,0,0,0,0,1
vis183.png,3513.png,61.4,0,1,0,0,0,1,I,multipanel,"annotation(s),axes text,legend text,title(s),caption(s)",0,0,1,1,1,1,1,0,0,0,1,6,2,3,2,"Trees & Networks,Circle,Area",1,0,1,0,0,0,0,0,0,0,0,1,3
v485_n7399_9_f1.png,3514.png,72.5,0,0,0,1,0,1,S,multipanel,"axes text,axes labels,annotation(s),title(s)",0,1,1,1,1,0,0,0,0,0,0,3,6,1,4,"Line,Point,Diagram",0,0,0,1,0,0,1,0,1,0,0,0,3
v487_n7406_21_f1.png,3515.png,69.6,0,0,0,1,0,1,S,multipanel,"axes labels,axes text,title(s),annotation(s)",0,1,1,1,1,0,0,0,0,1,0,0,1,3,5,"Bar,Trees & Networks",0,1,0,0,0,0,0,0,0,0,0,1,2
vis168.png,3516.png,57.4,0,1,0,0,0,1,I,multipanel,"title(s),axes text,axes labels,caption(s),annotation(s)",0,1,1,1,1,1,0,0,0,0,1,6,8,2,5,"Point,Circle,Map",0,0,1,0,0,0,0,1,1,0,0,0,3
whoJ18.png,3517.png,50.9,0,0,1,0,0,1,G,multipanel,"title(s),axes labels,axes text,annotation(s),caption(s),legend text",0,1,1,1,1,1,1,0,0,0,0,6,4,1,3,"Bar,Point,Map",0,1,0,0,0,0,0,1,1,0,0,0,3
economist_daily_chart_199.png,3518.png,36.6,1,0,0,0,0,1,N,multipanel,"title(s),axes labels,axes text,caption(s),annotation(s)",0,1,1,1,1,1,0,0,0,0,1,3,1,1,3,Bar,0,1,0,0,0,0,0,0,0,0,0,0,1
treasuryL16.png,3519.png,35,0,0,1,0,1,0,G,single,"title(s),axes text,axes labels,annotation(s),legend text",0,1,1,1,1,0,1,0,0,0,0,5,2,1,1,Bar,0,1,0,0,0,0,0,0,0,0,0,0,1
v490_n7420_17_f3.png,3520.png,85.2,0,0,0,1,0,1,S,multipanel,"axes labels,axes text,annotation(s),title(s)",0,1,1,1,1,0,0,0,0,0,0,3,8,4,10,"Bar,Diagram,Distribution,Table",0,1,0,1,1,0,0,0,0,1,0,0,4
vis154.png,3521.png,44.8,0,1,0,0,1,0,I,single,"title(s),axes text,axes labels,annotation(s)",0,1,1,1,1,0,0,0,0,0,0,4,3,1,1,Diagram,0,0,0,1,0,0,0,0,0,0,0,0,1
v483_n7388_3_f4.png,3522.png,86.6,0,0,0,1,0,1,S,multipanel,"axes labels,axes text,annotation(s),title(s)",0,1,1,1,1,0,0,0,0,0,0,2,5,3,14,"Line,Map,Bar,Distribution",0,1,0,0,1,0,1,1,0,0,0,0,4
visMost767.png,3523.png,43.5,0,1,0,0,0,1,I,multipanel,"title(s),annotation(s),caption(s)",0,0,0,1,1,1,0,0,0,0,1,5,0,2,1,Trees & Networks,0,0,0,0,0,0,0,0,0,0,0,1,1
vis632.png,3524.png,40,0,1,0,0,0,1,I,multipanel,"title(s),axes text,axes labels,caption(s),annotation(s)",0,1,1,1,1,1,0,0,0,0,1,7,7,1,4,"Circle,Bar",0,1,1,0,0,0,0,0,0,0,0,0,2
visMost773.png,3525.png,30.3,0,1,0,0,1,0,I,single,"title(s),axes text,axes labels,annotation(s),caption(s)",0,1,1,1,1,1,0,0,0,0,1,6,1,1,1,Table,0,0,0,0,0,0,0,0,0,1,0,0,1
whoJ30.png,3526.png,47.4,0,0,1,0,0,1,G,multipanel,"title(s),axes text,axes labels,annotation(s),caption(s),legend title,legend text",0,1,1,1,1,1,1,1,0,0,0,6,4,2,3,"Point,Bar,Map",0,1,0,0,0,0,0,1,1,0,0,0,3
v484_n7393_19_f1.png,3527.png,72.2,0,0,0,1,0,1,S,multipanel,"axes text,axes labels,annotation(s),title(s)",0,1,1,1,1,0,0,0,0,0,0,3,3,5,4,"Bar,Table,Distribution,Diagram",0,1,0,1,1,0,0,0,0,1,0,0,4
vis626.png,3528.png,51.1,0,1,0,0,0,1,I,multipanel,"title(s),annotation(s),axes text,axes labels,caption(s)",0,1,1,1,1,1,0,0,0,0,0,3,3,2,4,"Bar,Circle,Distribution,Area,Map",1,1,1,0,1,0,0,1,0,0,0,0,5
v483_n7389_3_f4.png,3529.png,73,0,0,0,1,0,1,S,multipanel,"axes text,axes labels",0,1,1,0,0,0,0,0,0,0,0,10,4,5,4,Map,0,0,0,0,0,0,0,1,0,0,0,0,1
vis140.png,3530.png,43.5,0,1,0,0,0,1,I,multipanel,"title(s),axes text,axes labels,caption(s),annotation(s)",0,1,1,1,1,1,0,0,0,0,1,3,5,1,1,"Table,Line",0,0,0,0,0,0,1,0,0,1,0,0,2
whoQ44_7.png,3531.png,24.1,0,0,1,0,1,0,G,single,"title(s),axes text,legend text",0,0,1,1,0,0,1,0,0,0,0,2,1,2,1,Bar,0,1,0,0,0,0,0,0,0,0,0,0,1
whoB37_1.png,3532.png,27.9,0,0,1,0,0,1,G,multipanel,"title(s),axes text,axes labels,caption(s)",0,1,1,1,0,1,0,0,0,0,1,3,1,2,1,"Table,Area",1,0,0,0,0,0,0,0,0,1,0,0,2
vis961.png,3533.png,61,0,1,0,0,1,0,I,single,"title(s),axes text,axes labels,caption(s),annotation(s)",0,1,1,1,1,1,0,0,0,0,1,5,1,2,1,Table,0,0,0,0,0,0,0,0,0,1,0,0,1
visMost91.png,3534.png,47.8,0,1,0,0,1,0,I,single,legend text,0,0,0,0,0,0,1,0,0,0,1,10,0,1,1,Map,0,0,0,0,0,0,0,1,0,0,0,0,1
vis975.png,3535.png,43.4,0,1,0,0,0,1,I,multipanel,"title(s),caption(s),annotation(s),axes text",0,0,1,1,1,1,0,0,0,0,1,3,5,1,3,"Bar,Table",0,1,0,0,0,0,0,0,0,1,0,0,2
visMost85.png,3536.png,56.5,0,1,0,0,1,0,I,single,"title(s),caption(s),annotation(s)",0,0,0,1,1,1,0,0,0,0,1,7,1,0,1,Diagram,0,0,0,1,0,0,0,0,0,0,0,0,1
v488_n7409_20_f3.png,3537.png,68.9,0,0,0,1,0,1,S,multipanel,"axes text,axes labels,annotation(s),legend text,title(s)",0,1,1,1,1,0,1,0,0,0,0,4,5,6,6,Bar,0,1,0,0,0,0,0,0,0,0,0,0,1
visMost820.png,3538.png,67.5,0,1,0,0,0,1,I,multipanel,"title(s),annotation(s),axes text,caption(s)",0,0,1,1,1,1,0,0,0,0,0,3,1,1,1,Diagram,0,0,0,1,0,0,0,0,0,0,0,0,1
v485_n7398_5_f1.png,3539.png,77,0,0,0,1,0,1,S,multipanel,"axes labels,axes text,annotation(s),legend text,title(s)",0,1,1,1,1,0,1,0,0,0,0,7,14,4,9,"Line,Bar,Diagram,Table",0,1,0,1,0,0,1,0,0,1,0,0,4
wsj184.png,3540.png,53.3,1,0,0,0,1,0,N,single,"title(s),annotation(s),axes text,caption(s)",0,0,1,1,1,1,0,0,0,0,1,2,2,1,1,Line,0,0,0,0,0,0,1,0,0,0,0,0,1
economist_daily_chart_16.png,3541.png,60.2,1,0,0,0,0,1,N,multipanel,"title(s),axes text,axes labels,caption(s),annotation(s),legend text",0,1,1,1,1,1,1,0,0,0,1,8,3,2,3,"Map,Area,Bar",1,1,0,0,0,0,0,1,0,0,0,0,3
wsj4.png,3542.png,31.1,1,0,0,0,0,1,N,multipanel,"title(s),axes text,axes labels,caption(s)",0,1,1,1,0,1,0,0,0,0,1,4,4,1,2,Area,1,0,0,0,0,0,0,0,0,0,0,0,1
v483_n7388_20_f1.png,3543.png,67.7,0,0,0,1,0,1,S,multipanel,"title(s),axes text,axes labels,annotation(s),legend text",0,1,1,1,1,0,1,0,0,0,0,6,6,4,15,"Bar,Diagram,Table",0,1,0,1,0,0,0,0,0,1,0,0,3
v485_n7396_18_f3.png,3544.png,79,0,0,0,1,0,1,S,multipanel,"axes labels,axes text,annotation(s),title(s)",0,1,1,1,1,0,0,0,0,0,0,3,5,5,8,"Diagram,Bar,Line",0,1,0,1,0,0,1,0,0,0,0,0,3
vis785.png,3545.png,47.6,0,1,0,0,0,1,I,multipanel,"title(s),axes text,axes labels,caption(s),annotation(s)",0,1,1,1,1,1,0,0,0,0,1,6,5,3,6,"Circle,Diagram,Bar,Table",0,1,1,1,0,0,0,0,0,1,0,0,4
visMost808.png,3546.png,45.7,0,1,0,0,0,1,I,multipanel,"title(s),axes labels,axes text,caption(s),annotation(s)",0,1,1,1,1,1,0,0,0,0,1,4,1,3,3,"Table,Distribution",0,0,0,0,1,0,0,0,0,1,0,0,2
v490_n7419_4_f2.png,3547.png,78.6,0,0,0,1,0,1,S,multipanel,"title(s),axes labels,axes text,annotation(s)",0,1,1,1,1,0,0,0,0,0,0,5,10,3,14,"Map,Distribution,Bar,Diagram",0,1,0,1,1,0,0,1,0,0,0,0,4
vis791.png,3548.png,59,0,1,0,0,0,1,I,multipanel,"title(s),axes text,axes labels,caption(s),annotation(s)",0,1,1,1,1,1,0,0,0,0,1,4,0,0,2,"Bar,Circle",0,1,1,0,0,0,0,0,0,0,0,0,2
v490_n7418_4_f2.png,3549.png,86.9,0,0,0,1,0,1,S,multipanel,"axes text,legend text,title(s)",0,0,1,1,0,0,1,0,0,0,0,9,2,3,3,Grid & Matrix,0,0,0,0,0,1,0,0,0,0,0,0,1
wsj190.png,3550.png,30.6,1,0,0,0,1,0,N,single,"title(s),axes text,axes labels,annotation(s),caption(s)",0,1,1,1,1,1,0,0,0,0,1,4,1,2,1,Bar,0,1,0,0,0,0,0,0,0,0,0,0,1
v484_n7393_15_f1.png,3551.png,79.9,0,0,0,1,0,1,S,multipanel,"axes text,axes labels,annotation(s),legend text,title(s)",0,1,1,1,1,0,1,0,0,0,0,3,4,8,11,"Table,Diagram,Line",0,0,0,1,0,0,1,0,0,1,0,0,3
v489_n7414_29_f5.png,3552.png,74,0,0,0,1,0,1,S,multipanel,"axes text,axes labels,legend text,annotation(s),title(s)",0,1,1,1,1,0,1,0,0,0,0,5,4,4,8,"Bar,Diagram",0,1,0,1,0,0,0,0,0,0,0,0,2
visMost149.png,3553.png,48.800000000000004,0,1,0,0,0,1,I,multipanel,"annotation(s),title(s),axes text,axes labels,caption(s)",0,1,1,1,1,1,0,0,0,0,1,2,5,4,4,"Table,Bar,Diagram",0,1,0,1,0,0,0,0,0,1,0,0,3
v487_n7407_1_f2.png,3554.png,68.6,0,0,0,1,0,1,S,multipanel,"axes text,axes labels,legend text,title(s)",0,1,1,1,0,0,1,0,0,0,0,7,6,1,4,"Grid & Matrix,Point",0,0,0,0,0,1,0,0,1,0,0,0,2
visMost52.png,3555.png,83.8,0,1,0,0,1,0,I,single,"title(s),axes text,axes labels,annotation(s),caption(s)",0,1,1,1,1,1,0,0,0,0,1,13,1,1,1,Diagram,0,0,0,1,0,0,0,0,0,0,0,0,1
v489_n7415_21_f2.png,3556.png,69.5,0,0,0,1,0,1,S,multipanel,"title(s),axes labels",0,1,0,1,0,0,0,0,0,0,0,4,4,3,8,"Diagram,Line",0,0,0,1,0,0,1,0,0,0,0,0,2
wsj609.png,3557.png,25.2,1,0,0,0,0,1,N,multipanel,"title(s),axes text,axes labels,annotation(s),caption(s)",0,1,1,1,1,1,0,0,0,0,1,4,1,2,1,"Circle,Area",1,0,1,0,0,0,0,0,0,0,0,0,2
visMost46.png,3558.png,67.3,0,1,0,0,1,0,I,single,"title(s),axes text,axes labels,annotation(s)",0,1,1,1,1,0,0,0,0,1,1,0,0,1,1,Trees & Networks,0,0,0,0,0,0,0,0,0,0,0,1,1
v487_n7406_1_f2.png,3559.png,84.9,0,0,0,1,0,1,S,multipanel,"axes text,axes labels,annotation(s),legend text,title(s)",0,1,1,1,1,0,1,0,0,0,0,4,7,5,17,"Bar,Point,Distribution,Diagram,Line",0,1,0,1,1,0,1,0,1,0,0,0,5
visMost175.png,3560.png,58.1,0,1,0,0,0,1,I,multipanel,"title(s),axes text,axes labels",0,1,1,1,0,0,0,0,0,0,1,3,0,1,1,Table,0,0,0,0,0,0,0,0,0,1,0,0,1
wsj147.png,3561.png,34.9,1,0,0,0,1,0,N,single,"title(s),annotation(s),caption(s)",0,0,0,1,1,1,0,0,0,0,1,4,0,0,1,Diagram,0,0,0,1,0,0,0,0,0,0,0,0,1
v483_n7388_1_f1.png,3562.png,57,0,0,0,1,0,1,S,multipanel,"axes text,axes labels,legend text,annotation(s),title(s)",0,1,1,1,1,0,1,0,0,0,1,5,2,5,2,"Line,Diagram,Distribution",0,0,0,1,1,0,1,0,0,0,0,0,3
vis746.png,3563.png,63.8,0,1,0,0,0,1,I,multipanel,"title(s),axes text,axes labels,caption(s),annotation(s)",0,1,1,1,1,1,0,0,0,0,1,8,5,1,8,"Bar,Circle,Trees & Networks",0,1,1,0,0,0,0,0,0,0,0,1,3
visMost613.png,3564.png,63.6,0,1,0,0,0,1,I,multipanel,"title(s),axes text,axes labels,annotation(s),caption(s)",0,1,1,1,1,1,0,0,0,0,1,34,4,4,6,"Diagram,Bar,Circle",0,1,1,1,0,0,0,0,0,0,0,0,3
vis752.png,3565.png,43.4,0,1,0,0,0,1,I,multipanel,"title(s),axes text,axes labels,caption(s),annotation(s)",0,1,1,1,1,1,0,0,0,0,0,4,4,2,7,"Circle,Distribution,Map",0,0,1,0,1,0,0,1,0,0,0,0,3
visMost607.png,3566.png,65.6,0,1,0,0,0,1,I,multipanel,"title(s),axes text,axes labels,annotation(s),caption(s)",0,1,1,1,1,1,0,0,0,0,0,7,10,4,5,"Line,Circle,Map,Area",1,0,1,0,0,0,1,1,0,0,0,0,4
wsj153.png,3567.png,36.3,1,0,0,0,0,1,N,multipanel,"title(s),axes text,axes labels,caption(s),annotation(s)",0,1,1,1,1,1,0,0,0,0,1,3,4,4,3,"Circle,Distribution,Area",1,0,1,0,1,0,0,0,0,0,0,0,3
v484_n7395_21_f2.png,3568.png,85.4,0,0,0,1,0,1,S,multipanel,"axes text,axes labels,annotation(s),title(s),legend text",0,1,1,1,1,0,1,0,0,0,0,3,4,3,7,"Bar,Map,Table",0,1,0,0,0,0,0,1,0,1,0,0,3
v486_n7401_19_f4.png,3569.png,72.7,0,0,0,1,0,1,S,multipanel,"axes labels,axes text,annotation(s),title(s),legend text",0,1,1,1,1,0,1,0,0,1,0,0,4,3,6,"Bar,Distribution",0,1,0,0,1,0,0,0,0,0,0,0,2
visMost161.png,3570.png,64.6,0,1,0,0,0,1,I,multipanel,"title(s),axes text,legend text,legend title,caption(s),annotation(s)",0,0,1,1,1,1,1,1,0,0,0,11,2,2,3,"Bar,Map,Circle,Area",1,1,1,0,0,0,0,1,0,0,0,0,4
v483_n7389_1_f1.png,3571.png,70.2,0,0,0,1,0,1,S,multipanel,"axes text,axes labels,annotation(s),title(s)",0,1,1,1,1,0,0,0,0,0,0,5,2,9,14,"Diagram,Bar",0,1,0,1,0,0,0,0,0,0,0,0,2
v490_n7419_11_f3.png,3572.png,86.7,0,0,0,1,0,1,S,multipanel,"axes text,axes labels,annotation(s),legend text,legend title",0,1,1,0,1,0,1,1,0,0,0,5,5,1,3,"Line,Area,Point,Distribution",1,0,0,0,1,0,1,0,1,0,0,0,4
v485_n7400_3_f4.png,3573.png,48.4,0,0,0,1,0,1,S,multipanel,"axes text,axes labels,annotation(s),legend text,title(s)",0,1,1,1,1,0,1,0,0,0,0,3,8,4,4,Bar,0,1,0,0,0,0,0,0,0,0,0,0,1
v484_n7394_11_f1.png,3574.png,63.3,0,0,0,1,0,1,S,multipanel,"axes labels,axes text,legend text,annotation(s),title(s)",0,1,1,1,1,0,1,0,0,0,0,6,1,3,11,"Diagram,Bar,Point,Distribution",0,1,0,1,1,0,0,0,1,0,0,0,4
v489_n7415_17_f3.png,3575.png,81.3,0,0,0,1,0,1,S,multipanel,"axes text,axes labels,annotation(s),legend text",0,1,1,0,1,0,1,0,0,0,0,6,6,4,16,"Distribution,Line,Point",0,0,0,0,1,0,1,0,1,0,0,0,3
visMost388.png,3576.png,50,0,1,0,0,0,1,I,multipanel,"title(s),axes text,axes labels,annotation(s),caption(s)",0,1,1,1,1,1,0,0,0,0,1,8,5,1,2,"Circle,Bar",0,1,1,0,0,0,0,0,0,0,0,0,2
whoQ46_5.png,3577.png,22.7,0,0,1,0,1,0,G,single,"title(s),axes labels,axes text,legend text",0,1,1,1,0,0,1,0,0,0,0,3,2,3,1,Line,0,0,0,0,0,0,1,0,0,0,0,0,1
v490_n7418_19_f4.png,3578.png,68.4,0,0,0,1,0,1,S,multipanel,"axes labels,axes text,annotation(s),title(s)",0,1,1,1,1,0,0,0,0,0,0,3,6,4,4,"Line,Bar,Diagram",0,1,0,1,0,0,1,0,0,0,0,0,3
economist_daily_chart_238.png,3579.png,23.699999999999996,1,0,0,0,1,0,N,single,"title(s),axes text,caption(s),annotation(s),axes label",0,0,1,1,1,1,0,0,0,0,1,4,2,1,1,Bar,0,1,0,0,0,0,0,0,0,0,0,0,1
v484_n7395_17_f3.png,3580.png,72.3,0,0,0,1,0,1,S,multipanel,"axes text,axes labels,annotation(s),legend text,title(s)",0,1,1,1,1,0,1,0,0,0,0,5,5,4,6,"Line,Area",1,0,0,0,0,0,1,0,0,0,0,0,2
economist_daily_chart_210.png,3581.png,34.9,1,0,0,0,0,1,N,multipanel,"title(s),caption(s),axes labels,axes text,legend title,legend text",0,1,1,1,0,1,1,1,0,0,1,9,3,3,2,"Bar,Line",0,1,0,0,0,0,1,0,0,0,0,0,2
vis587.png,3582.png,58.1,0,1,0,0,0,1,I,multipanel,"title(s),annotation(s),axes text,caption(s),axes text",0,0,1,1,1,1,0,0,0,0,1,6,10,1,3,"Circle,Diagram,Map,Area",1,0,1,1,0,0,0,1,0,0,0,0,4
vis36.png,3583.png,46.3,0,1,0,0,0,1,I,multipanel,"title(s),axes text,axes labels,caption(s),annotation(s)",0,1,1,1,1,1,0,0,0,0,1,10,2,1,2,"Map,Table",0,0,0,0,0,0,0,1,0,1,0,0,2
v488_n7410_3_f3.png,3584.png,89.5,0,0,0,1,0,1,S,multipanel,"axes labels,axes text,annotation(s),title(s)",0,1,1,1,1,0,0,0,0,0,0,3,9,2,12,"Point,Line,Bar",0,1,0,0,0,0,1,0,1,0,0,0,3
wsj386.png,3585.png,32.2,1,0,0,0,1,0,N,single,"title(s),axes text,axes labels,annotation(s),caption(s)",0,1,1,1,1,1,0,0,0,0,1,8,3,1,2,"Area,Diagram,Distribution,Circle",1,0,1,1,1,0,0,0,0,0,0,0,4
wsj392.png,3586.png,20.3,1,0,0,0,1,0,N,single,"title(s),axes labels,caption(s),annotation(s)",0,1,0,1,1,1,0,0,0,0,1,2,1,2,2,Bar,0,1,0,0,0,0,0,0,0,0,0,0,1
v488_n7411_3_f3.png,3587.png,77,0,0,0,1,0,1,S,multipanel,"axes text,axes labels,annotation(s),title(s)",0,1,1,1,1,0,0,0,0,0,0,4,11,5,23,"Diagram,Point,Bar,Distribution",0,1,0,1,1,0,0,0,1,0,0,0,4
vis593.png,3588.png,43.9,0,1,0,0,0,1,I,multipanel,"axes text,axes labels,title(s),annotation(s),caption(s)",0,1,1,1,1,1,0,0,0,0,1,7,5,1,3,"Circle,Table,Distribution",0,0,1,0,1,0,0,0,0,1,0,0,3
vis22.png,3589.png,57.5,0,1,0,0,0,1,I,multipanel,"title(s),axes text,axes labels,annotation(s),caption(s),legend text",0,1,1,1,1,1,1,0,0,0,1,2,6,4,8,"Diagram,Bar,Circle,Table",0,1,1,1,0,0,0,0,0,1,0,0,4
economist_daily_chart_204.png,3590.png,37.2,1,0,0,0,1,0,N,single,"title(s),axes text,axes labels,caption(s),legend text",0,1,1,1,0,1,1,0,0,0,0,4,2,3,1,Bar,0,1,0,0,0,0,0,0,0,0,0,0,1
v486_n7403_16_f2.png,3591.png,58,0,0,0,1,0,1,S,multipanel,"axes text,axes labels,annotation(s),title(s)",0,1,1,1,1,0,0,0,0,0,0,2,2,3,3,"Line,Point",0,0,0,0,0,0,1,0,1,0,0,0,2
vis578.png,3592.png,28.2,0,1,0,0,0,1,I,multipanel,"title(s),annotation(s),axes text",0,0,1,1,1,0,0,0,0,0,1,1,5,2,2,Distribution,0,0,0,0,1,0,0,0,0,0,0,0,1
whoN08.png,3593.png,24.8,0,0,1,0,1,0,G,single,"title(s),axes labels,axes text,caption(s),text-only",0,1,1,1,0,1,0,0,1,0,1,1,2,2,1,Table,0,0,0,0,0,0,0,0,0,1,0,0,1
v488_n7409_16_f2.png,3594.png,68,0,0,0,1,0,1,S,multipanel,"axes text,axes labels,annotation(s),title(s)",0,1,1,1,1,0,0,0,0,1,0,0,3,3,7,"Bar,Distribution",0,1,0,0,1,0,0,0,0,0,0,0,2
v483_n7390_12_f4.png,3595.png,42.7,0,0,0,1,0,1,S,multipanel,"title(s),axes text,axes labels,legend text",0,1,1,1,0,0,1,0,0,0,0,4,3,0,2,"Map,Distribution",0,0,0,0,1,0,0,1,0,0,0,0,2
wsj379.png,3596.png,28.4,1,0,0,0,0,1,N,multipanel,"title(s),axes text,legend text,caption(s)",0,0,1,1,0,1,1,0,0,0,1,7,2,3,2,Line,0,0,0,0,0,0,1,0,0,0,0,0,1
v489_n7417_20_f1.png,3597.png,51,0,0,0,1,1,0,S,single,"axes text,axes labels,annotation(s),legend text",0,1,1,0,1,0,1,0,0,1,0,0,2,1,2,"Bar,Distribution",0,1,0,0,1,0,0,0,0,0,0,0,2
v486_n7401_7_f2.png,3598.png,58.5,0,0,0,1,1,0,S,single,"axes labels,axes text,annotation(s),legend text",0,1,1,0,1,0,1,0,0,0,0,3,2,1,1,Point,0,0,0,0,0,0,0,0,1,0,0,0,1
v483_n7389_10_f2.png,3599.png,69.8,0,0,0,1,0,1,S,multipanel,"axes labels,axes text,title(s),annotation(s)",0,1,1,1,1,0,0,0,0,0,0,3,2,1,4,Line,0,0,0,0,0,0,1,0,0,0,0,0,1
visMost439.png,3600.png,49.4,0,1,0,0,0,1,I,multipanel,"title(s),axes text,axes labels,annotation(s)",0,1,1,1,1,0,0,0,0,0,1,4,7,1,1,Table,0,0,0,0,0,0,0,0,0,1,0,0,1
v485_n7398_11_f4.png,3601.png,55,0,0,0,1,0,1,S,multipanel,"axes labels,axes text,annotation(s),title(s)",0,1,1,1,1,0,0,0,0,0,0,4,2,2,4,"Line,Table",0,0,0,0,0,0,1,0,0,1,0,0,2
visMost411.png,3602.png,42.5,0,1,0,0,1,0,I,single,"title(s),annotation(s),axes text,caption(s)",0,0,1,1,1,1,0,0,0,0,1,3,1,1,1,Table,0,0,0,0,0,0,0,0,0,1,0,0,1
vis544.png,3603.png,59.1,0,1,0,0,0,1,I,multipanel,"title(s),annotation(s),axes text,caption(s)",0,0,1,1,1,1,0,0,0,0,0,3,6,2,11,"Circle,Bar,Area",1,1,1,0,0,0,0,0,0,0,0,0,3
wsj423.png,3604.png,20.1,1,0,0,0,1,0,N,single,"title(s),caption(s),axes text,annotation(s)",0,0,1,1,1,1,0,0,0,0,1,3,0,1,1,Diagram,0,0,0,1,0,0,0,0,0,0,0,0,1
whoL01_1.png,3605.png,14.8,0,0,1,0,1,0,G,single,"axes labels,axes text,title(s),text-only",0,1,1,1,0,0,0,0,1,0,1,1,0,2,1,Table,0,0,0,0,0,0,0,0,0,1,0,0,1
v483_n7390_8_f2.png,3606.png,46.8,0,0,0,1,0,1,S,multipanel,"annotation(s),axes text,axes labels,title(s)",0,1,1,1,1,0,0,0,0,0,0,6,3,1,2,"Diagram,Area",1,0,0,1,0,0,0,0,0,0,0,0,2
wsj345.png,3607.png,42,1,0,0,0,0,1,N,multipanel,"title(s),annotation(s),caption(s),axes labels,axes text",0,1,1,1,1,1,0,0,0,0,1,4,2,0,2,Bar,0,1,0,0,0,0,0,0,0,0,0,0,1
vis222.png,3608.png,58.6,0,1,0,0,0,1,I,multipanel,"title(s),axes text,axes labels,annotation(s)",0,1,1,1,1,0,0,0,0,0,1,3,4,3,6,"Bar,Circle",0,1,1,0,0,0,0,0,0,0,0,0,2
whoN34.png,3609.png,12.9,0,0,1,0,1,0,G,single,"title(s),axes text,axes labels",0,1,1,1,0,0,0,0,0,0,0,2,1,2,1,Bar,0,1,0,0,0,0,0,0,0,0,0,0,1
v486_n7401_9_f7.png,3610.png,52.9,0,0,0,1,1,0,S,single,"axes labels,axes text,legend text,annotation(s)",0,1,1,0,1,0,1,0,0,1,0,0,2,2,1,"Line,Point",0,0,0,0,0,0,1,0,1,0,0,0,2
visMost377.png,3611.png,48.1,0,1,0,0,0,1,I,multipanel,"title(s),axes text,axes labels,annotation(s),caption(s)",0,1,1,1,1,1,0,0,0,0,1,1,4,2,1,Table,0,0,0,0,0,0,0,0,0,1,0,0,1
vis236.png,3612.png,59.5,0,1,0,0,0,1,I,multipanel,"title(s),axes text,axes labels,annotation(s),caption(s)",0,1,1,1,1,1,0,0,0,0,1,10,0,5,2,"Table,Diagram",0,0,0,1,0,0,0,0,0,1,0,0,2
whoN20.png,3613.png,33.4,0,0,1,0,1,0,G,single,"title(s),axes text,axes labels,caption(s),text-only",0,1,1,1,0,1,0,0,1,0,1,3,3,2,1,Table,0,0,0,0,0,0,0,0,0,1,0,0,1
visMost363.png,3614.png,42.2,0,1,0,0,0,1,I,multipanel,"axes text,title(s),axes labels,caption(s),annotation(s)",0,1,1,1,1,1,0,0,0,0,0,6,4,1,4,"Circle,Distribution,Area,Diagram,Table",1,0,1,1,1,0,0,0,0,1,0,0,5
v489_n7414_1_f8.png,3615.png,87.9,0,0,0,1,0,1,S,multipanel,"axes text,legend text,title(s),axes label",0,0,1,1,0,0,1,0,0,0,0,6,4,2,4,"Distribution,Grid & Matrix",0,0,0,0,1,1,0,0,0,0,0,0,2
wsj351.png,3616.png,41.4,1,0,0,0,0,1,N,multipanel,"title(s),axes text,axes labels,caption(s),annotation(s)",0,1,1,1,1,1,0,0,0,0,1,5,6,5,5,"Table,Bar",0,1,0,0,0,0,0,0,0,1,0,0,2
wsj437.png,3617.png,34.6,1,0,0,0,1,0,N,single,"title(s),axes text,axes labels,annotation(s),legend text,caption(s)",0,1,1,1,1,1,1,0,0,0,1,2,1,2,6,Bar,0,1,0,0,0,0,0,0,0,0,0,0,1
visMost405.png,3618.png,33.7,0,1,0,0,1,0,I,single,"title(s),axes text",0,0,1,1,0,0,0,0,0,0,1,6,2,1,1,Table,0,0,0,0,0,0,0,0,0,1,0,0,1
v483_n7391_8_f2.png,3619.png,45.2,0,0,0,1,1,0,S,single,"axes text,axes labels,annotation(s)",0,1,1,0,1,0,0,0,0,1,0,0,2,1,1,"Area,Line",1,0,0,0,0,0,1,0,0,0,0,0,2
vis550.png,3620.png,40.4,0,1,0,0,0,1,I,multipanel,"title(s),annotation(s),caption(s),axes label,axes text",0,0,1,1,1,1,0,0,0,0,0,2,2,3,3,"Area,Table",1,0,0,0,0,0,0,0,0,1,0,0,2
v484_n7394_1_f3.png,3621.png,73,0,0,0,1,0,1,S,multipanel,"axes labels,axes text,legend text,title(s),annotation(s)",0,1,1,1,1,0,1,0,0,1,0,0,13,5,14,"Bar,Line,Point",0,1,0,0,0,0,1,0,1,0,0,0,3
whoN18.png,3622.png,30.8,0,0,1,0,1,0,G,single,"title(s),axes text,axes labels,caption(s),text-only",0,1,1,1,0,1,0,0,1,0,1,2,1,4,1,Table,0,0,0,0,0,0,0,0,0,1,0,0,1
wsj369.png,3623.png,54.8,1,0,0,0,1,0,N,single,"title(s),axes text,axes labels,annotation(s),caption(s)",0,1,1,1,1,1,0,0,0,0,1,5,0,2,2,Diagram,0,0,0,1,0,0,0,0,0,0,0,0,1
v483_n7388_18_f1.png,3624.png,57.7,0,0,0,1,0,1,S,multipanel,"axes labels,axes text,annotation(s),title(s)",0,1,1,1,1,0,0,0,0,0,0,2,6,3,8,"Line,Bar",0,1,0,0,0,0,1,0,0,0,0,0,2
v485_n7396_20_f3.png,3625.png,76.3,0,0,0,1,0,1,S,multipanel,"legend text,legend title,axes text,axes labels,annotation(s)",0,1,1,0,1,0,1,1,0,0,0,3,5,3,12,"Bar,Line,Distribution",0,1,0,0,1,0,1,0,0,0,0,0,3
visMost429.png,3626.png,46.5,0,1,0,0,1,0,I,single,"title(s),annotation(s),caption(s)",0,0,0,1,1,1,0,0,0,0,1,8,0,0,2,"Bar,Table",0,1,0,0,0,0,0,0,0,1,0,0,2
v484_n7395_1_f3.png,3627.png,65.8,0,0,0,1,0,1,S,multipanel,"axes text,axes labels,title(s),legend text,annotation(s)",0,1,1,1,1,0,1,0,0,0,0,5,4,4,5,"Bar,Line,Area",1,1,0,0,0,0,1,0,0,0,0,0,3
whoH16_3.png,3628.png,24.3,0,0,1,0,0,1,G,multipanel,"title(s),axes text,axes labels,annotation(s)",0,1,1,1,1,0,0,0,0,0,0,4,1,1,1,Bar,0,1,0,0,0,0,0,0,0,0,0,0,1
vis554.png,3629.png,72.6,0,1,0,0,1,0,I,single,"title(s),axes text,caption(s)",0,0,1,1,0,1,0,0,0,0,0,17,1,2,1,"Circle,Point,Area",1,0,1,0,0,0,0,0,1,0,0,0,3
v483_n7391_8_f6.png,3630.png,51.1,0,0,0,1,0,1,S,multipanel,"axes labels,axes text,annotation(s)",0,1,1,0,1,0,0,0,0,0,0,5,3,1,3,"Line,Point",0,0,0,0,0,0,1,0,1,0,0,0,2
visMost401.png,3631.png,42.6,0,1,0,0,1,0,I,single,"title(s),axes text,caption(s),annotation(s)",0,0,1,1,1,1,0,0,0,0,1,16,1,1,1,Diagram,0,0,0,1,0,0,0,0,0,0,0,0,1
wsj433.png,3632.png,17.3,1,0,0,0,1,0,N,single,"text-only,title(s),caption(s),axes text,axes labels",0,1,1,1,0,1,0,0,1,0,1,3,2,2,4,Table,0,0,0,0,0,0,0,0,0,1,0,0,1
wsj355.png,3633.png,47.7,1,0,0,0,0,1,N,multipanel,"title(s),axes text,axes labels,annotation(s),caption(s)",0,1,1,1,1,1,0,0,0,0,1,5,3,1,9,Bar,0,1,0,0,0,0,0,0,0,0,0,0,1
visMost367.png,3634.png,42.5,0,1,0,0,0,1,I,multipanel,"title(s),annotation(s),caption(s),axes text",0,0,1,1,1,1,0,0,0,0,1,9,3,3,4,"Bar,Circle,Table",0,1,1,0,0,0,0,0,0,1,0,0,3
v484_n7392_5_f2.png,3635.png,82.6,0,0,0,1,0,1,S,multipanel,"axes text,axes labels,annotation(s),legend title,caption(s),legend text",0,1,1,0,1,1,1,1,0,0,0,5,4,2,13,"Line,Diagram,Distribution",0,0,0,1,1,0,1,0,0,0,0,0,3
vis232.png,3636.png,59.8,0,1,0,0,0,1,I,multipanel,"title(s),annotation(s),caption(s),axes text,axes labels,legend text",0,1,1,1,1,1,1,0,0,0,0,6,5,5,7,"Bar,Circle,Line,Table",0,1,1,0,0,0,1,0,0,1,0,0,4
v488_n7409_18_f3.png,3637.png,71.1,0,0,0,1,0,1,S,multipanel,"axes text,axes labels,title(s),annotation(s)",0,1,1,1,1,0,0,0,0,0,0,6,0,3,3,"Circle,Line,Point",0,0,1,0,0,0,1,0,1,0,0,0,3
whoN24.png,3638.png,26.4,0,0,1,0,1,0,G,single,"title(s),axes text,axes labels,annotation(s),text-only",0,1,1,1,1,0,0,0,1,0,1,4,5,2,1,Table,0,0,0,0,0,0,0,0,0,1,0,0,1
v488_n7411_12_f2.png,3639.png,58.5,0,0,0,1,1,0,S,single,"annotation(s),legend text,legend title",0,0,0,0,1,0,1,1,0,0,0,3,2,2,1,Trees & Networks,0,0,0,0,0,0,0,0,0,0,0,1,1
v485_n7399_17_f2.png,3640.png,82.8,0,0,0,1,0,1,S,multipanel,"axes text,axes labels,annotation(s),legend text,title(s)",0,1,1,1,1,0,1,0,0,0,0,10,9,4,11,"Diagram,Line,Distribution",0,0,0,1,1,0,1,0,0,0,0,0,3
v486_n7401_9_f3.png,3641.png,51.8,0,0,0,1,0,1,S,multipanel,"title(s),axes text,axes labels,annotation(s),legend text",0,1,1,1,1,0,1,0,0,1,0,0,4,3,3,Point,0,0,0,0,0,0,0,0,1,0,0,0,1
visMost373.png,3642.png,61.2,0,1,0,0,0,1,I,multipanel,"title(s),caption(s),annotation(s),axes text",0,0,1,1,1,1,0,0,0,0,0,4,2,6,8,"Circle,Diagram,Map,Table,Area",1,0,1,1,0,0,0,1,0,1,0,0,5
vis226.png,3643.png,52.1,0,1,0,0,0,1,I,multipanel,"title(s),axes text,axes labels,annotation(s),caption(s)",0,1,1,1,1,1,0,0,0,0,1,7,4,2,2,"Bar,Line",0,1,0,0,0,0,1,0,0,0,0,0,2
whoN30.png,3644.png,21.3,0,0,1,0,1,0,G,single,"legend title,legend text,title(s)",0,0,0,1,0,0,1,1,0,0,0,4,1,1,1,Map,0,0,0,0,0,0,0,1,0,0,0,0,1
wsj341.png,3645.png,40.1,1,0,0,0,0,1,N,multipanel,"axes text,axes labels,title(s),annotation(s),caption(s)",0,1,1,1,1,1,0,0,0,0,1,8,2,3,4,"Bar,Area,Table",1,1,0,0,0,0,0,0,0,1,0,0,3
v487_n7408_4_f3.png,3646.png,70.8,0,0,0,1,0,1,S,multipanel,"axes text,axes labels,title(s),annotation(s)",0,1,1,1,1,0,0,0,0,0,0,10,6,1,5,"Point,Circle",0,0,1,0,0,0,0,0,1,0,0,0,2
wsj427.png,3647.png,35.1,1,0,0,0,1,0,N,single,"title(s),annotation(s),caption(s)",0,0,0,1,1,1,0,0,0,0,0,3,0,0,1,Diagram,0,0,0,1,0,0,0,0,0,0,0,0,1
treasuryI02_1.png,3648.png,28.3,0,0,1,0,1,0,G,single,"title(s),annotation(s),axes text,axes labels,caption(s),legend text",0,1,1,1,1,1,1,0,0,0,0,4,2,1,1,"Bar,Line",0,1,0,0,0,0,1,0,0,0,0,0,2
v483_n7391_14_f2.png,3649.png,60.3,0,0,0,1,0,1,S,multipanel,"axes text,axes labels,title(s),legend title,legend text",0,1,1,1,0,0,1,1,0,0,0,8,4,3,6,"Distribution,Bar",0,1,0,0,1,0,0,0,0,0,0,0,2
vis540.png,3650.png,50.6,0,1,0,0,0,1,I,multipanel,"title(s),axes text,axes labels,annotation(s)",0,1,1,1,1,0,0,0,0,0,1,13,5,4,4,"Bar,Circle,Distribution",0,1,1,0,1,0,0,0,0,0,0,0,3
visMost415.png,3651.png,46.5,0,1,0,0,0,1,I,multipanel,"axes text,axes labels,annotation(s),title(s),caption(s)",0,1,1,1,1,1,0,0,0,0,0,8,0,9,6,"Circle,Diagram,Table",0,0,1,1,0,0,0,0,0,1,0,0,3
v485_n7397_26_f1.png,3652.png,71.5,0,0,0,1,0,1,S,multipanel,"axes text,axes labels,annotation(s),title(s)",0,1,1,1,1,0,0,0,0,0,0,8,0,9,3,"Bar,Line,Point,Diagram,Table",0,1,0,1,0,0,1,0,1,1,0,0,5
v484_n7395_19_f2.png,3653.png,86.4,0,0,0,1,0,1,S,multipanel,"title(s),axes labels,axes text,annotation(s)",0,1,1,1,1,0,0,0,0,0,0,7,6,3,7,"Grid & Matrix,Bar,Diagram,Distribution",0,1,0,1,1,1,0,0,0,0,0,0,4
v486_n7401_21_f4.png,3654.png,72.7,0,0,0,1,0,1,S,multipanel,"legend title,legend text,annotation(s),title(s)",0,0,0,1,1,0,1,1,0,0,0,13,0,6,7,Diagram,0,0,0,1,0,0,0,0,0,0,0,0,1
whoI09_1.png,3655.png,21.6,0,0,1,0,1,0,G,single,"title(s),caption(s),text-only,axes labels,axes text",0,1,1,1,0,1,0,0,1,1,0,0,4,2,1,Table,0,0,0,0,0,0,0,0,0,1,0,0,1
visMost398.png,3656.png,40.7,0,1,0,0,1,0,I,single,"title(s),caption(s),annotation(s)",0,0,0,1,1,1,0,0,0,0,1,20,1,1,1,Table,0,0,0,0,0,0,0,0,0,1,0,0,1
v488_n7409_4_f11.png,3657.png,50,0,0,0,1,0,1,S,multipanel,"axes text,axes labels,annotation(s),title(s)",0,1,1,1,1,0,0,0,0,0,0,5,4,2,4,Line,0,0,0,0,0,0,1,0,0,0,0,0,1
whoQ46_1.png,3658.png,10.4,0,0,1,0,1,0,G,single,"title(s),axes text",0,0,1,1,0,0,0,0,0,0,0,1,1,1,1,Bar,0,1,0,0,0,0,0,0,0,0,0,0,1
v490_n7420_23_f3.png,3659.png,26.5,0,0,0,1,0,1,S,multipanel,"axes labels,axes text,annotation(s),title(s)",0,1,1,1,1,0,0,0,0,0,0,3,3,0,3,"Line,Bar",0,1,0,0,0,0,1,0,0,0,0,0,2
v487_n7405_2_f4.png,3660.png,70.7,0,0,0,1,0,1,S,multipanel,"axes text,axes labels,annotation(s),title(s)",0,1,1,1,1,0,0,0,0,0,0,6,2,5,6,"Bar,Diagram",0,1,0,1,0,0,0,0,0,0,0,0,2
economist_daily_chart_228.png,3661.png,39.7,1,0,0,0,0,1,N,multipanel,"axes text,axes labels,annotation(s),caption(s),title(s)",0,1,1,1,1,1,0,0,0,0,1,3,3,1,2,"Bar,Line",0,1,0,0,0,0,1,0,0,0,0,0,2
v488_n7412_23_f2.png,3662.png,70.4,0,0,0,1,0,1,S,multipanel,"axes text,axes labels,annotation(s),title(s)",0,1,1,1,1,0,0,0,0,1,0,0,4,4,7,"Line,Distribution",0,0,0,0,1,0,1,0,0,0,0,0,2
economist_daily_chart_200.png,3663.png,36.2,1,0,0,0,1,0,N,single,"title(s),axes text,axes labels,annotation(s),caption(s)",0,1,1,1,1,1,0,0,0,0,0,3,2,1,1,Bar,0,1,0,0,0,0,0,0,0,0,0,0,1
vis597.png,3664.png,48.5,0,1,0,0,0,1,I,multipanel,"title(s),caption(s),annotation(s),axes label,axes text",0,0,1,1,1,1,0,0,0,0,1,10,0,2,4,"Table,Diagram",0,0,0,1,0,0,0,0,0,1,0,0,2
v489_n7415_19_f2.png,3665.png,39.1,0,0,0,1,0,1,S,multipanel,"axes labels,axes text,annotation(s),legend text,title(s)",0,1,1,1,1,0,1,0,0,0,0,4,4,1,4,Line,0,0,0,0,0,0,1,0,0,0,0,0,1
wsj396.png,3666.png,42.2,1,0,0,0,1,0,N,single,"title(s),annotation(s),legend text,caption(s)",0,0,0,1,1,1,1,0,0,0,1,3,0,2,1,Map,0,0,0,0,0,0,0,1,0,0,0,0,1
wsj382.png,3667.png,21.6,1,0,0,0,1,0,N,single,"title(s),annotation(s),caption(s)",0,0,0,1,1,1,0,0,0,0,1,3,0,3,1,Map,0,0,0,0,0,0,0,1,0,0,0,0,1
vis32.png,3668.png,60.9,0,1,0,0,1,0,I,single,"title(s),annotation(s),caption(s)",0,0,0,1,1,1,0,0,0,0,0,8,0,0,23,"Diagram,Distribution,Table",0,0,0,1,1,0,0,0,0,1,0,0,3
treasuryJ03_1.png,3669.png,7.7,0,0,1,0,1,0,G,single,"title(s),annotation(s),axes text,axes labels,caption(s)",0,1,1,1,1,1,0,0,0,0,0,2,0,1,1,Bar,0,1,0,0,0,0,0,0,0,0,0,0,1
vis583.png,3670.png,66.8,0,1,0,0,0,1,I,multipanel,"title(s),caption(s),annotation(s)",0,0,0,1,1,1,0,0,0,0,0,8,0,1,3,"Map,Distribution",0,0,0,0,1,0,0,1,0,0,0,0,2
economist_daily_chart_214.png,3671.png,21.1,1,0,0,0,0,1,N,multipanel,no text,1,0,0,0,0,0,0,0,0,0,1,1,0,0,1,Map,0,0,0,0,0,0,0,1,0,0,0,0,1
v487_n7406_1_f6.png,3672.png,60.6,0,0,0,1,0,1,S,multipanel,"title(s),axes text,axes labels,legend text,annotation(s)",0,1,1,1,1,0,1,0,0,0,0,2,4,2,2,Bar,0,1,0,0,0,0,0,0,0,0,0,0,1
v482_n7386_8_f4.png,3673.png,64.5,0,0,0,1,0,1,S,multipanel,"axes text,axes labels,annotation(s),title(s)",0,1,1,1,1,0,0,0,0,0,0,5,3,2,2,"Line,Point,Area,Diagram",1,0,0,1,0,0,1,0,1,0,0,0,4
v488_n7412_15_f3.png,3674.png,65.8,0,0,0,1,0,1,S,multipanel,"axes text,axes labels,legend text,title(s)",0,1,1,1,0,0,1,0,0,0,0,7,6,2,9,"Bar,Diagram,Trees & Networks",0,1,0,1,0,0,0,0,0,0,0,1,3
visMost159.png,3675.png,43.9,0,1,0,0,1,0,I,single,"annotation(s),title(s),legend title,legend text",0,0,0,1,1,0,1,1,0,0,1,2,1,4,2,"Diagram,Circle,Area",1,0,1,1,0,0,0,0,0,0,0,0,3
visMost42.png,3676.png,36.5,0,1,0,0,0,1,I,multipanel,"axes text,axes labels,title(s),legend text,annotation(s),caption(s)",0,1,1,1,1,1,1,0,0,0,0,10,2,3,3,"Bar,Circle,Table,Map",0,1,1,0,0,0,0,1,0,1,0,0,4
treasuryL15_2.png,3677.png,9.9,0,0,1,0,1,0,G,single,"title(s),axes text,axes labels,annotation(s)",0,1,1,1,1,0,0,0,0,0,0,1,1,1,1,Bar,0,1,0,0,0,0,0,0,0,0,0,0,1
v490_n7420_15_f2.png,3678.png,63.7,0,0,0,1,0,1,S,multipanel,"axes text,axes labels,annotation(s),legend text,title(s)",0,1,1,1,1,0,1,0,0,0,0,6,4,2,9,"Line,Bar",0,1,0,0,0,0,1,0,0,0,0,0,2
whoH14_1.png,3679.png,33.8,0,0,1,0,0,1,G,multipanel,"title(s),annotation(s),caption(s)",0,0,0,1,1,1,0,0,0,0,1,11,6,2,1,Circle,0,0,1,0,0,0,0,0,0,0,0,0,1
visMost56.png,3680.png,75.3,0,1,0,0,0,1,I,multipanel,"title(s),axes labels,axes text,annotation(s)",0,1,1,1,1,0,0,0,0,0,1,2,1,3,1,"Table,Area",1,0,0,0,0,0,0,0,0,1,0,0,2
v489_n7414_29_f1.png,3681.png,38.2,0,0,0,1,0,1,S,multipanel,"axes text,axes labels,title(s)",0,1,1,1,0,0,0,0,0,1,0,0,6,1,2,"Distribution,Point",0,0,0,0,1,0,0,0,1,0,0,0,2
visMost165.png,3682.png,42.8,0,1,0,0,0,1,I,multipanel,"title(s),caption(s),annotation(s)",0,0,0,1,1,1,0,0,0,0,0,6,0,1,2,Map,0,0,0,0,0,0,0,1,0,0,0,0,1
wsj157.png,3683.png,47.8,1,0,0,0,1,0,N,single,"title(s),caption(s),annotation(s)",0,0,0,1,1,1,0,0,0,0,1,4,0,0,1,Diagram,0,0,0,1,0,0,0,0,0,0,0,0,1
v489_n7414_27_f4.png,3684.png,58.7,0,0,0,1,0,1,S,multipanel,"axes labels,axes text,annotation(s)",0,1,1,0,1,0,0,0,0,0,0,6,3,2,8,Bar,0,1,0,0,0,0,0,0,0,0,0,0,1
visMost603.png,3685.png,37.2,0,1,0,0,1,0,I,single,"title(s),caption(s),axes text,axes labels",0,1,1,1,0,1,0,0,0,0,1,12,0,6,1,Table,0,0,0,0,0,0,0,0,0,1,0,0,1
v490_n7418_21_f4.png,3686.png,75,0,0,0,1,0,1,S,multipanel,"axes text,axes labels,annotation(s),title(s),caption(s)",0,1,1,1,1,1,0,0,0,0,0,11,0,6,5,Diagram,0,0,0,1,0,0,0,0,0,0,0,0,1
vis756.png,3687.png,51.5,0,1,0,0,0,1,I,multipanel,"text-only,title(s),annotation(s),caption(s),axes labels,axes text",0,1,1,1,1,1,0,0,1,0,1,14,3,4,5,"Circle,Line,Bar",0,1,1,0,0,0,1,0,0,0,0,0,3
v488_n7413_13_f1.png,3688.png,70.6,0,0,0,1,0,1,S,multipanel,"axes text,axes labels,title(s),legend text,annotation(s)",0,1,1,1,1,0,1,0,0,0,0,24,2,5,7,"Diagram,Bar,Point,Distribution",0,1,0,1,1,0,0,0,1,0,0,0,4
visMost617.png,3689.png,36.3,0,1,0,0,1,0,I,single,"title(s),caption(s)",0,0,0,1,0,1,0,0,0,0,1,22,0,1,1,Grid & Matrix,0,0,0,0,0,1,0,0,0,0,0,0,1
wsj143.png,3690.png,32.9,1,0,0,0,1,0,N,single,"legend text,annotation(s),title(s),axes text,axes labels,caption(s)",0,1,1,1,1,1,1,0,0,0,0,2,2,0,1,Line,0,0,0,0,0,0,1,0,0,0,0,0,1
visMost171.png,3691.png,46.7,0,1,0,0,1,0,I,single,"title(s),caption(s),annotation(s)",0,0,0,1,1,1,0,0,0,0,1,5,1,0,1,Diagram,0,0,0,1,0,0,0,0,0,0,0,0,1
whoB01.png,3692.png,53.8,0,0,1,0,0,1,G,multipanel,"title(s),axes text,axes labels,legend text,caption(s),annotation(s)",0,1,1,1,1,1,1,0,0,0,0,13,2,3,4,Bar,0,1,0,0,0,0,0,0,0,0,0,0,1
v485_n7398_5_f5.png,3693.png,62.2,0,0,0,1,0,1,S,multipanel,"axes text,axes labels,annotation(s),title(s),legend text",0,1,1,1,1,0,1,0,0,0,0,4,3,2,5,"Bar,Diagram,Point",0,1,0,1,0,0,0,0,1,0,0,0,3
whoC35_2.png,3694.png,14.4,0,0,1,0,0,1,G,multipanel,"text-only,title(s),axes labels,axes text",0,1,1,1,0,0,0,0,1,0,0,4,0,4,1,Table,0,0,0,0,0,0,0,0,0,1,0,0,1
vis971.png,3695.png,27,0,1,0,0,0,1,I,multipanel,"title(s),annotation(s),caption(s),axes text,axes labels",0,1,1,1,1,1,0,0,0,0,0,6,1,2,3,"Circle,Line,Area",1,0,1,0,0,0,1,0,0,0,0,0,3
visMost81.png,3696.png,46.2,0,1,0,0,1,0,I,single,"title(s),annotation(s),axes text,legend text",0,0,1,1,1,0,1,0,0,0,1,24,0,0,1,Diagram,0,0,0,1,0,0,0,0,0,0,0,0,1
v483_n7387_17_f4.png,3697.png,62.5,0,0,0,1,0,1,S,multipanel,"axes labels,axes text,annotation(s),title(s),legend text",0,1,1,1,1,0,1,0,0,0,0,3,2,2,4,"Line,Table",0,0,0,0,0,0,1,0,0,1,0,0,2
vis965.png,3698.png,41.6,0,1,0,0,0,1,I,multipanel,"title(s),annotation(s),caption(s)",0,0,0,1,1,1,0,0,0,0,0,7,1,1,3,"Diagram,Circle",0,0,1,1,0,0,0,0,0,0,0,0,2
visMost95.png,3699.png,33.3,0,1,0,0,1,0,I,single,"title(s),axes text,axes labels,annotation(s),caption(s)",0,1,1,1,1,1,0,0,0,0,1,4,4,1,4,"Bar,Distribution,Map",0,1,0,0,1,0,0,1,0,0,0,0,3
v488_n7409_4_f1.png,3700.png,67.2,0,0,0,1,0,1,S,multipanel,"axes text,axes labels,annotation(s),title(s)",0,1,1,1,1,0,0,0,0,0,1,10,2,3,4,"Diagram,Distribution",0,0,0,1,1,0,0,0,0,0,0,0,2
whoK15_1.png,3701.png,18.2,0,0,1,0,1,0,G,single,"title(s),legend title,legend text,caption(s)",0,0,0,1,0,1,1,1,0,0,0,5,1,0,1,Map,0,0,0,0,0,0,0,1,0,0,0,0,1
v490_n7420_2_f3.png,3702.png,56.4,0,0,0,1,0,1,S,multipanel,"axes labels,axes text,title(s),annotation(s)",0,1,1,1,1,0,0,0,0,0,0,5,1,1,2,"Bar,Diagram",0,1,0,1,0,0,0,0,0,0,0,0,2
whoQ44_3.png,3703.png,21.8,0,0,1,0,1,0,G,single,"title(s),axes text,axes labels,annotation(s)",0,1,1,1,1,0,0,0,0,0,0,1,2,1,1,Area,1,0,0,0,0,0,0,0,0,0,0,0,1
v485_n7398_27_f1.png,3704.png,71.9,0,0,0,1,0,1,S,multipanel,"title(s),annotation(s),legend text",0,0,0,1,1,0,1,0,0,0,0,8,0,5,4,"Table,Diagram",0,0,0,1,0,0,0,0,0,1,0,0,2
wsj194.png,3705.png,32.9,1,0,0,0,0,1,N,multipanel,"title(s),annotation(s),caption(s),axes labels,axes text",0,1,1,1,1,1,0,0,0,0,0,2,1,3,3,"Point,Table",0,0,0,0,0,0,0,0,1,1,0,0,2
v485_n7398_29_f4.png,3706.png,78.4,0,0,0,1,0,1,S,multipanel,"title(s),annotation(s),axes text",0,0,1,1,1,0,0,0,0,0,0,9,0,5,4,Diagram,0,0,0,1,0,0,0,0,0,0,0,0,1
v483_n7391_22_f3.png,3707.png,53.9,0,0,0,1,0,1,S,multipanel,"axes text,axes labels,title(s),legend text,annotation(s)",0,1,1,1,1,0,1,0,0,0,0,2,4,3,6,"Bar,Diagram,Distribution",0,1,0,1,1,0,0,0,0,0,0,0,3
vis795.png,3708.png,48.5,0,1,0,0,0,1,I,multipanel,"title(s),caption(s),annotation9s),legend text",0,0,0,1,0,1,1,0,0,0,1,11,6,3,6,"Circle,Map,Diagram",0,0,1,1,0,0,0,1,0,0,0,0,3
visMost818.png,3709.png,41,0,1,0,0,1,0,I,single,"legend text,title(s),annotation(s),caption(s)",0,0,0,1,1,1,1,0,0,0,1,17,0,0,1,Diagram,0,0,0,1,0,0,0,0,0,0,0,0,1
treasuryK03_4.png,3710.png,15.3,0,0,1,0,1,0,G,single,"axes labels,axes text,title(s),annotation(s)",0,1,1,1,1,0,0,0,0,0,0,3,2,0,1,Bar,0,1,0,0,0,0,0,0,0,0,0,0,1
v489_n7417_18_f1.png,3711.png,75.8,0,0,0,1,0,1,S,multipanel,"legend text,legend title,axes text,axes labels,title(s)",0,1,1,1,0,0,1,1,0,0,0,13,4,6,5,"Line,Bar,Table",0,1,0,0,0,0,1,0,0,1,0,0,3
v490_n7419_4_f6.png,3712.png,71.5,0,0,0,1,0,1,S,multipanel,"axes text,axes labels,annotation(s),title(s),legen title,legend text",0,1,1,1,1,0,1,0,0,0,0,11,3,3,6,"Distribution,Diagram",0,0,0,1,1,0,0,0,0,0,0,0,2
v483_n7387_19_f1.png,3713.png,77.9,0,0,0,1,0,1,S,multipanel,"title(s),axes text,axes labels,legend title,legend text,caption(s)",0,1,1,1,0,1,1,1,0,0,0,5,5,4,8,"Line,Bar,Diagram,Point",0,1,0,1,0,0,1,0,1,0,0,0,4
vis781.png,3714.png,49,0,1,0,0,0,1,I,multipanel,"title(s),annotation(s),caption(s),axes text",0,0,1,1,1,1,0,0,0,0,0,3,3,2,4,"Circle,Diagram,Text,Distribution",0,0,1,1,1,0,0,0,0,0,1,0,4
treasuryJ01_3.png,3715.png,23.6,0,0,1,0,1,0,G,single,"title(s),axes text,annotation(s),caption(s)",0,0,1,1,1,1,0,0,0,0,0,3,2,1,1,Line,0,0,0,0,0,0,1,0,0,0,0,0,1
v485_n7399_21_f3.png,3716.png,58.5,0,0,0,1,0,1,S,multipanel,"legend text,legend title,axes text,axes labels,annotation(s),title(s)",0,1,1,1,1,0,1,1,0,0,0,5,5,3,3,"Diagram,Bar,Table",0,1,0,1,0,0,0,0,0,1,0,0,3
vis959.png,3717.png,39.4,0,1,0,0,0,1,I,multipanel,"title(s),caption(s),axes text,annotation(s)",0,0,1,1,1,1,0,0,0,0,0,3,2,1,2,"Bar,Diagram",0,1,0,1,0,0,0,0,0,0,0,0,2
wsj180.png,3718.png,36.3,1,0,0,0,1,0,N,single,"title(s),axes text,axes labels,annotation(s)",0,1,1,1,1,0,0,0,0,0,1,3,2,0,1,Line,0,0,0,0,0,0,1,0,0,0,0,0,1
economist_daily_chart_12.png,3719.png,11,1,0,0,0,0,1,N,multipanel,no text,1,0,0,0,0,0,0,0,0,0,0,5,0,0,1,Diagram,0,0,0,1,0,0,0,0,0,0,0,0,1
treasuryL12.png,3720.png,32,0,0,1,0,1,0,G,single,"text-only,title(s),axes text,axes labels",0,1,1,1,0,0,0,0,1,0,0,1,1,2,1,Table,0,0,0,0,0,0,0,0,0,1,0,0,1
vis178.png,3721.png,37.2,0,1,0,0,0,1,I,multipanel,"text-only,title(s),annotation(s),caption(s)",0,0,0,1,1,1,0,0,1,0,1,9,2,4,2,"Table,Circle,Diagram",0,0,1,1,0,0,0,0,0,1,0,0,3
whoJ08.png,3722.png,31.4,0,0,1,0,1,0,G,single,"title(s),caption(s),axes labels,axes text",0,1,1,1,0,1,0,0,0,0,0,3,5,1,1,Table,0,0,0,0,0,0,0,0,0,1,0,0,1
v487_n7406_3_f3.png,3723.png,60,0,0,0,1,0,1,S,multipanel,"axes text,axes labels,annotation(s),legend text",0,1,1,0,1,0,1,0,0,0,0,7,3,2,2,"Diagram,Line",0,0,0,1,0,0,1,0,0,0,0,0,2
economist_daily_chart_189.png,3724.png,18.9,1,0,0,0,1,0,N,single,"title(s),axes text,axes labels,caption(s)",0,1,1,1,0,1,0,0,0,0,0,3,2,1,1,Bar,0,1,0,0,0,0,0,0,0,0,0,0,1
v487_n7407_3_f3.png,3725.png,28.1,0,0,0,1,0,1,S,multipanel,"annotation(s),legend text,title(s)",0,0,0,1,1,0,1,0,0,0,0,5,0,2,3,Circle,0,0,1,0,0,0,0,0,0,0,0,0,1
vis144.png,3726.png,57.8,0,1,0,0,0,1,I,multipanel,"axes text,axes labels,title(s),annotation(s),legend title,legend text,caption(s)",0,1,1,1,1,1,1,1,0,0,1,11,8,10,23,"Circle,Bar,Table,Grid & Matrix",0,1,1,0,0,1,0,0,0,1,0,0,4
v485_n7400_10_f2.png,3727.png,70.3,0,0,0,1,0,1,S,multipanel,"axes labels,axes text,annotation(s),legend text,title(s)",0,1,1,1,1,0,1,0,0,0,0,11,5,2,5,"Line,Grid & Matrix,Distribution",0,0,0,0,1,1,1,0,0,0,0,0,3
np_4.png,3728.png,61,1,0,0,0,0,1,N,multipanel,"title(s),annotation(s),caption(s),axes text,axes labels",0,1,1,1,1,1,0,0,0,0,0,4,2,6,5,"Bar,Distribution,Table",0,1,0,0,1,0,0,0,0,1,0,0,3
v488_n7413_11_f4.png,3729.png,47.9,0,0,0,1,0,1,S,multipanel,"title(s),axes labels,axes text,legend text,annotation(s)",0,1,1,1,1,0,1,0,0,0,0,5,7,3,3,Line,0,0,0,0,0,0,1,0,0,0,0,0,1
vis622.png,3730.png,51.5,0,1,0,0,0,1,I,multipanel,"text-only,axes text,annotation(s),title(s),axes labels,caption(s),legend text",0,1,1,1,1,1,1,0,1,0,1,3,10,5,10,"Circle,Bar,Table",0,1,1,0,0,0,0,0,0,1,0,0,3
v484_n7393_19_f5.png,3731.png,67,0,0,0,1,0,1,S,multipanel,"axes labels,axes text,annotation(s),title(s)",0,1,1,1,1,0,0,0,0,0,0,8,3,7,4,"Diagram,Distribution",0,0,0,1,1,0,0,0,0,0,0,0,2
visMost777.png,3732.png,30.4,0,1,0,0,1,0,I,single,"title(s),axes text,axes labels,annotation(s),caption(s)",0,1,1,1,1,1,0,0,0,0,0,1,2,1,1,Area,1,0,0,0,0,0,0,0,0,0,0,0,1
v489_n7414_25_f1.png,3733.png,43.4,0,0,0,1,1,0,S,single,"legend title,legend text,title(s),axes text,axes labels,annotation(s)",0,1,1,1,1,0,1,1,0,0,1,5,3,1,2,Map,0,0,0,0,0,0,0,1,0,0,0,0,1
vis636.png,3734.png,43.7,0,1,0,0,0,1,I,multipanel,"title(s),annotation(s),axes text,axes labels,caption(s)",0,1,1,1,1,1,0,0,0,0,1,5,7,3,7,"Circle,Bar",0,1,1,0,0,0,0,0,0,0,0,0,2
visMost763.png,3735.png,45.5,0,1,0,0,0,1,I,multipanel,"title(s),axes labels,axes text,annotation(s),legend text,caption(s)",0,1,1,1,1,1,1,0,0,0,0,5,3,2,4,"Bar,Map",0,1,0,0,0,0,0,1,0,0,0,0,2
v488_n7412_5_f9.png,3736.png,27.1,0,0,0,1,0,1,S,multipanel,"axes text,axes labels,title(s),annotation(s)",0,1,1,1,1,0,0,0,0,0,0,5,2,1,1,"Line,Point",0,0,0,0,0,0,1,0,1,0,0,0,2
v490_n7420_19_f2.png,3737.png,29.3,0,0,0,1,0,1,S,multipanel,"axes text,axes labels,title(s),legend text,annotation(s)",0,1,1,1,1,0,1,0,0,1,0,0,1,3,2,Bar,0,1,0,0,0,0,0,0,0,0,0,0,1
vis150.png,3738.png,28.7,0,1,0,0,0,1,I,multipanel,"title(s),caption(s),annotation(s),axes text",0,0,1,1,1,1,0,0,0,0,1,3,3,1,1,"Circle,Diagram",0,0,1,1,0,0,0,0,0,0,0,0,2
treasuryB09.png,3739.png,35,0,0,1,0,1,0,G,single,"title(s),annotation(s),caption(s),text-only",0,0,0,1,1,1,0,0,1,0,0,5,7,1,7,Diagram,0,0,0,1,0,0,0,0,0,0,0,0,1
v488_n7409_22_f2.png,3740.png,49.5,0,0,0,1,0,1,S,multipanel,"axes text,axes labels,annotation(s),title(s),legend text",0,1,1,1,1,0,1,0,0,0,0,7,5,3,5,"Bar,Circle,Area",1,1,1,0,0,0,0,0,0,0,0,0,3
v483_n7387_15_f1.png,3741.png,75.1,0,0,0,1,0,1,S,multipanel,"axes text,axes labels,title(s),annotation(s)",0,1,1,1,1,0,0,0,0,0,0,4,3,3,6,"Diagram,Bar,Line,Point,Table",0,1,0,1,0,0,1,0,1,1,0,0,5
vis805.png,3742.png,58.5,0,1,0,0,0,1,I,multipanel,"title(s),axes text,axes labels,annotation(s),caption(s),legend title,legend text",0,1,1,1,1,1,1,1,0,0,0,9,7,3,2,"Trees & Networks,Map",0,0,0,0,0,0,0,1,0,0,0,1,2
whoQ42_5.png,3743.png,9.7,0,0,1,0,1,0,G,single,"title(s),axes text,axes labels,legend text",0,1,1,1,0,0,1,0,0,0,0,2,2,1,1,Line,0,0,0,0,0,0,1,0,0,0,0,0,1
v486_n7403_1_f8.png,3744.png,36.3,0,0,0,1,1,0,S,single,"legend text,axes text,axes labels,annotation(s)",0,1,1,0,1,0,1,0,0,0,0,4,2,1,1,Bar,0,1,0,0,0,0,0,0,0,0,0,0,1
vis811.png,3745.png,51.6,0,1,0,0,0,1,I,multipanel,"text-only,title(s),axes text,annotation(s)",0,0,1,1,1,0,0,0,1,0,1,5,6,2,2,Table,0,0,0,0,0,0,0,0,0,1,0,0,1
v486_n7402_6_f1.png,3746.png,76.3,0,0,0,1,0,1,S,multipanel,"axes text,axes labels,legend text,annotation(s),title(s)",0,1,1,1,1,0,1,0,0,0,0,3,3,1,3,"Bar,Point",0,1,0,0,0,0,0,0,1,0,0,0,2
v485_n7398_25_f4.png,3747.png,78.8,0,0,0,1,0,1,S,multipanel,"axes text,axes labels,annotation(s),title(s)",0,1,1,1,1,0,0,0,0,0,0,7,5,3,10,"Bar,Diagram,Grid & Matrix",0,1,0,1,0,1,0,0,0,0,0,0,3
v488_n7410_20_f4.png,3748.png,51,0,0,0,1,1,0,S,single,"axes text,axes labels,annotation(s),title(s)",0,1,1,1,1,0,0,0,0,0,0,5,2,4,3,"Diagram,Point",0,0,0,1,0,0,0,0,1,0,0,0,2
v483_n7389_24_f2.png,3749.png,52.4,0,0,0,1,1,0,S,single,"axes text,axes labels,annotation(s),title(s),legend text",0,1,1,1,1,0,1,0,0,0,0,7,4,1,7,"Bar,Line",0,1,0,0,0,0,1,0,0,0,0,0,2
v488_n7409_6_f4.png,3750.png,55.9,0,0,0,1,0,1,S,multipanel,"axes text,axes labels,annotation(s),legend title,legend text,title(s)",0,1,1,1,1,0,1,1,0,0,0,8,3,1,2,"Distribution,Point",0,0,0,0,1,0,0,0,1,0,0,0,2
v489_n7417_14_f1.png,3751.png,53.9,0,0,0,1,0,1,S,multipanel,"title(s),annotation(s),axes text,axes labels",0,1,1,1,1,0,0,0,0,0,0,7,1,1,1,Point,0,0,0,0,0,0,0,0,1,0,0,0,1
v486_n7404_10_f3.png,3752.png,62,0,0,0,1,1,0,S,single,"axes labels,axes text,annotation(s),legend title,legend text,title(s)",0,1,1,1,1,0,1,1,0,0,0,3,5,2,2,"Line,Point",0,0,0,0,0,0,1,0,1,0,0,0,2
v485_n7399_9_f5.png,3753.png,46,0,0,0,1,1,0,S,single,"axes text,axes labels,legend text,annotation(s)",0,1,1,0,1,0,1,0,0,0,0,6,2,1,1,"Point,Line",0,0,0,0,0,0,1,0,1,0,0,0,2
vis187.png,3754.png,58,0,1,0,0,0,1,I,multipanel,"legend title,legend text,title(s),axes text,axes labels,annotation(s)",0,1,1,1,1,0,1,1,0,0,0,8,5,10,8,"Bar,Distribution,Circle,Line,Table",0,1,1,0,1,0,1,0,0,1,0,0,5
v488_n7409_8_f1.png,3755.png,40,0,0,0,1,1,0,S,single,"axes text,axes labels,legend title,legend text,annotation(s),title(s)",0,1,1,1,1,0,1,1,0,0,0,4,4,2,3,Line,0,0,0,0,0,0,1,0,0,0,0,0,1
vis839.png,3756.png,64,0,1,0,0,0,1,I,multipanel,"axes text,axes labels,legend title,legend text,title(s),annotation(s)",0,1,1,1,1,0,1,1,0,0,1,10,4,4,4,"Bar,Circle,Map",0,1,1,0,0,0,0,1,0,0,0,0,3
v490_n7418_6_f3.png,3757.png,55.9,0,0,0,1,1,0,S,single,"annotation(s),axes text,axes labels",0,1,1,0,1,0,0,0,0,0,0,3,2,2,1,"Line,Point",0,0,0,0,0,0,1,0,1,0,0,0,2
economist_daily_chart_176.png,3758.png,20.2,1,0,0,0,1,0,N,single,"title(s),axes text,legend text,annotation(s),caption(s)",0,0,1,1,1,1,1,0,0,0,0,4,2,1,1,Line,0,0,0,0,0,0,1,0,0,0,0,0,1
economist_daily_chart_162.png,3759.png,35.4,1,0,0,0,1,0,N,single,"axes labels,axes text,title(s),annotation(s),caption(s)",0,1,1,1,1,1,0,0,0,0,0,7,2,1,1,Line,0,0,0,0,0,0,1,0,0,0,0,0,1
v489_n7416_12_f3.png,3760.png,66.8,0,0,0,1,0,1,S,multipanel,"axes text,axes labels,legend text,annotation(s),title(s),legend labels",0,1,1,1,1,0,1,0,0,0,1,7,6,1,6,Map,0,0,0,0,0,0,0,1,0,0,0,0,1
whoO22_2.png,3761.png,13.5,0,0,1,0,1,0,G,single,"text-only,title(s),axes labels,axes text",0,1,1,1,0,0,0,0,1,0,0,3,3,1,1,Table,0,0,0,0,0,0,0,0,0,1,0,0,1
vis193.png,3762.png,42.1,0,1,0,0,0,1,I,multipanel,"title(s),axes text,caption(s)annotation(s),legends text",0,0,1,1,1,1,0,0,0,0,1,5,5,8,17,"Bar,Map,Table,Circle,Diagram",0,1,1,1,0,0,0,1,0,1,0,0,5
treasuryK05_2.png,3763.png,9.2,0,0,1,0,1,0,G,single,"title(s),annotation(s),caption(s),axes text",0,0,1,1,1,1,0,0,0,0,0,4,1,1,1,Circle,0,0,1,0,0,0,0,0,0,0,0,0,1
v489_n7417_7_f2.png,3764.png,31.7,0,0,0,1,0,1,S,multipanel,"axes labels,axes text,annotation(s),title(s)",0,1,1,1,1,0,0,0,0,0,0,2,4,2,2,"Line,Point",0,0,0,0,0,0,1,0,1,0,0,0,2
v486_n7401_5_f3.png,3765.png,68.7,0,0,0,1,0,1,S,multipanel,"axes labels,axes text,annotation(s),title(s)",0,1,1,1,1,0,0,0,0,1,0,0,3,2,2,"Distribution,Line",0,0,0,0,1,0,1,0,0,0,0,0,2
visMost549.png,3766.png,37.4,0,1,0,0,0,1,I,multipanel,"title(s),annotation(s),caption(s)",0,0,0,1,1,1,0,0,0,0,1,3,10,1,1,"Table,Distribution",0,0,0,0,1,0,0,0,0,1,0,0,2
v484_n7393_9_f2.png,3767.png,60.3,0,0,0,1,0,1,S,multipanel,"axes labels,axes text,legend text,title(s),annotation(s)",0,1,1,1,1,0,1,0,0,0,0,8,5,3,4,"Area,Line",1,0,0,0,0,0,1,0,0,0,0,0,2
wsj31.png,3768.png,13.5,1,0,0,0,1,0,N,single,"title(s),axes text,caption(s),annotation(s)",0,0,1,1,1,1,0,0,0,0,1,2,1,1,1,Area,1,0,0,0,0,0,0,0,0,0,0,0,1
whoQ18_2.png,3769.png,20.7,0,0,1,0,1,0,G,single,"axes text,axes labels,title(s),annotation(s),legend text",0,1,1,1,1,0,1,0,0,0,0,6,2,1,1,Bar,0,1,0,0,0,0,0,0,0,0,0,0,1
v483_n7391_18_f2.png,3770.png,78.7,0,0,0,1,0,1,S,multipanel,"axes text,axes labels,annotation(s),legend text,title(s)",0,1,1,1,1,0,1,0,0,0,0,8,6,2,4,"Point,Grid & Matrix,Bar",0,1,0,0,0,1,0,0,1,0,0,0,3
whoI12_2.png,3771.png,66,0,0,1,0,1,0,G,single,"legend text,caption(s),annotation(s),title(s),axes text,axes labels",0,1,1,1,1,1,1,0,0,1,0,0,3,1,1,"Bar,Grid & Matrix",0,1,0,0,0,1,0,0,0,0,0,0,2
wsj209.png,3772.png,61.8,1,0,0,0,0,1,N,multipanel,"title(s),annotation(s),caption(s),axes text",0,0,1,1,1,1,0,0,0,0,1,4,6,3,1,"Diagram,Bar",0,1,0,1,0,0,0,0,0,0,0,0,2
v486_n7403_14_f3.png,3773.png,64.1,0,0,0,1,0,1,S,multipanel,"legend text,axes text,annotation(s),axes labels",0,1,1,0,1,0,1,0,0,0,0,4,3,1,1,"Line,Point",0,0,0,0,0,0,1,0,1,0,0,0,2
wsj25.png,3774.png,25.8,1,0,0,0,1,0,N,single,"title(s),axes text,annotation(s),caption(s)",0,0,1,1,1,1,0,0,0,0,1,3,2,1,2,Bar,0,1,0,0,0,0,0,0,0,0,0,0,1
vis408.png,3775.png,49.9,0,1,0,0,1,0,I,single,"title(s),annotation(s),caption(s)",0,0,0,1,1,1,0,0,0,0,0,3,4,2,1,"Table,Area",1,0,0,0,0,0,0,0,0,1,0,0,2
v488_n7409_14_f3.png,3776.png,82.8,0,0,0,1,0,1,S,multipanel,"legend text,axes text,axes labels,title(s)",0,1,1,1,0,0,1,0,0,0,0,12,1,1,10,"Grid & Matrix,Point,Distribution",0,0,0,0,1,1,0,0,1,0,0,0,3
v484_n7392_9_f2.png,3777.png,62.4,0,0,0,1,0,1,S,multipanel,"title(s),axes text,axes labels,annotation(s)",0,1,1,1,1,0,0,0,0,1,0,0,4,0,2,Point,0,0,0,0,0,0,0,0,1,0,0,0,1
v483_n7390_10_f5.png,3778.png,72.6,0,0,0,1,0,1,S,multipanel,"axes labels,axes text,annotation(s),title(s)",0,1,1,1,1,0,0,0,0,0,0,11,7,2,3,"Point,Grid & Matrix",0,0,0,0,0,1,0,0,1,0,0,0,2
visMost575.png,3779.png,65.4,0,1,0,0,1,0,I,single,"annotation(s),title(s),axes text,axes labels,caption(s),legend title,legend text",0,1,1,1,1,1,1,1,0,0,1,5,1,3,1,"Diagram,Trees & Networks",0,0,0,1,0,0,0,0,0,0,0,1,2
vis420.png,3780.png,49.1,0,1,0,0,0,1,I,multipanel,"title(s),annotation(s),axes text,caption(s),annotation(s)",0,0,1,1,1,1,0,0,0,0,1,5,8,3,5,"Trees & Networks,Table,Area,Bar,Distribution,Diagram,Map",1,1,0,1,1,0,0,1,0,1,0,1,7
v490_n7419_1_f14.png,3781.png,56.3,0,0,0,1,1,0,S,single,annotation(s),0,0,0,0,1,0,0,0,0,0,0,3,3,2,1,Diagram,0,0,0,1,0,0,0,0,0,0,0,0,1
wsj547.png,3782.png,40.7,1,0,0,0,1,0,N,single,"annotation(s),title(s),legend text,caption(s),axes text",0,0,1,1,1,1,1,0,0,0,1,5,2,1,1,Line,0,0,0,0,0,0,1,0,0,0,0,0,1
v483_n7388_14_f1.png,3783.png,60.9,0,0,0,1,0,1,S,multipanel,"axes text,title(s),annotation(s),axes labels",0,1,1,1,1,0,0,0,0,0,0,1,3,0,6,"Line,Point,Diagram",0,0,0,1,0,0,1,0,1,0,0,0,3
wsj221.png,3784.png,46,1,0,0,0,0,1,N,multipanel,"title(s),annotation(s),caption(s),axes text,axes labels",0,1,1,1,1,1,0,0,0,0,0,4,3,3,1,Bar,0,1,0,0,0,0,0,0,0,0,0,0,1
vis346.png,3785.png,44.1,0,1,0,0,0,1,I,multipanel,"title(s),legend text,caption(s),annotation(s),axes text",0,0,1,1,1,1,1,0,0,0,1,3,4,2,6,"Map,Circle,Area,Text,Distribution",1,0,1,0,1,0,0,1,0,0,1,0,5
visMost213.png,3786.png,48.5,0,1,0,0,0,1,I,multipanel,"title(s),axes text,annotation(s),caption(s)",0,0,1,1,1,1,0,0,0,0,1,7,2,2,5,"Bar,Distribution,Text",0,1,0,0,1,0,0,0,0,0,1,0,3
vis352.png,3787.png,55.4,0,1,0,0,0,1,I,multipanel,"title(s),annotation(s),caption(s),axes text",0,0,1,1,1,1,0,0,0,0,0,12,12,7,2,"Bar,Table",0,1,0,0,0,0,0,0,0,1,0,0,2
wsj19.png,3788.png,45.7,1,0,0,0,0,1,N,multipanel,"title(s),annotation(s),axes text,caption(s)",0,0,1,1,1,1,0,0,0,0,0,1,2,9,8,"Bar,Diagram",0,1,0,1,0,0,0,0,0,0,0,0,2
visMost207.png,3789.png,55.1,0,1,0,0,0,1,I,multipanel,"title(s),annotation(s),caption(s),axes text",0,0,1,1,1,1,0,0,0,0,1,7,1,3,3,"Diagram,Table,Area",1,0,0,1,0,0,0,0,0,1,0,0,3
whoN19_1.png,3790.png,8.4,0,0,1,0,1,0,G,single,"title(s),axes text,axes labels",0,1,1,1,0,0,0,0,0,1,0,0,1,1,1,Bar,0,1,0,0,0,0,0,0,0,0,0,0,1
wsj235.png,3791.png,24.4,1,0,0,0,1,0,N,single,"legend text,caption(s),annotation(s),title(s)",0,0,0,1,1,1,1,0,0,0,0,1,0,1,1,Map,0,0,0,0,0,0,0,1,0,0,0,0,1
wsj553.png,3792.png,24.9,1,0,0,0,1,0,N,single,"annotation(s),title(s),caption(s),axes text",0,0,1,1,1,1,0,0,0,0,1,7,1,1,1,"Bar,Distribution",0,1,0,0,1,0,0,0,0,0,0,0,2
visMost561.png,3793.png,66.2,0,1,0,0,0,1,I,multipanel,"legend title,legend text,title(s),caption(s),annotation(s),axes text,axes label",0,0,1,1,1,1,1,1,0,0,0,14,3,4,5,"Line,Distribution,Map,Point,Bar",0,1,0,0,1,0,1,1,1,0,0,0,5
vis434.png,3794.png,49.7,0,1,0,0,0,1,I,multipanel,"axes text,title(s),annotation(s),caption(s)",0,0,1,1,1,1,0,0,0,0,0,4,9,3,4,"Bar,Circle,Distribution",0,1,1,0,1,0,0,0,0,0,0,0,3
v486_n7402_12_f1.png,3795.png,29.3,0,0,0,1,0,1,S,multipanel,"annotation(s),axes text,axes labels",0,1,1,0,1,0,0,0,0,0,0,1,2,1,3,Bar,0,1,0,0,0,0,0,0,0,0,0,0,1
whoF11.png,3796.png,31.7,0,0,1,0,0,1,G,multipanel,"title(s),axes text,axes labels,annotation(s),caption(s)",0,1,1,1,1,1,0,0,0,0,1,3,2,1,1,"Line,Point",0,0,0,0,0,0,1,0,1,0,0,0,2
whoB33_1.png,3797.png,49.7,0,0,1,0,1,0,G,single,"title(s),legend text,axes text,axes labels,annotation(s),caption(s)",0,1,1,1,1,1,1,0,0,0,0,13,2,3,2,Bar,0,1,0,0,0,0,0,0,0,0,0,0,1
economist_daily_chart_348.png,3798.png,19.6,1,0,0,0,1,0,N,single,"title(s),annotation(s),axes text,caption(s)",0,0,1,1,1,1,0,0,0,0,1,3,2,2,1,Bar,0,1,0,0,0,0,0,0,0,0,0,0,1
v490_n7419_13_f2.png,3799.png,49.9,0,0,0,1,0,1,S,multipanel,"axes text,axes labels,legend text,title(s)",0,1,1,1,0,0,1,0,0,0,0,4,4,1,2,Line,0,0,0,0,0,0,1,0,0,0,0,0,1
whoJ13_2.png,3800.png,37.8,0,0,1,0,0,1,G,multipanel,"title(s),caption(s),annotation(s),legend text",0,0,0,1,1,1,1,0,0,0,0,13,2,2,2,Circle,0,0,1,0,0,0,0,0,0,0,0,0,1
whoQ34.png,3801.png,29.4,0,0,1,0,1,0,G,single,"title(s),text-only,axes labels,axes text,caption(s)",0,1,1,1,0,1,0,0,1,0,0,2,0,5,1,Table,0,0,0,0,0,0,0,0,0,1,0,0,1
whoF05.png,3802.png,18.7,0,0,1,0,0,1,G,multipanel,"title(s),legend text,axes text,axes labels,caption(s),annotation(s)",0,1,1,1,1,1,1,0,0,0,1,4,1,2,1,"Bar,Distribution",0,1,0,0,1,0,0,0,0,0,0,0,2
v489_n7415_15_f2.png,3803.png,84.1,0,0,0,1,0,1,S,multipanel,"axes text,title(s),legend text",0,0,1,1,0,0,1,0,0,0,0,9,7,10,12,"Grid & Matrix,Line,Diagram",0,0,0,1,0,1,1,0,0,0,0,0,3
economist_daily_chart_374.png,3804.png,21.7,1,0,0,0,1,0,N,single,"legend text,title(s),axes text,caption(s)",0,0,1,1,0,1,1,0,0,0,1,3,1,2,1,Bar,0,1,0,0,0,0,0,0,0,0,0,0,1
wsj584.png,3805.png,42.8,1,0,0,0,1,0,N,single,"annotation(s),axes text,title(s),caption(s),axes labels",0,1,1,1,1,1,0,0,0,0,1,5,3,3,1,"Table,Line",0,0,0,0,0,0,1,0,0,1,0,0,2
v488_n7411_1_f2.png,3806.png,81.3,0,0,0,1,0,1,S,multipanel,"axes labels,axes text,title(s),annotation(s),legend text",0,1,1,1,1,0,1,0,0,0,0,11,7,5,6,"Point,Grid & Matrix,Diagram,Line,Distribution",0,0,0,1,1,1,1,0,1,0,0,0,5
vis385.png,3807.png,53.6,0,1,0,0,0,1,I,multipanel,"title(s),caption(s),annotation(s),axes text",0,0,1,1,1,1,0,0,0,0,1,8,2,4,1,"Map,Diagram,Table,Point",0,0,0,1,0,0,0,1,1,1,0,0,4
economist_daily_chart_412.png,3808.png,60.2,1,0,0,0,0,1,N,multipanel,"legend text,axes text,axes labels,title(s),caption(s)",0,1,1,1,0,1,1,0,0,0,1,10,3,1,2,"Area,Line",1,0,0,0,0,0,1,0,0,0,0,0,2
economist_daily_chart_406.png,3809.png,42.8,1,0,0,0,1,0,N,single,"title(s),annotation(s),caption(s),legend text",0,0,0,1,1,1,1,0,0,0,1,4,1,1,1,Map,0,0,0,0,0,0,0,1,0,0,0,0,1
v488_n7410_1_f2.png,3810.png,80.4,0,0,0,1,0,1,S,multipanel,"title(s),axes text,axes labels,legend text,annotation(s)",0,1,1,1,1,0,1,0,0,0,0,6,6,1,3,"Line,Grid & Matrix,Point,Distribution",0,0,0,0,1,1,1,0,1,0,0,0,4
v484_n7395_15_f2.png,3811.png,69.2,0,0,0,1,0,1,S,multipanel,"title(s),annotation(s),axes text",0,0,1,1,1,0,0,0,0,0,1,8,0,2,3,"Diagram,Table",0,0,0,1,0,0,0,0,0,1,0,0,2
vis391.png,3812.png,45.9,0,1,0,0,0,1,I,multipanel,"title(s),annotation(s),caption(s)",0,0,0,1,1,1,0,0,0,0,1,10,4,4,1,"Diagram,Table",0,0,0,1,0,0,0,0,0,1,0,0,2
v487_n7406_19_f1.png,3813.png,87.4,0,0,0,1,0,1,S,multipanel,"legend text,legend title,axes text",0,0,1,0,0,0,1,1,0,0,0,8,0,5,1,"Grid & Matrix,Distribution",0,0,0,0,1,1,0,0,0,0,0,0,2
economist_daily_chart_360.png,3814.png,54.7,1,0,0,0,0,1,N,multipanel,"title(s),annotation(s),axes text,axes labels,caption(s)",0,1,1,1,1,1,0,0,0,0,1,4,3,3,1,"Map,Table,Text",0,0,0,0,0,0,0,1,0,1,1,0,3
wsj590.png,3815.png,20,1,0,0,0,1,0,N,single,"axes text,title(s),annotation(s)",0,0,1,1,1,0,0,0,0,0,1,3,2,1,1,Line,0,0,0,0,0,0,1,0,0,0,0,0,1
vis390.png,3816.png,43,0,1,0,0,0,1,I,multipanel,"axes text,title(s),caption(s),annotation(s),legend text",0,0,1,1,1,1,1,0,0,0,0,6,6,3,4,"Bar,Diagram,Circle,Area",1,1,1,1,0,0,0,0,0,0,0,0,4
v484_n7395_15_f3.png,3817.png,66.4,0,0,0,1,0,1,S,multipanel,"axes text,axes labels,annotation(s),title(s)",0,1,1,1,1,0,0,0,0,1,0,0,5,3,8,Bar,0,1,0,0,0,0,0,0,0,0,0,0,1
v488_n7410_1_f3.png,3818.png,75.8,0,0,0,1,0,1,S,multipanel,"axes text,axes labels,title(s),annotation(s)",0,1,1,1,1,0,0,0,0,0,0,2,5,1,3,"Bar,Line",0,1,0,0,0,0,1,0,0,0,0,0,2
economist_daily_chart_407.png,3819.png,46.7,1,0,0,0,0,1,N,multipanel,"title(s),legend text,caption(s),annotation(s),axes text",0,0,1,1,1,1,1,0,0,0,1,7,4,2,2,"Area,Line",1,0,0,0,0,0,1,0,0,0,0,0,2
wsj591.png,3820.png,22.2,1,0,0,0,1,0,N,single,"title(s),axes text,annotation(s),caption(s)",0,0,1,1,1,1,0,0,0,0,1,3,2,1,1,"Line,Text",0,0,0,0,0,0,1,0,0,0,1,0,2
v490_n7418_15_f1.png,3821.png,71.6,0,0,0,1,0,1,S,multipanel,"axes text,axes labels,title(s),annotation(s)",0,1,1,1,1,0,0,0,0,1,0,0,6,1,5,"Point,Distribution,Tree & Networks",0,0,0,0,1,0,0,0,1,0,0,0,2
economist_daily_chart_361.png,3822.png,45.8,1,0,0,0,1,0,N,single,"title(s),annotation(s),caption(s),axes text",0,0,1,1,1,1,0,0,0,0,1,4,3,2,2,Line,0,0,0,0,0,0,1,0,0,0,0,0,1
v488_n7411_1_f3.png,3823.png,79.9,0,0,0,1,0,1,S,multipanel,"axes labels,axes text,legend text,annotation(s)",0,1,1,0,1,0,1,0,0,0,0,4,2,4,3,"Grid & Matrix,Line,Diagram",0,0,0,1,0,1,1,0,0,0,0,0,3
wsj585.png,3824.png,60.2,1,0,0,0,0,1,N,multipanel,"title(s),annotation(s),legend text,caption(s),axes text",0,0,1,1,1,1,1,0,0,0,1,4,3,2,1,"Map,Bar,Circle,Area",1,1,1,0,0,0,0,1,0,0,0,0,4
economist_daily_chart_375.png,3825.png,30.2,1,0,0,0,0,1,N,multipanel,"legend text,axes text,axes labels,title(s),caption(s)",0,1,1,1,0,1,1,0,0,0,1,4,2,2,2,Bar,0,1,0,0,0,0,0,0,0,0,0,0,1
v485_n7397_2_f4.png,3826.png,62.4,0,0,0,1,0,1,S,multipanel,"legend text,annotation(s),axes text,title(s)",0,0,1,1,1,0,1,0,0,0,0,6,2,4,4,"Line,Distribution",0,0,0,0,1,0,1,0,0,0,0,0,2
whoO06_2.png,3827.png,27.1,0,0,1,0,1,0,G,single,"title(s),legend text,axes text",0,0,1,1,0,0,1,0,0,0,0,3,1,2,1,"Bar,Distribution",0,1,0,0,1,0,0,0,0,0,0,0,2
economist_daily_chart_413.png,3828.png,27.5,1,0,0,0,1,0,N,single,"annotation(s),title(s),caption(s),axes text",0,0,1,1,1,1,0,0,0,0,1,2,1,2,1,Bar,0,1,0,0,0,0,0,0,0,0,0,0,1
vis384.png,3829.png,41.8,0,1,0,0,0,1,I,multipanel,"title(s),annotation(s),caption(s)",0,0,0,1,1,1,0,0,0,0,1,4,6,3,1,Table,0,0,0,0,0,0,0,0,0,1,0,0,1
v490_n7419_13_f3.png,3830.png,52.6,0,0,0,1,1,0,S,single,"annotation(s),axes text,axes labels",0,1,1,0,1,0,0,0,0,0,0,3,2,1,1,Point,0,0,0,0,0,0,0,0,1,0,0,0,1
v485_n7400_1_f4.png,3831.png,70.9,0,0,0,1,0,1,S,multipanel,"axes text,axes labels,annotation(s),title(s)",0,1,1,1,1,0,0,0,0,0,0,6,6,5,14,"Grid & Matrix,Bar,Diagram,Table",0,1,0,1,0,1,0,0,0,1,0,0,4
v489_n7415_15_f3.png,3832.png,83,0,0,0,1,0,1,S,multipanel,"axes labels,axes text,legend text,annotation(s),title(s)",0,1,1,1,1,0,1,0,0,0,0,16,5,5,3,"Line,Point,Grid & Matrix",0,0,0,0,0,1,1,0,1,0,0,0,3
whoF04.png,3833.png,18.9,0,0,1,0,0,1,G,multipanel,"title(s),axes text,axes labels,legend text,annotation(s),caption(s)",0,1,1,1,1,1,1,0,0,0,0,2,1,2,1,Bar,0,1,0,0,0,0,0,0,0,0,0,0,1
v484_n7394_13_f1.png,3834.png,75,0,0,0,1,0,1,S,multipanel,"axes text,axes labels,annotation(s),title(s)",0,1,1,1,1,0,0,0,0,0,0,6,5,3,9,"Line,Point,Area",1,0,0,0,0,0,1,0,1,0,0,0,3
whoQ21.png,3835.png,24,0,0,1,0,1,0,G,single,"title(s),axes labels,axes text,text-only",0,1,1,1,0,0,0,0,1,0,0,3,3,2,1,Table,0,0,0,0,0,0,0,0,0,1,0,0,1
economist_daily_chart_349.png,3836.png,46.1,1,0,0,0,1,0,N,single,"axes labels,axes text,annotation(s),title(s),caption(s)",0,1,1,1,1,1,0,0,0,0,1,1,2,1,1,Point,0,0,0,0,0,0,0,0,1,0,0,0,1
whoF10.png,3837.png,37,0,0,1,0,0,1,G,multipanel,"legend text,caption(s),axes text,title(s),axes labels",0,1,1,1,0,1,1,0,0,0,1,7,1,2,1,Bar,0,1,0,0,0,0,0,0,0,0,0,0,1
wsj234.png,3838.png,37.4,1,0,0,0,0,1,N,multipanel,"title(s),annotation(s),axes text,caption(s)",0,0,1,1,1,1,0,0,0,0,1,4,3,2,2,"Bar,Table",0,1,0,0,0,0,0,0,0,1,0,0,2
v488_n7410_18_f1.png,3839.png,66.3,0,0,0,1,1,0,S,single,"axes labels,axes text,annotation(s),title(s)",0,1,1,1,1,0,0,0,0,1,0,0,3,3,11,"Line,Distribution,Diagram",0,0,0,1,1,0,1,0,0,0,0,0,3
visMost206.png,3840.png,63.9,0,1,0,0,1,0,I,single,"legend text,title(s),axes text,annotation(s)",0,0,1,1,1,0,1,0,0,0,0,5,1,3,1,"Circle,Bar,Distribution",0,1,1,0,1,0,0,0,0,0,0,0,3
wsj18.png,3841.png,42.9,1,0,0,0,0,1,N,multipanel,"title(s),annotation(s),axes text,caption(s)",0,0,1,1,1,1,0,0,0,0,1,4,3,3,6,"Bar,Line",0,1,0,0,0,0,1,0,0,0,0,0,2
vis353.png,3842.png,47.6,0,1,0,0,0,1,I,multipanel,"caption(s),annotation(s),title(s)",0,0,0,1,1,1,0,0,0,0,1,11,5,3,1,"Circle,Diagram,Area,Table,Distribution",1,0,1,1,1,0,0,0,0,1,0,0,5
vis435.png,3843.png,50,0,1,0,0,0,1,I,multipanel,"title(s),annotation(s),caption(s),axes text",0,0,1,1,1,1,0,0,0,0,1,10,8,7,1,"Map,Bar,Table,Point,Distribution",0,1,0,0,1,0,0,1,1,1,0,0,5
visMost560.png,3844.png,59.8,0,1,0,0,1,0,I,single,"axes text,title(s),annotation(s)",0,0,1,1,1,0,0,0,0,0,0,25,0,2,1,Diagram,0,0,0,1,0,0,0,0,0,0,0,0,1
wsj552.png,3845.png,32.5,1,0,0,0,0,1,N,multipanel,"title(s),caption(s),annotation(s),axes text,axes labels",0,1,1,1,1,1,0,0,0,0,1,6,1,1,5,Circle,0,0,1,0,0,0,0,0,0,0,0,0,1
v483_n7387_8_f1.png,3846.png,46.7,0,0,0,1,0,1,S,multipanel,"title(s),annotation(s)",0,0,0,1,1,0,0,0,0,0,0,3,1,3,8,Diagram,0,0,0,1,0,0,0,0,0,0,0,0,1
wsj546.png,3847.png,44.2,1,0,0,0,1,0,N,single,"title(s),annotation(s),caption(s),axes text,legend text,legend title",0,0,1,1,1,1,1,1,0,0,1,4,1,2,1,Bar,0,1,0,0,0,0,0,0,0,0,0,0,1
vis421.png,3848.png,68.4,0,1,0,0,0,1,I,multipanel,"title(s),annotation(s),caption(s)",0,0,0,1,1,1,0,0,0,0,1,17,5,12,6,"Bar,Diagram,Distribution",0,1,0,1,1,0,0,0,0,0,0,0,3
visMost574.png,3849.png,24.9,0,1,0,0,1,0,I,single,"annotation(s),axes labels,cpation(s)",0,1,0,0,1,0,0,0,0,0,0,8,0,1,1,Distribution,0,0,0,0,1,0,0,0,0,0,0,0,1
visMost212.png,3850.png,49.2,0,1,0,0,0,1,I,multipanel,"title(s),annotation(s),caption(s),axes text,legend text",0,0,1,1,1,1,1,0,0,0,1,16,6,6,10,"Text,Circle,Diagram,Line",0,0,1,1,0,0,1,0,0,0,1,0,4
vis347.png,3851.png,45.2,0,1,0,0,0,1,I,multipanel,"title(s),annotation(s),caption(s)",0,0,0,1,1,1,0,0,0,0,1,4,5,4,5,"Circle,Diagram,Area",1,0,1,1,0,0,0,0,0,0,0,0,3
wsj220.png,3852.png,25.3,1,0,0,0,1,0,N,single,"title(s),annotation(s),caption(s),axes text",0,0,1,1,1,1,0,0,0,0,1,2,2,0,1,Bar,0,1,0,0,0,0,0,0,0,0,0,0,1
wsj24.png,3853.png,37.7,1,0,0,0,0,1,N,multipanel,"title(s),annotation(s),caption(s),legend text,axes text",0,0,1,1,1,1,1,0,0,0,0,4,2,2,2,Line,0,0,0,0,0,0,1,0,0,0,0,0,1
v486_n7403_14_f2.png,3854.png,81.3,0,0,0,1,0,1,S,multipanel,"title(s),axes labels,axes text,annotation(s)",0,1,1,1,1,0,0,0,0,0,0,7,4,6,15,"Line,Point",0,0,0,0,0,0,1,0,1,0,0,0,2
wsj208.png,3855.png,40,1,0,0,0,1,0,N,single,"title(s),legend text,caption(s),axes text,annotation(s)",0,0,1,1,1,1,1,0,0,0,0,3,2,1,1,"Bar,Distribution",0,1,0,0,1,0,0,0,0,0,0,0,2
v484_n7392_9_f3.png,3856.png,57.5,0,0,0,1,1,0,S,single,"axes labels,axes text,annotation(s)",0,1,1,0,1,0,0,0,0,1,0,0,1,0,1,"Point,Line",0,0,0,0,0,0,1,0,1,0,0,0,2
v483_n7390_10_f4.png,3857.png,66.7,0,0,0,1,0,1,S,multipanel,"title(s),axes text,axes labels",0,1,1,1,0,0,0,0,0,0,0,7,6,4,4,"Line,Point,Distribution",0,0,0,0,1,0,1,0,1,0,0,0,3
v488_n7409_14_f2.png,3858.png,77.7,0,0,0,1,0,1,S,multipanel,"legend text,axes text,axes labels,title(s),annotation(s)",0,1,1,1,1,0,1,0,0,0,0,30,2,7,6,"Bar,Distribution,Grid & Matrix,Line",0,1,0,0,1,1,1,0,0,0,0,0,4
vis409.png,3859.png,48.7,0,1,0,0,1,0,I,single,"legend text,title(s),annotation(s),caption(s),axes text",0,0,1,1,1,1,1,0,0,0,0,20,3,2,3,"Circle,Point,Table",0,0,1,0,0,0,0,0,1,1,0,0,3
visMost548.png,3860.png,39.3,0,1,0,0,0,1,I,multipanel,"axes text,title(s),annotation(s),caption(s)",0,0,1,1,1,1,0,0,0,0,0,3,3,1,3,"Map,Bar,Line",0,1,0,0,0,0,1,1,0,0,0,0,3
whoQ18_3.png,3861.png,39.1,0,0,1,0,1,0,G,single,"legend text,title(s),axes text,axes labels",0,1,1,1,0,0,1,0,0,0,0,7,2,1,1,Bar,0,1,0,0,0,0,0,0,0,0,0,0,1
v483_n7391_18_f3.png,3862.png,79.7,0,0,0,1,0,1,S,multipanel,"axes text,title(s),axes labels",0,1,1,1,0,0,0,0,0,0,0,6,5,2,4,"Grid & Matrix,Table,Diagram",0,0,0,1,0,1,0,0,0,1,0,0,3
v488_n7410_16_f4.png,3863.png,16.3,0,0,0,1,0,1,S,multipanel,"axes labels,axes text,title(s)",0,1,1,1,0,0,0,0,0,0,0,4,1,1,3,Bar,0,1,0,0,0,0,0,0,0,0,0,0,1
v483_n7389_12_f2.png,3864.png,52.2,0,0,0,1,1,0,S,single,"annotation(s),title(s)",0,0,0,1,1,0,0,0,0,0,1,3,0,2,2,Diagram,0,0,0,1,0,0,0,0,0,0,0,0,1
wsj30.png,3865.png,41.4,1,0,0,0,1,0,N,single,"title(s),annotation(s),legend text,caption(s)",0,0,0,1,1,1,1,0,0,0,1,4,1,2,1,"Map,Circle,Area",1,0,1,0,0,0,0,1,0,0,0,0,3
v484_n7393_9_f3.png,3866.png,79.9,0,0,0,1,0,1,S,multipanel,"axes text,title(s),annotation(s),legend text",0,0,1,1,1,0,1,0,0,0,0,9,4,0,5,"Map,Grid & Matrix,Distribution",0,0,0,0,1,1,0,1,0,0,0,0,3
v485_n7398_9_f4.png,3867.png,81.2,0,0,0,1,0,1,S,multipanel,"axes labels,axes text,annotation(s),legend text",0,1,1,0,1,0,1,0,0,0,1,8,5,0,3,"Line,Grid & Matrix",0,0,0,0,0,1,1,0,0,0,0,0,2
v489_n7416_12_f2.png,3868.png,56.3,0,0,0,1,0,1,S,multipanel,"axes labels,axes text,title(s),annotation(s)",0,1,1,1,1,0,0,0,0,0,0,1,4,1,2,"Bar,Point",0,1,0,0,0,0,0,0,1,0,0,0,2
v486_n7404_2_f1.png,3869.png,86.1,0,0,0,1,0,1,S,multipanel,"axes labels,axes text,title(s),annotation(s),caption(s)",0,1,1,1,1,1,0,0,0,0,0,7,11,6,11,"Bar,Circle,Diagram,Table,Grid & Matrix,Point",0,1,1,1,0,1,0,0,1,1,0,0,6
economist_daily_chart_163.png,3870.png,27.7,1,0,0,0,1,0,N,single,"title(s),axes text,caption(s),legend text",0,0,1,1,0,1,1,0,0,0,0,4,1,2,1,Bar,0,1,0,0,0,0,0,0,0,0,0,0,1
whoO22_3.png,3871.png,20.6,0,0,1,0,1,0,G,single,"title(s),axes text,axes labels,legend text",0,1,1,1,0,0,1,0,0,0,1,3,1,3,1,Bar,0,1,0,0,0,0,0,0,0,0,0,0,1
vis186.png,3872.png,87.4,0,1,0,0,1,0,I,single,"title(s),caption(s),annotation(s),legend title,legend text",0,0,0,1,1,1,1,1,0,0,0,10,5,4,1,Diagram,0,0,0,1,0,0,0,0,0,0,0,0,1
v485_n7399_9_f4.png,3873.png,41.7,0,0,0,1,0,1,S,multipanel,"annotation(s),axes text,axes labels,title(s)",0,1,1,1,1,0,0,0,0,0,0,1,3,1,2,"Point,Line",0,0,0,0,0,0,1,0,1,0,0,0,2
economist_daily_chart_177.png,3874.png,40.7,1,0,0,0,0,1,N,multipanel,"legend text,caption(s),axes text,title(s),annotation(s),axes label(s)",0,0,1,1,1,1,1,0,0,0,0,3,2,2,2,Bar,0,1,0,0,0,0,0,0,0,0,0,0,1
vis838.png,3875.png,25.9,0,1,0,0,0,1,I,multipanel,"title(s),annotation(s),caption(s)",0,0,0,1,1,1,0,0,0,0,0,4,6,1,1,"Text,Table",0,0,0,0,0,0,0,0,0,1,1,0,2
v483_n7389_24_f3.png,3876.png,61.5,0,0,0,1,1,0,S,single,annotation(s),0,0,0,0,1,0,0,0,0,0,0,4,0,2,1,Diagram,0,0,0,1,0,0,0,0,0,0,0,0,1
whoB17_1.png,3877.png,25,0,0,1,0,1,0,G,single,"title(s),axes labels,axes text,annotation(s),caption(s)",0,1,1,1,1,1,0,0,0,0,0,4,1,2,1,"Bar,Line",0,1,0,0,0,0,1,0,0,0,0,0,2
vis810.png,3878.png,37,0,1,0,0,1,0,I,single,"title(s),annotation(s),caption(s)",0,0,0,1,1,1,0,0,0,0,1,8,2,1,1,Map,0,0,0,0,0,0,0,1,0,0,0,0,1
v488_n7409_22_f3.png,3879.png,71,0,0,0,1,0,1,S,multipanel,"axes labels,axes text,caption(s),legend text",0,1,1,0,0,1,1,0,0,0,0,5,9,4,6,"Line,Grid & Matrix,Point,Distribution",0,0,0,0,1,1,1,0,1,0,0,0,4
treasuryB08.png,3880.png,49.6,0,0,1,0,1,0,G,single,"title(s),axes text,axes labels,annotation(s),caption(s)",0,1,1,1,1,1,0,0,0,0,0,3,2,3,1,Line,0,0,0,0,0,0,1,0,0,0,0,0,1
whoQ42_4.png,3881.png,38.7,0,0,1,0,1,0,G,single,"legend text,axes text,axes labels,title(s)",0,1,1,1,0,0,1,0,0,0,0,15,2,1,1,"Area,Line",1,0,0,0,0,0,1,0,0,0,0,0,2
vis804.png,3882.png,56.1,0,1,0,0,0,1,I,multipanel,"title(s),annotation(s),caption(s),axes label",0,0,0,1,1,1,0,0,0,0,1,6,12,6,5,"Line,Table,Text,Distribution",0,0,0,0,1,0,1,0,0,1,1,0,4
v485_n7398_7_f1.png,3883.png,86.7,0,0,0,1,0,1,S,multipanel,"legend text,axes text,title(s),annotation(s)",0,0,1,1,1,0,1,0,0,0,1,5,6,4,3,"Grid & Matrix,Distribution",0,0,0,0,1,1,0,0,0,0,0,0,2
visMost789.png,3884.png,55.7,0,1,0,0,1,0,I,single,"legend title,legend text,title(s),annotation(s)",0,0,0,1,1,0,1,1,0,0,0,7,1,3,1,"Bar,Map",0,1,0,0,0,0,0,1,0,0,0,0,2
vis637.png,3885.png,51.8,0,1,0,0,0,1,I,multipanel,"title(s),annotation(s),axes text,caption(s)",0,0,1,1,1,1,0,0,0,0,1,15,11,7,8,"Bar,Circle,Diagram,Map,Line",0,1,1,1,0,0,1,1,0,0,0,0,5
whoJ21.png,3886.png,50.1,0,0,1,0,0,1,G,multipanel,"title(s),legend title,legend text,axes text,axes labels,caption(s),annotation(s)",0,1,1,1,1,1,1,1,0,0,0,10,2,2,3,"Bar,Point,Map",0,1,0,0,0,0,0,1,1,0,0,0,3
v483_n7388_3_f1.png,3887.png,74.7,0,0,0,1,0,1,S,multipanel,"axes text,axes labels,title(s),annotation(s)",0,1,1,1,1,0,0,0,0,1,0,0,6,2,6,"Bar,Line",0,1,0,0,0,0,1,0,0,0,0,0,2
v490_n7420_19_f3.png,3888.png,64.1,0,0,0,1,1,0,S,single,"title(s),caption(s),axes text,axes labels,text-only",0,1,1,1,0,1,0,0,1,1,0,0,3,1,1,Table,0,0,0,0,0,0,0,0,0,1,0,0,1
vis151.png,3889.png,62.8,0,1,0,0,0,1,I,multipanel,"title(s),annotation(s),caption(s),axes text,axes labels",0,1,1,1,1,1,0,0,0,0,0,8,4,4,5,"Area,Map,Bar,Diagram,Text",1,1,0,1,0,0,0,1,0,0,1,0,5
v488_n7412_5_f8.png,3890.png,63.3,0,0,0,1,0,1,S,multipanel,"annotation(s),axes text,axes labels,title(s)",0,1,1,1,1,0,0,0,0,0,0,4,3,1,2,"Point,Line",0,0,0,0,0,0,1,0,1,0,0,0,2
np_5.png,3891.png,64.7,1,0,0,0,0,1,N,multipanel,"title(s),annotation(s),caption(s),axes text,axes labels",0,1,1,1,1,1,0,0,0,0,0,6,11,3,44,"Table,Line,Grid & Matrix,Diagram,Bar",0,1,0,1,0,1,1,0,0,1,0,0,5
v485_n7400_10_f3.png,3892.png,54.2,0,0,0,1,0,1,S,multipanel,"axes text,axes labels,title(s)",0,1,1,1,0,0,0,0,0,0,0,3,3,2,2,Point,0,0,0,0,0,0,0,0,1,0,0,0,1
vis145.png,3893.png,70.4,0,1,0,0,1,0,I,single,"title(s),annotation(s),caption(s)",0,0,0,1,1,1,0,0,0,0,0,6,0,2,1,Diagram,0,0,0,1,0,0,0,0,0,0,0,0,1
visMost776.png,3894.png,24.4,0,1,0,0,1,0,I,single,"title(s),annotation(s),legend text,caption(s)",0,0,0,1,1,1,1,0,0,0,0,3,1,2,1,"Table,Area",1,0,0,0,0,0,0,0,0,1,0,0,2
vis623.png,3895.png,71.3,0,1,0,0,0,1,I,multipanel,"title(s),annotation(s),caption(s),axes text,axes labels",0,1,1,1,1,1,0,0,0,0,1,4,5,4,3,"Circle,Diagram,Table,Text",0,0,1,1,0,0,0,0,0,1,1,0,4
v484_n7393_19_f4.png,3896.png,71.9,0,0,0,1,0,1,S,multipanel,"legend text,axes text,axes labels,title(s),annotation(s)",0,1,1,1,1,0,1,0,0,0,0,8,2,4,3,"Bar,Table",0,1,0,0,0,0,0,0,0,1,0,0,2
whoJ35.png,3897.png,31.5,0,0,1,0,1,0,G,single,"title(s),axes text,axes labels,caption(s)",0,1,1,1,0,1,0,0,0,0,0,2,1,1,1,"Bar,Distribution",0,1,0,0,1,0,0,0,0,0,0,0,2
v483_n7389_3_f1.png,3898.png,80.4,0,0,0,1,0,1,S,multipanel,"axes labels,axes text,title(s),annotation(s)",0,1,1,1,1,0,0,0,0,0,0,9,3,2,5,"Area,Line,Diagram",1,0,0,1,0,0,1,0,0,0,0,0,3
v487_n7406_21_f4.png,3899.png,75.4,0,0,0,1,0,1,S,multipanel,"axes labels,axes text,legend text,title(s)",0,1,1,1,0,0,1,0,0,0,0,4,6,3,3,"Bar,Diagram",0,1,0,1,0,0,0,0,0,0,0,0,2
v487_n7407_3_f2.png,3900.png,89.9,0,0,0,1,0,1,S,multipanel,"title(s),axes labels,caption(s),legend text",0,1,0,1,0,1,1,0,0,0,0,4,1,2,69,"Point,Grid & Matrix",0,0,0,0,0,1,0,0,1,0,0,0,2
vis179.png,3901.png,58.8,0,1,0,0,0,1,I,multipanel,"title(s),annotation(s),caption(s),axes text",0,0,1,1,1,1,0,0,0,0,0,15,1,2,1,"Table,Diagram",0,0,0,1,0,0,0,0,0,1,0,0,2
treasuryL13.png,3902.png,45,0,0,1,0,1,0,G,single,"caption(s),title(s),annotation(s),text-only",0,0,0,1,1,1,0,0,1,0,0,1,5,1,1,"Text,Table",0,0,0,0,0,0,0,0,0,1,1,0,2
economist_daily_chart_188.png,3903.png,29.3,1,0,0,0,1,0,N,single,"title(s),annotation(s),caption(s),axes text",0,0,1,1,1,1,0,0,0,0,0,1,2,1,1,"Bar,Distribution",0,1,0,0,1,0,0,0,0,0,0,0,2
whoJ09.png,3904.png,41.4,0,0,1,0,0,1,G,multipanel,"title(s),axes text,axes labels,annotation(s),caption(s),legend title,legend text",0,1,1,1,1,1,1,1,0,0,0,6,2,2,3,"Bar,Map",0,1,0,0,0,0,0,1,0,0,0,0,2
v487_n7406_3_f2.png,3905.png,86.1,0,0,0,1,0,1,S,multipanel,"title(s),axes text,axes labels,annotation(s),legend text",0,1,1,1,1,0,1,0,0,0,0,10,3,5,4,"Point,Line,Diagram",0,0,0,1,0,0,1,0,1,0,0,0,3
v483_n7388_20_f4.png,3906.png,76.3,0,0,0,1,0,1,S,multipanel,"axes text,axes labels,title(s),legend text,annotation(s)",0,1,1,1,1,0,1,0,0,0,1,3,3,3,15,"Bar,Diagram",0,1,0,1,0,0,0,0,0,0,0,0,2
v485_n7399_21_f2.png,3907.png,66.5,0,0,0,1,0,1,S,multipanel,"title(s),annotation(s),legend text,axes text",0,0,1,1,1,0,1,0,0,0,0,4,1,5,3,"Diagram,Point,Table,Distribution",0,0,0,1,1,0,0,0,1,1,0,0,4
vis958.png,3908.png,39.1,0,1,0,0,1,0,I,single,"caption(s),annotation(s),title(s),axes text",0,0,1,1,1,1,0,0,0,0,1,18,1,3,2,"Bar,Table",0,1,0,0,0,0,0,0,0,1,0,0,2
treasuryJ01_2.png,3909.png,19.7,0,0,1,0,1,0,G,single,"title(s),annotation(s),caption(s),axes text",0,0,1,1,1,1,0,0,0,0,0,2,2,1,1,Line,0,0,0,0,0,0,1,0,0,0,0,0,1
vis780.png,3910.png,77.3,0,1,0,0,1,0,I,single,"legend text,annotation(s),title(s),axes text",0,0,1,1,1,0,1,0,0,0,1,10,2,1,2,Point,0,0,0,0,0,0,0,0,1,0,0,0,1
v482_n7386_17_f3.png,3911.png,76.8,0,0,0,1,0,1,S,multipanel,"axes text,axes labels,title(s)",0,1,1,1,0,0,0,0,0,0,0,11,6,4,7,"Bar,Line,Table",0,1,0,0,0,0,1,0,0,1,0,0,3
economist_daily_chart_13.png,3912.png,19.5,1,0,0,0,1,0,N,single,"legend text,caption(s),axes text,title(s),annotation(s)",0,0,1,1,1,1,1,0,0,0,0,1,1,2,1,Bar,0,1,0,0,0,0,0,0,0,0,0,0,1
wsj181.png,3913.png,59.6,1,0,0,0,0,1,N,multipanel,"title(s),annotation(s),axes text,legend text,caption(s)",0,0,1,1,1,1,1,0,0,0,1,8,2,2,2,"Area,Line",1,0,0,0,0,0,1,0,0,0,0,0,2
wsj1.png,3914.png,46,1,0,0,0,0,1,N,multipanel,"title(s),annotation(s),axes text,caption(s)",0,0,1,1,1,1,0,0,0,0,1,10,3,2,2,"Bar,Circle",0,1,1,0,0,0,0,0,0,0,0,0,2
v485_n7397_10_f1.png,3915.png,56,0,0,0,1,1,0,S,single,"axes labels,axes text,annotation(s)",0,1,1,0,1,0,0,0,0,0,0,6,2,1,1,Map,0,0,0,0,0,0,0,1,0,0,0,0,1
v483_n7391_22_f2.png,3916.png,64.3,0,0,0,1,0,1,S,multipanel,"axes labels,axes text,title(s),annotation(s)",0,1,1,1,1,0,0,0,0,1,0,0,6,2,7,"Bar,Distribution",0,1,0,0,1,0,0,0,0,0,0,0,2
wsj195.png,3917.png,49.7,1,0,0,0,0,1,N,multipanel,"axes text,title(s),caption(s),annotation(s)",0,0,1,1,1,1,0,0,0,0,1,13,5,3,4,"Area,Line,Bar",1,1,0,0,0,0,1,0,0,0,0,0,3
treasuryK03_5.png,3918.png,16.2,0,0,1,0,1,0,G,single,"title(s),axes text,annotation(s),caption(s)",0,0,1,1,1,1,0,0,0,0,0,1,2,0,1,Bar,0,1,0,0,0,0,0,0,0,0,0,0,1
vis794.png,3919.png,57.7,0,1,0,0,0,1,I,multipanel,"title(s),annotation(s),caption(s),axes text,axes labels",0,1,1,1,1,1,0,0,0,0,1,7,1,1,7,"Circle,Text,Bar,Line,Map",0,1,1,0,0,0,1,1,0,0,1,0,5
visMost94.png,3920.png,71.8,0,1,0,0,0,1,I,multipanel,"title(s),annotation(s),caption(s),axes text",0,0,1,1,1,1,0,0,0,0,1,8,1,3,9,"Circle,Table",0,0,1,0,0,0,0,0,0,1,0,0,2
vis964.png,3921.png,59.6,0,1,0,0,0,1,I,multipanel,"title(s),text-only,legend text,annotation(s),caption(s)",0,0,0,1,1,1,1,0,1,0,1,6,1,5,6,"Text,Map,Diagram",0,0,0,1,0,0,0,1,0,0,1,0,3
whoQ44_2.png,3922.png,19,0,0,1,0,1,0,G,single,"title(s),axes text,legend text",0,0,1,1,0,0,1,0,0,1,0,3,1,2,1,Bar,0,1,0,0,0,0,0,0,0,0,0,0,1
v490_n7420_2_f2.png,3923.png,67.4,0,0,0,1,0,1,S,multipanel,"axes labels,axes text,title(s),annotation(s)",0,1,1,1,1,0,0,0,0,0,0,7,1,4,3,"Bar,Diagram",0,1,0,1,0,0,0,0,0,0,0,0,2
v485_n7398_5_f4.png,3924.png,69.8,0,0,0,1,0,1,S,multipanel,"legend text,axes text,axes labels,title(s),annotation(s)",0,1,1,1,1,0,1,0,0,0,0,6,5,4,10,"Diagram,Bar,Distribution",0,1,0,1,1,0,0,0,0,0,0,0,3
visMost80.png,3925.png,41.4,0,1,0,0,0,1,I,multipanel,"title(s),axes text,caption(s),annotation(s),legend text",0,0,1,1,1,1,1,0,0,0,1,6,4,3,6,"Text,Map,Bar",0,1,0,0,0,0,0,1,0,0,1,0,3
vis970.png,3926.png,55.9,0,1,0,0,0,1,I,multipanel,"title(s),axes text,legend text,caption(s),annotation(s)",0,0,1,1,1,1,1,0,0,0,1,7,5,3,6,"Circle,Text,Bar,Trees & Networks",0,1,1,0,0,0,0,0,0,0,1,1,4
v483_n7388_1_f4.png,3927.png,54.7,0,0,0,1,0,1,S,multipanel,"axes text,axes labels,legend title,legend text,title(s)",0,1,1,1,0,0,1,1,0,0,0,10,2,3,5,"Diagram,Map,Grid & Matrix",0,0,0,1,0,1,0,1,0,0,0,0,3
v482_n7386_1_f9.png,3928.png,50.5,0,0,0,1,0,1,S,multipanel,"axes labels,axes text,title(s),annotation(s)",0,1,1,1,1,0,0,0,0,0,0,1,2,0,6,Bar,0,1,0,0,0,0,0,0,0,0,0,0,1
vis743.png,3929.png,69.2,0,1,0,0,0,1,I,multipanel,"text-only,title(s),caption(s),annotation(s),axes text,axes labels",0,1,1,1,1,1,0,0,1,0,1,1,0,2,10,"Diagram,Table",0,0,0,1,0,0,0,0,0,1,0,0,2
visMost616.png,3930.png,54.6,0,1,0,0,0,1,I,multipanel,"title(s),axes text,axes labels,caption(s),annotation(s),legend text",0,1,1,1,1,1,1,0,0,0,1,5,3,1,6,"Diagram,Bar",0,1,0,1,0,0,0,0,0,0,0,0,2
visMost170.png,3931.png,50.3,0,1,0,0,1,0,I,single,"title(s),text-only,axes text,caption(s)",0,0,1,1,0,1,0,0,1,0,1,28,0,1,22,Table,0,0,0,0,0,0,0,0,0,1,0,0,1
wsj142.png,3932.png,45.6,1,0,0,0,0,1,N,multipanel,"title(s),annotation(s),caption(s),axes text,axes labels",0,1,1,1,1,1,0,0,0,0,1,11,4,2,5,"Line,Circle,Table,Text,Bar,Area",1,1,1,0,0,0,1,0,0,1,1,0,6
wsj156.png,3933.png,48.1,1,0,0,0,0,1,N,multipanel,"axes text,title(s),annotation(s),caption(s)",0,0,1,1,1,1,0,0,0,0,0,3,5,1,3,Line,0,0,0,0,0,0,1,0,0,0,0,0,1
v486_n7401_19_f1.png,3934.png,79.1,0,0,0,1,0,1,S,multipanel,"axes labels,axes text,title(s),annotation(s)",0,1,1,1,1,0,0,0,0,1,0,0,4,5,7,"Table,Bar",0,1,0,0,0,0,0,0,0,1,0,0,2
visMost164.png,3935.png,18.1,0,1,0,0,0,1,I,multipanel,title(s),0,0,0,1,0,0,0,0,0,0,1,11,1,1,3,Bar,0,1,0,0,0,0,0,0,0,0,0,0,1
v483_n7389_1_f4.png,3936.png,76.7,0,0,0,1,0,1,S,multipanel,"legend text,annotation(s)",0,0,0,0,1,0,1,0,0,0,0,4,0,4,1,"Trees & Networks,Distribution",0,0,0,0,1,0,0,0,0,0,0,1,2
vis757.png,3937.png,44.9,0,1,0,0,0,1,I,multipanel,"title(s),axes text,caption(s),annotation(s)",0,0,1,1,1,1,0,0,0,0,1,4,3,1,7,"Text,Bar,Circle",0,1,1,0,0,0,0,0,0,0,1,0,3
visMost602.png,3938.png,74.4,0,1,0,0,1,0,I,single,"text-only,title(s),caption(s),annotation(s)",0,0,0,1,1,1,0,0,1,0,0,2,0,1,1,Trees & Networks,0,0,0,0,0,0,0,0,0,0,0,1,1
v483_n7389_8_f8.png,3939.png,74.1,0,0,0,1,0,1,S,multipanel,"axes text,annotation(s),title(s),axes labels",0,1,1,1,1,0,0,0,0,0,0,4,3,1,8,"Line,Diagram",0,0,0,1,0,0,1,0,0,0,0,0,2
visMost57.png,3940.png,46.7,0,1,0,0,0,1,I,multipanel,"title(s),anotation(s),caption(s),legend text,axes text",0,0,1,1,0,1,1,0,0,0,1,9,3,2,8,"Text,Area,Bar,Circle,Diagram,Map",1,1,1,1,0,0,0,1,0,0,1,0,6
v484_n7393_15_f4.png,3941.png,78.5,0,0,0,1,0,1,S,multipanel,"axes text,title(s),annotation(s)",0,0,1,1,1,0,0,0,0,0,0,6,7,7,19,"Bar,Point,Diagram,Line",0,1,0,1,0,0,1,0,1,0,0,0,4
v488_n7412_15_f2.png,3942.png,75.6,0,0,0,1,0,1,S,multipanel,"axes text,axes labels,title(s),annotation(s),legend text",0,1,1,1,1,0,1,0,0,1,0,0,3,2,12,"Bar,Line,Diagram",0,1,0,1,0,0,1,0,0,0,0,0,3
visMost158.png,3943.png,37.7,0,1,0,0,1,0,I,single,"title(s),annotation(s),legend text,legend title,caption(s)",0,0,0,1,1,1,1,1,0,0,1,1,2,1,1,Point,0,0,0,0,0,0,0,0,1,0,0,0,1
v490_n7420_15_f3.png,3944.png,64.5,0,0,0,1,0,1,S,multipanel,"legend text,axes text,axes labels,title(s),annotation(s)",0,1,1,1,1,0,1,0,0,0,0,1,4,3,5,"Trees & Networks,Bar",0,1,0,0,0,0,0,0,0,0,0,1,2
visMost43.png,3945.png,60.6,0,1,0,0,0,1,I,multipanel,"title(s),caption(s),annotation(s),axes text,legend text",0,0,1,1,1,1,1,0,0,0,1,6,4,4,10,"Circle,Map,Bar,Diagram,Area",1,1,1,1,0,0,0,1,0,0,0,0,5
wsj383.png,3946.png,22.2,1,0,0,0,0,1,N,multipanel,"title(s),caption(s),axes text,annotation(s)",0,0,1,1,1,1,0,0,0,0,1,3,1,3,2,"Bar,Line",0,1,0,0,0,0,1,0,0,0,0,0,2
economist_daily_chart_215.png,3947.png,17.3,1,0,0,0,1,0,N,single,"legend text,title(s),annotation(s)",0,0,0,1,1,0,1,0,0,0,0,3,0,1,1,Map,0,0,0,0,0,0,0,1,0,0,0,0,1
vis582.png,3948.png,50.8,0,1,0,0,0,1,I,multipanel,"title(s),caption(s),annotation(s),axes text",0,0,1,1,1,1,0,0,0,0,1,7,1,2,3,"Map,Diagram",0,0,0,1,0,0,0,1,0,0,0,0,2
vis33.png,3949.png,55.6,0,1,0,0,0,1,I,multipanel,"title(s),axes text,axes labels,caption(s),annotation(s)",0,1,1,1,1,1,0,0,0,0,1,11,2,3,3,"Bar,Table",0,1,0,0,0,0,0,0,0,1,0,0,2
v488_n7410_3_f6.png,3950.png,75.1,0,0,0,1,0,1,S,multipanel,"axes text,axes labels,title(s),annotation(s)",0,1,1,1,1,0,0,0,0,0,0,6,1,4,4,"Diagram,Bar",0,1,0,1,0,0,0,0,0,0,0,0,2
vis596.png,3951.png,52.8,0,1,0,0,0,1,I,multipanel,"title(s),annotation(s),caption(s),axes text",0,0,1,1,1,1,0,0,0,0,1,6,9,3,6,"Diagram,Circle,Table,Text",0,0,1,1,0,0,0,0,0,1,1,0,4
vis27.png,3952.png,20.5,0,1,0,0,1,0,I,single,"title(s),annotation(s),caption(s),axes text,annotation(s)",0,0,1,1,1,1,0,0,0,0,0,1,2,0,1,Line,0,0,0,0,0,0,1,0,0,0,0,0,1
economist_daily_chart_201.png,3953.png,23.8,1,0,0,0,1,0,N,single,"title(s),axes text,legend text,caption(s)",0,0,1,1,0,1,1,0,0,0,0,3,1,2,1,Bar,0,1,0,0,0,0,0,0,0,0,0,0,1
wsj397.png,3954.png,23.2,1,0,0,0,1,0,N,single,"title(s),annotation(s),caption(s)",0,0,0,1,1,1,0,0,0,0,1,6,2,3,2,Diagram,0,0,0,1,0,0,0,0,0,0,0,0,1
v489_n7415_19_f3.png,3955.png,29,0,0,0,1,0,1,S,multipanel,"axes text,axes labels,legend text,title(s)",0,1,1,1,0,0,1,0,0,0,0,2,3,3,2,"Line,Point",0,0,0,0,0,0,1,0,1,0,0,0,2
v488_n7411_3_f6.png,3956.png,69.9,0,0,0,1,0,1,S,multipanel,"axes text,axes labels,title(s),annotation(s),legend text",0,1,1,1,1,0,1,0,0,0,0,6,6,8,8,"Bar,Point,Line",0,1,0,0,0,0,1,0,1,0,0,0,3
v487_n7405_2_f5.png,3957.png,69.3,0,0,0,1,0,1,S,multipanel,"title(s),annotation(s)",0,0,0,1,1,0,0,0,0,0,0,5,0,3,1,Diagram,0,0,0,1,0,0,0,0,0,0,0,0,1
v490_n7420_23_f2.png,3958.png,62,0,0,0,1,0,1,S,multipanel,"axes text,axes labels,title(s),legend text",0,1,1,1,0,0,1,0,0,0,0,4,2,3,3,"Point,Line",0,0,0,0,0,0,1,0,1,0,0,0,2
v488_n7412_23_f3.png,3959.png,77.5,0,0,0,1,0,1,S,multipanel,"axes text,title(s)",0,0,1,1,0,0,0,0,0,1,0,0,4,6,11,"Distribution,Table",0,0,0,0,1,0,0,0,0,1,0,0,2
v485_n7400_3_f1.png,3960.png,71.8,0,0,0,1,0,1,S,multipanel,"axes text,axes labels,title(s)",0,1,1,1,0,0,0,0,0,0,0,6,4,5,15,"Tabe,Bar,Line,Diagram",0,1,0,1,0,0,1,0,0,0,0,0,3
whoK17_2.png,3961.png,9.8,0,0,1,0,1,0,G,single,"caption(s),title(s),text-only",0,0,0,1,0,1,0,0,1,0,0,1,4,1,1,Table,0,0,0,0,0,0,0,0,0,1,0,0,1
economist_daily_chart_229.png,3962.png,40.8,1,0,0,0,1,0,N,single,"title(s),legend text,axes text,caption(s)",0,0,1,1,0,1,1,0,0,0,0,5,2,2,1,Bar,0,1,0,0,0,0,0,0,0,0,0,0,1
v484_n7395_19_f3.png,3963.png,78.9,0,0,0,1,0,1,S,multipanel,"title(s),axes text,legend text,axes labels",0,1,1,1,0,0,1,0,0,0,1,6,5,7,11,"Distribution,Bar,Point",0,1,0,0,1,0,0,0,1,0,0,0,3
visMost399.png,3964.png,43.5,0,1,0,0,1,0,I,single,"title(s),caption(s)",0,0,0,1,0,1,0,0,0,0,1,4,0,3,3,Table,0,0,0,0,0,0,0,0,0,1,0,0,1
v490_n7418_19_f1.png,3965.png,78.9,0,0,0,1,0,1,S,multipanel,"axes text,axes labels,title(s)",0,1,1,1,0,0,0,0,0,0,0,5,6,1,20,"Diagram,Bar,Point",0,1,0,1,0,0,0,0,1,0,0,0,3
v487_n7408_4_f2.png,3966.png,70.8,0,0,0,1,0,1,S,multipanel,"axes text,axes labels,title(s),annotation(s)",0,1,1,1,1,0,0,0,0,0,0,2,4,1,7,"Diagram,Point,Bar",0,1,0,1,0,0,0,0,1,0,0,0,3
wsj340.png,3967.png,16.2,1,0,0,0,1,0,N,single,"title(s),annotation(s),caption(s),axes text",0,0,1,1,1,1,0,0,0,0,1,5,1,1,1,Circle,0,0,1,0,0,0,0,0,0,0,0,0,1
whoN31.png,3968.png,18.4,0,0,1,0,1,0,G,single,"title(s),legend text,legend title",0,0,0,1,0,0,1,1,0,0,0,7,0,1,1,Map,0,0,0,0,0,0,0,1,0,0,0,0,1
vis227.png,3969.png,49.4,0,1,0,0,0,1,I,multipanel,"title(s),caption(s),annotation(s),axes text",0,0,1,1,1,1,0,0,0,0,0,4,6,1,10,"Line,Bar,Text",0,1,0,0,0,0,1,0,0,0,1,0,3
visMost372.png,3970.png,58.3,0,1,0,0,0,1,I,multipanel,"title(s),caption9s),annotation(s),axes text,axes labels",0,1,1,1,1,0,0,0,0,0,1,8,2,1,2,"Diagram,Point",0,0,0,1,0,0,0,0,1,0,0,0,2
v489_n7415_6_f4.png,3971.png,64,0,0,0,1,0,1,S,multipanel,"axes text,axes labels,title(s),annotation(s),legend text",0,1,1,1,1,0,1,0,0,0,0,5,2,2,4,"Diagram,Point",0,0,0,1,0,0,0,0,1,0,0,0,2
visMost414.png,3972.png,30,0,1,0,0,1,0,I,single,"title(s),caption(s),annotation(s)",0,0,0,1,1,1,0,0,0,0,1,4,0,1,1,Table,0,0,0,0,0,0,0,0,0,1,0,0,1
v483_n7391_14_f3.png,3973.png,66,0,0,0,1,0,1,S,multipanel,"axes text,axes labels,annotation(s),title(s)",0,1,1,1,1,0,0,0,0,0,0,4,2,6,4,"Grid & Matrix,Diagram,Bar,Circle,Distribution,Area",1,1,1,1,1,1,0,0,0,0,0,0,6
wsj426.png,3974.png,28.1,1,0,0,0,0,1,N,multipanel,"axes text,title(s),caption(s),annotation(s)",0,0,1,1,1,1,0,0,0,0,1,5,4,1,3,"Bar,Line,Area",1,1,0,0,0,0,1,0,0,0,0,0,3
wsj432.png,3975.png,23.6,1,0,0,0,1,0,N,single,"title(s),legend text,caption(s),axes text",0,0,1,1,0,1,1,0,0,0,1,3,2,1,1,Bar,0,1,0,0,0,0,0,0,0,0,0,0,1
visMost400.png,3976.png,59.5,0,1,0,0,1,0,I,single,"title(s),axes text,legend text",0,0,1,1,0,0,1,0,0,1,0,0,2,1,1,"Trees & Networks,CIrcle,Area",1,0,0,0,0,0,0,0,0,0,0,1,2
vis555.png,3977.png,68.5,0,1,0,0,0,1,I,multipanel,"title(s),annotation(s),caption(s),axes text,axes labels",0,1,1,1,1,1,0,0,0,0,0,32,4,3,1,"Diagram,Area,Circle,Table",1,0,1,1,0,0,0,0,0,1,0,0,4
v488_n7411_12_f3.png,3978.png,61.9,0,0,0,1,1,0,S,single,annotation(s),0,0,0,0,1,0,0,0,0,0,0,3,1,1,1,Trees & Networks,0,0,0,0,0,0,0,0,0,0,0,1,1
v485_n7399_17_f3.png,3979.png,82.7,0,0,0,1,0,1,S,multipanel,"title(s),legend text,axes text,annotation(s),axes labels",0,1,1,1,1,0,1,0,0,0,0,3,8,1,23,"Diagram,Bar",0,1,0,1,0,0,0,0,0,0,0,0,2
whoN25.png,3980.png,16.4,0,0,1,0,1,0,G,single,"title(s),text-only,axes text,axes labels",0,1,1,1,0,0,0,0,1,0,0,2,3,2,2,Table,0,0,0,0,0,0,0,0,0,1,0,0,1
vis233.png,3981.png,43.7,0,1,0,0,1,0,I,single,"title(s),caption(s),axes text,annotation(s)",0,0,1,1,1,1,0,0,0,0,0,6,1,0,1,Diagram,0,0,0,1,0,0,0,0,0,0,0,0,1
v488_n7409_18_f2.png,3982.png,62.7,0,0,0,1,0,1,S,multipanel,"axes text,legend text",0,0,1,0,0,0,1,0,0,0,0,5,0,5,5,Grid & Matrix,0,0,0,0,0,1,0,0,0,0,0,0,1
v484_n7392_5_f3.png,3983.png,63.3,0,0,0,1,0,1,S,multipanel,"axes text,axes labels,title(s),legend text",0,1,1,1,0,0,1,0,0,0,0,8,5,2,6,"Line,Point,Grid & Matrix",0,0,0,0,0,1,1,0,1,0,0,0,3
visMost366.png,3984.png,54.4,0,1,0,0,0,1,I,multipanel,"title(s),caption(s),annotation(s)",0,0,0,1,1,1,0,0,0,0,1,5,0,3,1,Table,0,0,0,0,0,0,0,0,0,1,0,0,1
wsj354.png,3985.png,58.8,1,0,0,0,0,1,N,multipanel,"title(s),caption(s),annotation(s),axes text,legend text",0,0,1,1,1,1,1,0,0,0,0,10,2,3,6,"Bar,Circle,Map",0,1,1,0,0,0,0,1,0,0,0,0,3
v485_n7396_20_f2.png,3986.png,74.8,0,0,0,1,0,1,S,multipanel,"axes text,axes labels,annotation(s),legend text,title(s)",0,1,1,1,1,0,1,0,0,0,0,10,9,6,10,"Distribution,Bar,Circle,Diagram",0,1,1,1,1,0,0,0,0,0,0,0,4
v483_n7390_12_f1.png,3987.png,27.6,0,0,0,1,1,0,S,single,"axes text,axes labels,legend text",0,1,1,0,0,0,1,0,0,0,0,2,3,1,1,Line,0,0,0,0,0,0,1,0,0,0,0,0,1
whoH16_2.png,3988.png,20.1,0,0,1,0,0,1,G,multipanel,"axes labels,axes text,title(s),annotation(s)",0,1,1,1,1,0,0,0,0,0,0,3,1,1,1,Bar,0,1,0,0,0,0,0,0,0,0,0,0,1
v484_n7395_1_f2.png,3989.png,81,0,0,0,1,0,1,S,multipanel,"axes text,title(s),legend text",0,0,1,1,0,0,1,0,0,0,0,7,7,2,12,"Line,Grid & Matrix,Diagram",0,0,0,1,0,1,1,0,0,0,0,0,3
visMost428.png,3990.png,49.8,0,1,0,0,0,1,I,multipanel,"title(s),axes text,annotation(s),caption(s),axes labels",0,1,1,1,1,1,0,0,0,0,1,4,8,6,9,"Circle,Diagram,Area,Distribution",1,0,1,1,1,0,0,0,0,0,0,0,4
v485_n7398_11_f1.png,3991.png,60.6,0,0,0,1,0,1,S,multipanel,"axes labels,axes text,title(s),annotation(s)",0,1,1,1,1,0,0,0,0,0,0,5,6,3,3,"Line,Diagram",0,0,0,1,0,0,1,0,0,0,0,0,2
v488_n7410_14_f1.png,3992.png,64.4,0,0,0,1,0,1,S,multipanel,"axes labels,axes text,legend text,legend title,title(s)",0,1,1,1,0,0,1,1,0,0,1,5,3,3,4,"Bar,Trees & Networks,Map,Grid & Matrix",0,1,0,0,0,1,0,1,0,0,0,1,4
vis569.png,3993.png,63.8,0,1,0,0,0,1,I,multipanel,"annotation(s),caption(s),title(s)",0,0,0,1,1,1,0,0,0,0,0,4,7,1,7,"Circle,Area",1,0,1,0,0,0,0,0,0,0,0,0,2
v489_n7417_20_f4.png,3994.png,67.4,0,0,0,1,1,0,S,single,annotation(s),0,0,0,0,1,0,0,0,0,0,0,2,0,3,1,Diagram,0,0,0,1,0,0,0,0,0,0,0,0,1
wsj368.png,3995.png,34.2,1,0,0,0,0,1,N,multipanel,"title(s),axes text,caption(s),annotation(s)",0,0,1,1,1,1,0,0,0,0,1,4,4,1,3,Bar,0,1,0,0,0,0,0,0,0,0,0,0,1
v489_n7415_8_f1.png,3996.png,53.3,0,0,0,1,1,0,S,single,"axes text,annotation(s)",0,0,1,0,1,0,0,0,0,0,1,2,1,1,1,Diagram,0,0,0,1,0,0,0,0,0,0,0,0,1
v484_n7394_1_f2.png,3997.png,63.8,0,0,0,1,0,1,S,multipanel,"axes text,axes labels,legend text,title(s)",0,1,1,1,0,0,1,0,0,1,0,0,8,2,11,"Bar,Line",0,1,0,0,0,0,1,0,0,0,0,0,2
wsj418.png,3998.png,40.9,1,0,0,0,0,1,N,multipanel,"axes text,title(s),caption(s),annotation(s)",0,0,1,1,1,1,0,0,0,0,1,3,5,1,4,"Bar,Line",0,1,0,0,0,0,1,0,0,0,0,0,2
whoB28_1.png,3999.png,25.9,0,0,1,0,0,1,G,multipanel,"title(s),text-only,caption(s)",0,0,0,1,0,1,0,0,1,0,0,4,3,1,4,Table,0,0,0,0,0,0,0,0,0,1,0,0,1
v483_n7388_18_f2.png,4000.png,78.3,0,0,0,1,0,1,S,multipanel,"axes text,axes labels,title(s),legend text,annotation(s)",0,1,1,1,1,0,1,0,0,0,0,3,2,3,12,"Grid & Matrix,Bar",0,1,0,0,0,1,0,0,0,0,0,0,2
v483_n7390_12_f3.png,4001.png,31.099999999999998,0,0,0,1,1,0,S,single,"axes labels,axes text",0,1,1,0,0,0,0,0,0,0,0,5,2,1,1,Line,0,0,0,0,0,0,1,0,0,0,0,0,1
vis219.png,4002.png,44.4,0,1,0,0,0,1,I,multipanel,"title(s),caption(s),annotation(s),axes text,axes labels",0,1,1,1,1,1,0,0,0,0,1,8,1,11,10,"Map,Bar,Table",0,1,0,0,0,0,0,1,0,1,0,0,3
visMost358.png,4003.png,45.7,0,1,0,0,0,1,I,multipanel,"title(s),caption(s),axes text,annotation(s),axes labels",0,1,1,1,1,1,0,0,0,0,1,6,7,4,4,"Table,Diagram",0,0,0,1,0,0,0,0,0,1,0,0,2
vis9.png,4004.png,41.6,0,1,0,0,0,1,I,multipanel,"title(s),caption(s),annotation(s)",0,0,0,1,1,1,0,0,0,0,1,5,7,7,7,"Circle,Bar,Grid & Matrix,Distribution",0,1,1,0,1,1,0,0,0,0,0,0,4
v488_n7410_14_f3.png,4005.png,38,0,0,0,1,0,1,S,multipanel,"axes text,axes labels,title(s)",0,1,1,1,0,0,0,0,0,1,0,0,5,1,8,Line,0,0,0,0,0,0,1,0,0,0,0,0,1
v485_n7398_11_f3.png,4006.png,60.7,0,0,0,1,0,1,S,multipanel,"axes labels,axes text,annotation(s),title(s)",0,1,1,1,1,0,0,0,0,0,0,4,2,0,8,"Diagram,Point",0,0,0,1,0,0,0,0,1,0,0,0,2
wsj424.png,4007.png,37.8,1,0,0,0,1,0,N,single,"title(s),legend text,axes text,axes labels,caption(s)",0,1,1,1,0,1,1,0,0,0,1,4,4,1,1,"Bar,Distribution",0,1,0,0,1,0,0,0,0,0,0,0,2
v483_n7391_14_f1.png,4008.png,70.5,0,0,0,1,0,1,S,multipanel,"axes text,axes labels,title(s),annotation(s)",0,1,1,1,1,0,0,0,0,0,0,2,2,4,4,"Diagram,Bar",0,1,0,1,0,0,0,0,0,0,0,0,2
treasuryI02_2.png,4009.png,13,0,0,1,0,1,0,G,single,"title(s),caption(s),legend text,axes text",0,0,1,1,0,1,1,0,0,0,0,2,2,1,1,Line,0,0,0,0,0,0,1,0,0,0,0,0,1
vis543.png,4010.png,60.7,0,1,0,0,0,1,I,multipanel,"title(s),caption(s),annotation(s),axes text",0,0,1,1,1,1,0,0,0,0,1,7,6,4,9,"Distribution,Circle,Bar,Table",0,1,1,0,1,0,0,0,0,1,0,0,4
v485_n7397_26_f2.png,4011.png,81.8,0,0,0,1,0,1,S,multipanel,"title(s),annotation(s)",0,0,0,1,1,0,0,0,0,0,0,6,2,1,4,Diagram,0,0,0,1,0,0,0,0,0,0,0,0,1
visMost370.png,4012.png,79.7,0,1,0,0,1,0,I,single,"title(s),caption(s),annotation(s),axes text",0,0,1,1,1,1,0,0,0,0,1,5,0,1,1,Trees & Networks,0,0,0,0,0,0,0,0,0,0,0,1,1
vis225.png,4013.png,41.4,0,1,0,0,0,1,I,multipanel,"title(s),caption(s),annotation(s)",0,0,0,1,1,1,0,0,0,0,0,3,6,1,8,"Diagram,Distribution",0,0,0,1,1,0,0,0,0,0,0,0,2
whoN33.png,4014.png,16.6,0,0,1,0,1,0,G,single,"title(s),annotation(s),axes text",0,0,1,1,1,0,0,0,0,0,0,2,1,1,1,Diagram,0,0,0,1,0,0,0,0,0,0,0,0,1
wsj342.png,4015.png,55.9,1,0,0,0,0,1,N,multipanel,"caption(s),title(s),axes text,annotation(s)",0,0,1,1,1,1,0,0,0,0,1,13,3,2,1,"Circle,Bar,Table",0,1,1,0,0,0,0,0,0,1,0,0,3
wsj356.png,4016.png,59.7,1,0,0,0,1,0,N,single,"title(s),axes text,annotation(s),caption(s)",0,0,1,1,1,1,0,0,0,0,0,6,1,2,7,"Map,Diagram",0,0,0,1,0,0,0,1,0,0,0,0,2
visMost364.png,4017.png,60,0,1,0,0,0,1,I,multipanel,"title(s),axes text,annotation(s),caption(s),axes labels",0,1,1,1,1,1,0,0,0,0,1,11,9,4,14,"Map,Circle,Table,Diagram,Area",1,0,1,1,0,0,0,1,0,1,0,0,5
vis231.png,4018.png,54.6,0,1,0,0,1,0,I,single,no text,1,0,0,0,0,0,0,0,0,0,0,5,0,0,1,Map,0,0,0,0,0,0,0,1,0,0,0,0,1
v484_n7392_5_f1.png,4019.png,68.7,0,0,0,1,0,1,S,multipanel,"axes text,axes labels,title(s),annotation(s),legend text",0,1,1,1,1,0,1,0,0,0,0,4,5,4,5,"Distribution,Point,Diagram,Line,Bar",0,1,0,1,1,0,1,0,1,0,0,0,5
v485_n7399_17_f1.png,4020.png,49.8,0,0,0,1,0,1,S,multipanel,"axes text,axes labels,title(s),annotation(s)",0,1,1,1,1,0,0,0,0,0,0,4,9,2,9,"Bar,Table",0,1,0,0,0,0,0,0,0,1,0,0,2
v488_n7411_12_f1.png,4021.png,70.4,0,0,0,1,0,1,S,multipanel,"legend text,legend title,title(s),annotation(s),axes text",0,0,1,1,1,0,1,1,0,0,0,5,1,4,3,"Trees & Networks,Map,Bar,Distribution",0,1,0,0,1,0,0,1,0,0,0,1,4
whoN27.png,4022.png,17,0,0,1,0,1,0,G,single,"title(s),axes text,axes labels",0,1,1,1,0,0,0,0,0,0,0,1,2,0,1,Bar,0,1,0,0,0,0,0,0,0,0,0,0,1
v483_n7391_8_f5.png,4023.png,57,0,0,0,1,1,0,S,single,"axes text,axes labels,legend text",0,1,1,0,0,0,1,0,0,0,0,10,4,0,1,"Map,Area,Distribution",1,0,0,0,1,0,0,1,0,0,0,0,3
vis557.png,4024.png,53,0,1,0,0,0,1,I,multipanel,"title(s),axes text,annotation(s),caption(s)",0,0,1,1,1,1,0,0,0,0,1,15,3,5,6,"Table,Circle,Bar,Diagram",0,1,1,1,0,0,0,0,0,1,0,0,4
visMost402.png,4025.png,34.1,0,1,0,0,1,0,I,single,"title(s),annotation(s),axes text,caption(s)",0,0,1,1,1,1,0,0,0,0,0,8,1,2,1,Diagram,0,0,0,1,0,0,0,0,0,0,0,0,1
wsj430.png,4026.png,42.5,1,0,0,0,0,1,N,multipanel,"title(s),axes text,axes labels,caption(s),annotation(s)",0,1,1,1,1,1,0,0,0,0,1,3,5,1,3,"Bar,Circle,Line,Table",0,1,1,0,0,0,1,0,0,1,0,0,4
v485_n7400_3_f3.png,4027.png,72.3,0,0,0,1,0,1,S,multipanel,"axes labels,axes text,title(s),annotation(s)",0,1,1,1,1,0,0,0,0,0,0,6,3,4,10,"Bar,Diagram,Line,Table",0,1,0,1,0,0,1,0,0,1,0,0,4
v490_n7419_11_f4.png,4028.png,72.2,0,0,0,1,0,1,S,multipanel,"axes labels,axes text,title(s),annotation(s),caption(s)",0,1,1,1,1,1,0,0,0,0,0,3,11,0,7,"Point,Map",0,0,0,0,0,0,0,1,1,0,0,0,2
v488_n7412_23_f1.png,4029.png,65.6,0,0,0,1,0,1,S,multipanel,"axes text,title(s)",0,0,1,1,0,0,0,0,0,0,0,1,4,4,4,"Distribution,Table",0,0,0,0,1,0,0,0,0,1,0,0,2
whoQ46_2.png,4030.png,19.8,0,0,1,0,1,0,G,single,"axes text,title(s),legend text",0,0,1,1,0,0,1,0,0,0,0,2,1,2,1,Bar,0,1,0,0,0,0,0,0,0,0,0,0,1
v489_n7415_17_f4.png,4031.png,60.6,0,0,0,1,0,1,S,multipanel,"axes labels,axes text,title(s),annotation(s),legend text",0,1,1,1,1,0,1,0,0,0,0,5,2,1,6,"Line,Map,Area,Distribution",1,0,0,0,1,0,1,1,0,0,0,0,4
np_48.png,4032.png,57.5,1,0,0,0,1,0,N,single,"annotation(s),caption(s),axes text,title(s)",0,0,1,1,1,1,0,0,0,0,0,1,2,3,1,"Trees & Networks,Circle,Area",1,0,1,0,0,0,0,0,0,0,0,1,3
v490_n7418_19_f3.png,4033.png,73.2,0,0,0,1,0,1,S,multipanel,"axes labels,axes text,title(s),annotation(s),caption(s)",0,1,1,1,1,1,0,0,0,0,0,4,5,3,12,"Bar,Line,Diagram,Distribution",0,1,0,1,1,0,1,0,0,0,0,0,4
v484_n7395_19_f1.png,4034.png,81.6,0,0,0,1,0,1,S,multipanel,"axes text,axes labels,title(s),annotation(s)",0,1,1,1,1,0,0,0,0,0,0,6,4,5,8,"Diagram,Bar,Distribution",0,1,0,1,1,0,0,0,0,0,0,0,3
whoI09_2.png,4035.png,64.4,0,0,1,0,1,0,G,single,"axes text,axes labels,legend text,caption(s),title(s)",0,1,1,1,0,1,1,0,0,1,0,0,2,1,1,Bar,0,1,0,0,0,0,0,0,0,0,0,0,1
vis31.png,4036.png,48.5,0,1,0,0,0,1,I,multipanel,"title(s),axes text,axes labels,legend text",0,1,1,1,0,0,1,0,0,0,1,1,2,3,3,"Circle,Bar,Map",0,1,1,0,0,0,0,1,0,0,0,0,3
v488_n7410_3_f4.png,4037.png,79.1,0,0,0,1,0,1,S,multipanel,"axes labels,axes text,title(s),caption(s),annotation(s)",0,1,1,1,1,1,0,0,0,0,0,4,6,5,6,"Circle,Diagram,Map,Bar,Table",0,1,1,1,0,0,0,1,0,1,0,0,5
vis580.png,4038.png,56.6,0,1,0,0,0,1,I,multipanel,"title(s),axes text,axes labels,annotation(s),caption(s)",0,1,1,1,1,1,0,0,0,0,1,9,1,7,7,"Trees & Networks.Text,Table",0,0,0,0,0,0,0,0,0,1,1,1,3
treasuryJ03_2.png,4039.png,20.6,0,0,1,0,1,0,G,single,"title(s),axes text,caption(s),legend text",0,0,1,1,0,1,1,0,0,0,0,2,2,1,1,Bar,0,1,0,0,0,0,0,0,0,0,0,0,1
economist_daily_chart_217.png,4040.png,18.1,1,0,0,0,1,0,N,single,"title(s),axes text,legend text,caption(s)",0,0,1,1,0,1,1,0,0,0,0,4,1,2,1,Bar,0,1,0,0,0,0,0,0,0,0,0,0,1
v484_n7395_17_f4.png,4041.png,48.9,0,0,0,1,0,1,S,multipanel,"axes labels,axes text,legend text,title(s)",0,1,1,1,0,0,1,0,0,0,0,5,5,2,6,"Point,Bar",0,1,0,0,0,0,0,0,1,0,0,0,2
wsj381.png,4042.png,37.8,1,0,0,0,0,1,N,multipanel,"title(s),caption(s),legend text,annotation(s)",0,0,0,1,1,1,1,0,0,0,1,6,1,2,2,Map,0,0,0,0,0,0,0,1,0,0,0,0,1
v488_n7411_3_f4.png,4043.png,72.8,0,0,0,1,0,1,S,multipanel,"axes labels,axes text,title(s),legend text,annotation(s)",0,1,1,1,1,0,1,0,0,0,0,4,12,2,12,"Line,Bar,Point",0,1,0,0,0,0,1,0,1,0,0,0,3
v489_n7415_19_f1.png,4044.png,40.6,0,0,0,1,0,1,S,multipanel,"axes text,axes labels,legend text,title(s)",0,1,1,1,0,0,1,0,0,0,0,2,6,1,4,Line,0,0,0,0,0,0,1,0,0,0,0,0,1
wsj395.png,4045.png,39.2,1,0,0,0,1,0,N,single,"title(s),axes text,caption(s),annotation(s)",0,0,1,1,1,1,0,0,0,0,1,3,2,1,1,Line,0,0,0,0,0,0,1,0,0,0,0,0,1
economist_daily_chart_203.png,4046.png,47.5,1,0,0,0,0,1,N,multipanel,"title(s),caption(s),axes text,legend text,legend title,annotation(s)",0,0,1,1,1,1,1,1,0,0,1,6,2,2,2,Area,1,0,0,0,0,0,0,0,0,0,0,0,1
vis25.png,4047.png,62.4,0,1,0,0,1,0,I,single,"title(s),caption(s),annotation(s),axes text",0,0,1,1,1,1,0,0,0,0,1,12,14,2,1,Table,0,0,0,0,0,0,0,0,0,1,0,0,1
vis594.png,4048.png,50.1,0,1,0,0,0,1,I,multipanel,"title(s),caption(s),annotation(s),axes text",0,0,1,1,1,1,0,0,0,0,1,4,5,4,7,"Diagram,Bar,Circle,DIstribution",0,1,1,1,0,0,0,0,0,0,0,0,3
v489_n7414_29_f2.png,4049.png,78,0,0,0,1,0,1,S,multipanel,"axes labels,axes text,title(s),legend text,annotation(s)",0,1,1,1,1,0,1,0,0,0,0,6,5,4,23,"Bar,Diagram",0,1,0,1,0,0,0,0,0,0,0,0,2
whoH14_2.png,4050.png,22.8,0,0,1,0,0,1,G,multipanel,"axes labels,axes text,legend text,title(s)",0,1,1,1,0,0,1,0,0,0,1,5,2,2,1,"Bar,Point",0,1,0,0,0,0,0,0,1,0,0,0,2
v487_n7407_1_f5.png,4051.png,50.6,0,0,0,1,0,1,S,multipanel,"axes text,legend text,title(s),axes labels",0,1,1,1,0,0,1,0,0,1,0,0,2,2,2,Point,0,0,0,0,0,0,0,0,1,0,0,0,1
visMost55.png,4052.png,9.9,0,1,0,0,1,0,I,single,"title(s),axes text,caption(s),annotation(s),axes labels",0,1,1,1,1,1,0,0,0,0,1,9,1,1,1,Bar,0,1,0,0,0,0,0,0,0,0,0,0,1
visMost628.png,4053.png,59.7,0,1,0,0,0,1,I,multipanel,"title(s),caption(s),legend text,axes text,axes labels,annotation(s)",0,1,1,1,1,1,1,0,0,0,0,12,5,7,12,"Bar,Table",0,1,0,0,0,0,0,0,0,1,0,0,2
visMost41.png,4054.png,46.5,0,1,0,0,0,1,I,multipanel,"title(s),axes text,annotation(s),caption(s)",0,0,1,1,1,1,0,0,0,0,1,7,5,2,7,"Diagram,Area,Circle,Distribution",1,0,1,1,1,0,0,0,0,0,0,0,4
vis769.png,4055.png,54.8,0,1,0,0,0,1,I,multipanel,"title(s),caption(s),annotation(s),axes text",0,0,1,1,1,1,0,0,0,0,0,5,7,2,5,"Trees & Networks,Diagram,Table,Bar",0,1,0,1,0,0,0,0,0,1,0,1,4
treasuryL15_1.png,4056.png,8.8,0,0,1,0,1,0,G,single,"axes labels,axes text,title(s),annotation(s)",0,1,1,1,1,0,0,0,0,0,0,1,1,1,1,Bar,0,1,0,0,0,0,0,0,0,0,0,0,1
v487_n7406_1_f5.png,4057.png,77.6,0,0,0,1,0,1,S,multipanel,"axes text,axes labels,legend text,title(s),annotation(s)",0,1,1,1,1,0,1,0,0,0,0,6,10,4,10,"Point,Diagram",0,0,0,1,0,0,0,0,1,0,0,0,2
wsj168.png,4058.png,43.2,1,0,0,0,1,0,N,single,"axes text,axes labels,annotation(s),legend text,caption(s),title(s)",0,1,1,1,1,1,1,0,0,0,1,5,2,2,1,Point,0,0,0,0,0,0,0,0,1,0,0,0,1
wsj140.png,4059.png,20.5,1,0,0,0,0,1,N,multipanel,"title(s),caption(s),annotation(s),axes text",0,0,1,1,1,1,0,0,0,0,1,8,4,2,3,"Circle,Bar,Distribution",0,1,1,0,1,0,0,0,0,0,0,0,3
visMost172.png,4060.png,58.7,0,1,0,0,0,1,I,multipanel,"title(s),caption(s),annotation(s),axes text,axes labels",0,1,1,1,1,1,0,0,0,0,0,8,5,2,5,"Trees & Networks,Bar,Circle,Diagram,Line,Area",1,1,1,1,0,0,1,0,0,0,0,1,6
visMost69.png,4061.png,31.4,0,1,0,0,1,0,I,single,"title(s),caption(s),annotation(s),axes text",0,0,1,1,1,1,0,0,0,0,1,5,2,1,1,"Diagram,Table",0,0,0,1,0,0,0,0,0,1,0,0,2
visMost614.png,4062.png,39.4,0,1,0,0,0,1,I,multipanel,"title(s),caption(s)axes text",0,0,1,1,0,1,0,0,0,0,0,6,0,2,1,"Table,Diagram",0,0,0,1,0,0,0,0,0,1,0,0,2
vis741.png,4063.png,47.6,0,1,0,0,0,1,I,multipanel,"title(s),annotation(s),caption(s),axes text,annotation(s)",0,0,1,1,1,1,0,0,0,0,1,4,3,8,6,"Bar,Table",0,1,0,0,0,0,0,0,0,1,0,0,2
v485_n7400_12_f4.png,4064.png,47.7,0,0,0,1,0,1,S,multipanel,no text,1,0,0,0,0,0,0,0,0,0,0,2,0,0,1,Grid & Matrix,0,0,0,0,0,1,0,0,0,0,0,0,1
visMost600.png,4065.png,64.3,0,1,0,0,0,1,I,multipanel,"title(s),axes text,axes labels,caption(s),annotation(s)",0,1,1,1,1,1,0,0,0,0,0,14,15,6,11,"Circle,Diagram,Table,Distribution",0,0,1,1,1,0,0,0,0,1,0,0,4
vis755.png,4066.png,33.4,0,1,0,0,0,1,I,multipanel,"title(s),caption(s),annotation(s),axes text",0,0,1,1,1,1,0,0,0,0,0,4,4,2,4,"Bar,Diagram",0,1,0,1,0,0,0,0,0,0,0,0,2
v488_n7413_13_f2.png,4067.png,87.5,0,0,0,1,0,1,S,multipanel,"annotation(s),axes labels,axes text,title(s),legend text",0,1,1,1,1,0,1,0,0,0,0,5,6,5,16,"Bar,Diagram,Area,Distribution",1,1,0,1,1,0,0,0,0,0,0,0,4
visMost166.png,4068.png,41.4,0,1,0,0,0,1,I,multipanel,"caption(s),title(s),axes labels,axes text,annotation(s)",0,1,1,1,1,1,0,0,0,0,1,5,10,4,6,"Diagram,Table",0,0,0,1,0,0,0,0,0,1,0,0,2
v486_n7401_19_f3.png,4069.png,88.1,0,0,0,1,0,1,S,multipanel,"axes labels,axes text,title(s),annotation(s),legend text",0,1,1,1,1,0,1,0,0,0,0,5,4,7,5,"Table,Point,Bar,Distribution",0,1,0,0,1,0,0,0,1,1,0,0,4
wsj154.png,4070.png,25.9,1,0,0,0,0,1,N,multipanel,"axes text,legend text,title(s),caption(s),annotation(s)",0,0,1,1,1,1,1,0,0,0,0,5,2,3,2,"Map,Bar",0,1,0,0,0,0,0,1,0,0,0,0,2
v485_n7398_27_f2.png,4071.png,87.9,0,0,0,1,0,1,S,multipanel,"annotation(s),title(s)",0,0,0,1,1,0,0,0,0,0,0,6,0,2,5,Diagram,0,0,0,1,0,0,0,0,0,0,0,0,1
vis966.png,4072.png,60.2,0,1,0,0,0,1,I,multipanel,"title(s),caption(s),annotation(s),legend title,legend text,axes text",0,0,1,1,1,1,1,1,0,0,1,5,2,3,1,"Diagram,Table",0,0,0,1,0,0,0,0,0,1,0,0,2
visMost96.png,4073.png,39.1,0,1,0,0,1,0,I,single,"title(s),caption(s),axes text,annotation(s)",0,0,1,1,1,1,0,0,0,0,1,12,0,11,2,Table,0,0,0,0,0,0,0,0,0,1,0,0,1
whoK15_2.png,4074.png,12.3,0,0,1,0,1,0,G,single,"caption(s),title(s),legend text",0,0,0,1,0,1,1,0,0,0,0,12,1,1,1,"Circle,Distribution",0,0,1,0,1,0,0,0,0,0,0,0,2
v488_n7409_20_f4.png,4075.png,75.8,0,0,0,1,0,1,S,multipanel,"axes text,axes labels,legend text,title(s)",0,1,1,1,0,0,1,0,0,0,0,7,6,6,7,"Bar,Distribution",0,1,0,0,1,0,0,0,0,0,0,0,2
vis972.png,4076.png,26.1,0,1,0,0,1,0,I,single,"title(s),caption(s),annotation(s),axes text",0,0,1,1,1,1,0,0,0,0,1,5,4,1,2,"Diagram,Table",0,0,0,1,0,0,0,0,0,1,0,0,2
visMost82.png,4077.png,55.3,0,1,0,0,1,0,I,single,"title(s),caption(s),axes text",0,0,1,1,0,1,0,0,0,0,1,27,1,0,1,Trees & Networks,0,0,0,0,0,0,0,0,0,0,0,1,1
visMost199.png,4078.png,58.5,0,1,0,0,1,0,I,single,"title(s),annotation(s),caption(s),axes text",0,0,1,1,1,1,0,0,0,0,1,21,1,1,1,Diagram,0,0,0,1,0,0,0,0,0,0,0,0,1
v485_n7398_5_f6.png,4079.png,60,0,0,0,1,0,1,S,multipanel,"axes labels,axes text,title(s)",0,1,1,1,0,0,0,0,0,0,0,5,3,4,6,"Circle,Bar,Point",0,1,1,0,0,0,0,0,1,0,0,0,3
economist_daily_chart_39.png,4080.png,54.8,1,0,0,0,0,1,N,multipanel,"axes text,axes labels,title(s),caption(s),legend text",0,1,1,1,0,1,1,0,0,0,1,6,2,2,3,"Line,Map",0,0,0,0,0,0,1,1,0,0,0,0,2
whoC35_1.png,4081.png,26.6,0,0,1,0,0,1,G,multipanel,"caption(s),axes text,axes labels,title(s)",0,1,1,1,0,1,0,0,0,0,0,3,2,1,1,"Bar,Point",0,1,0,0,0,0,0,0,1,0,0,0,2
wsj3.png,4082.png,21.8,1,0,0,0,0,1,N,multipanel,"title(s),caption(s),annotation(s),axes labels,axes text",0,1,1,1,1,1,0,0,0,0,1,4,2,1,1,"Bar,Circle,Area,Table",1,1,1,0,0,0,0,0,0,1,0,0,4
wsj183.png,4083.png,42,1,0,0,0,0,1,N,multipanel,"axes text,title(s),caption(s),annotation(s)",0,0,1,1,1,1,0,0,0,0,0,2,4,1,4,"Bar,Line,Diagram,Distribution",0,1,0,1,1,0,1,0,0,0,0,0,4
economist_daily_chart_11.png,4084.png,34.9,1,0,0,0,1,0,N,single,"axes text,axes labels,title(s),caption(s),legend text",0,1,1,1,0,1,1,0,0,0,1,6,2,1,1,Table,0,0,0,0,0,0,0,0,0,1,0,0,1
v482_n7386_17_f1.png,4085.png,74.7,0,0,0,1,0,1,S,multipanel,"axes text,title(s),axes label(s),legend text",0,0,1,1,0,0,1,0,0,0,0,4,3,3,3,"Line,Diagram,Table",0,0,0,1,0,0,1,0,0,1,0,0,3
v490_n7419_4_f5.png,4086.png,80.7,0,0,0,1,0,1,S,multipanel,"axes labels,axes text,annotation(s),title(s),legend text",0,1,1,1,1,0,1,0,0,0,0,9,5,2,10,"Diagram,Line,Bar",0,1,0,1,0,0,1,0,0,0,0,0,3
v485_n7396_18_f4.png,4087.png,74.2,0,0,0,1,0,1,S,multipanel,"axes text,axes labels,annotation(s),legend text,title(s)",0,1,1,1,1,0,1,0,0,0,0,4,8,3,12,"Bar,Diagram,Point,Distribution",0,1,0,1,1,0,0,0,1,0,0,0,4
vis782.png,4088.png,32.4,0,1,0,0,0,1,I,multipanel,"title(s),annotation(s),axes text,caption(s)",0,0,1,1,1,1,0,0,0,0,0,1,1,1,1,Diagram,0,0,0,1,0,0,0,0,0,0,0,0,1
v483_n7387_19_f2.png,4089.png,92.3,0,0,0,1,0,1,S,multipanel,"axes text,annotation(s),axes label(s),title(s)",0,0,1,1,1,0,0,0,0,0,0,10,3,2,10,"Diagram,Area",1,0,0,1,0,0,0,0,0,0,0,0,2
vis796.png,4090.png,85.6,0,1,0,0,1,0,I,single,"caption(s),annotation(s),title(s)",0,0,0,1,1,1,0,0,0,0,1,5,0,1,1,"Trees & Networks,Area",1,0,0,0,0,0,0,0,0,0,0,1,2
treasuryK03_7.png,4091.png,11.9,0,0,1,0,1,0,G,single,"axes labels,axes text,title(s),annotation(s),caption(s)",0,1,1,1,1,1,0,0,0,0,0,1,2,0,1,Bar,0,1,0,0,0,0,0,0,0,0,0,0,1
v489_n7417_18_f2.png,4092.png,68.3,0,0,0,1,0,1,S,multipanel,"axes labels,axes text,title(s),annotation(s),legend text",0,1,1,1,1,0,1,0,0,0,0,10,5,2,8,"Point,Diagram",0,0,0,1,0,0,0,0,1,0,0,0,2
wsj197.png,4093.png,49.8,1,0,0,0,0,1,N,multipanel,"title(s),annotation(s),caption(s),axes text,axes labels,legend text",0,1,1,1,1,1,1,0,0,0,1,6,3,2,2,"Line,Bar",0,1,0,0,0,0,1,0,0,0,0,0,2
v490_n7418_4_f5.png,4094.png,91.6,0,0,0,1,0,1,S,multipanel,"title(s),annotation(s),legend text,legend title,axes text,axes labels",0,1,1,1,1,0,1,1,0,0,0,7,2,6,2,"Diagram,Grid & Matrix",0,0,0,1,0,1,0,0,0,0,0,0,2
v485_n7397_10_f3.png,4095.png,64.1,0,0,0,1,0,1,S,multipanel,"axes labels,axes text,title(s),legend text",0,1,1,1,0,0,1,0,0,1,0,0,4,1,3,Line,0,0,0,0,0,0,1,0,0,0,0,0,1
vis609.png,4096.png,11.3,0,1,0,0,1,0,I,single,"title(s),annotation(s),caption(s)",0,0,0,1,1,1,0,0,0,0,1,2,4,0,1,Diagram,0,0,0,1,0,0,0,0,0,0,0,0,1
visMost748.png,4097.png,31.8,0,1,0,0,1,0,I,single,"title(s),annotation(s),axes text,axes labels",0,1,1,1,1,0,0,0,0,0,0,18,0,2,2,"Trees & Networks,Table",0,0,0,0,0,0,0,0,0,1,0,1,2
v490_n7420_17_f4.png,4098.png,83.9,0,0,0,1,0,1,S,multipanel,"axes text,axes labels,annotation(s),title(s),legend text",0,1,1,1,1,0,1,0,0,0,0,3,7,5,10,"Line,Bar,Diagram,Point,Table",0,1,0,1,0,0,1,0,1,1,0,0,5
treasuryL11.png,4099.png,29.7,0,0,1,0,0,1,G,multipanel,"annotation(s),caption(s),title(s),axes text,axes labels",0,1,1,1,1,1,0,0,0,0,0,9,3,2,2,"Table,Circle",0,0,1,0,0,0,0,0,0,1,0,0,2
vis153.png,4100.png,34.4,0,1,0,0,0,1,I,multipanel,"title(s),annotation(s),caption(s),axes text",0,0,1,1,1,1,0,0,0,0,0,7,5,3,7,"Table,Bar,Circle,Area,Diagram",1,1,1,1,0,0,0,0,0,1,0,0,5
v490_n7420_19_f1.png,4101.png,90.8,0,0,0,1,1,0,S,single,axes text,0,0,1,0,0,0,0,0,0,0,0,5,1,0,1,Trees & Networks,0,0,0,0,0,0,0,0,0,0,0,1,1
v483_n7388_3_f3.png,4102.png,77.6,0,0,0,1,0,1,S,multipanel,"axes text,axes labels,title(s),caption(s),anotation(s)",0,1,1,1,0,1,0,0,0,1,0,0,6,1,13,"Line,Diagram,Bar,Point",0,1,0,1,0,0,1,0,1,0,0,0,4
whoJ23.png,4103.png,20.7,0,0,1,0,1,0,G,single,"caption(s),title(s),annotation(s),legend text",0,0,0,1,1,1,1,0,0,0,0,4,1,1,1,Circle,0,0,1,0,0,0,0,0,0,0,0,0,1
vis635.png,4104.png,48.9,0,1,0,0,0,1,I,multipanel,"title(s),annotation(s),caption(s),axes text,axes labels",0,1,1,1,1,1,0,0,0,0,1,8,0,6,6,"Diagram,Table",0,0,0,1,0,0,0,0,0,1,0,0,2
visMost760.png,4105.png,78.2,0,1,0,0,1,0,I,single,"legend text,legend title,title(s),caption(s),annotation(s)",0,0,0,1,1,1,1,1,0,0,1,5,0,2,2,"Trees & Networks,Table",0,0,0,0,0,0,0,0,0,1,0,1,2
v483_n7389_3_f3.png,4106.png,86.6,0,0,0,1,0,1,S,multipanel,"axes text,axes labels,annotation(s),title(s),legend text",0,1,1,1,1,0,1,0,0,0,0,12,3,3,3,"Diagram,Point,Table,Line,Distribution",0,0,0,1,1,0,1,0,1,1,0,0,5
vis621.png,4107.png,36,0,1,0,0,0,1,I,multipanel,"title(s),annotation(s),caption(s),axes text,axes labels",0,1,1,1,1,1,0,0,0,0,1,8,3,5,4,"Bar,Table,Trees & Networks",0,1,0,0,0,0,0,0,0,1,0,1,3
visMost774.png,4108.png,32.6,0,1,0,0,0,1,I,multipanel,"title(s),annotation(s),caption(s),axes text,axes labels",0,1,1,1,1,1,0,0,0,0,1,13,5,5,8,"Bar,Diagram,Table",0,1,0,1,0,0,0,0,0,1,0,0,3
v489_n7414_25_f2.png,4109.png,48.7,0,0,0,1,1,0,S,single,"axes text,axes labels",0,1,1,0,0,0,0,0,0,0,0,3,3,0,1,"Line,Point",0,0,0,0,0,0,1,0,1,0,0,0,2
vis147.png,4110.png,39.8,0,1,0,0,0,1,I,multipanel,"title(s),caption(s),annotation(s),axes text",0,0,1,1,1,1,0,0,0,0,1,5,5,4,6,"Circle,Diagram,Distribution,Table",0,0,1,1,1,0,0,0,0,1,0,0,4
v485_n7400_10_f1.png,4111.png,70.5,0,0,0,1,0,1,S,multipanel,"axes labels,axes text,legend text,legend title,title(s),annotation(s),caption(s)",0,1,1,1,1,1,1,1,0,0,1,14,4,1,4,"Line,Area,Distribution",1,0,0,0,1,0,1,0,0,0,0,0,3
np_7.png,4112.png,69.5,1,0,0,0,1,0,N,single,"title(s),legend title,legend text,annotation(s),axes text,caption(s)",0,0,1,1,1,1,1,1,0,0,0,5,1,2,1,Diagram,0,0,0,1,0,0,0,0,0,0,0,0,1
v489_n7417_14_f2.png,4113.png,62.5,0,0,0,1,0,1,S,multipanel,"axes text,axes labels",0,1,1,0,0,0,0,0,0,0,0,10,1,3,1,"Point,Distribution",0,0,0,0,1,0,0,0,1,0,0,0,2
vis812.png,4114.png,13.1,0,1,0,0,1,0,I,single,"caption(s),title(s),legend text",0,0,0,1,0,1,1,0,0,0,1,4,0,1,1,Map,0,0,0,0,0,0,0,1,0,0,0,0,1
v489_n7416_9_f4.png,4115.png,86.4,0,0,0,1,0,1,S,multipanel,"axes labels,axes text,title(s),legend text,annotation(s)",0,1,1,1,1,0,1,0,0,0,0,8,5,3,5,"Diagram,Point,Distribution",0,0,0,1,1,0,0,0,1,0,0,0,3
v486_n7402_6_f2.png,4116.png,69.5,0,0,0,1,0,1,S,multipanel,"axes text,axes labels,title(s),legend tet",0,1,1,1,0,0,0,0,0,0,0,3,2,1,3,"Bar,Point",0,1,0,0,0,0,0,0,1,0,0,0,2
v483_n7389_24_f1.png,4117.png,85.4,0,0,0,1,0,1,S,multipanel,annotation(s),0,0,0,0,1,0,0,0,0,0,0,3,0,2,1,Diagram,0,0,0,1,0,0,0,0,0,0,0,0,1
economist_daily_chart_149.png,4118.png,9.5,1,0,0,0,0,1,N,multipanel,no text,1,0,0,0,0,0,0,0,0,0,1,3,0,0,1,Map,0,0,0,0,0,0,0,1,0,0,0,0,1
v485_n7398_7_f3.png,4119.png,47.6,0,0,0,1,1,0,S,single,"axes text,axes labels,annotation(s),title(s)",0,1,1,1,1,0,0,0,0,0,0,4,4,1,3,"Area,Line,Table",1,0,0,0,0,0,1,0,0,1,0,0,3
vis806.png,4120.png,59.2,0,1,0,0,0,1,I,multipanel,"axes text,axes labels,annotation(s),title(s),caption(s),legend text",0,1,1,1,1,1,1,0,0,0,0,20,1,10,10,"Table,Diagram",0,0,0,1,0,0,0,0,0,1,0,0,2
whoQ42_6.png,4121.png,53.9,0,0,1,0,1,0,G,single,"title(s),axes labels,axes text,legend text",0,1,1,1,0,0,1,0,0,0,0,15,2,1,1,Line,0,0,0,0,0,0,1,0,0,0,0,0,1
v486_n7403_25_f8.png,4122.png,60.6,0,0,0,1,1,0,S,single,"text-only,caption(s),axes text,axes labels",0,1,1,0,0,1,0,0,1,1,0,0,5,1,1,Table,0,0,0,0,0,0,0,0,0,1,0,0,1
v489_n7417_9_f4.png,4123.png,89.6,0,0,0,1,0,1,S,multipanel,"axes text,axes labels,legend text,annotation(s),title(s)",0,1,1,1,1,0,1,0,0,0,0,4,4,1,7,"Line,Diagram",0,0,0,1,0,0,1,0,0,0,0,0,2
v488_n7409_22_f1.png,4124.png,80.6,0,0,0,1,0,1,S,multipanel,"axes text,legend text,title(s),axes labels",0,1,1,1,0,0,1,0,0,0,0,8,3,5,3,"Bar,Table,Distribution",0,1,0,0,1,0,0,0,0,1,0,0,3
v483_n7387_15_f2.png,4125.png,73.2,0,0,0,1,0,1,S,multipanel,"axes labels,axes text,title(s)",0,1,1,1,0,0,0,0,0,1,0,0,4,1,7,"Bar,Diagram",0,1,0,1,0,0,0,0,0,0,0,0,2
v485_n7396_14_f4.png,4126.png,64.5,0,0,0,1,1,0,S,single,"axes text,axes labels,annotation(s),legend text",0,1,1,0,1,0,1,0,0,0,0,2,2,1,1,"Point,Area",1,0,0,0,0,0,0,0,1,0,0,0,2
whoO22_1.png,4127.png,16.5,0,0,1,0,1,0,G,single,"title(s),text-only,axes text,axes labels",0,1,1,1,0,0,0,0,1,0,0,1,1,1,1,Table,0,0,0,0,0,0,0,0,0,1,0,0,1
vis190.png,4128.png,50.8,0,1,0,0,0,1,I,multipanel,"axes labels,axes text,title(s),annotation(s),caption(s)",0,1,1,1,1,1,0,0,0,0,1,4,17,3,11,"Map,Bar,Table,Diagram,Circle,Distribution",0,1,1,1,1,0,0,1,0,1,0,0,6
treasuryK05_1.png,4129.png,16.7,0,0,1,0,1,0,G,single,"annotation(s),caption(s),title(s),axes text",0,0,1,1,1,1,0,0,0,0,0,4,1,1,1,Circle,0,0,1,0,0,0,0,0,0,0,0,0,1
v489_n7417_7_f1.png,4130.png,83.4,0,0,0,1,0,1,S,multipanel,"annotation(s),axes text,title(s)",0,0,1,1,1,0,0,0,0,0,0,6,3,0,3,Trees & Networks,0,0,0,0,0,0,0,0,0,0,0,1,1
economist_daily_chart_161.png,4131.png,54.9,1,0,0,0,0,1,N,multipanel,"title(s),caption(s),annotation(s),axes labels,axes text",0,1,1,1,1,1,0,0,0,0,0,5,4,2,3,"Line,Circle,Bar",0,1,1,0,0,0,1,0,0,0,0,0,3
v486_n7404_2_f3.png,4132.png,85.2,0,0,0,1,0,1,S,multipanel,"axes labels,axes text,title(s),annotation(s)",0,1,1,1,1,0,0,0,0,0,0,6,5,4,19,"Bar,Diagram,Table",0,1,0,1,0,0,0,0,0,1,0,0,3
v490_n7419_1_f9.png,4133.png,51.3,0,0,0,1,1,0,S,single,annotation(s),0,0,0,0,1,0,0,0,0,0,0,2,3,1,1,Diagram,0,0,0,1,0,0,0,0,0,0,0,0,1
economist_daily_chart_175.png,4134.png,32.3,1,0,0,0,0,1,N,multipanel,"title(s),caption(s),axes text,axes labels",0,1,1,1,0,1,0,0,0,0,0,3,3,1,3,"Circle,Area",1,0,1,0,0,0,0,0,0,0,0,0,2
vis184.png,4135.png,43.7,0,1,0,0,0,1,I,multipanel,"title(s),caption(s),annotation(s),axes text,axes labels",0,1,1,1,1,1,0,0,0,0,1,12,4,3,9,"Diagram,Table",0,0,0,1,0,0,0,0,0,1,0,0,2
v488_n7409_8_f2.png,4136.png,49.2,0,0,0,1,0,1,S,multipanel,"axes text,axes labels,annotation(s),title(s)",0,1,1,1,1,0,0,0,0,0,0,4,3,1,2,"Bar,Line",0,1,0,0,0,0,1,0,0,0,0,0,2
v484_n7392_9_f1.png,4137.png,65.2,0,0,0,1,0,1,S,multipanel,"axes text,axes labels,title(s)",0,1,1,1,0,0,0,0,0,1,0,0,3,0,4,Point,0,0,0,0,0,0,0,0,1,0,0,0,1
whoI12_1.png,4138.png,29,0,0,1,0,1,0,G,single,"caption(s),text-only,axes labels,axes text,title(s)",0,1,1,1,0,1,0,0,1,1,0,0,4,2,1,Table,0,0,0,0,0,0,0,0,0,1,0,0,1
wsj26.png,4139.png,4,1,0,0,0,1,0,N,single,"title(s),annotation(s),caption(s),axes text",0,0,1,1,1,1,0,0,0,0,1,6,1,1,1,Table,0,0,0,0,0,0,0,0,0,1,0,0,1
visMost238.png,4140.png,42.5,0,1,0,0,0,1,I,multipanel,"axes labels,axes text,title(s),annotation(s),caption(s),legend title,legend text",0,1,1,1,1,1,1,1,0,0,1,6,5,7,8,"Map,Circle,Diagram,Table",0,0,1,1,0,0,0,1,0,1,0,0,4
v484_n7393_9_f1.png,4141.png,70.9,0,0,0,1,0,1,S,multipanel,"axes text,axes labels,title(s),annotation(s)",0,1,1,1,1,0,0,0,0,0,0,6,2,3,3,Line,0,0,0,0,0,0,1,0,0,0,0,0,1
vis379.png,4142.png,53.4,0,1,0,0,0,1,I,multipanel,"title(s),caption(s),annotation(s),axes text,axes labels",0,1,1,1,1,1,0,0,0,0,0,8,6,3,9,"Bar,Circle,Point,Table",0,1,1,0,0,0,0,0,1,1,0,0,4
wsj32.png,4143.png,25.7,1,0,0,0,0,1,N,multipanel,"axes text,axes labels,title(s),caption(s),annotation(s)",0,1,1,1,1,1,0,0,0,0,1,3,4,1,3,Bar,0,1,0,0,0,0,0,0,0,0,0,0,1
v483_n7391_18_f1.png,4144.png,71.3,0,0,0,1,0,1,S,multipanel,"axes text,axes labels,annotation(s)",0,1,1,0,1,0,0,0,0,0,0,3,7,7,7,"Bar,Distribution,Table",0,1,0,0,1,0,0,0,0,1,0,0,3
whoQ18_1.png,4145.png,7.6,0,0,1,0,1,0,G,single,"axes text,axes labels,caption(s),title(s)",0,1,1,1,0,1,0,0,0,0,0,2,2,1,1,Bar,0,1,0,0,0,0,0,0,0,0,0,0,1
economist_daily_chart_388.png,4146.png,13.6,1,0,0,0,1,0,N,single,"axes text,title(s),caption(s),annotation(s)",0,0,1,1,1,1,0,0,0,0,1,3,2,1,1,Bar,0,1,0,0,0,0,0,0,0,0,0,0,1
v484_n7394_3_f5.png,4147.png,81.6,0,0,0,1,1,0,S,single,annotation(s),0,0,0,0,1,0,0,0,0,0,0,6,1,2,2,Diagram,0,0,0,1,0,0,0,0,0,0,0,0,1
wsj578.png,4148.png,52.8,1,0,0,0,0,1,N,multipanel,"title(s),caption(s),axes labels,axes text,annotation(s)",0,1,1,1,1,1,0,0,0,0,0,4,6,1,5,"Bar,Line,Area",1,1,0,0,0,0,1,0,0,0,0,0,3
whoH09.png,4149.png,5.4,0,0,1,0,0,1,G,multipanel,"title(s),legend text,axes labels,axes text",0,1,1,1,0,0,1,0,0,0,1,5,2,1,1,Bar,0,1,0,0,0,0,0,0,0,0,0,0,1
wsj550.png,4150.png,35.1,1,0,0,0,0,1,N,multipanel,"axes text,axes labels,title(s),caption(s),annotation(s)",0,1,1,1,1,1,0,0,0,0,1,5,3,1,2,"Line,Bar",0,1,0,0,0,0,1,0,0,0,0,0,2
visMost562.png,4151.png,37.6,0,1,0,0,0,1,I,multipanel,"title(s),annotation(s),caption(s),legend text",0,0,0,1,1,1,1,0,0,0,1,9,8,7,9,"Diagram,Circle,Map,Line,Bar",0,1,1,1,0,0,1,1,0,0,0,0,5
v487_n7408_6_f5.png,4152.png,75.6,0,0,0,1,0,1,S,multipanel,"axes text,axes labels,title(s),legend text",0,1,1,1,0,0,1,0,0,0,0,4,4,0,2,"Grid & Matrix,Area",1,0,0,0,0,1,0,0,0,0,0,0,2
vis437.png,4153.png,51.7,0,1,0,0,0,1,I,multipanel,"title(s),axes text,axes labels,annotation(s),caption(s)",0,1,1,1,1,1,0,0,0,0,1,12,10,4,5,"Distribution,Table,Point",0,0,0,0,1,0,0,0,1,1,0,0,3
v486_n7402_12_f2.png,4154.png,62.9,0,0,0,1,0,1,S,multipanel,"axes text,title(s),legend text",0,0,1,1,0,0,1,0,0,0,0,6,3,0,4,"Grid & Matrix,Area",1,0,0,0,0,1,0,0,0,0,0,0,2
vis351.png,4155.png,45.4,0,1,0,0,0,1,I,multipanel,"title(s),caption(s),annotation(s),axes text",0,0,1,1,1,1,0,0,0,0,1,1,4,2,6,"Bar,Table",0,1,0,0,0,0,0,0,0,1,0,0,2
visMost204.png,4156.png,39.7,0,1,0,0,0,1,I,multipanel,"title(s),caption(s),annotation(s),axes text",0,0,1,1,1,1,0,0,0,0,1,7,4,3,4,"Bar,Diagram",0,1,0,1,0,0,0,0,0,0,0,0,2
v488_n7410_18_f3.png,4157.png,80.9,0,0,0,1,0,1,S,multipanel,"title(s),annotation(s),axes text,axes labels,caption(s)",0,1,1,1,1,1,0,0,0,0,0,5,4,5,15,"Diagram,Bar,Trees & Networks",0,1,0,1,0,0,0,0,0,0,0,1,3
whoN19_2.png,4158.png,18,0,0,1,0,1,0,G,single,"axes labels,axes text,title(s),legend text",0,1,1,1,0,0,1,0,0,0,0,5,2,1,1,Bar,0,1,0,0,0,0,0,0,0,0,0,0,1
wsj236.png,4159.png,27.3,1,0,0,0,0,1,N,multipanel,"title(s),caption(s),annotation(s),axes text,axes labels",0,1,1,1,1,1,0,0,0,0,1,4,4,2,3,"Line,Bar",0,1,0,0,0,0,1,0,0,0,0,0,2
wsj222.png,4160.png,28.1,1,0,0,0,1,0,N,single,"title(s),caption(s),axes text,annotation(s)",0,0,1,1,1,1,0,0,0,0,1,4,1,1,1,Bar,0,1,0,0,0,0,0,0,0,0,0,0,1
vis345.png,4161.png,42.9,0,1,0,0,0,1,I,multipanel,"title(s),axes labels,annotation(s),caption(s),axes text",0,1,1,1,1,1,0,0,0,0,1,6,3,4,9,"Diagram,Table",0,0,0,1,0,0,0,0,0,1,0,0,2
visMost210.png,4162.png,44.7,0,1,0,0,1,0,I,single,"title(s),annotation(s),caption(s),axes text",0,0,1,1,1,1,0,0,0,0,0,6,0,2,2,"Diagram,Table",0,0,0,1,0,0,0,0,0,1,0,0,2
visMost576.png,4163.png,66.8,0,1,0,0,1,0,I,single,"title(s),caption(s),annotation(s),axes text",0,0,1,1,1,1,0,0,0,0,1,9,1,2,1,Trees & Networks,0,0,0,0,0,0,0,0,0,0,0,1,1
vis423.png,4164.png,64.3,0,1,0,0,0,1,I,multipanel,"title(s),annotation(s),caption(s),axes text,axes labels",0,1,1,1,1,1,0,0,0,0,0,6,16,4,14,"Circle,Diagram,Table",0,0,1,1,0,0,0,0,0,1,0,0,3
wsj544.png,4165.png,39.3,1,0,0,0,0,1,N,multipanel,"title(s),axes text,axes labels,caption(s),annotation(s)",0,1,1,1,1,1,0,0,0,0,1,9,7,3,4,"Bar,Table,Area",1,1,0,0,0,0,0,0,0,1,0,0,3
v484_n7392_7_f4.png,4166.png,79.2,0,0,0,1,0,1,S,multipanel,"axes labels,axes text,title(s),annotation(s)",0,1,1,1,1,0,0,0,0,0,0,2,4,1,9,"Area,Point,Distribution",1,0,0,0,1,0,0,0,1,0,0,0,3
v483_n7387_8_f3.png,4167.png,86.4,0,0,0,1,0,1,S,multipanel,",title(s),annotation(s),caption(s)",0,0,0,1,1,1,0,0,0,0,0,2,2,2,9,Diagram,0,0,0,1,0,0,0,0,0,0,0,0,1
whoB15_1.png,4168.png,49.4,0,0,1,0,1,0,G,single,"caption(s),legend text,title(s),axes text,axes labels",0,1,1,1,0,1,1,0,0,0,0,13,2,3,2,Bar,0,1,0,0,0,0,0,0,0,0,0,0,1
whoF06.png,4169.png,14.8,0,0,1,0,0,1,G,multipanel,"title(s),axes text,axes labels,legend text,caption(s)",0,1,1,1,0,1,1,0,0,0,0,7,1,2,1,Bar,0,1,0,0,0,0,0,0,0,0,0,0,1
v489_n7415_15_f1.png,4170.png,73,0,0,0,1,0,1,S,multipanel,"axes labels,axes text,title(s),annotation(s),legend text",0,1,1,1,1,0,1,0,0,0,0,9,7,0,10,"Line,Diagram,Point,Grid & Matrix",0,0,0,1,0,1,1,0,1,0,0,0,4
v484_n7394_13_f3.png,4171.png,80.6,0,0,0,1,0,1,S,multipanel,"axes text,axes labels,title(s)",0,1,1,1,0,0,0,0,0,0,0,4,5,0,11,Point,0,0,0,0,0,0,0,0,1,0,0,0,1
economist_daily_chart_439.png,4172.png,10.2,1,0,0,0,1,0,N,single,"axes text,title(s),caption(s),legend text",0,0,1,1,0,1,1,0,0,0,1,4,2,1,1,Bar,0,1,0,0,0,0,0,0,0,0,0,0,1
v490_n7419_13_f1.png,4173.png,76.8,0,0,0,1,0,1,S,multipanel,"axes text,axes labels,legend text,annotation(s),title(s),legend title",0,1,1,1,1,0,1,1,0,0,0,7,3,3,3,"Map,Grid & Matrix,Area",1,0,0,0,0,1,0,1,0,0,0,0,3
v488_n7412_21_f4.png,4174.png,80.6,0,0,0,1,0,1,S,multipanel,"axes text,axes labels,legend text,annotation(s),title(s)",0,1,1,1,1,0,1,0,0,0,0,9,1,4,13,"Bar,Diagram,Distribution",0,1,0,1,1,0,0,0,0,0,0,0,3
whoJ13_1.png,4175.png,17.7,0,0,1,0,1,0,G,single,"caption(s),title(s),text-only,axes text,axes labels",0,1,1,1,0,1,0,0,1,0,0,2,2,1,1,Table,0,0,0,0,0,0,0,0,0,1,0,0,1
visMost589.png,4176.png,26.3,0,1,0,0,1,0,I,single,"title(s),annotation(s),caption(s),axes text",0,0,1,1,1,1,0,0,0,0,1,6,1,5,5,"Table,Circle",0,0,1,0,0,0,0,0,0,1,0,0,2
whoF12.png,4177.png,27.8,0,0,1,0,0,1,G,multipanel,"axes text,axes labels,title(s),annotation(s),caption(s)",0,1,1,1,1,1,0,0,0,0,1,4,2,2,1,Point,0,0,0,0,0,0,0,0,1,0,0,0,1
v487_n7406_19_f2.png,4178.png,84.4,0,0,0,1,0,1,S,multipanel,"axes labels,axes text,title(s),annotation(s),legend text",0,1,1,1,1,0,1,0,0,0,0,9,6,7,7,"Bar,Table,Diagram,Text,Point,Grid * Matrix",0,1,0,1,0,0,0,0,1,1,1,0,5
economist_daily_chart_363.png,4179.png,37.7,1,0,0,0,1,0,N,single,"caption(s),title(s),annotation(s),axes text",0,0,1,1,1,1,0,0,0,0,1,8,2,1,1,Line,0,0,0,0,0,0,1,0,0,0,0,0,1
wsj593.png,4180.png,4.1,1,0,0,0,1,0,N,single,"caption(s),axes text,title(s),annotation(s)",0,0,1,1,1,1,0,0,0,0,1,2,1,1,1,Bar,0,1,0,0,0,0,0,0,0,0,0,0,1
v490_n7418_15_f3.png,4181.png,63.7,0,0,0,1,0,1,S,multipanel,"axes labels,caption(s),axes text,title(s),legend text",0,1,1,1,0,1,1,0,0,1,0,0,3,3,2,Bar,0,1,0,0,0,0,0,0,0,0,0,0,1
economist_daily_chart_405.png,4182.png,33.3,1,0,0,0,0,1,N,multipanel,"axes text,axes labels,annotation(s),title(s)",0,1,1,1,1,0,0,0,0,0,0,3,1,3,3,"Trees & Networks,Diagram",0,0,0,1,0,0,0,0,0,0,0,1,2
v488_n7410_1_f1.png,4183.png,66.3,0,0,0,1,1,0,S,single,"axes text,axes labels,title(s),annotation(s)",0,1,1,1,1,0,0,0,0,0,0,4,4,4,7,"Point,Distribution,Table,Bar",0,1,0,0,1,0,0,0,1,1,0,0,4
v484_n7395_15_f1.png,4184.png,66.4,0,0,0,1,0,1,S,multipanel,"axes text,axes labels,title(s),annotation(s)",0,1,1,1,1,0,0,0,0,0,0,3,1,3,6,"Bar,Line,Diagram",0,1,0,1,0,0,1,0,0,0,0,0,3
vis392.png,4185.png,54,0,1,0,0,0,1,I,multipanel,"title(s),caption(s),annotation(s),axes text,axes labels",0,1,1,1,1,1,0,0,0,0,0,5,9,8,17,"Bar,Line,Text,Table,Distribution,Diagram",0,1,0,1,1,0,1,0,0,1,1,0,6
vis386.png,4186.png,47.6,0,1,0,0,1,0,I,single,"title(s),axes text,axes labels,annotation(s),caption(s)",0,1,1,1,1,1,0,0,0,0,0,8,1,2,1,Diagram,0,0,0,1,0,0,0,0,0,0,0,0,1
economist_daily_chart_411.png,4187.png,19.7,1,0,0,0,1,0,N,single,"caption(s),axes text,title(s),annotation(s)",0,0,1,1,1,1,0,0,0,0,1,3,2,1,1,Bar,0,1,0,0,0,0,0,0,0,0,0,0,1
economist_daily_chart_377.png,4188.png,56.2,1,0,0,0,1,0,N,single,"annotation(s),caption(s),title(s),axes text,legend text",0,0,1,1,1,1,1,0,0,0,1,8,3,1,1,"Bar,Line",0,1,0,0,0,0,1,0,0,0,0,0,2
wsj587.png,4189.png,34,1,0,0,0,0,1,N,multipanel,"title(s),caption(s),axes text,axes labels",0,1,1,1,0,1,0,0,0,0,1,5,2,0,8,Line,0,0,0,0,0,0,1,0,0,0,0,0,1
v488_n7411_1_f1.png,4190.png,53.5,0,0,0,1,0,1,S,multipanel,"title(s),annotation(s)",0,0,0,1,1,0,0,0,0,0,0,3,0,0,4,Diagram,0,0,0,1,0,0,0,0,0,0,0,0,1
whoO06_1.png,4191.png,15.2,0,0,1,0,1,0,G,single,"axes text,axes labels,legend text,title(s)",0,1,1,1,0,0,1,0,0,0,1,4,1,2,1,Bar,0,1,0,0,0,0,0,0,0,0,0,0,1
economist_daily_chart_410.png,4192.png,19.1,1,0,0,0,1,0,N,single,"legend text,legend title,title(s),caption(s)",0,0,0,1,0,1,1,1,0,0,1,7,1,0,1,Map,0,0,0,0,0,0,0,1,0,0,0,0,1
vis387.png,4193.png,42.6,0,1,0,0,0,1,I,multipanel,"caption(s),title(s),annotation(s),axes text,axes labels",0,1,1,1,1,1,0,0,0,0,0,10,9,2,5,"Table,Diagram,Area",1,0,0,1,0,0,0,0,0,1,0,0,3
wsj586.png,4194.png,27.4,1,0,0,0,0,1,N,multipanel,"title(s),caption(s),axes text,axes labels,annotation(s)",0,1,1,1,1,1,0,0,0,0,1,4,3,1,2,"Bar,Line,Area,Distribution",1,1,0,0,1,0,1,0,0,0,0,0,4
economist_daily_chart_376.png,4195.png,32.2,1,0,0,0,1,0,N,single,"caption(s),axes text,axes labels,title(s),text-only",0,1,1,1,0,1,0,0,1,0,0,7,2,2,1,Table,0,0,0,0,0,0,0,0,0,1,0,0,1
v490_n7418_15_f2.png,4196.png,72.6,0,0,0,1,0,1,S,multipanel,"axes text,axes labels,annotation(s),title(s)",0,1,1,1,1,0,0,0,0,0,0,1,1,1,2,Line,0,0,0,0,0,0,1,0,0,0,0,0,1
wsj592.png,4197.png,24,1,0,0,0,0,1,N,multipanel,"annotation(s),title(s),caption(s),axes text,axes labels",0,1,1,1,1,1,0,0,0,0,0,6,6,0,3,"Line,Bar",0,1,0,0,0,0,1,0,0,0,0,0,2
economist_daily_chart_362.png,4198.png,14.7,1,0,0,0,1,0,N,single,"title(s),caption(s),axes text",0,0,1,1,0,1,0,0,0,0,1,2,2,0,1,Line,0,0,0,0,0,0,1,0,0,0,0,0,1
v487_n7406_19_f3.png,4199.png,79.7,0,0,0,1,0,1,S,multipanel,"axes text,axes labels,legend text,title(s)",0,1,1,1,0,0,1,0,0,0,0,18,2,6,11,"Bar,Diagram,Distribution",0,1,0,1,1,0,0,0,0,0,0,0,3
vis393.png,4200.png,56.9,0,1,0,0,1,0,I,single,"axes labels,axes text,title(s),annotation(s),legend text",0,1,1,1,1,0,1,0,0,0,0,7,3,0,1,Grid & Matrix,0,0,0,0,0,1,0,0,0,0,0,0,1
economist_daily_chart_404.png,4201.png,14,1,0,0,0,1,0,N,single,"axes labels,title(s),axes text,annotation(s),caption(s)",0,1,1,1,1,1,0,0,0,0,1,3,2,1,1,Bar,0,1,0,0,0,0,0,0,0,0,0,0,1
visMost588.png,4202.png,48,0,1,0,0,0,1,I,multipanel,"axes text,axes labels,annotation(s),caption(s),title(s)",0,1,1,1,1,1,0,0,0,0,0,23,2,3,5,"Circle,Area,Bar,Distribution",1,1,1,0,1,0,0,0,0,0,0,0,4
whoF13.png,4203.png,10.6,0,0,1,0,0,1,G,multipanel,"title(s),axes text,axes labels,caption(s),legend text",0,1,1,1,0,1,1,0,0,0,1,4,1,2,1,Bar,0,1,0,0,0,0,0,0,0,0,0,0,1
v484_n7394_13_f2.png,4204.png,72.6,0,0,0,1,0,1,S,multipanel,"axes labels,axes text,title(s)",0,1,1,1,0,0,0,0,0,0,0,4,2,0,12,Point,0,0,0,0,0,0,0,0,1,0,0,0,1
whoF07.png,4205.png,23.2,0,0,1,0,0,1,G,multipanel,"legend text,axes text,caption(s),title(s)",0,0,1,1,0,1,1,0,0,0,1,4,1,2,1,Table,0,0,0,0,0,0,0,0,0,1,0,0,1
v490_n7420_21_f4.png,4206.png,51.7,0,0,0,1,0,1,S,multipanel,"axes text,axes labels,title(s)",0,1,1,1,0,0,0,0,0,0,0,3,3,1,5,"Table,DIagram,Bar",0,1,0,0,0,0,0,0,0,1,0,0,2
whoQ36.png,4207.png,65.9,0,0,1,0,0,1,G,multipanel,"title(s),caption(s),legend text,axes text,axes labels",0,1,1,1,0,1,1,0,0,0,1,5,3,4,2,"Table,Bar",0,1,0,0,0,0,0,0,0,1,0,0,2
economist_daily_chart_438.png,4208.png,48.4,1,0,0,0,0,1,N,multipanel,"title(s),caption(s),legend text,annotation(s),axes text",0,0,1,1,1,1,1,0,0,0,1,7,3,1,3,"Bar,Distribution,Map",0,1,0,0,1,0,0,1,0,0,0,0,3
visMost211.png,4209.png,65,0,1,0,0,0,1,I,multipanel,"title(s),axes text,annotation(s),axes labels,caption(s)",0,1,1,1,1,1,0,0,0,0,1,10,7,2,7,"Bar,Trees & Networks,Diagram",0,1,0,1,0,0,0,0,0,0,0,1,3
vis344.png,4210.png,56,0,1,0,0,0,1,I,multipanel,"title(s),axes text,legend text,caption(s),annotation(s)",0,0,1,1,1,1,1,0,0,0,1,4,4,4,6,"Table,Bar,Distribution",0,1,0,0,1,0,0,0,0,1,0,0,3
wsj223.png,4211.png,34.4,1,0,0,0,0,1,N,multipanel,"title(s),axes text,annotation(s),caption(s)",0,0,1,1,1,1,0,0,0,0,1,2,1,3,12,"Point,Table",0,0,0,0,0,0,0,0,1,1,0,0,2
v483_n7387_8_f2.png,4212.png,64,0,0,0,1,1,0,S,single,"caption(s),annotation(s)",0,0,0,0,1,1,0,0,0,0,0,2,1,2,10,Diagram,0,0,0,1,0,0,0,0,0,0,0,0,1
v483_n7388_14_f3.png,4213.png,23.5,0,0,0,1,1,0,S,single,"axes labels,axes text,legend text",0,1,1,0,0,0,1,0,0,0,0,5,2,1,1,Point,0,0,0,0,0,0,0,0,1,0,0,0,1
v484_n7392_7_f5.png,4214.png,63.5,0,0,0,1,0,1,S,multipanel,"title(s),axes text,axes labels,annotation(s)",0,1,1,1,1,0,0,0,0,0,0,3,6,3,5,"Point,Area,Distribution",1,0,0,0,1,0,0,0,1,0,0,0,3
wsj545.png,4215.png,41.4,1,0,0,0,1,0,N,single,"title(s),axes text,axes labels,caption(s)",0,1,1,1,0,1,0,0,0,0,1,6,1,3,2,"Grid & Matrix,Distribution,Table",0,0,0,0,1,1,0,0,0,1,0,0,3
vis422.png,4216.png,69.7,0,1,0,0,0,1,I,multipanel,"title(s),axes text,caption(s),annotation(s),legend text,legend title",0,0,1,1,1,1,1,1,0,0,1,4,5,3,5,"Diagram,Bar,Point,",0,1,0,1,0,0,0,0,1,0,0,0,3
visMost577.png,4217.png,71,0,1,0,0,0,1,I,multipanel,"title(s),legend text,axes text,caption(s),annotation(s)",0,0,1,1,1,1,1,0,0,0,1,8,5,9,9,"Trees & Networks,Area,Table",1,0,0,0,0,0,0,0,0,1,0,1,3
v486_n7402_12_f3.png,4218.png,42.3,0,0,0,1,0,1,S,multipanel,"axes labels,axes text",0,1,1,0,0,0,0,0,0,0,0,5,2,0,3,Bar,0,1,0,0,0,0,0,0,0,0,0,0,1
v487_n7408_6_f4.png,4219.png,41.7,0,0,0,1,1,0,S,single,"axes labels,axes text",0,1,1,0,0,0,0,0,0,0,0,3,3,0,2,Point,0,0,0,0,0,0,0,0,1,0,0,0,1
visMost563.png,4220.png,50.6,0,1,0,0,0,1,I,multipanel,"title(s),caption(s),annotation(s),axes text,axes labels",0,1,1,1,1,1,0,0,0,0,1,7,4,3,3,"Table,Circle,Bar",0,1,1,0,0,0,0,0,0,1,0,0,3
wsj551.png,4221.png,35.1,1,0,0,0,1,0,N,single,"title(s),annotation(s),caption(s)",0,0,0,1,1,1,0,0,0,0,0,5,3,1,1,Diagram,0,0,0,1,0,0,0,0,0,0,0,0,1
wsj237.png,4222.png,34.6,1,0,0,0,1,0,N,single,"title(s),annotation(s),caption(s),axes text",0,0,1,1,1,1,0,0,0,0,1,7,0,0,1,Diagram,0,0,0,1,0,0,0,0,0,0,0,0,1
v488_n7410_18_f2.png,4223.png,59.5,0,0,0,1,1,0,S,single,"title(s),annotation(s),axes text,axes labels,caption(s)",0,1,1,1,1,1,0,0,0,0,0,5,1,2,7,"Diagram,Table",0,0,0,1,0,0,0,0,0,1,0,0,2
visMost205.png,4224.png,56,0,1,0,0,0,1,I,multipanel,"title(s),annotation(s),axes text,axes labels,caption(s),legend title,legend text",0,1,1,1,1,1,1,1,0,0,1,12,3,1,3,"Map,Circle,Bar,Area",1,1,1,0,0,0,0,1,0,0,0,0,4
vis350.png,4225.png,56.7,0,1,0,0,0,1,I,multipanel,"title(s),annotation(s),axes text,caption(s)",0,0,1,1,1,1,0,0,0,0,1,3,5,4,4,"Table,Bar",0,1,0,0,0,0,0,0,0,1,0,0,2
wsj33.png,4226.png,56.1,1,0,0,0,1,0,N,single,"title(s),caption(s),annotation(s)",0,0,0,1,1,1,0,0,0,0,1,4,0,3,3,Map,0,0,0,0,0,0,0,1,0,0,0,0,1
vis378.png,4227.png,65.8,0,1,0,0,0,1,I,multipanel,"title(s),caption(s),annotation(s)",0,0,0,1,1,1,0,0,0,0,1,6,1,4,5,"Distribution,Table,Diagram",0,0,0,1,1,0,0,0,0,1,0,0,3
v486_n7401_5_f1.png,4228.png,71.6,0,0,0,1,0,1,S,multipanel,"title(s),axes text,axes labels,annotation(s)",0,1,1,1,1,0,0,0,0,0,0,1,4,2,11,"Point,Distribution,Line",0,0,0,0,1,0,1,0,1,0,0,0,3
v484_n7394_3_f4.png,4229.png,61.3,0,0,0,1,0,1,S,multipanel,"axes text,axes labels,annotation(s),title(s),legend text",0,1,1,1,1,0,1,0,0,0,0,11,5,4,8,"Line,Point,Diagram",0,0,0,1,0,0,1,0,1,0,0,0,3
wsj579.png,4230.png,54,1,0,0,0,0,1,N,multipanel,"axes labels,axes text,title(s),annotation(s),caption(s)",0,1,1,1,1,1,0,0,0,0,1,4,5,0,4,"Bar,Line",0,1,0,0,0,0,1,0,0,0,0,0,2
economist_daily_chart_389.png,4231.png,24,1,0,0,0,1,0,N,single,"title(s),axes text,caption(s),annotation(s)",0,0,1,1,1,1,0,0,0,0,1,4,2,2,1,Bar,0,1,0,0,0,0,0,0,0,0,0,0,1
v485_n7396_22_f4.png,4232.png,67.8,0,0,0,1,0,1,S,multipanel,"axes labels,axes text,legend text,annotation(s),title(s)",0,1,1,1,1,0,1,0,0,0,0,6,3,6,7,"Distribution,Bar,Diagram,Point",0,1,0,1,1,0,0,0,1,0,0,0,4
v488_n7409_14_f1.png,4233.png,67.7,0,0,0,1,1,0,S,single,"axes labels,axes text,legend text,title(s)",0,1,1,1,0,0,1,0,0,0,0,10,3,1,2,"Point,Trees & Networks",0,0,0,0,0,0,0,0,1,0,0,1,2
visMost239.png,4234.png,52.2,0,1,0,0,0,1,I,multipanel,"title(s),caption(s),annotation(s),legend text,axes text",0,0,1,1,1,1,1,0,0,0,1,11,4,2,4,"Circle,Table,Diagram",0,0,1,1,0,0,0,0,0,1,0,0,3
wsj27.png,4235.png,41,1,0,0,0,0,1,N,multipanel,"axes labels,axes text,title(s),caption(s),annotation(s)",0,1,1,1,1,1,0,0,0,0,1,3,4,1,4,"Bar,Area,Line",1,1,0,0,0,0,1,0,0,0,0,0,3
v486_n7403_14_f1.png,4236.png,70.8,0,0,0,1,0,1,S,multipanel,"axes labels,axes text,title(s),annotation(s)",0,1,1,1,1,0,0,0,0,0,0,5,7,2,8,"Point,Diagram",0,0,0,1,0,0,0,0,1,0,0,0,2
economist_daily_chart_174.png,4237.png,20.2,1,0,0,0,1,0,N,single,"axes text,title(s),annotation(s),caption(s)",0,0,1,1,1,1,0,0,0,0,0,2,2,1,1,Bar,0,1,0,0,0,0,0,0,0,0,0,0,1
v483_n7391_20_f4.png,4238.png,69.9,0,0,0,1,0,1,S,multipanel,"title(s),annotation(s)",0,0,0,1,1,0,0,0,0,0,0,6,3,3,7,"Diagram,Text",0,0,0,1,0,0,0,0,0,0,1,0,2
vis185.png,4239.png,56.8,0,1,0,0,0,1,I,multipanel,"title(s),axes text,annotation(s),caption(s)",0,0,1,1,1,1,0,0,0,0,1,2,7,1,6,"Bar,Diagram,Distribution",0,1,0,1,1,0,0,0,0,0,0,0,3
vis191.png,4240.png,44,0,1,0,0,0,1,I,multipanel,"title(s),annotation(s),caption(s)",0,0,0,1,1,1,0,0,0,0,1,5,2,0,1,Diagram,0,0,0,1,0,0,0,0,0,0,0,0,1
v490_n7419_1_f8.png,4241.png,41.2,0,0,0,1,1,0,S,single,annotation(s),0,0,0,0,1,0,0,0,0,0,0,2,3,1,1,Diagram,0,0,0,1,0,0,0,0,0,0,0,0,1
v489_n7416_12_f1.png,4242.png,50.4,0,0,0,1,0,1,S,multipanel,"legend text,legend title,axes text,axes labels,title(s)",0,1,1,1,0,0,1,1,0,0,1,8,7,0,3,"Grid & Matrix,Map,Bar,Line",0,1,0,0,0,1,1,1,0,0,0,0,4
v486_n7404_2_f2.png,4243.png,58.5,0,0,0,1,0,1,S,multipanel,"title(s),axes text,annotation(s)",0,0,1,1,1,0,0,0,0,0,0,8,1,4,5,"Diagram,Distribution,Table",0,0,0,1,1,0,0,0,0,1,0,0,3
economist_daily_chart_102.png,4244.png,27.1,1,0,0,0,1,0,N,single,"axes labels,axes text,title(s),caption(s),annotation(s)",0,1,1,1,1,1,0,0,0,0,0,3,2,1,1,Bar,0,1,0,0,0,0,0,0,0,0,0,0,1
economist_daily_chart_160.png,4245.png,18,1,0,0,0,1,0,N,single,"axes labels,axes text,title(s),annotation(s),caption(s)",0,1,1,1,1,1,0,0,0,0,1,3,2,1,1,Bar,0,1,0,0,0,0,0,0,0,0,0,0,1
whoQ42_7.png,4246.png,24.300000000000004,0,0,1,0,1,0,G,single,"axes text,title(s),legend text",0,0,1,1,0,0,1,0,0,0,0,2,1,2,1,Bar,0,1,0,0,0,0,0,0,0,0,0,0,1
vis807.png,4247.png,76,0,1,0,0,0,1,I,multipanel,"title(s),caption(s),annotation(s),axes text,legend text",0,0,1,1,1,1,1,0,0,0,1,9,7,5,10,"Table,Bar,Circle,Diagram",0,1,1,1,0,0,0,0,0,1,0,0,4
v485_n7398_7_f2.png,4248.png,46,0,0,0,1,0,1,S,multipanel,"axes text,axes labels,annotation(s)",0,1,1,0,1,0,0,0,0,0,0,3,3,0,15,"Point,Line",0,0,0,0,0,0,1,0,1,0,0,0,2
whoB31_1.png,4249.png,21.3,0,0,1,0,1,0,G,single,"title(s),axes text,axes labels,caption(s)",0,1,1,1,0,1,0,0,0,0,1,3,1,2,1,"Table,Bar",0,1,0,0,0,0,0,0,0,1,0,0,2
economist_daily_chart_148.png,4250.png,13.7,1,0,0,0,1,0,N,single,"axes labels,axes text,title(s),annotation(s),caption(s)",0,1,1,1,1,1,0,0,0,0,0,3,2,1,1,Bar,0,1,0,0,0,0,0,0,0,0,0,0,1
v483_n7387_15_f3.png,4251.png,51.3,0,0,0,1,0,1,S,multipanel,"legend text,axes labels,axes text,title(s),annotation(s)",0,1,1,1,1,0,1,0,0,0,0,3,3,2,5,"Bar,Line,Diagram,Distribution",0,1,0,1,1,0,1,0,0,0,0,0,4
v490_n7419_8_f4.png,4252.png,74.5,0,0,0,1,0,1,S,multipanel,"title(s),annotation(s),axes text,axes labels",0,1,1,1,1,0,0,0,0,0,0,6,7,2,14,"Line,Point,Diagram",0,0,0,1,0,0,1,0,1,0,0,0,3
whoJ37_1.png,4253.png,40.3,0,0,1,0,1,0,G,single,"title(s),annotation(s),legend text,caption(s)",0,0,0,1,1,1,1,0,0,0,0,11,1,1,1,Map,0,0,0,0,0,0,0,1,0,0,0,0,1
v486_n7404_10_f1.png,4254.png,59.6,0,0,0,1,1,0,S,single,annotation(s),0,0,0,0,1,0,0,0,0,0,0,6,0,1,1,"Line,Diagram",0,0,0,1,0,0,1,0,0,0,0,0,2
v489_n7417_14_f3.png,4255.png,57.9,0,0,0,1,0,1,S,multipanel,"axes text,axes labels,annotation(s)",0,1,1,0,1,0,0,0,0,0,0,10,1,3,1,"Point,Distribution",0,0,0,0,1,0,0,0,1,0,0,0,2
v486_n7402_6_f3.png,4256.png,65.6,0,0,0,1,0,1,S,multipanel,"title(s),axes text,legend text",0,0,1,1,0,0,1,0,0,0,0,9,1,4,2,"Grid & Matrix,Trees & Networks",0,0,0,0,0,1,0,0,0,0,0,1,2
vis813.png,4257.png,48.2,0,1,0,0,0,1,I,multipanel,"axes labels,axes text,title(s),legend text,annotation(s),caption(s)",0,1,1,1,1,1,1,0,0,0,0,13,3,4,3,"Bar,Area,Table",1,1,0,0,0,0,0,0,0,1,0,0,3
v489_n7414_25_f3.png,4258.png,49.6,0,0,0,1,1,0,S,single,"axes labels,axes text",0,1,1,0,0,0,0,0,0,0,0,3,4,0,1,"Point,Line,Bar",0,1,0,0,0,0,1,0,1,0,0,0,3
visMost775.png,4259.png,55.6,0,1,0,0,0,1,I,multipanel,"title(s),caption(s),annotation(s)",0,0,0,1,1,1,0,0,0,0,1,5,5,1,2,"Diagram,Circle,Area,Distribution",1,0,1,1,1,0,0,0,0,0,0,0,4
vis620.png,4260.png,36.7,0,1,0,0,0,1,I,multipanel,"title(s),axes text,caption(s)",0,0,1,1,0,1,0,0,0,0,1,10,2,2,7,"Bar,Distribution,Map,Circle",0,1,1,0,1,0,0,1,0,0,0,0,4
v483_n7389_3_f2.png,4261.png,57,0,0,0,1,0,1,S,multipanel,"axes text,axes labels,legend text,annotation(s)",0,1,1,0,1,0,1,0,0,0,0,5,6,6,6,"Distribution,Grid & Matrix",0,0,0,0,1,1,0,0,0,0,0,0,2
np_6.png,4262.png,65.4,1,0,0,0,0,1,N,multipanel,"title(s),caption(s),annotation(s),axes text,legend text",0,0,1,1,1,1,1,0,0,0,0,10,3,2,12,"Bar,Map,Distribution",0,1,0,0,1,0,0,1,0,0,0,0,3
v483_n7388_3_f2.png,4263.png,62.9,0,0,0,1,0,1,S,multipanel,"axes labels,axes text,title(s),annotation(s)",0,1,1,1,1,0,0,0,0,0,0,2,3,2,5,"Bar,Point,Line",0,1,0,0,0,0,1,0,1,0,0,0,3
vis152.png,4264.png,53.9,0,1,0,0,0,1,I,multipanel,"title(s),axes text,annotation(s),caption(s)",0,0,1,1,1,1,0,0,0,0,1,5,3,3,3,Table,0,0,0,0,0,0,0,0,0,1,0,0,1
visMost761.png,4265.png,42.6,0,1,0,0,1,0,I,single,"title(s),caption(s),axes text,annotation(s)",0,0,1,1,1,1,0,0,0,0,1,3,0,1,1,Table,0,0,0,0,0,0,0,0,0,1,0,0,1
visMost749.png,4266.png,65.1,0,1,0,0,0,1,I,multipanel,"title(s),caption(s),annotation(s),axes text,legend text",0,0,1,1,1,1,1,0,0,0,1,12,5,3,6,"Map,Circle,Distribution,Table",0,0,1,0,1,0,0,1,0,1,0,0,4
v487_n7406_3_f1.png,4267.png,65.6,0,0,0,1,0,1,S,multipanel,"axes text,axes labels,annotation(s),title(s)",0,1,1,1,1,0,0,0,0,0,0,5,5,2,5,"Point,Diagram",0,0,0,1,0,0,0,0,1,0,0,0,2
v487_n7407_3_f1.png,4268.png,68.7,0,0,0,1,1,0,S,single,"caption(s),legend text,annotation(s),title(s)",0,0,0,1,1,1,1,0,0,0,0,3,2,5,1,Diagram,0,0,0,1,0,0,0,0,0,0,0,0,1
vis608.png,4269.png,63.5,0,1,0,0,0,1,I,multipanel,"title(s),caption(s),annotation(s),axes text",0,0,1,1,1,1,0,0,0,0,1,3,12,6,10,"Bar,Diagram,TAble",0,1,0,1,0,0,0,0,0,0,0,0,2
v489_n7417_18_f3.png,4270.png,44.8,0,0,0,1,0,1,S,multipanel,"axes labels,axes text,legend text,title(s),annotation(s)",0,1,1,1,1,0,1,0,0,0,0,7,3,3,9,"Area,Bar,Circle,Diagram",1,1,1,1,0,0,0,0,0,0,0,0,4
treasuryK03_6.png,4271.png,13.5,0,0,1,0,1,0,G,single,"axes labels,axes text,title(s),annotation(s),caption(s)",0,1,1,1,1,1,0,0,0,0,0,1,2,0,1,Bar,0,1,0,0,0,0,0,0,0,0,0,0,1
vis797.png,4272.png,63.1,0,1,0,0,1,0,I,single,"title(s),caption(s),axes text,annotation(s)",0,0,1,1,1,1,0,0,0,0,1,7,1,1,1,Diagram,0,0,0,1,0,0,0,0,0,0,0,0,1
v485_n7397_10_f2.png,4273.png,52,0,0,0,1,0,1,S,multipanel,"title(s),axes text,axes labels,legend text",0,1,1,1,0,0,1,0,0,0,0,10,3,0,4,"Map,Area,Distribution",1,0,0,0,1,0,0,1,0,0,0,0,3
v483_n7391_22_f1.png,4274.png,72.4,0,0,0,1,0,1,S,multipanel,"axes labels,axes text,title(s)",0,1,1,1,0,0,0,0,0,0,0,3,8,3,27,"Point,Bar,Diagram,Table",0,1,0,1,0,0,0,0,1,1,0,0,4
v490_n7418_4_f4.png,4275.png,84.6,0,0,0,1,0,1,S,multipanel,"title(s),caption(s),annotation(s),axes text,legend title,legend text",0,0,1,1,1,1,1,1,0,0,0,8,5,6,7,"Diagram,Grid & Matrix",0,0,0,1,0,1,0,0,0,0,0,0,2
wsj196.png,4276.png,36.8,1,0,0,0,1,0,N,single,"title(s),annotation(s),caption(s),axes text",0,0,1,1,1,1,0,0,0,0,1,1,0,1,1,Diagram,0,0,0,1,0,0,0,0,0,0,0,0,1
economist_daily_chart_10.png,4277.png,42.3,1,0,0,0,0,1,N,multipanel,"axes labels,axes text,title(s),annotation(s),caption(s)",0,1,1,1,1,1,0,0,0,0,1,5,4,1,2,"Bar,Point",0,1,0,0,0,0,0,0,1,0,0,0,2
wsj182.png,4278.png,27,1,0,0,0,1,0,N,single,"axes labels,axes text,title(s),annotation(s),caption(s)",0,1,1,1,1,1,0,0,0,0,1,5,3,0,1,Line,0,0,0,0,0,0,1,0,0,0,0,0,1
wsj2.png,4279.png,17.7,1,0,0,0,1,0,N,single,"axes labels,axes text,title(s),annotation(s),caption(s)",0,1,1,1,1,1,0,0,0,0,1,3,2,1,1,Line,0,0,0,0,0,0,1,0,0,0,0,0,1
v485_n7399_21_f1.png,4280.png,67.7,0,0,0,1,0,1,S,multipanel,"title(s),annotation(s),axes text,axes labels",0,1,1,1,1,0,0,0,0,0,0,5,3,4,14,"Diagram,Table,Text",0,0,0,1,0,0,0,0,0,1,1,0,3
vis783.png,4281.png,65.1,0,1,0,0,0,1,I,multipanel,"title(s),annotation(s),axes text,axes labels,legend text,caption(s)",0,1,1,1,1,1,1,0,0,0,1,11,8,4,10,"Bar,Map,Point,Area,Table,Diagram,Circle,Distribution",1,1,1,1,1,0,0,1,1,1,0,0,8
v483_n7387_19_f3.png,4282.png,69.9,0,0,0,1,1,0,S,single,"title(s),axes text,axes labels",0,1,1,1,0,0,0,0,0,0,0,4,0,3,3,"Table,Diagram",0,0,0,1,0,0,0,0,0,1,0,0,2
treasuryJ01_1.png,4283.png,33.3,0,0,1,0,1,0,G,single,"axes labels,axes text,title(s),annotation(s),caption(s)",0,1,1,1,1,1,0,0,0,0,0,1,2,1,1,Line,0,0,0,0,0,0,1,0,0,0,0,0,1
v490_n7419_4_f4.png,4284.png,70.2,0,0,0,1,0,1,S,multipanel,"axes labels,axes text,title(s),annotation(s)",0,1,1,1,1,0,0,0,0,0,0,5,8,1,11,"Point,Distribution,Table,Diagram",0,0,0,1,1,0,0,0,1,1,0,0,4
visMost83.png,4285.png,42.5,0,1,0,0,1,0,I,single,"title(s),axes text,legend title,legend text",0,0,1,1,0,0,1,1,0,0,1,2,2,1,1,Grid & Matrix,0,0,0,0,0,1,0,0,0,0,0,0,1
vis973.png,4286.png,51.2,0,1,0,0,1,0,I,single,no text,1,0,0,0,0,0,0,0,0,0,0,6,0,0,1,Diagram,0,0,0,1,0,0,0,0,0,0,0,0,1
economist_daily_chart_38.png,4287.png,38.9,1,0,0,0,0,1,N,multipanel,"title(s),caption(s),legend text,legend title,axes text",0,0,1,1,0,1,1,1,0,0,1,5,1,1,3,"Map,Bar",0,1,0,0,0,0,0,1,0,0,0,0,2
visMost198.png,4288.png,55.6,0,1,0,0,0,1,I,multipanel,"title(s),caption(s),annotation(s),axes text",0,0,1,1,1,1,0,0,0,0,1,12,12,3,9,"Distribution,Bar,Diagram,Line,Circle",0,1,1,1,1,0,1,0,0,0,0,0,5
v485_n7398_27_f3.png,4289.png,64.9,0,0,0,1,0,1,S,multipanel,"title(s),annotation(s)",0,0,0,1,1,0,0,0,0,0,0,5,0,2,5,Diagram,0,0,0,1,0,0,0,0,0,0,0,0,1
whoQ44_1.png,4290.png,12.1,0,0,1,0,1,0,G,single,"title(s),axes text,axes labels",0,1,1,1,0,0,0,0,0,0,0,1,1,1,1,Bar,0,1,0,0,0,0,0,0,0,0,0,0,1
v490_n7420_2_f1.png,4291.png,57.5,0,0,0,1,1,0,S,single,annotation(s),0,0,0,0,1,0,0,0,0,0,0,7,3,1,2,Diagram,0,0,0,1,0,0,0,0,0,0,0,0,1
visMost97.png,4292.png,15.2,0,1,0,0,1,0,I,single,"title(s),annotation(s)",0,0,0,1,1,0,0,0,0,0,0,5,1,1,1,Map,0,0,0,0,0,0,0,1,0,0,0,0,1
vis967.png,4293.png,69,0,1,0,0,0,1,I,multipanel,"title(s),axes text,annotation(s),caption(s)",0,0,1,1,1,1,0,0,0,0,1,7,2,7,8,"Table,Bar",0,1,0,0,0,0,0,0,0,1,0,0,2
v488_n7413_13_f3.png,4294.png,78.9,0,0,0,1,0,1,S,multipanel,"axes labels,axes text,annotation(s),title(s),legend text",0,1,1,1,1,0,1,0,0,0,0,10,2,8,20,"Diagram,Bar",0,1,0,1,0,0,0,0,0,0,0,0,2
vis754.png,4295.png,47.4,0,1,0,0,0,1,I,multipanel,"title(s),caption(s),axes text,annotation(s)",0,0,1,1,1,1,0,0,0,0,1,11,0,2,1,Table,0,0,0,0,0,0,0,0,0,1,0,0,1
visMost601.png,4296.png,51.6,0,1,0,0,1,0,I,single,"title(s),caption(s),annotation(s),axes text,axes labels",0,1,1,1,1,1,0,0,0,0,1,4,2,1,1,Line,0,0,0,0,0,0,1,0,0,0,0,0,1
v484_n7395_21_f4.png,4297.png,72,0,0,0,1,0,1,S,multipanel,"axes labels,axes text,legend text,title(s)",0,1,1,1,0,0,1,0,0,0,0,5,6,4,11,"Diagram,Bar,Point,Table",0,1,0,1,0,0,0,0,1,1,0,0,4
wsj155.png,4298.png,35.9,1,0,0,0,0,1,N,multipanel,"axes labels,axes text,title(s),caption(s)",0,1,1,1,0,1,0,0,0,0,1,9,3,0,2,"Line,Area",1,0,0,0,0,0,1,0,0,0,0,0,2
v486_n7401_19_f2.png,4299.png,65.6,0,0,0,1,0,1,S,multipanel,"axes text,axes labels,legend text,title(s),annotation(s)",0,1,1,1,1,0,1,0,0,0,0,1,5,7,10,"Bar,Table,Grid & Matrix,Distribution",0,1,0,0,1,1,0,0,0,1,0,0,4
visMost167.png,4300.png,64.4,0,1,0,0,0,1,I,multipanel,"title(s),annotation(s),axes text,legend text",0,0,1,1,1,0,1,0,0,0,1,8,2,3,2,"Diagram,Point",0,0,0,1,0,0,0,0,1,0,0,0,2
visMost173.png,4301.png,61.6,0,1,0,0,0,1,I,multipanel,"axes text,annotation(s),axes labels,caption(s)",0,1,1,0,1,1,0,0,0,0,0,4,3,3,3,"Bar,Circle,Trees & Networks",0,1,1,0,0,0,0,0,0,0,0,1,3
wsj141.png,4302.png,53.1,1,0,0,0,0,1,N,multipanel,"title(s),caption(s),annotation(s),axes text,legend text",0,0,1,1,1,1,1,0,0,0,1,4,4,0,8,"Bar,Line,Point",0,1,0,0,0,0,1,0,1,0,0,0,3
vis740.png,4303.png,57.3,0,1,0,0,0,1,I,multipanel,text-only,0,0,0,0,0,0,0,0,1,0,0,10,0,0,1,Text,0,0,0,0,0,0,0,0,0,0,1,0,1
visMost68.png,4304.png,79.6,0,1,0,0,0,1,I,multipanel,"title(s),caption(s)",0,0,0,1,0,1,0,0,0,0,0,11,5,0,5,"Circle,Diagram",0,0,1,1,0,0,0,0,0,0,0,0,2
visMost615.png,4305.png,53,0,1,0,0,0,1,I,multipanel,"title(s),caption(s),axes text,annotation(s)",0,0,1,1,1,1,0,0,0,0,1,7,5,3,3,"Diagram,Table,Line,Map",0,0,0,1,0,0,1,1,0,1,0,0,4
vis768.png,4306.png,60.7,0,1,0,0,1,0,I,single,"axes labels,axes text,title(s),annotation(s),caption(s),legend text",0,1,1,1,1,1,1,0,0,0,1,3,4,1,2,"Point,Area",1,0,0,0,0,0,0,0,1,0,0,0,2
visMost40.png,4307.png,49.4,0,1,0,0,0,1,I,multipanel,"title(s),annotation(s),caption(s),axes text",0,0,1,1,1,1,0,0,0,0,1,5,5,1,2,"Diagram,Bar",0,1,0,1,0,0,0,0,0,0,0,0,2
v488_n7412_15_f1.png,4308.png,72.4,0,0,0,1,0,1,S,multipanel,"title(s),annotation(s),axes text,axes labels,legend text",0,1,1,1,1,0,1,0,0,0,0,11,4,4,13,"Bar,Diagram,Distribution",0,1,0,1,1,0,0,0,0,0,0,0,3
v487_n7408_12_f1.png,4309.png,45,0,0,0,1,0,1,S,multipanel,"axes labels,axes text,annotation(s),title(s)",0,1,1,1,1,0,0,0,0,1,0,0,5,0,9,Point,0,0,0,0,0,0,0,0,1,0,0,0,1
wsj169.png,4310.png,37.8,1,0,0,0,0,1,N,multipanel,"title(s),caption(s),annotation(s),axes text",0,0,1,1,1,1,0,0,0,0,1,5,3,2,2,"Bar,Distribution,Area,Diagram",1,1,0,1,1,0,0,0,0,0,0,0,4
v487_n7406_1_f4.png,4311.png,71.3,0,0,0,1,0,1,S,multipanel,"axes text,axes labels,annotation(s),title(s)",0,1,1,1,1,0,0,0,0,0,0,6,5,6,9,"Bar,Point,Diagram",0,1,0,1,0,0,0,0,1,0,0,0,3
v489_n7414_29_f3.png,4312.png,73.7,0,0,0,1,0,1,S,multipanel,"axes labels,axes text,legend text,title(s),annotation(s)",0,1,1,1,1,0,1,0,0,0,0,7,5,4,14,"Diagram,Bar",0,1,0,1,0,0,0,0,0,0,0,0,2
visMost54.png,4313.png,64.4,0,1,0,0,1,0,I,single,"title(s),axes text,annotation(s),legend text,caption(s)",0,0,1,1,1,1,1,0,0,0,1,7,1,3,2,"Point,Bar,Diagram",0,1,0,1,0,0,0,0,1,0,0,0,3
visMost629.png,4314.png,80.2,0,1,0,0,1,0,I,single,"title(s),annotation(s),legend text,caption(s)",0,0,0,1,1,1,1,0,0,0,1,12,0,0,7,Diagram,0,0,0,1,0,0,0,0,0,0,0,0,1
v487_n7407_1_f4.png,4315.png,58.2,0,0,0,1,0,1,S,multipanel,"axes labels,axes text,title(s)",0,1,1,1,0,0,0,0,0,0,0,2,2,0,16,Point,0,0,0,0,0,0,0,0,1,0,0,0,1
whoH14_3.png,4316.png,26.4,0,0,1,0,0,1,G,multipanel,"axes text,title(s),legend title,annotation(s)",0,0,1,1,1,0,0,1,0,0,1,6,1,2,1,Bar,0,1,0,0,0,0,0,0,0,0,0,0,1
wsj394.png,4317.png,44.4,1,0,0,0,0,1,N,multipanel,"title(s),caption(s),annotation(s),axes text",0,0,1,1,1,1,0,0,0,0,1,6,5,0,2,"Bar,Line",0,1,0,0,0,0,1,0,0,0,0,0,2
v488_n7411_3_f5.png,4318.png,80.4,0,0,0,1,0,1,S,multipanel,"title(s),annotation(s),axes text,axes labels",0,1,1,1,1,0,0,0,0,0,0,9,5,3,12,"Bar,Line,Point,Diagram,Table",0,1,0,1,0,0,1,0,1,1,0,0,5
vis595.png,4319.png,48.7,0,1,0,0,0,1,I,multipanel,"title(s),axes text,caption(s),annotation(s)",0,0,1,1,1,1,0,0,0,0,1,3,2,5,4,"Bar,Map,Table",0,1,0,0,0,0,0,1,0,1,0,0,3
v487_n7407_13_f1.png,4320.png,75.5,0,0,0,1,0,1,S,multipanel,"title(s),annotation(s),legend text,axes text",0,0,1,1,1,0,1,0,0,0,0,4,3,1,8,Diagram,0,0,0,1,0,0,0,0,0,0,0,0,1
economist_daily_chart_202.png,4321.png,28.3,1,0,0,0,1,0,N,single,"title(s),axes text,axes labels,annotation(s),caption(s)",0,1,1,1,1,1,0,0,0,0,0,2,2,1,1,Point,0,0,0,0,0,0,0,0,1,0,0,0,1
economist_daily_chart_216.png,4322.png,27.4,1,0,0,0,0,1,N,multipanel,"title(s),caption(s),axes text,legend text",0,0,1,1,0,1,1,0,0,0,1,4,8,1,8,Bar,0,1,0,0,0,0,0,0,0,0,0,0,1
treasuryJ03_3.png,4323.png,28,0,0,1,0,1,0,G,single,"axes labels,axes text,title(s),legend text,caption(s)",0,1,1,1,0,1,1,0,0,0,0,3,2,1,1,"Bar,Line",0,1,0,0,0,0,1,0,0,0,0,0,2
vis581.png,4324.png,60.2,0,1,0,0,0,1,I,multipanel,"title(s),caption(s),annotation(s),axes text",0,0,1,1,1,1,0,0,0,0,0,6,1,1,3,"Circle,Diagram",0,0,1,1,0,0,0,0,0,0,0,0,2
v488_n7410_3_f5.png,4325.png,77.4,0,0,0,1,0,1,S,multipanel,"axes labels,axes text,title(s),annotation(s),legend text",0,1,1,1,1,0,1,0,0,0,0,6,4,3,9,"Bar,Point,Distribution,Diagram",0,1,0,1,1,0,0,0,1,0,0,0,4
vis30.png,4326.png,41.8,0,1,0,0,1,0,I,single,"title(s),caption(s),axes text,legend text,annotation(s)",0,0,1,1,1,1,1,0,0,0,1,3,1,1,1,"Map,Point,Area",1,0,0,0,0,0,0,1,1,0,0,0,3
wsj380.png,4327.png,17.2,1,0,0,0,1,0,N,single,"title(s),annotation(s),caption(s)",0,0,0,1,1,1,0,0,0,0,1,3,2,1,1,Bar,0,1,0,0,0,0,0,0,0,0,0,0,1
v490_n7418_19_f2.png,4328.png,73.9,0,0,0,1,0,1,S,multipanel,"title(s),annotation(s),caption(s)",0,0,0,1,1,1,0,0,0,0,0,5,2,3,6,Diagram,0,0,0,1,0,0,0,0,0,0,0,0,1
np_49.png,4329.png,72.6,1,0,0,0,0,1,N,multipanel,"axes labels,axes text,title(s),legend text,caption(s),annotation(s),legend title",0,1,1,1,1,1,1,1,0,0,1,6,5,5,5,"Bar,Diagram,Map,Point,Table",0,1,0,1,0,0,0,1,1,1,0,0,5
vis18.png,4330.png,55.8,0,1,0,0,1,0,I,single,"title(s),caption(s),axes text,axes labels",0,1,1,1,0,1,0,0,0,0,1,8,0,2,1,Table,0,0,0,0,0,0,0,0,0,1,0,0,1
v485_n7400_3_f2.png,4331.png,71.4,0,0,0,1,0,1,S,multipanel,"title(s),annotation(s),axes text,axes labels",0,1,1,1,1,0,0,0,0,0,0,6,5,5,29,"Bar,Diagram,Line",0,1,0,1,0,0,1,0,0,0,0,0,3
whoK17_1.png,4332.png,19.2,0,0,1,0,1,0,G,single,"title(s),axes text,axes labels,caption(s),annotation(s)",0,1,1,1,1,1,0,0,0,0,0,2,2,1,1,Bar,0,1,0,0,0,0,0,0,0,0,0,0,1
v490_n7420_23_f1.png,4333.png,57.9,0,0,0,1,0,1,S,multipanel,"axes text,axes labels,annotation(s),title(s)",0,1,1,1,1,0,0,0,0,0,0,3,2,3,4,"Point,Diagram",0,0,0,1,0,0,0,0,1,0,0,0,2
whoQ46_3.png,4334.png,24,0,0,1,0,1,0,G,single,"axes labels,axes text,title(s),legend text",0,1,1,1,0,0,1,0,0,0,0,3,2,1,1,Area,1,0,0,0,0,0,0,0,0,0,0,0,1
whoN26.png,4335.png,47.4,0,0,1,0,1,0,G,single,"text-only,title(s),axes text,axes labels,caption(s),legend text",0,1,1,1,0,1,1,0,1,0,1,6,18,2,1,Table,0,0,0,0,0,0,0,0,0,1,0,0,1
v488_n7409_18_f1.png,4336.png,71.5,0,0,0,1,0,1,S,multipanel,"axes labels,axes text,title(s),annotation(s),legend text",0,1,1,1,1,0,1,0,0,0,0,12,8,4,9,"Line,Point,Area,Distribution,Diagram",1,0,0,1,1,0,1,0,1,0,0,0,5
vis230.png,4337.png,53.1,0,1,0,0,1,0,I,single,"axes text,annotation(s),legend text,caption(s)",0,0,1,0,1,1,1,0,0,0,0,9,2,1,2,Bar,0,1,0,0,0,0,0,0,0,0,0,0,1
visMost365.png,4338.png,71.3,0,1,0,0,0,1,I,multipanel,"title(s),annotation(s),caption(s),axes text,axes labels",0,1,1,1,1,1,0,0,0,0,1,6,6,4,11,"Table,Circle,Diagram",0,0,1,1,0,0,0,0,0,1,0,0,3
wsj357.png,4339.png,11.4,1,0,0,0,1,0,N,single,"title(s),caption(s),axes text",0,0,1,1,0,1,0,0,0,0,1,2,2,0,1,Bar,0,1,0,0,0,0,0,0,0,0,0,0,1
wsj431.png,4340.png,37.9,1,0,0,0,1,0,N,single,"title(s),caption(s),legend title,legend text,annotation(s)",0,0,0,1,1,1,1,1,0,0,1,6,1,3,1,Map,0,0,0,0,0,0,0,1,0,0,0,0,1
visMost403.png,4341.png,33.5,0,1,0,0,1,0,I,single,"title(s),caption(s),annotation(s)",0,0,0,1,1,1,0,0,0,0,1,7,0,1,1,Diagram,0,0,0,1,0,0,0,0,0,0,0,0,1
vis556.png,4342.png,60.7,0,1,0,0,0,1,I,multipanel,"title(s),caption(s),annotation(s),axes text",0,0,1,1,1,1,0,0,0,0,1,3,2,5,4,"Diagram,Table,Bar",0,1,0,1,0,0,0,0,0,1,0,0,3
v485_n7397_26_f3.png,4343.png,38.6,0,0,0,1,1,0,S,single,"text-only,axes text,axes labels,caption(s)",0,1,1,0,0,1,0,0,1,1,1,0,6,4,1,Table,0,0,0,0,0,0,0,0,0,1,0,0,1
visMost417.png,4344.png,33,0,1,0,0,1,0,I,single,"title(s),caption(s),axes text",0,0,1,1,0,1,0,0,0,0,1,1,1,1,1,"Table,Diagram",0,0,0,1,0,0,0,0,0,1,0,0,2
vis542.png,4345.png,50.7,0,1,0,0,1,0,I,single,"title(s),caption(s),axes text",0,0,1,1,0,1,0,0,0,0,1,5,1,1,1,Table,0,0,0,0,0,0,0,0,0,1,0,0,1
treasuryI02_3.png,4346.png,17.8,0,0,1,0,1,0,G,single,"axes labels,axes text,title(s),legend text,caption(s)",0,1,1,1,0,1,1,0,0,0,0,2,2,1,1,Line,0,0,0,0,0,0,1,0,0,0,0,0,1
wsj425.png,4347.png,21.4,1,0,0,0,1,0,N,single,"axes labels,axes text,title(s),annotation(s),caption(s)",0,1,1,1,1,1,0,0,0,0,1,4,2,1,1,Point,0,0,0,0,0,0,0,0,1,0,0,0,1
v487_n7408_4_f1.png,4348.png,55.2,0,0,0,1,0,1,S,multipanel,"axes labels,axes text,title(s),legend text,annotation(s)",0,1,1,1,1,0,1,0,0,0,0,8,6,0,3,"Line,Point",0,0,0,0,0,0,1,0,1,0,0,0,2
wsj343.png,4349.png,29.1,1,0,0,0,1,0,N,single,"title(s),caption(s),annotation(s),axes text",0,0,1,1,1,1,0,0,0,0,1,5,1,2,1,Bar,0,1,0,0,0,0,0,0,0,0,0,0,1
v483_n7390_8_f4.png,4350.png,65.4,0,0,0,1,0,1,S,multipanel,"axes labels,axes text,legend text",0,1,1,0,0,0,1,0,0,0,0,3,4,1,2,"Line,Area,Point",1,0,0,0,0,0,1,0,1,0,0,0,3
vis224.png,4351.png,50.5,0,1,0,0,1,0,I,single,"title(s),caption(s),annotation(s),axes text,axes labels",0,1,1,1,1,1,0,0,0,0,1,6,7,1,1,"Circle,Distribution",0,0,1,0,1,0,0,0,0,0,0,0,2
visMost371.png,4352.png,33.7,0,1,0,0,1,0,I,single,"axes text,annotation(s)",0,0,1,0,1,0,0,0,0,0,0,2,0,2,1,Trees & Networks,0,0,0,0,0,0,0,0,0,0,0,1,1
v486_n7401_9_f1.png,4353.png,54.2,0,0,0,1,0,1,S,multipanel,"axes labels,axes text,legend text,title(s)",0,1,1,1,0,0,1,0,0,1,0,0,4,1,2,Point,0,0,0,0,0,0,0,0,1,0,0,0,1
vis8.png,4354.png,36.2,0,1,0,0,0,1,I,multipanel,"title(s),caption(s),annotation(s),axes text",0,0,1,1,1,1,0,0,0,0,1,4,1,2,3,Bar,0,1,0,0,0,0,0,0,0,0,0,0,1
v489_n7415_8_f2.png,4355.png,48.6,0,0,0,1,1,0,S,single,"annotation(s),axes text",0,0,1,0,1,0,0,0,0,0,1,1,0,1,1,Diagram,0,0,0,1,0,0,0,0,0,0,0,0,1
v484_n7394_1_f1.png,4356.png,55.7,0,0,0,1,0,1,S,multipanel,"legend text,axes labels,axes text,annotation(s),title(s)",0,1,1,1,1,0,1,0,0,1,0,0,5,3,3,"Bar,Point",0,1,0,0,0,0,0,0,1,0,0,0,2
visMost359.png,4357.png,38.6,0,1,0,0,0,1,I,multipanel,"caption(s),axes text,title(s),annotation(s)",0,0,1,1,1,1,0,0,0,0,1,27,3,3,3,"Circle,Table",0,0,1,0,0,0,0,0,0,1,0,0,2
v488_n7410_14_f2.png,4358.png,49.4,0,0,0,1,0,1,S,multipanel,"axes labels,axes text,legend title,legend text",0,1,1,0,0,0,1,1,0,0,0,10,4,0,2,"Line,Map,Grid & Matrix",0,0,0,0,0,1,1,1,0,0,0,0,3
v483_n7389_10_f4.png,4359.png,49.6,0,0,0,1,0,1,S,multipanel,"annotation(s),title(s)",0,0,0,1,1,0,0,0,0,0,0,4,1,1,4,Diagram,0,0,0,1,0,0,0,0,0,0,0,0,1
wsj419.png,4360.png,31.2,1,0,0,0,1,0,N,single,"axes text,title(s),annotation(s),caption(s)",0,0,1,1,1,1,0,0,0,0,1,4,2,0,1,Line,0,0,0,0,0,0,1,0,0,0,0,0,1
whoH16_1.png,4361.png,5.2,0,0,1,0,0,1,G,multipanel,"title(s),axes text,axes labels,annotation(s)",0,1,1,1,1,0,0,0,0,0,0,1,1,1,1,Bar,0,1,0,0,0,0,0,0,0,0,0,0,1
v484_n7395_1_f1.png,4362.png,90.5,0,0,0,1,0,1,S,multipanel,"axes labels,axes text,annotation(s),title(s)",0,1,1,1,1,0,0,0,0,0,0,6,5,4,12,"Diagram,Line,Bar,Point,Distribution",0,1,0,1,1,0,1,0,1,0,0,0,5
vis218.png,4363.png,48.3,0,1,0,0,0,1,I,multipanel,"title(s),annotation(s),caption(s),axes text",0,0,1,1,1,1,0,0,0,0,1,9,5,5,10,"Table,Bar,Circle,Diagram",0,1,1,1,0,0,0,0,0,1,0,0,4
v485_n7396_20_f1.png,4364.png,82.9,0,0,0,1,0,1,S,multipanel,"axes labels,axes text,legend text,annotation(s),title(s)",0,1,1,1,1,0,1,0,0,0,0,11,15,5,13,"Distribution,Bar,Point",0,1,0,0,1,0,0,0,1,0,0,0,3
v483_n7390_12_f2.png,4365.png,33.5,0,0,0,1,1,0,S,single,"axes labels,axes text,legend text",0,1,1,0,0,0,1,0,0,0,0,20,3,0,1,"Map,Area,Distribution",1,0,0,0,1,0,0,1,0,0,0,0,3
v483_n7388_18_f3.png,4366.png,82.6,0,0,0,1,0,1,S,multipanel,"axes labels,axes text,legend text,title(s),annotation(s),caption(s)",0,1,1,1,1,1,1,0,0,0,0,1,8,4,13,"Bar,Distribution,Table",0,1,0,0,1,0,0,0,0,1,0,0,3
vis525.png,4367.png,60,0,1,0,0,0,1,I,multipanel,"axes text,title(s),annotation(s),caption(s)",0,0,1,1,1,1,0,0,0,0,1,9,10,3,5,"Bar,Table,Diagram",0,1,0,1,0,0,0,0,0,1,0,0,3
vis94.png,4368.png,43.7,0,1,0,0,0,1,I,multipanel,"title(s),legend text,legend title,annotation(s),caption(s)",0,0,0,1,1,1,1,1,0,0,0,4,6,1,1,"Bar,Distribution",0,1,0,0,1,0,0,0,0,0,0,0,2
visMost470.png,4369.png,53.8,0,1,0,0,0,1,I,multipanel,"axes labels,axes text,annotation(s),title(s),caption(s)",0,1,1,1,1,1,0,0,0,0,1,8,3,7,10,"Diagram,Circle,Table,Line",0,0,1,1,0,0,1,0,0,1,0,0,4
v483_n7388_5_f4.png,4370.png,63.4,0,0,0,1,0,1,S,multipanel,"axes text,annotation(s),title(s)",0,0,1,1,1,0,0,0,0,0,0,8,0,1,4,Diagram,0,0,0,1,0,0,0,0,0,0,0,0,1
wsj442.png,4371.png,37.1,1,0,0,0,0,1,N,multipanel,"title(s),axes text,annotation(s),caption(s)",0,0,1,1,1,1,0,0,0,0,1,6,4,0,3,"Bar,Point",0,1,0,0,0,0,0,0,1,0,0,0,2
wsj324.png,4372.png,42.5,1,0,0,0,0,1,N,multipanel,"title(s),axes text,legend text,caption(s)",0,0,1,1,0,1,1,0,0,0,1,4,4,2,3,"Line,Bar,Point",0,1,0,0,0,0,1,0,1,0,0,0,3
v487_n7407_21_f3.png,4373.png,76.3,0,0,0,1,1,0,S,single,"axes text,axes labels,legend text,title(s)",0,1,1,1,0,0,1,0,0,0,0,3,3,5,9,"Distribution,Bar,Table",0,1,0,0,1,0,0,0,0,1,0,0,3
visMost316.png,4374.png,46.6,0,1,0,0,0,1,I,multipanel,"title(s),annotation(s),caption(s),legend text",0,0,0,1,1,1,1,0,0,0,1,4,3,6,8,"Area,Bar,Circle",1,1,1,0,0,0,0,0,0,0,0,0,3
vis243.png,4375.png,55.8,0,1,0,0,0,1,I,multipanel,"title(s),axes text,annotation(s),caption(s)",0,0,1,1,1,1,0,0,0,0,1,6,3,5,11,"Table,Diagram,Bar",0,1,0,1,0,0,0,0,0,1,0,0,3
visMost302.png,4376.png,51.4,0,1,0,0,1,0,I,single,"title(s),axes text,annotation(s),caption(s)",0,0,1,1,1,1,0,0,0,0,1,7,1,2,1,Diagram,0,0,0,1,0,0,0,0,0,0,0,0,1
vis257.png,4377.png,41.6,0,1,0,0,0,1,I,multipanel,"title(s),axes text,legend text,caption(s),annotation(s)",0,0,1,1,1,1,1,0,0,0,1,8,6,1,4,"Bar,Circle",0,1,1,0,0,0,0,0,0,0,0,0,2
wsj330.png,4378.png,32,1,0,0,0,0,1,N,multipanel,"title(s),annotation(s),caption(s),axes text",0,0,1,1,1,1,0,0,0,0,1,3,3,0,2,"Bar,Line",0,1,0,0,0,0,1,0,0,0,0,0,2
wsj456.png,4379.png,32.5,1,0,0,0,0,1,N,multipanel,"axes text,title(s),caption(s),annotation(s)",0,0,1,1,1,1,0,0,0,0,1,4,3,0,3,Line,0,0,0,0,0,0,1,0,0,0,0,0,1
vis531.png,4380.png,80.9,0,1,0,0,1,0,I,single,"axes text,title(s),annotation(s),caption(s),legend text,legend title(s)",0,0,1,1,1,1,1,1,0,0,1,5,2,3,1,"Diagram,Bar,Point",0,1,0,1,0,0,0,0,1,0,0,0,3
vis80.png,4381.png,57,0,1,0,0,0,1,I,multipanel,"axes text,title(s),annotation(s),caption(s)",0,0,1,1,1,1,0,0,0,0,1,10,11,2,2,"Point,Area,Diagram,Table",1,0,0,1,0,0,0,0,1,1,0,0,4
visMost464.png,4382.png,41.9,0,1,0,0,0,1,I,multipanel,"title(s),legend text,caption(s)",0,0,0,1,0,1,1,0,0,0,1,9,1,1,4,"Map,Point,Area",1,0,0,0,0,0,0,1,1,0,0,0,3
vis519.png,4383.png,48.6,0,1,0,0,0,1,I,multipanel,"title(s),annotation(s),caption(s),axes text",0,0,1,1,1,1,0,0,0,0,1,3,4,2,5,"Diagram,Table,Circle",0,0,1,1,0,0,0,0,0,1,0,0,3
v485_n7400_18_f3.png,4384.png,76.3,0,0,0,1,0,1,S,multipanel,"axes labels,axes text,title(s),annotation(s),legend text",0,1,1,1,1,0,1,0,0,0,0,5,2,2,20,"Diagram,Bar",0,1,0,1,0,0,0,0,0,0,0,0,2
v484_n7393_11_f4.png,4385.png,45.4,0,0,0,1,0,1,S,multipanel,"axes labels,axes text,annotation(s),title(s)",0,1,1,1,1,0,0,0,0,0,0,2,6,0,3,Point,0,0,0,0,0,0,0,0,1,0,0,0,1
whoJ29_1.png,4386.png,31.8,0,0,1,0,1,0,G,single,"title(s),axes labels,axes text,legend text,caption(s)",0,1,1,1,0,1,1,0,0,0,0,2,1,2,1,Bar,0,1,0,0,0,0,0,0,0,0,0,0,1
wsj318.png,4387.png,41.6,1,0,0,0,0,1,N,multipanel,"axes labels,axes text,title(s),annotation(s),caption(s)",0,1,1,1,1,1,0,0,0,0,1,3,5,1,4,"Line,Bar",0,1,0,0,0,0,1,0,0,0,0,0,2
v488_n7412_11_f2.png,4388.png,75.7,0,0,0,1,0,1,S,multipanel,"axes labels,axes text,annotation(s),title(s)",0,1,1,1,1,0,0,0,0,0,0,7,2,6,6,"Distribution,Table,Bar",0,1,0,0,1,0,0,0,0,1,0,0,3
v484_n7392_19_f3.png,4389.png,89.6,0,0,0,1,0,1,S,multipanel,"axes labels,axes text,legend text,annotation(s),title(s)",0,1,1,1,1,0,1,0,0,0,0,8,5,3,22,"Bar,Distribution,Diagram",0,1,0,1,1,0,0,0,0,0,0,0,3
v490_n7420_11_f3.png,4390.png,54.6,0,0,0,1,0,1,S,multipanel,"axes labels,axes text,legend title,legend text,title(s)",0,1,1,1,0,0,1,1,0,0,0,7,3,1,2,"Map,Line,Point",0,0,0,0,0,0,1,1,1,0,0,0,3
visMost458.png,4391.png,48.3,0,1,0,0,0,1,I,multipanel,"title(s),caption(s),annotation(s),axes text",0,0,1,1,1,1,0,0,0,0,1,15,1,3,2,Table,0,0,0,0,0,0,0,0,0,1,0,0,1
whoP19.png,4392.png,10.9,0,0,1,0,1,0,G,single,"title(s),text-only,axes text",0,0,1,1,0,0,0,0,1,0,0,1,0,1,1,Table,0,0,0,0,0,0,0,0,0,1,0,0,1
economist_daily_chart_271.png,4393.png,26.5,1,0,0,0,1,0,N,single,"axes text,title(s),caption(s)",0,0,1,1,0,1,0,0,0,0,1,3,1,1,1,Bar,0,1,0,0,0,0,0,0,0,0,0,0,1
wsj481.png,4394.png,16.8,1,0,0,0,1,0,N,single,"axes text,title(s),annotation(s),caption(s)",0,0,1,1,1,1,0,0,0,0,1,3,1,1,1,Bar,0,1,0,0,0,0,0,0,0,0,0,0,1
v488_n7411_20_f2.png,4395.png,77.8,0,0,0,1,0,1,S,multipanel,"title(s),annotation(s)",0,0,0,1,1,0,0,0,0,0,0,7,0,2,6,Diagram,0,0,0,1,0,0,0,0,0,0,0,0,1
vis57.png,4396.png,49.1,0,1,0,0,0,1,I,multipanel,"title(s),axes text,axes labels,annotation(s),caption(s)",0,1,1,1,1,1,0,0,0,0,1,3,4,1,4,"Map,Bar,Table",0,1,0,0,0,0,0,1,0,1,0,0,3
v489_n7417_1_f6.png,4397.png,58.9,0,0,0,1,0,1,S,multipanel,"axes labels,axes text,title(s)",0,1,1,1,0,0,0,0,0,0,0,2,2,0,4,Point,0,0,0,0,0,0,0,0,1,0,0,0,1
whoN23_2.png,4398.png,12.9,0,0,1,0,1,0,G,single,"axes text,axes labels,title(s)",0,1,1,1,0,0,0,0,0,0,0,1,1,1,1,Bar,0,1,0,0,0,0,0,0,0,0,0,0,1
vis280.png,4399.png,46,0,1,0,0,0,1,I,multipanel,"title(s),caption(s),axes text,annotation(s),legend text",0,0,1,1,1,1,1,0,0,0,1,1,7,2,4,"Diagram,Point,Table",0,0,0,1,0,0,0,0,1,1,0,0,3
v482_n7386_13_f3.png,4400.png,73.4,0,0,0,1,0,1,S,multipanel,"title(s),axes text,axes labels,legend text",0,1,1,1,0,0,1,0,0,0,0,8,4,6,18,"Point,Diagram,Bar",0,1,0,1,0,0,0,0,1,0,0,0,3
economist_daily_chart_517.png,4401.png,21.5,1,0,0,0,1,0,N,single,"axes text,axes labels,title(s),caption(s)",0,1,1,1,0,1,0,0,0,0,1,3,3,0,1,Line,0,0,0,0,0,0,1,0,0,0,0,0,1
v486_n7404_4_f4.png,4402.png,62.2,0,0,0,1,0,1,S,multipanel,"axes labels,axes text,legend text,title(s)",0,1,1,1,0,0,1,0,0,0,0,2,7,1,6,Line,0,0,0,0,0,0,1,0,0,0,0,0,1
np_12.png,4403.png,78,1,0,0,0,0,1,N,multipanel,"title(s),axes text,annotation(s),caption(s),legend title,legend text",0,0,1,1,1,1,1,1,0,0,0,7,8,7,20,"Diagram,Map,Trees & Networks,Area",1,0,0,1,0,0,0,1,0,0,0,1,4
v487_n7405_16_f1.png,4404.png,80.3,0,0,0,1,0,1,S,multipanel,"axes labels,axes text,title(s),annotation(s),legend title,legend text",0,1,1,1,1,0,1,1,0,0,0,8,7,4,13,"Line,Diagram,Area",1,0,0,1,0,0,1,0,0,0,0,0,3
v485_n7397_14_f1.png,4405.png,62.6,0,0,0,1,0,1,S,multipanel,"axes labels,axes text,annotation(s),legend text,title(s)",0,1,1,1,1,0,1,0,0,0,0,2,6,4,6,"Distribution,Bar",0,1,0,0,1,0,0,0,0,0,0,0,2
v489_n7416_1_f6.png,4406.png,65,0,0,0,1,0,1,S,multipanel,"axes labels,axes text,annotation(s),legend text,title(s)",0,1,1,1,1,0,1,0,0,0,0,6,3,1,2,"Point,Area",1,0,0,0,0,0,0,0,1,0,0,0,2
economist_daily_chart_503.png,4407.png,37.5,1,0,0,0,1,0,N,single,"title(s),caption(s),axes text,annotation(s)",0,0,1,1,1,1,0,0,0,0,1,3,2,1,1,Bar,0,1,0,0,0,0,0,0,0,0,0,0,1
vis294.png,4408.png,47.1,0,1,0,0,0,1,I,multipanel,"legend text,legend title,title(s),annotation(s),axes text",0,0,1,1,1,0,1,1,0,0,1,6,2,2,6,"Bar,Area,Map,Area,Point",1,1,0,0,0,0,0,1,1,0,0,0,4
vis43.png,4409.png,41,0,1,0,0,0,1,I,multipanel,"axes text,title(s),annotation(s),caption(s)",0,0,1,1,1,1,0,0,0,0,1,7,1,4,3,"Bar,Text,Table",0,1,0,0,0,0,0,0,0,1,1,0,3
economist_daily_chart_265.png,4410.png,21.6,1,0,0,0,1,0,N,single,"title(s),axes text,annotation(s),legend text,caption(s)",0,0,1,1,1,1,1,0,0,0,1,4,2,2,1,Line,0,0,0,0,0,0,1,0,0,0,0,0,1
wsj495.png,4411.png,55.4,1,0,0,0,0,1,N,multipanel,"axes text,title(s),annotation(s),caption(s),legend text",0,0,1,1,1,1,1,0,0,0,1,9,5,4,4,"Bar,Line,Distribution",0,1,0,0,1,0,1,0,0,0,0,0,3
whoQ41_2.png,4412.png,15.3,0,0,1,0,1,0,G,single,"title(s),axes text",0,0,1,1,0,0,0,0,0,0,0,1,1,1,1,Bar,0,1,0,0,0,0,0,0,0,0,0,0,1
v485_n7399_1_f4.png,4413.png,68.4,0,0,0,1,0,1,S,multipanel,"axes labels,axes text,title(s),caption(s),legend text",0,1,1,1,0,1,1,0,0,0,0,7,2,4,10,"Line,Distribution",0,0,0,0,1,0,1,0,0,0,0,0,2
v490_n7420_6_f2.png,4414.png,59.7,0,0,0,1,0,1,S,multipanel,"axes labels,axes text,annotation(s),title(s)",0,1,1,1,1,0,0,0,0,0,0,1,2,0,2,Point,0,0,0,0,0,0,0,0,1,0,0,0,1
v485_n7398_1_f4.png,4415.png,56.8,0,0,0,1,1,0,S,single,"title(s),axes text,annotation(s)",0,0,1,1,1,0,0,0,0,0,0,9,1,2,4,Diagram,0,0,0,1,0,0,0,0,0,0,0,0,1
whoQ22_1.png,4416.png,28.8,0,0,1,0,1,0,G,single,"axes labels,axes text,title(s),caption(s),legend text",0,1,1,1,0,1,1,0,0,0,0,4,2,1,1,Bar,0,1,0,0,0,0,0,0,0,0,0,0,1
economist_daily_chart_259.png,4417.png,55.7,1,0,0,0,0,1,N,multipanel,"axes text,title(s),legend text,legend title,caption(s)",0,0,1,1,0,1,1,1,0,0,1,5,4,2,2,"Bar,Line",0,1,0,0,0,0,1,0,0,0,0,0,2
v485_n7396_12_f3.png,4418.png,43.8,0,0,0,1,0,1,S,multipanel,"axes labels,axes text,legend text,annotation(s),title(s)",0,1,1,1,1,0,1,0,0,0,0,3,3,1,4,Line,0,0,0,0,0,0,1,0,0,0,0,0,1
whoQ52_8.png,4419.png,23,0,0,1,0,1,0,G,single,"axes text,title(s),legend text",0,0,1,1,0,0,1,0,0,0,0,2,1,2,1,Bar,0,1,0,0,0,0,0,0,0,0,0,0,1
visMost114.png,4420.png,64.4,0,1,0,0,1,0,I,single,"axes text,annotation(s),caption(s),title(s)",0,0,1,1,1,1,0,0,0,0,1,5,1,2,1,Diagram,0,0,0,1,0,0,0,0,0,0,0,0,1
wsj126.png,4421.png,46.6,1,0,0,0,0,1,N,multipanel,"axes text,title(s),legend text,caption(s)",0,0,1,1,0,1,1,0,0,0,1,2,4,1,3,"Point,Area,Bar",1,1,0,0,0,0,0,0,1,0,0,0,3
visMost672.png,4422.png,34,0,1,0,0,1,0,I,single,"legend text,caption(s),annotation(s),title(s)",0,0,0,1,1,1,1,0,0,0,0,4,2,2,2,"Map,Table",0,0,0,0,0,0,0,1,0,1,0,0,2
whoK31.png,4423.png,37.8,0,0,1,0,1,0,G,single,legend text,0,0,0,0,0,0,1,0,0,0,0,10,0,1,1,Map,0,0,0,0,0,0,0,1,0,0,0,0,1
vis727.png,4424.png,41.3,0,1,0,0,0,1,I,multipanel,"title(s),caption(s),annotation(s),axes text",0,0,1,1,1,1,0,0,0,0,1,3,2,2,1,"Table,Diagram",0,0,0,1,0,0,0,0,0,1,0,0,2
v484_n7393_1_f3.png,4425.png,75,0,0,0,1,0,1,S,multipanel,"axes text,annotation(s),title(s)",0,0,1,1,1,0,0,0,0,0,0,7,4,1,5,"Diagram,Bar",0,1,0,1,0,0,0,0,0,0,0,0,2
visMost666.png,4426.png,47.9,0,1,0,0,0,1,I,multipanel,"title(s),annotation(s),caption(s),axes text",0,0,1,1,1,1,0,0,0,0,1,3,4,3,3,Diagram,0,0,0,1,0,0,0,0,0,0,0,0,1
vis733.png,4427.png,66.6,0,1,0,0,0,1,I,multipanel,"title(s),caption(s),axes text,annotation(s)",0,0,1,1,1,1,0,0,0,0,1,2,4,2,2,"Diagram,Table",0,0,0,1,0,0,0,0,0,1,0,0,2
v484_n7392_1_f3.png,4428.png,55.7,0,0,0,1,0,1,S,multipanel,"axes labels,axes text,annotation(s),title(s)",0,1,1,1,1,0,0,0,0,0,0,8,5,2,2,"Area,Line,Point",1,0,0,0,0,0,1,0,1,0,0,0,3
v483_n7390_18_f4.png,4429.png,61.4,0,0,0,1,0,1,S,multipanel,"axes labels,axes text,title(s)",0,1,1,1,0,0,0,0,0,0,0,3,2,4,12,"Distribution,Diagram",0,0,0,1,1,0,0,0,0,0,0,0,2
v488_n7411_16_f3.png,4430.png,71.5,0,0,0,1,0,1,S,multipanel,"axes labels,axes text,title(s),annotation(s),legend text",0,1,1,1,1,0,1,0,0,0,0,6,3,4,9,"Bar,Point,Diagram",0,1,0,1,0,0,0,0,1,0,0,0,3
wsj132.png,4431.png,44,1,0,0,0,0,1,N,multipanel,"title(s),axes text,caption(s),annotation(s),legend text",0,0,1,1,1,1,1,0,0,0,1,7,3,1,2,"Line,Bar",0,1,0,0,0,0,1,0,0,0,0,0,2
v485_n7399_13_f3.png,4432.png,38.1,0,0,0,1,1,0,S,single,"axes labels,axes text,legend text",0,1,1,0,0,0,1,0,0,1,0,0,2,1,1,Point,0,0,0,0,0,0,0,0,1,0,0,0,1
visMost100.png,4433.png,33.9,0,1,0,0,1,0,I,single,"title(s),annotation(s),caption(s)",0,0,0,1,1,1,0,0,0,0,1,4,0,1,1,Diagram,0,0,0,1,0,0,0,0,0,0,0,0,1
whoH13_2.png,4434.png,18.4,0,0,1,0,0,1,G,multipanel,"title(s),annotation(s),axes text",0,0,1,1,1,0,0,0,0,0,0,3,1,2,1,Bar,0,1,0,0,0,0,0,0,0,0,0,0,1
v483_n7390_16_f1.png,4435.png,67.2,0,0,0,1,0,1,S,multipanel,"axes text,axes labels,legend text,legend title,title(s)",0,1,1,1,0,0,1,1,0,0,0,7,1,4,10,"Bar,Diagram",0,1,0,1,0,0,0,0,0,0,0,0,2
v485_n7396_24_f2.png,4436.png,63.6,0,0,0,1,0,1,S,multipanel,"axes labels,axes text,title(s)",0,1,1,1,0,0,0,0,0,0,0,1,2,0,9,Point,0,0,0,0,0,0,0,0,1,0,0,0,1
economist_daily_chart_88.png,4437.png,57.9,1,0,0,0,1,0,N,single,"legend title,legend text,annotation(s)",0,0,0,0,1,0,1,1,0,0,1,6,0,4,1,Map,0,0,0,0,0,0,0,1,0,0,0,0,1
visMost128.png,4438.png,80.7,0,1,0,0,0,1,I,multipanel,"title(s),annotation(s),caption(s),axes text",0,0,1,1,1,1,0,0,0,0,1,9,0,7,5,Table,0,0,0,0,0,0,0,0,0,1,0,0,1
visMost33.png,4439.png,53.2,0,1,0,0,0,1,I,multipanel,"title(s),annotation(s),caption(s),axes text",0,0,1,1,1,1,0,0,0,0,1,42,3,13,2,"Circle,Bar,Area,Distribution",1,1,1,0,1,0,0,0,0,0,0,0,4
v485_n7398_15_f1.png,4440.png,62.9,0,0,0,1,0,1,S,multipanel,"axes text,title(s),annotation(s)",0,0,1,1,1,0,0,0,0,0,0,4,4,3,6,Distribution,0,0,0,0,1,0,0,0,0,0,0,0,1
v488_n7410_10_f1.png,4441.png,65,0,0,0,1,1,0,S,single,"legend title,legend text,annotation(s),axes labels,axes text",0,1,1,0,1,0,1,1,0,0,0,5,3,1,9,"Map,Area,DIagram,Bar",1,1,0,0,0,0,0,1,0,0,0,0,3
visMost27.png,4442.png,45.5,0,1,0,0,0,1,I,multipanel,"title(s),caption(s),axes text,annotation(s)",0,0,1,1,1,1,0,0,0,0,0,25,0,2,1,"Diagram,Table",0,0,0,1,0,0,0,0,0,1,0,0,2
v486_n7404_20_f6.png,4443.png,54.7,0,0,0,1,1,0,S,single,"legend text,axes labels,axes text",0,1,1,0,0,0,1,0,0,0,0,3,2,1,3,"Point,Diagram",0,0,0,1,0,0,0,0,1,0,0,0,2
v484_n7394_5_f2.png,4444.png,34.4,0,0,0,1,1,0,S,single,"axes labels,axes text,legend text,annotation(s)",0,1,1,0,1,0,1,0,0,1,0,0,3,1,1,Line,0,0,0,0,0,0,1,0,0,0,0,0,1
economist_daily_chart_77.png,4445.png,44.1,1,0,0,0,1,0,N,single,"title(s),legend text,axes text,caption(s)",0,0,1,1,0,1,1,0,0,0,0,5,1,3,1,"Distribution,Bar",0,1,0,0,1,0,0,0,0,0,0,0,2
v488_n7413_21_f1.png,4446.png,63.8,0,0,0,1,0,1,S,multipanel,"axes labels,axes text,legend text,title(s)",0,1,1,1,0,0,1,0,0,1,0,0,7,3,4,Point,0,0,0,0,0,0,0,0,1,0,0,0,1
v490_n7418_13_f4.png,4447.png,76.4,0,0,0,1,0,1,S,multipanel,"axes text,axes labels,annotation(s),legend text,title(s)",0,1,1,1,1,0,1,0,0,0,0,9,5,3,3,Point,0,0,0,0,0,0,0,0,1,0,0,0,1
v489_n7414_15_f4.png,4448.png,83.4,0,0,0,1,0,1,S,multipanel,"axes text,title(s),legend text,annotation(s)",0,0,1,1,1,0,1,0,0,0,0,11,5,4,5,"Trees & Networks,Bar,Distribution",0,1,0,0,1,0,0,0,0,0,0,1,3
v488_n7410_7_f6.png,4449.png,61.2,0,0,0,1,0,1,S,multipanel,"axes labels,axes text,annotation(s),legend text,title(s)",0,1,1,1,1,0,1,0,0,0,0,6,12,2,4,"Line,Point",0,0,0,0,0,0,1,0,1,0,0,0,2
v487_n7407_17_f2.png,4450.png,65.9,0,0,0,1,0,1,S,multipanel,"axes labels,axes text,annotation(s),legend text,title(s)",0,1,1,1,1,0,1,0,0,0,0,3,4,1,5,"Map,Point",0,0,0,0,0,0,0,1,1,0,0,0,2
vis928.png,4451.png,63.6,0,1,0,0,0,1,I,multipanel,"title(s),annotation(s),caption(s),axes text",0,0,1,1,1,1,0,0,0,0,1,7,0,6,3,"Diagram,Table",0,0,0,1,0,0,0,0,0,1,0,0,2
economist_daily_chart_63.png,4452.png,54.7,1,0,0,0,0,1,N,multipanel,"title(s),axes text,legend text,legend title,caption(s),annotation(s)",0,0,1,1,1,1,1,1,0,0,0,10,3,2,2,"Map,Area,Bar",1,1,0,0,0,0,0,1,0,0,0,0,3
v484_n7394_15_f4.png,4453.png,76.7,0,0,0,1,0,1,S,multipanel,"axes labels,axes text,title(s),annotation(s),legend text",0,1,1,1,1,0,1,0,0,0,0,9,6,8,18,"Diagram,Circle,Bar",0,1,1,1,0,0,0,0,0,0,0,0,3
v488_n7411_9_f3.png,4454.png,46.2,0,0,0,1,0,1,S,multipanel,"axes labels,axes text,legend text,legend title,title(s)",0,1,1,1,0,0,1,1,0,0,0,3,4,0,2,"Point,Area",1,0,0,0,0,0,0,0,1,0,0,0,2
whoK12_2.png,4455.png,40,0,0,1,0,1,0,G,single,"legend text,title(s),caption(s)",0,0,0,1,0,1,1,0,0,0,0,4,0,1,1,Map,0,0,0,0,0,0,0,1,0,0,0,0,1
v485_n7400_7_f1.png,4456.png,65.4,0,0,0,1,0,1,S,multipanel,"title(s),annotation(s),axes text,axes labels",0,1,1,1,1,0,0,0,0,0,0,9,4,2,2,Diagram,0,0,0,1,0,0,0,0,0,0,0,0,1
v487_n7408_20_f3.png,4457.png,83.5,0,0,0,1,0,1,S,multipanel,"axes text,axes labels,title(s),annotation(s)",0,1,1,1,1,0,0,0,0,0,0,6,2,2,8,"Distribution,Map",0,0,0,0,1,0,0,1,0,0,0,0,2
whoC14_2.png,4458.png,22.6,0,0,1,0,0,1,G,multipanel,"axes labels,axes text,title(s)",0,1,1,1,0,0,0,0,0,0,1,1,2,2,1,Table,0,0,0,0,0,0,0,0,0,1,0,0,1
vis900.png,4459.png,57.1,0,1,0,0,0,1,I,multipanel,"annotation(s),title(s),caption(s),axes text",0,0,1,1,1,1,0,0,0,0,1,8,4,3,4,"Bar,Diagram,Circle,Table",0,1,1,1,0,0,0,0,0,1,0,0,4
visMost699.png,4460.png,54.8,0,1,0,0,0,1,I,multipanel,"title(s),annotation(s),axes text,caption(s)",0,0,1,1,1,1,0,0,0,0,1,8,12,4,1,"Diagram.Bar,Table",0,1,0,1,0,0,0,0,0,1,0,0,3
vis914.png,4461.png,39.8,0,1,0,0,0,1,I,multipanel,"title(s),annotation(s),caption(s),axes text",0,0,1,1,1,1,0,0,0,0,1,5,6,3,5,"Table,Diagram,Bar",0,1,0,1,0,0,0,0,0,1,0,0,3
whoC32_1.png,4462.png,32.1,0,0,1,0,0,1,G,multipanel,"legend text,title(s),caption(s)",0,0,0,1,0,1,1,0,0,0,0,3,0,1,1,Map,0,0,0,0,0,0,0,1,0,0,0,0,1
whoQ20_3.png,4463.png,14.5,0,0,1,0,1,0,G,single,"axes labels,axes text,title(s)",0,1,1,1,0,0,0,0,0,0,1,2,2,0,1,Point,0,0,0,0,0,0,0,0,1,0,0,0,1
v485_n7398_19_f1.png,4464.png,84.7,0,0,0,1,0,1,S,multipanel,"axes labels,axes text,title(s),annotation(s),legend text",0,1,1,1,1,0,1,0,0,0,0,6,9,3,11,"Bar,Diagram,Line,Point,Distribution",0,1,0,1,1,0,1,0,1,0,0,0,5
vis135.png,4465.png,59,0,1,0,0,0,1,I,multipanel,"axes labels,axes text,title(s),annotation(s),caption(s)",0,1,1,1,1,1,0,0,0,0,1,2,8,3,12,"Diagram,Bar,Circle",0,1,1,1,0,0,0,0,0,0,0,0,3
visMost706.png,4466.png,46.3,0,1,0,0,0,1,I,multipanel,"title(s),annotation(s),axes text,caption(s)",0,0,1,1,1,1,0,0,0,0,0,3,0,2,5,"Diagram,Table",0,0,0,1,0,0,0,0,0,1,0,0,2
vis647.png,4467.png,13.4,0,1,0,0,1,0,I,single,"title(s),annotation(s),caption(s)",0,0,0,1,1,1,0,0,0,0,1,2,3,0,1,"Diagram,Distribution",0,0,0,1,1,0,0,0,0,0,0,0,2
v484_n7392_3_f6.png,4468.png,38.3,0,0,0,1,0,1,S,multipanel,"axes labels,axes text,title(s),annotation(s)",0,1,1,1,1,0,0,0,0,0,0,3,2,2,2,"Circle,Bar",0,1,1,0,0,0,0,0,0,0,0,0,2
whoL02_2.png,4469.png,16.9,0,0,1,0,1,0,G,single,"title(s),axes text,annotation9s)",0,0,1,1,0,0,0,0,0,0,0,2,0,2,1,Diagram,0,0,0,1,0,0,0,0,0,0,0,0,1
v489_n7416_20_f3.png,4470.png,80.7,0,0,0,1,0,1,S,multipanel,"axes labels,axes text,legend text,annotation(s),title(s)",0,1,1,1,1,0,1,0,0,0,0,9,9,6,10,"Point,Bar,Line,Distribution",0,1,0,0,1,0,1,0,1,0,0,0,4
v484_n7395_9_f2.png,4471.png,41,0,0,0,1,0,1,S,multipanel,"axes text,axes labels,annotation(s),legend text,title(s)",0,1,1,1,1,0,1,0,0,0,0,2,3,1,4,Point,0,0,0,0,0,0,0,0,1,0,0,0,1
vis121.png,4472.png,50.4,0,1,0,0,0,1,I,multipanel,"title(s),caption(s),annotation(s)",0,0,0,1,1,1,0,0,0,0,1,7,6,3,8,Diagram,0,0,0,1,0,0,0,0,0,0,0,0,1
vis109.png,4473.png,33.7,0,1,0,0,1,0,I,single,"title(s),annotation(s),caption(s),axes text",0,0,1,1,1,1,0,0,0,0,1,4,4,2,1,Diagram,0,0,0,1,0,0,0,0,0,0,0,0,1
v483_n7387_2_f4.png,4474.png,70.1,0,0,0,1,0,1,S,multipanel,"axes labels,axes text,annotation(s),title(s)",0,1,1,1,1,0,0,0,0,0,0,11,2,2,4,"Line,Diagram,Table,Distribution",0,0,0,1,1,0,1,0,0,1,0,0,4
v483_n7390_14_f4.png,4475.png,45,0,0,0,1,0,1,S,multipanel,"axes labels,axes text,title(s)",0,1,1,1,0,0,0,0,0,1,0,0,3,1,2,Point,0,0,0,0,0,0,0,0,1,0,0,0,1
v488_n7409_10_f2.png,4476.png,68.5,0,0,0,1,1,0,S,single,"axes labels,axes text,annotation(s),title(s)",0,1,1,1,1,0,0,0,0,0,0,4,2,4,15,"Bar,Distribution,Point",0,1,0,0,1,0,0,0,1,0,0,0,3
whoK09_1.png,4477.png,41.1,0,0,1,0,1,0,G,single,"axes labels,axes text,title(s),caption(s),annotation(s),legend text",0,1,1,1,1,1,1,0,0,0,0,4,2,2,1,"Area,Line",1,0,0,0,0,0,1,0,0,0,0,0,2
v486_n7404_22_f3.png,4478.png,48.9,0,0,0,1,0,1,S,multipanel,"title(s),legend text",0,0,0,1,0,0,1,0,0,0,0,23,2,0,9,"Circle,Distribution",0,0,1,0,1,0,0,0,0,0,0,0,2
v486_n7401_1_f2.png,4479.png,80.6,0,0,0,1,0,1,S,multipanel,"axes labels,axes text,title(s),annotation(s),legend text",0,1,1,1,1,0,1,0,0,0,0,5,2,6,24,"Diagram,Distribution,Bar",0,1,0,1,1,0,0,0,0,0,0,0,3
v483_n7389_16_f2.png,4480.png,67.8,0,0,0,1,0,1,S,multipanel,"axes labels,axes text,legend text,annotation(s),title(s)",0,1,1,1,1,0,1,0,0,0,0,7,5,7,10,"Bar,Line,Point",0,1,0,0,0,0,1,0,1,0,0,0,3
whoQ58_3.png,4481.png,38.9,0,0,1,0,1,0,G,single,"axes labels,axes text,legend text,title(s)",0,1,1,1,0,0,1,0,0,0,0,9,2,1,1,Area,1,0,0,0,0,0,0,0,0,0,0,0,1
v484_n7395_11_f3.png,4482.png,53.5,0,0,0,1,1,0,S,single,"annotation(s),axes text,legend text",0,0,1,0,1,0,1,0,0,0,1,7,4,1,1,"Map,Area,Distribution",1,0,0,0,1,0,0,1,0,0,0,0,3
vis848.png,4483.png,83.8,0,1,0,0,0,1,I,multipanel,"title(s),annotation(s),caption(s),axes text",0,0,1,1,1,1,0,0,0,0,1,6,0,8,8,"Diagram,Table",0,0,0,1,0,0,0,0,0,1,0,0,2
v488_n7413_23_f4.png,4484.png,42.7,0,0,0,1,1,0,S,single,"axes labels,axes text,legend text,title(s)",0,1,1,1,0,0,1,0,0,1,0,0,3,2,2,"Bar,Point",0,1,0,0,0,0,0,0,1,0,0,0,2
vis690.png,4485.png,60.9,0,1,0,0,0,1,I,multipanel,"title(s),annotation(s),caption(s),axes text",0,0,1,1,1,1,0,0,0,0,1,5,0,4,4,"Diagram,Map,Table",0,0,0,1,0,0,0,1,0,1,0,0,3
v490_n7418_11_f1.png,4486.png,40.9,0,0,0,1,0,1,S,multipanel,"axes labels,axes text,annotation(s),title(s)",0,1,1,1,1,0,0,0,0,0,0,3,4,1,3,Line,0,0,0,0,0,0,1,0,0,0,0,0,1
economist_daily_chart_107.png,4487.png,35.3,1,0,0,0,0,1,N,multipanel,"title(s),axes labels,axes text,legend text,annotation(s),caption(s)",0,1,1,1,1,1,1,0,0,0,0,3,4,1,2,"Bar,Point",0,1,0,0,0,0,0,0,1,0,0,0,2
v488_n7411_5_f3.png,4488.png,54.1,0,0,0,1,0,1,S,multipanel,"axes labels,axes text,legend text,legend title,title(s)",0,1,1,1,0,0,1,1,0,0,0,4,19,2,2,"Point,Line",0,0,0,0,0,0,1,0,1,0,0,0,2
v484_n7394_19_f4.png,4489.png,66,0,0,0,1,0,1,S,multipanel,"axes labels,axes text,title(s),legend text",0,1,1,1,0,0,1,0,0,0,0,7,7,3,9,"Diagram,Bar,Point,Table",0,1,0,1,0,0,0,0,1,1,0,0,4
vis684.png,4490.png,20.4,0,1,0,0,1,0,I,single,"axes text,annotation(s)",0,0,1,0,1,0,0,0,0,1,1,0,4,2,2,Diagram,0,0,0,1,0,0,0,0,0,0,0,0,1
v485_n7397_6_f4.png,4491.png,59.8,0,0,0,1,1,0,S,single,"axes labels,axes text,annotation(s),legend text",0,1,1,0,1,0,1,0,0,0,0,5,4,1,1,Point,0,0,0,0,0,0,0,0,1,0,0,0,1
v485_n7397_8_f1.png,4492.png,73.5,0,0,0,1,0,1,S,multipanel,"annotation(s),title(s),axes text",0,0,1,1,1,0,0,0,0,0,0,7,1,0,9,"Diagram,Distribution",0,0,0,1,1,0,0,0,0,0,0,0,2
v485_n7400_5_f4.png,4493.png,72.6,0,0,0,1,0,1,S,multipanel,"axes labels,axes text,legend text,title(s)",0,1,1,1,0,0,1,0,0,0,0,6,4,6,12,"Bar,Text,Diagram",0,1,0,1,0,0,0,0,0,0,1,0,3
v489_n7415_11_f3.png,4494.png,64.8,0,0,0,1,0,1,S,multipanel,"axes labels,axes text,annotation(s),legend text",0,1,1,0,1,0,1,0,0,0,0,4,5,3,4,Line,0,0,0,0,0,0,1,0,0,0,0,0,1
v484_n7394_17_f1.png,4495.png,71.7,0,0,0,1,0,1,S,multipanel,"axes text,annotation(s),title(s)",0,0,1,1,1,0,0,0,0,1,0,0,2,2,5,"Diagram,Distribution,Table",0,0,0,1,1,0,0,0,0,1,0,0,3
vis874.png,4496.png,55.7,0,1,0,0,0,1,I,multipanel,"title(s),axes labels,axes text,annotation(s),caption(s)",0,1,1,1,1,1,0,0,0,0,0,2,6,5,6,"Map,Table,Bar,Diagram",0,1,0,1,0,0,0,1,0,1,0,0,4
treasuryL09_2.png,4497.png,22,0,0,1,0,1,0,G,single,"title(s),annotation(s),caption(s)",0,0,0,1,1,1,0,0,0,0,0,6,1,1,1,"Circle,Distribution",0,0,1,0,1,0,0,0,0,0,0,0,2
vis860.png,4498.png,31,0,1,0,0,0,1,I,multipanel,"annotation(s),title(s),caption(s)",0,0,0,1,1,1,0,0,0,0,1,5,1,1,2,"Diagram,Table",0,0,0,1,0,0,0,0,0,1,0,0,2
v487_n7406_13_f5.png,4499.png,83.8,0,0,0,1,1,0,S,single,"legend text,title(s),axes labels",0,1,0,1,0,0,1,0,0,0,0,4,2,2,1,"Diagram,Grid & Matrix",0,0,0,1,0,1,0,0,0,0,0,0,2
v485_n7396_8_f1.png,4500.png,72.6,0,0,0,1,1,0,S,single,"axes text,axes labels",0,1,1,0,0,0,0,0,0,0,0,1,2,0,1,"Line, Distribution, Point",0,0,0,0,1,0,1,0,1,0,0,0,3
whoH08_1.png,4501.png,18.3,0,0,1,0,0,1,G,multipanel,"axes text,axes labels,title(s), annotation(s)",0,1,1,1,1,0,0,0,0,0,1,3,2,0,1,Bar,0,1,0,0,0,0,0,0,0,0,0,0,1
visMost504.png,4502.png,60.1,0,1,0,0,0,1,I,multipanel,"title(s),caption(s),annotation(s),text-only",0,0,0,1,1,1,0,0,1,0,1,13,0,6,14,"Circle,Table",0,0,1,0,0,0,0,0,0,1,0,0,2
vis451.png,4503.png,65.1,0,1,0,0,0,1,I,multipanel,"title(s),axes text,axes labels,annotation(s),caption(s)",0,1,1,1,1,1,0,0,0,0,1,6,5,2,8,"Bar,Table,Diagram",0,1,0,1,0,0,0,0,0,1,0,0,3
wsj536.png,4504.png,27,1,0,0,0,1,0,N,single,"title(s),axes text,caption(s),annotation(s)",0,0,1,1,1,1,0,0,0,0,1,5,2,0,1,Bar,0,1,0,0,0,0,0,0,0,0,0,0,1
v483_n7388_7_f1.png,4505.png,52.3,0,0,0,1,0,1,S,multipanel,"axes text,axes labels",0,1,1,0,0,0,0,0,0,0,0,2,2,0,6,Line,0,0,0,0,0,0,1,0,0,0,0,0,1
wsj250.png,4506.png,62.5,1,0,0,0,0,1,N,multipanel,"axes text,title(s),annotation(s),caption(s),axes labels",0,1,1,1,1,1,0,0,0,0,1,3,4,1,4,"Distribution,Line",0,0,0,0,1,0,1,0,0,0,0,0,2
vis337.png,4507.png,59.2,0,1,0,0,0,1,I,multipanel,"title(s),annotation(s),axes text,caption(s)",0,0,1,1,1,1,0,0,0,0,1,8,4,6,11,"Circle,Diagram,Table,Bar",0,1,1,1,0,0,0,0,0,1,0,0,4
whoO21.png,4508.png,19.3,0,0,1,0,1,0,G,single,"axes text,title(s),legend text,axes labels",0,1,1,1,0,0,1,0,0,0,1,3,1,2,1,Bar,0,1,0,0,0,0,0,0,0,0,0,0,1
visMost262.png,4509.png,45.8,0,1,0,0,0,1,I,multipanel,"axes text,title(s),caption(s),annotation(s)",0,0,1,1,1,1,0,0,0,0,1,4,2,2,12,"Bar,Map",0,1,0,0,0,0,0,1,0,0,0,0,2
vis323.png,4510.png,19.8,0,1,0,0,0,1,I,multipanel,"axes text,title(s),caption(s)",0,0,1,1,0,1,0,0,0,0,1,2,2,0,2,"Bar,Distribution",0,1,0,0,1,0,0,0,0,0,0,0,2
wsj68.png,4511.png,47.8,1,0,0,0,0,1,N,multipanel,"axes text,title(s),caption(s),annotation(s)",0,0,1,1,1,1,0,0,0,0,1,4,7,1,6,"Line,Bar,Area",1,1,0,0,0,0,1,0,0,0,0,0,3
visMost276.png,4512.png,33.2,0,1,0,0,0,1,I,multipanel,"title(s),axes text,annotation(s),legend text",0,0,1,1,1,0,1,0,0,0,0,2,2,2,3,"Circle,Bar,Diagram",0,1,1,1,0,0,0,0,0,0,0,0,3
v485_n7400_14_f3.png,4513.png,65.1,0,0,0,1,1,0,S,single,"axes labels,axes text,annotation(s),legend text",0,1,1,0,1,0,1,0,0,1,0,0,2,1,1,Distribution,0,0,0,0,1,0,0,0,0,0,0,0,1
wsj244.png,4514.png,45.1,1,0,0,0,0,1,N,multipanel,"annotation(s),legend text,title(s)",0,0,0,1,1,0,1,0,0,0,1,3,1,2,2,Map,0,0,0,0,0,0,0,1,0,0,0,0,1
wsj522.png,4515.png,27.4,1,0,0,0,0,1,N,multipanel,"caption(s),title(s),annotation(s),axes text,axes labels",0,1,1,1,1,1,0,0,0,0,1,7,1,2,3,Bar,0,1,0,0,0,0,0,0,0,0,0,0,1
visMost510.png,4516.png,76,0,1,0,0,0,1,I,multipanel,"title(s),annotation(s),caption(s)",0,0,0,1,1,1,0,0,0,0,1,20,1,1,3,"Circle,Trees & Networks",0,0,1,0,0,0,0,0,0,0,0,1,2
vis445.png,4517.png,24.9,0,1,0,0,1,0,I,single,"title(s),annotation(s),text-only",0,0,0,1,1,0,0,0,1,0,1,3,2,1,2,Table,0,0,0,0,0,0,0,0,0,1,0,0,1
v486_n7401_11_f1.png,4518.png,66.2,0,0,0,1,1,0,S,single,"axes labels,axes text,annotation(s)",0,1,1,0,1,0,0,0,0,0,0,2,2,2,1,"Line,Distribution",0,0,0,0,1,0,1,0,0,0,0,0,2
v484_n7393_13_f1.png,4519.png,91.8,0,0,0,1,0,1,S,multipanel,"axes text,title(s),annotation(s)",0,0,1,1,1,0,0,0,0,0,0,8,0,3,2,"Table,Diagram",0,0,0,1,0,0,0,0,0,1,0,0,2
visMost538.png,4520.png,62.9,0,1,0,0,0,1,I,multipanel,"axes text,axes labels,annotation(s),caption(s),title(s),legend text,legend title",0,1,1,1,1,1,1,1,0,0,1,5,8,2,10,"Bar,Circle,Line,Table,Diagram",0,1,1,1,0,0,1,0,0,1,0,0,5
v487_n7407_7_f2.png,4521.png,89.2,0,0,0,1,1,0,S,single,"axes text,title(s),legend text",0,0,1,1,0,0,1,0,0,0,1,10,1,4,1,Grid & Matrix,0,0,0,0,0,1,0,0,0,0,0,0,1
wsj40.png,4522.png,20.3,1,0,0,0,1,0,N,single,"caption(s),title(s),axes text,annotation(s)",0,0,1,1,1,1,0,0,0,0,1,4,2,1,1,Line,0,0,0,0,0,0,1,0,0,0,0,0,1
economist_daily_chart_488.png,4523.png,34.4,1,0,0,0,1,0,N,single,"title(s),legend text,annotation(s)",0,0,0,1,1,0,1,0,0,0,1,8,1,1,1,Map,0,0,0,0,0,0,0,1,0,0,0,0,1
wsj278.png,4524.png,33.8,1,0,0,0,1,0,N,single,"title(s),annotation(s),caption(s)",0,0,0,1,1,1,0,0,0,0,1,3,1,1,1,"Diagram,Bar",0,1,0,1,0,0,0,0,0,0,0,0,2
wsj54.png,4525.png,13.1,1,0,0,0,1,0,N,single,"axes text,title(s),caption(s),legend text,annotation(s)",0,0,1,1,1,1,1,0,0,0,1,3,2,1,1,Line,0,0,0,0,0,0,1,0,0,0,0,0,1
vis479.png,4526.png,55.2,0,1,0,0,1,0,I,single,"title(s),caption(s),annotation(s)",0,0,0,1,1,1,0,0,0,0,0,8,5,4,7,"Diagram,Table,Circle",0,0,1,1,0,0,0,0,0,1,0,0,3
v487_n7406_7_f2.png,4527.png,76.3,0,0,0,1,0,1,S,multipanel,"axes labels,axes text,title(s),annotation(s)",0,1,1,1,1,0,0,0,0,0,0,7,9,0,11,"Distribution,Line,Diagram,Table,Area",1,0,0,1,1,0,1,0,0,1,0,0,5
v488_n7412_8_f4.png,4528.png,73.9,0,0,0,1,1,0,S,single,"axes labels,axes text,legend text",0,1,1,0,0,0,1,0,0,0,0,2,3,1,1,"Line,Distribution",0,0,0,0,1,0,1,0,0,0,0,0,2
v489_n7416_16_f2.png,4529.png,81.2,0,0,0,1,0,1,S,multipanel,"axes text,annotation(s),legend text",0,0,1,0,1,0,1,0,0,0,0,4,5,2,16,"Line,Area,Diagram",1,0,0,1,0,0,1,0,0,0,0,0,3
economist_daily_chart_305.png,4530.png,30.7,1,0,0,0,1,0,N,single,"axes text,axes labels,legend text,title(s)",0,1,1,1,0,0,1,0,0,0,1,5,1,2,1,Bar,0,1,0,0,0,0,0,0,0,0,0,0,1
vis492.png,4531.png,42.6,0,1,0,0,0,1,I,multipanel,"title(s),axes text,annotation(s),caption(s)",0,0,1,1,1,1,0,0,0,0,1,6,2,2,3,"Circle,Bar",0,1,1,0,0,0,0,0,0,0,0,0,2
v486_n7404_6_f1.png,4532.png,69.9,0,0,0,1,1,0,S,single,"axes text,axes labels,legend text,legend title",0,1,1,0,0,0,1,1,0,0,0,4,3,0,1,Line,0,0,0,0,0,0,1,0,0,0,0,0,1
economist_daily_chart_463.png,4533.png,24.3,1,0,0,0,1,0,N,single,"legend title,caption(s),title(s),legend text,axes text",0,0,1,1,0,1,1,1,0,0,1,4,2,1,1,Bar,0,1,0,0,0,0,0,0,0,0,0,0,1
v490_n7419_2_f2.png,4534.png,55.2,0,0,0,1,1,0,S,single,annotation(s),0,0,0,0,1,0,0,0,0,0,1,6,0,0,2,Diagram,0,0,0,1,0,0,0,0,0,0,0,0,1
wsj293.png,4535.png,20.7,1,0,0,0,1,0,N,single,"title(s),caption(s),axes text,annotation(s)",0,0,1,1,1,1,0,0,0,0,1,4,2,0,1,Bar,0,1,0,0,0,0,0,0,0,0,0,0,1
v489_n7417_3_f3.png,4536.png,88.9,0,0,0,1,1,0,S,single,"axes labels,axes text,legend text,title(s),legend title(s)",0,1,1,1,0,0,1,1,0,0,0,8,2,4,1,Grid & Matrix,0,0,0,0,0,1,0,0,0,0,0,0,1
economist_daily_chart_477.png,4537.png,35.3,1,0,0,0,1,0,N,single,"legend title,legend text,title(s),annotation(s)",0,0,0,1,1,0,1,1,0,0,1,7,1,2,1,Map,0,0,0,0,0,0,0,1,0,0,0,0,1
wsj287.png,4538.png,45.9,1,0,0,0,0,1,N,multipanel,"title(s),annotation(s),caption(s)",0,0,0,1,1,1,0,0,0,0,1,11,1,2,1,Table,0,0,0,0,0,0,0,0,0,1,0,0,1
v486_n7402_20_f1.png,4539.png,86.5,0,0,0,1,0,1,S,multipanel,"axes text,axes labels,legend text,annotation(s)",0,1,1,0,1,0,1,0,0,0,0,6,5,1,6,"Line,Distribution,Table",0,0,0,0,1,0,1,0,0,1,0,0,3
v490_n7418_2_f2.png,4540.png,75.4,0,0,0,1,0,1,S,multipanel,"annotation(s),legend text,title(s)",0,0,0,1,1,0,1,0,0,0,0,14,0,3,2,"Trees & Networks,Diagram",0,0,0,1,0,0,0,0,0,0,0,1,2
treasuryJ02_4.png,4541.png,28.3,0,0,1,0,1,0,G,single,"axes text,title(s),caption(s),annotation(s)",0,0,1,1,1,1,0,0,0,0,0,2,2,1,1,Line,0,0,0,0,0,0,1,0,0,0,0,0,1
vis486.png,4542.png,49.1,0,1,0,0,1,0,I,single,"text-only, title(s),caption(s)",0,0,0,1,0,1,0,0,1,0,1,5,5,3,3,Table,0,0,0,0,0,0,0,0,0,1,0,0,1
v489_n7416_3_f3.png,4543.png,86.4,0,0,0,1,0,1,S,multipanel,"axes labels,axes text,annotation(s)",0,1,1,0,1,0,0,0,0,0,0,12,3,2,10,"Bar,Distribution",0,1,0,0,1,0,0,0,0,0,0,0,2
economist_daily_chart_311.png,4544.png,17.1,1,0,0,0,1,0,N,single,"title(s),axes text,axes labels,caption(s),annotation(s)",0,1,1,1,1,1,0,0,0,0,1,5,2,1,1,Line,0,0,0,0,0,0,1,0,0,0,0,0,1
v483_n7389_20_f3.png,4545.png,88.3,0,0,0,1,0,1,S,multipanel,"axes text,axes labels,title(s),annotation(s)",0,1,1,1,1,0,0,0,0,0,0,5,4,2,9,"Table,Bar,Point",0,1,0,0,0,0,0,0,1,1,0,0,3
whoJ14_1.png,4546.png,22.8,0,0,1,0,1,0,G,single,"title(s),text-only,caption(s)",0,0,0,1,0,1,0,0,1,0,0,1,2,4,1,Table,0,0,0,0,0,0,0,0,0,1,0,0,1
economist_daily_chart_339.png,4547.png,20.8,1,0,0,0,1,0,N,single,"axes text,title(s),annotation(s),caption(s)",0,0,1,1,1,1,0,0,0,0,1,3,1,1,1,Bar,0,1,0,0,0,0,0,0,0,0,0,0,1
v488_n7409_2_f5.png,4548.png,93.4,0,0,0,1,0,1,S,multipanel,"axes labels,axes text,title(s),annotation(s)",0,1,1,1,1,0,0,0,0,0,0,8,6,4,6,"Bar,Distribution,Trees & Networks",0,1,0,0,1,0,0,0,0,0,0,1,3
v486_n7404_14_f2.png,4549.png,54.4,0,0,0,1,0,1,S,multipanel,"axes text,axes labels,legend text",0,1,1,0,0,0,1,0,0,0,0,6,2,2,2,"Circle,Diagram,Bar",0,1,1,1,0,0,0,0,0,0,0,0,3
wsj83.png,4550.png,54.1,1,0,0,0,0,1,N,multipanel,"annotation(s),title(s),caption(s),axes text,axes labels,legend text",0,1,1,1,1,1,1,0,0,0,1,5,2,3,2,"Bar,Map",0,1,0,0,0,0,0,1,0,0,0,0,2
v485_n7399_3_f1.png,4551.png,85.7,0,0,0,1,0,1,S,multipanel,"axes text,axes labels,annotation(s),legend text",0,1,1,0,1,0,1,0,0,0,0,4,6,3,11,"Diagram,Distribution,Point,Line,Area",1,0,0,1,1,0,1,0,1,0,0,0,5
whoB12_1.png,4552.png,32.3,0,0,1,0,0,1,G,multipanel,"text-only,title(s),caption(s)",0,0,0,1,0,1,0,0,1,0,0,8,3,2,4,Table,0,0,0,0,0,0,0,0,0,1,0,0,1
visMost289.png,4553.png,80,0,1,0,0,1,0,I,single,"title(s),annotation(s),,caption(s)",0,0,0,1,1,1,0,0,0,0,1,24,0,0,4,"Table,Diagram",0,0,0,1,0,0,0,0,0,1,0,0,2
v485_n7396_10_f6.png,4554.png,58.1,0,0,0,1,0,1,S,multipanel,"title(s),annotation(s),axes text,axes labels",0,1,1,1,1,0,0,0,0,0,0,4,2,2,2,Line,0,0,0,0,0,0,1,0,0,0,0,0,1
v485_n7398_3_f1.png,4555.png,83.5,0,0,0,1,0,1,S,multipanel,"annotation(s),legend text",0,0,0,0,1,0,1,0,0,0,0,6,0,0,1,Diagram,0,0,0,1,0,0,0,0,0,0,0,0,1
treasuryG08.png,4556.png,49,0,0,1,0,1,0,G,single,"axes text,title(s),legend text,caption(s)",0,0,1,1,0,1,1,0,0,0,0,3,2,1,1,Line,0,0,0,0,0,0,1,0,0,0,0,0,1
wsj96.png,4557.png,26.4,1,0,0,0,1,0,N,single,"title(s),legend title(s),legend text,caption(s),annotation(s)",0,0,0,1,1,1,1,1,0,0,1,5,1,1,1,Map,0,0,0,0,0,0,0,1,0,0,0,0,1
visMost288.png,4558.png,31.1,0,1,0,0,1,0,I,single,"title(s),text-only",0,0,0,1,0,0,0,0,1,0,1,10,0,1,1,Diagram,0,0,0,1,0,0,0,0,0,0,0,0,1
v483_n7390_22_f4.png,4559.png,75.5,0,0,0,1,0,1,S,multipanel,"axes text,annotation(s)",0,0,1,0,1,0,0,0,0,0,0,5,1,1,2,"Bar,Diagram",0,1,0,1,0,0,0,0,0,0,0,0,2
economist_daily_chart_338.png,4560.png,28.1,1,0,0,0,1,0,N,single,"title(s),annotation(s),axes text,axes labels,caption(s)",0,1,1,1,1,1,0,0,0,0,1,4,3,0,1,"Bar,Line",0,1,0,0,0,0,1,0,0,0,0,0,2
v485_n7398_21_f4.png,4561.png,68.2,0,0,0,1,0,1,S,multipanel,"axes labels,axes text,legend text,title(s),annotation(s)",0,1,1,1,1,0,1,0,0,0,0,12,8,7,12,"Circle,Bar,Line",0,1,1,0,0,0,1,0,0,0,0,0,3
v483_n7389_20_f2.png,4562.png,90.3,0,0,0,1,0,1,S,multipanel,"axes text,axes labels,legend text,annotation(s)",0,1,1,0,1,0,1,0,0,0,0,6,1,2,2,"Bar,Table",0,1,0,0,0,0,0,0,0,1,0,0,2
v486_n7402_2_f1.png,4563.png,88.5,0,0,0,1,0,1,S,multipanel,"axes labels,axes text,legend text,title(s)",0,1,1,1,0,0,1,0,0,0,0,5,6,3,4,"Bar,Distribution,Point",0,1,0,0,1,0,0,0,1,0,0,0,3
wsj82.png,4564.png,26,1,0,0,0,0,1,N,multipanel,"annotation(s),title(s),axes text,caption(s)",0,0,1,1,1,1,0,0,0,0,1,4,2,0,2,"Line,Bar",0,1,0,0,0,0,1,0,0,0,0,0,2
v486_n7404_14_f3.png,4565.png,70.7,0,0,0,1,0,1,S,multipanel,"axes text,axes labels,legend text,annotation(s)",0,1,1,0,1,0,1,0,0,0,0,5,6,2,8,"Diagram,Distribution,Bar",0,1,0,1,1,0,0,0,0,0,0,0,3
v488_n7409_2_f4.png,4566.png,91.3,0,0,0,1,0,1,S,multipanel,"axes text,axes labels,title(s),annotation(s),legend text",0,1,1,1,1,0,1,0,0,0,0,8,7,4,10,"Bar,Distribution,Grid & Matrix,Diagram",0,1,0,1,1,1,0,0,0,0,0,0,4
wsj286.png,4567.png,28.2,1,0,0,0,1,0,N,single,"text-only,title(s),caption(s)",0,0,0,1,0,1,0,0,1,0,1,4,1,2,2,"Circle,Table",0,0,1,0,0,0,0,0,0,1,0,0,2
economist_daily_chart_476.png,4568.png,11.2,1,0,0,0,1,0,N,single,"axes text,title(s),caption(s)",0,0,1,1,0,1,0,0,0,0,1,3,1,1,1,Bar,0,1,0,0,0,0,0,0,0,0,0,0,1
economist_daily_chart_310.png,4569.png,35.6,1,0,0,0,1,0,N,single,"title(s),text-only,caption(s)",0,0,0,1,0,1,0,0,1,0,1,1,4,1,1,Table,0,0,0,0,0,0,0,0,0,1,0,0,1
v489_n7416_3_f2.png,4570.png,81.3,0,0,0,1,0,1,S,multipanel,"axes labels,axes text,title(s),annotation(s)",0,1,1,1,1,0,0,0,0,0,0,20,2,5,2,Area,1,0,0,0,0,0,0,0,0,0,0,0,1
vis487.png,4571.png,29.2,0,1,0,0,1,0,I,single,"title(s),text-only",0,0,0,1,0,0,0,0,1,0,1,4,2,0,1,Table,0,0,0,0,0,0,0,0,0,1,0,0,1
v490_n7418_2_f3.png,4572.png,58.9,0,0,0,1,0,1,S,multipanel,"axes labels,axes text,title(s),annotation(s)",0,1,1,1,1,0,0,0,0,1,0,0,4,3,4,Bar,0,1,0,0,0,0,0,0,0,0,0,0,1
vis493.png,4573.png,50.5,0,1,0,0,1,0,I,single,"annotation(s),title(s),caption(s)",0,0,0,1,1,1,0,0,0,0,1,6,0,1,4,"Table,Distribution,Diagram",0,0,0,1,1,0,0,0,0,1,0,0,3
economist_daily_chart_304.png,4574.png,25.6,1,0,0,0,1,0,N,single,"axes labels,caption(s),axes text,title(s),caption(s)",0,1,1,1,0,1,0,0,0,0,1,4,3,0,1,Line,0,0,0,0,0,0,1,0,0,0,0,0,1
v489_n7416_16_f3.png,4575.png,65.9,0,0,0,1,0,1,S,multipanel,"axes labels,axes text,title(s)",0,1,1,1,0,0,0,0,0,0,0,2,2,4,20,"Bar,Diagram",0,1,0,1,0,0,0,0,0,0,0,0,2
v489_n7417_3_f2.png,4576.png,76.1,0,0,0,1,0,1,S,multipanel,"legend text,title(s),annotation(s),axes text,legend title(s)",0,0,1,1,1,0,1,1,0,0,0,6,2,3,2,"Bar,Trees & Networks,Point",0,1,0,0,0,0,0,0,1,0,0,1,3
wsj292.png,4577.png,24.7,1,0,0,0,1,0,N,single,"title(s),caption(s),annotation(s)",0,0,0,1,1,1,0,0,0,0,1,4,1,2,1,Bar,0,1,0,0,0,0,0,0,0,0,0,0,1
economist_daily_chart_462.png,4578.png,71.8,1,0,0,0,0,1,N,multipanel,"annotation(s),title(s),caption(s)",0,0,0,1,1,1,0,0,0,0,0,7,0,0,4,Map,0,0,0,0,0,0,0,1,0,0,0,0,1
wsj55.png,4579.png,31.5,1,0,0,0,1,0,N,single,"axes text,axes labels,caption(s),title(s),annotation(s),legend text",0,1,1,1,1,1,1,0,0,0,1,4,2,2,1,Bar,0,1,0,0,0,0,0,0,0,0,0,0,1
whoO08.png,4580.png,25.6,0,0,1,0,1,0,G,single,"title(s),text-only,caption(s)",0,0,0,1,0,1,0,0,1,0,0,2,3,4,1,Table,0,0,0,0,0,0,0,0,0,1,0,0,1
wsj279.png,4581.png,18.1,1,0,0,0,1,0,N,single,"title(s),caption(s),axes labels",0,1,0,1,0,1,0,0,0,0,0,2,1,2,1,Bar,0,1,0,0,0,0,0,0,0,0,0,0,1
economist_daily_chart_489.png,4582.png,23.8,1,0,0,0,1,0,N,single,"axes text,axes labels,legend text,title(s),caption(s),legend title",0,1,1,1,0,1,1,1,0,0,1,4,2,2,1,Bar,0,1,0,0,0,0,0,0,0,0,0,0,1
v487_n7406_7_f3.png,4583.png,74,0,0,0,1,1,0,S,single,"axes labels,axes text,annotation(s)",0,1,1,0,1,0,0,0,0,0,0,8,4,0,3,"Distribution,Area,Diagram",1,0,0,1,1,0,0,0,0,0,0,0,3
v490_n7419_21_f3.png,4584.png,88.5,0,0,0,1,0,1,S,multipanel,"axes text,axes labels,legend text,annotation(s)",0,1,1,0,1,0,1,0,0,0,0,5,3,3,8,"Table,Bar,Diagram,Line",0,1,0,1,0,0,1,0,0,1,0,0,4
vis478.png,4585.png,36.7,0,1,0,0,0,1,I,multipanel,"annotation(s),caption(s),title(s)",0,0,0,1,1,1,0,0,0,0,1,3,3,2,3,"Area,Diagram,Distribution",1,0,0,1,1,0,0,0,0,0,0,0,3
visMost539.png,4586.png,40.8,0,1,0,0,0,1,I,multipanel,"title(s),annotation(s),caption(s),legend text, legend title",0,0,0,1,1,1,1,1,0,0,1,4,4,3,6,"Bar,Map,Table",0,1,0,0,0,0,0,1,0,1,0,0,3
wsj41.png,4587.png,15.700000000000001,1,0,0,0,1,0,N,single,"axes text,legend text,title(s),caption(s)",0,0,1,1,0,1,1,0,0,0,1,3,1,2,1,Bar,0,1,0,0,0,0,0,0,0,0,0,0,1
v487_n7407_7_f3.png,4588.png,87.4,0,0,0,1,0,1,S,multipanel,"axes text,axes labels,title(s),legend text",0,1,1,1,0,0,1,0,0,0,0,8,3,3,10,"Grid & Matrix,Distribution,Point,Bar,Circle,Trees & Networks",0,1,1,0,1,1,0,0,1,0,0,1,6
wsj245.png,4589.png,37,1,0,0,0,0,1,N,multipanel,"axes text,title(s),caption(s)",0,0,1,1,0,1,0,0,0,0,1,5,6,0,4,"Line,Bar",0,1,0,0,0,0,1,0,0,0,0,0,2
v485_n7400_14_f2.png,4590.png,83.8,0,0,0,1,1,0,S,single,"axes text,axes labels,annotation(s),legend text",0,1,1,0,1,0,1,0,0,0,0,4,2,1,1,"Bar,Distribution,Line",0,1,0,0,1,0,1,0,0,0,0,0,3
v488_n7413_15_f4.png,4591.png,71.9,0,0,0,1,0,1,S,multipanel,"axes labels,axes text,title(s)",0,1,1,1,0,0,0,0,0,0,0,3,1,2,8,Bar,0,1,0,0,0,0,0,0,0,0,0,0,1
visMost277.png,4592.png,41.8,0,1,0,0,0,1,I,multipanel,"title(s),annotation(s),caption(s)",0,0,0,1,1,1,0,0,0,0,1,5,2,4,7,"Bar,Diagram",0,1,0,1,0,0,0,0,0,0,0,0,2
wsj69.png,4593.png,66.4,1,0,0,0,0,1,N,multipanel,"axes text,title(s),caption(s),annotation(s)",0,0,1,1,1,1,0,0,0,0,1,4,5,15,14,"Bar,Table",0,1,0,0,0,0,0,0,0,1,0,0,2
vis322.png,4594.png,60,0,1,0,0,1,0,I,single,"title(s),annotation(s),caption(s),axes text",0,0,1,1,1,1,0,0,0,0,1,4,1,0,1,Diagram,0,0,0,1,0,0,0,0,0,0,0,0,1
vis444.png,4595.png,47.4,0,1,0,0,0,1,I,multipanel,"title(s),axes text,caption(s)",0,0,1,1,0,1,0,0,0,0,0,1,2,0,2,"Distribution,Map",0,0,0,0,1,0,0,1,0,0,0,0,2
visMost511.png,4596.png,47.7,0,1,0,0,0,1,I,multipanel,"axes text,legend text,annotation(s),caption(s),legend title,title(s)",0,0,1,1,1,1,1,1,0,0,1,8,2,2,18,"Map,Distribution,Point,Table",0,0,0,0,1,0,0,1,1,1,0,0,4
v489_n7414_21_f1.png,4597.png,79.8,0,0,0,1,0,1,S,multipanel,"axes text,axes labels,annotation(s)",0,1,1,0,1,0,0,0,0,0,0,13,4,5,9,"Distribution,Line,Diagram",0,0,0,1,1,0,1,0,0,0,0,0,3
wsj523.png,4598.png,31.6,1,0,0,0,1,0,N,single,"title(s),caption(s),annotation(s),axes text",0,0,1,1,1,1,0,0,0,0,0,3,2,1,1,"Line,Area",1,0,0,0,0,0,1,0,0,0,0,0,2
wsj537.png,4599.png,32.9,1,0,0,0,0,1,N,multipanel,"title(s),caption(s),annotation(s)",0,0,0,1,1,1,0,0,0,0,1,5,2,2,5,"Circle,Map",0,0,1,0,0,0,0,1,0,0,0,0,2
vis450.png,4600.png,50.7,0,1,0,0,0,1,I,multipanel,"annotation(s),caption(s),annotation(s)",0,0,0,0,1,1,0,0,0,0,1,7,8,3,6,"Diagram,Table,Map,Bar",0,1,0,1,0,0,0,1,0,1,0,0,4
visMost505.png,4601.png,32.6,0,1,0,0,1,0,I,single,"annotation(s),title(s),axes text,axes labels,caption(s)",0,1,1,1,1,1,0,0,0,0,0,7,2,1,1,Point,0,0,0,0,0,0,0,0,1,0,0,0,1
visMost263.png,4602.png,42.5,0,1,0,0,1,0,I,single,"text-only,annotation(s),title(s),caption(s)",0,0,0,1,1,1,0,0,1,0,1,8,0,4,7,"Table,Diagram",0,0,0,1,0,0,0,0,0,1,0,0,2
wsj251.png,4603.png,44.6,1,0,0,0,0,1,N,multipanel,"axes text,title(s),annotation(s),caption(s)",0,0,1,1,1,1,0,0,0,0,1,5,4,0,3,"Bar,Distribution,Point",0,1,0,0,1,0,0,0,1,0,0,0,3
v484_n7392_15_f2.png,4604.png,68.8,0,0,0,1,0,1,S,multipanel,"axes labels,axes text,title(s),caption(s),legend text",0,1,1,1,0,1,1,0,0,0,0,6,8,3,16,"Map,Point,Line,Distribution",0,0,0,0,1,0,1,1,1,0,0,0,4
vis861.png,4605.png,38,0,1,0,0,0,1,I,multipanel,"caption(s),title(s),annotation(s)",0,0,0,1,1,1,0,0,0,0,1,9,0,0,4,"Table,Diagram",0,0,0,1,0,0,0,0,0,1,0,0,2
whoC11.png,4606.png,15.1,0,0,1,0,0,1,G,multipanel,"axes text,axes labels,title(s)",0,1,1,1,0,0,0,0,0,0,0,1,2,0,1,Bar,0,1,0,0,0,0,0,0,0,0,0,0,1
whoB36_1.png,4607.png,24.8,0,0,1,0,1,0,G,single,"legend text,axes text,axes labels,title(s),caption(s)",0,1,1,1,0,1,1,0,0,0,0,4,2,1,1,Line,0,0,0,0,0,0,1,0,0,0,0,0,1
whoC05.png,4608.png,24.4,0,0,1,0,0,1,G,multipanel,"axes text,axes labels,legend text,caption(s)",0,1,1,0,0,1,1,0,0,0,0,1,3,0,1,Line,0,0,0,0,0,0,1,0,0,0,0,0,1
vis875.png,4609.png,43,0,1,0,0,0,1,I,multipanel,"title(s),caption(s),annotation(s),axes labels",0,1,0,1,1,1,0,0,0,0,1,22,3,4,4,"Bar,Map,Table",0,1,0,0,0,0,0,1,0,1,0,0,3
v487_n7405_4_f1.png,4610.png,79,0,0,0,1,0,1,S,multipanel,"axes text,axes labels,title(s),annotation(s)",0,1,1,1,1,0,0,0,0,0,0,4,1,3,7,"Diagram,Table,Bar,Point",0,1,0,1,0,0,0,0,1,1,0,0,4
v489_n7415_11_f2.png,4611.png,62.1,0,0,0,1,1,0,S,single,"legend text,legend title,axes text,annotation(s)",0,0,1,0,1,0,1,1,0,0,1,12,3,1,2,Map,0,0,0,0,0,0,0,1,0,0,0,0,1
vis685.png,4612.png,51,0,1,0,0,0,1,I,multipanel,"title(s),axes text,annotation(s),caption(s)",0,0,1,1,1,1,0,0,0,0,1,2,7,2,6,"Line,Table,Diagram",0,0,0,1,0,0,1,0,0,1,0,0,3
v488_n7411_5_f2.png,4613.png,69.4,0,0,0,1,0,1,S,multipanel,"axes text,axes labels,title(s),annotation(s)",0,1,1,1,1,0,0,0,0,0,0,4,3,1,6,"Diagram,Line",0,0,0,1,0,0,1,0,0,0,0,0,2
economist_daily_chart_112.png,4614.png,21,1,0,0,0,1,0,N,single,"axes text,title(s),caption(s),legend text",0,0,1,1,0,1,1,0,0,0,0,3,1,2,1,Bar,0,1,0,0,0,0,0,0,0,0,0,0,1
v484_n7395_11_f2.png,4615.png,68.6,0,0,0,1,1,0,S,single,"legend text,legend title,annotation(s)",0,0,0,0,1,0,1,1,0,0,0,10,3,1,1,Map,0,0,0,0,0,0,0,1,0,0,0,0,1
economist_daily_chart_106.png,4616.png,30.2,1,0,0,0,1,0,N,single,"axes text,caption(s),annotation(s),title(s),legend text,legend title",0,0,1,1,1,1,1,1,0,0,0,3,1,2,1,Bar,0,1,0,0,0,0,0,0,0,0,0,0,1
vis691.png,4617.png,74,0,1,0,0,0,1,I,multipanel,"axes text,title(s),annotation(s),caption(s),legend text",0,0,1,1,1,1,1,0,0,0,1,14,1,3,5,"Bar,Diagram,Table",0,1,0,1,0,0,0,0,0,1,0,0,3
vis849.png,4618.png,62.6,0,1,0,0,1,0,I,single,"title(s),caption(s),annotation(s)",0,0,0,1,1,1,0,0,0,0,1,3,1,1,1,Trees & Networks,0,0,0,0,0,0,0,0,0,0,0,1,1
v486_n7401_1_f3.png,4619.png,83.5,0,0,0,1,0,1,S,multipanel,"axes text,legend text,annotation(s)",0,0,1,0,1,0,1,0,0,0,0,4,9,9,9,"Bar,Line,Table,Diagram",0,1,0,1,0,0,1,0,0,1,0,0,4
v486_n7404_22_f2.png,4620.png,59.7,0,0,0,1,0,1,S,multipanel,"axes text,axes labels,title(s),annotation(s)",0,1,1,1,1,0,0,0,0,1,0,0,4,3,10,"Circle,Diagram,Bar",0,1,1,1,0,0,0,0,0,0,0,0,3
v486_n7402_18_f4.png,4621.png,70.7,0,0,0,1,0,1,S,multipanel,"axes labels,axes text,title(s),legend text",0,1,1,1,0,0,1,0,0,1,0,0,4,1,4,Bar,0,1,0,0,0,0,0,0,0,0,0,0,1
whoQ58_2.png,4622.png,18.2,0,0,1,0,1,0,G,single,"axes text,title(s)",0,0,1,1,0,0,0,0,0,0,0,1,1,1,1,Bar,0,1,0,0,0,0,0,0,0,0,0,0,1
v483_n7389_16_f3.png,4623.png,78.8,0,0,0,1,0,1,S,multipanel,"axes text,axes labels,title(s),legend text",0,1,1,1,0,0,1,0,0,0,0,8,7,4,9,"Bar,Line,Area",1,1,0,0,0,0,1,0,0,0,0,0,3
v488_n7409_10_f3.png,4624.png,85,0,0,0,1,0,1,S,multipanel,"axes text,title(s)",0,0,1,1,0,0,0,0,0,0,0,2,4,2,7,"Point,Distribution,Diagram",0,0,0,1,1,0,0,0,1,0,0,0,3
v483_n7387_2_f5.png,4625.png,88.6,0,0,0,1,0,1,S,multipanel,annotation(s),0,0,0,0,1,0,0,0,0,0,0,6,0,0,5,Diagram,0,0,0,1,0,0,0,0,0,0,0,0,1
treasuryK04.png,4626.png,29.2,0,0,1,0,1,0,G,single,text-only,0,0,0,0,0,0,0,0,1,0,0,0,4,1,1,Table,0,0,0,0,0,0,0,0,0,1,0,0,1
visMost713.png,4627.png,50.7,0,1,0,0,0,1,I,multipanel,"legend text,annotation(s),axes text,legend title,caption(s),title(s),axes labels,caption(s)",0,1,1,1,1,1,1,1,0,0,0,4,6,7,8,"Circle,Bar,Map,Table",0,1,1,0,0,0,0,1,0,1,0,0,4
vis646.png,4628.png,52.3,0,1,0,0,0,1,I,multipanel,"title(s),annotation(s),caption(s)",0,0,0,1,1,1,0,0,0,0,1,8,5,1,1,Diagram,0,0,0,1,0,0,0,0,0,0,0,0,1
vis120.png,4629.png,55.1,0,1,0,0,0,1,I,multipanel,"title(s),annotation(s),caption(s)",0,0,0,1,1,1,0,0,0,0,1,5,2,3,7,"Circle,Table,Map,Distribution",0,0,1,0,1,0,0,1,0,1,0,0,4
v484_n7395_9_f3.png,4630.png,71.5,0,0,0,1,0,1,S,multipanel,"axes text,axes labels,legend text",0,1,1,0,0,0,1,0,0,0,0,4,5,4,5,"Line,Distribution",0,0,0,0,1,0,1,0,0,0,0,0,2
v489_n7416_20_f2.png,4631.png,80.4,0,0,0,1,0,1,S,multipanel,"axes text,axes labels,legend text,annotation(s)",0,1,1,0,1,0,1,0,0,0,0,6,3,4,4,"Bar,Table,Line",0,1,0,0,0,0,1,0,0,1,0,0,3
v487_n7405_22_f4.png,4632.png,88.4,0,0,0,1,0,1,S,multipanel,"axes text,title(s),annotation(s),axes labels",0,1,1,1,1,0,0,0,0,0,0,4,2,3,6,"Bar,Diagram",0,1,0,1,0,0,0,0,0,0,0,0,2
vis134.png,4633.png,48.5,0,1,0,0,0,1,I,multipanel,"title(s),axes text,axes labels,annotation(s),caption(s)",0,1,1,1,1,1,0,0,0,0,1,2,4,4,9,"Bar,Diagram,Area,Line,Table",1,1,0,1,0,0,1,0,0,1,0,0,5
visMost707.png,4634.png,42.9,0,1,0,0,0,1,I,multipanel,"title(s),annotation(s),caption(s)",0,0,0,1,1,1,0,0,0,0,1,7,1,1,2,"Circle,Table",0,0,1,0,0,0,0,0,0,1,0,0,2
whoJ44.png,4635.png,16,0,0,1,0,1,0,G,single,"caption(s),legend text,axes text,axes labels,title(s),annotation(s)",0,1,1,1,1,1,1,0,0,0,0,2,2,1,1,Line,0,0,0,0,0,0,1,0,0,0,0,0,1
vis652.png,4636.png,24.9,0,1,0,0,1,0,I,single,"title(s),annotation(s),caption(s)",0,0,0,1,1,1,0,0,0,0,1,4,2,1,2,"Bar,Diagram",0,1,0,1,0,0,0,0,0,0,0,0,2
v486_n7402_16_f1.png,4637.png,68.6,0,0,0,1,0,1,S,multipanel,annotation(s),0,0,0,0,1,0,0,0,0,1,0,0,0,1,5,Diagram,0,0,0,1,0,0,0,0,0,0,0,0,1
v489_n7414_31_f4.png,4638.png,65,0,0,0,1,0,1,S,multipanel,"legend text,axes labels,axes text,title(s),annotation(s)",0,1,1,1,1,0,1,0,0,0,0,5,8,2,13,"Line,Area,Bar,Point",1,1,0,0,0,0,1,0,1,0,0,0,4
vis915.png,4639.png,42.2,0,1,0,0,0,1,I,multipanel,"title(s),annotation(s),caption(s),legend text",0,0,0,1,1,1,1,0,0,0,0,4,0,4,4,"Table,Diagram,Map",0,0,0,1,0,0,0,1,0,1,0,0,3
visMost698.png,4640.png,51.3,0,1,0,0,0,1,I,multipanel,"title(s),caption(s),legend title,legend text",0,0,0,1,0,1,1,1,0,0,0,5,2,2,47,Bar,0,1,0,0,0,0,0,0,0,0,0,0,1
whoQ20_2.png,4641.png,15.4,0,0,1,0,1,0,G,single,"axes labels,axes text,title(s),annotation(s),caption(s),legend title,legend text",0,1,1,1,1,1,1,1,0,0,1,2,2,0,1,"Line,Point",0,0,0,0,0,0,1,0,1,0,0,0,2
v487_n7406_11_f1.png,4642.png,74.1,0,0,0,1,0,1,S,multipanel,annotation(s),0,0,0,0,1,0,0,0,0,0,0,9,0,0,6,Diagram,0,0,0,1,0,0,0,0,0,0,0,0,1
whoQ06_1.png,4643.png,21.1,0,0,1,0,0,1,G,multipanel,"axes labels,axes text,title(s),caption(s),legend text",0,1,1,1,0,1,1,0,0,0,0,3,1,3,4,Bar,0,1,0,0,0,0,0,0,0,0,0,0,1
v487_n7405_6_f4.png,4644.png,43.3,0,0,0,1,1,0,S,single,"axes labels,axes text,annotation(s)",0,1,1,0,1,0,0,0,0,0,0,4,2,1,1,Line,0,0,0,0,0,0,1,0,0,0,0,0,1
v488_n7411_9_f2.png,4645.png,72.5,0,0,0,1,0,1,S,multipanel,"axes labels,axes text,annotation(s)",0,1,1,0,1,0,0,0,0,1,0,0,2,0,3,"Line,Point",0,0,0,0,0,0,1,0,1,0,0,0,2
vis901.png,4646.png,56.3,0,1,0,0,0,1,I,multipanel,"axes text,title(s),annotation(s),caption(s),legend text",0,0,1,1,1,1,1,0,0,0,0,5,2,4,5,"Bar,Map,Diagram,Table",0,1,0,1,0,0,0,1,0,1,0,0,4
whoQ43_1.png,4647.png,18.2,0,0,1,0,1,0,G,single,"axes text,title(s),legend text",0,0,1,1,0,0,1,0,0,0,0,3,1,2,1,Bar,0,1,0,0,0,0,0,0,0,0,0,0,1
v487_n7408_20_f2.png,4648.png,61.2,0,0,0,1,0,1,S,multipanel,"axes labels,axes text,legend text",0,1,1,0,0,0,1,0,0,0,0,4,3,5,11,"Bar,Point,Table",0,1,0,0,0,0,0,0,1,1,0,0,3
vis929.png,4649.png,74.6,0,1,0,0,1,0,I,single,"title(s),annotation(s),caption(s)",0,0,0,1,1,1,0,0,0,0,1,3,0,1,47,Diagram,0,0,0,1,0,0,0,0,0,0,0,0,1
v487_n7407_17_f3.png,4650.png,65.5,0,0,0,1,0,1,S,multipanel,"axes labels,axes text,annotation(s)",0,1,1,0,1,0,0,0,0,0,0,1,3,0,2,"Line,Point",0,0,0,0,0,0,1,0,1,0,0,0,2
economist_daily_chart_62.png,4651.png,46.7,1,0,0,0,1,0,N,single,"axes text,title(s),annotation(s),caption(s),legend text",0,0,1,1,1,1,1,0,0,0,0,3,1,2,1,Point,0,0,0,0,0,0,0,0,1,0,0,0,1
whoN21_1.png,4652.png,17,0,0,1,0,1,0,G,single,"axes labels,axes text,title(s),caption(s),legend text",0,1,1,1,0,1,1,0,0,0,0,3,1,2,1,Bar,0,1,0,0,0,0,0,0,0,0,0,0,1
economist_daily_chart_76.png,4653.png,42.9,1,0,0,0,1,0,N,single,"axes labels,axes text,title(s),annotation(s),caption(s),legend text",0,1,1,1,1,1,1,0,0,0,0,4,2,1,1,Line,0,0,0,0,0,0,1,0,0,0,0,0,1
whoK18.png,4654.png,24.7,0,0,1,0,1,0,G,single,"title(s),text only,caption(s)",0,0,0,1,0,1,0,0,0,0,0,1,3,2,1,Table,0,0,0,0,0,0,0,0,0,1,0,0,1
whoJ48_1.png,4655.png,28.9,0,0,1,0,0,1,G,multipanel,"title(s),caption(s),legend title,legend text",0,0,0,1,0,1,1,1,0,0,0,5,1,1,1,Map,0,0,0,0,0,0,0,1,0,0,0,0,1
visMost26.png,4656.png,43.4,0,1,0,0,0,1,I,multipanel,"title(s),annotation(s),caption(s)",0,0,0,1,1,1,0,0,0,0,1,14,8,5,12,"Bar,Line,Circle,Diagram,Trees & Networks,Table",0,1,1,1,0,0,1,0,0,1,0,1,6
v484_n7394_5_f3.png,4657.png,62,0,0,0,1,1,0,S,single,"axes labels,axes text,legend text",0,1,1,0,0,0,1,0,0,1,0,0,3,1,1,"Area,Distribution",1,0,0,0,1,0,0,0,0,0,0,0,2
visMost129.png,4658.png,43.9,0,1,0,0,0,1,I,multipanel,"title(s),annotation(s),caption(s)",0,0,0,1,1,1,0,0,0,0,1,7,4,3,8,"Diagram,Circle,Trees & Networks,Area",1,0,1,1,0,0,0,0,0,0,0,1,4
economist_daily_chart_89.png,4659.png,63,1,0,0,0,1,0,N,single,"annotation(s),caption(s),legend title,legend text",0,0,0,0,1,1,1,1,0,0,0,7,1,3,1,Map,0,0,0,0,0,0,0,1,0,0,0,0,1
v485_n7396_24_f3.png,4660.png,84.2,0,0,0,1,0,1,S,multipanel,"legend text,legend title(s),title(s),axes text",0,0,1,1,0,0,1,1,0,0,0,9,5,1,3,"Grid & Matrix,Table",0,0,0,0,0,1,0,0,0,1,0,0,2
whoH13_3.png,4661.png,16.4,0,0,1,0,0,1,G,multipanel,"axes labels,axes text,title(s),annotation(s)",0,1,1,1,1,0,0,0,0,0,0,1,1,1,1,Point,0,0,0,0,0,0,0,0,1,0,0,0,1
visMost32.png,4662.png,35.9,0,1,0,0,0,1,I,multipanel,"title(s),annotation(s),caption(s)",0,0,0,1,1,1,0,0,0,0,0,8,4,4,13,"Circle,Table,Diagram",0,0,1,1,0,0,0,0,0,1,0,0,3
v484_n7395_5_f3.png,4663.png,74.2,0,0,0,1,0,1,S,multipanel,"axes labels,annotation(s),legend title,legend text",0,1,0,0,1,0,1,1,0,0,0,9,3,1,6,Point,0,0,0,0,0,0,0,0,1,0,0,0,1
vis732.png,4664.png,33.1,0,1,0,0,1,0,I,single,"caption(s),legend text,title(s)",0,0,0,1,0,1,1,0,0,0,0,6,1,0,1,Map,0,0,0,0,0,0,0,1,0,0,0,0,1
visMost667.png,4665.png,38.4,0,1,0,0,0,1,I,multipanel,"title(s),annotation(s),caption(s)",0,0,0,1,1,1,0,0,0,0,1,9,6,4,7,"Bar,Map,Circle,Diagram",0,1,1,1,0,0,0,1,0,0,0,0,4
visMost101.png,4666.png,51.1,0,1,0,0,0,1,I,multipanel,"axes labels,axes text,title(s),annotation(s),caption(s)",0,1,1,1,1,1,0,0,0,0,1,7,2,2,2,"Map,Bar",0,1,0,0,0,0,0,1,0,0,0,0,2
v488_n7411_16_f2.png,4667.png,80,0,0,0,1,0,1,S,multipanel,"axes labels,axes text,annotation(s)",0,1,1,0,1,0,0,0,0,0,0,7,5,4,11,"Line,Diagram",0,0,0,1,0,0,1,0,0,0,0,0,2
v485_n7399_13_f2.png,4668.png,31.9,0,0,0,1,0,1,S,multipanel,"axes labels,axes text,legend text",0,1,1,0,0,0,1,0,0,0,0,2,1,2,2,Distribution,0,0,0,0,1,0,0,0,0,0,0,0,1
wsj133.png,4669.png,34.1,1,0,0,0,0,1,N,multipanel,"title(s),annotation(s),caption(s),legend text",0,0,0,1,1,1,1,0,0,0,1,6,3,1,2,"Bar,Line",0,1,0,0,0,0,1,0,0,0,0,0,2
whoM06_2.png,4670.png,31.4,0,0,1,0,0,1,G,multipanel,"axes labels,axes text,title(s),annotation(s)",0,1,1,1,1,0,0,0,0,1,0,0,2,1,1,"Bar,Distribution",0,1,0,0,1,0,0,0,0,0,0,0,2
wsj127.png,4671.png,19,1,0,0,0,1,0,N,single,"axes labels,axes text,title(s),caption(s),annotation(s)",0,1,1,1,1,1,0,0,0,0,0,4,2,1,1,"Area,Line",1,0,0,0,0,0,1,0,0,0,0,0,2
visMost115.png,4672.png,27.1,0,1,0,0,0,1,I,multipanel,"title(s),annotation(s),caption(s),legend text",0,0,0,1,1,1,1,0,0,0,1,14,1,2,4,"Diagram,Circle",0,0,1,1,0,0,0,0,0,0,0,0,2
v486_n7402_14_f4.png,4673.png,73.4,0,0,0,1,0,1,S,multipanel,"axes labels,axes text,annotation(s),legend text",0,1,1,0,1,0,1,0,0,0,0,11,4,1,7,"Point,Line,Table,Diagram",0,0,0,1,0,0,1,0,1,1,0,0,4
v484_n7393_1_f2.png,4674.png,73.6,0,0,0,1,0,1,S,multipanel,"axes labels,axes text",0,1,1,0,0,0,0,0,0,0,0,6,4,4,6,"Diagram,Bar,Distribution",0,1,0,1,1,0,0,0,0,0,0,0,3
vis726.png,4675.png,37.5,0,1,0,0,0,1,I,multipanel,"title(s),annotation(s),caption(s),legend title,legend text",0,0,0,1,1,1,1,1,0,0,0,4,4,5,5,"Circle,Bar,Table",0,1,1,0,0,0,0,0,0,1,0,0,3
visMost673.png,4676.png,45.6,0,1,0,0,1,0,I,single,"title(s),annotation(s),caption(s)",0,0,0,1,1,1,0,0,0,0,0,2,4,4,2,"Table,Diagram",0,0,0,1,0,0,0,0,0,1,0,0,2
v487_n7405_20_f1.png,4677.png,75.2,0,0,0,1,0,1,S,multipanel,"axes labels,axes text,title(s),annotation(s)",0,1,1,1,1,0,0,0,0,0,0,1,3,5,8,"Bar,Table,Line",0,1,0,0,0,0,1,0,0,1,0,0,3
v485_n7398_1_f5.png,4678.png,84.5,0,0,0,1,0,1,S,multipanel,annotation(s),0,0,0,0,1,0,0,0,0,0,0,6,1,1,3,Diagram,0,0,0,1,0,0,0,0,0,0,0,0,1
whoG01.png,4679.png,19,0,0,1,0,0,1,G,multipanel,"title(s),text-only,caption(s)",0,0,0,1,0,1,0,0,1,0,1,4,2,2,1,Table,0,0,0,0,0,0,0,0,0,1,0,0,1
v485_n7396_12_f2.png,4680.png,52.9,0,0,0,1,0,1,S,multipanel,"axes labels,axes text,annotation(s),legend text, legend title",0,1,1,0,1,0,1,1,0,0,0,8,5,1,2,"Line,Area",1,0,0,0,0,0,1,0,0,0,0,0,2
whoC30_2.png,4681.png,21.4,0,0,1,0,0,1,G,multipanel,"title(s),text-only",0,0,0,1,0,0,0,0,1,0,0,3,2,0,1,Table,0,0,0,0,0,0,0,0,0,1,0,0,1
v483_n7390_20_f1.png,4682.png,70.8,0,0,0,1,0,1,S,multipanel,"axes labels,axes text,annotation(s),legend text",0,1,1,0,1,0,1,0,0,0,0,6,4,3,5,"Bar,Line,Table",0,1,0,0,0,0,1,0,0,1,0,0,3
economist_daily_chart_258.png,4683.png,63.5,1,0,0,0,1,0,N,single,"axes labels,axes text,title(s),annotation(s),caption(s),legend text",0,1,1,1,1,1,1,0,0,0,1,5,2,1,1,"Line,Point",0,0,0,0,0,0,1,0,1,0,0,0,2
v485_n7399_1_f5.png,4684.png,74.5,0,0,0,1,0,1,S,multipanel,"axes labels,axes text,title(s),annotation(s),legend text",0,1,1,1,1,0,1,0,0,0,0,4,9,4,7,"Point,Line,Table",0,0,0,0,0,0,1,0,1,1,0,0,3
whoC16_1.png,4685.png,12.6,0,0,1,0,0,1,G,multipanel,"axes labels,axes text,title(s)",0,1,1,1,0,0,0,0,0,0,0,1,2,0,1,Bar,0,1,0,0,0,0,0,0,0,0,0,0,1
v485_n7398_23_f1.png,4686.png,90.1,0,0,0,1,0,1,S,multipanel,"axes labels,axes text,title(s),annotation(s)",0,1,1,1,1,0,0,0,0,0,0,10,4,5,7,"Grid & Matrix,Table,Line,Distribution,Diagram",0,0,0,1,1,1,1,0,0,1,0,0,5
v490_n7420_6_f3.png,4687.png,55.7,0,0,0,1,1,0,S,single,"axes labels,axes text,annotation(s)",0,1,1,0,1,0,0,0,0,0,0,1,2,1,1,"Line,Distribution,Point",0,0,0,0,1,0,1,0,1,0,0,0,3
economist_daily_chart_502.png,4688.png,18.7,1,0,0,0,1,0,N,single,"axes labels,axes text,title(s),annotation(s),caption(s)",0,1,1,1,1,1,0,0,0,0,1,2,1,1,1,Bar,0,1,0,0,0,0,0,0,0,0,0,0,1
v489_n7416_1_f7.png,4689.png,38.7,0,0,0,1,1,0,S,single,"axes labels,axes text,legend text",0,1,1,0,0,0,1,0,0,0,0,2,2,0,1,"Line,Point",0,0,0,0,0,0,1,0,1,0,0,0,2
np_13.png,4690.png,45.6,1,0,0,0,0,1,N,multipanel,"title(s),annotation(s),caption(s)",0,0,0,1,1,1,0,0,0,0,1,5,0,0,2,Diagram,0,0,0,1,0,0,0,0,0,0,0,0,1
wsj494.png,4691.png,33.1,1,0,0,0,1,0,N,single,"title(s),annotation(s),legend text,caption(s)",0,0,0,1,1,1,1,0,0,0,1,6,1,2,2,Map,0,0,0,0,0,0,0,1,0,0,0,0,1
economist_daily_chart_264.png,4692.png,17.2,1,0,0,0,1,0,N,single,"axes text,title(s),caption(s),annotation(s),legend text",0,0,1,1,1,1,1,0,0,0,1,3,1,2,1,Bar,0,1,0,0,0,0,0,0,0,0,0,0,1
vis42.png,4693.png,38.5,0,1,0,0,0,1,I,multipanel,"title(s),annotation(s),caption(s),axes text",0,0,1,1,1,1,0,0,0,0,1,14,5,5,7,"Bar,Circle,Table,Diagram",0,1,1,1,0,0,0,0,0,1,0,0,4
v489_n7417_1_f7.png,4694.png,49.6,0,0,0,1,1,0,S,single,annotation(s),0,0,0,0,1,0,0,0,0,0,0,5,0,1,1,Diagram,0,0,0,1,0,0,0,0,0,0,0,0,1
v488_n7411_20_f3.png,4695.png,72.9,0,0,0,1,0,1,S,multipanel,"axes labels,axes text,annotation(s),legend text",0,1,1,0,1,0,1,0,0,0,0,4,3,3,6,"Bar,Trees & Networks,Line,Point,Diagram",0,1,0,1,0,0,1,0,1,0,0,1,5
wsj480.png,4696.png,40.6,1,0,0,0,1,0,N,single,"axes text,title(s),annotation(s),caption(s),legend text",0,0,1,1,1,1,1,0,0,0,1,7,4,3,6,"Line,Area",1,0,0,0,0,0,1,0,0,0,0,0,2
economist_daily_chart_270.png,4697.png,4.6,1,0,0,0,1,0,N,single,"title(s),caption(s),axes text",0,0,1,1,0,1,0,0,0,0,1,3,2,0,1,Line,0,0,0,0,0,0,1,0,0,0,0,0,1
whoP18.png,4698.png,21,0,0,1,0,1,0,G,single,"axes labels,axes text,title(s)",0,1,1,1,0,0,0,0,0,0,0,1,1,1,1,"Distribution,Point",0,0,0,0,1,0,0,0,1,0,0,0,2
v486_n7404_4_f5.png,4699.png,45.8,0,0,0,1,0,1,S,multipanel,"axes labels,axes text,legend text",0,1,1,0,0,0,1,0,0,0,0,3,6,2,3,Line,0,0,0,0,0,0,1,0,0,0,0,0,1
economist_daily_chart_516.png,4700.png,13,1,0,0,0,1,0,N,single,"axes labels,axes text,title(s),annotation(s),caption(s),legend text",0,1,1,1,1,1,1,0,0,0,1,4,1,2,1,Bar,0,1,0,0,0,0,0,0,0,0,0,0,1
v482_n7386_13_f2.png,4701.png,53.5,0,0,0,1,0,1,S,multipanel,"axes labels,axes text,legend text",0,1,1,0,0,0,1,0,0,0,0,3,4,6,5,"Bar,Grid & Matrix",0,1,0,0,0,1,0,0,0,0,0,0,2
treasuryL10_2.png,4702.png,5.2,0,0,1,0,1,0,G,single,"title(s),annotation(s),caption(s)",0,0,0,1,1,1,0,0,0,0,0,3,1,1,1,Circle,0,0,1,0,0,0,0,0,0,0,0,0,1
v488_n7412_11_f3.png,4703.png,80.2,0,0,0,1,0,1,S,multipanel,"axes labels,axes text,annotation(s),legend text",0,1,1,0,1,0,1,0,0,0,0,6,2,2,3,"Line,Table,Diagram",0,0,0,1,0,0,1,0,0,1,0,0,3
visMost459.png,4704.png,41.9,0,1,0,0,0,1,I,multipanel,"title(s),caption(s),annotation(s)",0,0,0,1,1,1,0,0,0,0,1,8,8,2,11,"Area,Bar,Diagram,Table",1,1,0,1,0,0,0,0,0,1,0,0,4
v490_n7420_11_f2.png,4705.png,57.8,0,0,0,1,0,1,S,multipanel,"axes labels,axes text,annotation(s)",0,1,1,0,1,0,0,0,0,0,0,1,9,3,6,"Bar,Line,Point,Distribution",0,1,0,0,1,0,1,0,1,0,0,0,4
v484_n7392_19_f2.png,4706.png,91.4,0,0,0,1,0,1,S,multipanel,"axes text,title(s),annotation(s),legend text",0,0,1,1,1,0,1,0,0,0,0,6,3,5,6,"Table,Bar",0,1,0,0,0,0,0,0,0,1,0,0,2
v485_n7400_18_f2.png,4707.png,82.4,0,0,0,1,0,1,S,multipanel,"axes labels,axes text,annotation(s)",0,1,1,0,1,0,0,0,0,0,0,1,2,2,8,"Bar,Line,Table,Distribution",0,1,0,0,1,0,1,0,0,1,0,0,4
vis518.png,4708.png,54.4,0,1,0,0,0,1,I,multipanel,"title(s),annotation(s),caption(s)",0,0,0,1,1,1,0,0,0,0,1,6,4,2,15,"Area,Bar,Circle,Line,Table,Diagram",1,1,1,1,0,0,1,0,0,1,0,0,6
v488_n7413_19_f4.png,4709.png,85.8,0,0,0,1,0,1,S,multipanel,"axes labels,axes text,annotation(s)",0,1,1,0,1,0,0,0,0,0,0,2,0,4,4,Table,0,0,0,0,0,0,0,0,0,1,0,0,1
whoH11_1.png,4710.png,3.6,0,0,1,0,0,1,G,multipanel,"axes text,title(s),annotation(s),axes labels",0,1,1,1,1,0,0,0,0,0,1,3,1,1,1,Bar,0,1,0,0,0,0,0,0,0,0,0,0,1
wsj319.png,4711.png,23.8,1,0,0,0,1,0,N,single,"text-only,title(s),caption(s)",0,0,0,1,0,1,0,0,1,0,0,4,0,4,1,Table,0,0,0,0,0,0,0,0,0,1,0,0,1
wsj331.png,4712.png,39,1,0,0,0,1,0,N,single,"axes text,title(s),annotation(s)",0,0,1,1,1,0,0,0,0,0,0,3,1,1,1,"Diagram,Line",0,0,0,1,0,0,1,0,0,0,0,0,2
vis256.png,4713.png,23.6,0,1,0,0,1,0,I,single,"title(s),text-only,caption(s)",0,0,0,1,0,1,0,0,1,0,1,3,8,3,1,Table,0,0,0,0,0,0,0,0,0,1,0,0,1
visMost303.png,4714.png,90.2,0,1,0,0,0,1,I,multipanel,"axes labels,axes text,title(s),annotation(s),caption(s),legend title,legend text",0,1,1,1,1,1,1,1,0,0,0,4,2,3,3,"Bar,Distribution",0,1,0,0,1,0,0,0,0,0,0,0,2
visMost465.png,4715.png,47,0,1,0,0,0,1,I,multipanel,"axes labels,axes text,title(s),annotation(s),caption(s)",0,1,1,1,1,1,0,0,0,0,1,8,5,1,7,"Area,Circle,Trees & Networks,Map",1,0,1,0,0,0,0,1,0,0,0,1,4
vis81.png,4716.png,42.4,0,1,0,0,0,1,I,multipanel,"axes text,title(s),annotation(s),caption(s),legend text",0,0,1,1,1,1,1,0,0,0,1,6,9,4,9,"Bar,Map,Diagram",0,1,0,1,0,0,0,1,0,0,0,0,3
vis530.png,4717.png,31.9,0,1,0,0,1,0,I,single,"caption(s),annotation(s),title(s)",0,0,0,1,1,1,0,0,0,0,0,4,6,1,1,Diagram,0,0,0,1,0,0,0,0,0,0,0,0,1
wsj457.png,4718.png,22,1,0,0,0,1,0,N,single,"title(s),annotation(s),caption(s)",0,0,0,1,1,1,0,0,0,0,0,4,0,0,1,Diagram,0,0,0,1,0,0,0,0,0,0,0,0,1
v488_n7413_17_f1.png,4719.png,84.8,0,0,0,1,0,1,S,multipanel,"axes labels,axes text,annotation(s)",0,1,1,0,1,0,0,0,0,0,0,4,4,2,6,"Point,Distribution,Table",0,0,0,0,1,0,0,0,1,1,0,0,3
wsj443.png,4720.png,38.2,1,0,0,0,0,1,N,multipanel,"axes labels,axes text,title(s),annotation(s),caption(s),legend text",0,1,1,1,1,1,1,0,0,0,1,3,5,3,6,Line,0,0,0,0,0,0,1,0,0,0,0,0,1
visMost471.png,4721.png,53.8,0,1,0,0,0,1,I,multipanel,"title(s),caption(s),annotation(s)",0,0,0,1,1,1,0,0,0,0,1,3,1,1,6,"Diagram,Point,Distribution,Map,Table",0,0,0,1,1,0,0,1,1,1,0,0,5
vis95.png,4722.png,39.2,0,1,0,0,1,0,I,single,"text-only,title(s),caption(s)",0,0,0,1,0,1,0,0,1,0,1,8,0,1,5,Table,0,0,0,0,0,0,0,0,0,1,0,0,1
vis524.png,4723.png,78.3,0,1,0,0,1,0,I,single,"title(s),caption(s)",0,0,0,1,0,1,0,0,0,0,1,7,3,1,4,"Bar,Circle,Diagram",0,1,1,1,0,0,0,0,0,0,0,0,3
vis242.png,4724.png,46.7,0,1,0,0,0,1,I,multipanel,"title(s),annotation(s),caption(s)",0,0,0,1,1,1,0,0,0,0,1,12,5,4,12,"Distribution,Line,Table,Circle",0,0,1,0,1,0,1,0,0,1,0,0,4
visMost317.png,4725.png,43,0,1,0,0,0,1,I,multipanel,"axes text,title(s),annotation(s),caption(s)",0,0,1,1,1,1,0,0,0,0,0,8,3,2,5,"Bar,Diagram,Table",0,1,0,1,0,0,0,0,0,1,0,0,3
v487_n7407_21_f2.png,4726.png,72.8,0,0,0,1,0,1,S,multipanel,"axes labels,axes text,annotation(s),legend text",0,1,1,0,1,0,1,0,0,0,0,9,6,7,8,"Bar,Point,Table,Area",1,1,0,0,0,0,0,0,1,1,0,0,4
wsj325.png,4727.png,25.5,1,0,0,0,0,1,N,multipanel,"axes text,caption(s),title(s)",0,0,1,1,0,1,0,0,0,0,1,3,2,1,6,Line,0,0,0,0,0,0,1,0,0,0,0,0,1
v488_n7413_17_f3.png,4728.png,49,0,0,0,1,0,1,S,multipanel,"axes labels,axes text,title(s),annotation(s),legend text",0,1,1,1,1,0,1,0,0,0,0,5,3,2,4,"Table,Circle,Bar",0,1,1,0,0,0,0,0,0,1,0,0,3
vis532.png,4729.png,39.1,0,1,0,0,0,1,I,multipanel,"title(s),caption(s),annotation(s)",0,0,0,1,1,1,0,0,0,0,1,7,1,3,9,Table,0,0,0,0,0,0,0,0,0,1,0,0,1
vis83.png,4730.png,46.7,0,1,0,0,1,0,I,single,"title(s),annotation(s),legend text",0,0,0,1,1,0,1,0,0,0,1,13,0,2,1,Trees & Networks,0,0,0,0,0,0,0,0,0,0,0,1,1
visMost467.png,4731.png,49.1,0,1,0,0,0,1,I,multipanel,"title(s),annotation(s),caption(s),legend title,legend text",0,0,0,1,1,1,1,1,0,0,1,5,1,2,7,"Diagram,Trees & Networks,Map",0,0,0,1,0,0,0,1,0,0,0,1,3
visMost301.png,4732.png,57.1,0,1,0,0,0,1,I,multipanel,"axes labels,axes text,title(s),annotation(s)",0,1,1,1,1,0,0,0,0,0,0,6,5,1,43,"Line,Map,Bar,Circle",0,1,1,0,0,0,1,1,0,0,0,0,4
vis254.png,4733.png,65.4,0,1,0,0,0,1,I,multipanel,"annotation(s),caption(s),legend title,legend text",0,0,0,0,1,1,1,1,0,0,0,2,1,1,1,Trees & Networks,0,0,0,0,0,0,0,0,0,0,0,1,1
wsj333.png,4734.png,24.3,1,0,0,0,0,1,N,multipanel,"axes text, title(s),annotation(s),caption(s)",0,0,1,1,1,1,0,0,0,0,1,3,3,1,2,"Bar,Table",0,1,0,0,0,0,0,0,0,1,0,0,2
wsj327.png,4735.png,51.5,1,0,0,0,0,1,N,multipanel,"axes labels,title(s),axes text,annotation(s),caption(s),legend text",0,1,1,1,1,1,1,0,0,0,1,6,7,1,5,Line,0,0,0,0,0,0,1,0,0,0,0,0,1
v487_n7408_18_f4.png,4736.png,87,0,0,0,1,0,1,S,multipanel,"title(s),annotation(s),legend text,legend title",0,0,0,1,1,0,1,1,0,0,0,11,1,3,8,"Diagram,Circle,Trees & Networks",0,0,1,1,0,0,0,0,0,0,0,1,3
visMost315.png,4737.png,36.1,0,1,0,0,0,1,I,multipanel,"title(s),text-only,caption(s)",0,0,0,1,0,1,0,0,1,0,1,5,1,1,4,"Table,Diagram",0,0,0,1,0,0,0,0,0,1,0,0,2
vis240.png,4738.png,36.3,0,1,0,0,0,1,I,multipanel,"axes labels,axes text,title(s),annotation(s),caption(s),legend title,legend text",0,1,1,1,1,1,1,1,0,0,1,8,7,2,7,"Line,Diagram,Bar,Table",0,1,0,1,0,0,1,0,0,1,0,0,4
vis526.png,4739.png,34.4,0,1,0,0,0,1,I,multipanel,"title(s),annotation(s)",0,0,0,1,1,0,0,0,0,0,1,14,4,5,8,"Table,Diagram",0,0,0,1,0,0,0,0,0,1,0,0,2
vis97.png,4740.png,42.1,0,1,0,0,1,0,I,single,"title(s),caption(s)",0,0,0,1,0,1,0,0,0,0,1,18,2,2,7,"Table,Diagram",0,0,0,1,0,0,0,0,0,1,0,0,2
visMost473.png,4741.png,65.3,0,1,0,0,1,0,I,single,"title(s),annotation(s),legend text",0,0,0,1,1,0,1,0,0,0,1,4,1,1,1,Trees & Networks,0,0,0,0,0,0,0,0,0,0,0,1,1
wsj441.png,4742.png,22.1,1,0,0,0,1,0,N,single,"title(s),annotation(s),caption(s),legend title,legend text",0,0,0,1,1,1,1,1,0,0,1,5,1,2,1,Map,0,0,0,0,0,0,0,1,0,0,0,0,1
whoB09_1.png,4743.png,27.3,0,0,1,0,1,0,G,single,"axes labels,axes text,annotation(s)",0,1,1,0,1,0,0,0,0,0,0,6,2,1,1,"Line,Point",0,0,0,0,0,0,1,0,1,0,0,0,2
whoI18.png,4744.png,37,0,0,1,0,1,0,G,single,"annotation(s),caption(s)",0,0,0,0,1,1,0,0,0,1,0,0,0,3,1,"Diagram,Circle",0,0,1,1,0,0,0,0,0,0,0,0,2
economist_daily_chart_299.png,4745.png,52.9,1,0,0,0,0,1,N,multipanel,"axes labels,axes text,title(s),annotation(s),caption(s)",0,1,1,1,1,1,0,0,0,0,1,6,2,2,2,"Line,Point",0,0,0,0,0,0,1,0,1,0,0,0,2
wsj469.png,4746.png,22.400000000000002,1,0,0,0,0,1,N,multipanel,"title(s),caption(s),legend text",0,0,0,1,0,1,1,0,0,0,1,5,0,1,1,Map,0,0,0,0,0,0,0,1,0,0,0,0,1
v488_n7412_11_f1.png,4747.png,73,0,0,0,1,1,0,S,single,"title(s),annotation(s),caption(s)",0,0,0,1,1,1,0,0,0,0,0,1,0,4,4,"Trees & Networks,Table",0,0,0,0,0,0,0,0,0,1,0,1,2
v490_n7419_23_f4.png,4748.png,88.6,0,0,0,1,0,1,S,multipanel,"axes labels,axes text,annotation(s),legend title,legend text",0,1,1,0,1,0,1,1,0,0,0,11,7,3,19,"Line,Point,Table",0,0,0,0,0,0,1,0,1,1,0,0,3
vis268.png,4749.png,38.8,0,1,0,0,0,1,I,multipanel,"title(s),legend text,annotation(s),caption(s),axes text",0,0,1,1,1,1,1,0,0,0,1,12,4,1,8,"Area,Diagram,Circle",1,0,1,1,0,0,0,0,0,0,0,0,3
visMost329.png,4750.png,57.7,0,1,0,0,1,0,I,single,"title(s),caption(s),annotation(s)",0,0,0,1,1,1,0,0,0,0,0,5,0,0,5,Diagram,0,0,0,1,0,0,0,0,0,0,0,0,1
whoJ29_2.png,4751.png,12.9,0,0,1,0,1,0,G,single,"axes labels,axes text,title(s),annotation(s),caption(s),legend text",0,1,1,1,1,1,1,0,0,0,0,2,1,2,1,Bar,0,1,0,0,0,0,0,0,0,0,0,0,1
whoH11_3.png,4752.png,8.1,0,0,1,0,0,1,G,multipanel,"axes labels,axes text,title(s),annotation(s)",0,1,1,1,1,0,0,0,0,0,1,4,1,1,1,Bar,0,1,0,0,0,0,0,0,0,0,0,0,1
v487_n7407_5_f4.png,4753.png,73,0,0,0,1,1,0,S,single,"axes text,axes labels",0,1,1,0,0,0,0,0,0,0,0,3,1,2,2,"Bar,Table",0,1,0,0,0,0,0,0,0,1,0,0,2
vis40.png,4754.png,55.1,0,1,0,0,0,1,I,multipanel,"title(s),caption(s),legend text",0,0,0,1,0,1,1,0,0,0,1,6,4,2,7,"Table,Diagram,Map",0,0,0,1,0,0,0,1,0,1,0,0,3
economist_daily_chart_266.png,4755.png,45.3,1,0,0,0,1,0,N,single,"axes text,title(s),legend title,legend text",0,0,1,1,0,0,1,1,0,0,1,6,1,2,1,Point,0,0,0,0,0,0,0,0,1,0,0,0,1
wsj496.png,4756.png,42.2,1,0,0,0,1,0,N,single,"axes text,title(s),annotation(s),caption(s)",0,0,1,1,1,1,0,0,0,0,1,4,2,4,5,"Bar,Line,Area",1,1,0,0,0,0,1,0,0,0,0,0,3
np_11.png,4757.png,59.7,1,0,0,0,1,0,N,single,"title(s),annotation(s),caption(s)",0,0,0,1,1,1,0,0,0,0,0,7,2,2,31,"Circle,Trees & Networks",0,0,1,0,0,0,0,0,0,0,0,1,2
v485_n7397_14_f2.png,4758.png,56,0,0,0,1,0,1,S,multipanel,"axes labels,axes text,annotation(s),legend text",0,1,1,0,1,0,1,0,0,0,0,5,3,3,3,"Line,Point",0,0,0,0,0,0,1,0,1,0,0,0,2
v487_n7405_16_f2.png,4759.png,83.5,0,0,0,1,0,1,S,multipanel,"axes labels,title(s),annotation(s),legend text",0,1,0,1,1,0,1,0,0,0,0,5,6,4,8,"Line,Bar,Diagram",0,1,0,1,0,0,1,0,0,0,0,0,3
economist_daily_chart_500.png,4760.png,28,1,0,0,0,0,1,N,multipanel,"egend title,legend text,caption(s)",0,0,0,0,0,1,1,0,0,0,1,5,2,1,1,Bar,0,1,0,0,0,0,0,0,0,0,0,0,1
whoN23_1.png,4761.png,26.1,0,0,1,0,1,0,G,single,"axes labels,axes text,title(s),legend text",0,1,1,1,0,0,1,0,0,0,0,3,1,2,1,Bar,0,1,0,0,0,0,0,0,0,0,0,0,1
vis283.png,4762.png,38.3,0,1,0,0,0,1,I,multipanel,"title(s),legend text,annotation(s),caption(s)",0,0,0,1,1,1,1,0,0,0,0,4,5,2,6,"Distribution,Bar,Table",0,1,0,0,1,0,0,0,0,1,0,0,3
economist_daily_chart_514.png,4763.png,24.5,1,0,0,0,1,0,N,single,"axes text,title(s),annotation(s),caption(s)",0,0,1,1,1,1,0,0,0,0,1,4,2,1,1,Line,0,0,0,0,0,0,1,0,0,0,0,0,1
treasuryA8.png,4764.png,20.8,0,0,1,0,1,0,G,single,"axes labels,axes text,title(s),annotation(s),caption(s)",0,1,1,1,1,1,0,0,0,0,0,4,2,0,1,Line,0,0,0,0,0,0,1,0,0,0,0,0,1
economist_daily_chart_272.png,4765.png,15.9,1,0,0,0,0,1,N,multipanel,"axes labels,axes text,title(s),caption(s)",0,1,1,1,0,1,0,0,0,0,1,3,1,1,2,Bar,0,1,0,0,0,0,0,0,0,0,0,0,1
wsj482.png,4766.png,11.2,1,0,0,0,1,0,N,single,"title(s),annotation(s),caption(s)",0,0,0,1,1,1,0,0,0,0,1,3,1,1,1,Bar,0,1,0,0,0,0,0,0,0,0,0,0,1
v488_n7411_20_f1.png,4767.png,84,0,0,0,1,0,1,S,multipanel,"axes labels,axes text,annotation(s),legend text",0,1,1,0,1,0,1,0,0,0,0,6,1,3,5,"Bar,Diagram",0,1,0,1,0,0,0,0,0,0,0,0,2
vis54.png,4768.png,28.4,0,1,0,0,1,0,I,single,"title(s),caption(s),annotation(s)",0,0,0,1,1,1,0,0,0,0,1,4,1,0,1,Diagram,0,0,0,1,0,0,0,0,0,0,0,0,1
v489_n7417_1_f5.png,4769.png,45.5,0,0,0,1,0,1,S,multipanel,"axes labels,axes text,annotation(s)",0,1,1,0,1,0,0,0,0,0,0,7,4,1,3,"Line,Point,Diagram",0,0,0,1,0,0,1,0,1,0,0,0,3
v483_n7390_20_f3.png,4770.png,84.7,0,0,0,1,0,1,S,multipanel,"axes labels,axes text,legend text",0,1,1,0,0,0,1,0,0,0,0,8,2,3,6,"Bar,Grid & Matrix,Table",0,1,0,0,0,1,0,0,0,1,0,0,3
whoG03.png,4771.png,21.9,0,0,1,0,0,1,G,multipanel,"axes labels,axes text,title(s),legend text",0,1,1,1,0,0,1,0,0,0,1,5,1,2,1,Bar,0,1,0,0,0,0,0,0,0,0,0,0,1
visMost498.png,4772.png,33.6,0,1,0,0,0,1,I,multipanel,"title(s),annotation(s),caption(s)",0,0,0,1,1,1,0,0,0,0,1,5,5,3,7,"Bar,Table,Distribution",0,1,0,0,1,0,0,0,0,1,0,0,3
whoQ22_2.png,4773.png,23.4,0,0,1,0,1,0,G,single,"axes labels,axes text,title(s),caption(s),legend text",0,1,1,1,0,1,1,0,0,0,0,4,3,0,1,"Area,Bar",1,1,0,0,0,0,0,0,0,0,0,0,2
v490_n7420_6_f1.png,4774.png,65.2,0,0,0,1,0,1,S,multipanel,annotation(s),0,0,0,0,1,0,0,0,0,0,0,4,0,1,3,Diagram,0,0,0,1,0,0,0,0,0,0,0,0,1
np_39.png,4775.png,79,1,0,0,0,1,0,N,single,"title(s),caption(s)",0,0,0,1,0,1,0,0,0,0,0,1,1,1,1,Distribution,0,0,0,0,1,0,0,0,0,0,0,0,1
v485_n7398_23_f3.png,4776.png,71.1,0,0,0,1,0,1,S,multipanel,"axes labels, axes text",0,1,1,0,0,0,0,0,0,0,0,2,3,0,4,"Bar,Grid & Matrix",0,1,0,0,0,1,0,0,0,0,0,0,2
economist_daily_chart_528.png,4777.png,16.8,1,0,0,0,1,0,N,single,"axes text,title(s),caption(s)",0,0,1,1,0,1,0,0,0,0,1,2,1,1,1,Bar,0,1,0,0,0,0,0,0,0,0,0,0,1
vis68.png,4778.png,48.6,0,1,0,0,0,1,I,multipanel,"title(s),axes text,caption(s),annotation(s)",0,0,1,1,1,1,0,0,0,0,1,7,10,3,7,"Bar,Point,Map,Table",0,1,0,0,0,0,0,1,1,1,0,0,4
whoQ41_1.png,4779.png,21.8,0,0,1,0,1,0,G,single,"axes text,title(s),legend text",0,0,1,1,0,0,1,0,0,0,0,3,1,2,1,Bar,0,1,0,0,0,0,0,0,0,0,0,0,1
wsj131.png,4780.png,25,1,0,0,0,0,1,N,multipanel,"axes labels,axes text,title(s),annotation(s),caption(s),legend text",0,1,1,1,1,1,1,0,0,0,1,4,2,1,7,Bar,0,1,0,0,0,0,0,0,0,0,0,0,1
visMost103.png,4781.png,47.6,0,1,0,0,0,1,I,multipanel,"axes text,title(s),annotation(s),caption(s)",0,0,1,1,1,1,0,0,0,0,0,1,4,1,8,"Circle,Table,Diagram",0,0,1,1,0,0,0,0,0,1,0,0,3
visMost18.png,4782.png,58.4,0,1,0,0,0,1,I,multipanel,"axes labels,axes text,title(s),annotation(s),caption(s)",0,1,1,1,1,1,0,0,0,0,1,3,14,3,16,"Diagram,Circle,Bar,Area",1,1,1,1,0,0,0,0,0,0,0,0,4
visMost665.png,4783.png,41.6,0,1,0,0,1,0,I,single,"title(s),annotation(s),caption(s)",0,0,0,1,1,1,0,0,0,0,0,12,0,4,1,"Diagram,Circle",0,0,1,1,0,0,0,0,0,0,0,0,2
whoK26.png,4784.png,11.5,0,0,1,0,1,0,G,single,"title(s),annotation(s),caption(s)",0,0,0,1,1,1,0,0,0,0,0,4,1,1,1,Circle,0,0,1,0,0,0,0,0,0,0,0,0,1
vis730.png,4785.png,46,0,1,0,0,0,1,I,multipanel,"title(s),axes text,annotation(s),caption(s)",0,0,1,1,1,1,0,0,0,0,1,16,5,5,5,"Bar,Circle,Diagram,Table",0,1,1,1,0,0,0,0,0,1,0,0,4
v487_n7405_20_f3.png,4786.png,64.1,0,0,0,1,0,1,S,multipanel,"axes labels,axes text,legend text",0,1,1,0,0,0,1,0,0,0,0,4,3,3,11,"Bar,Table,Text",0,1,0,0,0,0,0,0,0,1,1,0,3
visMost671.png,4787.png,46.2,0,1,0,0,0,1,I,multipanel,"annotation(s),caption(s)",0,0,0,0,1,1,0,0,0,0,1,6,13,13,16,"Circle,Table,Diagram",0,0,1,1,0,0,0,0,0,1,0,0,3
vis724.png,4788.png,43.9,0,1,0,0,0,1,I,multipanel,"title(s),annotation(s),axes text,caption(s)",0,0,1,1,1,1,0,0,0,0,0,6,2,1,6,Line,0,0,0,0,0,0,1,0,0,0,0,0,1
visMost117.png,4789.png,42.8,0,1,0,0,0,1,I,multipanel,"title(s),caption(s),axes text,annotation(s)",0,0,1,1,1,1,0,0,0,0,0,4,8,3,9,"Circle,Line,Table,Bar,Diagram",0,1,1,1,0,0,1,0,0,1,0,0,5
wsj125.png,4790.png,19.6,1,0,0,0,1,0,N,single,"title(s),caption(s)",0,0,0,1,0,1,0,0,0,0,1,2,0,1,1,Diagram,0,0,0,1,0,0,0,0,0,0,0,0,1
v484_n7394_5_f1.png,4791.png,57.5,0,0,0,1,1,0,S,single,"axes labels,legend text,axes text",0,1,1,0,0,0,1,0,0,1,0,0,3,1,1,Line,0,0,0,0,0,0,1,0,0,0,0,0,1
v488_n7410_10_f2.png,4792.png,37.9,0,0,0,1,0,1,S,multipanel,"legend text,legend title(s)",0,0,0,1,0,0,1,1,0,0,0,8,1,1,2,Map,0,0,0,0,0,0,0,1,0,0,0,0,1
v485_n7398_15_f2.png,4793.png,47.2,0,0,0,1,1,0,S,single,"axes text,axes labels,annotation(s)",0,1,1,0,1,0,0,0,0,0,0,2,2,2,1,"Distribution,Line",0,0,0,0,1,0,1,0,0,0,0,0,2
visMost24.png,4794.png,49.1,0,1,0,0,1,0,I,single,"title(s),annotation(s)",0,0,0,1,1,0,0,0,0,0,0,11,0,1,1,"Diagram,Trees & Networks",0,0,0,1,0,0,0,0,0,0,0,1,2
visMost659.png,4795.png,73.6,0,1,0,0,0,1,I,multipanel,"axes text,annotation(s)",0,0,1,0,1,0,0,0,0,0,0,6,3,3,3,"Distribution,Bar,Area",1,1,0,0,1,0,0,0,0,0,0,0,3
v484_n7395_5_f1.png,4796.png,81.8,0,0,0,1,0,1,S,multipanel,"axes text,axes labels,legend title(s),legend text",0,1,1,1,0,0,1,1,0,0,0,8,5,1,15,"Line,Area",1,0,0,0,0,0,1,0,0,0,0,0,2
visMost30.png,4797.png,53.5,0,1,0,0,0,1,I,multipanel,"title(s),caption(s),axes text,annotation(s)",0,0,1,1,1,1,0,0,0,0,1,3,1,1,2,"Table,Diagram",0,0,0,1,0,0,0,0,0,1,0,0,2
vis718.png,4798.png,49.5,0,1,0,0,1,0,I,single,"title(s),caption(s),annotation(s)",0,0,0,1,1,1,0,0,0,0,0,5,1,1,1,"Circle,Area",1,0,1,0,0,0,0,0,0,0,0,0,2
whoH13_1.png,4799.png,9,0,0,1,0,0,1,G,multipanel,"title(s),axes text,axes labels",0,1,1,1,0,0,0,0,0,0,0,1,1,1,1,Bar,0,1,0,0,0,0,0,0,0,0,0,0,1
v483_n7390_16_f2.png,4800.png,81.6,0,0,0,1,0,1,S,multipanel,"axes labels,axes text,annotation(s)",0,1,1,0,1,0,0,0,0,1,0,0,5,3,9,"Bar,Table",0,1,0,0,0,0,0,0,0,1,0,0,2
v488_n7409_12_f4.png,4801.png,60.5,0,0,0,1,1,0,S,single,"annotation(s),axes text",0,0,1,0,1,0,0,0,0,0,0,2,2,3,1,"Trees & Networks,Table",0,0,0,0,0,0,0,0,0,1,0,1,2
v485_n7396_24_f1.png,4802.png,80.6,0,0,0,1,0,1,S,multipanel,"annotation(s),axes labels,axes text",0,1,1,0,1,0,0,0,0,0,0,6,5,5,10,"Circle,Text,Distribution,Diagram",0,0,1,1,1,0,0,0,0,0,1,0,4
wsj119.png,4803.png,17.4,1,0,0,0,1,0,N,single,"title(s),caption(s),legend title,legend text,annotation(s)",0,0,0,1,1,1,1,1,0,0,1,9,2,1,2,"Map,Table",0,0,0,0,0,0,0,1,0,1,0,0,2
v484_n7392_21_f4.png,4804.png,65.9,0,0,0,1,0,1,S,multipanel,"axes text,axes labels",0,1,1,0,0,0,0,0,0,0,0,3,2,1,3,"Bar,Diagram,Table",0,1,0,1,0,0,0,0,0,1,0,0,3
economist_daily_chart_60.png,4805.png,18.9,1,0,0,0,1,0,N,single,text-only,0,0,0,0,0,0,0,0,1,0,1,2,2,2,1,Table,0,0,0,0,0,0,0,0,0,1,0,0,1
v487_n7407_17_f1.png,4806.png,27,0,0,0,1,0,1,S,multipanel,"axes labels,axes text",0,1,1,0,0,0,0,0,0,0,0,3,3,0,2,Line,0,0,0,0,0,0,1,0,0,0,0,0,1
v488_n7410_7_f5.png,4807.png,61,0,0,0,1,0,1,S,multipanel,"annotation(s),axes labels, axes text",0,1,1,0,1,0,0,0,0,0,0,7,3,1,4,"Line,Diagram,Table",0,0,0,1,0,0,1,0,0,1,0,0,3
economist_daily_chart_74.png,4808.png,18.9,1,0,0,0,1,0,N,single,"legend text,legend title",0,0,0,0,0,0,1,1,0,0,0,4,0,2,1,Map,0,0,0,0,0,0,0,1,0,0,0,0,1
v488_n7413_21_f2.png,4809.png,86.4,0,0,0,1,0,1,S,multipanel,"axes labels,axes text,annotation(s)",0,1,1,0,1,0,0,0,0,0,0,2,7,4,12,"Bar,Line,Table",0,1,0,0,0,0,1,0,0,1,0,0,3
v485_n7400_20_f4.png,4810.png,83.3,0,0,0,1,0,1,S,multipanel,"axes labels,axes text,annotation(s),title(s)",0,1,1,1,1,0,0,0,0,0,0,5,9,3,19,"Line,Bar,Distribution,Table,Point",0,1,0,0,1,0,1,0,1,1,0,0,5
v487_n7406_11_f3.png,4811.png,79,0,0,0,1,0,1,S,multipanel,"legend text,annotation(s),axes labels,caption(s),axes text",0,1,1,0,1,1,1,0,0,0,0,6,2,3,4,"Diagram,Line",0,0,0,1,0,0,1,0,0,0,0,0,2
vis917.png,4812.png,39.6,0,1,0,0,0,1,I,multipanel,"title(s),annotation(s),caption(s)",0,0,0,1,1,1,0,0,0,0,1,7,3,2,5,"Circle,Diagram,Table",0,0,1,1,0,0,0,0,0,1,0,0,3
whoC32_2.png,4813.png,10.8,0,0,1,0,0,1,G,multipanel,"caption(s),title(s),annotation(s)",0,0,0,1,1,1,0,0,0,0,0,3,1,1,1,Circle,0,0,1,0,0,0,0,0,0,0,0,0,1
v485_n7400_7_f2.png,4814.png,64.7,0,0,0,1,1,0,S,single,"axes labels,axes text,annotation(s),legend text",0,1,1,0,1,0,1,0,0,0,0,4,3,2,1,Line,0,0,0,0,0,0,1,0,0,0,0,0,1
v487_n7407_19_f4.png,4815.png,81.3,0,0,0,1,0,1,S,multipanel,"legend text,annotation(s),axes labels",0,1,0,0,1,0,1,0,0,0,0,3,3,5,3,"Circle,Diagram",0,0,1,1,0,0,0,0,0,0,0,0,2
v490_n7419_15_f5.png,4816.png,50.8,0,0,0,1,0,1,S,multipanel,"legend title,legend text",0,0,0,0,0,0,1,1,0,0,0,11,3,1,3,Map,0,0,0,0,0,0,0,1,0,0,0,0,1
whoC14_1.png,4817.png,26.8,0,0,1,0,0,1,G,multipanel,"title(s),legend text,legend title",0,0,0,1,0,0,1,1,0,0,0,4,1,1,1,Map,0,0,0,0,0,0,0,1,0,0,0,0,1
vis903.png,4818.png,59.1,0,1,0,0,0,1,I,multipanel,"title(s),caption(s),annotation(s),axes text",0,0,1,1,1,1,0,0,0,0,1,17,2,4,1,"Bar,Diagram,Table",0,1,0,1,0,0,0,0,0,1,0,0,3
economist_daily_chart_48.png,4819.png,15.9,1,0,0,0,1,0,N,single,"title(s),caption(s),legend title,legend text,annotation(s)",0,0,0,1,1,1,1,1,0,0,0,7,1,1,1,Map,0,0,0,0,0,0,0,1,0,0,0,0,1
whoK12_1.png,4820.png,39.2,0,0,1,0,1,0,G,single,"caption(s),title(s),axes text,axes labels,legend text,annotation(s)",0,1,1,1,1,1,1,0,0,0,0,4,2,1,1,Bar,0,1,0,0,0,0,0,0,0,0,0,0,1
v484_n7395_9_f1.png,4821.png,77.8,0,0,0,1,0,1,S,multipanel,"axes labels,axes text,annotation(s)",0,1,1,0,1,0,0,0,0,0,0,4,4,1,3,"Line,Area",1,0,0,0,0,0,1,0,0,0,0,0,2
vis122.png,4822.png,48.1,0,1,0,0,0,1,I,multipanel,"title(s),caption(s)",0,0,0,1,0,1,0,0,0,0,1,7,0,2,1,"Table,Diagram,Distribution",0,0,0,1,1,0,0,0,0,1,0,0,3
vis644.png,4823.png,74.6,0,1,0,0,0,1,I,multipanel,"title(s),caption(s),axes labels,axes text,legend text",0,1,1,1,0,1,1,0,0,0,1,7,4,5,2,"Point,Distribution,Bar,Area",1,1,0,0,1,0,0,0,1,0,0,0,4
v484_n7392_3_f5.png,4824.png,71.6,0,0,0,1,0,1,S,multipanel,"annotation(s),axes text",0,0,1,0,1,0,0,0,0,0,0,2,1,1,4,Diagram,0,0,0,1,0,0,0,0,0,0,0,0,1
visMost711.png,4825.png,19.5,0,1,0,0,1,0,I,single,"title(s),text-only",0,0,0,1,0,0,0,0,1,0,1,6,0,3,3,Table,0,0,0,0,0,0,0,0,0,1,0,0,1
whoL02_1.png,4826.png,46.6,0,0,1,0,1,0,G,single,"caption(s),annotation(s)",0,0,0,0,1,1,0,0,0,0,1,3,0,3,1,Diagram,0,0,0,1,0,0,0,0,0,0,0,0,1
v486_n7402_16_f3.png,4827.png,75.9,0,0,0,1,0,1,S,multipanel,"axes labels,axes text,annotation(s)",0,1,1,0,1,0,0,0,0,0,0,4,3,1,2,"Point,Area,Line",1,0,0,0,0,0,1,0,1,0,0,0,3
vis650.png,4828.png,22.5,0,1,0,0,0,1,I,multipanel,"title(s),annotation(s),axes text,caption(s)",0,0,1,1,1,1,0,0,0,1,1,1,2,1,2,"Diagram,Map",0,0,0,1,0,0,0,1,0,0,0,0,2
vis888.png,4829.png,29.3,0,1,0,0,1,0,I,single,"title(s),annotation(s),caption(s)",0,0,0,1,1,1,0,0,0,0,1,16,0,3,1,"Diagram,Table",0,0,0,1,0,0,0,0,0,1,0,0,2
visMost705.png,4830.png,22.2,0,1,0,0,1,0,I,single,"title(s),axes text,annotation(s),caption(s)",0,0,1,1,1,1,0,0,0,0,1,19,0,1,1,Diagram,0,0,0,1,0,0,0,0,0,0,0,0,1
v483_n7389_18_f4.png,4831.png,56.3,0,0,0,1,0,1,S,multipanel,"axes labels,axes text,annotation(s),legend text",0,1,1,0,1,0,1,0,0,0,0,5,4,1,7,"Point,Diagram,Table",0,0,0,1,0,0,0,0,1,1,0,0,3
vis136.png,4832.png,39.6,0,1,0,0,0,1,I,multipanel,"title(s),caption(s),annotation(s)",0,0,0,1,1,1,0,0,0,0,1,12,10,2,3,"Table,Diagram",0,0,0,1,0,0,0,0,0,1,0,0,2
v483_n7389_16_f1.png,4833.png,64.7,0,0,0,1,0,1,S,multipanel,"axes text,axes labels,annotation(s),legend text",0,1,1,0,1,0,1,0,0,0,0,5,5,1,10,"Line,Diagram",0,0,0,1,0,0,1,0,0,0,0,0,2
whoK09_2.png,4834.png,11.7,0,0,1,0,1,0,G,single,"title(s),annotation(s),legend text,axes labels,axes text",0,1,1,1,1,0,1,0,0,0,0,2,2,1,1,Bar,0,1,0,0,0,0,0,0,0,0,0,0,1
vis678.png,4835.png,39.2,0,1,0,0,1,0,I,single,"title(s),caption(s),annotation(s),axes text",0,0,1,1,1,1,0,0,0,0,1,4,1,2,2,Bar,0,1,0,0,0,0,0,0,0,0,0,0,1
v486_n7401_1_f1.png,4836.png,78.2,0,0,0,1,0,1,S,multipanel,"annotation(s),axes labels",0,1,0,0,1,0,0,0,0,0,0,4,1,3,9,"Point,Table,Diagram",0,0,0,1,0,0,0,0,1,1,0,0,3
treasuryK06.png,4837.png,30.6,0,0,1,0,1,0,G,single,"axes text,axes labels,caption(s),annotation(s),caption(s),legend text",0,1,1,0,1,1,1,0,0,0,0,3,2,1,1,Bar,0,1,0,0,0,0,0,0,0,0,0,0,1
v488_n7409_10_f1.png,4838.png,46.1,0,0,0,1,1,0,S,single,"axes labels,axes text,legend text",0,1,1,0,0,0,1,0,0,0,0,17,3,0,1,Map,0,0,0,0,0,0,0,1,0,0,0,0,1
v485_n7396_26_f4.png,4839.png,81.9,0,0,0,1,0,1,S,multipanel,"legend text,axes labels,axes text",0,1,1,0,0,0,1,0,0,0,0,6,4,5,7,"Bar,Line,Table",0,1,0,0,0,0,1,0,0,1,0,0,3
visMost739.png,4840.png,43.8,0,1,0,0,0,1,I,multipanel,"title(s),caption(s),legend text,annotation(s)",0,0,0,1,1,1,1,0,0,0,1,3,1,1,1,"Circle,Area",1,0,1,0,0,0,0,0,0,0,0,0,2
v484_n7395_7_f4.png,4841.png,75.4,0,0,0,1,0,1,S,multipanel,"axes text,axes labels,legend title,legend text,annotation(s)",0,1,1,0,1,0,1,1,0,0,0,9,6,2,19,"Circle,Line,Point,Area,Trees & Networks",1,0,1,0,0,0,1,0,1,0,0,1,5
vis687.png,4842.png,62.4,0,1,0,0,0,1,I,multipanel,"title(s),caption(s),axes text,axes labels,annotation(s)",0,1,1,1,1,1,0,0,0,0,1,17,5,5,6,"Line,Table,Point,Diagram",0,0,0,1,0,0,1,0,1,1,0,0,4
vis693.png,4843.png,38.6,0,1,0,0,0,1,I,multipanel,"title(s),annotation(s),caption(s)",0,0,0,1,1,1,0,0,0,0,1,4,9,5,12,"Circle,Point,Distribution,Table,Bar",0,1,1,0,1,0,0,0,1,1,0,0,5
v490_n7418_11_f2.png,4844.png,74.8,0,0,0,1,0,1,S,multipanel,"axes labels,axes text,annotation(s)",0,1,1,0,1,0,0,0,0,0,0,5,7,1,5,"Line,Distribution,Area",1,0,0,0,1,0,1,0,0,0,0,0,3
economist_daily_chart_104.png,4845.png,40.5,1,0,0,0,0,1,N,multipanel,"title(s),axes text,caption(s),legend title,legend text,axes labels",0,1,1,1,0,1,1,1,0,0,1,4,5,3,3,"Bar,Line",0,1,0,0,0,0,1,0,0,0,0,0,2
whoC13.png,4846.png,4.4,0,0,1,0,0,1,G,multipanel,"title(s),axes labels,axes text",0,1,1,1,0,0,0,0,0,0,0,1,2,0,1,Bar,0,1,0,0,0,0,0,0,0,0,0,0,1
vis863.png,4847.png,28.6,0,1,0,0,1,0,I,single,"title(s),annotation(s),caption(s)",0,0,0,1,1,1,0,0,0,0,1,4,1,4,1,Diagram,0,0,0,1,0,0,0,0,0,0,0,0,1
v487_n7406_13_f6.png,4848.png,55.6,0,0,0,1,0,1,S,multipanel,"axes labels,axes text,annotation(s)",0,1,1,0,1,0,0,0,0,0,0,7,4,1,2,"Line,Area,Diagram",1,0,0,1,0,0,1,0,0,0,0,0,3
whoH08_2.png,4849.png,1.9000000000000001,0,0,1,0,0,1,G,multipanel,"title(s),axes text,axes labels,annotation(s)",0,1,1,1,1,0,0,0,0,0,1,3,1,1,1,Bar,0,1,0,0,0,0,0,0,0,0,0,0,1
economist_daily_chart_138.png,4850.png,18.8,1,0,0,0,1,0,N,single,"title(s),legend title,legend text,axes text,caption(s)",0,0,1,1,0,1,1,1,0,0,0,3,1,2,1,Bar,0,1,0,0,0,0,0,0,0,0,0,0,1
v484_n7394_17_f2.png,4851.png,75.4,0,0,0,1,0,1,S,multipanel,"axes text,axes labels",0,1,1,0,0,0,0,0,0,1,0,0,1,7,9,Table,0,0,0,0,0,0,0,0,0,1,0,0,1
v487_n7405_4_f3.png,4852.png,78.5,0,0,0,1,0,1,S,multipanel,"axes labels,axes text,annotation(s)",0,1,1,0,1,0,0,0,0,0,0,4,3,17,3,"Bar,Table,Distribution, Line",0,1,0,0,1,0,1,0,0,1,0,0,4
vis877.png,4853.png,30.7,0,1,0,0,0,1,I,multipanel,"title(s),annotation(s),caption(s)",0,0,0,1,1,1,0,0,0,0,1,9,1,2,4,"Diagram,Bar",0,1,0,1,0,0,0,0,0,0,0,0,2
treasuryL09_1.png,4854.png,15.9,0,0,1,0,1,0,G,single,"text-only,caption(s)",0,0,0,0,0,1,0,0,1,0,0,1,3,1,1,Table,0,0,0,0,0,0,0,0,0,1,0,0,1
v485_n7397_8_f2.png,4855.png,66.5,0,0,0,1,0,1,S,multipanel,annotation(s),0,0,0,0,1,0,0,0,0,0,0,8,2,1,2,Diagram,0,0,0,1,0,0,0,0,0,0,0,0,1
whoC07.png,4856.png,19.5,0,0,1,0,0,1,G,multipanel,"title(s),legend text",0,0,0,1,0,0,1,0,0,0,0,3,0,1,1,Map,0,0,0,0,0,0,0,1,0,0,0,0,1
wsj521.png,4857.png,10.6,1,0,0,0,1,0,N,single,"title(s),annotation(s),caption(s),axes text",0,0,1,1,1,1,0,0,0,0,1,3,1,2,1,Bar,0,1,0,0,0,0,0,0,0,0,0,0,1
v489_n7414_21_f3.png,4858.png,56.1,0,0,0,1,0,1,S,multipanel,"axes text,axes labels,legend text,legend title,annotation(s)",0,1,1,0,1,0,1,1,0,0,0,5,9,2,5,"Distribution,Line,Point,Diagram",0,0,0,1,1,0,1,0,1,0,0,0,4
visMost513.png,4859.png,26.4,0,1,0,0,0,1,I,multipanel,"title(s),caption(s),annotation(s)",0,0,0,1,1,1,0,0,0,0,0,2,0,2,8,Diagram,0,0,0,1,0,0,0,0,0,0,0,0,1
vis446.png,4860.png,18.8,0,1,0,0,1,0,I,single,"title(s),caption(s),annotation(s)",0,0,0,1,1,1,0,0,0,0,1,8,1,1,1,Diagram,0,0,0,1,0,0,0,0,0,0,0,0,1
vis320.png,4861.png,49.5,0,1,0,0,0,1,I,multipanel,"title(s),annotation(s),axes text,caption(s),legend text",0,0,1,1,1,1,1,0,0,0,1,6,2,2,6,"Circle,Diagram,Area,Table",1,0,1,1,0,0,0,0,0,1,0,0,4
visMost275.png,4862.png,43.9,0,1,0,0,0,1,I,multipanel,"title(s),annotation(s),axes labels,axes text,caption(s),legend text",0,1,1,1,1,1,1,0,0,0,1,16,10,4,11,"Circle,Area,Line,Bar,Diagram",1,1,1,1,0,0,1,0,0,0,0,0,5
wsj247.png,4863.png,33.1,1,0,0,0,1,0,N,single,text-only,0,0,0,0,0,0,0,0,1,0,1,2,2,2,3,Diagram,0,0,0,1,0,0,0,0,0,0,0,0,1
wsj253.png,4864.png,17.6,1,0,0,0,1,0,N,single,"title(s),axes text,caption(s),annotation(s)",0,0,1,1,1,1,0,0,0,0,1,5,3,2,2,"Bar,Table",0,1,0,0,0,0,0,0,0,1,0,0,2
v483_n7388_7_f2.png,4865.png,66.9,0,0,0,1,0,1,S,multipanel,"axes labels,axes text,annotation(s)",0,1,1,0,1,0,0,0,0,0,0,2,5,2,6,Line,0,0,0,0,0,0,1,0,0,0,0,0,1
vis334.png,4866.png,43.8,0,1,0,0,0,1,I,multipanel,"title(s),caption(s),axes labels,axes text,annotation(s)",0,1,1,1,1,1,0,0,0,0,1,7,6,10,12,"Line,Diagram,Table,Bar",0,1,0,1,0,0,1,0,0,1,0,0,4
visMost261.png,4867.png,49.8,0,1,0,0,1,0,I,single,"text-only,title(s),caption(s),legend text",0,0,0,1,0,1,1,0,1,0,1,9,0,3,1,Table,0,0,0,0,0,0,0,0,0,1,0,0,1
visMost507.png,4868.png,46.9,0,1,0,0,0,1,I,multipanel,"title(s),caption(s),annotation(s)",0,0,0,1,1,1,0,0,0,0,1,8,6,3,11,"Bar,Circle,Diagram,Table",0,1,1,1,0,0,0,0,0,1,0,0,4
vis452.png,4869.png,22.2,0,1,0,0,0,1,I,multipanel,"title(s),annotation(s),caption(s)",0,0,0,1,1,1,0,0,0,0,1,20,2,1,6,"Area,Circle",1,0,1,0,0,0,0,0,0,0,0,0,2
wsj535.png,4870.png,15.6,1,0,0,0,0,1,N,multipanel,"title(s),legend text,caption(s),annotation(s),axes text",0,0,1,1,1,1,1,0,0,0,1,4,2,2,2,"Line,Point",0,0,0,0,0,0,1,0,1,0,0,0,2
v487_n7406_9_f4.png,4871.png,73.4,0,0,0,1,0,1,S,multipanel,annotation(s),0,0,0,0,1,0,0,0,0,0,0,6,0,1,3,Diagram,0,0,0,1,0,0,0,0,0,0,0,0,1
v490_n7419_21_f1.png,4872.png,89,0,0,0,1,0,1,S,multipanel,"axes labels,annotation(s),axes text,legend text",0,1,1,0,1,0,1,0,0,0,0,11,5,3,11,"Diagram,Line,Area",1,0,0,1,0,0,1,0,0,0,0,0,3
v487_n7406_7_f1.png,4873.png,72.5,0,0,0,1,0,1,S,multipanel,"annotation(s),axes labels,axes text",0,1,1,0,1,0,0,0,0,0,0,5,4,3,8,"Line,Point,Diagram",0,0,0,1,0,0,1,0,1,0,0,0,3
wsj57.png,4874.png,9.6,1,0,0,0,1,0,N,single,"title(s),legend title,axes text,legend text,caption(s)",0,0,1,1,0,1,1,1,0,0,1,4,2,1,1,Bar,0,1,0,0,0,0,0,0,0,0,0,0,1
visMost249.png,4875.png,29.1,0,1,0,0,1,0,I,single,"title(s),annotation(s),caption(s)",0,0,0,1,1,1,0,0,0,0,1,14,0,1,8,Diagram,0,0,0,1,0,0,0,0,0,0,0,0,1
vis308.png,4876.png,43.1,0,1,0,0,0,1,I,multipanel,"title(s),caption(s),annotation(s)",0,0,0,1,1,1,0,0,0,0,1,4,1,3,3,"Bar,Map,Diagram",0,1,0,1,0,0,0,1,0,0,0,0,3
v487_n7407_7_f1.png,4877.png,58.8,0,0,0,1,0,1,S,multipanel,"annotation(s),axes labels,axes text,legend text",0,1,1,0,1,0,1,0,0,0,0,5,3,5,5,"Point,Bar,Distribution",0,1,0,0,1,0,0,0,1,0,0,0,3
wsj43.png,4878.png,55.7,1,0,0,0,1,0,N,single,"title(s),caption(s),annotation(s),legend text",0,0,0,1,1,1,1,0,0,0,1,4,0,3,4,Map,0,0,0,0,0,0,0,1,0,0,0,0,1
wsj509.png,4879.png,25.2,1,0,0,0,1,0,N,single,"title(s),caption(s),annotation(s)",0,0,0,1,1,1,0,0,0,0,1,7,1,3,1,Bar,0,1,0,0,0,0,0,0,0,0,0,0,1
v484_n7393_13_f2.png,4880.png,89.7,0,0,0,1,0,1,S,multipanel,"annotation(s),axes labels,axes text,legend text",0,1,1,0,1,0,1,0,0,0,0,9,8,3,11,"Bar,Line,Table",0,1,0,0,0,0,1,0,0,1,0,0,3
v486_n7401_11_f2.png,4881.png,50.7,0,0,0,1,0,1,S,multipanel,"axes labels,axes text",0,1,1,0,0,0,0,0,0,0,0,2,4,2,2,"Line,Distribution",0,0,0,0,1,0,1,0,0,0,0,0,2
v490_n7418_2_f1.png,4882.png,74.4,0,0,0,1,0,1,S,multipanel,"legend text,axes labels,axes text,legend text",0,1,1,0,0,0,1,0,0,0,0,3,4,3,3,"Bar,Area,Line,Point",1,1,0,0,0,0,1,0,1,0,0,0,4
vis485.png,4883.png,37.4,0,1,0,0,0,1,I,multipanel,"title(s),caption(s),annotation(s)",0,0,0,1,1,1,0,0,0,0,1,9,8,5,8,"Diagram,Point,Diagram,Distribution,Table",0,0,0,1,1,0,0,0,1,1,0,0,4
economist_daily_chart_312.png,4884.png,8.8,1,0,0,0,1,0,N,single,"axes text,annotation(s),title(s)",0,0,1,1,1,0,0,0,0,0,0,2,1,1,1,Bar,0,1,0,0,0,0,0,0,0,0,0,0,1
economist_daily_chart_474.png,4885.png,11.9,1,0,0,0,1,0,N,single,"title(s),legend text,axes text",0,0,1,1,0,0,1,0,0,0,1,4,1,2,1,Bar,0,1,0,0,0,0,0,0,0,0,0,0,1
wsj284.png,4886.png,51,1,0,0,0,0,1,N,multipanel,"title(s),annotation(s),caption(s),legend title,legend text,axes text,axes labels",0,1,1,1,1,1,1,1,0,0,1,5,4,4,3,"Map,Line,Point",0,0,0,0,0,0,1,1,1,0,0,0,3
v486_n7402_20_f2.png,4887.png,72.3,0,0,0,1,0,1,S,multipanel,"axes labels,axes text",0,1,1,0,0,0,0,0,0,1,0,0,1,4,4,"Bar,Table",0,1,0,0,0,0,0,0,0,1,0,0,2
economist_daily_chart_460.png,4888.png,16,1,0,0,0,1,0,N,single,"title(s),caption(s),axes text,legend text",0,0,1,1,0,1,1,0,0,0,1,5,2,1,1,Bar,0,1,0,0,0,0,0,0,0,0,0,0,1
wsj290.png,4889.png,9.2,1,0,0,0,1,0,N,single,"axes text,title(s),annotation(s),caption(s),axes labels",0,1,1,1,1,1,0,0,0,0,0,2,2,1,2,"Bar,Table",0,1,0,0,0,0,0,0,0,1,0,0,2
v490_n7419_2_f1.png,4890.png,56.7,0,0,0,1,1,0,S,single,annotation(s),0,0,0,0,1,0,0,0,0,0,1,2,0,1,1,Diagram,0,0,0,1,0,0,0,0,0,0,0,0,1
v489_n7416_16_f1.png,4891.png,75.1,0,0,0,1,0,1,S,multipanel,"axes labels,axes text",0,1,1,0,0,0,0,0,0,0,0,5,5,3,12,"Point,Distribution,Diagram",0,0,0,1,1,0,0,0,1,0,0,0,3
economist_daily_chart_306.png,4892.png,34.2,1,0,0,0,1,0,N,single,"title(s),caption(s),annotation(s),legend text,legend title,axes text",0,0,1,1,1,1,1,1,0,0,1,5,3,1,1,Line,0,0,0,0,0,0,1,0,0,0,0,0,1
vis491.png,4893.png,40.6,0,1,0,0,1,0,I,single,"annotation(s),title(s)",0,0,0,1,1,0,0,0,0,0,1,8,1,2,3,Table,0,0,0,0,0,0,0,0,0,1,0,0,1
v486_n7404_6_f2.png,4894.png,43.7,0,0,0,1,1,0,S,single,"axes labels,legend text,axes text",0,1,1,0,0,0,1,0,0,1,0,0,2,1,1,Line,0,0,0,0,0,0,1,0,0,0,0,0,1
v485_n7398_3_f2.png,4895.png,93.1,0,0,0,1,0,1,S,multipanel,annotation(s),0,0,0,0,1,0,0,0,0,0,0,7,0,1,3,Diagram,0,0,0,1,0,0,0,0,0,0,0,0,1
v489_n7416_18_f4.png,4896.png,78.9,0,0,0,1,0,1,S,multipanel,"axes labels,axes text,annotation(s)",0,1,1,0,1,0,0,0,0,0,0,3,1,2,2,"Bar,Table",0,1,0,0,0,0,0,0,0,1,0,0,2
wsj94.png,4897.png,55.5,1,0,0,0,1,0,N,single,"title(s),caption(s),annotation(s),legend title,legend text",0,0,0,1,1,1,1,1,0,0,1,3,1,1,1,"Circle,Map",0,0,1,0,0,0,0,1,0,0,0,0,2
v483_n7387_11_f3.png,4898.png,75,0,0,0,1,0,1,S,multipanel,"legend text,annotation(s)",0,0,0,0,1,0,1,0,0,1,0,0,1,0,1,Diagram,0,0,0,1,0,0,0,0,0,0,0,0,1
economist_daily_chart_448.png,4899.png,9.3,1,0,0,0,1,0,N,single,"title(s),caption(s),axes text",0,0,1,1,0,1,0,0,0,0,1,3,1,1,1,Bar,0,1,0,0,0,0,0,0,0,0,0,0,1
visMost7.png,4900.png,39.1,0,1,0,0,0,1,I,multipanel,"title(s),caption(s),annotation(s)",0,0,0,1,1,1,0,0,0,0,1,4,8,2,3,"Diagram,Point",0,0,0,1,0,0,0,0,1,0,0,0,2
whoB34_1.png,4901.png,20.6,0,0,1,0,1,0,G,single,"title(s),annotation(s),axes text,axes labels,caption(s)",0,1,1,1,1,1,0,0,0,0,0,4,2,1,1,Line,0,0,0,0,0,0,1,0,0,0,0,0,1
v488_n7409_2_f6.png,4902.png,64,0,0,0,1,0,1,S,multipanel,"axes labels,axes text,annotation(s),legend text",0,1,1,0,1,0,1,0,0,0,0,6,3,3,5,"Bar,Line,Point",0,1,0,0,0,0,1,0,1,0,0,0,3
v486_n7404_14_f1.png,4903.png,38.2,0,0,0,1,0,1,S,multipanel,"legend text,axes labels, annotation(s),axes text",0,1,1,0,1,0,1,0,0,0,0,6,1,2,2,"Map,Table,Point",0,0,0,0,0,0,0,1,1,1,0,0,3
wsj80.png,4904.png,31.3,1,0,0,0,0,1,N,multipanel,"title(s),caption(s),axes labels,axes text,annotation(s)",0,1,1,1,1,1,0,0,0,0,1,4,3,2,8,"Bar,Area,Line,Point",1,1,0,0,0,0,1,0,1,0,0,0,4
v485_n7399_3_f2.png,4905.png,87.3,0,0,0,1,0,1,S,multipanel,"axes labels,axes text,annotation(s)",0,1,1,0,1,0,0,0,0,0,0,8,3,1,6,"Distribution,Line,Diagram",0,0,0,1,1,0,1,0,0,0,0,0,3
v486_n7402_2_f3.png,4906.png,81.2,0,0,0,1,0,1,S,multipanel,"legend text,title(s),axes text",0,0,1,1,0,0,1,0,0,0,0,9,4,5,5,"Line,Point,Area",1,0,0,0,0,0,1,0,1,0,0,0,3
v490_n7420_4_f4.png,4907.png,74.8,0,0,0,1,0,1,S,multipanel,"axes text,annotation(s),axes labels",0,1,1,0,1,0,0,0,0,0,0,7,1,1,2,"Diagram,Bar",0,1,0,1,0,0,0,0,0,0,0,0,2
whoQ24_4.png,4908.png,16.9,0,0,1,0,0,1,G,multipanel,"caption(s),axes text,axes labels,title(s),legend text",0,1,1,1,0,1,1,0,0,0,0,4,2,1,1,Bar,0,1,0,0,0,0,0,0,0,0,0,0,1
whoJ14_2.png,4909.png,14.2,0,0,1,0,0,1,G,multipanel,"title(s),text-only,caption(s)",0,0,0,1,0,1,0,0,1,0,0,1,2,3,2,Table,0,0,0,0,0,0,0,0,0,1,0,0,1
v485_n7399_3_f3.png,4910.png,77.8,0,0,0,1,0,1,S,multipanel,"annotation(s),axes text",0,0,1,0,1,0,0,0,0,0,0,7,6,3,4,"Distribution,Line,Point",0,0,0,0,1,0,1,0,1,0,0,0,3
whoA04.png,4911.png,13.6,0,0,1,0,1,0,G,single,"text-only,title(s),caption(s)",0,0,0,1,0,1,0,0,1,0,0,1,1,3,1,Table,0,0,0,0,0,0,0,0,0,1,0,0,1
wsj81.png,4912.png,35.6,1,0,0,0,0,1,N,multipanel,"axes labels,axes text,title(s),annotation(s),caption(s),legend text",0,1,1,1,1,1,1,0,0,0,1,7,6,3,5,Line,0,0,0,0,0,0,1,0,0,0,0,0,1
v490_n7420_4_f5.png,4913.png,75.3,0,0,0,1,1,0,S,single,annotation(s),0,0,0,0,1,0,0,0,0,0,0,4,0,1,1,Diagram,0,0,0,1,0,0,0,0,0,0,0,0,1
v486_n7402_2_f2.png,4914.png,77.2,0,0,0,1,0,1,S,multipanel,"legend text,axes text",0,0,1,0,0,0,1,0,0,0,0,16,1,4,2,"Distribution,Area",1,0,0,0,1,0,0,0,0,0,0,0,2
v485_n7398_3_f3.png,4915.png,86.5,0,0,0,1,1,0,S,single,annotation(s),0,0,0,0,1,0,0,0,0,0,0,6,1,1,2,Diagram,0,0,0,1,0,0,0,0,0,0,0,0,1
visMost6.png,4916.png,54.6,0,1,0,0,0,1,I,multipanel,"title(s),axes text,caption(s)",0,0,1,1,0,1,0,0,0,0,1,5,5,4,5,"Bar,Circle,Table,Line",0,1,1,0,0,0,1,0,0,1,0,0,4
economist_daily_chart_449.png,4917.png,12.599999999999998,1,0,0,0,1,0,N,single,"title(s),axes text,annotation(s)",0,0,1,1,1,0,0,0,0,1,1,3,1,1,1,Bar,0,1,0,0,0,0,0,0,0,0,0,0,1
v483_n7387_11_f2.png,4918.png,89.2,0,0,0,1,1,0,S,single,annotation(s),0,0,0,0,1,0,0,0,0,1,0,0,1,1,1,Diagram,0,0,0,1,0,0,0,0,0,0,0,0,1
v489_n7417_3_f1.png,4919.png,60,0,0,0,1,0,1,S,multipanel,"legend text,axes text,axes labels,annotation(s)",0,1,1,0,1,0,1,0,0,0,0,7,4,4,4,"Bar,Distribution",0,1,0,0,1,0,0,0,0,0,0,0,2
wsj291.png,4920.png,34.2,1,0,0,0,0,1,N,multipanel,"annotation(s),caption(s),title(s),axes text",0,0,1,1,1,1,0,0,0,0,1,4,3,2,4,"Line,Table",0,0,0,0,0,0,1,0,0,1,0,0,2
economist_daily_chart_461.png,4921.png,18.6,1,0,0,0,1,0,N,single,"title(s),caption(s),axes text",0,0,1,1,0,1,0,0,0,0,1,3,2,0,1,Line,0,0,0,0,0,0,1,0,0,0,0,0,1
v486_n7404_6_f3.png,4922.png,69.8,0,0,0,1,0,1,S,multipanel,"axes text,axes labels",0,1,1,0,0,0,0,0,0,1,0,0,2,0,2,Grid & Matrix,0,0,0,0,0,1,0,0,0,0,0,0,1
vis490.png,4923.png,66.6,0,1,0,0,0,1,I,multipanel,"title(s),caption(s),annotation(s)",0,0,0,1,1,1,0,0,0,0,0,6,11,7,14,"Circle,Line,Bar,Diagram,Table",0,1,1,1,0,0,1,0,0,1,0,0,5
economist_daily_chart_307.png,4924.png,11.2,1,0,0,0,1,0,N,single,"title(s),axes text,caption(s)",0,0,1,1,0,1,0,0,0,0,1,3,1,1,1,Bar,0,1,0,0,0,0,0,0,0,0,0,0,1
economist_daily_chart_313.png,4925.png,25.8,1,0,0,0,1,0,N,single,"text-only,title(s),caption(s)",0,0,0,1,0,1,0,0,1,0,1,2,0,4,1,Table,0,0,0,0,0,0,0,0,0,1,0,0,1
v489_n7416_3_f1.png,4926.png,61.4,0,0,0,1,0,1,S,multipanel,"title(s),annotation(s)",0,0,0,1,1,0,0,0,0,0,0,19,1,1,1,Diagram,0,0,0,1,0,0,0,0,0,0,0,0,1
vis484.png,4927.png,48.3,0,1,0,0,0,1,I,multipanel,"title(s),caption(s),annotation(s)",0,0,0,1,1,1,0,0,0,0,0,11,3,4,4,"Diagram,Circle,Table",0,0,1,1,0,0,0,0,0,1,0,0,3
v486_n7402_20_f3.png,4928.png,74.9,0,0,0,1,0,1,S,multipanel,"caption(s),title(s),axes labels,legend text,annotation(s)",0,1,0,1,1,1,1,0,0,0,0,7,6,7,6,"Line,Bar,Table",0,1,0,0,0,0,1,0,0,1,0,0,3
wsj285.png,4929.png,14.4,1,0,0,0,1,0,N,single,"title(s),caption(s),axes text,annotation(s)",0,0,1,1,1,1,0,0,0,0,1,3,2,0,1,Line,0,0,0,0,0,0,1,0,0,0,0,0,1
economist_daily_chart_475.png,4930.png,39.2,1,0,0,0,1,0,N,single,"title(s),legend text,annotation(s)",0,0,0,1,1,0,1,0,0,0,1,4,1,1,1,Map,0,0,0,0,0,0,0,1,0,0,0,0,1
wsj42.png,4931.png,36.7,1,0,0,0,0,1,N,multipanel,"axes labels,axes text,title(s),annotation(s),legend text,caption(s)",0,1,1,1,1,1,1,0,0,0,0,3,4,1,3,Line,0,0,0,0,0,0,1,0,0,0,0,0,1
vis309.png,4932.png,64.1,0,1,0,0,0,1,I,multipanel,"title(s),axes labels,legend text,caption(s),annotation(s)",0,1,0,1,1,1,1,0,0,0,1,18,11,7,24,"Circle,Diagram,Map,Table",0,0,1,1,0,0,0,1,0,1,0,0,4
v486_n7401_11_f3.png,4933.png,57.7,0,0,0,1,1,0,S,single,"text-only,caption(s)",0,0,0,0,0,1,0,0,1,1,0,0,4,2,1,Table,0,0,0,0,0,0,0,0,0,1,0,0,1
v484_n7393_13_f3.png,4934.png,78.2,0,0,0,1,0,1,S,multipanel,"axes labels,title(s),annotation(s),axes text",0,1,1,1,1,0,0,0,0,0,0,8,2,4,5,"Bar,Diagram,Table",0,1,0,1,0,0,0,0,0,1,0,0,3
wsj508.png,4935.png,22.6,1,0,0,0,1,0,N,single,"annotation(s),caption(s),axes text,title(s)",0,0,1,1,1,1,0,0,0,0,1,4,2,1,1,Line,0,0,0,0,0,0,1,0,0,0,0,0,1
visMost248.png,4936.png,57.8,0,1,0,0,1,0,I,single,"axes text,title(s),annotation(s),caption(s),text-only",0,0,1,1,1,1,0,0,1,0,1,19,1,3,22,"Bar,Table",0,1,0,0,0,0,0,0,0,1,0,0,2
wsj56.png,4937.png,25.4,1,0,0,0,1,0,N,single,"axes text,title(s),caption(s),legend text",0,0,1,1,0,1,1,0,0,0,1,3,2,1,1,"Distribution,Bar",0,1,0,0,1,0,0,0,0,0,0,0,2
v490_n7420_13_f4.png,4938.png,52.3,0,0,0,1,1,0,S,single,"axes labels,annotation(s),axes text",0,1,1,0,1,0,0,0,0,0,0,3,4,1,1,Line,0,0,0,0,0,0,1,0,0,0,0,0,1
visMost260.png,4939.png,48.6,0,1,0,0,0,1,I,multipanel,"title(s),annotation(s),caption(s)",0,0,0,1,1,1,0,0,0,0,1,10,3,4,8,"Circle,Bar,Diagram,Table",0,1,1,1,0,0,0,0,0,1,0,0,4
vis335.png,4940.png,48.8,0,1,0,0,0,1,I,multipanel,"axes labels,axes text,title(s),annotation(s),caption(s)",0,1,1,1,1,1,0,0,0,0,1,18,1,3,35,"Diagram,Table,Bar,Map,Circle",0,1,1,1,0,0,0,1,0,1,0,0,5
v483_n7388_7_f3.png,4941.png,40.5,0,0,0,1,0,1,S,multipanel,"axes labels,axes text,annotation(s)",0,1,1,0,1,0,0,0,0,0,0,3,5,0,3,"Line,Distribution",0,0,0,0,1,0,1,0,0,0,0,0,2
v484_n7392_15_f1.png,4942.png,50.8,0,0,0,1,0,1,S,multipanel,"axes text,annotation(s)",0,0,1,0,1,0,0,0,0,0,0,6,3,3,6,"Map,Table,Diagram",0,0,0,1,0,0,0,1,0,1,0,0,3
wsj252.png,4943.png,35.2,1,0,0,0,0,1,N,multipanel,"annotation(s),title(s),axes text,caption(s)",0,0,1,1,1,1,0,0,0,0,1,4,4,1,3,"Area,Bar",1,1,0,0,0,0,0,0,0,0,0,0,2
wsj534.png,4944.png,55.2,1,0,0,0,0,1,N,multipanel,"axes text,title(s),annotation(s),caption(s)",0,0,1,1,1,1,0,0,0,0,1,4,3,2,9,"Bar,Line",0,1,0,0,0,0,1,0,0,0,0,0,2
v487_n7407_23_f4.png,4945.png,55,0,0,0,1,1,0,S,single,annotation(s),0,0,0,0,1,0,0,0,0,0,0,2,1,1,1,Diagram,0,0,0,1,0,0,0,0,0,0,0,0,1
vis453.png,4946.png,60.6,0,1,0,0,0,1,I,multipanel,"title(s),annotation(s),legend text,axes text,caption(s)",0,0,1,1,1,1,1,0,0,0,1,12,5,5,5,"Bar,Diagram,Map",0,1,0,1,0,0,0,1,0,0,0,0,3
visMost506.png,4947.png,22.400000000000002,0,1,0,0,1,0,I,single,"title(s),annotation(s)",0,0,0,1,1,0,0,0,0,0,1,3,3,1,1,Map,0,0,0,0,0,0,0,1,0,0,0,0,1
vis447.png,4948.png,40.1,0,1,0,0,1,0,I,single,"title(s),text-only,caption(s)",0,0,0,1,0,1,0,0,1,0,1,8,2,1,1,Table,0,0,0,0,0,0,0,0,0,1,0,0,1
visMost512.png,4949.png,65.3,0,1,0,0,0,1,I,multipanel,"title(s),annotation(s),caption(s),axes text",0,0,1,1,1,1,0,0,0,0,1,8,6,3,3,"Diagram,Area,Line",1,0,0,1,0,0,1,0,0,0,0,0,3
v489_n7414_21_f2.png,4950.png,60,0,0,0,1,0,1,S,multipanel,"axes labels,axes text,annotation(s),legend text",0,1,1,0,1,0,1,0,0,0,0,2,7,1,11,"Trees & Networks,Line,Bar",0,1,0,0,0,0,1,0,0,0,0,1,3
wsj520.png,4951.png,40.9,1,0,0,0,0,1,N,multipanel,"title(s),annotation(s),caption(s)",0,0,0,1,1,1,0,0,0,0,1,5,2,2,16,"Bar,Circle,Area",1,1,1,0,0,0,0,0,0,0,0,0,3
wsj246.png,4952.png,52.3,1,0,0,0,0,1,N,multipanel,"axes text,title(s),annotation(s),caption(s)",0,0,1,1,1,1,0,0,0,0,1,3,3,3,3,"Bar,Map,Line",0,1,0,0,0,0,1,1,0,0,0,0,3
v485_n7400_14_f1.png,4953.png,65,0,0,0,1,1,0,S,single,"annotation(s),legend text",0,0,0,0,1,0,1,0,0,0,0,7,0,2,1,Map,0,0,0,0,0,0,0,1,0,0,0,0,1
visMost274.png,4954.png,45.4,0,1,0,0,1,0,I,single,"axes text,title(s),annotation(s),caption(s),legend text,legend title",0,0,1,1,1,1,1,1,0,0,1,22,1,2,1,Circle,0,0,1,0,0,0,0,0,0,0,0,0,1
vis321.png,4955.png,41,0,1,0,0,0,1,I,multipanel,"axes labels,axes text",0,1,1,0,0,0,0,0,0,0,0,1,3,0,2,"Trees & Networks,Map,Area,Line",1,0,0,0,0,0,1,1,0,0,0,1,4
vis876.png,4956.png,55.9,0,1,0,0,0,1,I,multipanel,"title(s),annotation(s),caption(s)",0,0,0,1,1,1,0,0,0,0,1,13,4,2,7,"Diagram,Circle,Table",0,0,1,1,0,0,0,0,0,1,0,0,3
v487_n7405_4_f2.png,4957.png,68,0,0,0,1,0,1,S,multipanel,"axes labels,axes text,title(s)",0,1,1,1,0,0,0,0,0,0,0,4,3,3,4,"Table,Line,Bar",0,1,0,0,0,0,1,0,0,1,0,0,3
v489_n7415_11_f1.png,4958.png,34.1,0,0,0,1,1,0,S,single,annotation(s),0,0,0,0,1,0,0,0,0,0,1,4,0,1,1,Map,0,0,0,0,0,0,0,1,0,0,0,0,1
v484_n7394_17_f3.png,4959.png,60.2,0,0,0,1,0,1,S,multipanel,"axes labels,axes text,annotation(s),legend text",0,1,1,0,1,0,1,0,0,0,0,2,3,4,6,"Line,Point,Bar,Distribution",0,1,0,0,1,0,1,0,1,0,0,0,4
economist_daily_chart_139.png,4960.png,17.3,1,0,0,0,1,0,N,single,"axes text,title(s),annotation(s),caption(s)",0,0,1,1,1,1,0,0,0,0,0,2,1,1,1,Bar,0,1,0,0,0,0,0,0,0,0,0,0,1
v487_n7408_22_f4.png,4961.png,63.6,0,0,0,1,0,1,S,multipanel,"axes labels,annotation(s),legend text,axes text",0,1,1,0,1,0,1,0,0,0,0,4,3,5,5,"Point,Bar,Table",0,1,0,0,0,0,0,0,1,1,0,0,3
whoC06.png,4962.png,27.5,0,0,1,0,0,1,G,multipanel,"title(s),caption(s)",0,0,0,1,0,1,0,0,0,0,0,1,0,1,1,Map,0,0,0,0,0,0,0,1,0,0,0,0,1
whoB10_1.png,4963.png,18.4,0,0,1,0,1,0,G,single,"axes text,title(s),axes labels,caption(s)",0,1,1,1,0,1,0,0,0,0,0,1,1,1,1,Bar,0,1,0,0,0,0,0,0,0,0,0,0,1
v485_n7397_8_f3.png,4964.png,69.2,0,0,0,1,0,1,S,multipanel,annotation(s),0,0,0,0,1,0,0,0,0,0,0,3,0,2,3,Diagram,0,0,0,1,0,0,0,0,0,0,0,0,1
whoC12.png,4965.png,29.4,0,0,1,0,0,1,G,multipanel,"title(s),caption(s)",0,0,0,1,0,1,0,0,0,0,0,4,1,0,1,Map,0,0,0,0,0,0,0,1,0,0,0,0,1
whoB36_2.png,4966.png,16,0,0,1,0,1,0,G,single,"axes labels,axes text,title(s),annotation(s),legend text,caption(s)",0,1,1,1,1,1,1,0,0,0,0,2,1,3,1,Bar,0,1,0,0,0,0,0,0,0,0,0,0,1
vis862.png,4967.png,54.9,0,1,0,0,0,1,I,multipanel,"title(s),text-only",0,0,0,1,0,0,0,0,1,0,0,7,3,0,4,Table,0,0,0,0,0,0,0,0,0,1,0,0,1
economist_daily_chart_105.png,4968.png,36.5,1,0,0,0,0,1,N,multipanel,"axes text,title(s),annotation(s),caption(s),legend text",0,0,1,1,1,1,1,0,0,0,1,6,5,2,3,"Area,Bar",1,1,0,0,0,0,0,0,0,0,0,0,2
v490_n7418_11_f3.png,4969.png,50.5,0,0,0,1,0,1,S,multipanel,"axes labels,axes text,legend text",0,1,1,0,0,0,1,0,0,0,0,2,2,2,2,Point,0,0,0,0,0,0,0,0,1,0,0,0,1
vis692.png,4970.png,44.1,0,1,0,0,0,1,I,multipanel,"title(s),annotation(s),caption(s)",0,0,0,1,1,1,0,0,0,0,1,4,3,2,4,"Diagram,Table,Bar",0,1,0,1,0,0,0,0,0,1,0,0,3
v484_n7395_11_f1.png,4971.png,46.8,0,0,0,1,1,0,S,single,"annotation(s),legend title,legend text",0,0,0,0,1,0,1,1,0,0,0,6,2,1,2,Map,0,0,0,0,0,0,0,1,0,0,0,0,1
vis686.png,4972.png,54.7,0,1,0,0,0,1,I,multipanel,"axes text,title(s),annotation(s,legend text,caption(s)",0,0,1,1,0,1,1,0,0,0,1,15,10,12,21,"Bar,Circle,Area,Text,Map,Point",1,1,1,0,0,0,0,1,1,0,1,0,6
economist_daily_chart_111.png,4973.png,41.5,1,0,0,0,0,1,N,multipanel,"axes text,title(s),annotation(s),caption(s)",0,0,1,1,1,1,0,0,0,0,1,3,3,1,2,"Bar,Line",0,1,0,0,0,0,1,0,0,0,0,0,2
visMost738.png,4974.png,60.9,0,1,0,0,0,1,I,multipanel,"title(s),annotation(s),caption(s)",0,0,0,1,1,1,0,0,0,0,1,12,2,5,6,"Diagram,Table",0,0,0,1,0,0,0,0,0,1,0,0,2
whoQ58_1.png,4975.png,13.3,0,0,1,0,1,0,G,single,"axes labels,axes text,title(s)",0,1,1,1,0,0,0,0,0,0,0,1,1,1,1,Bar,0,1,0,0,0,0,0,0,0,0,0,0,1
vis679.png,4976.png,48.6,0,1,0,0,0,1,I,multipanel,"axes text,title(s),annotation(s),caption(s),legend text",0,0,1,1,1,1,1,0,0,0,0,2,4,3,8,"Circle,Bar,Diagram,Table",0,1,1,1,0,0,0,0,0,1,0,0,4
v486_n7404_22_f1.png,4977.png,66.1,0,0,0,1,0,1,S,multipanel,"axes text,annotation(s),axes labels",0,1,1,0,1,0,0,0,0,0,0,4,6,3,17,"Line,Point,Diagram",0,0,0,1,0,0,1,0,1,0,0,0,3
visMost704.png,4978.png,73.7,0,1,0,0,0,1,I,multipanel,"caption(s),annotation(s),axes labels,title(s),legend text",0,1,0,1,1,1,1,0,0,0,1,11,5,2,3,"Point,Area,Circle",1,0,1,0,0,0,0,0,1,0,0,0,3
vis889.png,4979.png,56.1,0,1,0,0,0,1,I,multipanel,"title(s),annotation(s),axes text",0,0,1,1,1,0,0,0,0,0,1,3,2,1,8,"Bar,Diagram,Point",0,1,0,1,0,0,0,0,1,0,0,0,3
whoJ47.png,4980.png,24.8,0,0,1,0,1,0,G,single,"title(s),caption(s),legend title,legend text",0,0,0,1,0,1,1,1,0,0,0,5,1,0,1,Map,0,0,0,0,0,0,0,1,0,0,0,0,1
vis651.png,4981.png,49.7,0,1,0,0,0,1,I,multipanel,"title(s),annotation(s),caption(s)",0,0,0,1,1,1,0,0,0,0,1,6,4,4,17,"Circle,Bar,Table,Diagram",0,1,1,1,0,0,0,0,0,1,0,0,4
v486_n7402_16_f2.png,4982.png,57.6,0,0,0,1,0,1,S,multipanel,annotation(s),0,0,0,0,1,0,0,0,0,0,0,4,0,1,3,Diagram,0,0,0,1,0,0,0,0,0,0,0,0,1
v484_n7393_3_f4.png,4983.png,68.8,0,0,0,1,0,1,S,multipanel,"annotation(s),axes text",0,0,1,0,1,0,0,0,0,0,0,6,1,1,6,"Diagram,Grid & Matrix",0,0,0,1,0,1,0,0,0,0,0,0,2
vis137.png,4984.png,49.8,0,1,0,0,0,1,I,multipanel,"axes text,title(s),annotation(s),caption(s),legend text",0,0,1,1,1,1,1,0,0,0,1,16,13,5,16,"Bar,Circle,Diagram,Table,Area",1,1,1,1,0,0,0,0,0,1,0,0,5
v485_n7398_19_f3.png,4985.png,64.3,0,0,0,1,0,1,S,multipanel,"title(s),annotation(s),axes text",0,0,1,1,1,0,0,0,0,1,0,0,4,1,15,"Distribution,Line,Bar,Grid & Matrix",0,1,0,0,1,1,1,0,0,0,0,0,4
v483_n7391_12_f4.png,4986.png,59.8,0,0,0,1,0,1,S,multipanel,"axes text,annotation(s)",0,0,1,0,1,0,0,0,0,0,0,5,0,3,4,"Diagram,Grid & Matrix",0,0,0,1,0,1,0,0,0,0,0,0,2
vis123.png,4987.png,73.8,0,1,0,0,0,1,I,multipanel,"axes text,title(s),annotation(s),caption(s)",0,0,1,1,1,1,0,0,0,0,1,8,1,5,1,"Text,Line,Trees & Networks",0,0,0,0,0,0,1,0,0,0,1,1,3
v489_n7416_20_f1.png,4988.png,69.6,0,0,0,1,0,1,S,multipanel,"axes labels,axes text,annotation(s)",0,1,1,0,1,0,0,0,0,0,0,2,2,3,4,"Bar,Table",0,1,0,0,0,0,0,0,0,1,0,0,2
visMost710.png,4989.png,50.1,0,1,0,0,1,0,I,single,"title(s),annotation(s),caption(s)",0,0,0,1,1,1,0,0,0,0,1,5,0,1,1,Diagram,0,0,0,1,0,0,0,0,0,0,0,0,1
v484_n7392_3_f4.png,4990.png,61.7,0,0,0,1,0,1,S,multipanel,"axes labels,axes text,annotation(s)",0,1,1,0,1,0,0,0,0,0,0,1,2,1,2,"Diagram,Point,Map",0,0,0,1,0,0,0,1,1,0,0,0,3
vis645.png,4991.png,57.5,0,1,0,0,0,1,I,multipanel,"title(s),annotation(s),caption(s)",0,0,0,1,1,1,0,0,0,0,1,4,2,0,3,"Circle,Table",0,0,1,0,0,0,0,0,0,1,0,0,2
vis902.png,4992.png,49.2,0,1,0,0,0,1,I,multipanel,"title(s),annotation(s),caption(s),axes text",0,0,1,1,1,1,0,0,0,0,1,2,1,1,5,"Table,Diagram",0,0,0,1,0,0,0,0,0,1,0,0,2
whoQ43_2.png,4993.png,13.1,0,0,1,0,1,0,G,single,"axes text,title(s)",0,0,1,1,0,0,0,0,0,0,0,1,1,1,1,Bar,0,1,0,0,0,0,0,0,0,0,0,0,1
v487_n7408_20_f1.png,4994.png,77.9,0,0,0,1,0,1,S,multipanel,"axes labels,axes text,title(s),legend text",0,1,1,1,0,0,1,0,0,0,0,6,3,7,4,"Grid & Matrix,Point,Line",0,0,0,0,0,1,1,0,1,0,0,0,3
v490_n7419_15_f4.png,4995.png,38.1,0,0,0,1,0,1,S,multipanel,legend text,0,0,0,0,0,0,1,0,0,0,0,3,0,2,3,Map,0,0,0,0,0,0,0,1,0,0,0,0,1
v485_n7400_7_f3.png,4996.png,55.1,0,0,0,1,1,0,S,single,"axes labels,axes text,legend text",0,1,1,0,0,0,1,0,0,0,0,2,2,1,1,"Line,Point,Distirbution",0,0,0,0,0,0,1,0,1,0,0,0,2
whoQ06_2.png,4997.png,25.5,0,0,1,0,1,0,G,single,"axes text,title(s),caption(s),legend text",0,0,1,1,0,1,1,0,0,0,0,4,2,1,1,Line,0,0,0,0,0,0,1,0,0,0,0,0,1
economist_daily_chart_49.png,4998.png,34.8,1,0,0,0,0,1,N,multipanel,"axes text,title(s),annotation(s)",0,0,1,1,1,0,0,0,0,0,0,1,3,1,4,"Bar,Line,Point",0,1,0,0,0,0,1,0,1,0,0,0,3
v488_n7411_9_f1.png,4999.png,49.4,0,0,0,1,1,0,S,single,"axes text,legend text,legend title",0,0,1,0,0,0,1,1,0,0,0,15,2,1,1,"Map,Point",0,0,0,0,0,0,0,1,1,0,0,0,2
whoQ20_1.png,5000.png,23.7,0,0,1,0,1,0,G,single,"axes labels,axes text,title(s)",0,1,1,1,0,0,0,0,0,0,1,2,2,0,1,"Point,Line",0,0,0,0,0,0,1,0,1,0,0,0,2
v487_n7406_11_f2.png,5001.png,78.2,0,0,0,1,0,1,S,multipanel,"axes labels,annotation(s),legend text,axes text,title(s)",0,1,1,1,1,0,1,0,0,0,0,10,4,2,6,"Diagram,Line,Point",0,0,0,1,0,0,1,0,1,0,0,0,3
vis916.png,5002.png,47.3,0,1,0,0,0,1,I,multipanel,"axes text,title(s),annotation(s),caption(s)",0,0,1,1,1,1,0,0,0,0,1,7,5,7,8,"Diagram,Bar,Table,Area",1,1,0,1,0,0,0,0,0,1,0,0,4
whoQ50_8.png,5003.png,16.4,0,0,1,0,1,0,G,single,"title(s),axes text",0,0,1,1,0,0,0,0,0,0,0,2,1,1,1,Bar,0,1,0,0,0,0,0,0,0,0,0,0,1
v488_n7410_7_f4.png,5004.png,74.7,0,0,0,1,0,1,S,multipanel,"axes labels,axes text,annotation(s),legend text",0,1,1,0,1,0,1,0,0,0,0,11,7,2,4,"Diagram,Line,Point,Distribution",0,0,0,1,1,0,1,0,1,0,0,0,4
v484_n7395_13_f4.png,5005.png,65.1,0,0,0,1,0,1,S,multipanel,"axes labels,axes text,annotation(s),legend text,legend title",0,1,1,0,1,0,1,1,0,0,0,8,5,4,4,"Distribution,Grid & Matrix,Point,Bar",0,1,0,0,1,1,0,0,1,0,0,0,4
whoN21_2.png,5006.png,15.4,0,0,1,0,1,0,G,single,"title(s),annotation(s)",0,0,0,1,1,0,0,0,0,0,0,7,1,1,1,Circle,0,0,1,0,0,0,0,0,0,0,0,0,1
v488_n7413_21_f3.png,5007.png,85.8,0,0,0,1,0,1,S,multipanel,"axes text,annotation(s),title(s),axes labels,legend title,legend text",0,1,1,1,1,0,1,1,0,0,0,10,6,8,4,"Diagram,Bar,Line,Point,Grid & Matrix",0,1,0,1,0,1,1,0,1,0,0,0,5
economist_daily_chart_75.png,5008.png,14.8,1,0,0,0,1,0,N,single,"axes text,title(s),annotation(s),caption(s)",0,0,1,1,1,1,0,0,0,0,0,2,1,1,1,Bar,0,1,0,0,0,0,0,0,0,0,0,0,1
economist_daily_chart_61.png,5009.png,9.9,1,0,0,0,0,1,N,multipanel,title(s),0,0,0,1,0,0,0,0,0,0,0,1,0,0,0,Table,0,0,0,0,0,0,0,0,0,1,0,0,1
vis719.png,5010.png,57.6,0,1,0,0,0,1,I,multipanel,"title(s),annotation(s),axes labels,caption(s)",0,1,0,1,1,1,0,0,0,0,1,5,10,14,9,"Diagram,Bar,Area,Table,Point",1,1,0,1,0,0,0,0,1,1,0,0,5
visMost31.png,5011.png,42.3,0,1,0,0,0,1,I,multipanel,"annotation(s),caption(s),title(s)",0,0,0,1,1,1,0,0,0,0,1,3,4,2,1,"Table,Area",1,0,0,0,0,0,0,0,0,1,0,0,2
wsj118.png,5012.png,42.1,1,0,0,0,0,1,N,multipanel,"axes text,title(s),annotation(s),caption(s),axes labels",0,1,1,1,1,1,0,0,0,0,1,6,4,2,3,"Bar,Line,Distribution",0,1,0,0,1,0,1,0,0,0,0,0,3
v483_n7390_16_f3.png,5013.png,76.5,0,0,0,1,0,1,S,multipanel,"axes labels,axes text,annotation(s),legend text",0,1,1,0,1,0,1,0,0,0,0,8,4,3,13,"Diagram,Bar",0,1,0,1,0,0,0,0,0,0,0,0,2
v488_n7411_18_f4.png,5014.png,72.5,0,0,0,1,0,1,S,multipanel,"legend text,annotation(s),axes text,axes labels",0,1,1,0,1,0,1,0,0,0,0,4,10,4,26,"Bar,Diagram,Line,Table",0,1,0,1,0,0,1,0,0,1,0,0,4
visMost25.png,5015.png,36.7,0,1,0,0,0,1,I,multipanel,"title(s),annotation(s),caption(s),axes text,legend text",0,0,1,1,1,1,1,0,0,0,0,4,7,25,7,"Bar,Circle,Table",0,1,1,0,0,0,0,0,0,1,0,0,3
visMost658.png,5016.png,46.4,0,1,0,0,0,1,I,multipanel,"axes text,annotation(s),caption(s),title(s)",0,0,1,1,1,1,0,0,0,0,1,10,0,2,1,Table,0,0,0,0,0,0,0,0,0,1,0,0,1
whoJ48_2.png,5017.png,28.7,0,0,1,0,1,0,G,single,"title(s),caption(s),legend title,legend text",0,0,0,1,0,1,1,1,0,0,0,3,1,1,1,Map,0,0,0,0,0,0,0,1,0,0,0,0,1
v485_n7398_15_f3.png,5018.png,62.5,0,0,0,1,0,1,S,multipanel,"axes labels,axes text,title(s),annotation(s),legend text",0,1,1,1,1,0,1,0,0,0,0,2,1,3,4,"Bar,Distribution",0,1,0,0,1,0,0,0,0,0,0,0,2
vis725.png,5019.png,32.4,0,1,0,0,0,1,I,multipanel,"caption(s),annotation(s),title(s),axes text",0,0,1,1,1,1,0,0,0,0,1,7,1,3,3,"Table,Area",1,0,0,0,0,0,0,0,0,1,0,0,2
v484_n7393_1_f1.png,5020.png,69.5,0,0,0,1,1,0,S,single,"legend text,axes text,annotation(s)",0,0,1,0,1,0,1,0,0,0,0,6,3,1,1,Diagram,0,0,0,1,0,0,0,0,0,0,0,0,1
visMost670.png,5021.png,74.4,0,1,0,0,0,1,I,multipanel,"title(s),annotation(s),caption(s),axes text",0,0,1,1,1,1,0,0,0,0,1,18,2,7,7,"Table,Trees & Networks,Area",1,0,0,0,0,0,0,0,0,1,0,1,3
v487_n7405_20_f2.png,5022.png,61.6,0,0,0,1,0,1,S,multipanel,"axes labels,axes text,annotation(s),legend text,title(s)",0,1,1,1,1,0,1,0,0,0,0,5,4,3,6,"Circle,Bar,Diagram,Table",0,1,1,1,0,0,0,0,0,1,0,0,4
wsj124.png,5023.png,31,1,0,0,0,1,0,N,single,"axes labels,title(s),annotation(s),caption(s),legend title,legend text,axes text",0,1,1,1,1,1,1,1,0,0,0,1,1,2,1,"Point,Table",0,0,0,0,0,0,0,0,1,1,0,0,2
visMost116.png,5024.png,37.9,0,1,0,0,0,1,I,multipanel,"title(s),annotation(s),legend text,caption(s)",0,0,0,1,1,1,1,0,0,0,1,15,4,4,4,"Diagram,Circle,Trees & Networks,Table,Area",1,0,1,1,0,0,0,0,0,1,0,1,5
visMost102.png,5025.png,42.2,0,1,0,0,1,0,I,single,"title(s),annotation(s),caption(s)",0,0,0,1,1,1,0,0,0,0,1,3,0,3,1,Trees & Networks,0,0,0,0,0,0,0,0,0,0,0,1,1
v485_n7399_13_f1.png,5026.png,49.1,0,0,0,1,1,0,S,single,"axes text,annotation(s),legend text",0,0,1,0,1,0,1,0,0,0,0,2,1,2,1,Map,0,0,0,0,0,0,0,1,0,0,0,0,1
wsj130.png,5027.png,27.6,1,0,0,0,1,0,N,single,"title(s),annotation(s),caption(s)",0,0,0,1,1,1,0,0,0,0,1,4,2,1,1,Diagram,0,0,0,1,0,0,0,0,0,0,0,0,1
v488_n7411_16_f1.png,5028.png,74.4,0,0,0,1,0,1,S,multipanel,"axes labels,annotation(s),legend title,text-only,axes text",0,1,1,0,1,0,0,1,1,0,0,4,2,10,3,"Bar,Table,Area,Diagram",1,1,0,1,0,0,0,0,0,1,0,0,4
v484_n7392_1_f1.png,5029.png,54.7,0,0,0,1,0,1,S,multipanel,"axes labels,axes text,legend text,annotation(s)",0,1,1,0,1,0,1,0,0,0,0,7,3,1,2,"Map,Line,Distribution,Point",0,0,0,0,1,0,1,1,1,0,0,0,4
whoM06_1.png,5030.png,13.7,0,0,1,0,1,0,G,single,"text-only,title(s),axes text,axes labels",0,1,1,1,0,0,0,0,1,1,0,0,2,1,1,Table,0,0,0,0,0,0,0,0,0,1,0,0,1
vis731.png,5031.png,57.9,0,1,0,0,1,0,I,single,"title(s),annotation(s),caption(s)",0,0,0,1,1,1,0,0,0,0,1,2,1,1,1,Diagram,0,0,0,1,0,0,0,0,0,0,0,0,1
v489_n7416_22_f4.png,5032.png,74.7,0,0,0,1,0,1,S,multipanel,"axes labels,annotation(s),axes text",0,1,1,0,1,0,0,0,0,0,0,8,2,2,3,"Diagram,Line,Distribution",0,0,0,1,1,0,1,0,0,0,0,0,3
visMost19.png,5033.png,60.7,0,1,0,0,0,1,I,multipanel,"title(s),caption(s),axes labels,axes text,annotation(s)",0,1,1,1,1,1,0,0,0,0,1,12,4,2,5,"Table,Bar,Area",1,1,0,0,0,0,0,0,0,1,0,0,3
visMost664.png,5034.png,44.1,0,1,0,0,0,1,I,multipanel,"title(s),annotation(s),caption(s)",0,0,0,1,1,1,0,0,0,0,1,12,5,13,5,Table,0,0,0,0,0,0,0,0,0,1,0,0,1
v485_n7398_23_f2.png,5035.png,63.8,0,0,0,1,0,1,S,multipanel,"title(s),axes text,annotation(s),legend text,legend title",0,0,1,1,1,0,1,1,0,0,0,5,3,3,2,"Grid & Matrix,Distribution",0,0,0,0,1,1,0,0,0,0,0,0,2
economist_daily_chart_529.png,5036.png,28.2,1,0,0,0,1,0,N,single,"axes text,title(s),caption(s),legend text",0,0,1,1,0,1,1,0,0,0,1,4,3,0,1,"Bar,Line,Distribution",0,1,0,0,1,0,1,0,0,0,0,0,3
v485_n7399_1_f6.png,5037.png,57.1,0,0,0,1,0,1,S,multipanel,"axes labels,axes text,title(s),annotation(s),legend text",0,1,1,1,1,0,1,0,0,0,0,18,2,3,4,"Bar,Diagram,Trees & Networks,Line",0,1,0,1,0,0,1,0,0,0,0,1,4
whoC16_2.png,5038.png,11.9,0,0,1,0,0,1,G,multipanel,"annotation(s),caption(s),title(s)",0,0,0,1,1,1,0,0,0,0,0,3,1,1,1,Circle,0,0,1,0,0,0,0,0,0,0,0,0,1
vis69.png,5039.png,40.1,0,1,0,0,0,1,I,multipanel,"title(s),annotation(s),caption(s),legend text",0,0,0,1,1,1,1,0,0,0,1,5,6,9,3,"Circle,Map,Table",0,0,1,0,0,0,0,1,0,1,0,0,3
whoG02.png,5040.png,27.6,0,0,1,0,0,1,G,multipanel,"axes labels,axes text,title(s),caption(s),legend text",0,1,1,1,0,1,1,0,0,0,1,5,1,2,1,Bar,0,1,0,0,0,0,0,0,0,0,0,0,1
visMost499.png,5041.png,46.3,0,1,0,0,0,1,I,multipanel,"axes text,title(s),annotation(s),caption(s),axes labels",0,1,1,1,1,1,0,0,0,0,1,3,7,15,6,"Table,Bar,Circle,Trees & Networks,Area",1,1,1,0,0,0,0,0,0,1,0,1,5
v485_n7396_12_f1.png,5042.png,68.5,0,0,0,1,0,1,S,multipanel,"axes text,title(s),annotation(s),caption(s),legend text,axes labels,legend title",0,1,1,1,1,1,1,1,0,0,0,15,3,2,5,"Diagram,Point,Grid & Matrix",0,0,0,1,0,1,0,0,1,0,0,0,3
whoC30_1.png,5043.png,10.9,0,0,1,0,0,1,G,multipanel,"title(s),annotation(s),caption(s)",0,0,0,1,1,1,0,0,0,0,0,3,1,1,1,Circle,0,0,1,0,0,0,0,0,0,0,0,0,1
v483_n7390_20_f2.png,5044.png,65.7,0,0,0,1,0,1,S,multipanel,"axes labels,axes text,title(s),annotation(s),legend text",0,1,1,1,1,0,1,0,0,0,0,11,7,3,6,"Distribution,Diagram,Line,Table,Bar",0,1,0,1,1,0,1,0,0,1,0,0,5
v486_n7403_24_f4.png,5045.png,78.2,0,0,0,1,0,1,S,multipanel,"axes labels,axes text,annotation(s),legend title,legend text",0,1,1,0,1,0,1,1,0,0,0,8,1,5,4,"Diagram,Table,Bar",0,1,0,1,0,0,0,0,0,1,0,0,3
whoQ22_3.png,5046.png,22.8,0,0,1,0,1,0,G,single,"axes labels,axes text,title(s),caption(s),legend text",0,1,1,1,0,1,1,0,0,0,0,3,2,1,1,Bar,0,1,0,0,0,0,0,0,0,0,0,0,1
treasuryA9.png,5047.png,52.7,0,0,1,0,0,1,G,multipanel,"axes labels,axes text,title(s),annotation(s),caption(s)",0,1,1,1,1,1,0,0,0,0,0,7,3,2,2,"Bar,Area",1,1,0,0,0,0,0,0,0,0,0,0,2
v486_n7404_4_f6.png,5048.png,50.3,0,0,0,1,0,1,S,multipanel,"axes labels,axes text,title(s)",0,1,1,1,0,0,0,0,0,0,0,1,7,2,3,Line,0,0,0,0,0,0,1,0,0,0,0,0,1
economist_daily_chart_515.png,5049.png,23.9,1,0,0,0,1,0,N,single,"title(s),legend text,caption(s)",0,0,0,1,0,1,1,0,0,0,1,6,2,1,1,Line,0,0,0,0,0,0,1,0,0,0,0,0,1
v482_n7386_13_f1.png,5050.png,78.6,0,0,0,1,0,1,S,multipanel,"axes text,title(s),legend text",0,0,1,1,0,0,1,0,0,0,0,8,4,4,8,"Diagram,Distribution,Point,Bar,Table",0,1,0,1,1,0,0,0,1,1,0,0,5
vis282.png,5051.png,61.9,0,1,0,0,0,1,I,multipanel,"axes text,title(s),annotation(s),caption(s),axes labels",0,1,1,1,1,1,0,0,0,0,1,3,4,1,11,"Area,Table,Bar,Line,Distribution",1,1,0,0,1,0,1,0,0,1,0,0,5
v489_n7417_1_f4.png,5052.png,56,0,0,0,1,0,1,S,multipanel,"axes labels,axes text,annotation(s)",0,1,1,0,1,0,0,0,0,0,0,6,2,1,3,"Line,Diagram,Distribution",0,0,0,1,1,0,1,0,0,0,0,0,3
vis55.png,5053.png,45.5,0,1,0,0,0,1,I,multipanel,"title(s),annotation(s),caption(s)",0,0,0,1,1,1,0,0,0,0,1,4,4,2,4,"Point,Area,Table",1,0,0,0,0,0,0,0,1,1,0,0,3
wsj483.png,5054.png,42.7,1,0,0,0,0,1,N,multipanel,"axes labels,axes text,title(s),annotation(s),caption(s)",0,1,1,1,1,1,0,0,0,0,1,16,7,1,5,"Bar,Table,Line,Area",1,1,0,0,0,0,1,0,0,1,0,0,4
economist_daily_chart_273.png,5055.png,24.3,1,0,0,0,1,0,N,single,"axes text,title(s),caption(s),legend text",0,0,1,1,0,1,1,0,0,0,1,5,3,0,1,Line,0,0,0,0,0,0,1,0,0,0,0,0,1
wsj497.png,5056.png,17.5,1,0,0,0,1,0,N,single,"title(s),annotation(s),caption(s),legend text",0,0,0,1,1,1,1,0,0,0,1,5,0,2,1,Table,0,0,0,0,0,0,0,0,0,1,0,0,1
economist_daily_chart_267.png,5057.png,27.7,1,0,0,0,1,0,N,single,"title(s),annotation(s),caption(s)",0,0,0,1,1,1,0,0,0,0,1,12,1,1,1,Area,1,0,0,0,0,0,0,0,0,0,0,0,1
vis296.png,5058.png,58.6,0,1,0,0,0,1,I,multipanel,"axes text,title(s),annotation(s),caption(s),axes labels",0,1,1,1,1,1,0,0,0,0,1,4,2,4,3,"Area,Table",1,0,0,0,0,0,0,0,0,1,0,0,2
v489_n7416_1_f4.png,5059.png,77.4,0,0,0,1,0,1,S,multipanel,"axes text,legend text,axes labels,annotation(s)",0,1,1,0,1,0,1,0,0,0,0,15,13,2,4,"Point,Line,Distribution",0,0,0,0,1,0,1,0,1,0,0,0,3
economist_daily_chart_501.png,5060.png,15.4,1,0,0,0,1,0,N,single,"title(s),caption(s),axes text,legend text",0,0,1,1,0,1,1,0,0,0,1,4,1,2,1,Bar,0,1,0,0,0,0,0,0,0,0,0,0,1
v487_n7405_16_f3.png,5061.png,82.2,0,0,0,1,0,1,S,multipanel,"axes labels,legend text,axes text,annotation(s)",0,1,1,0,1,0,1,0,0,0,0,9,7,5,8,"Line,Bar,Diagram,Distribution",0,1,0,1,1,0,1,0,0,0,0,0,4
v485_n7397_14_f3.png,5062.png,66.9,0,0,0,1,1,0,S,single,"text-only,caption(s),annotation(s),axes text",0,0,1,0,1,1,0,0,1,1,0,0,8,2,1,Table,0,0,0,0,0,0,0,0,0,1,0,0,1
np_10.png,5063.png,70.8,1,0,0,0,1,0,N,single,"title(s),annotation(s),caption(s)",0,0,0,1,1,1,0,0,0,1,0,0,0,2,1,Diagram,0,0,0,1,0,0,0,0,0,0,0,0,1
whoH11_2.png,5064.png,15.5,0,0,1,0,0,1,G,multipanel,"axes labels,title(s),axes text",0,1,1,1,0,0,0,0,0,0,1,3,1,1,1,Bar,0,1,0,0,0,0,0,0,0,0,0,0,1
visMost328.png,5065.png,48.9,0,1,0,0,0,1,I,multipanel,"axes labels,axes text,title(s),annotation(s),caption(s),legend title,legend text",0,1,1,1,1,1,1,1,0,0,1,4,3,5,4,"Circle,Table,Trees & Networks,Area",1,0,1,0,0,0,0,0,0,1,0,1,4
v485_n7400_18_f1.png,5066.png,74.8,0,0,0,1,0,1,S,multipanel,"axes text,title(s),annotation(s),legend text,axes labels",0,1,1,1,1,0,1,0,0,0,0,6,1,3,3,"Diagram,Table,Bar,Line",0,1,0,1,0,0,1,0,0,1,0,0,4
v487_n7407_5_f5.png,5067.png,69.1,0,0,0,1,0,1,S,multipanel,"axes labels,axes text,annotation(s)",0,1,1,0,1,0,0,0,0,0,0,8,5,5,5,"Bar,Diagram,Point",0,1,0,1,0,0,0,0,1,0,0,0,3
wsj468.png,5068.png,20.2,1,0,0,0,1,0,N,single,"title(s),annotation(s),caption(s),axes labels,axes text",0,1,1,1,1,1,0,0,0,0,0,2,2,0,1,Line,0,0,0,0,0,0,1,0,0,0,0,0,1
economist_daily_chart_298.png,5069.png,30.6,1,0,0,0,0,1,N,multipanel,"axes text,axes labels,title(s),legend text,caption(s)",0,1,1,1,0,1,1,0,0,0,1,6,3,0,1,Line,0,0,0,0,0,0,1,0,0,0,0,0,1
whoI19.png,5070.png,38.9,0,0,1,0,1,0,G,single,"axes labels,axes text,title(s),caption(s),legend text",0,1,1,1,0,1,1,0,0,1,0,0,2,1,1,Line,0,0,0,0,0,0,1,0,0,0,0,0,1
v484_n7392_19_f1.png,5071.png,68.7,0,0,0,1,0,1,S,multipanel,"axes labels,axes text,annotation(s),legend text",0,1,1,0,1,0,1,0,0,0,0,6,4,3,5,"Table,Diagram,Bar",0,1,0,1,0,0,0,0,0,1,0,0,3
vis269.png,5072.png,16.6,0,1,0,0,1,0,I,single,"axes text,title(s),annotation(s),legend text,caption(s)",0,0,1,1,1,1,1,0,0,0,1,5,1,2,2,"Bar,Table",0,1,0,0,0,0,0,0,0,1,0,0,2
treasuryL10_1.png,5073.png,21.699999999999996,0,0,1,0,1,0,G,single,"axes text,annotation(s),title(s),text-only,axes labels",0,1,1,1,1,0,0,0,1,0,0,1,3,1,1,Table,0,0,0,0,0,0,0,0,0,1,0,0,1
vis241.png,5074.png,60.7,0,1,0,0,0,1,I,multipanel,"title(s),annotation(s),caption(s)",0,0,0,1,1,1,0,0,0,0,1,16,1,3,3,"Text,Table",0,0,0,0,0,0,0,0,0,1,1,0,2
visMost314.png,5075.png,41,0,1,0,0,0,1,I,multipanel,"caption(s),annotation(s),title(s),axes text",0,0,1,1,1,1,0,0,0,0,1,10,3,2,5,"Table,Diagram",0,0,0,1,0,0,0,0,0,1,0,0,2
v487_n7407_21_f1.png,5076.png,79,0,0,0,1,0,1,S,multipanel,"axes labels,axes text,annotation(s),legend text,title(s)",0,1,1,1,1,0,1,0,0,0,0,5,12,4,6,"Distribution,Table,Line,Diagram,Point",0,0,0,1,1,0,1,0,1,1,0,0,5
wsj326.png,5077.png,29.7,1,0,0,0,0,1,N,multipanel,"legend title,legend text,caption(s),annotation(s),title(s)",0,0,0,1,1,1,1,1,0,0,0,5,2,2,2,"Circle,Map",0,0,1,0,0,0,0,1,0,0,0,0,2
wsj440.png,5078.png,24,1,0,0,0,1,0,N,single,"legend text,caption(s),annotation(s),title(s),axes labels",0,1,0,1,1,1,1,0,0,0,1,3,2,1,1,Bar,0,1,0,0,0,0,0,0,0,0,0,0,1
economist_daily_chart_100.png,5079.png,29.5,1,0,0,0,1,0,N,single,"axes text,legend text,caption(s),annotation(s),title(s)",0,0,1,1,1,1,1,0,0,0,0,6,3,1,1,Line,0,0,0,0,0,0,1,0,0,0,0,0,1
visMost472.png,5080.png,62.8,0,1,0,0,0,1,I,multipanel,"legend text,caption(s),annotation(s),title(s)",0,0,0,1,1,1,1,0,0,0,1,9,4,3,6,"Text,Trees & Networks,Bar",0,1,0,0,0,0,0,0,0,0,1,1,3
vis96.png,5081.png,51.6,0,1,0,0,0,1,I,multipanel,"caption(s),annotation(s),title(s)",0,0,0,1,1,1,0,0,0,0,1,5,5,3,4,"Area,Table,Point",1,0,0,0,0,0,0,0,1,1,0,0,3
vis527.png,5082.png,50.8,0,1,0,0,0,1,I,multipanel,"legend text,caption(s),annotation(s),title(s)",0,0,0,1,1,1,1,0,0,0,1,2,1,2,1,"Table,Area,Circle",1,0,1,0,0,0,0,0,0,1,0,0,3
visMost466.png,5083.png,47.2,0,1,0,0,1,0,I,single,"axes text,annotation(s),caption(s),title(s)",0,0,1,1,1,1,0,0,0,0,1,6,1,2,1,"Diagram,Text",0,0,0,1,0,0,0,0,0,0,1,0,2
v485_n7400_16_f4.png,5084.png,74.7,0,0,0,1,0,1,S,multipanel,"axes text,annotation(s),legend text",0,0,1,0,1,0,1,0,0,0,0,6,3,1,2,"Trees & Networks,Bar",0,1,0,0,0,0,0,0,0,0,0,1,2
vis82.png,5085.png,43.3,0,1,0,0,0,1,I,multipanel,"annotation(s),caption(s),title(s),axes labels,axes text",0,1,1,1,1,1,0,0,0,0,1,6,1,6,5,"Diagram,Map,Trees & Networks,Table",0,0,0,1,0,0,0,1,0,1,0,1,4
vis533.png,5086.png,60.4,0,1,0,0,0,1,I,multipanel,"axes labels,axes text,title(s),annotation(s)",0,1,1,1,1,0,0,0,0,0,1,4,6,2,6,"Table,Bar,Distribution",0,1,0,0,1,0,0,0,0,1,0,0,3
v488_n7413_17_f2.png,5087.png,91.6,0,0,0,1,0,1,S,multipanel,"axes labels,axes text,annotation(s),legend text,title(s)",0,1,1,1,1,0,1,0,0,0,0,6,7,3,6,"Distribution,Point",0,0,0,0,1,0,0,0,1,0,0,0,2
wsj454.png,5088.png,24.1,1,0,0,0,1,0,N,single,"legend title,legend text,caption(s),annotation(s),title(s)",0,0,0,1,1,1,1,1,0,0,1,3,1,2,1,"Area,Map",1,0,0,0,0,0,0,1,0,0,0,0,2
wsj332.png,5089.png,31.3,1,0,0,0,0,1,N,multipanel,"legend text,legend title,caption(s),annotation(s),title(s)",0,0,0,1,1,1,1,1,0,0,1,5,2,2,3,"Table,Map,Diagram",0,0,0,1,0,0,0,1,0,1,0,0,3
vis255.png,5090.png,41.8,0,1,0,0,0,1,I,multipanel,"legend text,annotation(s),caption(s),title(s)",0,0,0,1,1,1,1,0,0,0,1,4,5,4,3,"Table,Circle,Text",0,0,1,0,0,0,0,0,0,1,1,0,3
visMost300.png,5091.png,60,0,1,0,0,1,0,I,single,axes text,0,0,1,0,0,0,0,0,0,0,0,40,1,1,1,"Trees & Networks,Area",1,0,0,0,0,0,0,0,0,0,0,1,2
economist_daily_chart_110.png,5092.png,18.2,1,0,0,0,1,0,N,single,"legend title,caption(s),annotation(s),title(s),legend text",0,0,0,1,1,1,1,1,0,0,0,6,1,1,1,Map,0,0,0,0,0,0,0,1,0,0,0,0,1
v490_n7419_23_f1.png,5093.png,84.8,0,0,0,1,0,1,S,multipanel,"legend text,annotation(s),axes labels,axes text",0,1,1,0,1,0,1,0,0,0,0,2,7,3,5,"Bar,Point,Diagram,Line",0,1,0,1,0,0,1,0,1,0,0,0,4
v488_n7412_11_f4.png,5094.png,73.7,0,0,0,1,0,1,S,multipanel,"axes labels,axes text,annotation(s)",0,1,1,0,1,0,0,0,0,0,0,4,2,2,3,"Table,Bar",0,1,0,0,0,0,0,0,0,1,0,0,2
visMost338.png,5095.png,52,0,1,0,0,0,1,I,multipanel,"caption(s),annotation(s),title(s)",0,0,0,1,1,1,0,0,0,0,1,6,2,3,8,"Table,Bar,Diagram",0,1,0,1,0,0,0,0,0,1,0,0,3
v487_n7407_5_f1.png,5096.png,87,0,0,0,1,0,1,S,multipanel,"axes labels,axes text,title(s),annotation(s),legend text",0,1,1,1,1,0,1,0,0,0,0,6,8,1,4,"Table,Bar,Point,Grid & Matrix",0,1,0,0,0,1,0,0,1,1,0,0,4
v488_n7413_19_f3.png,5097.png,74.1,0,0,0,1,0,1,S,multipanel,"axes text,axes labels,legend text,annotation(s)",0,1,1,0,1,0,1,0,0,0,0,2,4,4,5,"Table,Point,Bar",0,1,0,0,0,0,0,0,1,1,0,0,3
wsj478.png,5098.png,25.4,1,0,0,0,1,0,N,single,"caption(s),annotation(s),axes labels,axes text,title(s)",0,1,1,1,1,1,0,0,0,0,1,3,4,0,2,"Bar,Line",0,1,0,0,0,0,1,0,0,0,0,0,2
economist_daily_chart_288.png,5099.png,34.1,1,0,0,0,0,1,N,multipanel,"legend text,axes text,caption(s),annotation(s),title(s)",0,0,1,1,1,1,1,0,0,0,1,4,3,2,2,Bar,0,1,0,0,0,0,0,0,0,0,0,0,1
v484_n7393_11_f2.png,5100.png,45.8,0,0,0,1,0,1,S,multipanel,"axes labels,axes text,annotation(s)",0,1,1,0,1,0,0,0,0,1,0,0,3,2,2,Point,0,0,0,0,0,0,0,0,1,0,0,0,1
visMost304.png,5101.png,47,0,1,0,0,1,0,I,single,"title(s),caption(s),annotation(s),axes text",0,0,1,1,1,1,0,0,0,0,1,7,1,1,1,Table,0,0,0,0,0,0,0,0,0,1,0,0,1
vis251.png,5102.png,26.9,0,1,0,0,0,1,I,multipanel,"axes text,annotation(s),caption(s),title(s),legend text",0,0,1,1,1,1,1,0,0,0,1,4,1,2,2,"Text,Bar,Circle",0,1,1,0,0,0,0,0,0,0,1,0,3
wsj336.png,5103.png,26.7,1,0,0,0,1,0,N,single,"legend text,annotation(s),caption(s),title(s)",0,0,0,1,1,1,1,0,0,0,1,5,1,2,1,"Map,Diagram",0,0,0,1,0,0,0,1,0,0,0,0,2
wsj450.png,5104.png,30.8,1,0,0,0,0,1,N,multipanel,"legend text,caption(s),axes text,title(s)",0,0,1,1,0,1,1,0,0,0,0,4,2,3,1,Point,0,0,0,0,0,0,0,0,1,0,0,0,1
whoI21.png,5105.png,62.4,0,0,1,0,1,0,G,single,"title(s),text-only,annotation(s),caption(s)",0,0,0,1,1,1,0,0,1,0,1,1,8,12,1,Table,0,0,0,0,0,0,0,0,0,1,0,0,1
vis537.png,5106.png,8.3,0,1,0,0,1,0,I,single,annotation(s),0,0,0,0,1,0,0,0,0,0,1,4,1,0,1,Table,0,0,0,0,0,0,0,0,0,1,0,0,1
visMost462.png,5107.png,33.5,0,1,0,0,0,1,I,multipanel,"title(s),legend text,annotation(s),caption(s)",0,0,0,1,1,1,1,0,0,0,1,10,4,2,1,Table,0,0,0,0,0,0,0,0,0,1,0,0,1
vis86.png,5108.png,27.7,0,1,0,0,0,1,I,multipanel,"title(s),axes text",0,0,1,1,0,0,0,0,0,0,1,3,1,1,3,Table,0,0,0,0,0,0,0,0,0,1,0,0,1
vis523.png,5109.png,35.3,0,1,0,0,0,1,I,multipanel,"title(s),annotation(s),caption(s),axes text",0,0,1,1,1,1,0,0,0,0,1,7,4,1,2,"Diagram,Table,Area",1,0,0,1,0,0,0,0,0,1,0,0,3
v483_n7388_5_f2.png,5110.png,71.8,0,0,0,1,1,0,S,single,annotation(s),0,0,0,0,1,0,0,0,0,0,0,4,2,1,8,"Table,Diagram",0,0,0,1,0,0,0,0,0,1,0,0,2
visMost476.png,5111.png,41.2,0,1,0,0,1,0,I,single,"title(s),axes text,caption(s),annotation(s)",0,0,1,1,1,1,0,0,0,0,0,3,0,2,1,Trees & Networks,0,0,0,0,0,0,0,0,0,0,0,1,1
vis92.png,5112.png,44.7,0,1,0,0,0,1,I,multipanel,"legend text,legend title,caption(s),annotation(s),axes text,title(s)",0,0,1,1,1,1,1,1,0,0,1,5,3,3,5,"Point,Area,Diagram,Map,Table",1,0,0,1,0,0,0,1,1,1,0,0,5
wsj444.png,5113.png,31.9,1,0,0,0,0,1,N,multipanel,"caption(s),annotation(s),axes text,axes labels,title(s)",0,1,1,1,1,1,0,0,0,0,0,3,3,0,2,"Bar,Distribution,Line",0,1,0,0,1,0,1,0,0,0,0,0,3
v487_n7408_18_f1.png,5114.png,91.3,0,0,0,1,0,1,S,multipanel,"axes text,axes labels,annotation(s),legend text",0,1,1,0,1,0,1,0,0,0,0,8,7,5,4,"Diagram,Trees & Networks,Point,Distribution,Bar",0,1,0,1,1,0,0,0,1,0,0,1,5
wsj322.png,5115.png,39.8,1,0,0,0,0,1,N,multipanel,"legend text,axes labels,axes text,title(s),caption(s),annotation(s)",0,1,1,1,1,1,1,0,0,0,1,7,5,2,3,"Point,Line,Bar",0,1,0,0,0,0,1,0,1,0,0,0,3
visMost310.png,5116.png,34.5,0,1,0,0,0,1,I,multipanel,"title(s),axes labels,axes text,caption(s),annotation(s)",0,1,1,1,1,1,0,0,0,0,0,20,2,3,2,"Table,Area",1,0,0,0,0,0,0,0,0,1,0,0,2
vis245.png,5117.png,33.2,0,1,0,0,0,1,I,multipanel,"annotation(s),caption(s),title(s)",0,0,0,1,1,1,0,0,0,0,1,5,1,4,5,"Table,Diagram",0,0,0,1,0,0,0,0,0,1,0,0,2
v488_n7412_4_f2.png,5118.png,55.8,0,0,0,1,0,1,S,multipanel,"axes labels,axes text",0,1,1,0,0,0,0,0,0,0,0,3,3,0,2,"Point,Line",0,0,0,0,0,0,1,0,1,0,0,0,2
v485_n7398_1_f2.png,5119.png,76.4,0,0,0,1,0,1,S,multipanel,"legend text,annotation(s)",0,0,0,0,1,0,1,0,0,0,0,6,1,1,3,Diagram,0,0,0,1,0,0,0,0,0,0,0,0,1
np_28.png,5120.png,51.6,1,0,0,0,0,1,N,multipanel,"legend title,legend text,annotation(s),caption(s),title(s),axes text,axes labels",0,1,1,1,1,1,1,1,0,0,0,10,3,1,3,"Map,Bar,Distribution,Grid & Matrix",0,1,0,0,1,1,0,1,0,0,0,0,4
v483_n7387_13_f3.png,5121.png,60.4,0,0,0,1,0,1,S,multipanel,"axes labels,axes text,annotation(s),legend text",0,1,1,0,1,0,1,0,0,1,0,0,3,2,1,"Point,Line",0,0,0,0,0,0,1,0,1,0,0,0,2
whoG06.png,5122.png,22.8,0,0,1,0,0,1,G,multipanel,"caption(s),title(s),legend text,axes labels,axes text",0,1,1,1,0,1,1,0,0,0,1,4,1,2,1,Bar,0,1,0,0,0,0,0,0,0,0,0,0,1
vis79.png,5123.png,58,0,1,0,0,0,1,I,multipanel,"title(s),caption(s),annotation(s)",0,0,0,1,1,1,0,0,0,0,1,10,6,6,6,"Table,Diagram,Map",0,0,0,1,0,0,0,1,0,1,0,0,3
whoB14_1.png,5124.png,60.5,0,0,1,0,1,0,G,single,"caption(s),annotation(s),legend text,axes labels,axes text,title(s)",0,1,1,1,1,1,1,0,0,0,0,7,2,2,1,Point,0,0,0,0,0,0,0,0,1,0,0,0,1
visMost489.png,5125.png,73.9,0,1,0,0,0,1,I,multipanel,"legend text,legend title,caption(s),annotation(s),title(s),axes labels,axes text",0,1,1,1,1,1,1,1,0,0,1,15,7,6,7,"Table,Point,Map,Bar",0,1,0,0,0,0,0,1,1,1,0,0,4
v489_n7417_12_f3.png,5126.png,41.8,0,0,0,1,0,1,S,multipanel,"axes text,axes labels,annotation(s)",0,1,1,0,1,0,0,0,0,0,0,2,3,1,2,Line,0,0,0,0,0,0,1,0,0,0,0,0,1
v485_n7399_1_f2.png,5127.png,86,0,0,0,1,0,1,S,multipanel,"axes labels,axes text,legend text,title(s)",0,1,1,1,0,0,1,0,0,0,0,3,3,1,4,"Point,Line,Table,Diagram",0,0,0,1,0,0,1,0,1,1,0,0,4
whoB32_2.png,5128.png,20.9,0,0,1,0,1,0,G,single,"axes labels,axes text,title(s),caption(s),legend text",0,1,1,1,0,1,1,0,0,0,0,2,1,3,1,Bar,0,1,0,0,0,0,0,0,0,0,0,0,1
whoJ34_2.png,5129.png,23.2,0,0,1,0,1,0,G,single,"caption(s),title(s),legend text",0,0,0,1,0,1,1,0,0,0,0,6,1,1,1,Map,0,0,0,0,0,0,0,1,0,0,0,0,1
np_14.png,5130.png,70.9,1,0,0,0,0,1,N,multipanel,"title(s),caption(s),annotation(s),axes text,axes labels",0,1,1,1,1,1,0,0,0,0,1,3,3,5,4,"Area,Bar",1,1,0,0,0,0,0,0,0,0,0,0,2
economist_daily_chart_505.png,5131.png,39.8,1,0,0,0,1,0,N,single,"legend text,caption(s),annotation(s),axes text,title(s)",0,0,1,1,1,1,1,0,0,0,1,3,2,1,1,"Line,Distribution,Bar",0,1,0,0,1,0,1,0,0,0,0,0,3
vis292.png,5132.png,51.1,0,1,0,0,0,1,I,multipanel,"title(s),axes text,annotation(s),caption(s)",0,0,1,1,1,1,0,0,0,0,1,7,5,4,3,"Line,Point,Area,Diagram,Circle,Table",1,0,1,1,0,0,1,0,1,1,0,0,6
vis45.png,5133.png,40,0,1,0,0,1,0,I,single,"axes labels,axes text,title(s),annotation(s),caption(s)",0,1,1,1,1,1,0,0,0,0,0,9,1,2,1,Bar,0,1,0,0,0,0,0,0,0,0,0,0,1
v486_n7402_22_f2.png,5134.png,76.5,0,0,0,1,1,0,S,single,"axes labels,annotation(s)",0,1,0,0,1,0,0,0,0,0,0,5,2,2,1,Diagram,0,0,0,1,0,0,0,0,0,0,0,0,1
wsj493.png,5135.png,19.8,1,0,0,0,1,0,N,single,"title(s),axes text,axes labels,annotation(s),caption(s),legend text",0,1,1,1,1,1,1,0,0,0,1,6,5,0,2,"Distribution,Line,Bar",0,1,0,0,1,0,1,0,0,0,0,0,3
economist_daily_chart_263.png,5136.png,18.4,1,0,0,0,1,0,N,single,"title(s),legend text,axes text,caption(s)",0,0,1,1,0,1,1,0,0,0,1,4,2,1,1,Line,0,0,0,0,0,0,1,0,0,0,0,0,1
v490_n7420_9_f10.png,5137.png,78.2,0,0,0,1,0,1,S,multipanel,"axes labels,axes text,annotation(s),legend text,legend title",0,1,1,0,1,0,1,1,0,0,0,6,7,1,6,"Diagram,Line,Point,Grid & Matrix",0,0,0,1,0,1,1,0,1,0,0,0,4
wsj487.png,5138.png,30.4,1,0,0,0,1,0,N,single,"title(s),axes text,annotation(s),caption(s)",0,0,1,1,1,1,0,0,0,0,1,3,3,0,2,"Bar,Line",0,1,0,0,0,0,1,0,0,0,0,0,2
economist_daily_chart_277.png,5139.png,29.5,1,0,0,0,1,0,N,single,"title(s),legend text,caption(s),axes text,axes labels",0,1,1,1,0,1,1,0,0,0,1,4,3,0,1,Line,0,0,0,0,0,0,1,0,0,0,0,0,1
v488_n7411_20_f4.png,5140.png,86.3,0,0,0,1,0,1,S,multipanel,"axes labels,axes text,annotation(s)",0,1,1,0,1,0,0,0,0,0,0,5,5,6,7,"Distribution,Line,Table,Point,Diagram",0,0,0,1,1,0,1,0,1,1,0,0,5
vis286.png,5141.png,27.9,0,1,0,0,1,0,I,single,"legend text,caption(s)",0,0,0,0,0,1,1,0,0,0,1,2,1,1,1,Map,0,0,0,0,0,0,0,1,0,0,0,0,1
economist_daily_chart_511.png,5142.png,19.9,1,0,0,0,1,0,N,single,"axes text,title(s),caption(s),annotation(s)",0,0,1,1,1,1,0,0,0,0,1,4,2,1,1,Bar,0,1,0,0,0,0,0,0,0,0,0,0,1
v486_n7404_4_f2.png,5143.png,64.3,0,0,0,1,0,1,S,multipanel,"title(s),axes labels,axes text",0,1,1,1,0,0,0,0,0,0,0,4,11,1,5,"Distribution,Line,Diagram,Point",0,0,0,1,1,0,1,0,1,0,0,0,4
visMost21.png,5144.png,45.8,0,1,0,0,0,1,I,multipanel,"title(s),axes text,legend text,caption(s),annotation(s)",0,0,1,1,1,1,1,0,0,0,1,4,1,16,1,Table,0,0,0,0,0,0,0,0,0,1,0,0,1
vis709.png,5145.png,38.9,0,1,0,0,0,1,I,multipanel,"annotation(s),caption(s),title(s)",0,0,0,1,1,1,0,0,0,0,1,5,4,0,1,Table,0,0,0,0,0,0,0,0,0,1,0,0,1
whoK29_2.png,5146.png,57.7,0,0,1,0,1,0,G,single,"axes labels,axes text,annotation(s),title(s)legend text",0,1,1,1,1,0,1,0,0,0,0,4,2,2,1,Area,1,0,0,0,0,0,0,0,0,0,0,0,1
v486_n7401_3_f1.png,5147.png,85.6,0,0,0,1,0,1,S,multipanel,"axes labels,axes text,annotation(s)",0,1,1,0,1,0,0,0,0,0,0,7,3,1,6,"Diagram,Point,Line",0,0,0,1,0,0,1,0,1,0,0,0,3
wsj108.png,5148.png,40,1,0,0,0,1,0,N,single,"title(s),legend text,annotation(s),caption(s),axes text",0,0,1,1,1,1,1,0,0,0,1,4,2,2,1,"Area,Line",1,0,0,0,0,0,1,0,0,0,0,0,2
v488_n7409_12_f1.png,5149.png,64.8,0,0,0,1,0,1,S,multipanel,"axes text,axes labels,legend text",0,1,1,0,0,0,1,0,0,0,0,1,1,2,2,"Area,Diagram,Table",1,0,0,1,0,0,0,0,0,1,0,0,3
whoH13_4.png,5150.png,18.8,0,0,1,0,0,1,G,multipanel,"title(s),axes labels,axes text",0,1,1,1,0,0,0,0,0,0,0,2,2,0,1,Bar,0,1,0,0,0,0,0,0,0,0,0,0,1
v485_n7396_24_f4.png,5151.png,87.4,0,0,0,1,0,1,S,multipanel,"axes labels,axes text,annotation(s),title(s)",0,1,1,1,1,0,0,0,0,0,0,5,12,3,6,"Diagram,Grid & Matrix,Bar,Line",0,1,0,1,0,1,1,0,0,0,0,0,4
visMost35.png,5152.png,58.2,0,1,0,0,1,0,I,single,"title(s),caption(s),annotation(s),axes text",0,0,1,1,1,1,0,0,0,0,0,20,1,1,1,"Diagram,Table",0,0,0,1,0,0,0,0,0,1,0,0,2
visMost648.png,5153.png,53.6,0,1,0,0,0,1,I,multipanel,"title(s),axes text,caption(s),annotation(s)",0,0,1,1,1,1,0,0,0,0,0,2,4,1,11,"Diagram,Circle,Point,Area,Table",1,0,1,1,0,0,0,0,1,1,0,0,5
visMost660.png,5154.png,53.1,0,1,0,0,0,1,I,multipanel,"caption(s),annotation(s),axes labels,axes text,title(s)",0,1,1,1,1,1,0,0,0,0,1,10,3,2,4,"Table,Area,Diagram",1,0,0,1,0,0,0,0,0,1,0,0,3
vis735.png,5155.png,44,0,1,0,0,0,1,I,multipanel,"legend text,title(s),caption(s),annotation(s)",0,0,0,1,1,1,1,0,0,0,1,5,4,1,5,"Area,Table,Point",1,0,0,0,0,0,0,0,1,1,0,0,3
wsj134.png,5156.png,28.8,1,0,0,0,1,0,N,single,"title(s),legend text,caption(s),annotation(s),axes labels,axes text",0,1,1,1,1,1,1,0,0,0,1,7,4,2,1,"Table,Area",1,0,0,0,0,0,0,0,0,1,0,0,2
v484_n7392_1_f5.png,5157.png,70.1,0,0,0,1,1,0,S,single,"axes labels,axes text,annotation(s)",0,1,1,0,1,0,0,0,0,0,0,6,8,1,7,"Line,Point,Area",1,0,0,0,0,0,1,0,1,0,0,0,3
v483_n7390_18_f2.png,5158.png,82.1,0,0,0,1,0,1,S,multipanel,"axes labels,axes text,title(s),annotation(s),legend text",0,1,1,1,1,0,1,0,0,0,0,4,11,3,7,"Table,Bar,Line,Point",0,1,0,0,0,0,1,0,1,1,0,0,4
visMost106.png,5159.png,58.9,0,1,0,0,1,0,I,single,"annotation(s),title(s),axes text",0,0,1,1,1,0,0,0,0,0,0,15,1,2,1,Circle,0,0,1,0,0,0,0,0,0,0,0,0,1
visMost112.png,5160.png,34.3,0,1,0,0,1,0,I,single,"title(s),annotation(s),caption(s)",0,0,0,1,1,1,0,0,0,0,0,10,0,1,1,Table,0,0,0,0,0,0,0,0,0,1,0,0,1
v486_n7402_14_f3.png,5161.png,70.2,0,0,0,1,0,1,S,multipanel,"annotation(s),axes labels,axes text",0,1,1,0,1,0,0,0,0,0,0,5,3,1,8,"Line,Point,Diagram,Table",0,0,0,1,0,0,1,0,1,1,0,0,4
wsj120.png,5162.png,45.2,1,0,0,0,0,1,N,multipanel,"annotation(s),caption(s),title(s),axes text,axes labels,title(s)",0,1,1,1,1,1,0,0,0,0,1,3,5,3,4,"Circle,Bar,Line,Distribution",0,1,1,0,1,0,1,0,0,0,0,0,4
visMost674.png,5163.png,57.6,0,1,0,0,0,1,I,multipanel,"annotation(s),caption(s),title(s),axes labels,axes text",0,1,1,1,1,1,0,0,0,0,1,20,2,6,5,"Circle,Map,Table,Bar",0,1,1,0,0,0,0,1,0,1,0,0,4
vis721.png,5164.png,63.2,0,1,0,0,0,1,I,multipanel,"title(s),axes labels,axes text,caption(s),annotation(s)",0,1,1,1,1,1,0,0,0,0,0,3,5,6,10,"Table,Circle,Line,Map,Diagram",0,0,1,1,0,0,1,1,0,1,0,0,5
vis912.png,5165.png,58.6,0,1,0,0,0,1,I,multipanel,"legend text,legend title,annotation(s),caption(s),axes text,axes labels,title(s)",0,1,1,1,1,1,1,1,0,0,1,4,5,4,6,"Table,Line,Map,Circle",0,0,1,0,0,0,1,1,0,1,0,0,4
economist_daily_chart_59.png,5166.png,77.1,1,0,0,0,0,1,N,multipanel,"axes labels,axes text,title(s),legend title,legend text,annotation(s),caption(s)",0,1,1,1,1,1,1,1,0,0,1,30,2,1,2,"Area,Grid & Matrix,Table",1,0,0,0,0,1,0,0,0,1,0,0,3
v487_n7405_6_f3.png,5167.png,59.3,0,0,0,1,0,1,S,multipanel,"axes labels,axes text,legend text,title(s),legend title",0,1,1,1,0,0,1,1,0,0,0,6,2,0,2,"Map,Point,Grid & Matrix",0,0,0,0,0,1,0,1,1,0,0,0,3
v484_n7394_15_f2.png,5168.png,86,0,0,0,1,0,1,S,multipanel,"axes labels,axes text,annotation(s),legend text",0,1,1,0,1,0,1,0,0,0,0,7,3,1,15,"Diagram,Point,Bar,Table",0,1,0,1,0,0,0,0,1,1,0,0,4
v487_n7407_19_f1.png,5169.png,82.3,0,0,0,1,0,1,S,multipanel,"axes labels,axes text,annotation(s),legend text,title(s)",0,1,1,1,1,0,1,0,0,0,0,3,3,3,3,"Grid & Matrix,Point,Diagram",0,0,0,1,0,1,0,0,1,0,0,0,3
v487_n7407_17_f4.png,5170.png,62.2,0,0,0,1,0,1,S,multipanel,"axes text,axes labels",0,1,1,0,0,0,0,0,0,0,0,1,2,1,4,"Line,Point",0,0,0,0,0,0,1,0,1,0,0,0,2
v484_n7392_21_f1.png,5171.png,82,0,0,0,1,0,1,S,multipanel,"axes labels,axes text,legend text,annotation(s)",0,1,1,0,1,0,1,0,0,0,0,6,3,1,4,"Table,Bar,Point",0,1,0,0,0,0,0,0,1,1,0,0,3
economist_daily_chart_65.png,5172.png,34.1,1,0,0,0,1,0,N,single,"legend text,axes text,title(s),caption(s),legend title",0,0,1,1,0,1,1,1,0,0,0,3,1,2,1,Point,0,0,0,0,0,0,0,0,1,0,0,0,1
economist_daily_chart_71.png,5173.png,37.3,1,0,0,0,0,1,N,multipanel,"axes text,title(s),caption(s),annotation(s)",0,0,1,1,1,1,0,0,0,0,0,5,3,1,2,"Bar,Distribution,Line",0,1,0,0,1,0,1,0,0,0,0,0,3
v490_n7418_13_f2.png,5174.png,82.7,0,0,0,1,0,1,S,multipanel,"axes text,axes labels,annotation(s),legend text,title(s)",0,1,1,1,1,0,1,0,0,0,0,6,4,2,8,"Point,Line",0,0,0,0,0,0,1,0,1,0,0,0,2
v485_n7400_20_f1.png,5175.png,77.4,0,0,0,1,0,1,S,multipanel,"axes labels,axes text,annotation(s)",0,1,1,0,1,0,0,0,0,0,0,2,5,2,5,"Line,Table,Distribution,Point",0,0,0,0,1,0,1,0,1,1,0,0,4
v489_n7414_15_f2.png,5176.png,80,0,0,0,1,0,1,S,multipanel,"axes labels,axes text,title(s),annotation(s)",0,1,1,1,1,0,0,0,0,0,0,10,4,3,4,"Circle,Grid & Matrix,Diagram,Area",1,0,1,1,0,1,0,0,0,0,0,0,4
v486_n7402_18_f3.png,5177.png,70.4,0,0,0,1,0,1,S,multipanel,"axes text,axes labels,annotation(s),legend text",0,1,1,0,1,0,1,0,0,0,1,0,3,2,4,"Diagram,Bar",0,1,0,1,0,0,0,0,0,0,0,0,2
v486_n7401_1_f4.png,5178.png,75.6,0,0,0,1,0,1,S,multipanel,"axes labels,axes text,annotation(s),legend text",0,1,1,0,1,0,1,0,0,0,0,9,2,2,4,"Table,Bar",0,1,0,0,0,0,0,0,0,1,0,0,2
visMost728.png,5179.png,65.8,0,1,0,0,0,1,I,multipanel,"title(s),caption(s),annotation(s),axes labels,axes text,legend title,legend text",0,1,1,1,1,1,1,1,0,0,1,10,2,5,3,"Diagram,Trees & Networks,Table,Area",1,0,0,1,0,0,0,0,0,1,0,1,4
whoQ58_5.png,5180.png,39,0,0,1,0,1,0,G,single,"axes labels,axes text,title(s),legend text",0,1,1,1,0,0,1,0,0,0,0,9,2,1,1,Line,0,0,0,0,0,0,1,0,0,0,0,0,1
v483_n7389_16_f4.png,5181.png,81.3,0,0,0,1,0,1,S,multipanel,"axes text,axes labels,annotation(s),legend text,title(s),legend title",0,1,1,1,1,0,1,1,0,0,0,5,7,2,7,"Distribution,Line,Grid & Matrix,Bar,Area",1,1,0,0,1,1,1,0,0,0,0,0,5
v484_n7395_7_f1.png,5182.png,66.9,0,0,0,1,1,0,S,single,"legend text,annotation(s),title(s)",0,0,0,1,1,0,1,0,0,0,0,5,1,1,1,Diagram,0,0,0,1,0,0,0,0,0,0,0,0,1
v483_n7390_14_f2.png,5183.png,46.5,0,0,0,1,1,0,S,single,"axes labels,axes text",0,1,1,0,0,0,0,0,0,1,0,0,2,0,1,Point,0,0,0,0,0,0,0,0,1,0,0,0,1
v483_n7387_2_f2.png,5184.png,82.1,0,0,0,1,0,1,S,multipanel,annotation(s),0,0,0,0,1,0,0,0,0,0,0,8,1,1,5,Diagram,0,0,0,1,0,0,0,0,0,0,0,0,1
vis669.png,5185.png,43.1,0,1,0,0,0,1,I,multipanel,"title(s),legend text,caption(s),annotation(s),axes text",0,0,1,1,1,1,1,0,0,0,1,15,1,2,4,"Table,Bar,Map",0,1,0,0,0,0,0,1,0,1,0,0,3
v485_n7396_26_f1.png,5186.png,86.1,0,0,0,1,0,1,S,multipanel,"axes labels,axes text,annotation(s),legend text",0,1,1,0,1,0,1,0,0,0,0,2,7,3,4,"Bar,Diagram,Table",0,1,0,1,0,0,0,0,0,1,0,0,3
vis641.png,5187.png,68.7,0,1,0,0,0,1,I,multipanel,"title(s),axes labels,axes text,caption(s),annotation(s)",0,1,1,1,1,1,0,0,0,0,1,5,7,9,12,"Bar,Distribution,Circle,Diagram,Line,Map,Table",0,1,1,1,1,0,1,1,0,1,0,0,7
visMost714.png,5188.png,43,0,1,0,0,1,0,I,single,"title(s),caption(s),annotation(s)",0,0,0,1,1,1,0,0,0,0,0,6,0,3,2,"Table,Diagram",0,0,0,1,0,0,0,0,0,1,0,0,2
v484_n7395_9_f4.png,5189.png,51.6,0,0,0,1,1,0,S,single,"axes labels,annotation(s)",0,1,0,0,1,0,0,0,0,0,0,2,0,3,1,"Diagram,Line",0,0,0,1,0,0,1,0,0,0,0,0,2
vis127.png,5190.png,19.9,0,1,0,0,1,0,I,single,"tite(s),annotation(s),caption(s)",0,0,0,0,1,1,0,0,0,0,0,4,2,0,1,"Circle,Area",1,0,1,0,0,0,0,0,0,0,0,0,2
vis133.png,5191.png,37.1,0,1,0,0,0,1,I,multipanel,"title(s),caption(s),annotation(s)",0,0,0,1,1,1,0,0,0,0,0,6,2,1,5,"Map,Area,Table",1,0,0,0,0,0,0,1,0,1,0,0,3
v487_n7405_22_f3.png,5192.png,85,0,0,0,1,0,1,S,multipanel,"axes text,axes labels,title(s),annotation(s)",0,1,1,1,1,0,0,0,0,0,0,3,4,4,3,"Bar,Table,Diagram",0,1,0,1,0,0,0,0,0,1,0,0,3
v489_n7414_31_f3.png,5193.png,66.9,0,0,0,1,0,1,S,multipanel,"axes labels,axes text,title(s),legend text",0,1,1,1,0,0,1,0,0,0,0,4,2,2,3,"Line,Distribution",0,0,0,0,1,0,1,0,0,0,0,0,2
vis655.png,5194.png,40.7,0,1,0,0,0,1,I,multipanel,"legend text,axes text,axes labels,title(s),caption(s),annotation(s)",0,1,1,1,1,1,1,0,0,0,0,4,7,4,4,"Distribution,Table,Bar,Line",0,1,0,0,1,0,1,0,0,1,0,0,4
visMost700.png,5195.png,35.6,0,1,0,0,0,1,I,multipanel,"legend text,legend title,caption(s),annotation(s),title(s)",0,0,0,1,1,1,1,1,0,0,1,10,3,1,2,"Bar,Map",0,1,0,0,0,0,0,1,0,0,0,0,2
vis866.png,5196.png,39.2,0,1,0,0,1,0,I,single,no text,1,0,0,0,0,0,0,0,0,0,1,3,0,0,1,Map,0,0,0,0,0,0,0,1,0,0,0,0,1
v487_n7406_13_f3.png,5197.png,70.2,0,0,0,1,0,1,S,multipanel,"annotation(s),axes labels",0,1,0,0,1,0,0,0,0,1,0,0,0,1,7,Line,0,0,0,0,0,0,1,0,0,0,0,0,1
economist_daily_chart_129.png,5198.png,39.3,1,0,0,0,1,0,N,single,"legend text,axes text,caption(s),annotation(s),title(s)",0,0,1,1,1,1,1,0,0,0,0,4,3,1,1,Line,0,0,0,0,0,0,1,0,0,0,0,0,1
v485_n7400_5_f2.png,5199.png,79.9,0,0,0,1,0,1,S,multipanel,"axes labels,axes text,annotation(s),legend text",0,1,1,0,1,0,1,0,0,0,0,5,5,4,6,"Bar,Table,Diagram",0,1,0,1,0,0,0,0,0,1,0,0,3
whoC34_1.png,5200.png,14.6,0,0,1,0,0,1,G,multipanel,"legend text,title(s),caption(s)",0,0,0,1,0,1,1,0,0,0,0,3,0,1,1,Map,0,0,0,0,0,0,0,1,0,0,0,0,1
v487_n7405_4_f6.png,5201.png,70.6,0,0,0,1,1,0,S,single,"title(s),annotation(s)",0,0,0,1,1,0,0,0,0,0,0,5,0,2,3,Diagram,0,0,0,1,0,0,0,0,0,0,0,0,1
vis872.png,5202.png,39.1,0,1,0,0,0,1,I,multipanel,"title(s),caption(s),annotation(s)",0,0,0,1,1,1,0,0,0,0,1,5,4,1,2,Table,0,0,0,0,0,0,0,0,0,1,0,0,1
v484_n7394_19_f2.png,5203.png,72.7,0,0,0,1,0,1,S,multipanel,"axes labels,axes text,annotation(s),legend text",0,1,1,0,1,0,1,0,0,0,1,0,8,3,6,"Table,Point,Line,Bar",0,1,0,0,0,0,1,0,1,1,0,0,4
vis682.png,5204.png,48.6,0,1,0,0,0,1,I,multipanel,"legend title,legend text,caption(s),annotation(s),title(s)",0,0,0,1,1,1,1,1,0,0,0,6,0,3,1,"Table,Map",0,0,0,0,0,0,0,1,0,1,0,0,2
v485_n7397_6_f2.png,5205.png,62.9,0,0,0,1,1,0,S,single,"axes labels,axes text,title(s),annotation(s),legend text",0,1,1,1,1,0,1,0,0,0,0,5,4,1,1,"Line,Point",0,0,0,0,0,0,1,0,1,0,0,0,2
v487_n7407_15_f1.png,5206.png,47.2,0,0,0,1,1,0,S,single,"annotation(s),legend text",0,0,0,0,1,0,1,0,0,0,0,23,1,1,1,Map,0,0,0,0,0,0,0,1,0,0,0,0,1
v488_n7413_23_f2.png,5207.png,65.6,0,0,0,1,0,1,S,multipanel,"axes labels,axes text,legend text,annotation(s)",0,1,1,0,1,0,1,0,0,0,0,1,2,2,4,"Diagram,Table,Point,Line,Distribution",0,0,0,1,1,0,1,0,1,1,0,0,5
vis696.png,5208.png,27.1,0,1,0,0,0,1,I,multipanel,"title(s),legend text,annotation(s),caption(s)",0,0,0,1,1,1,1,0,0,0,0,13,2,3,2,"Text,Circle,Table",0,0,1,0,0,0,0,0,0,1,1,0,3
economist_daily_chart_101.png,5209.png,44.7,1,0,0,0,0,1,N,multipanel,"axes labels,axes text,caption(s),title(s)",0,1,1,1,0,1,0,0,0,0,1,4,5,0,1,Line,0,0,0,0,0,0,1,0,0,0,0,0,1
v483_n7388_9_f2.png,5210.png,78.6,0,0,0,1,0,1,S,multipanel,"axes text,axes labels,annotation(s)",0,1,1,0,1,0,0,0,0,0,0,6,5,0,6,"Point,Line",0,0,0,0,0,0,1,0,1,0,0,0,2
whoB29_1.png,5211.png,26,0,0,1,0,1,0,G,single,"title(s),legend text,caption(s),axes text,axes labels",0,1,1,1,0,1,1,0,0,0,0,6,1,2,1,Bar,0,1,0,0,0,0,0,0,0,0,0,0,1
vis319.png,5212.png,46.5,0,1,0,0,0,1,I,multipanel,"axes labels,axes text,title(s),caption(s),annotation(s)",0,1,1,1,1,1,0,0,0,0,1,15,4,2,5,"Grid & Matrix,Trees & Networks,Table",0,0,0,0,0,1,0,0,0,1,0,1,3
wsj52.png,5213.png,18.4,1,0,0,0,1,0,N,single,"title(s),annotation(s),caption(s),axes text",0,0,1,1,1,1,0,0,0,0,1,2,2,0,1,Line,0,0,0,0,0,0,1,0,0,0,0,0,1
v490_n7419_21_f4.png,5214.png,82.4,0,0,0,1,0,1,S,multipanel,"axes labels,axes text,annotation(s),legend text",0,1,1,0,1,0,1,0,0,0,0,5,5,4,6,"Distribution,Diagram,Trees & Networks,Bar",0,1,0,1,1,0,0,0,0,0,0,1,4
v488_n7412_13_f1.png,5215.png,83.4,0,0,0,1,0,1,S,multipanel,"axes labels,axes text,annotation(s),legend text,title(s)",0,1,1,1,1,0,1,0,0,0,0,4,5,3,3,"Point,Table,Diagram",0,0,0,1,0,0,0,0,1,1,0,0,3
v487_n7406_7_f4.png,5216.png,73.4,0,0,0,1,0,1,S,multipanel,"axes labels,axes text,annotation(s)",0,1,1,0,1,0,0,0,0,0,0,7,4,2,2,"Diagram,Line,Point",0,0,0,1,0,0,1,0,1,0,0,0,3
v488_n7412_8_f2.png,5217.png,69.2,0,0,0,1,0,1,S,multipanel,"axes text,axes labels,annotation(s),legend text",0,1,1,0,1,0,1,0,0,0,0,8,4,0,2,Line,0,0,0,0,0,0,1,0,0,0,0,0,1
wsj518.png,5218.png,30.3,1,0,0,0,1,0,N,single,"title(s),caption(s),annotation(s)",0,0,0,1,1,1,0,0,0,0,1,7,1,2,1,Table,0,0,0,0,0,0,0,0,0,1,0,0,1
v487_n7407_7_f4.png,5219.png,88.9,0,0,0,1,0,1,S,multipanel,"axes text,title(s),legend text,annotation(s)",0,0,1,1,1,0,1,0,0,0,0,4,1,4,5,"Grid & Matrix,Diagram,Table",0,0,0,1,0,1,0,0,0,1,0,0,3
visMost258.png,5220.png,32.9,0,1,0,0,0,1,I,multipanel,"text-only,title(s),caption(s),annotation(s)",0,0,0,1,1,1,0,0,1,0,1,3,3,1,1,"Table,Circle,Area",1,0,1,0,0,0,0,0,0,1,0,0,3
wsj46.png,5221.png,37.4,1,0,0,0,0,1,N,multipanel,"title(s),caption(s),annotation(s),axes text",0,0,1,1,1,1,0,0,0,0,0,3,3,2,3,"Diagram,Line,Bar",0,1,0,1,0,0,1,0,0,0,0,0,3
vis325.png,5222.png,31,0,1,0,0,1,0,I,single,"text-only,title(s),axes text,annotation(s),caption(s)",0,0,1,1,1,1,0,0,1,0,0,15,5,2,2,"Table,Diagram",0,0,0,1,0,0,0,0,0,1,0,0,2
v488_n7413_15_f3.png,5223.png,74.2,0,0,0,1,0,1,S,multipanel,"title(s),axes labels,axes text,legend text,annotation(s)",0,1,1,1,1,0,1,0,0,0,0,6,9,4,4,"Table,Bar,Diagram,Line,Point",0,1,0,1,0,0,1,0,1,1,0,0,5
visMost270.png,5224.png,45.9,0,1,0,0,0,1,I,multipanel,"title(s),axes text,caption(s),annotation(s)",0,0,1,1,1,1,0,0,0,0,1,7,3,1,6,"Diagram,Bar,Circle,Area,Point,Table",1,1,1,1,0,0,0,0,1,1,0,0,6
v487_n7407_9_f1.png,5225.png,65,0,0,0,1,1,0,S,single,"annotation(s),legend text",0,0,0,0,1,0,1,0,0,0,0,3,2,0,3,Diagram,0,0,0,1,0,0,0,0,0,0,0,0,1
wsj242.png,5226.png,42.5,1,0,0,0,0,1,N,multipanel,"axes text,caption(s),annotation(s),title(s)",0,0,1,1,1,1,0,0,0,0,1,6,4,2,1,"Circle,Bar,Line",0,1,1,0,0,0,1,0,0,0,0,0,3
wsj524.png,5227.png,36.2,1,0,0,0,1,0,N,single,"annotation(s),caption(s),axes text",0,0,1,0,1,1,0,0,0,0,1,8,0,2,1,"Diagram,Map",0,0,0,1,0,0,0,1,0,0,0,0,2
visMost516.png,5228.png,50.2,0,1,0,0,0,1,I,multipanel,"title(s),axes text,annotation(s),legend text,caption(s)",0,0,1,1,1,1,1,0,0,0,1,6,3,3,2,"Table,Grid & Matrix,Bar",0,1,0,0,0,1,0,0,0,1,0,0,3
vis443.png,5229.png,24.3,0,1,0,0,1,0,I,single,"annotation(s),caption(s),text-on",0,0,0,0,1,1,0,0,0,0,1,6,2,2,1,Table,0,0,0,0,0,0,0,0,0,1,0,0,1
treasuryI03_2.png,5230.png,23.2,0,0,1,0,1,0,G,single,"axes labels,legend text,title(s),axes text,caption(s)",0,1,1,1,0,1,1,0,0,0,0,2,2,1,1,Line,0,0,0,0,0,0,1,0,0,0,0,0,1
visMost502.png,5231.png,42.3,0,1,0,0,0,1,I,multipanel,"title(s),annotation(s),axes text,caption(s)",0,0,1,1,1,1,0,0,0,0,1,20,5,1,4,"Map,ar,Circle",0,0,1,0,0,0,0,1,0,0,0,0,2
wsj530.png,5232.png,29.6,1,0,0,0,0,1,N,multipanel,"title(s),caption(s),annotation(s),axes text",0,0,1,1,1,1,0,0,0,0,1,5,3,1,2,Line,0,0,0,0,0,0,1,0,0,0,0,0,1
v487_n7406_9_f1.png,5233.png,69.2,0,0,0,1,0,1,S,multipanel,"axes labels,axes text,annotation(s)",0,1,1,0,1,0,0,0,0,0,0,6,4,3,2,"Area,Line,Diagram",1,0,0,1,0,0,1,0,0,0,0,0,3
wsj256.png,5234.png,39.9,1,0,0,0,1,0,N,single,"text-only,title(s),caption(s),annotation(s),axes text",0,0,1,1,1,1,0,0,1,0,0,4,4,1,2,Table,0,0,0,0,0,0,0,0,0,1,0,0,1
vis331.png,5235.png,56.8,0,1,0,0,0,1,I,multipanel,"title(s),annotation(s),caption(s)",0,0,0,1,1,1,0,0,0,0,1,6,2,4,4,"Area,Point,Diagram",1,0,0,1,0,0,0,0,1,0,0,0,3
visMost264.png,5236.png,46.9,0,1,0,0,0,1,I,multipanel,"title(s),legend text,legend title,axes text,annotation(s),caption(s)",0,0,1,1,1,1,1,1,0,0,0,9,4,3,6,"Table,Area,Bar,Map",1,1,0,0,0,0,0,1,0,1,0,0,4
wsj91.png,5237.png,39.2,1,0,0,0,1,0,N,single,"title(s),annotation(s),legend text,caption(s)",0,0,0,1,1,1,1,0,0,0,0,15,0,2,1,Map,0,0,0,0,0,0,0,1,0,0,0,0,1
v483_n7390_22_f3.png,5238.png,69.3,0,0,0,1,0,1,S,multipanel,"annotation(s),axes text,axes labels",0,1,1,0,1,0,0,0,0,0,0,5,1,1,4,"Diagram,Bar",0,1,0,1,0,0,0,0,0,0,0,0,2
whoQ47_2.png,5239.png,22.9,0,0,1,0,1,0,G,single,"title(s),axes text",0,0,1,1,0,0,0,0,0,0,0,1,1,1,1,Bar,0,1,0,0,0,0,0,0,0,0,0,0,1
v489_n7416_18_f1.png,5240.png,72.8,0,0,0,1,0,1,S,multipanel,"annotation(s),axes text,axes labels",0,1,1,0,1,0,0,0,0,0,0,7,2,4,4,"Table,Diagram,Bar",0,1,0,1,0,0,0,0,0,1,0,0,3
economist_daily_chart_8.png,5241.png,41.8,1,0,0,0,1,0,N,single,"title(s),axes text,annotation(s),caption(s)",0,0,1,1,1,1,0,0,0,0,0,5,1,1,1,Bar,0,1,0,0,0,0,0,0,0,0,0,0,1
v490_n7420_4_f1.png,5242.png,87.7,0,0,0,1,0,1,S,multipanel,"legend text,annotation(s),axes labels,axes text",0,1,1,0,1,0,1,0,0,0,0,12,6,1,5,"Diagram,Line,Point",0,0,0,1,0,0,1,0,1,0,0,0,3
v485_n7398_21_f3.png,5243.png,82,0,0,0,1,0,1,S,multipanel,"title(s),axes text,axes labels,annotation(s),legend text",0,1,1,1,1,0,1,0,0,0,0,15,7,6,8,"Diagram,Grid & Matrix,Circle,Area",1,0,1,1,0,1,0,0,0,0,0,0,4
whoQ24_1.png,5244.png,13.1,0,0,1,0,1,0,G,single,"title(s),axes labels,axes text,caption(s)",0,1,1,1,0,1,0,0,0,0,0,1,1,1,1,Bar,0,1,0,0,0,0,0,0,0,0,0,0,1
v488_n7409_2_f3.png,5245.png,88.4,0,0,0,1,0,1,S,multipanel,"axes labels,axes text,title(s),annotation(s),legend text,legend title",0,1,1,1,1,0,1,1,0,0,0,7,3,5,5,"Diagram,Trees & Networks,Line,Grid & Matrix",0,0,0,1,0,1,1,0,0,0,0,1,4
economist_daily_chart_459.png,5246.png,32.1,1,0,0,0,0,1,N,multipanel,"title(s),legend text,axes text,caption(s)",0,0,1,1,0,1,1,0,0,0,1,5,2,2,1,Bar,0,1,0,0,0,0,0,0,0,0,0,0,1
v486_n7404_14_f4.png,5247.png,27.6,0,0,0,1,0,1,S,multipanel,"axes labels,axes text",0,1,1,0,0,0,0,0,0,1,0,0,1,1,1,Point,0,0,0,0,0,0,0,0,1,0,0,0,1
wsj85.png,5248.png,18.5,1,0,0,0,0,1,N,multipanel,"title(s),axes text,annotation(s),caption(s)",0,0,1,1,1,1,0,0,0,0,1,4,3,0,2,"Bar,Line",0,1,0,0,0,0,1,0,0,0,0,0,2
whoQ54_8.png,5249.png,19.1,0,0,1,0,1,0,G,single,"title(s),axes text,legend text",0,0,1,1,0,0,1,0,0,0,0,2,1,2,1,Bar,0,1,0,0,0,0,0,0,0,0,0,0,1
wsj281.png,5250.png,34.8,1,0,0,0,0,1,N,multipanel,"title(s),axes text,caption(s),annotation(s)",0,0,1,1,1,1,0,0,0,0,1,7,4,0,1,"Table,Bar,Line",0,1,0,0,0,0,1,0,0,1,0,0,3
economist_daily_chart_471.png,5251.png,27.2,1,0,0,0,1,0,N,single,"axes text,legend text,title(s),caption(s),annotation(s)",0,0,1,1,1,1,1,0,0,0,1,4,2,1,1,Line,0,0,0,0,0,0,1,0,0,0,0,0,1
vis480.png,5252.png,28.8,0,1,0,0,1,0,I,single,"title(s),axes labels,axes text,annotation(s),caption(s)",0,1,1,1,1,1,0,0,0,0,1,3,1,1,1,"Bar,Table",0,1,0,0,0,0,0,0,0,1,0,0,2
treasuryJ02_2.png,5253.png,14.3,0,0,1,0,1,0,G,single,"title(s),axes text,caption(s)",0,0,1,1,0,1,0,0,0,0,0,1,1,1,1,Bar,0,1,0,0,0,0,0,0,0,0,0,0,1
v490_n7418_2_f4.png,5254.png,59.2,0,0,0,1,0,1,S,multipanel,"axes labels,axes text,annotation(s)",0,1,1,0,1,0,0,0,0,1,0,0,6,1,3,"Point,Area,Line",1,0,0,0,0,0,1,0,1,0,0,0,3
v489_n7416_3_f5.png,5255.png,85.3,0,0,0,1,0,1,S,multipanel,"annotation(s),legend text,axes text,title(s),legend title",0,0,1,1,1,0,1,1,0,0,0,8,2,3,5,"Grid & Matrix,Trees & Networks,Table,Diagram,Bar",0,1,0,1,0,1,0,0,0,1,0,1,5
v485_n7397_16_f2.png,5256.png,79,0,0,0,1,0,1,S,multipanel,"annotation(s),legend text",0,0,0,0,1,0,1,0,0,0,0,3,1,2,3,"Trees & Networks,Table,Diagram",0,0,0,1,0,0,0,0,0,1,0,1,3
economist_daily_chart_317.png,5257.png,25.5,1,0,0,0,1,0,N,single,"legend text,title(s),caption(s)",0,0,0,1,0,1,1,0,0,0,0,5,0,1,1,Map,0,0,0,0,0,0,0,1,0,0,0,0,1
economist_daily_chart_303.png,5258.png,24.9,1,0,0,0,1,0,N,single,"legend text,title(s),legend title,annotation(s)",0,0,0,1,1,0,1,1,0,0,0,4,2,2,2,Map,0,0,0,0,0,0,0,1,0,0,0,0,1
vis494.png,5259.png,42.7,0,1,0,0,0,1,I,multipanel,"title(s),axes labels,axes text,legend text,annotation(s),caption(s)",0,1,1,1,1,1,1,0,0,0,1,7,6,7,12,"Table,Area,Line,Point,Circle,Bar,Diagram",1,1,1,1,0,0,1,0,1,1,0,0,7
v488_n7411_22_f1.png,5260.png,83.6,0,0,0,1,0,1,S,multipanel,"annotation(s),axes text,legend text",0,0,1,0,1,0,1,0,0,0,0,12,2,3,5,Diagram,0,0,0,1,0,0,0,0,0,0,0,0,1
wsj295.png,5261.png,32.5,1,0,0,0,0,1,N,multipanel,"title(s),axes labels,caption(s),annotation(s),axes text",0,1,1,1,1,1,0,0,0,0,1,4,4,2,2,"Bar,Line",0,1,0,0,0,0,1,0,0,0,0,0,2
economist_daily_chart_465.png,5262.png,30.2,1,0,0,0,1,0,N,single,"title(s),legend text,caption(s),axes text",0,0,1,1,0,1,1,0,0,0,1,5,2,1,1,Line,0,0,0,0,0,0,1,0,0,0,0,0,1
v489_n7417_3_f5.png,5263.png,68.6,0,0,0,1,0,1,S,multipanel,"legend text,legend title,annotation(s),axes text",0,0,1,0,1,0,1,1,0,0,0,6,1,3,1,"Grid & Matrix,Bar,Diagram",0,1,0,1,0,1,0,0,0,0,0,0,3
vis495.png,5264.png,48.9,0,1,0,0,1,0,I,single,"title(s),text-only,annotation(s),caption(s)",0,0,0,1,1,1,0,0,1,0,1,11,0,5,8,Table,0,0,0,0,0,0,0,0,0,1,0,0,1
economist_daily_chart_302.png,5265.png,34.2,1,0,0,0,0,1,N,multipanel,"caption(s),annotation(s)",0,0,0,0,1,1,0,0,0,0,1,10,1,1,1,"Bar,Trees & Networks",0,1,0,0,0,0,0,0,0,0,0,1,2
v489_n7417_3_f4.png,5266.png,82.8,0,0,0,1,0,1,S,multipanel,"annotation(s),axes text,title(s),legend text,axes labels",0,1,1,1,1,0,1,0,0,0,0,5,1,4,4,"Diagram,Grid & Matrix,Distribution,Point",0,0,0,1,1,1,0,0,1,0,0,0,4
economist_daily_chart_464.png,5267.png,22,1,0,0,0,1,0,N,single,"title(s),caption(s),annotation(s),axes labels,text-only",0,1,0,1,1,1,0,0,1,0,1,2,1,3,1,Table,0,0,0,0,0,0,0,0,0,1,0,0,1
wsj294.png,5268.png,45.8,1,0,0,0,1,0,N,single,"title(s),annotation(s),axes text,axes labels,caption(s),legend text",0,1,1,1,1,1,1,0,0,0,1,5,2,1,1,Point,0,0,0,0,0,0,0,0,1,0,0,0,1
economist_daily_chart_470.png,5269.png,51.5,1,0,0,0,0,1,N,multipanel,"title(s),axes text,caption(s),legend text,annotation(s)",0,0,1,1,1,1,1,0,0,0,1,10,3,2,2,"Area,Bar",1,1,0,0,0,0,0,0,0,0,0,0,2
wsj280.png,5270.png,33.4,1,0,0,0,1,0,N,single,"title(s),annotation(s),caption(s)",0,0,0,1,1,1,0,0,0,0,1,7,0,1,1,"Table,Diagram",0,0,0,1,0,0,0,0,0,1,0,0,2
economist_daily_chart_316.png,5271.png,48.5,1,0,0,0,1,0,N,single,annotation(s),0,0,0,0,1,0,0,0,0,0,0,9,0,1,1,"Map,Diagram",0,0,0,1,0,0,0,1,0,0,0,0,2
v489_n7416_3_f4.png,5272.png,93.4,0,0,0,1,1,0,S,single,"title(s),axes text,legend title,legend text,annotation(s)",0,0,1,1,1,0,1,1,0,0,0,50,2,2,2,"Grid & Matrix,Bar",0,1,0,0,0,1,0,0,0,0,0,0,2
v490_n7418_2_f5.png,5273.png,51.8,0,0,0,1,1,0,S,single,"text-only,title(s),axes text,caption(s)",0,0,1,1,0,1,0,0,1,1,0,0,5,2,1,Table,0,0,0,0,0,0,0,0,0,1,0,0,1
treasuryJ02_3.png,5274.png,49.6,0,0,1,0,0,1,G,multipanel,"title(s),legend text,caption(s),annotation(s),axes text",0,0,1,1,1,1,1,0,0,0,0,3,2,1,1,"Bar,Point,Line",0,1,0,0,0,0,1,0,1,0,0,0,3
vis481.png,5275.png,41.4,0,1,0,0,1,0,I,single,"title(s),axes text,annotation(s),caption(s)",0,0,1,1,1,1,0,0,0,0,1,3,1,2,1,Table,0,0,0,0,0,0,0,0,0,1,0,0,1
v483_n7389_20_f4.png,5276.png,70.7,0,0,0,1,0,1,S,multipanel,"axes text,annotation(s),legend text,axes labels",0,1,1,0,1,0,1,0,0,0,0,7,8,3,11,"Table,Bar,Distribution",0,1,0,0,1,0,0,0,0,1,0,0,3
v485_n7398_21_f2.png,5277.png,83.8,0,0,0,1,0,1,S,multipanel,"annotation(s),legend title,legend text,axes text",0,0,1,0,1,0,1,1,0,0,0,11,7,3,6,"Circle,Grid & Matrix,Bar,Distribution,Line,Table",0,1,1,0,1,1,1,0,0,1,0,0,6
whoK30_2.png,5278.png,60.8,0,0,1,0,1,0,G,single,"title(s),axes text,axes labels,legend text,annotation(s)",0,1,1,1,1,0,1,0,0,0,0,4,2,2,2,Area,1,0,0,0,0,0,0,0,0,0,0,0,1
v485_n7399_3_f6.png,5279.png,48.2,0,0,0,1,0,1,S,multipanel,"axes text,axes labels,title(s),legend text",0,1,1,1,0,0,1,0,0,1,0,0,4,2,3,Distribution,0,0,0,0,1,0,0,0,0,0,0,0,1
wsj84.png,5280.png,39.1,1,0,0,0,1,0,N,single,"title(s),caption(s),axes text",0,0,1,1,0,1,0,0,0,0,1,4,1,3,1,Table,0,0,0,0,0,0,0,0,0,1,0,0,1
v486_n7404_14_f5.png,5281.png,58.7,0,0,0,1,0,1,S,multipanel,"legend text,annotation(s),axes labels,axes text",0,1,1,0,1,0,1,0,0,0,0,3,4,2,2,"Line,Point,Distribution",0,0,0,0,1,0,1,0,1,0,0,0,3
economist_daily_chart_458.png,5282.png,17.9,1,0,0,0,1,0,N,single,"legend title,legend text,caption(s)",0,0,0,0,0,1,1,1,0,0,1,5,0,1,1,Map,0,0,0,0,0,0,0,1,0,0,0,0,1
v488_n7409_2_f2.png,5283.png,85.7,0,0,0,1,0,1,S,multipanel,"title(s),annotation(s),axes text,legend text,legend title,axes labels",0,1,1,1,1,0,1,1,0,0,0,9,5,6,7,"Diagram,Trees & Networks,Line,Point,Distribution,Grid & Matrix",0,0,0,1,1,1,1,0,1,0,0,1,6
whoC10_1.png,5284.png,26.4,0,0,1,0,0,1,G,multipanel,"title(s),legend title,legend text",0,0,0,1,0,0,1,1,0,0,0,4,1,0,1,Map,0,0,0,0,0,0,0,1,0,0,0,0,1
v485_n7396_10_f1.png,5285.png,67.2,0,0,0,1,0,1,S,multipanel,"title(s),axes text,axes labels",0,1,1,1,0,0,0,0,0,1,0,0,2,1,6,Point,0,0,0,0,0,0,0,0,1,0,0,0,1
v483_n7390_22_f2.png,5286.png,64.6,0,0,0,1,0,1,S,multipanel,"axes text,axes labels,legend text",0,1,1,0,0,0,1,0,0,0,0,6,6,3,4,"Distribution,Line,Point,Bar",0,1,0,0,1,0,1,0,1,0,0,0,4
wsj90.png,5287.png,26.8,1,0,0,0,1,0,N,single,"legend title,legend text,caption(s),title(s),annotation(s)",0,0,0,1,1,1,1,1,0,0,1,6,2,1,1,"Map,Bar,Area",1,1,0,0,0,0,0,1,0,0,0,0,3
economist_daily_chart_9.png,5288.png,32,1,0,0,0,1,0,N,single,"title(s),axes text,legend text,legend title,caption(s)",0,0,1,1,0,1,1,1,0,0,0,6,1,3,1,Bar,0,1,0,0,0,0,0,0,0,0,0,0,1
whoK16_1.png,5289.png,26.6,0,0,1,0,1,0,G,single,"legend text,caption(s),title(s)",0,0,0,1,0,1,1,0,0,0,0,5,1,0,1,Map,0,0,0,0,0,0,0,1,0,0,0,0,1
wsj531.png,5290.png,37.3,1,0,0,0,0,1,N,multipanel,"axes text,caption(s),title(s),legend text,annotation(s)",0,0,1,1,1,1,1,0,0,0,1,5,3,1,2,"Bar,Line",0,1,0,0,0,0,1,0,0,0,0,0,2
v487_n7407_23_f1.png,5291.png,72.5,0,0,0,1,0,1,S,multipanel,"axes text,axes labels,legend text,annotation(s)",0,1,1,0,1,0,1,0,0,0,0,4,3,2,3,"Bar,Line,Diagram",0,1,0,1,0,0,1,0,0,0,0,0,3
vis456.png,5292.png,51.7,0,1,0,0,0,1,I,multipanel,"title(s),axes text,annotation(s),caption(s)",0,0,1,1,1,1,0,0,0,0,1,11,7,4,6,"Point,Line,Table,Map,Area,Point",1,0,0,0,0,0,1,1,1,1,0,0,5
visMost503.png,5293.png,45.5,0,1,0,0,1,0,I,single,"title(s),annotation(s),caption(s)",0,0,0,1,1,1,0,0,0,0,1,8,3,0,6,"Area,Table",1,0,0,0,0,0,0,0,0,1,0,0,2
visMost265.png,5294.png,24.1,0,1,0,0,1,0,I,single,"title(s),legend text,annotation(s),caption(s)",0,0,0,1,1,1,1,0,0,0,0,8,0,3,1,Diagram,0,0,0,1,0,0,0,0,0,0,0,0,1
vis330.png,5295.png,54.8,0,1,0,0,0,1,I,multipanel,"title(s),legend text,annotation(s),axes text",0,0,1,1,1,0,1,0,0,0,1,7,1,4,2,"Table,Area",1,0,0,0,0,0,0,0,0,1,0,0,2
wsj257.png,5296.png,42.1,1,0,0,0,0,1,N,multipanel,"title(s),caption(s),legend text,annotation(s),axes text",0,0,1,1,1,1,1,0,0,0,1,3,4,1,1,"Bar,Circle,Map",0,1,1,0,0,0,0,1,0,0,0,0,3
wsj243.png,5297.png,46.7,1,0,0,0,0,1,N,multipanel,"title(s),axes text,annotation(s),caption(s),legend text",0,0,1,1,1,1,1,0,0,0,1,8,5,2,3,"Area,Bar,Line",1,1,0,0,0,0,1,0,0,0,0,0,3
visMost271.png,5298.png,46.7,0,1,0,0,1,0,I,single,"legend text,title(s),annotation(s),caption(s)",0,0,0,1,1,1,1,0,0,0,1,12,1,2,2,"Map,Circle",0,0,1,0,0,0,0,1,0,0,0,0,2
v488_n7413_15_f2.png,5299.png,75.7,0,0,0,1,0,1,S,multipanel,"title(s),axes text,axes labels,annotation(s)",0,1,1,1,1,0,0,0,0,0,0,4,6,3,5,"Bar,Diagram",0,1,0,1,0,0,0,0,0,0,0,0,2
vis324.png,5300.png,42.1,0,1,0,0,0,1,I,multipanel,"title(s),legend text,annotation(s),caption(s)",0,0,0,1,1,1,1,0,0,0,0,9,3,3,5,"Area,Circle,Table,Map",1,0,1,0,0,0,0,1,0,1,0,0,4
vis442.png,5301.png,19.7,0,1,0,0,1,0,I,single,"title(s),caption(s),annotation(s)",0,0,0,1,1,1,0,0,0,0,0,4,2,1,2,"Table,Map",0,0,0,0,0,0,0,1,0,1,0,0,2
visMost517.png,5302.png,57.7,0,1,0,0,0,1,I,multipanel,"title(s),axes labels,axes text,annotation(s),caption(s)",0,1,1,1,1,1,0,0,0,0,0,20,4,11,7,Table,0,0,0,0,0,0,0,0,0,1,0,0,1
wsj525.png,5303.png,29.4,1,0,0,0,0,1,N,multipanel,"title(s),axes text,annotation(s),caption(s),axes labels",0,1,1,1,1,1,0,0,0,0,0,3,5,0,3,"Bar,Table",0,1,0,0,0,0,0,0,0,1,0,0,2
wsj47.png,5304.png,48.1,1,0,0,0,1,0,N,single,"title(s),annotation(s),caption(s)",0,0,0,1,1,1,0,0,0,0,0,6,0,2,1,Table,0,0,0,0,0,0,0,0,0,1,0,0,1
visMost259.png,5305.png,39.8,0,1,0,0,1,0,I,single,"title(s),annotation(s),caption(s)",0,0,0,1,1,1,0,0,0,0,0,4,0,2,1,Table,0,0,0,0,0,0,0,0,0,1,0,0,1
v487_n7407_7_f5.png,5306.png,85.6,0,0,0,1,0,1,S,multipanel,"annotation(s),legend title,legend text,axes text",0,0,1,0,1,0,1,1,0,0,0,8,3,4,2,Grid & Matrix,0,0,0,0,0,1,0,0,0,0,0,0,1
wsj53.png,5307.png,18.9,1,0,0,0,1,0,N,single,"title(s),caption(s),legend text,annotation(s)",0,0,0,1,1,1,1,0,0,0,0,3,1,1,1,Map,0,0,0,0,0,0,0,1,0,0,0,0,1
vis318.png,5308.png,60.2,0,1,0,0,0,1,I,multipanel,"title(s),annotation(s),caption(s)",0,0,0,1,1,1,0,0,0,0,0,2,4,1,10,Table,0,0,0,0,0,0,0,0,0,1,0,0,1
v490_n7420_13_f1.png,5309.png,59.5,0,0,0,1,1,0,S,single,"axes text,annotation(s),legend text",0,0,1,0,1,0,1,0,0,0,0,2,2,1,1,"Diagram,Map",0,0,0,1,0,0,0,1,0,0,0,0,2
whoH17_1.png,5310.png,36.1,0,0,1,0,0,1,G,multipanel,"title(s),axes text,axes labels,legend text",0,1,1,1,0,0,1,0,0,0,0,4,1,2,1,Bar,0,1,0,0,0,0,0,0,0,0,0,0,1
wsj519.png,5311.png,24.6,1,0,0,0,1,0,N,single,"title(s),annotation(s),caption(s)",0,0,0,1,1,1,0,0,0,0,0,7,0,2,1,"Diagram,Table",0,0,0,1,0,0,0,0,0,1,0,0,2
v488_n7412_8_f3.png,5312.png,58.9,0,0,0,1,0,1,S,multipanel,"axes labels,axes text,annotation(s),legend text",0,1,1,0,1,0,1,0,0,0,0,4,2,3,2,"Line,Point,Distribution",0,0,0,0,1,0,1,0,1,0,0,0,3
v490_n7419_21_f5.png,5313.png,78,0,0,0,1,0,1,S,multipanel,"title(s),axes text,axes labels,annotation(s),legend title,legend text",0,1,1,1,1,0,1,1,0,0,0,5,6,4,6,"Table,Line,Point,Diagram",0,0,0,1,0,0,1,0,1,1,0,0,4
v484_n7395_11_f4.png,5314.png,60.9,0,0,0,1,1,0,S,single,"legend text,legend title,annotation(s)",0,0,0,0,1,0,1,1,0,0,0,8,3,1,3,"Map,Grid & Matrix",0,0,0,0,0,1,0,1,0,0,0,0,2
vis697.png,5315.png,27.9,0,1,0,0,1,0,I,single,"title(s),axes text,annotation(s),caption(s)",0,0,1,1,1,1,0,0,0,0,1,2,1,2,3,"Map,Table,Area",1,0,0,0,0,0,0,1,0,1,0,0,3
v488_n7413_23_f3.png,5316.png,73,0,0,0,1,0,1,S,multipanel,"axes labels,axes text,title(s),legend text",0,1,1,1,0,0,1,0,0,1,0,0,10,4,5,"Bar,Table,Diagram,Point,Line",0,1,0,1,0,0,1,0,1,1,0,0,5
vis683.png,5317.png,40.8,0,1,0,0,0,1,I,multipanel,"title(s),legend text,annotation(s),axes text,caption(s)",0,0,1,1,1,1,1,0,0,0,1,7,6,5,6,"Table,Bar,Circle",0,1,1,0,0,0,0,0,0,1,0,0,3
economist_daily_chart_114.png,5318.png,52.3,1,0,0,0,0,1,N,multipanel,"title(s),legend text,axes text,caption(s)",0,0,1,1,0,1,1,0,0,0,0,18,2,1,2,Map,0,0,0,0,0,0,0,1,0,0,0,0,1
v484_n7394_19_f3.png,5319.png,63.2,0,0,0,1,0,1,S,multipanel,"axes text,axes labels,title(s),legend text",0,1,1,1,0,0,1,0,0,0,0,3,4,3,6,"Table,Bar",0,1,0,0,0,0,0,0,0,1,0,0,2
whoC03.png,5320.png,46.5,0,0,1,0,0,1,G,multipanel,"title(s),caption(s),annotation(s),axes text",0,0,1,1,1,1,0,0,0,0,0,1,0,4,1,Trees & Networks,0,0,0,0,0,0,0,0,0,0,0,1,1
v487_n7408_22_f1.png,5321.png,83.2,0,0,0,1,0,1,S,multipanel,"annotation(s),axes text,axes labels,legend text",0,1,1,0,1,0,1,0,0,0,0,11,4,4,6,"Diagram,Point,Table",0,0,0,1,0,0,0,0,1,1,0,0,3
v485_n7400_5_f3.png,5322.png,62.6,0,0,0,1,0,1,S,multipanel,"title(s),axes text,axes labels,legend text",0,1,1,1,0,0,1,0,0,0,0,5,5,5,7,"Bar,Table",0,1,0,0,0,0,0,0,0,1,0,0,2
vis873.png,5323.png,52.4,0,1,0,0,0,1,I,multipanel,"title(s),annotation(s),caption(s)",0,0,0,1,1,1,0,0,0,0,1,7,8,3,4,"Table,Bar,Circle",0,1,1,0,0,0,0,0,0,1,0,0,3
v489_n7415_11_f4.png,5324.png,57.3,0,0,0,1,0,1,S,multipanel,"axes text,legend text,legend title",0,0,1,0,0,0,1,1,0,0,0,3,2,0,3,"Map,Point",0,0,0,0,0,0,0,1,1,0,0,0,2
economist_daily_chart_128.png,5325.png,27.9,1,0,0,0,1,0,N,single,"axes text,title(s),caption(s),annotation(s)",0,0,1,1,1,1,0,0,0,0,0,4,2,1,1,Bar,0,1,0,0,0,0,0,0,0,0,0,0,1
v487_n7406_13_f2.png,5326.png,69.5,0,0,0,1,1,0,S,single,"axes text,annotation(s),legend text",0,0,1,0,1,0,1,0,0,0,0,9,4,2,1,"Point,Line,Diagram",0,0,0,1,0,0,1,0,1,0,0,0,3
vis867.png,5327.png,43.9,0,1,0,0,0,1,I,multipanel,"title(s),caption(s),annotation(s)",0,0,0,1,1,1,0,0,0,0,1,2,1,2,4,"Point,Table",0,0,0,0,0,0,0,0,1,1,0,0,2
whoC17.png,5328.png,32.6,0,0,1,0,0,1,G,multipanel,"legend title,legend text,title(s)",0,0,0,1,0,0,1,1,0,0,0,2,1,1,1,"Area,Map",1,0,0,0,0,0,0,1,0,0,0,0,2
whoQ45_1.png,5329.png,19.3,0,0,1,0,1,0,G,single,"title(s),axes text,legend text",0,0,1,1,0,0,1,0,0,0,0,3,1,2,1,Bar,0,1,0,0,0,0,0,0,0,0,0,0,1
v484_n7393_3_f1.png,5330.png,78.6,0,0,0,1,0,1,S,multipanel,annotation(s),0,0,0,0,1,0,0,0,0,0,0,8,0,1,3,Diagram,0,0,0,1,0,0,0,0,0,0,0,0,1
v487_n7405_22_f2.png,5331.png,66.9,0,0,0,1,0,1,S,multipanel,"title(s),axes text,axes labels,annotation(s)",0,1,1,1,1,0,0,0,0,0,0,2,2,2,2,"Bar,Diagram,Table",0,1,0,1,0,0,0,0,0,1,0,0,3
vis132.png,5332.png,48.6,0,1,0,0,0,1,I,multipanel,"title(s),axes text,legend title,legend text,annotation(s),caption(s)",0,0,1,1,1,1,1,1,0,0,0,18,8,2,7,"Table,Bar,Circle,Area",1,1,1,0,0,0,0,0,0,1,0,0,4
v483_n7391_12_f1.png,5333.png,68.9,0,0,0,1,0,1,S,multipanel,"title(s),axes labels,axes text,annotation(s),legend text",0,1,1,1,1,0,1,0,0,0,0,5,9,2,5,"Point,Line,Distribution",0,0,0,0,1,0,1,0,1,0,0,0,3
visMost701.png,5334.png,45.6,0,1,0,0,0,1,I,multipanel,"title(s),axes text,annotation(s),caption(s)",0,0,1,1,1,1,0,0,0,0,0,5,1,6,8,"Bar,Circle,Table",0,1,1,0,0,0,0,0,0,1,0,0,3
vis654.png,5335.png,46.6,0,1,0,0,0,1,I,multipanel,"title(s),axes text,caption(s),annotation(s)",0,0,1,1,1,1,0,0,0,0,0,5,5,3,3,"Table,Area",1,0,0,0,0,0,0,0,0,1,0,0,2
whoJ42.png,5336.png,39.4,0,0,1,0,1,0,G,single,"title(s),annotation(s),caption(s),axes text,text-only",0,0,1,1,1,1,0,0,1,0,0,1,1,4,1,Table,0,0,0,0,0,0,0,0,0,1,0,0,1
v489_n7414_31_f2.png,5337.png,73.1,0,0,0,1,0,1,S,multipanel,"title(s),legend text,axes text",0,0,1,1,0,0,1,0,0,0,0,5,4,2,5,"Point,Line,Distribution,Area",1,0,0,0,1,0,1,0,1,0,0,0,4
v484_n7392_3_f1.png,5338.png,82.6,0,0,0,1,0,1,S,multipanel,"axes labels,axes text,annotation(s),legend text",0,1,1,0,1,0,1,0,0,0,0,2,4,3,3,"Grid & Matrix,Point,Diagram,Trees & Networks",0,0,0,1,0,1,0,0,1,0,0,1,4
vis898.png,5339.png,46,0,1,0,0,0,1,I,multipanel,"title(s),annotation(s),caption(s)",0,0,0,1,1,1,0,0,0,0,0,6,10,4,5,"Circle,Table",0,0,1,0,0,0,0,0,0,1,0,0,2
v485_n7399_11_f1.png,5340.png,64.1,0,0,0,1,0,1,S,multipanel,"axes labels,axes text",0,1,1,0,0,0,0,0,0,0,0,7,2,3,1,"Line,Distribution",0,0,0,0,1,0,1,0,0,0,0,0,2
visMost715.png,5341.png,59.3,0,1,0,0,0,1,I,multipanel,"title(s),annotation(s),axes text,caption(s)",0,0,1,1,1,1,0,0,0,0,1,7,6,4,4,Table,0,0,0,0,0,0,0,0,0,1,0,0,1
vis640.png,5342.png,44.1,0,1,0,0,0,1,I,multipanel,"title(s),annotation(s),axes text,axes labels,caption(s)",0,1,1,1,1,1,0,0,0,0,1,5,7,2,6,"Bar,Circle,Table",0,1,1,0,0,0,0,0,0,1,0,0,3
treasuryI01_1.png,5343.png,20.4,0,0,1,0,1,0,G,single,"title(s),annotation(s),caption(s),axes text,text-only",0,0,1,1,1,1,0,0,1,0,0,2,2,2,1,Table,0,0,0,0,0,0,0,0,0,1,0,0,1
vis126.png,5344.png,54.9,0,1,0,0,0,1,I,multipanel,"title(s),annotation(s),axes text,caption(s)",0,0,1,1,1,1,0,0,0,0,0,8,6,7,10,"Area,Bar,Table",1,1,0,0,0,0,0,0,0,1,0,0,3
v489_n7416_20_f4.png,5345.png,67.8,0,0,0,1,0,1,S,multipanel,"axes text,axes labels,annotation(s),legend text",0,1,1,0,1,0,1,0,0,0,0,5,2,2,2,"Line,Table,Diagram",0,0,0,1,0,0,1,0,0,1,0,0,3
treasuryK02.png,5346.png,29.6,0,0,1,0,1,0,G,single,"axes text,title(s),annotation(s),caption(s),text-only",0,0,1,1,1,1,0,0,1,0,0,2,10,2,1,Table,0,0,0,0,0,0,0,0,0,1,0,0,1
vis668.png,5347.png,43.3,0,1,0,0,0,1,I,multipanel,"title(s),annotation(s),caption(s)",0,0,0,1,1,1,0,0,0,0,1,7,4,1,6,"Table,Bar,Area",1,1,0,0,0,0,0,0,0,1,0,0,3
v483_n7387_2_f3.png,5348.png,80.4,0,0,0,1,0,1,S,multipanel,"axes text,axes labels,annotation(s),legend text",0,1,1,0,1,0,1,0,0,0,0,8,2,3,4,"Diagram,Bar",0,1,0,1,0,0,0,0,0,0,0,0,2
v483_n7390_14_f3.png,5349.png,47.2,0,0,0,1,1,0,S,single,"annotation(s),axes text,legend text",0,0,1,0,1,0,1,0,0,1,0,0,1,2,2,"Trees & Networks,Bar",0,1,0,0,0,0,0,0,0,0,0,1,2
visMost729.png,5350.png,38.3,0,1,0,0,0,1,I,multipanel,"title(s),annotation(s),caption(s),axes text",0,0,1,1,1,1,0,0,0,0,1,6,7,6,5,"Table,Circle,Bar",0,1,1,0,0,0,0,0,0,1,0,0,3
v486_n7401_1_f5.png,5351.png,77.8,0,0,0,1,0,1,S,multipanel,"annotation(s),axes labels,axes text,title(s)",0,1,1,1,1,0,0,0,0,0,0,4,2,4,5,"Bar,Table,Trees & Networks",0,1,0,0,0,0,0,0,0,1,0,1,3
v486_n7404_22_f4.png,5352.png,83,0,0,0,1,0,1,S,multipanel,annotation(s),0,0,0,0,1,0,0,0,0,0,0,8,0,1,6,Diagram,0,0,0,1,0,0,0,0,0,0,0,0,1
v486_n7402_18_f2.png,5353.png,82.9,0,0,0,1,0,1,S,multipanel,"annotation(s),axes labels,axes text,legend text",0,1,1,0,1,0,1,0,0,1,0,0,16,1,12,"Bar,Line,Point",0,1,0,0,0,0,1,0,1,0,0,0,3
whoQ58_4.png,5354.png,25.6,0,0,1,0,1,0,G,single,"title(s),axes text,axes labels,legend text",0,1,1,1,0,0,1,0,0,0,0,1,2,1,1,Area,1,0,0,0,0,0,0,0,0,0,0,0,1
v490_n7418_13_f3.png,5355.png,54.7,0,0,0,1,0,1,S,multipanel,"axes text,axes labels,legend text",0,1,1,0,0,0,1,0,0,0,0,12,4,2,4,"Map,Distributioin,Line,Point",0,0,0,0,0,0,1,1,1,0,0,0,3
economist_daily_chart_70.png,5356.png,25.4,1,0,0,0,0,1,N,multipanel,"title(s),axes text,annotation(s),caption(s),legend text",0,0,1,1,1,1,1,0,0,0,0,3,3,1,2,Bar,0,1,0,0,0,0,0,0,0,0,0,0,1
v488_n7410_7_f1.png,5357.png,72.7,0,0,0,1,0,1,S,multipanel,"axes text,axes labels,annotation(s),legend text",0,1,1,0,1,0,1,0,0,0,0,8,5,1,6,"Line,Diagram,Table",0,0,0,1,0,0,1,0,0,1,0,0,3
v489_n7414_15_f3.png,5358.png,66.4,0,0,0,1,0,1,S,multipanel,"title(s),axes text,axes labels,annotation(s),legend text",0,1,1,1,1,0,1,0,0,0,0,3,12,2,3,"Bar,Line,Distribution",0,1,0,0,1,0,1,0,0,0,0,0,3
v484_n7395_13_f1.png,5359.png,76,0,0,0,1,0,1,S,multipanel,"axes labels,axes text,legend text",0,1,1,0,0,0,1,0,0,1,0,0,9,3,7,"Line,Point,Distribution,Bar",0,1,0,0,1,0,1,0,1,0,0,0,4
economist_daily_chart_64.png,5360.png,36,1,0,0,0,1,0,N,single,"title(s),axes text,caption(s),legend text",0,0,1,1,0,1,1,0,0,0,0,4,2,1,1,Line,0,0,0,0,0,0,1,0,0,0,0,0,1
whoJ36_1.png,5361.png,21.400000000000002,0,0,1,0,1,0,G,single,"title(s),axes text,caption(s),axes labels",0,1,1,1,0,1,0,0,0,0,0,2,1,1,1,Bar,0,1,0,0,0,0,0,0,0,0,0,0,1
v484_n7394_15_f3.png,5362.png,82.1,0,0,0,1,0,1,S,multipanel,"legend text,axes text,axes labels,title(s)",0,1,1,1,0,0,1,0,0,0,0,6,2,1,13,"Table,Diagram,Bar",0,1,0,1,0,0,0,0,0,1,0,0,3
v487_n7405_6_f2.png,5363.png,63.7,0,0,0,1,0,1,S,multipanel,"title(s),legend text,legend title",0,0,0,1,0,0,1,1,0,0,0,8,2,0,2,Line,0,0,0,0,0,0,1,0,0,0,0,0,1
v489_n7415_13_f1.png,5364.png,22,0,0,0,1,1,0,S,single,"title(s),axes labels,axes text,annotation(s)",0,1,1,1,1,0,0,0,0,0,0,9,2,2,2,"Table,Bar",0,1,0,0,0,0,0,0,0,1,0,0,2
v488_n7411_9_f4.png,5365.png,48.4,0,0,0,1,0,1,S,multipanel,"axes labels,axes text,legend text,legend title,annotation(s)",0,1,1,0,1,0,1,1,0,0,0,15,3,0,4,"Point,Line,Map",0,0,0,0,0,0,1,1,1,0,0,0,3
vis907.png,5366.png,58.7,0,1,0,0,1,0,I,single,"axes text,title(s),annotation(s),legend title,legend text,caption(s)",0,0,1,1,1,1,1,1,0,0,1,9,1,5,4,"Diagram,Table,Map",0,0,0,1,0,0,0,1,0,1,0,0,3
v490_n7419_15_f1.png,5367.png,32.2,0,0,0,1,1,0,S,single,"legend title,legend text",0,0,0,0,0,0,1,1,0,0,0,10,1,0,1,Map,0,0,0,0,0,0,0,1,0,0,0,0,1
v487_n7408_20_f4.png,5368.png,59.4,0,0,0,1,0,1,S,multipanel,"axes text,annotation(s)",0,0,1,0,1,0,0,0,0,0,0,1,1,4,3,Table,0,0,0,0,0,0,0,0,0,1,0,0,1
whoB30_1.png,5369.png,22.4,0,0,1,0,1,0,G,single,"axes labels,axes text,title(s),caption(s),legend text",0,1,1,1,0,1,1,0,0,0,0,2,1,2,1,Bar,0,1,0,0,0,0,0,0,0,0,0,0,1
vis913.png,5370.png,48,0,1,0,0,0,1,I,multipanel,"axes labels,axes text,title(s),annotation(s),caption(s)",0,1,1,1,1,1,0,0,0,0,1,4,4,2,7,"Table,Area,Bar",1,1,0,0,0,0,0,0,0,1,0,0,3
economist_daily_chart_58.png,5371.png,65.8,1,0,0,0,0,1,N,multipanel,"title(s),axes text,annotation(s),caption(s),legend text",0,0,1,1,1,1,1,0,0,0,1,42,3,2,3,"Table,Area",1,0,0,0,0,0,0,0,0,1,0,0,2
wsj121.png,5372.png,17.9,1,0,0,0,1,0,N,single,"axes labels,axes text,title(s),caption(s)",0,1,1,1,0,1,0,0,0,0,1,2,2,0,1,Line,0,0,0,0,0,0,1,0,0,0,0,0,1
v486_n7402_14_f2.png,5373.png,63.2,0,0,0,1,1,0,S,single,annotation(s),0,0,0,0,1,0,0,0,0,0,0,4,3,0,1,Diagram,0,0,0,1,0,0,0,0,0,0,0,0,1
visMost113.png,5374.png,39.1,0,1,0,0,1,0,I,single,"axes text,title(s),annotation(s),legend text",0,0,1,1,1,0,1,0,0,0,1,5,1,3,10,Table,0,0,0,0,0,0,0,0,0,1,0,0,1
vis720.png,5375.png,32.1,0,1,0,0,0,1,I,multipanel,"title(s),annotation(s),caption(s),axes text",0,0,1,1,1,1,0,0,0,0,1,15,3,5,5,"Table,Bar,Circle,Diagram",0,1,1,1,0,0,0,0,0,1,0,0,4
v484_n7393_1_f4.png,5376.png,63.1,0,0,0,1,0,1,S,multipanel,"title(s),annotation(s),axes text,axes labels",0,1,1,1,1,0,0,0,0,0,0,8,2,2,3,"Diagram,Bar",0,1,0,1,0,0,0,0,0,0,0,0,2
visMost675.png,5377.png,35.7,0,1,0,0,0,1,I,multipanel,"title(s),annotation(s),caption(s)",0,0,0,1,1,1,0,0,0,0,1,11,3,0,8,"Point,Table",0,0,0,0,0,0,0,0,1,1,0,0,2
whoK22.png,5378.png,38.4,0,0,1,0,1,0,G,single,"title(s),annotation(s),caption(s),axes text",0,0,1,1,1,1,0,0,0,0,0,4,1,5,1,Trees & Networks,0,0,0,0,0,0,0,0,0,0,0,1,1
vis734.png,5379.png,79.4,0,1,0,0,1,0,I,single,"annotation(s),caption(s),title(s),axes text,text-only",0,0,1,1,1,1,0,0,1,0,1,30,2,1,1,Table,0,0,0,0,0,0,0,0,0,1,0,0,1
v489_n7416_22_f1.png,5380.png,77.4,0,0,0,1,0,1,S,multipanel,annotation(s),0,0,0,0,1,0,0,0,0,0,0,9,0,1,1,Diagram,0,0,0,1,0,0,0,0,0,0,0,0,1
visMost661.png,5381.png,42.1,0,1,0,0,0,1,I,multipanel,"title(s),annotation(s),axes text,legend text,legend title,caption(s)",0,0,1,1,1,1,1,1,0,0,1,8,5,5,5,"Table,Point,Area,Map",1,0,0,0,0,0,0,1,1,1,0,0,4
visMost107.png,5382.png,28.9,0,1,0,0,1,0,I,single,"axes text,annotation(s),legend title,legend text",0,0,1,0,1,0,1,1,0,0,0,5,0,3,1,Grid & Matrix,0,0,0,0,0,1,0,0,0,0,0,0,1
v484_n7392_1_f4.png,5383.png,71.4,0,0,0,1,1,0,S,single,"axes text,axes labels,annotation(s)",0,1,1,0,1,0,0,0,0,0,0,9,7,1,1,"Point,Line",0,0,0,0,0,0,1,0,1,0,0,0,2
v483_n7390_18_f3.png,5384.png,73.2,0,0,0,1,0,1,S,multipanel,"axes labels,axes text,legend text",0,1,1,0,0,0,1,0,0,0,0,2,5,5,6,"Table,Point,Line",0,0,0,0,0,0,1,0,1,1,0,0,3
v488_n7411_16_f4.png,5385.png,69.5,0,0,0,1,0,1,S,multipanel,"axes labels,axes text,annotation(s),title(s),legend text",0,1,1,1,1,0,1,0,0,0,0,3,8,3,5,"Line,Bar,Diagram,Point",0,1,0,1,0,0,1,0,1,0,0,0,4
wsj135.png,5386.png,18.3,1,0,0,0,1,0,N,single,"axes labels,axes text,title(s),annotation(s),caption(s)",0,1,1,1,1,1,0,0,0,0,1,5,2,1,1,Bar,0,1,0,0,0,0,0,0,0,0,0,0,1
v485_n7399_13_f4.png,5387.png,62.5,0,0,0,1,1,0,S,single,"axes text,axes labels,legend title,legend text",0,1,1,0,0,0,1,1,0,0,0,2,2,1,1,"Line,Point",0,0,0,0,0,0,1,0,1,0,0,0,2
v488_n7411_18_f1.png,5388.png,64.8,0,0,0,1,0,1,S,multipanel,"axes text,axes labels,legend text,annotation(s)",0,1,1,0,1,0,1,0,0,0,0,3,7,2,8,"Table,Bar,Diagram",0,1,0,1,0,0,0,0,0,1,0,0,3
visMost34.png,5389.png,46.5,0,1,0,0,1,0,I,single,"title(s),axes text,annotation(s),caption(s)",0,0,1,1,1,1,0,0,0,0,1,3,0,2,1,Diagram,0,0,0,1,0,0,0,0,0,0,0,0,1
visMost649.png,5390.png,23.4,0,1,0,0,0,1,I,multipanel,"title(s),annotation(s),caption(s)",0,0,0,1,1,1,0,0,0,0,1,2,2,1,1,Table,0,0,0,0,0,0,0,0,0,1,0,0,1
vis708.png,5391.png,36.8,0,1,0,0,1,0,I,single,"title(s),annotation(s),caption(s)",0,0,0,1,1,1,0,0,0,0,1,9,0,2,1,Table,0,0,0,0,0,0,0,0,0,1,0,0,1
visMost20.png,5392.png,12.4,0,1,0,0,0,1,I,multipanel,"axes text,title(s)",0,0,1,1,0,0,0,0,0,0,0,7,0,2,4,Table,0,0,0,0,0,0,0,0,0,1,0,0,1
wsj109.png,5393.png,22,1,0,0,0,1,0,N,single,"axes text,title(s),annotation(s),caption(s)",0,0,1,1,1,1,0,0,0,0,1,7,3,1,2,"Table,Bar",0,1,0,0,0,0,0,0,0,1,0,0,2
v484_n7394_5_f5.png,5394.png,48.3,0,0,0,1,1,0,S,single,"axes labels,axes text,legend text",0,1,1,0,0,0,1,0,0,1,0,0,2,2,1,"Line,Area",1,0,0,0,0,0,1,0,0,0,0,0,2
whoI11_2.png,5395.png,27.3,0,0,1,0,1,0,G,single,"axes labels,axes text,title(s),caption(s),egend text",0,1,1,1,0,1,0,0,0,1,0,0,2,1,1,Bar,0,1,0,0,0,0,0,0,0,0,0,0,1
v486_n7404_20_f1.png,5396.png,52.1,0,0,0,1,0,1,S,multipanel,"axes labels,axes text,title(s),legend text",0,1,1,1,0,0,1,0,0,1,0,0,6,2,3,"Area,Bar,Line,Distribution",1,1,0,0,1,0,1,0,0,0,0,0,4
v489_n7417_1_f1.png,5397.png,63.1,0,0,0,1,0,1,S,multipanel,"axes labels,axes text,annotation(s)",0,1,1,0,1,0,0,0,0,0,0,4,4,3,2,"Trees & Networks,Point,Line,Area",1,0,0,0,0,0,1,0,1,0,0,1,4
vis50.png,5398.png,42.8,0,1,0,0,0,1,I,multipanel,"caption(s),axes text,title(s),annotation(s)",0,0,1,1,1,1,0,0,0,0,1,9,2,1,7,"Circle,Bar,Table",0,1,1,0,0,0,0,0,0,1,0,0,3
economist_daily_chart_276.png,5399.png,52.3,1,0,0,0,1,0,N,single,"title(s),annotation(s),caption(s),legend text,axes text",0,0,1,1,1,1,1,0,0,0,1,9,4,3,2,"Map,Table,Line,Diagram",0,0,0,1,0,0,1,1,0,1,0,0,4
wsj486.png,5400.png,24,1,0,0,0,1,0,N,single,"title(s),axes text,caption(s),legend text",0,0,1,1,0,1,1,0,0,0,1,3,1,2,1,"Bar,Area",1,1,0,0,0,0,0,0,0,0,0,0,2
v486_n7404_4_f3.png,5401.png,61.6,0,0,0,1,0,1,S,multipanel,"legend text,axes text,axes labels,title(s)",0,1,1,1,0,0,1,0,0,0,0,7,6,2,4,"Line,Point",0,0,0,0,0,0,1,0,1,0,0,0,2
economist_daily_chart_510.png,5402.png,20.8,1,0,0,0,1,0,N,single,"axes labels,title(s),annotation(s),caption(s)",0,1,0,1,1,1,0,0,0,0,1,3,1,1,1,Bar,0,1,0,0,0,0,0,0,0,0,0,0,1
v482_n7386_13_f4.png,5403.png,62.1,0,0,0,1,0,1,S,multipanel,"axes labels,axes text,annotation(s),legend text",0,1,1,0,1,0,1,0,0,0,0,9,5,5,7,"Bar,Table,Point,Diagram,Area",1,1,0,1,0,0,0,0,1,1,0,0,5
vis287.png,5404.png,51.6,0,1,0,0,0,1,I,multipanel,"title(s),axes text,annotation(s),caption(s)",0,0,1,1,1,1,0,0,0,0,0,15,5,7,8,"Table,Circle,Map,Area",1,0,1,0,0,0,0,1,0,1,0,0,4
vis293.png,5405.png,36,0,1,0,0,0,1,I,multipanel,"title(s),annotation(s),legend text,axes text,caption(s)",0,0,1,1,1,1,1,0,0,0,1,6,3,3,5,"Table,Bar,Map",0,1,0,0,0,0,0,1,0,1,0,0,3
v489_n7416_1_f1.png,5406.png,69.6,0,0,0,1,0,1,S,multipanel,"axes text,legend text,annotation(s)",0,0,1,0,1,0,1,0,0,0,0,6,1,5,6,Diagram,0,0,0,1,0,0,0,0,0,0,0,0,1
economist_daily_chart_504.png,5407.png,26,1,0,0,0,0,1,N,multipanel,"title(s),legend text,axes text,axes labels",0,1,1,1,0,0,1,0,0,0,1,5,3,4,2,Bar,0,1,0,0,0,0,0,0,0,0,0,0,1
np_15.png,5408.png,55.9,1,0,0,0,0,1,N,multipanel,"title(s),annotation(s),axes text,caption(s)",0,0,1,1,1,1,0,0,0,0,0,4,1,2,2,"Diagram,Table",0,0,0,1,0,0,0,0,0,1,0,0,2
economist_daily_chart_262.png,5409.png,29.599999999999998,1,0,0,0,1,0,N,single,"title(s),axes labels,axes text,text-only,caption(s),annotation(s)",0,1,1,1,1,1,0,0,1,0,1,3,2,1,1,Table,0,0,0,0,0,0,0,0,0,1,0,0,1
wsj492.png,5410.png,22.9,1,0,0,0,1,0,N,single,"annotation(s),caption(s),title(s)",0,0,0,1,1,1,0,0,0,0,1,3,0,1,1,"Map,Point",0,0,0,0,0,0,0,1,1,0,0,0,2
v486_n7402_22_f3.png,5411.png,76.4,0,0,0,1,0,1,S,multipanel,"annotation(s),axes text",0,0,1,0,1,0,0,0,0,0,0,15,0,1,5,Diagram,0,0,0,1,0,0,0,0,0,0,0,0,1
vis44.png,5412.png,50.1,0,1,0,0,0,1,I,multipanel,"annotation(s),titles,axes text,caption(s)",0,0,1,0,1,1,0,0,0,0,1,15,5,5,6,Table,0,0,0,0,0,0,0,0,0,1,0,0,1
whoP22.png,5413.png,24.2,0,0,1,0,0,1,G,multipanel,"caption(s),title(s),legend text",0,0,0,1,0,1,1,0,0,0,0,3,0,1,1,Map,0,0,0,0,0,0,0,1,0,0,0,0,1
v485_n7399_1_f3.png,5414.png,62.4,0,0,0,1,0,1,S,multipanel,"axes labels,axes text,annotation(s),legend text",0,1,1,0,1,0,1,0,0,0,0,5,2,2,2,"Line,Point,Diagram,Table",0,0,0,1,0,0,1,0,1,1,0,0,4
v489_n7417_12_f2.png,5415.png,59.3,0,0,0,1,0,1,S,multipanel,"axes labels,axes text,annotation(s),legend text",0,1,1,0,1,0,1,0,0,0,0,6,3,2,2,Point,0,0,0,0,0,0,0,0,1,0,0,0,1
visMost488.png,5416.png,38.5,0,1,0,0,0,1,I,multipanel,"annotation(s),title(s),axes labels,axes text,caption(s)",0,1,1,1,1,1,0,0,0,0,1,15,1,2,4,"Text,Point,Table",0,0,0,0,0,0,0,0,1,1,1,0,3
v483_n7389_22_f1.png,5417.png,62.2,0,0,0,1,0,1,S,multipanel,"title(s),annotation(s)",0,0,0,1,1,0,0,0,0,0,0,2,0,3,3,Diagram,0,0,0,1,0,0,0,0,0,0,0,0,1
v486_n7403_24_f1.png,5418.png,70,0,0,0,1,0,1,S,multipanel,"axes labels,axes text,annotation(s),legend text,title(s)",0,1,1,1,1,0,1,0,0,0,0,5,3,5,7,"Table,Bar,Diagram",0,1,0,1,0,0,0,0,0,1,0,0,3
v485_n7398_1_f3.png,5419.png,80.7,0,0,0,1,0,1,S,multipanel,"annotation(s),title(s)",0,0,0,1,1,0,0,0,0,0,0,11,0,1,4,Diagram,0,0,0,1,0,0,0,0,0,0,0,0,1
vis78.png,5420.png,41.4,0,1,0,0,0,1,I,multipanel,"axes text,title(s),annotation(s),caption(s)",0,0,1,1,1,1,0,0,0,0,1,5,1,6,7,"Table,Area,Circle",1,0,1,0,0,0,0,0,0,1,0,0,3
whoG07.png,5421.png,15.1,0,0,1,0,0,1,G,multipanel,"title(s),caption(s),legend text",0,0,0,1,0,1,1,0,0,0,1,7,1,0,1,Map,0,0,0,0,0,0,0,1,0,0,0,0,1
v485_n7396_12_f4.png,5422.png,52.6,0,0,0,1,0,1,S,multipanel,"axes labels,axes text,legend title,legend text",0,1,1,0,0,0,1,1,0,0,0,7,3,1,3,Grid & Matrix,0,0,0,0,0,1,0,0,0,0,0,0,1
v483_n7387_13_f2.png,5423.png,52.9,0,0,0,1,1,0,S,single,"axes labels,axes text,title(s),annotation(s)",0,1,1,1,1,0,0,0,0,1,0,0,2,5,1,Grid & Matrix,0,0,0,0,0,1,0,0,0,0,0,0,1
vis93.png,5424.png,35.7,0,1,0,0,1,0,I,single,annotation(s),0,0,0,0,1,0,0,0,0,0,1,10,1,0,1,Grid & Matrix,0,0,0,0,0,1,0,0,0,0,0,0,1
visMost477.png,5425.png,45.7,0,1,0,0,1,0,I,single,"title(s),annotation(s),legend text",0,0,0,1,1,0,1,0,0,0,1,3,4,3,2,"Area,Table",1,0,0,0,0,0,0,0,0,1,0,0,2
v483_n7388_5_f3.png,5426.png,60,0,0,0,1,1,0,S,single,annotation(s),0,0,0,0,1,0,0,0,0,0,0,1,1,0,5,"Table,Diagram",0,0,0,1,0,0,0,0,0,1,0,0,2
v484_n7392_17_f1.png,5427.png,69.4,0,0,0,1,0,1,S,multipanel,"axes labels,axes text,annotation(s)",0,1,1,0,1,0,0,0,0,0,0,3,4,0,1,"Point,Line",0,0,0,0,0,0,1,0,1,0,0,0,2
vis522.png,5428.png,50.4,0,1,0,0,0,1,I,multipanel,"title(s),axes text,annotation(s),caption(s)",0,0,1,1,1,1,0,0,0,0,0,15,1,7,9,"Area,Bar,Circle,Point",1,1,1,0,0,0,0,0,1,0,0,0,4
v488_n7412_4_f3.png,5429.png,65.3,0,0,0,1,0,1,S,multipanel,"axes labels,axes text,annotation(s),title(s),legend text,legend title",0,1,1,1,1,0,1,1,0,0,0,7,7,1,2,"Line,Area,Grid & Matrix",1,0,0,0,0,1,1,0,0,0,0,0,3
vis244.png,5430.png,47.4,0,1,0,0,0,1,I,multipanel,"title(s),annotation(s),caption(s)",0,0,0,1,1,1,0,0,0,0,1,10,3,7,8,"Table,Bar,Area",1,1,0,0,0,0,0,0,0,1,0,0,3
visMost311.png,5431.png,52.5,0,1,0,0,0,1,I,multipanel,"title(s),annotation(s),caption(s)",0,0,0,1,1,1,0,0,0,0,0,4,1,3,2,"Diagram,Table",0,0,0,1,0,0,0,0,0,1,0,0,2
v487_n7407_21_f4.png,5432.png,68,0,0,0,1,0,1,S,multipanel,"axes text,annotation(s)",0,0,1,0,1,0,0,0,0,1,0,0,0,4,5,"Table,Distribution",0,0,0,0,1,0,0,0,0,1,0,0,2
wsj323.png,5433.png,26,1,0,0,0,1,0,N,single,"title(s),annotation(s),caption(s)",0,0,0,1,1,1,0,0,0,0,1,5,0,2,1,"Table,Diagram",0,0,0,1,0,0,0,0,0,1,0,0,2
wsj337.png,5434.png,34.2,1,0,0,0,0,1,N,multipanel,"title(s),annotation(s),caption(s),axes text,axes labels",0,1,1,1,1,1,0,0,0,0,1,7,6,1,3,"Table,Bar,Line,Area",1,1,0,0,0,0,1,0,0,1,0,0,4
vis250.png,5435.png,18,0,1,0,0,1,0,I,single,"title(s),annotation(s),axes text,caption(s)",0,0,1,1,1,1,0,0,0,0,1,3,1,2,1,Bar,0,1,0,0,0,0,0,0,0,0,0,0,1
visMost305.png,5436.png,80,0,1,0,0,0,1,I,multipanel,"annotation(s),title(s),axes text,axes labels,caption(s)",0,1,1,1,1,1,0,0,0,0,1,7,3,11,10,"Table,Line,Area,Distribution,Bar,Diagram,Circle",1,1,1,1,1,0,1,0,0,1,0,0,7
v485_n7400_16_f1.png,5437.png,77.6,0,0,0,1,0,1,S,multipanel,"axes text,axes labels,annotation(s),legend text",0,1,1,0,1,0,1,0,0,0,0,15,4,2,4,"Circle,Point,Distribution,Bar",0,1,1,0,1,0,0,0,1,0,0,0,4
vis87.png,5438.png,52.2,0,1,0,0,1,0,I,single,"title(s),annotation(s),legend title,legend text,caption(s)",0,0,0,1,1,1,1,1,0,0,1,7,0,2,1,Map,0,0,0,0,0,0,0,1,0,0,0,0,1
visMost463.png,5439.png,52.4,0,1,0,0,0,1,I,multipanel,"title(s),annotation(s),caption(s)",0,0,0,1,1,1,0,0,0,0,1,5,2,6,9,"Table,Circle",0,0,1,0,0,0,0,0,0,1,0,0,2
vis536.png,5440.png,29.4,0,1,0,0,0,1,I,multipanel,"caption(s),title(s),annotation(s)",0,0,0,1,1,1,0,0,0,0,0,11,2,3,3,"Bar,Table",0,1,0,0,0,0,0,0,0,1,0,0,2
whoI20.png,5441.png,19.1,0,0,1,0,1,0,G,single,"annotation(s),caption(s)",0,0,0,0,1,1,0,0,0,1,0,0,0,2,1,Diagram,0,0,0,1,0,0,0,0,0,0,0,0,1
wsj451.png,5442.png,25.4,1,0,0,0,1,0,N,single,"title(s),annotation(s),caption(s)",0,0,0,1,1,1,0,0,0,0,1,7,0,1,1,"Map,Table",0,0,0,0,0,0,0,1,0,1,0,0,2
v485_n7400_18_f4.png,5443.png,75.5,0,0,0,1,0,1,S,multipanel,"axes labels,axes text,annotation(s),legend text",0,1,1,0,1,0,1,0,0,0,0,5,6,4,8,"Bar,Diagram,Table",0,1,0,1,0,0,0,0,0,1,0,0,3
whoI08.png,5444.png,57.4,0,0,1,0,1,0,G,single,"axes text,title(s),annotation(s),caption(s),legend text",0,0,1,1,1,1,1,0,0,1,0,0,0,2,1,Diagram,0,0,0,1,0,0,0,0,0,0,0,0,1
economist_daily_chart_289.png,5445.png,25.3,1,0,0,0,1,0,N,single,"title(s),axes text,caption(s)",0,0,1,1,0,1,0,0,0,0,1,3,1,1,1,Bar,0,1,0,0,0,0,0,0,0,0,0,0,1
wsj479.png,5446.png,55.3,1,0,0,0,0,1,N,multipanel,"annotation(s),title(s),caption(s)",0,0,0,1,1,1,0,0,0,0,0,5,1,1,2,"Diagram,Table",0,0,0,1,0,0,0,0,0,1,0,0,2
v488_n7413_19_f2.png,5447.png,60,0,0,0,1,0,1,S,multipanel,"axes text,annotation(s)",0,0,1,0,1,0,0,0,0,0,0,9,0,2,11,"Table,Diagram",0,0,0,1,0,0,0,0,0,1,0,0,2
v484_n7393_11_f3.png,5448.png,37.4,0,0,0,1,1,0,S,single,"axes text,axes labels",0,1,1,0,0,0,0,0,0,0,0,3,2,0,1,"Line,Point",0,0,0,0,0,0,1,0,1,0,0,0,2
vis278.png,5449.png,61.8,0,1,0,0,1,0,I,single,"caption(s),legend title,legend text,title(s)",0,0,0,1,0,1,1,1,0,0,0,7,0,2,1,"Map,Grid & Matrix",0,0,0,0,0,1,0,1,0,0,0,0,2
visMost339.png,5450.png,50.3,0,1,0,0,1,0,I,single,"annotation(s),axes text,title(s),caption(s)",0,0,1,1,1,1,0,0,0,0,1,12,3,4,1,"Diagram,Table",0,0,0,1,0,0,0,0,0,1,0,0,2
v484_n7392_19_f4.png,5451.png,65.1,0,0,0,1,0,1,S,multipanel,"title(s),legend text,axes text,axes labels,annotation(s)",0,1,1,1,1,0,1,0,0,0,0,5,6,3,5,"Table,Bar,Diagram",0,1,0,1,0,0,0,0,0,1,0,0,3
v490_n7420_11_f4.png,5452.png,50.3,0,0,0,1,1,0,S,single,"axes text,title(s),annotation(s),caption(s),axes labels,text-only",0,1,1,1,1,1,0,0,1,1,0,0,4,1,1,Table,0,0,0,0,0,0,0,0,0,1,0,0,1
v484_n7393_11_f1.png,5453.png,49.2,0,0,0,1,0,1,S,multipanel,"axes text,annotation(s),axes labels",0,1,1,0,1,0,0,0,0,1,0,0,2,1,2,"Line,Point",0,0,0,0,0,0,1,0,1,0,0,0,2
v487_n7407_5_f2.png,5454.png,54.4,0,0,0,1,0,1,S,multipanel,"axes labels,axes text,legend text,annotation(s)",0,1,1,0,1,0,1,0,0,1,0,0,5,1,2,Bar,0,1,0,0,0,0,0,0,0,0,0,0,1
visMost449.png,5455.png,40.5,0,1,0,0,0,1,I,multipanel,"title(s),axes text,annotation(s),caption(s)",0,0,1,1,1,1,0,0,0,0,1,5,3,8,7,"Area,Bar,Table",1,1,0,0,0,0,0,0,0,1,0,0,3
vis508.png,5456.png,49.8,0,1,0,0,0,1,I,multipanel,"title(s),annotation(s),axes text,caption(s)",0,0,1,1,1,1,0,0,0,0,1,21,5,5,8,"Area,Bar,Circle,Table,Point",1,1,1,0,0,0,0,0,1,1,0,0,5
v482_n7386_1_f10.png,5457.png,37.9,0,0,0,1,0,1,S,multipanel,"axes labels,axes text,legend text",0,1,1,0,0,0,1,0,0,0,0,4,2,2,1,"Line,Point,Distribution",0,0,0,0,1,0,1,0,1,0,0,0,3
wsj309.png,5458.png,32.9,1,0,0,0,0,1,N,multipanel,"title(s),annotation(s),axes text,caption(s)",0,0,1,1,1,1,0,0,0,0,1,4,4,1,2,"Line,Bar",0,1,0,0,0,0,1,0,0,0,0,0,2
v490_n7419_23_f2.png,5459.png,84.6,0,0,0,1,0,1,S,multipanel,"annotation(s),legend text,legend title,axes text,axes labels,title(s)",0,1,1,1,1,0,1,1,0,0,0,12,11,5,9,"Line,Diagram,Point,Table",0,0,0,1,0,0,1,0,1,1,0,0,4
v487_n7408_18_f2.png,5460.png,73.8,0,0,0,1,0,1,S,multipanel,"axes labels,axes text,title(s),annotation(s),legend title,legend text",0,1,1,1,1,0,1,1,0,0,0,20,4,7,4,"Grid & Matrix,Distribution,Bar,Diagram,Trees & Networks",0,1,0,1,1,1,0,0,0,0,0,1,5
wsj321.png,5461.png,22.7,1,0,0,0,0,1,N,multipanel,"axes text,title(s),caption(s),annotation(s)",0,0,1,1,1,1,0,0,0,0,1,4,4,2,4,Bar,0,1,0,0,0,0,0,0,0,0,0,0,1
visMost313.png,5462.png,26.6,0,1,0,0,0,1,I,multipanel,"title(s),annotation(s),caption(s)",0,0,0,1,1,1,0,0,0,0,0,10,5,3,1,Table,0,0,0,0,0,0,0,0,0,1,0,0,1
v488_n7412_4_f1.png,5463.png,49,0,0,0,1,1,0,S,single,annotation(s),0,0,0,0,1,0,0,0,0,0,0,7,1,1,1,Diagram,0,0,0,1,0,0,0,0,0,0,0,0,1
vis246.png,5464.png,27.4,0,1,0,0,0,1,I,multipanel,"title(s),caption(s),annotation(s)",0,0,0,1,1,1,0,0,0,0,1,20,8,0,5,Table,0,0,0,0,0,0,0,0,0,1,0,0,1
vis520.png,5465.png,41.7,0,1,0,0,1,0,I,single,"axes text,title(s),annotation(s),caption(s)",0,0,1,1,1,1,0,0,0,0,1,5,1,1,1,"Diagram,Table",0,0,0,1,0,0,0,0,0,1,0,0,2
visMost475.png,5466.png,57.3,0,1,0,0,0,1,I,multipanel,"title(s),caption(s),annotation(s)",0,0,0,1,1,1,0,0,0,0,1,40,0,11,11,Table,0,0,0,0,0,0,0,0,0,1,0,0,1
v484_n7392_17_f3.png,5467.png,70.1,0,0,0,1,0,1,S,multipanel,"axes labels,axes text,legend title,legend text",0,1,1,0,0,0,1,1,0,0,0,3,5,0,4,"Line,Point",0,0,0,0,0,0,1,0,1,0,0,0,2
v483_n7388_5_f1.png,5468.png,62.3,0,0,0,1,0,1,S,multipanel,"axes labels,axes text,annotation(s)",0,1,1,0,1,0,0,0,0,0,0,3,5,1,3,Table,0,0,0,0,0,0,0,0,0,1,0,0,1
vis91.png,5469.png,40.5,0,1,0,0,0,1,I,multipanel,"axes text,title(s),annotation(s),caption(s)",0,0,1,1,1,1,0,0,0,0,1,9,2,7,6,"Table,Bar,Circle",0,1,1,0,0,0,0,0,0,1,0,0,3
wsj447.png,5470.png,27.2,1,0,0,0,0,1,N,multipanel,"axes labels,axes text,title(s),caption(s),legend text",0,1,1,1,0,1,1,0,0,0,1,5,5,2,3,"Area,Bar,Line",1,1,0,0,0,0,1,0,0,0,0,0,3
wsj453.png,5471.png,39.3,1,0,0,0,0,1,N,multipanel,"axes labels,axes text,title(s),annotation(s),legend text,caption(s)",0,1,1,1,1,1,1,0,0,0,1,4,6,3,3,"Bar,Area,Line",1,1,0,0,0,0,1,0,0,0,0,0,3
whoI22.png,5472.png,23.4,0,0,1,0,1,0,G,single,"caption(s),axes text",0,0,1,0,0,1,0,0,0,0,1,1,1,1,1,Bar,0,1,0,0,0,0,0,0,0,0,0,0,1
visMost461.png,5473.png,42.1,0,1,0,0,0,1,I,multipanel,"title(s),annotation(s),caption(s)",0,0,0,1,1,1,0,0,0,0,1,1,4,9,1,Table,0,0,0,0,0,0,0,0,0,1,0,0,1
v485_n7400_16_f3.png,5474.png,30.7,0,0,0,1,1,0,S,single,"title(s),annotation(s)",0,0,0,1,1,0,0,0,0,0,0,10,0,2,1,"Diagram,Table",0,0,0,1,0,0,0,0,0,1,0,0,2
vis85.png,5475.png,33.9,0,1,0,0,0,1,I,multipanel,"axes text,title(s),annotation(s),caption(s)",0,0,1,1,1,1,0,0,0,0,1,11,4,1,5,"Table,Bar,Circle,Diagram",0,1,1,1,0,0,0,0,0,1,0,0,4
visMost307.png,5476.png,65.2,0,1,0,0,1,0,I,single,"title(s),caption(s),axes text",0,0,1,1,0,1,0,0,0,0,1,40,1,1,1,Bar,0,1,0,0,0,0,0,0,0,0,0,0,1
vis252.png,5477.png,47,0,1,0,0,0,1,I,multipanel,"title(s),annotation(s),caption(s)",0,0,0,1,1,1,0,0,0,0,1,15,3,4,8,"Table,Point,Diagram",0,0,0,1,0,0,0,0,1,1,0,0,3
wsj335.png,5478.png,35.5,1,0,0,0,0,1,N,multipanel,"axes labels,axes text,title(s),annotation(s),caption(s),legend text",0,1,1,1,1,1,1,0,0,0,1,3,5,4,3,Line,0,0,0,0,0,0,1,0,0,0,0,0,1
v485_n7398_23_f5.png,5479.png,51.4,0,0,0,1,0,1,S,multipanel,"annotation(s),title(s),legend text,axes text",0,0,1,1,1,0,1,0,0,0,0,13,2,4,4,"Bar,Circle,Table,Line,Area",1,1,1,0,0,0,1,0,0,1,0,0,5
v483_n7389_22_f3.png,5480.png,74.8,0,0,0,1,0,1,S,multipanel,annotation(s),0,0,0,0,1,0,0,0,0,0,0,3,1,1,3,Diagram,0,0,0,1,0,0,0,0,0,0,0,0,1
whoJ34_1.png,5481.png,29.9,0,0,1,0,1,0,G,single,"caption(s),title(s),legend text",0,0,0,1,0,1,1,0,0,0,0,5,1,0,1,Map,0,0,0,0,0,0,0,1,0,0,0,0,1
v485_n7399_1_f1.png,5482.png,79.4,0,0,0,1,0,1,S,multipanel,"axes text,annotation(s),title(s)",0,0,1,1,1,0,0,0,0,0,0,11,0,4,2,"Table,Grid & Matrix,Diagram",0,0,0,1,0,1,0,0,0,1,0,0,3
economist_daily_chart_248.png,5483.png,56.8,1,0,0,0,1,0,N,single,"axes labels,title(s),annotation(s),caption(s),axes text",0,1,1,1,1,1,0,0,0,0,1,4,3,1,1,"Line,Point",0,0,0,0,0,0,1,0,1,0,0,0,2
whoP20.png,5484.png,21.1,0,0,1,0,1,0,G,single,"title(s),axes text,text-only",0,0,1,1,0,0,0,0,1,0,0,1,0,2,1,Table,0,0,0,0,0,0,0,0,0,1,0,0,1
whoB32_1.png,5485.png,30.1,0,0,1,0,1,0,G,single,"axes labels,title(s),axes text,caption(s),legend text",0,1,1,1,0,1,1,0,0,0,0,2,1,2,1,Bar,0,1,0,0,0,0,0,0,0,0,0,0,1
whoG05.png,5486.png,21.4,0,0,1,0,0,1,G,multipanel,"axes text,title(s),caption(s),axes labels,legend text",0,1,1,1,0,1,1,0,0,0,1,6,1,2,1,Bar,0,1,0,0,0,0,0,0,0,0,0,0,1
v485_n7398_1_f1.png,5487.png,81.9,0,0,0,1,0,1,S,multipanel,annotation(s),0,0,0,0,1,0,0,0,0,0,0,9,0,3,3,Diagram,0,0,0,1,0,0,0,0,0,0,0,0,1
v486_n7403_24_f3.png,5488.png,39.4,0,0,0,1,0,1,S,multipanel,"axes labels,axes text,legend text",0,1,1,0,0,0,1,0,0,0,0,3,3,3,3,Bar,0,1,0,0,0,0,0,0,0,0,0,0,1
whoQ22_4.png,5489.png,24.8,0,0,1,0,1,0,G,single,"axes labels,axes text,title(s),caption(s),legend text",0,1,1,1,0,1,1,0,0,0,0,6,2,1,1,Bar,0,1,0,0,0,0,0,0,0,0,0,0,1
vis285.png,5490.png,46.5,0,1,0,0,0,1,I,multipanel,"title(s),annotation(s),axes labels,axes text,caption(s)",0,1,1,1,1,1,0,0,0,0,1,6,5,4,7,"Table,Point,Bar,Line",0,1,0,0,0,0,1,0,1,1,0,0,4
economist_daily_chart_512.png,5491.png,23.9,1,0,0,0,1,0,N,single,"title(s),caption(s),legend text,axes text",0,0,1,1,0,1,1,0,0,0,1,6,2,1,1,Line,0,0,0,0,0,0,1,0,0,0,0,0,1
v486_n7404_4_f1.png,5492.png,74.2,0,0,0,1,0,1,S,multipanel,"annotation(s),title(s),legend text,axes text",0,0,1,1,1,0,1,0,0,0,0,5,2,2,3,"Table,Diagram",0,0,0,1,0,0,0,0,0,1,0,0,2
wsj484.png,5493.png,22.4,1,0,0,0,1,0,N,single,"title(s),annotation(s),caption(s)",0,0,0,1,1,1,0,0,0,0,1,5,1,2,1,Bar,0,1,0,0,0,0,0,0,0,0,0,0,1
economist_daily_chart_274.png,5494.png,29.3,1,0,0,0,1,0,N,single,"axes text,title(s),caption(s),legend text,annotation(s)",0,0,1,1,1,1,1,0,0,0,1,4,1,2,1,Bar,0,1,0,0,0,0,0,0,0,0,0,0,1
vis52.png,5495.png,41.3,0,1,0,0,0,1,I,multipanel,"axes text,title(s),annotation(s),caption(s)",0,0,1,1,1,1,0,0,0,0,1,15,8,2,7,"Line,Map,Table,Point",0,0,0,0,0,0,1,1,1,1,0,0,4
v489_n7417_1_f3.png,5496.png,55.1,0,0,0,1,0,1,S,multipanel,"axes labels,axes text,title(s)",0,1,1,1,0,0,0,0,0,0,0,2,2,1,1,Point,0,0,0,0,0,0,0,0,1,0,0,0,1
vis46.png,5497.png,39.6,0,1,0,0,0,1,I,multipanel,"legend title,legend text,title(s),caption(s)",0,0,0,1,0,1,1,1,0,0,1,9,0,1,1,Map,0,0,0,0,0,0,0,1,0,0,0,0,1
v486_n7402_22_f1.png,5498.png,82.5,0,0,0,1,0,1,S,multipanel,"axes labels,annotation(s),axes text",0,1,1,0,1,0,0,0,0,0,0,3,13,3,6,"Bar,Distribution",0,1,0,0,1,0,0,0,0,0,0,0,2
wsj490.png,5499.png,27.5,1,0,0,0,1,0,N,single,"axes labels,axes text,annotation(s),title(s),caption(s)",0,1,1,1,1,1,0,0,0,0,0,1,4,1,3,"Area,Bar,Line",1,1,0,0,0,0,1,0,0,0,0,0,3
whoP08.png,5500.png,14,0,0,1,0,1,0,G,single,"title(s),text-only",0,0,0,1,0,0,0,0,1,0,0,1,0,3,1,Table,0,0,0,0,0,0,0,0,0,1,0,0,1
economist_daily_chart_260.png,5501.png,23.5,1,0,0,0,1,0,N,single,"title(s),annotation(s),legend text, axes text, caption(s)",0,0,1,1,1,1,1,0,0,0,1,2,2,2,1,Bar,0,1,0,0,0,0,0,0,0,0,0,0,1
np_17.png,5502.png,50.4,1,0,0,0,0,1,N,multipanel,"title(s),annotation(s),legend text, legend title(s), caption(s)",0,0,0,1,1,1,1,1,0,0,0,10,3,4,5,"Bar,Point,Diagram",0,1,0,1,0,0,0,0,1,0,0,0,3
economist_daily_chart_506.png,5503.png,25.4,1,0,0,0,1,0,N,single,"caption(s),axes text,title(s),annotation(s)",0,0,1,1,1,1,0,0,0,0,1,3,1,2,1,Bar,0,1,0,0,0,0,0,0,0,0,0,0,1
v487_n7405_16_f4.png,5504.png,82.1,0,0,0,1,0,1,S,multipanel,"axes labels,axes text,annotation(s),legend title,legend text",0,1,1,0,1,0,1,1,0,0,0,4,8,5,6,"Distribution,Line,Bar",0,1,0,0,1,0,1,0,0,0,0,0,3
vis291.png,5505.png,52.3,0,1,0,0,0,1,I,multipanel,"annotation(s),title(s),caption(s)",0,0,0,1,1,1,0,0,0,0,1,7,1,1,2,"Trees & Networks,Diagram",0,0,0,1,0,0,0,0,0,0,0,1,2
visMost36.png,5506.png,62.3,0,1,0,0,0,1,I,multipanel,"title(s),axes labels,axes text,annotation(s)",0,1,1,1,1,0,0,0,0,0,1,1,1,8,9,Trees & Networks,0,0,0,0,0,0,0,0,0,0,0,1,1
whoK08.png,5507.png,30,0,0,1,0,1,0,G,single,"text-only,caption(s)",0,0,0,0,0,1,0,0,1,0,0,1,4,2,1,Table,0,0,0,0,0,0,0,0,0,1,0,0,1
v483_n7390_16_f4.png,5508.png,75.4,0,0,0,1,0,1,S,multipanel,"axes labels,axes text,annotation(s)",0,1,1,0,1,0,0,0,0,0,0,5,0,5,7,"Table,Line",0,0,0,0,0,0,1,0,0,1,0,0,2
v488_n7411_18_f3.png,5509.png,65.7,0,0,0,1,0,1,S,multipanel,"axes labels,axes text,annotation(s)",0,1,1,0,1,0,0,0,0,0,0,5,7,7,7,"Bar,Line,Point,Table",0,1,0,0,0,0,1,0,1,1,0,0,4
whoK29_1.png,5510.png,47.1,0,0,1,0,1,0,G,single,"caption(s),legend text,annotation(s),axes labels",0,1,0,0,1,1,1,0,0,0,0,4,2,1,1,Bar,0,1,0,0,0,0,0,0,0,0,0,0,1
visMost139.png,5511.png,49.3,0,1,0,0,0,1,I,multipanel,"annotation(s),title(s),caption(s)",0,0,0,1,1,1,0,0,0,0,1,5,1,1,5,Table,0,0,0,0,0,0,0,0,0,1,0,0,1
v486_n7404_20_f3.png,5512.png,81.8,0,0,0,1,0,1,S,multipanel,"legend text,annotation(s),legend title,axes label,axes text",0,0,1,0,1,0,1,1,0,0,0,5,4,2,3,"Line,Point",0,0,0,0,0,0,1,0,1,0,0,0,2
v486_n7401_3_f2.png,5513.png,76,0,0,0,1,0,1,S,multipanel,annotation(s),0,0,0,0,1,0,0,0,0,0,0,6,0,1,4,Diagram,0,0,0,1,0,0,0,0,0,0,0,0,1
economist_daily_chart_99.png,5514.png,22.2,1,0,0,0,1,0,N,single,"legend text,title(s),caption(s)",0,0,0,1,0,1,1,0,0,0,0,5,1,0,1,Map,0,0,0,0,0,0,0,1,0,0,0,0,1
v483_n7389_14_f2.png,5515.png,57.8,0,0,0,1,0,1,S,multipanel,"axes labels,axes text,annotation(s)",0,1,1,0,1,0,0,0,0,1,0,0,2,2,4,Distribution,0,0,0,0,1,0,0,0,0,0,0,0,1
visMost22.png,5516.png,53.5,0,1,0,0,0,1,I,multipanel,"title(s),axes labels, caption(s)",0,1,0,1,0,1,0,0,0,0,1,4,1,1,1,Diagram,0,0,0,1,0,0,0,0,0,0,0,0,1
visMost677.png,5517.png,58.5,0,1,0,0,0,1,I,multipanel,"title(s),annotation(s),caption(s)",0,0,0,1,1,1,0,0,0,0,1,6,4,2,5,"Table,Bar,Circle",0,1,1,0,0,0,0,0,0,1,0,0,3
vis722.png,5518.png,37.8,0,1,0,0,0,1,I,multipanel,"title(s),annotation(s),caption(s)",0,0,0,1,1,1,0,0,0,0,1,7,1,0,1,Table,0,0,0,0,0,0,0,0,0,1,0,0,1
v484_n7393_1_f6.png,5519.png,34.5,0,0,0,1,1,0,S,single,"axes labels,axes text",0,1,1,0,0,0,0,0,0,0,0,2,2,1,1,"Line,Point",0,0,0,0,0,0,1,0,1,0,0,0,2
visMost111.png,5520.png,51.7,0,1,0,0,0,1,I,multipanel,"text-only,legend text,title(s)",0,0,0,1,0,0,1,0,1,0,1,6,6,5,12,"Line,Bar,Circle,Table",0,1,1,0,0,0,1,0,0,1,0,0,4
wsj123.png,5521.png,24.7,1,0,0,0,0,1,N,multipanel,"title(s),annotation(s),caption(s)",0,0,0,1,1,1,0,0,0,0,1,8,2,2,6,"Line,Table",0,0,0,0,0,0,1,0,0,1,0,0,2
wsj137.png,5522.png,54,1,0,0,0,0,1,N,multipanel,"title(s),caption(s),axes labels, axes text",0,1,1,1,0,1,0,0,0,0,1,6,3,2,20,"Bar,Table",0,1,0,0,0,0,0,0,0,1,0,0,2
v483_n7390_18_f1.png,5523.png,87.7,0,0,0,1,0,1,S,multipanel,"caption(s),axes text, legend text,legend title(s),axes labels,annotation(s)",0,1,1,1,1,1,1,1,0,0,1,14,3,8,8,"Grid & Matrix,Table,Bar",0,1,0,0,0,1,0,0,0,1,0,0,3
v484_n7392_1_f6.png,5524.png,70.7,0,0,0,1,0,1,S,multipanel,"axes labels,axes text,legend text, annotation(s)",0,1,1,0,1,0,1,0,0,0,0,8,4,2,2,"Distribution,Line",0,0,0,0,1,0,1,0,0,0,0,0,2
visMost105.png,5525.png,41.1,0,1,0,0,1,0,I,single,"text-only,title(s)",0,0,0,1,0,0,0,0,1,0,1,22,0,1,1,Table,0,0,0,0,0,0,0,0,0,1,0,0,1
visMost663.png,5526.png,56.4,0,1,0,0,0,1,I,multipanel,"title(s),text-only",0,0,0,1,0,0,0,0,1,0,0,3,3,0,4,"Table,Bar,Circle",0,1,1,0,0,0,0,0,0,1,0,0,3
vis736.png,5527.png,38,0,1,0,0,0,1,I,multipanel,"title(s),annotation(s),caption(s)",0,0,0,1,1,1,0,0,0,0,1,5,1,4,7,"Circle,Bar,Table",0,1,1,0,0,0,0,0,0,1,0,0,3
v489_n7416_22_f3.png,5528.png,81.1,0,0,0,1,0,1,S,multipanel,annotation(s),0,0,0,0,1,0,0,0,0,0,0,4,0,2,6,Diagram,0,0,0,1,0,0,0,0,0,0,0,0,1
whoK20.png,5529.png,30.5,0,0,1,0,0,1,G,multipanel,"title(s),legend text,caption(s)",0,0,0,1,0,1,1,0,0,0,0,4,1,2,2,Map,0,0,0,0,0,0,0,1,0,0,0,0,1
v485_n7400_7_f4.png,5530.png,56.3,0,0,0,1,1,0,S,single,"axes text,axes labels",0,1,1,0,0,0,0,0,0,0,0,3,2,0,4,"Line,Diagram",0,0,0,1,0,0,1,0,0,0,0,0,2
v487_n7407_19_f2.png,5531.png,76.6,0,0,0,1,0,1,S,multipanel,"axes labels,axes text,annotation(s)",0,1,1,0,1,0,0,0,0,0,0,2,9,6,8,"Bar,Line,Point",0,1,0,0,0,0,1,0,1,0,0,0,3
v490_n7419_15_f3.png,5532.png,42.8,0,0,0,1,0,1,S,multipanel,"legend title, legend text, annotation(s)",0,0,0,0,1,0,1,1,0,0,0,4,2,2,2,Map,0,0,0,0,0,0,0,1,0,0,0,0,1
vis905.png,5533.png,34.1,0,1,0,0,0,1,I,multipanel,"title,axes text,annotation(s),caption(s)",0,0,1,0,1,1,0,0,0,0,1,12,2,2,3,"Diagram,Circle",0,0,1,1,0,0,0,0,0,0,0,0,2
visMost688.png,5534.png,69.1,0,1,0,0,0,1,I,multipanel,"title,caption(s)",0,0,0,0,0,1,0,0,0,0,1,4,1,1,10,"Diagram,Circle,Table",0,0,1,1,0,0,0,0,0,1,0,0,3
v484_n7394_15_f1.png,5535.png,69.9,0,0,0,1,0,1,S,multipanel,"annotation(s),legend text",0,0,0,0,1,0,1,0,0,0,0,6,1,2,8,"Diagram,Circle,Table",0,0,1,1,0,0,0,0,0,1,0,0,3
v487_n7406_11_f5.png,5536.png,58.6,0,0,0,1,0,1,S,multipanel,"annotation(s),legend text,axes labels,axes text",0,1,1,0,1,0,1,0,0,0,0,4,7,2,4,"Area,Line,Point",1,0,0,0,0,0,1,0,1,0,0,0,3
vis911.png,5537.png,39.3,0,1,0,0,1,0,I,single,"title(s),annotation(s),caption(s)",0,0,0,1,1,1,0,0,0,0,1,12,0,0,3,Table,0,0,0,0,0,0,0,0,0,1,0,0,1
vis939.png,5538.png,49.4,0,1,0,0,0,1,I,multipanel,"title(s),axes text,caption(s)",0,0,1,1,0,1,0,0,0,0,1,5,3,3,11,"Bar,Circle",0,1,1,0,0,0,0,0,0,0,0,0,2
v489_n7414_15_f1.png,5539.png,80.7,0,0,0,1,0,1,S,multipanel,"annotation(s),axes labels,axes text,legend text",0,1,1,0,1,0,1,0,0,0,0,8,6,3,4,"Distribution,Line,Point,Diagram",0,0,0,1,1,0,1,0,1,0,0,0,4
v484_n7395_13_f3.png,5540.png,73.1,0,0,0,1,0,1,S,multipanel,"axes labels,axes text,caption(s)",0,1,1,0,0,1,0,0,0,1,0,0,8,3,16,"Line,Distribution,Point",0,0,0,0,1,0,1,0,1,0,0,0,3
economist_daily_chart_72.png,5541.png,28.5,1,0,0,0,1,0,N,single,"title(s),caption(s),axes text",0,0,1,1,0,1,0,0,0,0,0,1,1,1,1,Bar,0,1,0,0,0,0,0,0,0,0,0,0,1
v490_n7418_13_f1.png,5542.png,89.3,0,0,0,1,0,1,S,multipanel,"title(s),axes labels,axes text,legend text",0,1,1,1,0,0,1,0,0,0,0,7,2,2,2,Map,0,0,0,0,0,0,0,1,0,0,0,0,1
v488_n7413_21_f4.png,5543.png,51.5,0,0,0,1,0,1,S,multipanel,"title(s),axes labels,axes text,annotation(s)",0,1,1,1,1,0,0,0,0,1,0,0,2,2,12,Bar,0,1,0,0,0,0,0,0,0,0,0,0,1
v485_n7400_20_f2.png,5544.png,71.6,0,0,0,1,0,1,S,multipanel,"axes labels,axes text,annotation(s)",0,1,1,0,1,0,0,0,0,0,0,2,3,2,11,"Point,Distribution",0,0,0,0,1,0,0,0,1,0,0,0,2
v484_n7392_21_f2.png,5545.png,55.4,0,0,0,1,0,1,S,multipanel,"axes labels,axes text,legend text,annotation(s)",0,1,1,0,1,0,1,0,0,0,0,5,1,4,3,"Table,Bar",0,1,0,0,0,0,0,0,0,1,0,0,2
economist_daily_chart_66.png,5546.png,26.5,1,0,0,0,1,0,N,single,"title(s),axes labels,axes text,legend text, annotation(s)",0,1,1,1,1,0,1,0,0,0,0,6,1,2,1,Line,0,0,0,0,0,0,1,0,0,0,0,0,1
v483_n7390_14_f1.png,5547.png,79.9,0,0,0,1,1,0,S,single,"axes text, axes labels, annotation(s)",0,1,1,0,1,0,0,0,0,1,0,0,2,1,1,Point,0,0,0,0,0,0,0,0,1,0,0,0,1
v483_n7387_2_f1.png,5548.png,70.5,0,0,0,1,0,1,S,multipanel,annotation(s),0,0,0,0,1,0,0,0,0,0,0,7,0,1,5,Diagram,0,0,0,1,0,0,0,0,0,0,0,0,1
v485_n7396_26_f2.png,5549.png,85.6,0,0,0,1,0,1,S,multipanel,"axes text,axes labels,annotation(s),legend text",0,1,1,0,1,0,1,0,0,0,0,3,6,8,10,"Line,Bar,Table",0,1,0,0,0,0,1,0,0,1,0,0,3
vis118.png,5550.png,49.6,0,1,0,0,0,1,I,multipanel,"title(s),annotation(s),caption(s),axes labels",0,1,0,1,1,1,0,0,0,0,1,6,8,5,25,"Bar,Circle,Map,Distribution",0,1,1,0,1,0,0,1,0,0,0,0,4
whoQ58_6.png,5551.png,19.800000000000004,0,0,1,0,1,0,G,single,"title(s),legend text,axes text,axes labels",0,1,1,1,0,0,1,0,0,0,0,1,2,1,1,Line,0,0,0,0,0,0,1,0,0,0,0,0,1
vis656.png,5552.png,37.6,0,1,0,0,0,1,I,multipanel,"title(s),caption(s),legend text,annotation(s),axes text,axes labels",0,1,1,1,1,1,1,0,0,0,1,8,3,3,4,"Bar,Line,Circle,Diagram",0,1,1,1,0,0,1,0,0,0,0,0,4
visMost703.png,5553.png,38.3,0,1,0,0,0,1,I,multipanel,"title(s),annotation(s),caption(s),axes labels,axes text",0,1,1,1,1,1,0,0,0,0,1,5,1,5,10,"Circle,Distribution,Line,Map",0,0,1,0,1,0,1,1,0,0,0,0,4
v483_n7389_18_f2.png,5554.png,61.9,0,0,0,1,0,1,S,multipanel,"axes text,axes labels,annotation(s)",0,1,1,0,1,0,0,0,0,0,0,6,6,2,6,"Point,Line,Diagram",0,0,0,1,0,0,1,0,1,0,0,0,3
v483_n7391_12_f3.png,5555.png,81,0,0,0,1,0,1,S,multipanel,"axes text, axes labels",0,1,1,0,0,0,0,0,0,0,0,7,3,5,8,"Point,Distribution,Grid & Matrix",0,0,0,0,1,1,0,0,1,0,0,0,3
vis130.png,5556.png,79.3,0,1,0,0,0,1,I,multipanel,"title(s),annotation(s),caption(s)",0,0,0,1,1,1,0,0,0,0,1,5,2,2,7,"Bar,Table,Distribution",0,1,0,0,1,0,0,0,0,1,0,0,3
v484_n7393_3_f3.png,5557.png,71.9,0,0,0,1,0,1,S,multipanel,annotation(s),0,0,0,0,1,0,0,0,0,0,0,4,0,2,3,Diagram,0,0,0,1,0,0,0,0,0,0,0,0,1
vis124.png,5558.png,48.3,0,1,0,0,0,1,I,multipanel,"title(s),annotation(s),caption(s),legend text",0,0,0,1,1,1,1,0,0,0,1,15,13,11,16,"Circle,Area,Bar,Map",1,1,1,0,0,0,0,1,0,0,0,0,4
treasuryI01_3.png,5559.png,22.6,0,0,1,0,1,0,G,single,"title(s),axes text,legend text,caption(s)",0,0,1,1,0,1,1,0,0,0,0,2,2,1,1,Bar,0,1,0,0,0,0,0,0,0,0,0,0,1
vis642.png,5560.png,42.3,0,1,0,0,0,1,I,multipanel,"title(s),caption(s)",0,0,0,1,0,1,0,0,0,0,1,6,4,0,5,"Table,Diagram",0,0,0,1,0,0,0,0,0,1,0,0,2
visMost717.png,5561.png,62.8,0,1,0,0,0,1,I,multipanel,"title(s),axes text,legend text,annotation(s),caption(s)",0,0,1,1,1,1,1,0,0,0,0,5,6,7,7,"Bar,Circle",0,1,1,0,0,0,0,0,0,0,0,0,2
v485_n7399_11_f3.png,5562.png,80.8,0,0,0,1,0,1,S,multipanel,"axes text,axes labels,annotation(s)",0,1,1,0,1,0,0,0,0,0,0,7,3,3,1,"Line,Distribution",0,0,0,0,1,0,1,0,0,0,0,0,2
v484_n7392_3_f3.png,5563.png,88.6,0,0,0,1,0,1,S,multipanel,axes labels,0,1,0,0,0,0,0,0,0,0,0,2,1,1,22,Distribution,0,0,0,0,1,0,0,0,0,0,0,0,1
v487_n7405_4_f5.png,5564.png,86.6,0,0,0,1,0,1,S,multipanel,"annotation(s),axes labels,axes text",0,1,1,0,1,0,0,0,0,0,0,4,1,3,7,"Table,Bar,Diagram",0,1,0,1,0,0,0,0,0,1,0,0,3
v484_n7394_17_f4.png,5565.png,65.3,0,0,0,1,0,1,S,multipanel,"axes text,axes labels,legend text",0,1,1,0,0,0,1,0,0,1,0,0,1,2,4,"Bar,Distribution",0,1,0,0,1,0,0,0,0,0,0,0,2
vis871.png,5566.png,46,0,1,0,0,0,1,I,multipanel,"title(s),axes text,axes labels,caption(s)",0,1,1,1,0,1,0,0,0,0,1,6,5,3,8,"Bar,Distribution,Table",0,1,0,0,1,0,0,0,0,1,0,0,3
v485_n7400_5_f1.png,5567.png,76,0,0,0,1,0,1,S,multipanel,"annotation(s),axes labels,axes text,legend text",0,1,1,0,1,0,1,0,0,0,0,6,5,2,8,"Table,Bar,Diagram",0,1,0,1,0,0,0,0,0,1,0,0,3
v485_n7397_8_f4.png,5568.png,66.5,0,0,0,1,0,1,S,multipanel,annotation(s),0,0,0,0,1,0,0,0,0,0,0,3,1,0,4,Diagram,0,0,0,1,0,0,0,0,0,0,0,0,1
v487_n7408_22_f3.png,5569.png,61.1,0,0,0,1,0,1,S,multipanel,"axes labels,axes text,annotation(s)",0,1,1,0,1,0,0,0,0,1,0,0,2,4,5,"Bar,Table",0,1,0,0,0,0,0,0,0,1,0,0,2
whoC01.png,5570.png,27,0,0,1,0,0,1,G,multipanel,"title,text-only,caption(s)",0,0,0,0,0,1,0,0,1,0,1,4,1,7,1,Table,0,0,0,0,0,0,0,0,0,1,0,0,1
whoC34_2.png,5571.png,24.4,0,0,1,0,0,1,G,multipanel,"title(s),annotation(s),caption(s)",0,0,0,1,1,1,0,0,0,0,0,3,1,1,1,Circle,0,0,1,0,0,0,0,0,0,0,0,0,1
whoC15.png,5572.png,16.6,0,0,1,0,0,1,G,multipanel,"title(s),text-only",0,0,0,1,0,0,0,0,1,0,0,3,1,3,1,Table,0,0,0,0,0,0,0,0,0,1,0,0,1
vis865.png,5573.png,49.7,0,1,0,0,0,1,I,multipanel,"title(s),annotation(s),caption(s)",0,0,0,1,1,1,0,0,0,0,1,8,2,2,3,Table,0,0,0,0,0,0,0,0,0,1,0,0,1
v488_n7413_23_f1.png,5574.png,67.8,0,0,0,1,1,0,S,single,annotation(s),0,0,0,0,1,0,0,0,0,0,0,7,0,2,3,"Diagram,Table",0,0,0,1,0,0,0,0,0,1,0,0,2
vis695.png,5575.png,46.1,0,1,0,0,0,1,I,multipanel,"title(s),annotation(s),caption(s)",0,0,0,1,1,1,0,0,0,0,1,6,3,1,9,"Table,Circle,Bar",0,1,1,0,0,0,0,0,0,1,0,0,3
v485_n7397_6_f1.png,5576.png,81,0,0,0,1,0,1,S,multipanel,"annotation(s),axes labels,axes text",0,1,1,0,1,0,0,0,0,0,0,3,3,1,4,Line,0,0,0,0,0,0,1,0,0,0,0,0,1
whoC29.png,5577.png,22.4,0,0,1,0,0,1,G,multipanel,"title(s),legend text,caption(s)",0,0,0,1,0,1,1,0,0,0,0,3,0,1,1,Map,0,0,0,0,0,0,0,1,0,0,0,0,1
v487_n7407_15_f2.png,5578.png,68.1,0,0,0,1,0,1,S,multipanel,"axes labels, axes text",0,1,1,0,0,0,0,0,0,0,0,4,1,3,11,"Distribution,Area,Table",1,0,0,0,1,0,0,0,0,1,0,0,3
economist_daily_chart_116.png,5579.png,39.2,1,0,0,0,1,0,N,single,"title(s),legend text,axes text,annotation(s)",0,0,1,1,1,0,1,0,0,0,0,8,2,1,1,Area,1,0,0,0,0,0,0,0,0,0,0,0,1
v484_n7394_19_f1.png,5580.png,71.7,0,0,0,1,0,1,S,multipanel,"axes labels,legend text,annotation(s)",0,1,0,0,1,0,1,0,0,0,0,2,3,2,5,"Table,Bar",0,1,0,0,0,0,0,0,0,1,0,0,2
vis859.png,5581.png,31.2,0,1,0,0,1,0,I,single,"title(s),caption(s)",0,0,0,1,0,1,0,0,0,0,1,2,0,0,1,Table,0,0,0,0,0,0,0,0,0,1,0,0,1
vis681.png,5582.png,41.7,0,1,0,0,0,1,I,multipanel,"title(s),caption(s),annotation(s),legend text",0,0,0,1,1,1,1,0,0,0,1,4,5,4,11,"Bar,Line,Circle,Map,Point,Table",0,1,1,0,0,0,1,1,1,1,0,0,6
wsj45.png,5583.png,23.6,1,0,0,0,0,1,N,multipanel,"title(s),annotation(s),caption(s),axes text",0,0,1,1,1,1,0,0,0,0,1,5,3,1,2,"Bar,Line",0,1,0,0,0,0,1,0,0,0,0,0,2
wsj269.png,5584.png,29.1,1,0,0,0,1,0,N,single,"title(s),annotation(s),caption(s)",0,0,0,1,1,1,0,0,0,0,1,3,1,0,2,"Diagram,Bar",0,1,0,1,0,0,0,0,0,0,0,0,2
economist_daily_chart_499.png,5585.png,24.8,1,0,0,0,1,0,N,single,"title(s),caption(s),axes text",0,0,1,1,0,1,0,0,0,0,1,2,1,1,1,Bar,0,1,0,0,0,0,0,0,0,0,0,0,1
v486_n7401_11_f4.png,5586.png,46,0,0,0,1,1,0,S,single,"text-only,caption(s)",0,0,0,0,0,1,0,0,1,1,0,0,4,3,1,Table,0,0,0,0,0,0,0,0,0,1,0,0,1
v484_n7393_13_f4.png,5587.png,73.2,0,0,0,1,0,1,S,multipanel,"axes labels, axes text, annotation(s), legend text",0,1,1,0,1,0,1,0,0,0,0,5,4,7,7,"Bar,Table",0,1,0,0,0,0,0,0,0,1,0,0,2
vis468.png,5588.png,45.5,0,1,0,0,1,0,I,single,"title(s),annotation(s),caption(s)",0,0,0,1,1,1,0,0,0,0,1,10,1,3,5,Table,0,0,0,0,0,0,0,0,0,1,0,0,1
visMost529.png,5589.png,62.2,0,1,0,0,0,1,I,multipanel,"title(s),caption(s),annotation(s)",0,0,0,1,1,1,0,0,0,0,1,6,3,5,44,"Bar,Point,Diagram,Table,Map",0,1,0,1,0,0,0,1,1,1,0,0,5
v488_n7412_13_f2.png,5590.png,74,0,0,0,1,0,1,S,multipanel,"axes labels, axes text, annotation(s)",0,1,1,0,1,0,0,0,0,0,0,3,6,3,10,"Point,Distribution,Table",0,0,0,0,1,0,0,0,1,1,0,0,3
v488_n7412_8_f1.png,5591.png,42,0,0,0,1,1,0,S,single,"axes labels,axes text,annotation(s)",0,1,1,0,1,0,0,0,0,0,0,4,4,1,1,Map,0,0,0,0,0,0,0,1,0,0,0,0,1
v490_n7420_13_f3.png,5592.png,77,0,0,0,1,0,1,S,multipanel,"axes labels,axes text,annotation(s),legend text",0,1,1,0,1,0,1,0,0,0,0,3,3,2,1,Line,0,0,0,0,0,0,1,0,0,0,0,0,1
v483_n7388_9_f1.png,5593.png,71.8,0,0,0,1,0,1,S,multipanel,"axes labels,axes text,annotation(s),legend text,legend title",0,1,1,0,1,0,1,1,0,0,0,7,7,1,5,"Line,Area,Diagram,Distribution",1,0,0,1,1,0,1,0,0,0,0,0,4
wsj51.png,5594.png,27.4,1,0,0,0,0,1,N,multipanel,"title(s),annotation(s),caption(s)",0,0,0,1,1,1,0,0,0,0,1,3,1,0,2,"Diagram,Table",0,0,0,1,0,0,0,0,0,1,0,0,2
wsj255.png,5595.png,43.4,1,0,0,0,0,1,N,multipanel,"title(s),annotation(s),caption(s),axes text,axes labels,legend title,legend text",0,1,1,1,1,1,1,1,0,0,1,6,4,2,4,"Bar,Circle,Line,Table",0,1,1,0,0,0,1,0,0,1,0,0,4
vis332.png,5596.png,69.7,0,1,0,0,0,1,I,multipanel,"title(s),annotation(s),caption(s)",0,0,0,1,1,1,0,0,0,0,1,24,0,0,18,"Diagram,Table",0,0,0,1,0,0,0,0,0,1,0,0,2
visMost267.png,5597.png,59.5,0,1,0,0,1,0,I,single,"title(s),annotation(s),axes text,legend text",0,0,1,1,1,0,1,0,0,0,1,5,0,0,9,Diagram,0,0,0,1,0,0,0,0,0,0,0,0,1
wsj79.png,5598.png,18.5,1,0,0,0,1,0,N,single,"title(s),text-only",0,0,0,1,0,0,0,0,1,0,1,5,0,2,1,Table,0,0,0,0,0,0,0,0,0,1,0,0,1
visMost501.png,5599.png,51.9,0,1,0,0,0,1,I,multipanel,"title,caption(s),annotation(s)",0,0,0,0,1,1,0,0,0,0,0,4,1,1,13,"Circle,Point,Table",0,0,1,0,0,0,0,0,1,1,0,0,3
v487_n7407_23_f3.png,5600.png,69.3,0,0,0,1,0,1,S,multipanel,"axes text,axes labels,annotation(s),legend text",0,1,1,0,1,0,1,0,0,0,1,8,7,3,9,"Line,Bar",0,1,0,0,0,0,1,0,0,0,0,0,2
vis454.png,5601.png,56.6,0,1,0,0,0,1,I,multipanel,"title(s),caption(s),annotation(s)",0,0,0,1,1,1,0,0,0,0,1,3,5,5,3,"Circle,Diagram,Table",0,0,1,1,0,0,0,0,0,1,0,0,3
wsj533.png,5602.png,42.7,1,0,0,0,1,0,N,single,"title(s),axes labels,annotation(s),caption(s)",0,1,0,1,1,1,0,0,0,0,1,2,1,2,1,Point,0,0,0,0,0,0,0,0,1,0,0,0,1
v487_n7406_9_f2.png,5603.png,80.1,0,0,0,1,0,1,S,multipanel,"axes labels,axes text,annotation(s)",0,1,1,0,1,0,0,0,0,0,0,11,8,2,8,"Line,Diagram,Point",0,0,0,1,0,0,1,0,1,0,0,0,3
wsj527.png,5604.png,38.9,1,0,0,0,1,0,N,single,"title(s),caption(s),annotation(s),axes text",0,0,1,1,1,1,0,0,0,0,1,4,2,0,1,"Line,Point",0,0,0,0,0,0,1,0,1,0,0,0,2
visMost515.png,5605.png,40.9,0,1,0,0,0,1,I,multipanel,"title(s),caption(s)",0,0,0,1,0,1,0,0,0,0,1,3,5,0,7,"Area,Point,Table,Diagram",1,0,0,1,0,0,0,0,1,1,0,0,4
vis440.png,5606.png,17.6,0,1,0,0,1,0,I,single,"title(s),text-only",0,0,0,1,0,0,0,0,1,0,1,2,0,0,1,Table,0,0,0,0,0,0,0,0,0,1,0,0,1
treasuryI03_1.png,5607.png,24.9,0,0,1,0,1,0,G,single,"text-only,caption(s),title(s)",0,0,0,1,0,1,0,0,1,0,1,2,2,2,1,Table,0,0,0,0,0,0,0,0,0,1,0,0,1
vis326.png,5608.png,40.2,0,1,0,0,1,0,I,single,"title(s),annotation(s),legend text,caption(s)",0,0,0,1,1,1,1,0,0,0,1,4,2,2,2,"Table,Map",0,0,0,0,0,0,0,1,0,1,0,0,2
visMost273.png,5609.png,24,0,1,0,0,1,0,I,single,"title(s),text-only,caption(s)",0,0,0,1,0,1,0,0,1,0,1,12,0,1,1,Table,0,0,0,0,0,0,0,0,0,1,0,0,1
v487_n7407_9_f2.png,5610.png,64.6,0,0,0,1,0,1,S,multipanel,"axes labels,caption(s),axes text,legend text",0,1,1,0,0,1,1,0,0,0,1,13,2,2,5,"Area,Line",1,0,0,0,0,0,1,0,0,0,0,0,2
wsj241.png,5611.png,27.1,1,0,0,0,1,0,N,single,"title(s),caption(s),text-only",0,0,0,1,0,1,0,0,1,0,1,3,0,0,1,Table,0,0,0,0,0,0,0,0,0,1,0,0,1
wsj86.png,5612.png,33.1,1,0,0,0,0,1,N,multipanel,"title(s),caption(s),annotation(s),legend text,axes labels,axes text",0,1,1,1,1,1,1,0,0,0,1,5,2,2,1,"Line,Point",0,0,0,0,0,0,1,0,1,0,0,0,2
visMost298.png,5613.png,80.5,0,1,0,0,0,1,I,multipanel,"title(s),caption(s),legend text,annotation(s),legend title,axes labels,axes text",0,1,1,1,1,1,1,1,0,0,0,4,14,8,34,"Circle,Area,Bar,Map,Table,Line",1,1,1,0,0,0,1,1,0,1,0,0,6
whoA03.png,5614.png,35.8,0,0,1,0,1,0,G,single,"title(s),annotation(s)",0,0,0,1,1,0,0,0,0,0,0,2,0,3,1,Diagram,0,0,0,1,0,0,0,0,0,0,0,0,1
v485_n7399_3_f4.png,5615.png,87,0,0,0,1,0,1,S,multipanel,"annotation(s),title(s),axes text,axes labels,legend text",0,1,1,1,1,0,1,0,0,0,0,3,6,5,19,"Line,Point,Bar,Diagram,Grid & Matrix",0,1,0,1,0,1,1,0,1,0,0,0,5
v490_n7420_4_f2.png,5616.png,68.3,0,0,0,1,0,1,S,multipanel,annotation(s),0,0,0,0,1,0,0,0,0,0,0,4,0,1,4,Diagram,0,0,0,1,0,0,0,0,0,0,0,0,1
v486_n7402_2_f5.png,5617.png,78.8,0,0,0,1,0,1,S,multipanel,"legend text,axes text,axes labels",0,1,1,0,0,0,1,0,0,1,0,0,5,5,7,"Distribution,Point,Line",0,0,0,0,1,0,1,0,1,0,0,0,3
whoQ24_2.png,5618.png,43.3,0,0,1,0,1,0,G,single,"title(s),caption(s),axes labels,axes text,",0,1,1,1,0,1,0,0,0,0,0,1,1,1,1,Distribution,0,0,0,0,1,0,0,0,0,0,0,0,1
v489_n7416_18_f2.png,5619.png,76.1,0,0,0,1,0,1,S,multipanel,"axes text,axes labels,annotation(s)",0,1,1,0,1,0,0,0,0,0,0,3,2,4,7,"Bar,Table",0,1,0,0,0,0,0,0,0,1,0,0,2
whoK16_3.png,5620.png,24.8,0,0,1,0,1,0,G,single,"title(s),legend title,legend text,caption(s)",0,0,0,1,0,1,1,1,0,0,0,16,1,1,1,Circle,0,0,1,0,0,0,0,0,0,0,0,0,1
v485_n7398_3_f4.png,5621.png,92,0,0,0,1,1,0,S,single,annotation(s),0,0,0,0,1,0,0,0,0,0,0,2,0,1,2,Diagram,0,0,0,1,0,0,0,0,0,0,0,0,1
economist_daily_chart_328.png,5622.png,8.900000000000002,1,0,0,0,0,1,N,multipanel,no text,1,0,0,0,0,0,0,0,0,0,1,5,0,0,1,Diagram,0,0,0,1,0,0,0,0,0,0,0,0,1
whoQ40.png,5623.png,18.1,0,0,1,0,1,0,G,single,"legend text,legend title",0,0,0,0,0,0,1,1,0,0,1,8,0,1,1,Map,0,0,0,0,0,0,0,1,0,0,0,0,1
wsj92.png,5624.png,41.5,1,0,0,0,1,0,N,single,"title(s),annotation(s),caption(s)",0,0,0,1,1,1,0,0,0,0,1,3,0,0,1,Diagram,0,0,0,1,0,0,0,0,0,0,0,0,1
whoQ47_1.png,5625.png,14.9,0,0,1,0,1,0,G,single,"title(s),axes text,legend text",0,0,1,1,0,0,1,0,0,0,0,3,1,2,1,Bar,0,1,0,0,0,0,0,0,0,0,0,0,1
v485_n7396_10_f3.png,5626.png,44.9,0,0,0,1,1,0,S,single,"axes labels,axes text,legend text,annotation(s)",0,1,1,0,1,0,1,0,0,0,0,4,3,1,2,Line,0,0,0,0,0,0,1,0,0,0,0,0,1
v488_n7411_22_f2.png,5627.png,66.7,0,0,0,1,0,1,S,multipanel,"axes text,axes labels,annotation(s),legend text,legend title",0,1,1,0,1,0,1,1,0,0,0,6,4,3,5,"Line,Diagram",0,0,0,1,0,0,1,0,0,0,0,0,2
wsj296.png,5628.png,52.5,1,0,0,0,0,1,N,multipanel,"title(s),caption(s),annotation(s),axes text,legend title, legend text",0,0,1,1,1,1,1,1,0,0,1,4,4,1,2,Line,0,0,0,0,0,0,1,0,0,0,0,0,1
economist_daily_chart_466.png,5629.png,30.6,1,0,0,0,1,0,N,single,"title(s),annotation(s),axes text,caption(s)",0,0,1,1,1,1,0,0,0,0,1,4,2,1,1,Line,0,0,0,0,0,0,1,0,0,0,0,0,1
economist_daily_chart_300.png,5630.png,32.8,1,0,0,0,0,1,N,multipanel,"title(s),axes text,annotation(s)",0,0,1,1,1,0,0,0,0,0,1,4,2,2,4,Bar,0,1,0,0,0,0,0,0,0,0,0,0,1
vis497.png,5631.png,41.7,0,1,0,0,0,1,I,multipanel,"title(s),annotation(s),axes text,legend text",0,0,1,1,1,0,1,0,0,0,1,9,3,2,7,"Circle,Bar,Point,Map,Diagram,Table",0,1,1,1,0,0,0,1,1,1,0,0,6
treasuryJ02_1.png,5632.png,28.7,0,0,1,0,1,0,G,single,"title(s),annotation(s),axes text,axes labels,caption(s)",0,1,1,1,1,1,0,0,0,0,0,3,2,1,1,Line,0,0,0,0,0,0,1,0,0,0,0,0,1
vis483.png,5633.png,43.9,0,1,0,0,0,1,I,multipanel,"title(s),annotation(s),legend text,legend title,caption(s)",0,0,0,1,1,1,1,1,0,0,1,10,2,4,13,"Circle,Diagram,Map",0,0,1,1,0,0,0,1,0,0,0,0,3
v489_n7416_3_f6.png,5634.png,81.5,0,0,0,1,0,1,S,multipanel,"title(s),axes text,annotation(s),axes labels",0,1,1,1,1,0,0,0,0,0,0,6,3,2,6,"Bar,Diagram,Point,Line",0,1,0,1,0,0,1,0,1,0,0,0,4
v485_n7397_16_f1.png,5635.png,68.3,0,0,0,1,0,1,S,multipanel,"axes labels,axes text,annotation(s)",0,1,1,0,1,0,0,0,0,0,0,4,3,2,4,"Diagram,Distribution,Bar",0,1,0,1,1,0,0,0,0,0,0,0,3
economist_daily_chart_314.png,5636.png,41.9,1,0,0,0,1,0,N,single,"title(s),annotation(s),legend title,legend text,caption(s)",0,0,0,1,1,1,1,1,0,0,1,4,2,1,1,Map,0,0,0,0,0,0,0,1,0,0,0,0,1
wsj282.png,5637.png,42.8,1,0,0,0,1,0,N,single,"title(s),text-only,caption(s)",0,0,0,1,0,1,0,0,1,0,1,4,0,2,1,Table,0,0,0,0,0,0,0,0,0,1,0,0,1
economist_daily_chart_472.png,5638.png,23.3,1,0,0,0,0,1,N,multipanel,"title(s),legend text,axes text,caption(s)",0,0,1,1,0,1,1,0,0,0,1,13,4,2,2,Line,0,0,0,0,0,0,1,0,0,0,0,0,1
economist_daily_chart_315.png,5639.png,20.2,1,0,0,0,1,0,N,single,"title(s),axes text,legend text,caption(s)",0,0,1,1,0,1,1,0,0,0,1,4,1,2,1,Bar,0,1,0,0,0,0,0,0,0,0,0,0,1
vis482.png,5640.png,44.2,0,1,0,0,1,0,I,single,"title(s),annotation(s),caption(s)",0,0,0,1,1,1,0,0,0,0,1,5,2,0,3,Table,0,0,0,0,0,0,0,0,0,1,0,0,1
economist_daily_chart_473.png,5641.png,41.5,1,0,0,0,1,0,N,single,"title(s),caption(s),axes text,legend title,legend text",0,0,1,1,0,1,1,1,0,0,1,6,2,2,1,Bar,0,1,0,0,0,0,0,0,0,0,0,0,1
wsj283.png,5642.png,37.6,1,0,0,0,0,1,N,multipanel,"title(s),caption(s),axes text,annotation(s)",0,0,1,1,1,1,0,0,0,0,1,4,3,0,3,Bar,0,1,0,0,0,0,0,0,0,0,0,0,1
economist_daily_chart_467.png,5643.png,40.7,1,0,0,0,1,0,N,single,"title(s),caption(s),axes text,annotation(s)",0,0,1,1,1,1,0,0,0,0,1,2,2,1,1,Bar,0,1,0,0,0,0,0,0,0,0,0,0,1
wsj297.png,5644.png,26.4,1,0,0,0,1,0,N,single,"title(s),annotation(s),caption(s)",0,0,0,1,1,1,0,0,0,0,1,5,0,1,1,Diagram,0,0,0,1,0,0,0,0,0,0,0,0,1
v488_n7411_22_f3.png,5645.png,76.8,0,0,0,1,0,1,S,multipanel,"annotation(s),axes labels,axes text,legend text",0,1,1,0,1,0,1,0,0,0,0,4,2,4,5,"Line,Point,Diagram",0,0,0,1,0,0,1,0,1,0,0,0,3
vis496.png,5646.png,66.7,0,1,0,0,0,1,I,multipanel,"title(s),annotation(s),caption(s)",0,0,0,1,1,1,0,0,0,0,1,10,1,0,3,"Table,Diagram",0,0,0,1,0,0,0,0,0,1,0,0,2
economist_daily_chart_301.png,5647.png,12.4,1,0,0,0,1,0,N,single,"title(s),caption(s),axes text,annotation(s)",0,0,1,1,1,1,0,0,0,0,1,2,1,1,1,Bar,0,1,0,0,0,0,0,0,0,0,0,0,1
economist_daily_chart_329.png,5648.png,46.9,1,0,0,0,1,0,N,single,"title(s),caption(s),axes labels,legend text,annotation(s)",0,1,0,1,1,1,1,0,0,0,1,3,1,2,1,Bar,0,1,0,0,0,0,0,0,0,0,0,0,1
whoK16_2.png,5649.png,14.5,0,0,1,0,1,0,G,single,"title(s),caption(s),legend text,axes labels,axes text",0,1,1,1,0,1,1,0,0,0,0,3,2,1,1,Bar,0,1,0,0,0,0,0,0,0,0,0,0,1
v489_n7416_18_f3.png,5650.png,72.9,0,0,0,1,0,1,S,multipanel,"axes text,annotation(s),title(s)",0,0,1,1,1,0,0,0,0,0,0,1,0,4,4,"Table,Diagram",0,0,0,1,0,0,0,0,0,1,0,0,2
whoC10_2.png,5651.png,19.6,0,0,1,0,0,1,G,multipanel,"title(s),axes text,axes labels",0,1,1,1,0,0,0,0,0,0,0,1,2,0,1,Bar,0,1,0,0,0,0,0,0,0,0,0,0,1
v483_n7387_11_f4.png,5652.png,54.8,0,0,0,1,1,0,S,single,no text,1,0,0,0,0,0,0,0,0,0,0,0,0,0,1,Diagram,0,0,0,1,0,0,0,0,0,0,0,0,1
v483_n7390_22_f1.png,5653.png,65.8,0,0,0,1,1,0,S,single,annotation(s),0,0,0,0,1,0,0,0,0,1,0,6,0,0,4,Diagram,0,0,0,1,0,0,0,0,0,0,0,0,1
wsj93.png,5654.png,34.6,1,0,0,0,1,0,N,single,"title(s),text-only,caption(s)",0,0,0,1,0,1,0,0,1,0,1,6,0,2,1,Table,0,0,0,0,0,0,0,0,0,1,0,0,1
visMost299.png,5655.png,42.5,0,1,0,0,0,1,I,multipanel,"title(s),annotation(s),axes text,legend text,caption(s)",0,0,1,1,1,1,1,0,0,0,1,31,4,2,3,"Area,Circle,Bar",1,1,1,0,0,0,0,0,0,0,0,0,3
wsj87.png,5656.png,25.4,1,0,0,0,0,1,N,multipanel,"title(s),axes text,caption(s),annotation(s)",0,0,1,1,1,1,0,0,0,0,1,6,7,1,5,"Bar,Distribution,Line",0,1,0,0,1,0,1,0,0,0,0,0,3
v488_n7409_2_f1.png,5657.png,71.8,0,0,0,1,0,1,S,multipanel,"axes labels,axes text,title(s),legend text,legend title",0,1,1,1,0,0,1,1,0,0,0,9,7,7,8,"Grid & Matrix,Bar",0,1,0,0,0,1,0,0,0,0,0,0,2
whoQ24_3.png,5658.png,4.3,0,0,1,0,1,0,G,single,"axes text,axes labels,title(s),annotation(s)",0,1,1,1,1,0,0,0,0,0,0,1,2,1,1,Line,0,0,0,0,0,0,1,0,0,0,0,0,1
v485_n7398_21_f1.png,5659.png,92.1,0,0,0,1,0,1,S,multipanel,"title(s),axes text,axes labels,annotation(s),legend text",0,1,1,1,1,0,1,0,0,0,0,10,10,11,16,"Distribution,Line,Bar,Diagram",0,1,0,1,1,0,1,0,0,0,0,0,4
v486_n7402_2_f4.png,5660.png,71.4,0,0,0,1,0,1,S,multipanel,"axes labels,axes text,legend text,annotation(s)",0,1,1,0,1,0,1,0,0,0,0,12,4,4,5,"Grid & Matrix,Area,Line,Circle",1,0,1,0,0,1,1,0,0,0,0,0,4
whoK30_1.png,5661.png,38.9,0,0,1,0,1,0,G,single,"axes text,axes labels,caption(s),legend text,annotation(s)",0,1,1,0,1,1,1,0,0,0,0,4,3,1,1,"Bar,Area",1,1,0,0,0,0,0,0,0,0,0,0,2
v490_n7420_4_f3.png,5662.png,79.9,0,0,0,1,0,1,S,multipanel,"annotation(s),axes text,legend text,axes labels",0,1,1,0,1,0,1,0,0,0,0,5,3,2,7,"Diagram,Grid & Matrix,Line,Point,Table",0,0,0,1,0,1,1,0,1,1,0,0,5
vis441.png,5663.png,6.1,0,1,0,0,1,0,I,single,"title(s),text-only,caption(s)",0,0,0,1,0,1,0,0,1,0,1,2,1,1,1,Diagram,0,0,0,1,0,0,0,0,0,0,0,0,1
economist_daily_chart_108.png,5664.png,12.7,1,0,0,0,1,0,N,single,"title(s),caption(s),axes text,annotation(s)",0,0,1,1,1,1,0,0,0,0,0,2,1,1,1,Bar,0,1,0,0,0,0,0,0,0,0,0,0,1
visMost514.png,5665.png,81.6,0,1,0,0,1,0,I,single,"title(s),annotation(s),caption(s),legend text",0,0,0,1,1,1,1,0,0,0,0,7,3,2,8,"Map,Circle,Table",0,0,1,0,0,0,0,1,0,1,0,0,3
v489_n7414_21_f4.png,5666.png,58,0,0,0,1,0,1,S,multipanel,"axes text,axes labels,annotation(s)",0,1,1,0,1,0,0,0,0,0,0,8,5,1,6,"Line,Point,Diagram",0,0,0,1,0,0,1,0,1,0,0,0,3
wsj526.png,5667.png,41.8,1,0,0,0,1,0,N,single,"title(s),caption(s),annotation(s)",0,0,0,1,1,1,0,0,0,0,1,3,3,0,2,"Map,Point",0,0,0,0,0,0,0,1,1,0,0,0,2
wsj240.png,5668.png,10.4,1,0,0,0,1,0,N,single,"title(s),text-only,caption(s)",0,0,0,1,0,1,0,0,1,0,1,5,0,1,1,Table,0,0,0,0,0,0,0,0,0,1,0,0,1
v488_n7413_15_f1.png,5669.png,65.6,0,0,0,1,0,1,S,multipanel,"axes text,axes labels,legend text,annotation(s)",0,1,1,0,1,0,1,0,0,0,0,4,6,6,7,"Diagram,Point,Line,Grid & Matrix,Bar,Trees & Networks,Table",0,1,0,1,0,1,1,0,1,1,0,1,7
visMost272.png,5670.png,60.4,0,1,0,0,0,1,I,multipanel,"title(s),annotation(s),caption(s),axes text",0,0,1,1,1,1,0,0,0,0,1,8,2,1,10,"Circle,Map,Bar",0,1,1,0,0,0,0,1,0,0,0,0,3
vis327.png,5671.png,63.5,0,1,0,0,0,1,I,multipanel,"title(s),caption(s),annotation(s)",0,0,0,1,1,1,0,0,0,0,1,5,3,0,4,Table,0,0,0,0,0,0,0,0,0,1,0,0,1
wsj78.png,5672.png,21.9,1,0,0,0,1,0,N,single,"title(s),axes labels,annotation(s),caption(s)",0,1,0,1,1,1,0,0,0,0,1,4,2,1,1,Table,0,0,0,0,0,0,0,0,0,1,0,0,1
visMost266.png,5673.png,54.2,0,1,0,0,1,0,I,single,"title(s),legend text,annotation(s)",0,0,0,1,1,0,1,0,0,0,1,9,1,2,1,"Circle,Diagram,Area",1,0,1,1,0,0,0,0,0,0,0,0,3
vis333.png,5674.png,52.2,0,1,0,0,0,1,I,multipanel,"title(s),axes text,axes labels,annotation(s),caption(s),legend text,legend title",0,1,1,1,1,1,1,1,0,0,1,15,5,8,7,"Circle,Bar,Area,Map",1,1,1,0,0,0,0,1,0,0,0,0,4
wsj254.png,5675.png,39.8,1,0,0,0,0,1,N,multipanel,"title(s),annotation(s),caption(s),axes text",0,0,1,1,1,1,0,0,0,0,1,3,4,4,2,"Diagram,Table",0,0,0,1,0,0,0,0,0,1,0,0,2
v484_n7392_15_f7.png,5676.png,77.5,0,0,0,1,0,1,S,multipanel,"axes labels,axes text,annotation(s), legend text",0,1,1,0,1,0,1,0,0,0,0,14,12,3,12,"Point,Line,Distribution",0,0,0,0,1,0,1,0,1,0,0,0,3
v487_n7406_9_f3.png,5677.png,82.4,0,0,0,1,0,1,S,multipanel,"axes text,axes labels,annotation(s),legend text",0,1,1,0,1,0,1,0,0,0,0,5,6,3,3,"Point,Line,Diagram",0,0,0,1,0,0,1,0,1,0,0,0,3
wsj532.png,5678.png,47.1,1,0,0,0,1,0,N,single,"title(s),caption(s),annotation(s)",0,0,0,1,1,1,0,0,0,0,1,6,0,0,1,"Diagram,Map",0,0,0,1,0,0,0,1,0,0,0,0,2
vis455.png,5679.png,39.9,0,1,0,0,0,1,I,multipanel,"title(s),legend text,caption(s),annotation(s)",0,0,0,1,1,1,1,0,0,0,1,7,8,4,20,"Bar,Table,Circle",0,1,1,0,0,0,0,0,0,1,0,0,3
v487_n7407_23_f2.png,5680.png,54,0,0,0,1,0,1,S,multipanel,"axes labels,axes text,annotation(s)",0,1,1,0,1,0,0,0,0,0,0,4,4,3,4,"Bar,Line",0,1,0,0,0,0,1,0,0,0,0,0,2
visMost500.png,5681.png,22.3,0,1,0,0,1,0,I,single,annotation(s),0,0,0,0,1,0,0,0,0,0,0,6,1,1,1,Circle,0,0,1,0,0,0,0,0,0,0,0,0,1
whoH17_2.png,5682.png,17.7,0,0,1,0,0,1,G,multipanel,"title(s),axes text,axes labels,legend text",0,1,1,1,0,0,1,0,0,0,0,3,1,2,1,Bar,0,1,0,0,0,0,0,0,0,0,0,0,1
v488_n7412_13_f3.png,5683.png,45.4,0,0,0,1,0,1,S,multipanel,"axes text,axes labels,annotation(s)",0,1,1,0,1,0,0,0,0,1,0,0,7,5,5,"Bar,Line,Point,Table",0,1,0,0,0,0,1,0,1,1,0,0,4
visMost528.png,5684.png,34.2,0,1,0,0,0,1,I,multipanel,"title(s),axes text,caption(s),annotation(s)",0,0,1,1,1,1,0,0,0,0,1,7,2,1,3,"Diagram,Table,Distribution",0,0,0,1,1,0,0,0,0,1,0,0,3
wsj50.png,5685.png,35.3,1,0,0,0,1,0,N,single,"title(s),annotation(s),caption(s),legend text",0,0,0,1,1,1,1,0,0,0,0,7,1,2,2,"Map,Point",0,0,0,0,0,0,0,1,1,0,0,0,2
v490_n7420_13_f2.png,5686.png,70.7,0,0,0,1,0,1,S,multipanel,"axes labels,axes text,annotation(s)",0,1,1,0,1,0,0,0,0,0,0,4,9,1,1,Line,0,0,0,0,0,0,1,0,0,0,0,0,1
economist_daily_chart_498.png,5687.png,22.5,1,0,0,0,1,0,N,single,"title(s),axes text,caption(s),legend text,annotation(s)",0,0,1,1,1,1,1,0,0,0,1,4,2,1,1,Bar,0,1,0,0,0,0,0,0,0,0,0,0,1
wsj268.png,5688.png,75.8,1,0,0,0,0,1,N,multipanel,"title(s),annotation(s)",0,0,0,1,1,0,0,0,0,0,1,9,2,1,11,Point,0,0,0,0,0,0,0,0,1,0,0,0,1
wsj44.png,5689.png,18.3,1,0,0,0,1,0,N,single,"title(s),annotation(s),caption(s)",0,0,0,1,1,1,0,0,0,0,1,5,1,1,1,Bar,0,1,0,0,0,0,0,0,0,0,0,0,1
whoO19.png,5690.png,12.4,0,0,1,0,1,0,G,single,"title(s),text-only",0,0,0,1,0,0,0,0,1,0,1,3,3,2,1,Table,0,0,0,0,0,0,0,0,0,1,0,0,1
vis469.png,5691.png,53.8,0,1,0,0,0,1,I,multipanel,"title(s),caption(s),annotation(s),legend title,legend text,text-only,caption(s)",0,0,0,1,1,1,1,1,1,0,1,5,5,7,6,"Area,Diagram,Point",1,0,0,1,0,0,0,0,1,0,0,0,3
v487_n7407_15_f3.png,5692.png,67.9,0,0,0,1,1,0,S,single,"annotation(s),axes text",0,0,1,0,1,0,0,0,0,0,1,8,5,3,1,"Table,Distribution,Diagram",0,0,0,1,1,0,0,0,0,1,0,0,3
vis680.png,5693.png,24.5,0,1,0,0,0,1,I,multipanel,"annotation(s),title(s),caption(s)",0,0,0,1,1,1,0,0,0,0,1,4,3,1,5,"Map,Circle,Bar,Point,Table",0,1,1,0,0,0,0,1,1,1,0,0,5
vis858.png,5694.png,29.1,0,1,0,0,0,1,I,multipanel,"title(s),annotation(s),caption(s),axes text,axes labels,legend title,legend text",0,1,1,1,1,1,1,1,0,0,1,5,3,4,6,"Circle,Bar,Point",0,1,1,0,0,0,0,0,1,0,0,0,3
economist_daily_chart_117.png,5695.png,12.4,1,0,0,0,1,0,N,single,"title(s),axes text,caption(s)",0,0,1,1,0,1,0,0,0,0,0,2,2,1,1,Bar,0,1,0,0,0,0,0,0,0,0,0,0,1
vis694.png,5696.png,69.2,0,1,0,0,0,1,I,multipanel,"title(s),annotation(s),caption(s)",0,0,0,1,1,1,0,0,0,0,1,5,4,2,7,"Bar,Table",0,1,0,0,0,0,0,0,0,1,0,0,2
whoQ45_2.png,5697.png,7.9,0,0,1,0,1,0,G,single,"axes text,title(s)",0,0,1,1,0,0,0,0,0,0,0,1,1,1,1,Bar,0,1,0,0,0,0,0,0,0,0,0,0,1
v487_n7406_13_f1.png,5698.png,27.3,0,0,0,1,0,1,S,multipanel,annotation(s),0,0,0,0,1,0,0,0,0,0,0,21,0,3,2,"Diagram,Trees & Networks",0,0,0,1,0,0,0,0,0,0,0,1,2
vis864.png,5699.png,18.6,0,1,0,0,0,1,I,multipanel,"title(s),annotation(s),caption(s)",0,0,0,1,1,1,0,0,0,0,1,6,4,1,3,"Table,Diagram",0,0,0,1,0,0,0,0,0,1,0,0,2
vis870.png,5700.png,36.9,0,1,0,0,0,1,I,multipanel,"title(s),caption(s),annotation(s)",0,0,0,1,1,1,0,0,0,0,1,4,6,1,1,"Table,Diagram",0,0,0,1,0,0,0,0,0,1,0,0,2
v487_n7405_4_f4.png,5701.png,68.5,0,0,0,1,0,1,S,multipanel,"axes text,axes labels,annotation(s)",0,1,1,0,1,0,0,0,0,0,0,4,7,4,7,"Bar,Line,Diagram,Table",0,1,0,1,0,0,1,0,0,1,0,0,4
whoQ56_8.png,5702.png,13.6,0,0,1,0,1,0,G,single,"axes text,legend text,title(s)",0,0,1,1,0,0,1,0,0,0,0,2,1,2,1,Bar,0,1,0,0,0,0,0,0,0,0,0,0,1
v487_n7408_22_f2.png,5703.png,80.1,0,0,0,1,0,1,S,multipanel,"axes text,axes labels,caption(s),title(s)",0,1,1,1,0,1,0,0,0,0,0,2,6,2,9,"Point,Distribution,Table,Bar,Diagram",0,1,0,1,1,0,0,0,1,1,0,0,5
vis125.png,5704.png,80.7,0,1,0,0,1,0,I,single,"title(s),legend text,legend title,caption(s)",0,0,0,1,0,1,1,1,0,0,0,13,1,2,1,"Map,Circle,Diagram",0,0,1,1,0,0,0,1,0,0,0,0,3
v484_n7392_3_f2.png,5705.png,82.6,0,0,0,1,0,1,S,multipanel,"axes labels,axes text,title(s),annotation(s)",0,1,1,1,1,0,0,0,0,0,0,3,4,3,7,"Distribution,Bar,Grid & Matrix",0,1,0,0,1,1,0,0,0,0,0,0,3
visMost716.png,5706.png,59.1,0,1,0,0,0,1,I,multipanel,"annotation(s),caption(s),axes text,title(s)",0,0,1,1,1,1,0,0,0,0,1,6,5,2,4,"Distribution,Diagram,Bar,Table",0,1,0,1,1,0,0,0,0,1,0,0,4
v485_n7399_11_f2.png,5707.png,60.9,0,0,0,1,0,1,S,multipanel,"axes text,axes labels",0,1,1,0,0,0,0,0,0,0,0,4,5,2,1,Distribution,0,0,0,0,1,0,0,0,0,0,0,0,1
vis643.png,5708.png,52.7,0,1,0,0,0,1,I,multipanel,"title(s),annotation(s),caption(s),axes text,caption(s)",0,0,1,1,1,1,0,0,0,0,1,7,4,20,10,"Circle,Point,Distribution",0,0,1,0,1,0,0,0,1,0,0,0,3
treasuryI01_2.png,5709.png,11.900000000000002,0,0,1,0,1,0,G,single,"caption(s),axes labels,axes text,title(s),legend text",0,1,1,1,0,1,1,0,0,0,0,2,3,1,1,Line,0,0,0,0,0,0,1,0,0,0,0,0,1
visMost702.png,5710.png,66.6,0,1,0,0,0,1,I,multipanel,"title(s),caption(s),annotation(s)",0,0,0,1,1,1,0,0,0,0,1,6,9,1,20,"Area,Circle,Table",1,0,1,0,0,0,0,0,0,1,0,0,3
vis657.png,5711.png,7.8,0,1,0,0,0,1,I,multipanel,"title(s),annotation(s),caption(s),text-only",0,0,0,1,1,1,0,0,1,0,1,3,2,0,2,Diagram,0,0,0,1,0,0,0,0,0,0,0,0,1
whoJ41.png,5712.png,12.1,0,0,1,0,1,0,G,single,"legend text,caption(s),title(s),annotation(s)",0,0,0,1,1,1,1,0,0,0,0,3,1,1,1,Circle,0,0,1,0,0,0,0,0,0,0,0,0,1
v489_n7415_9_f12.png,5713.png,47.3,0,0,0,1,0,1,S,multipanel,"axes labels,axes text,title(s),legend text",0,1,1,1,0,0,1,0,0,0,0,6,3,0,2,Map,0,0,0,0,0,0,0,1,0,0,0,0,1
v486_n7402_16_f4.png,5714.png,75.9,0,0,0,1,0,1,S,multipanel,"legend text,axes text,annotation(s)",0,0,1,0,1,0,1,0,0,0,0,10,0,2,2,"Trees & Networks,Diagram",0,0,0,1,0,0,0,0,0,0,0,1,2
v489_n7414_31_f1.png,5715.png,57.5,0,0,0,1,0,1,S,multipanel,"axes text,axes labels",0,1,1,0,0,0,0,0,0,0,0,9,3,2,4,"Line,Distribution",0,0,0,0,1,0,1,0,0,0,0,0,2
v484_n7393_3_f2.png,5716.png,85.7,0,0,0,1,0,1,S,multipanel,annotation(s),0,0,0,0,1,0,0,0,0,0,0,6,0,1,4,Diagram,0,0,0,1,0,0,0,0,0,0,0,0,1
v487_n7405_22_f1.png,5717.png,74.1,0,0,0,1,1,0,S,single,annotation(s),0,0,0,0,1,0,0,0,0,0,0,2,0,0,1,Diagram,0,0,0,1,0,0,0,0,0,0,0,0,1
vis131.png,5718.png,30.3,0,1,0,0,1,0,I,single,"title(s),annotation(s),caption(s)",0,0,0,1,1,1,0,0,0,0,1,12,0,1,2,"Diagram,Map",0,0,0,1,0,0,0,1,0,0,0,0,2
v483_n7391_12_f2.png,5719.png,70.4,0,0,0,1,0,1,S,multipanel,"axes text,axes labels",0,1,1,0,0,0,0,0,0,0,0,2,3,3,3,"Line,Trees & Networks",0,0,0,0,0,0,1,0,0,0,0,1,2
v483_n7389_18_f3.png,5720.png,50.6,0,0,0,1,0,1,S,multipanel,"axes labels,axes text,legend text,annotation(s)",0,1,1,0,1,0,1,0,0,0,0,3,2,1,2,"Line,Table",0,0,0,0,0,0,1,0,0,1,0,0,2
vis119.png,5721.png,62.9,0,1,0,0,0,1,I,multipanel,"axes text,title(s),annotation(s),caption(s),legend title,legend text",0,0,1,1,1,1,1,1,0,0,0,3,7,7,25,"Circle,Bar,Table",0,1,1,0,0,0,0,0,0,1,0,0,3
whoQ58_7.png,5722.png,12.4,0,0,1,0,1,0,G,single,"title(s),axes text,legend text",0,0,1,1,0,0,1,0,0,0,0,2,1,1,1,Bar,0,1,0,0,0,0,0,0,0,0,0,0,1
v486_n7402_18_f1.png,5723.png,77.8,0,0,0,1,0,1,S,multipanel,"axes labels,axes text,legend text,annotation(s)",0,1,1,0,1,0,1,0,0,0,0,6,4,4,10,"Bar,Line,Diagram,Table",0,1,0,1,0,0,1,0,0,1,0,0,4
v485_n7396_26_f3.png,5724.png,82.8,0,0,0,1,0,1,S,multipanel,"axes labels,axes text,annotation(s)",0,1,1,0,1,0,0,0,0,0,0,2,6,5,13,"Bar,Table",0,1,0,0,0,0,0,0,0,1,0,0,2
treasuryK01.png,5725.png,24.7,0,0,1,0,1,0,G,single,"title(s),annotation(s),text-only",0,0,0,1,1,0,0,0,1,1,0,0,0,0,1,"Trees & Networks,Diagram",0,0,0,1,0,0,0,0,0,0,0,1,2
economist_daily_chart_67.png,5726.png,21.6,1,0,0,0,1,0,N,single,"title(s),axes text,annotation(s),legend text,caption(s)",0,0,1,1,1,1,1,0,0,0,0,3,2,1,1,Line,0,0,0,0,0,0,1,0,0,0,0,0,1
v484_n7392_21_f3.png,5727.png,82.4,0,0,0,1,0,1,S,multipanel,"axes text,axes labels,title(s)",0,1,1,1,0,0,0,0,0,0,0,8,4,5,7,"Bar,Diagram,Table",0,1,0,1,0,0,0,0,0,1,0,0,3
v484_n7395_13_f2.png,5728.png,69.2,0,0,0,1,0,1,S,multipanel,"axes text,axes labels,legend text,annotation(s)",0,1,1,0,1,0,1,0,0,1,0,0,6,4,6,"Area,Bar,Point,Line,Distribution",1,1,0,0,1,0,1,0,1,0,0,0,5
vis938.png,5729.png,35.6,0,1,0,0,0,1,I,multipanel,"title(s),caption(s),annotation(s),legend text,axes text,axes labels,legend title",0,1,1,1,1,1,1,1,0,0,1,8,4,2,4,"Map,Line,Point,Area",1,0,0,0,0,0,1,1,1,0,0,0,4
v485_n7400_20_f3.png,5730.png,64.2,0,0,0,1,0,1,S,multipanel,"axes labels,axes text,legend text",0,1,1,0,0,0,1,0,0,0,0,4,5,4,9,"Point,Table,Bar",0,1,0,0,0,0,0,0,1,1,0,0,3
economist_daily_chart_73.png,5731.png,7.7,1,0,0,0,0,1,N,multipanel,"axes text,axes labels,title(s),caption(s)",0,1,1,1,0,1,0,0,0,0,1,2,1,2,2,Bar,0,1,0,0,0,0,0,0,0,0,0,0,1
vis910.png,5732.png,40.3,0,1,0,0,0,1,I,multipanel,"title(s),annotation(s),caption(s),legend title,legend text, axes labels,",0,1,0,1,1,1,1,1,0,0,1,21,13,5,6,"Bar,Diagram,Donut,Pie, Distribution",0,1,0,1,1,0,0,0,0,0,0,0,3
whoB16_1.png,5733.png,17.5,0,0,1,0,0,1,G,multipanel,"title(s), caption(s), text-only",0,0,0,1,0,1,0,0,1,0,1,1,3,4,4,Table,0,0,0,0,0,0,0,0,0,1,0,0,1
visMost689.png,5734.png,28.4,0,1,0,0,0,1,I,multipanel,"title(s),annotation(s),caption(s),text-only",0,0,0,1,1,1,0,0,1,0,1,4,7,1,0,Diagram,0,0,0,1,0,0,0,0,0,0,0,0,1
vis904.png,5735.png,40.6,0,1,0,0,0,1,I,multipanel,"title(s),annotation(s),caption(s),axes text,legend text,legend title",0,0,1,1,1,1,1,1,0,0,1,10,3,1,6,"Text,Bar,Diagram,Distribution, Donut",0,1,0,1,1,0,0,0,0,0,1,0,4
v490_n7419_15_f2.png,5736.png,21.8,0,0,0,1,1,0,S,single,"title(s), annotations, caption(s)",0,0,0,1,0,1,0,0,0,0,1,6,1,2,1,Bar,0,1,0,0,0,0,0,0,0,0,0,0,1
v487_n7407_19_f3.png,5737.png,79,0,0,0,1,0,1,S,multipanel,"axes labels,axes text,title(s),annotation(s),legend text",0,1,1,1,1,0,1,0,0,0,1,9,9,5,7,"Line,Distribution,Bar,Point,Grid & Matrix",0,1,0,0,1,1,1,0,1,0,0,0,5
whoJ36_2.png,5738.png,6.3,0,0,1,0,1,0,G,single,"title(s),annotation(s),caption(s),axes text,axes labels",0,1,1,1,1,1,0,0,0,0,1,6,1,2,1,"Line,Point,Text",0,0,0,0,0,0,1,0,1,0,1,0,3
v487_n7405_6_f1.png,5739.png,58.3,0,0,0,1,0,1,S,multipanel,"title(s),axes text,axes labels",0,1,1,1,0,0,0,0,0,1,1,8,3,1,4,Grid & Matrix,0,0,0,0,0,1,0,0,0,0,0,0,1
v489_n7415_13_f2.png,5740.png,42,0,0,0,1,0,1,S,multipanel,"axes text,axes labels,annotation(s)",0,1,1,0,1,0,0,0,0,0,1,5,4,1,4,"Bar,Distribution",0,1,0,0,1,0,0,0,0,0,0,0,2
visMost104.png,5741.png,21,0,1,0,0,0,1,I,multipanel,"title(s),annotation(s)",0,0,0,1,1,0,0,0,0,0,1,9,2,2,2,"Circle,Diagram,Text",0,0,1,1,0,0,0,0,0,0,1,0,3
wsj136.png,5742.png,17.4,1,0,0,0,0,1,N,multipanel,"title(s),legend text,axes text,caption(s)",0,0,1,1,0,1,1,0,0,0,1,12,1,1,2,"Diagram,Circle",0,0,1,1,0,0,0,0,0,0,0,0,2
whoK21.png,5743.png,9.6,0,0,1,0,1,0,G,single,"title(s),caption(s),annotation(s)",0,0,0,1,1,1,0,0,0,0,1,7,1,1,1,Circle,0,0,1,0,0,0,0,0,0,0,0,0,1
v489_n7416_22_f2.png,5744.png,82.5,0,0,0,1,0,1,S,multipanel,"axes text,axes labels,annotation(s)",0,1,1,0,1,0,0,0,0,0,1,8,2,0,3,"Line,Diagram",0,0,0,1,0,0,1,0,0,0,0,0,2
vis737.png,5745.png,54.2,0,1,0,0,1,0,I,single,"title(s),annotation(s),axes text,caption(s)",0,0,1,1,1,1,0,0,0,0,1,8,20,6,1,Circle,0,0,1,0,0,0,0,0,0,0,0,0,1
visMost662.png,5746.png,60.3,0,1,0,0,0,1,I,multipanel,"title(s),axes text,axes labels,caption(s),annotation(s),legend text,legend title",0,1,1,1,1,1,1,1,0,0,1,13,2,1,2,"Bar,Distribution,Diagram",0,1,0,1,1,0,0,0,0,0,0,0,3
vis723.png,5747.png,57.9,0,1,0,0,0,1,I,multipanel,"title(s), text-only, caption(s)",0,0,0,1,0,1,0,0,1,0,1,5,1,1,3,Diagram,0,0,0,1,0,0,0,0,0,0,0,0,1
v487_n7405_20_f4.png,5748.png,76.4,0,0,0,1,0,1,S,multipanel,"axes text,axes labels,caption(s),annotation(s)",0,1,1,0,1,1,0,0,0,1,1,6,6,2,6,"Bar,Point,Line,Diagram",0,1,0,1,0,0,1,0,1,0,0,0,4
wsj122.png,5749.png,13.5,1,0,0,0,0,1,N,multipanel,"title(s),axes text,caption(s)",0,0,1,1,0,1,0,0,0,0,1,16,5,1,1,"Diagram,Distribution,Bar,Text,Table",0,1,0,1,1,0,0,0,0,1,1,0,5
v486_n7402_14_f1.png,5750.png,70.7,0,0,0,1,0,1,S,multipanel,"legend text,text-only,axes text,annotation(s)",0,0,1,0,1,0,1,0,1,0,1,13,4,0,5,"Line,Diagram,Area",1,0,0,1,0,0,1,0,0,0,0,0,3
economist_daily_chart_98.png,5751.png,22.6,1,0,0,0,0,1,N,multipanel,"title(s),axes text,axes labels,caption(s)",0,1,1,1,0,1,0,0,0,0,1,5,2,1,2,"Bar,Area",1,1,0,0,0,0,0,0,0,0,0,0,2
v486_n7401_3_f3.png,5752.png,54.4,0,0,0,1,0,1,S,multipanel,annotation(s),0,0,0,0,1,0,0,0,0,0,1,5,1,1,8,"Diagram,Trees & Networks",0,0,0,1,0,0,0,0,0,0,0,1,2
whoI11_1.png,5753.png,47.7,0,0,1,0,1,0,G,single,"title(s), legend text,axes text,axes labels,caption(s)",0,1,1,1,0,1,1,0,0,1,1,4,2,1,1,Bar,0,1,0,0,0,0,0,0,0,0,0,0,1
v486_n7404_20_f2.png,5754.png,77.5,0,0,0,1,0,1,S,multipanel,"axes text,axes labels",0,1,1,0,0,0,0,0,0,0,1,15,6,2,11,"Bar,Point,Distribution,Grid & Matrix,Line",0,1,0,0,1,1,1,0,1,0,0,0,5
visMost138.png,5755.png,26.7,0,1,0,0,1,0,I,single,"text-only,title(s),caption(s)",0,0,0,1,0,1,0,0,1,0,1,11,12,12,1,Diagram,0,0,0,1,0,0,0,0,0,0,0,0,1
visMost23.png,5756.png,46.8,0,1,0,0,0,1,I,multipanel,"title(s),axes text,axes labels,annotation(s),caption(s)",0,1,1,1,1,1,0,0,0,0,1,9,3,1,2,"Bar,Distribution",0,1,0,0,1,0,0,0,0,0,0,0,2
v483_n7389_14_f3.png,5757.png,45.5,0,0,0,1,0,1,S,multipanel,"annotation(s),legend text",0,0,0,0,1,0,1,0,0,0,1,9,1,3,3,"Grid & Matrix,Circle",0,0,1,0,0,1,0,0,0,0,0,0,2
visMost37.png,5758.png,52.4,0,1,0,0,1,0,I,single,"text-only,legend text,annotation(s)",0,0,0,0,1,0,1,0,1,0,1,3,0,1,1,"Grid & Matrix,Map,Point",0,0,0,0,0,1,0,1,1,0,0,0,3
v488_n7411_18_f2.png,5759.png,58.1,0,0,0,1,0,1,S,multipanel,"caption(s),axes labels,axes text,legend text",0,1,1,0,0,1,1,0,0,1,1,3,5,1,4,"Bar,Point,Distribution",0,1,0,0,1,0,0,0,1,0,0,0,3
economist_daily_chart_261.png,5760.png,17.9,1,0,0,0,0,1,N,multipanel,"title(s),axes text,legend text",0,0,1,1,0,0,1,0,0,0,1,8,1,2,2,"Bar,Distribution",0,1,0,0,1,0,0,0,0,0,0,0,2
whoP09.png,5761.png,14.9,0,0,1,0,1,0,G,single,"title(s),text-only",0,0,0,1,0,0,0,0,1,1,0,3,1,3,1,Table,0,0,0,0,0,0,0,0,0,1,0,0,1
wsj491.png,5762.png,49.5,1,0,0,0,0,1,N,multipanel,"title(s),annotation(s),axes text,legend text,caption(s)",0,0,1,1,1,1,1,0,0,0,1,11,2,1,2,"Table,Distribution",0,0,0,0,1,0,0,0,0,1,0,0,2
vis47.png,5763.png,67.1,0,1,0,0,0,1,I,multipanel,"title(s),annotation(s)",0,0,0,1,1,0,0,0,0,0,1,20,0,1,1,Diagram,0,0,0,1,0,0,0,0,0,0,0,0,1
economist_daily_chart_507.png,5764.png,24.9,1,0,0,0,1,0,N,single,"axes text,title(s),annotation(s), caption(s)",0,0,1,1,1,1,0,0,0,0,1,6,2,1,1,Line,0,0,0,0,0,0,1,0,0,0,0,0,1
np_16.png,5765.png,44.1,1,0,0,0,1,0,N,single,"title(s),text-only",0,0,0,1,0,0,0,0,1,0,1,5,15,20,1,"Diagram,Distribution,Table",0,0,0,1,1,0,0,0,0,1,0,0,3
economist_daily_chart_513.png,5766.png,15.4,1,0,0,0,1,0,N,single,"title(s), text-only,caption(s)",0,0,0,1,0,1,0,0,1,0,1,3,2,2,1,Table,0,0,0,0,0,0,0,0,0,1,0,0,1
vis284.png,5767.png,77.2,0,1,0,0,1,0,I,single,"title(s),caption(s),annotation(s),axes text,axes labels,legend title,legend text",0,1,1,1,1,1,1,1,0,0,1,10,7,20,1,"Circle,Line,Diagram",0,0,1,1,0,0,1,0,0,0,0,0,3
v489_n7417_1_f2.png,5768.png,63.5,0,0,0,1,0,1,S,multipanel,"title(s),text-only",0,0,0,1,0,0,0,0,1,0,1,6,0,4,2,Diagram,0,0,0,1,0,0,0,0,0,0,0,0,1
economist_daily_chart_275.png,5769.png,22.6,1,0,0,0,0,1,N,multipanel,"title(s),axes text,axes labels,caption(s)",0,1,1,1,0,1,0,0,0,0,1,5,5,2,2,"Bar,Distribution",0,1,0,0,1,0,0,0,0,0,0,0,2
wsj485.png,5770.png,8.4,1,0,0,0,1,0,N,single,"title(s),caption(s)",0,0,0,1,0,1,0,0,0,0,1,5,0,0,1,Diagram,0,0,0,1,0,0,0,0,0,0,0,0,1
whoG04.png,5771.png,18.1,0,0,1,0,0,1,G,multipanel,"title(s),annotation(s),caption(s)",0,0,0,1,1,1,0,0,0,0,1,10,3,1,1,"Circle,Distribution",0,0,1,0,1,0,0,0,0,0,0,0,2
v483_n7387_13_f1.png,5772.png,47.7,0,0,0,1,0,1,S,multipanel,"annotation(s),axes text,legend text,legend title",0,0,1,0,1,0,1,1,0,0,1,7,3,3,6,"Circle,Diagram,Distribution",0,0,1,1,1,0,0,0,0,0,0,0,3
v483_n7390_20_f4.png,5773.png,67.4,0,0,0,1,0,1,S,multipanel,"axes text,axes labels,caption(s),legend text",0,1,1,0,0,1,1,0,0,0,1,7,4,3,8,"Bar,Line,Point,Diagram",0,1,0,1,0,0,1,0,1,0,0,0,4
v486_n7403_24_f2.png,5774.png,79.7,0,0,0,1,0,1,S,multipanel,"legend text,axes text,axes labels,annotation(s),legend title",0,1,1,0,1,0,1,1,0,0,1,10,1,4,7,"Bar,Circle,Text,Distribution",0,1,1,0,1,0,0,0,0,0,1,0,4
v483_n7389_22_f2.png,5775.png,79,0,0,0,1,1,0,S,single,annotation(s),0,0,0,0,1,0,0,0,0,0,1,10,0,1,8,Diagram,0,0,0,1,0,0,0,0,0,0,0,0,1
v485_n7398_23_f4.png,5776.png,80.2,0,0,0,1,0,1,S,multipanel,"axes text,caption(s),legend title,legend text",0,0,1,0,0,1,1,1,0,0,0,5,3,3,3,"Distribution,Diagram,Grid & Matrix,Table",0,0,0,1,1,1,0,0,0,1,0,0,4
whoP21.png,5777.png,69.5,0,0,1,0,1,0,G,single,"caption(s),annotation(s)",0,0,0,0,1,1,0,0,0,0,0,1,0,1,1,"Grid & Matrix,Diagram",0,0,0,1,0,1,0,0,0,0,0,0,2
economist_daily_chart_249.png,5778.png,20.1,1,0,0,0,1,0,N,single,"legend text,legend title,caption(s),title(s)",0,0,0,1,0,1,1,1,0,0,1,9,1,1,1,"Map,Diagram,Distribution",0,0,0,1,1,0,0,1,0,0,0,0,3
v489_n7417_12_f1.png,5779.png,41.7,0,0,0,1,0,1,S,multipanel,"axes labels,axes text,annotation(s)",0,1,1,0,1,0,0,0,0,0,0,5,4,1,4,"Line,Point",0,0,0,0,0,0,1,0,1,0,0,0,2
vis84.png,5780.png,49.2,0,1,0,0,0,1,I,multipanel,"title(s),caption(s),axes text",0,0,1,1,0,1,0,0,0,0,1,5,20,20,1,"Bar,Distribution",0,1,0,0,1,0,0,0,0,0,0,0,2
v485_n7400_16_f2.png,5781.png,77.5,0,0,0,1,0,1,S,multipanel,"axes text,axes labels,annotation(s)",0,1,1,0,1,0,0,0,0,0,0,10,1,4,2,"Trees & Networks,Distribution,Grid & Matrix,Point",0,0,0,0,1,1,0,0,1,0,0,1,4
visMost460.png,5782.png,55,0,1,0,0,1,0,I,single,"title(s),annotation(s), axes text, caption(s)",0,0,1,1,1,1,0,0,0,0,0,10,0,1,1,"Text,Point",0,0,0,0,0,0,0,0,1,0,1,0,2
vis535.png,5783.png,58,0,1,0,0,0,1,I,multipanel,"title(s),annotation(s),legend text,legend title,caption(s),axes text,axes labels",0,1,1,1,1,1,1,1,0,0,1,16,12,5,1,"Bar,Circle,Distribution",0,1,1,0,1,0,0,0,0,0,0,0,3
wsj452.png,5784.png,48.1,1,0,0,0,1,0,N,single,"title(s),legend text,annotation(s),caption(s)",0,0,0,1,1,1,1,0,0,0,1,8,1,2,1,"Map,Table,Bar",0,1,0,0,0,0,0,1,0,1,0,0,3
wsj334.png,5785.png,19.7,1,0,0,0,0,1,N,multipanel,"title(s),axes text,legend text,caption(s),annotation(s)",0,0,1,1,1,1,1,0,0,0,1,5,4,1,4,"Line,Point,Bar,Distribution",0,1,0,0,1,0,1,0,1,0,0,0,4
vis253.png,5786.png,69.5,0,1,0,0,0,1,I,multipanel,"title(s),annotation(s),caption(s),legend text,axes text,axes labels",0,1,1,1,1,1,1,0,0,0,1,15,20,10,1,"Table,Area,Diagram,Bar,Text,Distribution",1,1,0,1,1,0,0,0,0,1,1,0,6
visMost306.png,5787.png,59.7,0,1,0,0,0,1,I,multipanel,"title(s),axes text,axes labels,caption(s),annotation(s),legend title,legend text",0,1,1,1,1,1,1,1,0,0,0,10,5,5,1,"Bar, Area, Circle",1,1,1,0,0,0,0,0,0,0,0,0,3
vis247.png,5788.png,53.6,0,1,0,0,0,1,I,multipanel,"title(s),caption(s),annotation(s)",0,0,0,1,1,1,0,0,0,0,0,12,13,6,1,"Map,Circle,Diagram,Distribution",0,0,1,1,1,0,0,1,0,0,0,0,4
visMost312.png,5789.png,57.6,0,1,0,0,0,1,I,multipanel,"title(s),annotation(s),caption(s),legend text",0,0,0,1,1,1,1,0,0,0,1,20,4,6,1,"Circle,Table",0,0,1,0,0,0,0,0,0,1,0,0,2
wsj320.png,5790.png,14,1,0,0,0,1,0,N,single,"title(s),caption(s),axes text,annotation(s)",0,0,1,1,1,1,0,0,0,0,1,4,2,0,1,Line,0,0,0,0,0,0,1,0,0,0,0,0,1
v487_n7408_18_f3.png,5791.png,83.8,0,0,0,1,0,1,S,multipanel,"legend text,annotation(s),axes text,legend title",0,0,1,0,1,0,1,1,0,0,0,8,0,7,4,"Trees & Networks,Grid & Matrix",0,0,0,0,0,1,0,0,0,0,0,1,2
wsj446.png,5792.png,25.7,1,0,0,0,0,1,N,multipanel,"title(s),annotation(s),caption(s),axes text,axes labels",0,1,1,1,1,1,0,0,0,0,1,3,11,2,1,"Bar,Line,Diagram,Distribution",0,1,0,1,1,0,1,0,0,0,0,0,4
vis90.png,5793.png,53.6,0,1,0,0,0,1,I,multipanel,"title(s),axes text,axes labels,annotation(s),caption(s),legend text",0,1,1,1,1,1,1,0,0,0,1,17,9,10,1,"Area,Text,Circle,Grid & Matrix",1,0,1,0,0,1,0,0,0,0,1,0,4
v484_n7392_17_f2.png,5794.png,61.5,0,0,0,1,0,1,S,multipanel,"axes labels,axes text,annotation(s),title(s)",0,1,1,1,1,0,0,0,0,0,0,3,4,2,2,"Point,Table,Trees & Networks",0,0,0,0,0,0,0,0,1,1,0,1,3
visMost474.png,5795.png,29.3,0,1,0,0,0,1,I,multipanel,"title(s),annotation(s),caption(s),text-only",0,0,0,1,1,1,0,0,1,0,1,11,1,3,4,Diagram,0,0,0,1,0,0,0,0,0,0,0,0,1
vis509.png,5796.png,29.6,0,1,0,0,0,1,I,multipanel,"title(s),annotation(s),caption(s),axes text,legend text",0,0,1,1,1,1,1,0,0,0,1,8,9,6,5,"Circle,Bar,Table,Map,Distribution",0,1,1,0,1,0,0,1,0,1,0,0,5
v490_n7419_23_f3.png,5797.png,71.8,0,0,0,1,0,1,S,multipanel,"annotation(s),axes text,axes labels",0,1,1,0,1,0,0,0,0,0,0,8,8,5,10,"Point,Distribution,Diagram",0,0,0,1,1,0,0,0,1,0,0,0,3
visMost448.png,5798.png,58.9,0,1,0,0,0,1,I,multipanel,"axes labels,axes text,title(s),annotation(s),caption(s),legend title,legend text",0,1,1,1,1,1,1,1,0,0,1,11,13,8,1,"Bar,Diagram,Distribution,Map",0,1,0,1,1,0,0,1,0,0,0,0,4
v488_n7413_19_f1.png,5799.png,73.8,0,0,0,1,0,1,S,multipanel,"axes text,axes labels,caption(s),legend text",0,1,1,0,0,1,1,0,0,0,1,6,2,2,3,"Line,Point,Distribution,Table",0,0,0,0,1,0,1,0,1,1,0,0,4
