image_id,response
0.png,71
0.png,88
0.png,82
0.png,69
0.png,79
0.png,100
0.png,62
0.png,82
0.png,88
0.png,35
1.png,81
1.png,96
1.png,93
1.png,91
1.png,57
1.png,83
1.png,81
1.png,0
1.png,36
1.png,100
2.png,65
2.png,41
2.png,46
2.png,35
2.png,100
2.png,68
2.png,50
2.png,21
2.png,25
2.png,22
3.png,32
3.png,25
3.png,3
3.png,6
3.png,12
3.png,61
3.png,7
3.png,66
3.png,33
3.png,26
4.png,42
4.png,47
4.png,23
4.png,66
4.png,20
4.png,33
4.png,100
4.png,60
4.png,34
4.png,24
5.png,42
5.png,75
5.png,29
5.png,67
5.png,70
5.png,65
5.png,75
5.png,100
5.png,86
5.png,79
6.png,76
6.png,33
6.png,73
6.png,87
6.png,37
6.png,15
6.png,100
6.png,74
6.png,38
6.png,67
7.png,74
7.png,67
7.png,41
7.png,100
7.png,75
7.png,81
7.png,54
7.png,100
7.png,49
7.png,34
8.png,10
8.png,44
8.png,0
8.png,9
8.png,32
8.png,19
8.png,58
8.png,27
8.png,7
8.png,26
9.png,59
9.png,15
9.png,100
9.png,0
9.png,35
9.png,0
9.png,6
9.png,12
9.png,5
9.png,69
10.png,88
10.png,60
10.png,58
10.png,98
10.png,59
10.png,68
10.png,100
10.png,93
10.png,92
10.png,68
11.png,0
11.png,0
11.png,20
11.png,0
11.png,19
11.png,11
11.png,36
11.png,23
11.png,37
11.png,0
12.png,66
12.png,61
12.png,91
12.png,85
12.png,45
12.png,73
12.png,75
12.png,100
12.png,38
12.png,67
13.png,0
13.png,91
13.png,3
13.png,39
13.png,63
13.png,40
13.png,59
13.png,100
13.png,59
13.png,19
14.png,100
14.png,94
14.png,84
14.png,100
14.png,93
14.png,88
14.png,87
14.png,69
14.png,100
14.png,87
15.png,38
15.png,100
15.png,68
15.png,28
15.png,5
15.png,90
15.png,75
15.png,88
15.png,50
15.png,33
16.png,64
16.png,88
16.png,75
16.png,70
16.png,100
16.png,75
16.png,85
16.png,57
16.png,75
16.png,85
17.png,33
17.png,70
17.png,37
17.png,69
17.png,37
17.png,32
17.png,60
17.png,75
17.png,100
17.png,60
18.png,39
18.png,42
18.png,66
18.png,100
18.png,55
18.png,14
18.png,100
18.png,24
18.png,84
18.png,86
19.png,35
19.png,75
19.png,20
19.png,13
19.png,6
19.png,100
19.png,5
19.png,28
19.png,22
19.png,17
20.png,41
20.png,12
20.png,44
20.png,29
20.png,48
20.png,9
20.png,2
20.png,62
20.png,16
20.png,44
21.png,67
21.png,0
21.png,37
21.png,68
21.png,88
21.png,34
21.png,37
21.png,85
21.png,100
21.png,33
22.png,3
22.png,34
22.png,40
22.png,43
22.png,56
22.png,20
22.png,88
22.png,42
22.png,42
22.png,100
23.png,89
23.png,84
23.png,74
23.png,87
23.png,100
23.png,65
23.png,55
23.png,23
23.png,100
23.png,95
24.png,25
24.png,42
24.png,45
24.png,15
24.png,24
24.png,33
24.png,50
24.png,71
24.png,100
24.png,42
25.png,26
25.png,86
25.png,79
25.png,76
25.png,100
25.png,54
25.png,97
25.png,82
25.png,94
25.png,100
26.png,100
26.png,45
26.png,75
26.png,36
26.png,42
26.png,30
26.png,18
26.png,3
26.png,25
26.png,34
27.png,0
27.png,15
27.png,32
27.png,60
27.png,7
27.png,14
27.png,28
27.png,17
27.png,24
27.png,7
28.png,37
28.png,100
28.png,66
28.png,36
28.png,89
28.png,100
28.png,86
28.png,100
28.png,71
28.png,62
29.png,50
29.png,59
29.png,13
29.png,85
29.png,46
29.png,7
29.png,16
29.png,39
29.png,34
29.png,5
30.png,9
30.png,58
30.png,15
30.png,69
30.png,14
30.png,42
30.png,4
30.png,47
30.png,76
30.png,32
31.png,64
31.png,23
31.png,39
31.png,45
31.png,22
31.png,68
31.png,74
31.png,100
31.png,24
31.png,82
32.png,67
32.png,44
32.png,15
32.png,100
32.png,65
32.png,50
32.png,86
32.png,63
32.png,53
32.png,100
33.png,100
33.png,62
33.png,100
33.png,78
33.png,64
33.png,61
33.png,87
33.png,100
33.png,80
33.png,83
34.png,45
34.png,72
34.png,89
34.png,36
34.png,100
34.png,68
34.png,68
34.png,44
34.png,92
34.png,91
35.png,72
35.png,100
35.png,31
35.png,90
35.png,36
35.png,90
35.png,100
35.png,62
35.png,89
35.png,86
36.png,56
36.png,41
36.png,31
36.png,29
36.png,100
36.png,50
36.png,72
36.png,36
36.png,76
36.png,37
37.png,0
37.png,9
37.png,39
37.png,42
37.png,100
37.png,17
37.png,64
37.png,62
37.png,1
37.png,30
38.png,23
38.png,18
38.png,100
38.png,16
38.png,2
38.png,37
38.png,50
38.png,7
38.png,13
38.png,23
39.png,82
39.png,100
39.png,56
39.png,0
39.png,100
39.png,59
39.png,83
39.png,60
39.png,64
39.png,96
40.png,74
40.png,72
40.png,75
40.png,64
40.png,100
40.png,76
40.png,99
40.png,87
40.png,100
40.png,87
41.png,100
41.png,78
41.png,71
41.png,59
41.png,19
41.png,46
41.png,36
41.png,4
41.png,24
41.png,7
42.png,40
42.png,31
42.png,100
42.png,5
42.png,52
42.png,43
42.png,26
42.png,0
42.png,95
42.png,18
43.png,21
43.png,39
43.png,5
43.png,100
43.png,77
43.png,86
43.png,100
43.png,74
43.png,94
43.png,58
44.png,89
44.png,79
44.png,63
44.png,100
44.png,100
44.png,86
44.png,66
44.png,81
44.png,63
44.png,83
45.png,53
45.png,64
45.png,15
45.png,24
45.png,67
45.png,63
45.png,100
45.png,29
45.png,36
45.png,44
46.png,80
46.png,63
46.png,92
46.png,93
46.png,100
46.png,85
46.png,78
46.png,100
46.png,68
46.png,84
47.png,74
47.png,65
47.png,64
47.png,62
47.png,69
47.png,53
47.png,84
47.png,80
47.png,98
47.png,100
48.png,28
48.png,13
48.png,10
48.png,36
48.png,100
48.png,64
48.png,35
48.png,45
48.png,50
48.png,42
49.png,5
49.png,32
49.png,38
49.png,38
49.png,0
49.png,13
49.png,78
49.png,12
49.png,42
49.png,55
50.png,94
50.png,79
50.png,44
50.png,80
50.png,83
50.png,51
50.png,33
50.png,32
50.png,51
50.png,43
51.png,58
51.png,94
51.png,68
51.png,64
51.png,65
51.png,82
51.png,93
51.png,89
51.png,100
51.png,100
52.png,17
52.png,72
52.png,77
52.png,2
52.png,14
52.png,16
52.png,58
52.png,1
52.png,44
52.png,93
53.png,31
53.png,0
53.png,58
53.png,65
53.png,47
53.png,0
53.png,38
53.png,78
53.png,18
53.png,78
54.png,23
54.png,7
54.png,59
54.png,30
54.png,33
54.png,21
54.png,0
54.png,29
54.png,33
54.png,100
55.png,85
55.png,95
55.png,76
55.png,85
55.png,79
55.png,83
55.png,43
55.png,100
55.png,74
55.png,58
56.png,56
56.png,69
56.png,39
56.png,70
56.png,41
56.png,62
56.png,80
56.png,100
56.png,30
56.png,20
57.png,50
57.png,83
57.png,33
57.png,45
57.png,50
57.png,56
57.png,35
57.png,36
57.png,43
57.png,100
58.png,56
58.png,61
58.png,19
58.png,26
58.png,18
58.png,19
58.png,30
58.png,100
58.png,31
58.png,23
59.png,46
59.png,23
59.png,10
59.png,14
59.png,100
59.png,31
59.png,31
59.png,30
59.png,13
59.png,37
60.png,17
60.png,24
60.png,6
60.png,8
60.png,17
60.png,0
60.png,42
60.png,17
60.png,37
60.png,3
61.png,100
61.png,71
61.png,55
61.png,64
61.png,78
61.png,79
61.png,59
61.png,68
61.png,74
61.png,100
62.png,37
62.png,25
62.png,15
62.png,100
62.png,44
62.png,14
62.png,15
62.png,50
62.png,50
62.png,37
63.png,49
63.png,100
63.png,97
63.png,86
63.png,91
63.png,15
63.png,50
63.png,91
63.png,43
63.png,95
64.png,22
64.png,86
64.png,83
64.png,46
64.png,100
64.png,16
64.png,60
64.png,67
64.png,94
64.png,71
65.png,28
65.png,47
65.png,39
65.png,8
65.png,6
65.png,65
65.png,8
65.png,13
65.png,16
65.png,58
66.png,60
66.png,42
66.png,58
66.png,58
66.png,44
66.png,100
66.png,75
66.png,86
66.png,81
66.png,32
67.png,96
67.png,61
67.png,74
67.png,100
67.png,85
67.png,40
67.png,59
67.png,57
67.png,91
67.png,67
68.png,36
68.png,62
68.png,37
68.png,79
68.png,31
68.png,100
68.png,64
68.png,53
68.png,14
68.png,43
69.png,11
69.png,20
69.png,2
69.png,50
69.png,35
69.png,41
69.png,14
69.png,11
69.png,37
69.png,40
70.png,10
70.png,69
70.png,81
70.png,94
70.png,97
70.png,94
70.png,64
70.png,100
70.png,100
70.png,79
71.png,13
71.png,19
71.png,6
71.png,40
71.png,72
71.png,50
71.png,69
71.png,25
71.png,53
71.png,19
72.png,59
72.png,93
72.png,77
72.png,78
72.png,91
72.png,96
72.png,86
72.png,73
72.png,80
72.png,100
73.png,10
73.png,57
73.png,65
73.png,23
73.png,32
73.png,2
73.png,57
73.png,38
73.png,71
73.png,0
74.png,17
74.png,39
74.png,29
74.png,7
74.png,35
74.png,21
74.png,50
74.png,0
74.png,28
74.png,40
75.png,19
75.png,35
75.png,21
75.png,54
75.png,45
75.png,12
75.png,12
75.png,77
75.png,82
75.png,100
76.png,100
76.png,50
76.png,61
76.png,94
76.png,90
76.png,83
76.png,68
76.png,82
76.png,100
76.png,45
77.png,75
77.png,100
77.png,59
77.png,79
77.png,77
77.png,100
77.png,76
77.png,59
77.png,100
77.png,78
78.png,70
78.png,6
78.png,100
78.png,27
78.png,0
78.png,3
78.png,26
78.png,29
78.png,82
78.png,60
79.png,100
79.png,59
79.png,93
79.png,100
79.png,69
79.png,69
79.png,62
79.png,75
79.png,100
79.png,1
80.png,35
80.png,57
80.png,100
80.png,7
80.png,62
80.png,9
80.png,17
80.png,25
80.png,62
80.png,79
81.png,88
81.png,100
81.png,83
81.png,13
81.png,61
81.png,100
81.png,74
81.png,62
81.png,96
81.png,73
82.png,42
82.png,63
82.png,82
82.png,36
82.png,67
82.png,69
82.png,72
82.png,74
82.png,24
82.png,100
83.png,63
83.png,6
83.png,100
83.png,78
83.png,40
83.png,75
83.png,75
83.png,33
83.png,66
83.png,45
84.png,16
84.png,32
84.png,22
84.png,9
84.png,100
84.png,80
84.png,100
84.png,74
84.png,55
84.png,37
85.png,67
85.png,29
85.png,48
85.png,50
85.png,79
85.png,35
85.png,100
85.png,76
85.png,70
85.png,43
86.png,75
86.png,95
86.png,63
86.png,80
86.png,100
86.png,69
86.png,50
86.png,73
86.png,100
86.png,98
87.png,55
87.png,65
87.png,68
87.png,94
87.png,35
87.png,17
87.png,100
87.png,34
87.png,10
87.png,24
88.png,100
88.png,87
88.png,96
88.png,65
88.png,57
88.png,63
88.png,64
88.png,14
88.png,100
88.png,43
89.png,12
89.png,33
89.png,39
89.png,67
89.png,30
89.png,56
89.png,83
89.png,71
89.png,100
89.png,13
90.png,85
90.png,70
90.png,72
90.png,100
90.png,75
90.png,100
90.png,93
90.png,79
90.png,15
90.png,53
91.png,33
91.png,63
91.png,16
91.png,56
91.png,11
91.png,70
91.png,11
91.png,9
91.png,100
91.png,83
92.png,75
92.png,88
92.png,58
92.png,15
92.png,89
92.png,64
92.png,23
92.png,65
92.png,100
92.png,72
93.png,29
93.png,29
93.png,38
93.png,100
93.png,24
93.png,18
93.png,9
93.png,71
93.png,73
93.png,4
94.png,45
94.png,22
94.png,43
94.png,42
94.png,69
94.png,100
94.png,75
94.png,72
94.png,91
94.png,93
95.png,100
95.png,100
95.png,89
95.png,67
95.png,84
95.png,84
95.png,88
95.png,83
95.png,81
95.png,100
96.png,43
96.png,56
96.png,50
96.png,61
96.png,76
96.png,18
96.png,46
96.png,25
96.png,6
96.png,36
97.png,96
97.png,81
97.png,96
97.png,100
97.png,75
97.png,65
97.png,30
97.png,97
97.png,86
97.png,50
98.png,50
98.png,66
98.png,84
98.png,63
98.png,38
98.png,100
98.png,82
98.png,65
98.png,43
98.png,31
99.png,100
99.png,45
99.png,88
99.png,32
99.png,99
99.png,51
99.png,70
99.png,87
99.png,59
99.png,100
100.png,61
100.png,62
100.png,39
100.png,50
100.png,59
100.png,100
100.png,79
100.png,71
100.png,50
100.png,98
101.png,88
101.png,54
101.png,100
101.png,70
101.png,56
101.png,20
101.png,100
101.png,92
101.png,78
101.png,66
102.png,100
102.png,20
102.png,37
102.png,26
102.png,9
102.png,0
102.png,22
102.png,8
102.png,45
102.png,58
103.png,18
103.png,100
103.png,43
103.png,64
103.png,78
103.png,100
103.png,68
103.png,47
103.png,81
103.png,41
104.png,89
104.png,100
104.png,68
104.png,100
104.png,96
104.png,32
104.png,66
104.png,57
104.png,85
104.png,17
105.png,30
105.png,3
105.png,69
105.png,0
105.png,82
105.png,100
105.png,69
105.png,65
105.png,85
105.png,100
106.png,89
106.png,100
106.png,75
106.png,60
106.png,61
106.png,71
106.png,69
106.png,62
106.png,100
106.png,21
107.png,79
107.png,84
107.png,76
107.png,52
107.png,85
107.png,100
107.png,66
107.png,100
107.png,31
107.png,55
108.png,100
108.png,38
108.png,54
108.png,42
108.png,57
108.png,29
108.png,42
108.png,60
108.png,43
108.png,100
109.png,63
109.png,85
109.png,63
109.png,80
109.png,39
109.png,61
109.png,30
109.png,64
109.png,100
109.png,62
110.png,60
110.png,100
110.png,15
110.png,55
110.png,95
110.png,57
110.png,29
110.png,100
110.png,66
110.png,47
111.png,100
111.png,89
111.png,70
111.png,100
111.png,100
111.png,67
111.png,100
111.png,65
111.png,17
111.png,79
112.png,81
112.png,44
112.png,99
112.png,81
112.png,100
112.png,66
112.png,88
112.png,79
112.png,69
112.png,22
113.png,100
113.png,100
113.png,3
113.png,85
113.png,50
113.png,67
113.png,44
113.png,67
113.png,68
113.png,24
114.png,75
114.png,67
114.png,13
114.png,19
114.png,99
114.png,43
114.png,44
114.png,26
114.png,29
114.png,8
115.png,93
115.png,85
115.png,63
115.png,67
115.png,100
115.png,79
115.png,86
115.png,85
115.png,60
115.png,100
116.png,20
116.png,91
116.png,72
116.png,100
116.png,95
116.png,65
116.png,100
116.png,47
116.png,78
116.png,100
117.png,89
117.png,57
117.png,41
117.png,48
117.png,100
117.png,94
117.png,36
117.png,84
117.png,85
117.png,55
118.png,40
118.png,32
118.png,41
118.png,73
118.png,53
118.png,98
118.png,31
118.png,50
118.png,32
118.png,32
119.png,86
119.png,44
119.png,44
119.png,26
119.png,54
119.png,71
119.png,100
119.png,100
119.png,55
119.png,72
120.png,100
120.png,86
120.png,100
120.png,63
120.png,96
120.png,100
120.png,93
120.png,62
120.png,83
120.png,61
121.png,45
121.png,82
121.png,87
121.png,10
121.png,60
121.png,30
121.png,100
121.png,37
121.png,29
121.png,50
122.png,22
122.png,44
122.png,89
122.png,54
122.png,75
122.png,11
122.png,28
122.png,92
122.png,39
122.png,99
123.png,44
123.png,88
123.png,24
123.png,71
123.png,71
123.png,34
123.png,77
123.png,100
123.png,33
123.png,10
124.png,76
124.png,85
124.png,64
124.png,46
124.png,100
124.png,34
124.png,41
124.png,78
124.png,85
124.png,82
125.png,51
125.png,19
125.png,100
125.png,91
125.png,37
125.png,73
125.png,71
125.png,33
125.png,29
125.png,21
126.png,45
126.png,14
126.png,100
126.png,31
126.png,35
126.png,20
126.png,62
126.png,1
126.png,67
126.png,38
127.png,3
127.png,19
127.png,50
127.png,5
127.png,33
127.png,11
127.png,25
127.png,16
127.png,50
127.png,100
128.png,43
128.png,38
128.png,72
128.png,100
128.png,16
128.png,76
128.png,66
128.png,92
128.png,62
128.png,43
129.png,100
129.png,93
129.png,65
129.png,52
129.png,89
129.png,100
129.png,85
129.png,88
129.png,61
129.png,86
130.png,61
130.png,84
130.png,84
130.png,43
130.png,24
130.png,100
130.png,89
130.png,24
130.png,76
130.png,56
131.png,0
131.png,74
131.png,24
131.png,18
131.png,22
131.png,29
131.png,22
131.png,13
131.png,2
131.png,13
132.png,78
132.png,32
132.png,26
132.png,4
132.png,32
132.png,52
132.png,47
132.png,5
132.png,37
132.png,69
133.png,13
133.png,81
133.png,34
133.png,100
133.png,18
133.png,14
133.png,49
133.png,42
133.png,19
133.png,42
134.png,100
134.png,57
134.png,52
134.png,95
134.png,100
134.png,76
134.png,97
134.png,100
134.png,60
134.png,65
135.png,75
135.png,63
135.png,100
135.png,87
135.png,100
135.png,83
135.png,56
135.png,66
135.png,100
135.png,95
136.png,35
136.png,25
136.png,100
136.png,13
136.png,77
136.png,64
136.png,36
136.png,43
136.png,38
136.png,56
137.png,74
137.png,67
137.png,75
137.png,34
137.png,8
137.png,54
137.png,38
137.png,63
137.png,100
137.png,84
138.png,56
138.png,65
138.png,88
138.png,25
138.png,38
138.png,88
138.png,45
138.png,100
138.png,19
138.png,19
139.png,36
139.png,100
139.png,65
139.png,44
139.png,60
139.png,67
139.png,81
139.png,90
139.png,73
139.png,61
140.png,50
140.png,35
140.png,15
140.png,63
140.png,68
140.png,59
140.png,40
140.png,99
140.png,71
140.png,80
141.png,50
141.png,67
141.png,59
141.png,46
141.png,19
141.png,34
141.png,2
141.png,37
141.png,0
141.png,80
142.png,30
142.png,42
142.png,44
142.png,34
142.png,10
142.png,16
142.png,5
142.png,41
142.png,41
142.png,66
143.png,80
143.png,100
143.png,35
143.png,83
143.png,100
143.png,100
143.png,42
143.png,65
143.png,55
143.png,74
144.png,74
144.png,60
144.png,82
144.png,100
144.png,72
144.png,63
144.png,88
144.png,62
144.png,100
144.png,51
145.png,13
145.png,7
145.png,28
145.png,23
145.png,3
145.png,6
145.png,61
145.png,33
145.png,2
145.png,4
146.png,20
146.png,5
146.png,6
146.png,21
146.png,57
146.png,22
146.png,11
146.png,52
146.png,2
146.png,12
147.png,54
147.png,6
147.png,64
147.png,30
147.png,78
147.png,67
147.png,74
147.png,81
147.png,20
147.png,28
148.png,42
148.png,60
148.png,33
148.png,46
148.png,21
148.png,32
148.png,68
148.png,59
148.png,17
148.png,11
149.png,64
149.png,14
149.png,38
149.png,13
149.png,28
149.png,29
149.png,52
149.png,43
149.png,78
149.png,39
150.png,14
150.png,10
150.png,3
150.png,3
150.png,17
150.png,18
150.png,2
150.png,39
150.png,30
150.png,6
151.png,31
151.png,79
151.png,38
151.png,15
151.png,40
151.png,75
151.png,67
151.png,60
151.png,90
151.png,100
152.png,93
152.png,67
152.png,100
152.png,77
152.png,33
152.png,68
152.png,70
152.png,88
152.png,68
152.png,69
153.png,26
153.png,67
153.png,81
153.png,48
153.png,61
153.png,37
153.png,44
153.png,34
153.png,64
153.png,42
154.png,49
154.png,36
154.png,12
154.png,51
154.png,4
154.png,79
154.png,42
154.png,8
154.png,2
154.png,14
155.png,10
155.png,20
155.png,65
155.png,23
155.png,38
155.png,23
155.png,70
155.png,42
155.png,64
155.png,80
156.png,63
156.png,88
156.png,59
156.png,70
156.png,76
156.png,97
156.png,67
156.png,55
156.png,89
156.png,62
157.png,82
157.png,59
157.png,59
157.png,87
157.png,51
157.png,76
157.png,76
157.png,88
157.png,34
157.png,53
158.png,28
158.png,36
158.png,43
158.png,50
158.png,83
158.png,72
158.png,66
158.png,37
158.png,58
158.png,54
159.png,39
159.png,68
159.png,83
159.png,64
159.png,58
159.png,66
159.png,79
159.png,91
159.png,24
159.png,69
160.png,23
160.png,35
160.png,33
160.png,30
160.png,7
160.png,23
160.png,69
160.png,36
160.png,40
160.png,15
161.png,66
161.png,74
161.png,83
161.png,100
161.png,77
161.png,51
161.png,69
161.png,88
161.png,68
161.png,79
162.png,2
162.png,14
162.png,7
162.png,6
162.png,24
162.png,9
162.png,37
162.png,49
162.png,19
162.png,30
163.png,77
163.png,71
163.png,37
163.png,62
163.png,31
163.png,69
163.png,76
163.png,56
163.png,56
163.png,80
164.png,93
164.png,58
164.png,56
164.png,79
164.png,73
164.png,82
164.png,75
164.png,75
164.png,31
164.png,63
165.png,81
165.png,31
165.png,65
165.png,48
165.png,39
165.png,30
165.png,17
165.png,19
165.png,39
165.png,57
166.png,22
166.png,8
166.png,15
166.png,4
166.png,54
166.png,13
166.png,34
166.png,11
166.png,16
166.png,44
167.png,100
167.png,8
167.png,71
167.png,100
167.png,14
167.png,95
167.png,53
167.png,34
167.png,100
167.png,95
168.png,45
168.png,69
168.png,64
168.png,60
168.png,62
168.png,67
168.png,100
168.png,87
168.png,98
168.png,60
169.png,75
169.png,93
169.png,82
169.png,81
169.png,52
169.png,74
169.png,69
169.png,56
169.png,87
169.png,66
170.png,63
170.png,43
170.png,81
170.png,78
170.png,77
170.png,15
170.png,84
170.png,40
170.png,63
170.png,37
171.png,12
171.png,2
171.png,8
171.png,19
171.png,57
171.png,33
171.png,13
171.png,4
171.png,16
171.png,20
172.png,21
172.png,40
172.png,4
172.png,25
172.png,69
172.png,88
172.png,82
172.png,56
172.png,43
172.png,50
173.png,35
173.png,55
173.png,65
173.png,63
173.png,59
173.png,8
173.png,59
173.png,26
173.png,32
173.png,39
174.png,32
174.png,36
174.png,69
174.png,66
174.png,58
174.png,91
174.png,60
174.png,86
174.png,36
174.png,63
175.png,63
175.png,22
175.png,18
175.png,32
175.png,34
175.png,15
175.png,81
175.png,14
175.png,36
175.png,19
176.png,7
176.png,8
176.png,10
176.png,9
176.png,30
176.png,7
176.png,12
176.png,4
176.png,11
176.png,65
177.png,70
177.png,80
177.png,67
177.png,75
177.png,78
177.png,91
177.png,10
177.png,39
177.png,67
177.png,52
178.png,74
178.png,54
178.png,30
178.png,15
178.png,24
178.png,36
178.png,19
178.png,43
178.png,45
178.png,0
179.png,77
179.png,68
179.png,69
179.png,96
179.png,95
179.png,100
179.png,100
179.png,70
179.png,85
179.png,61
180.png,85
180.png,17
180.png,52
180.png,75
180.png,17
180.png,72
180.png,85
180.png,68
180.png,58
180.png,77
181.png,92
181.png,100
181.png,100
181.png,66
181.png,64
181.png,76
181.png,85
181.png,73
181.png,80
181.png,99
182.png,93
182.png,87
182.png,100
182.png,92
182.png,100
182.png,100
182.png,52
182.png,83
182.png,93
182.png,27
183.png,72
183.png,67
183.png,65
183.png,53
183.png,88
183.png,66
183.png,49
183.png,90
183.png,100
183.png,92
184.png,70
184.png,16
184.png,57
184.png,7
184.png,26
184.png,62
184.png,38
184.png,9
184.png,13
184.png,12
185.png,85
185.png,78
185.png,90
185.png,62
185.png,58
185.png,74
185.png,77
185.png,24
185.png,80
185.png,61
186.png,54
186.png,64
186.png,69
186.png,83
186.png,78
186.png,55
186.png,73
186.png,57
186.png,71
186.png,81
187.png,77
187.png,93
187.png,86
187.png,79
187.png,67
187.png,90
187.png,88
187.png,54
187.png,100
187.png,76
188.png,0
188.png,41
188.png,28
188.png,25
188.png,33
188.png,32
188.png,20
188.png,27
188.png,8
188.png,24
189.png,73
189.png,86
189.png,99
189.png,64
189.png,65
189.png,53
189.png,61
189.png,71
189.png,56
189.png,68
190.png,100
190.png,87
190.png,69
190.png,73
190.png,33
190.png,85
190.png,48
190.png,100
190.png,59
190.png,70
191.png,4
191.png,17
191.png,9
191.png,5
191.png,26
191.png,44
191.png,5
191.png,8
191.png,16
191.png,21
192.png,12
192.png,3
192.png,5
192.png,13
192.png,26
192.png,33
192.png,26
192.png,32
192.png,25
192.png,56
193.png,100
193.png,80
193.png,87
193.png,65
193.png,82
193.png,80
193.png,58
193.png,43
193.png,65
193.png,72
194.png,90
194.png,38
194.png,38
194.png,58
194.png,43
194.png,24
194.png,89
194.png,50
194.png,6
194.png,8
195.png,2
195.png,8
195.png,16
195.png,18
195.png,30
195.png,12
195.png,19
195.png,6
195.png,4
195.png,17
196.png,33
196.png,42
196.png,23
196.png,82
196.png,23
196.png,75
196.png,97
196.png,79
196.png,97
196.png,74
197.png,82
197.png,76
197.png,98
197.png,91
197.png,71
197.png,47
197.png,73
197.png,87
197.png,75
197.png,93
198.png,62
198.png,52
198.png,63
198.png,81
198.png,25
198.png,92
198.png,64
198.png,65
198.png,99
198.png,91
199.png,7
199.png,26
199.png,1
199.png,7
199.png,28
199.png,4
199.png,26
199.png,22
199.png,55
199.png,11
200.png,10
200.png,6
200.png,24
200.png,4
200.png,31
200.png,29
200.png,43
200.png,25
200.png,6
200.png,18
201.png,19
201.png,86
201.png,79
201.png,67
201.png,25
201.png,46
201.png,23
201.png,20
201.png,59
201.png,26
202.png,58
202.png,41
202.png,32
202.png,40
202.png,61
202.png,59
202.png,49
202.png,71
202.png,41
202.png,63
203.png,87
203.png,60
203.png,80
203.png,98
203.png,48
203.png,86
203.png,95
203.png,88
203.png,94
203.png,84
204.png,53
204.png,77
204.png,84
204.png,84
204.png,74
204.png,87
204.png,83
204.png,86
204.png,75
204.png,85
205.png,20
205.png,6
205.png,33
205.png,2
205.png,5
205.png,19
205.png,9
205.png,19
205.png,63
205.png,6
206.png,34
206.png,40
206.png,52
206.png,3
206.png,57
206.png,43
206.png,69
206.png,10
206.png,41
206.png,11
207.png,66
207.png,75
207.png,52
207.png,87
207.png,77
207.png,80
207.png,99
207.png,95
207.png,74
207.png,91
208.png,65
208.png,43
208.png,37
208.png,40
208.png,42
208.png,55
208.png,41
208.png,65
208.png,86
208.png,69
209.png,21
209.png,46
209.png,63
209.png,15
209.png,5
209.png,52
209.png,43
209.png,18
209.png,87
209.png,42
210.png,43
210.png,66
210.png,43
210.png,11
210.png,36
210.png,5
210.png,61
210.png,19
210.png,37
210.png,36
211.png,56
211.png,27
211.png,19
211.png,16
211.png,63
211.png,35
211.png,34
211.png,42
211.png,9
211.png,19
212.png,27
212.png,38
212.png,13
212.png,26
212.png,61
212.png,11
212.png,11
212.png,7
212.png,43
212.png,3
213.png,26
213.png,85
213.png,53
213.png,62
213.png,44
213.png,42
213.png,89
213.png,50
213.png,79
213.png,41
214.png,79
214.png,38
214.png,9
214.png,35
214.png,25
214.png,39
214.png,13
214.png,31
214.png,40
214.png,22
215.png,77
215.png,70
215.png,38
215.png,60
215.png,83
215.png,40
215.png,83
215.png,82
215.png,46
215.png,75
216.png,14
216.png,14
216.png,33
216.png,3
216.png,25
216.png,19
216.png,16
216.png,25
216.png,17
216.png,7
217.png,38
217.png,36
217.png,76
217.png,75
217.png,37
217.png,66
217.png,38
217.png,34
217.png,32
217.png,63
218.png,26
218.png,6
218.png,6
218.png,66
218.png,63
218.png,18
218.png,4
218.png,63
218.png,23
218.png,3
219.png,19
219.png,15
219.png,4
219.png,18
219.png,24
219.png,43
219.png,9
219.png,13
219.png,1
219.png,17
220.png,40
220.png,17
220.png,10
220.png,53
220.png,45
220.png,25
220.png,8
220.png,14
220.png,23
220.png,24
221.png,63
221.png,49
221.png,77
221.png,44
221.png,65
221.png,98
221.png,95
221.png,7
221.png,82
221.png,65
222.png,57
222.png,15
222.png,76
222.png,21
222.png,57
222.png,59
222.png,75
222.png,54
222.png,76
222.png,44
223.png,66
223.png,56
223.png,52
223.png,16
223.png,58
223.png,59
223.png,62
223.png,12
223.png,62
223.png,79
224.png,61
224.png,77
224.png,67
224.png,65
224.png,74
224.png,73
224.png,69
224.png,84
224.png,95
224.png,63
225.png,12
225.png,30
225.png,8
225.png,10
225.png,26
225.png,25
225.png,23
225.png,21
225.png,40
225.png,8
226.png,51
226.png,56
226.png,9
226.png,31
226.png,25
226.png,15
226.png,12
226.png,29
226.png,21
226.png,18
227.png,31
227.png,21
227.png,41
227.png,21
227.png,4
227.png,44
227.png,20
227.png,4
227.png,3
227.png,21
228.png,63
228.png,61
228.png,72
228.png,88
228.png,45
228.png,74
228.png,68
228.png,58
228.png,86
228.png,58
229.png,69
229.png,61
229.png,22
229.png,9
229.png,29
229.png,37
229.png,4
229.png,10
229.png,32
229.png,49
230.png,60
230.png,100
230.png,100
230.png,63
230.png,60
230.png,85
230.png,46
230.png,73
230.png,94
230.png,82
231.png,52
231.png,79
231.png,33
231.png,36
231.png,62
231.png,21
231.png,41
231.png,30
231.png,83
231.png,50
232.png,28
232.png,26
232.png,66
232.png,25
232.png,6
232.png,6
232.png,87
232.png,36
232.png,14
232.png,24
233.png,100
233.png,50
233.png,70
233.png,68
233.png,87
233.png,17
233.png,69
233.png,54
233.png,65
233.png,88
234.png,83
234.png,11
234.png,79
234.png,72
234.png,73
234.png,62
234.png,100
234.png,89
234.png,40
234.png,72
235.png,27
235.png,16
235.png,24
235.png,20
235.png,17
235.png,34
235.png,70
235.png,34
235.png,9
235.png,41
236.png,55
236.png,86
236.png,79
236.png,63
236.png,89
236.png,34
236.png,31
236.png,77
236.png,81
236.png,87
237.png,35
237.png,65
237.png,60
237.png,34
237.png,55
237.png,86
237.png,40
237.png,24
237.png,37
237.png,62
238.png,40
238.png,32
238.png,39
238.png,26
238.png,23
238.png,27
238.png,33
238.png,30
238.png,30
238.png,31
239.png,56
239.png,37
239.png,16
239.png,7
239.png,27
239.png,5
239.png,16
239.png,6
239.png,8
239.png,1
240.png,52
240.png,4
240.png,21
240.png,32
240.png,45
240.png,25
240.png,36
240.png,37
240.png,57
240.png,79
241.png,69
241.png,79
241.png,51
241.png,70
241.png,37
241.png,73
241.png,85
241.png,77
241.png,60
241.png,70
242.png,22
242.png,13
242.png,13
242.png,5
242.png,29
242.png,23
242.png,59
242.png,57
242.png,25
242.png,20
243.png,11
243.png,11
243.png,21
243.png,13
243.png,35
243.png,31
243.png,4
243.png,0
243.png,33
243.png,33
244.png,12
244.png,37
244.png,0
244.png,25
244.png,30
244.png,31
244.png,57
244.png,38
244.png,30
244.png,59
245.png,33
245.png,27
245.png,76
245.png,15
245.png,64
245.png,66
245.png,34
245.png,24
245.png,76
245.png,68
246.png,67
246.png,71
246.png,33
246.png,84
246.png,69
246.png,96
246.png,95
246.png,25
246.png,75
246.png,70
247.png,76
247.png,83
247.png,75
247.png,28
247.png,14
247.png,75
247.png,77
247.png,66
247.png,22
247.png,79
248.png,6
248.png,24
248.png,42
248.png,4
248.png,53
248.png,1
248.png,19
248.png,34
248.png,18
248.png,5
249.png,60
249.png,88
249.png,24
249.png,31
249.png,49
249.png,46
249.png,34
249.png,66
249.png,79
249.png,79
250.png,14
250.png,55
250.png,30
250.png,58
250.png,45
250.png,74
250.png,80
250.png,68
250.png,61
250.png,46
251.png,78
251.png,37
251.png,82
251.png,85
251.png,44
251.png,59
251.png,80
251.png,67
251.png,44
251.png,26
252.png,84
252.png,89
252.png,90
252.png,20
252.png,87
252.png,93
252.png,37
252.png,67
252.png,51
252.png,87
253.png,43
253.png,35
253.png,81
253.png,67
253.png,36
253.png,81
253.png,34
253.png,62
253.png,88
253.png,68
254.png,59
254.png,90
254.png,87
254.png,40
254.png,67
254.png,79
254.png,94
254.png,41
254.png,21
254.png,23
255.png,73
255.png,60
255.png,55
255.png,26
255.png,34
255.png,16
255.png,25
255.png,40
255.png,47
255.png,36
256.png,27
256.png,58
256.png,49
256.png,49
256.png,11
256.png,37
256.png,13
256.png,18
256.png,41
256.png,37
257.png,37
257.png,76
257.png,71
257.png,79
257.png,21
257.png,91
257.png,80
257.png,55
257.png,55
257.png,85
258.png,75
258.png,41
258.png,88
258.png,78
258.png,85
258.png,83
258.png,70
258.png,85
258.png,90
258.png,83
259.png,50
259.png,72
259.png,39
259.png,29
259.png,45
259.png,42
259.png,58
259.png,48
259.png,33
259.png,75
260.png,85
260.png,83
260.png,90
260.png,83
260.png,18
260.png,78
260.png,92
260.png,75
260.png,74
260.png,82
261.png,86
261.png,52
261.png,79
261.png,71
261.png,43
261.png,86
261.png,78
261.png,35
261.png,75
261.png,74
262.png,10
262.png,10
262.png,63
262.png,22
262.png,51
262.png,6
262.png,36
262.png,50
262.png,34
262.png,9
263.png,41
263.png,79
263.png,35
263.png,21
263.png,34
263.png,12
263.png,28
263.png,22
263.png,24
263.png,23
264.png,37
264.png,25
264.png,0
264.png,13
264.png,19
264.png,0
264.png,2
264.png,0
264.png,8
264.png,9
265.png,65
265.png,73
265.png,62
265.png,100
265.png,75
265.png,79
265.png,59
265.png,21
265.png,66
265.png,7
266.png,48
266.png,90
266.png,83
266.png,100
266.png,66
266.png,59
266.png,86
266.png,62
266.png,77
266.png,81
267.png,59
267.png,29
267.png,23
267.png,74
267.png,26
267.png,18
267.png,61
267.png,9
267.png,29
267.png,3
268.png,88
268.png,30
268.png,90
268.png,80
268.png,91
268.png,61
268.png,81
268.png,72
268.png,51
268.png,88
269.png,91
269.png,75
269.png,71
269.png,88
269.png,90
269.png,5
269.png,60
269.png,99
269.png,87
269.png,60
270.png,27
270.png,17
270.png,6
270.png,2
270.png,25
270.png,0
270.png,11
270.png,3
270.png,5
270.png,16
271.png,44
271.png,18
271.png,22
271.png,47
271.png,77
271.png,27
271.png,77
271.png,34
271.png,34
271.png,68
272.png,71
272.png,95
272.png,91
272.png,65
272.png,93
272.png,36
272.png,92
272.png,70
272.png,77
272.png,65
273.png,31
273.png,38
273.png,23
273.png,18
273.png,26
273.png,39
273.png,57
273.png,63
273.png,60
273.png,55
274.png,85
274.png,34
274.png,98
274.png,72
274.png,28
274.png,87
274.png,90
274.png,84
274.png,42
274.png,50
275.png,84
275.png,73
275.png,59
275.png,65
275.png,93
275.png,72
275.png,100
275.png,87
275.png,97
275.png,30
276.png,24
276.png,28
276.png,81
276.png,89
276.png,60
276.png,54
276.png,93
276.png,100
276.png,89
276.png,65
277.png,57
277.png,17
277.png,31
277.png,71
277.png,35
277.png,2
277.png,24
277.png,24
277.png,30
277.png,33
278.png,37
278.png,28
278.png,20
278.png,8
278.png,14
278.png,16
278.png,43
278.png,11
278.png,48
278.png,45
279.png,17
279.png,69
279.png,0
279.png,6
279.png,13
279.png,28
279.png,16
279.png,65
279.png,15
279.png,12
280.png,35
280.png,77
280.png,12
280.png,64
280.png,49
280.png,85
280.png,61
280.png,34
280.png,19
280.png,74
281.png,10
281.png,2
281.png,13
281.png,68
281.png,6
281.png,22
281.png,13
281.png,29
281.png,45
281.png,13
282.png,58
282.png,41
282.png,52
282.png,70
282.png,77
282.png,24
282.png,89
282.png,46
282.png,25
282.png,21
283.png,69
283.png,26
283.png,97
283.png,96
283.png,79
283.png,47
283.png,59
283.png,97
283.png,87
283.png,100
284.png,22
284.png,71
284.png,67
284.png,67
284.png,59
284.png,22
284.png,66
284.png,12
284.png,75
284.png,12
285.png,71
285.png,64
285.png,63
285.png,10
285.png,55
285.png,69
285.png,70
285.png,80
285.png,70
285.png,93
286.png,15
286.png,67
286.png,67
286.png,34
286.png,65
286.png,37
286.png,87
286.png,26
286.png,80
286.png,19
287.png,57
287.png,88
287.png,87
287.png,62
287.png,49
287.png,62
287.png,19
287.png,88
287.png,71
287.png,100
288.png,50
288.png,100
288.png,100
288.png,73
288.png,99
288.png,80
288.png,66
288.png,88
288.png,80
288.png,87
289.png,65
289.png,29
289.png,69
289.png,79
289.png,90
289.png,100
289.png,62
289.png,89
289.png,92
289.png,75
290.png,9
290.png,19
290.png,7
290.png,38
290.png,45
290.png,25
290.png,12
290.png,59
290.png,0
290.png,70
291.png,65
291.png,0
291.png,50
291.png,11
291.png,60
291.png,0
291.png,93
291.png,18
291.png,57
291.png,36
292.png,79
292.png,83
292.png,61
292.png,3
292.png,74
292.png,74
292.png,94
292.png,97
292.png,54
292.png,100
293.png,63
293.png,74
293.png,27
293.png,62
293.png,70
293.png,34
293.png,89
293.png,94
293.png,91
293.png,76
294.png,54
294.png,26
294.png,87
294.png,50
294.png,27
294.png,29
294.png,38
294.png,0
294.png,25
294.png,0
295.png,48
295.png,49
295.png,25
295.png,6
295.png,18
295.png,50
295.png,46
295.png,56
295.png,41
295.png,76
296.png,52
296.png,20
296.png,0
296.png,45
296.png,23
296.png,74
296.png,6
296.png,54
296.png,36
296.png,94
297.png,75
297.png,68
297.png,91
297.png,100
297.png,88
297.png,94
297.png,58
297.png,76
297.png,0
297.png,75
298.png,2
298.png,21
298.png,0
298.png,12
298.png,11
298.png,14
298.png,60
298.png,1
298.png,0
298.png,16
299.png,34
299.png,37
299.png,13
299.png,7
299.png,0
299.png,0
299.png,0
299.png,66
299.png,18
299.png,50
300.png,40
300.png,28
300.png,32
300.png,24
300.png,15
300.png,42
300.png,22
300.png,51
300.png,9
300.png,25
301.png,87
301.png,100
301.png,99
301.png,100
301.png,89
301.png,0
301.png,89
301.png,92
301.png,76
301.png,71
302.png,21
302.png,0
302.png,7
302.png,0
302.png,55
302.png,3
302.png,7
302.png,0
302.png,66
302.png,66
303.png,72
303.png,0
303.png,100
303.png,100
303.png,100
303.png,83
303.png,96
303.png,83
303.png,92
303.png,73
304.png,5
304.png,0
304.png,0
304.png,4
304.png,4
304.png,0
304.png,0
304.png,0
304.png,0
304.png,4
305.png,24
305.png,12
305.png,14
305.png,13
305.png,0
305.png,42
305.png,21
305.png,17
305.png,6
305.png,2
306.png,55
306.png,38
306.png,68
306.png,22
306.png,44
306.png,73
306.png,60
306.png,10
306.png,0
306.png,69
307.png,32
307.png,23
307.png,65
307.png,38
307.png,24
307.png,4
307.png,60
307.png,12
307.png,25
307.png,27
308.png,94
308.png,65
308.png,74
308.png,0
308.png,53
308.png,100
308.png,100
308.png,96
308.png,75
308.png,43
309.png,37
309.png,0
309.png,71
309.png,7
309.png,0
309.png,8
309.png,36
309.png,8
309.png,69
309.png,69
310.png,40
310.png,9
310.png,6
310.png,40
310.png,4
310.png,38
310.png,21
310.png,97
310.png,20
310.png,39
311.png,99
311.png,89
311.png,100
311.png,81
311.png,79
311.png,82
311.png,0
311.png,79
311.png,93
311.png,93
312.png,3
312.png,2
312.png,17
312.png,39
312.png,6
312.png,0
312.png,78
312.png,5
312.png,0
312.png,13
313.png,36
313.png,0
313.png,13
313.png,0
313.png,0
313.png,25
313.png,56
313.png,56
313.png,34
313.png,0
314.png,100
314.png,81
314.png,100
314.png,75
314.png,87
314.png,67
314.png,96
314.png,97
314.png,81
314.png,89
315.png,32
315.png,24
315.png,43
315.png,9
315.png,11
315.png,40
315.png,63
315.png,64
315.png,0
315.png,69
316.png,63
316.png,87
316.png,85
316.png,67
316.png,100
316.png,96
316.png,60
316.png,76
316.png,81
316.png,100
317.png,11
317.png,67
317.png,85
317.png,0
317.png,50
317.png,4
317.png,84
317.png,27
317.png,34
317.png,30
318.png,79
318.png,79
318.png,83
318.png,44
318.png,10
318.png,40
318.png,77
318.png,67
318.png,75
318.png,64
319.png,36
319.png,40
319.png,3
319.png,3
319.png,35
319.png,66
319.png,9
319.png,0
319.png,43
319.png,13
320.png,81
320.png,88
320.png,100
320.png,83
320.png,72
320.png,65
320.png,0
320.png,100
320.png,70
320.png,81
321.png,66
321.png,95
321.png,63
321.png,74
321.png,82
321.png,50
321.png,79
321.png,52
321.png,88
321.png,100
322.png,30
322.png,4
322.png,37
322.png,55
322.png,20
322.png,11
322.png,38
322.png,8
322.png,0
322.png,35
323.png,13
323.png,37
323.png,49
323.png,53
323.png,69
323.png,3
323.png,13
323.png,20
323.png,0
323.png,7
324.png,11
324.png,42
324.png,33
324.png,33
324.png,40
324.png,37
324.png,58
324.png,30
324.png,21
324.png,53
325.png,85
325.png,100
325.png,88
325.png,100
325.png,82
325.png,81
325.png,75
325.png,82
325.png,0
325.png,84
326.png,51
326.png,73
326.png,92
326.png,100
326.png,61
326.png,88
326.png,60
326.png,100
326.png,100
326.png,100
327.png,54
327.png,90
327.png,25
327.png,18
327.png,25
327.png,59
327.png,0
327.png,18
327.png,51
327.png,79
328.png,100
328.png,10
328.png,86
328.png,92
328.png,91
328.png,42
328.png,64
328.png,83
328.png,81
328.png,100
329.png,82
329.png,63
329.png,55
329.png,89
329.png,58
329.png,33
329.png,82
329.png,61
329.png,98
329.png,100
330.png,100
330.png,100
330.png,89
330.png,35
330.png,69
330.png,80
330.png,55
330.png,87
330.png,84
330.png,83
331.png,94
331.png,100
331.png,100
331.png,100
331.png,90
331.png,100
331.png,90
331.png,80
331.png,0
331.png,100
332.png,84
332.png,32
332.png,47
332.png,91
332.png,100
332.png,100
332.png,61
332.png,49
332.png,66
332.png,79
333.png,41
333.png,89
333.png,25
333.png,89
333.png,25
333.png,15
333.png,25
333.png,72
333.png,33
333.png,20
334.png,61
334.png,40
334.png,19
334.png,36
334.png,57
334.png,45
334.png,13
334.png,59
334.png,60
334.png,19
335.png,63
335.png,50
335.png,15
335.png,25
335.png,59
335.png,25
335.png,82
335.png,43
335.png,21
335.png,60
336.png,17
336.png,14
336.png,24
336.png,25
336.png,70
336.png,42
336.png,70
336.png,40
336.png,44
336.png,0
337.png,5
337.png,41
337.png,24
337.png,16
337.png,24
337.png,19
337.png,24
337.png,44
337.png,50
337.png,5
338.png,9
338.png,50
338.png,63
338.png,23
338.png,84
338.png,57
338.png,10
338.png,66
338.png,37
338.png,40
339.png,65
339.png,92
339.png,74
339.png,87
339.png,17
339.png,63
339.png,93
339.png,37
339.png,100
339.png,63
340.png,17
340.png,21
340.png,21
340.png,36
340.png,28
340.png,0
340.png,16
340.png,25
340.png,25
340.png,12
341.png,76
341.png,100
341.png,88
341.png,100
341.png,37
341.png,81
341.png,56
341.png,71
341.png,100
341.png,66
342.png,98
342.png,83
342.png,58
342.png,90
342.png,85
342.png,91
342.png,83
342.png,61
342.png,96
342.png,0
343.png,80
343.png,25
343.png,0
343.png,6
343.png,29
343.png,91
343.png,60
343.png,36
343.png,50
343.png,34
344.png,75
344.png,12
344.png,88
344.png,100
344.png,64
344.png,47
344.png,88
344.png,73
344.png,75
344.png,100
345.png,52
345.png,22
345.png,0
345.png,6
345.png,16
345.png,43
345.png,89
345.png,37
345.png,50
345.png,23
346.png,81
346.png,87
346.png,93
346.png,100
346.png,96
346.png,93
346.png,100
346.png,33
346.png,100
346.png,68
347.png,17
347.png,0
347.png,0
347.png,18
347.png,0
347.png,0
347.png,0
347.png,2
347.png,25
347.png,0
348.png,8
348.png,32
348.png,0
348.png,16
348.png,18
348.png,49
348.png,37
348.png,15
348.png,97
348.png,83
349.png,100
349.png,80
349.png,100
349.png,86
349.png,100
349.png,72
349.png,100
349.png,82
349.png,100
349.png,66
350.png,77
350.png,100
350.png,79
350.png,88
350.png,100
350.png,60
350.png,44
350.png,92
350.png,57
350.png,100
351.png,32
351.png,10
351.png,21
351.png,67
351.png,19
351.png,22
351.png,24
351.png,69
351.png,26
351.png,0
352.png,0
352.png,73
352.png,73
352.png,0
352.png,42
352.png,35
352.png,19
352.png,86
352.png,16
352.png,46
353.png,50
353.png,0
353.png,12
353.png,0
353.png,39
353.png,37
353.png,4
353.png,74
353.png,9
353.png,32
354.png,42
354.png,24
354.png,28
354.png,36
354.png,11
354.png,65
354.png,58
354.png,77
354.png,7
354.png,16
355.png,0
355.png,53
355.png,63
355.png,17
355.png,0
355.png,33
355.png,3
355.png,24
355.png,56
355.png,36
356.png,25
356.png,37
356.png,0
356.png,48
356.png,58
356.png,47
356.png,46
356.png,22
356.png,54
356.png,46
357.png,2
357.png,0
357.png,23
357.png,32
357.png,0
357.png,7
357.png,13
357.png,11
357.png,22
357.png,22
358.png,35
358.png,25
358.png,14
358.png,0
358.png,40
358.png,8
358.png,21
358.png,13
358.png,6
358.png,18
359.png,33
359.png,42
359.png,0
359.png,66
359.png,34
359.png,73
359.png,7
359.png,22
359.png,15
359.png,60
360.png,27
360.png,15
360.png,100
360.png,86
360.png,50
360.png,50
360.png,25
360.png,25
360.png,62
360.png,63
361.png,69
361.png,9
361.png,33
361.png,17
361.png,57
361.png,17
361.png,6
361.png,62
361.png,17
361.png,72
362.png,40
362.png,13
362.png,10
362.png,68
362.png,36
362.png,26
362.png,21
362.png,50
362.png,23
362.png,0
363.png,63
363.png,56
363.png,88
363.png,82
363.png,0
363.png,39
363.png,89
363.png,50
363.png,45
363.png,67
364.png,31
364.png,0
364.png,0
364.png,30
364.png,3
364.png,5
364.png,0
364.png,18
364.png,79
364.png,10
365.png,0
365.png,0
365.png,0
365.png,14
365.png,25
365.png,12
365.png,7
365.png,46
365.png,25
365.png,7
366.png,100
366.png,91
366.png,87
366.png,86
366.png,72
366.png,4
366.png,95
366.png,84
366.png,94
366.png,100
367.png,100
367.png,100
367.png,94
367.png,83
367.png,95
367.png,100
367.png,89
367.png,83
367.png,99
367.png,100
368.png,0
368.png,74
368.png,69
368.png,46
368.png,97
368.png,73
368.png,74
368.png,88
368.png,28
368.png,54
369.png,10
369.png,13
369.png,0
369.png,25
369.png,24
369.png,45
369.png,14
369.png,45
369.png,33
369.png,57
370.png,0
370.png,18
370.png,18
370.png,100
370.png,11
370.png,24
370.png,5
370.png,37
370.png,24
370.png,39
371.png,52
371.png,77
371.png,95
371.png,80
371.png,70
371.png,54
371.png,84
371.png,61
371.png,59
371.png,43
372.png,50
372.png,95
372.png,39
372.png,61
372.png,6
372.png,49
372.png,75
372.png,28
372.png,0
372.png,34
373.png,24
373.png,100
373.png,25
373.png,39
373.png,9
373.png,18
373.png,0
373.png,78
373.png,0
373.png,71
374.png,25
374.png,41
374.png,40
374.png,8
374.png,50
374.png,7
374.png,0
374.png,63
374.png,0
374.png,5
375.png,7
375.png,29
375.png,77
375.png,86
375.png,21
375.png,63
375.png,13
375.png,0
375.png,11
375.png,0
376.png,50
376.png,57
376.png,37
376.png,32
376.png,47
376.png,36
376.png,34
376.png,40
376.png,46
376.png,0
377.png,30
377.png,25
377.png,47
377.png,71
377.png,25
377.png,28
377.png,8
377.png,36
377.png,2
377.png,8
378.png,8
378.png,14
378.png,42
378.png,55
378.png,62
378.png,0
378.png,7
378.png,44
378.png,10
378.png,12
379.png,37
379.png,93
379.png,57
379.png,89
379.png,87
379.png,69
379.png,91
379.png,100
379.png,81
379.png,0
380.png,17
380.png,75
380.png,15
380.png,76
380.png,14
380.png,0
380.png,57
380.png,52
380.png,0
380.png,1
381.png,76
381.png,14
381.png,14
381.png,0
381.png,15
381.png,88
381.png,50
381.png,76
381.png,37
381.png,0
382.png,56
382.png,1
382.png,74
382.png,58
382.png,12
382.png,2
382.png,89
382.png,11
382.png,0
382.png,15
383.png,99
383.png,45
383.png,74
383.png,37
383.png,75
383.png,100
383.png,100
383.png,88
383.png,85
383.png,81
384.png,11
384.png,56
384.png,58
384.png,0
384.png,60
384.png,21
384.png,50
384.png,0
384.png,44
384.png,0
385.png,95
385.png,90
385.png,98
385.png,100
385.png,91
385.png,36
385.png,100
385.png,75
385.png,100
385.png,79
386.png,6
386.png,63
386.png,0
386.png,90
386.png,59
386.png,76
386.png,100
386.png,100
386.png,84
386.png,100
387.png,86
387.png,81
387.png,69
387.png,40
387.png,41
387.png,5
387.png,45
387.png,36
387.png,25
387.png,4
388.png,29
388.png,15
388.png,25
388.png,15
388.png,44
388.png,0
388.png,25
388.png,30
388.png,22
388.png,24
389.png,0
389.png,58
389.png,32
389.png,43
389.png,69
389.png,25
389.png,33
389.png,76
389.png,83
389.png,50
390.png,44
390.png,13
390.png,53
390.png,71
390.png,44
390.png,11
390.png,86
390.png,18
390.png,90
390.png,28
391.png,98
391.png,97
391.png,66
391.png,100
391.png,71
391.png,93
391.png,68
391.png,100
391.png,84
391.png,91
392.png,17
392.png,3
392.png,12
392.png,0
392.png,0
392.png,0
392.png,1
392.png,13
392.png,50
392.png,6
393.png,75
393.png,100
393.png,0
393.png,100
393.png,100
393.png,84
393.png,90
393.png,86
393.png,6
393.png,89
394.png,71
394.png,83
394.png,79
394.png,78
394.png,92
394.png,100
394.png,86
394.png,0
394.png,100
394.png,77
395.png,35
395.png,15
395.png,88
395.png,66
395.png,12
395.png,73
395.png,18
395.png,14
395.png,0
395.png,0
396.png,79
396.png,87
396.png,93
396.png,100
396.png,91
396.png,56
396.png,83
396.png,73
396.png,100
396.png,76
397.png,76
397.png,95
397.png,55
397.png,65
397.png,85
397.png,100
397.png,100
397.png,100
397.png,82
397.png,100
398.png,57
398.png,62
398.png,12
398.png,10
398.png,75
398.png,43
398.png,34
398.png,31
398.png,44
398.png,37
399.png,92
399.png,84
399.png,82
399.png,91
399.png,100
399.png,69
399.png,62
399.png,83
399.png,89
399.png,74
400.png,0
400.png,83
400.png,100
400.png,88
400.png,90
400.png,85
400.png,77
400.png,74
400.png,62
400.png,83
401.png,65
401.png,98
401.png,57
401.png,75
401.png,94
401.png,83
401.png,90
401.png,89
401.png,88
401.png,77
402.png,56
402.png,44
402.png,42
402.png,77
402.png,8
402.png,41
402.png,0
402.png,48
402.png,11
402.png,13
403.png,7
403.png,45
403.png,86
403.png,0
403.png,41
403.png,26
403.png,0
403.png,4
403.png,4
403.png,35
404.png,35
404.png,49
404.png,75
404.png,57
404.png,75
404.png,68
404.png,100
404.png,1
404.png,56
404.png,81
405.png,33
405.png,73
405.png,49
405.png,54
405.png,16
405.png,19
405.png,7
405.png,84
405.png,66
405.png,0
406.png,21
406.png,5
406.png,30
406.png,38
406.png,25
406.png,9
406.png,18
406.png,44
406.png,27
406.png,0
407.png,9
407.png,0
407.png,24
407.png,8
407.png,42
407.png,52
407.png,12
407.png,41
407.png,14
407.png,7
408.png,74
408.png,53
408.png,61
408.png,29
408.png,0
408.png,100
408.png,4
408.png,15
408.png,24
408.png,85
409.png,100
409.png,100
409.png,92
409.png,92
409.png,75
409.png,65
409.png,94
409.png,94
409.png,71
409.png,100
410.png,7
410.png,35
410.png,13
410.png,22
410.png,0
410.png,26
410.png,7
410.png,25
410.png,40
410.png,44
411.png,19
411.png,2
411.png,0
411.png,0
411.png,5
411.png,17
411.png,0
411.png,48
411.png,25
411.png,67
412.png,100
412.png,29
412.png,44
412.png,73
412.png,83
412.png,0
412.png,25
412.png,27
412.png,34
412.png,64
413.png,3
413.png,0
413.png,12
413.png,71
413.png,24
413.png,73
413.png,89
413.png,39
413.png,12
413.png,41
414.png,23
414.png,41
414.png,45
414.png,20
414.png,7
414.png,9
414.png,30
414.png,66
414.png,25
414.png,29
415.png,68
415.png,60
415.png,46
415.png,70
415.png,65
415.png,25
415.png,78
415.png,54
415.png,59
415.png,60
416.png,32
416.png,98
416.png,96
416.png,100
416.png,82
416.png,100
416.png,100
416.png,60
416.png,60
416.png,100
417.png,32
417.png,9
417.png,73
417.png,23
417.png,58
417.png,2
417.png,0
417.png,18
417.png,57
417.png,8
418.png,25
418.png,24
418.png,29
418.png,11
418.png,36
418.png,50
418.png,61
418.png,64
418.png,37
418.png,38
419.png,89
419.png,0
419.png,94
419.png,80
419.png,100
419.png,100
419.png,85
419.png,100
419.png,100
419.png,79
420.png,45
420.png,50
420.png,93
420.png,0
420.png,72
420.png,48
420.png,85
420.png,28
420.png,100
420.png,90
421.png,74
421.png,77
421.png,79
421.png,90
421.png,90
421.png,100
421.png,65
421.png,69
421.png,96
421.png,74
422.png,73
422.png,39
422.png,60
422.png,96
422.png,95
422.png,51
422.png,50
422.png,100
422.png,37
422.png,99
423.png,13
423.png,49
423.png,36
423.png,25
423.png,15
423.png,6
423.png,25
423.png,0
423.png,19
423.png,23
424.png,74
424.png,25
424.png,59
424.png,14
424.png,24
424.png,4
424.png,74
424.png,13
424.png,39
424.png,28
425.png,99
425.png,87
425.png,100
425.png,0
425.png,96
425.png,76
425.png,100
425.png,94
425.png,55
425.png,100
426.png,93
426.png,92
426.png,100
426.png,63
426.png,74
426.png,50
426.png,58
426.png,82
426.png,100
426.png,61
427.png,87
427.png,64
427.png,76
427.png,68
427.png,77
427.png,67
427.png,69
427.png,85
427.png,80
427.png,95
428.png,40
428.png,24
428.png,51
428.png,97
428.png,81
428.png,75
428.png,27
428.png,40
428.png,50
428.png,25
429.png,77
429.png,75
429.png,66
429.png,74
429.png,92
429.png,81
429.png,100
429.png,41
429.png,95
429.png,100
430.png,20
430.png,7
430.png,91
430.png,54
430.png,0
430.png,82
430.png,0
430.png,2
430.png,34
430.png,63
431.png,58
431.png,92
431.png,87
431.png,95
431.png,85
431.png,69
431.png,66
431.png,56
431.png,67
431.png,100
432.png,0
432.png,49
432.png,6
432.png,23
432.png,3
432.png,21
432.png,7
432.png,0
432.png,18
432.png,7
433.png,1
433.png,6
433.png,23
433.png,70
433.png,5
433.png,55
433.png,10
433.png,24
433.png,0
433.png,33
434.png,100
434.png,100
434.png,82
434.png,100
434.png,81
434.png,79
434.png,86
434.png,5
434.png,100
434.png,0
435.png,12
435.png,13
435.png,18
435.png,50
435.png,11
435.png,34
435.png,18
435.png,70
435.png,29
435.png,50
436.png,50
436.png,100
436.png,67
436.png,23
436.png,75
436.png,89
436.png,63
436.png,22
436.png,62
436.png,100
437.png,75
437.png,64
437.png,79
437.png,76
437.png,87
437.png,66
437.png,64
437.png,76
437.png,62
437.png,62
438.png,50
438.png,86
438.png,100
438.png,100
438.png,50
438.png,100
438.png,83
438.png,76
438.png,72
438.png,65
439.png,23
439.png,25
439.png,39
439.png,81
439.png,100
439.png,20
439.png,25
439.png,88
439.png,51
439.png,18
440.png,100
440.png,76
440.png,100
440.png,61
440.png,39
440.png,25
440.png,65
440.png,78
440.png,35
440.png,100
441.png,23
441.png,82
441.png,50
441.png,83
441.png,90
441.png,62
441.png,100
441.png,32
441.png,75
441.png,83
442.png,71
442.png,78
442.png,49
442.png,27
442.png,100
442.png,100
442.png,100
442.png,91
442.png,82
442.png,76
443.png,100
443.png,86
443.png,100
443.png,0
443.png,85
443.png,100
443.png,50
443.png,25
443.png,48
443.png,100
444.png,90
444.png,100
444.png,100
444.png,86
444.png,100
444.png,100
444.png,50
444.png,88
444.png,84
444.png,0
445.png,24
445.png,50
445.png,44
445.png,65
445.png,67
445.png,86
445.png,58
445.png,35
445.png,74
445.png,37
446.png,79
446.png,68
446.png,64
446.png,69
446.png,100
446.png,86
446.png,100
446.png,70
446.png,94
446.png,74
447.png,27
447.png,25
447.png,34
447.png,9
447.png,0
447.png,78
447.png,50
447.png,0
447.png,7
447.png,12
448.png,19
448.png,24
448.png,86
448.png,50
448.png,50
448.png,15
448.png,25
448.png,10
448.png,50
448.png,17
449.png,100
449.png,100
449.png,68
449.png,23
449.png,14
449.png,67
449.png,92
449.png,49
449.png,75
449.png,50
450.png,100
450.png,100
450.png,75
450.png,100
450.png,63
450.png,93
450.png,79
450.png,17
450.png,66
450.png,100
451.png,69
451.png,80
451.png,100
451.png,78
451.png,85
451.png,68
451.png,100
451.png,71
451.png,72
451.png,62
452.png,6
452.png,67
452.png,50
452.png,87
452.png,84
452.png,62
452.png,85
452.png,71
452.png,100
452.png,83
453.png,100
453.png,75
453.png,6
453.png,82
453.png,100
453.png,93
453.png,81
453.png,50
453.png,24
453.png,100
454.png,69
454.png,9
454.png,100
454.png,50
454.png,16
454.png,15
454.png,29
454.png,74
454.png,90
454.png,74
455.png,85
455.png,100
455.png,94
455.png,93
455.png,100
455.png,78
455.png,100
455.png,66
455.png,100
455.png,64
456.png,100
456.png,100
456.png,35
456.png,90
456.png,100
456.png,79
456.png,99
456.png,50
456.png,94
456.png,100
457.png,25
457.png,13
457.png,71
457.png,50
457.png,0
457.png,25
457.png,8
457.png,0
457.png,2
457.png,6
458.png,51
458.png,24
458.png,37
458.png,0
458.png,51
458.png,21
458.png,50
458.png,90
458.png,25
458.png,45
459.png,11
459.png,25
459.png,5
459.png,26
459.png,9
459.png,0
459.png,0
459.png,74
459.png,50
459.png,10
460.png,80
460.png,70
460.png,72
460.png,79
460.png,81
460.png,88
460.png,76
460.png,63
460.png,63
460.png,100
461.png,67
461.png,100
461.png,80
461.png,50
461.png,86
461.png,76
461.png,100
461.png,75
461.png,100
461.png,22
462.png,50
462.png,9
462.png,17
462.png,50
462.png,1
462.png,50
462.png,50
462.png,73
462.png,25
462.png,16
463.png,50
463.png,50
463.png,50
463.png,21
463.png,58
463.png,30
463.png,50
463.png,31
463.png,0
463.png,90
464.png,50
464.png,90
464.png,100
464.png,90
464.png,100
464.png,75
464.png,79
464.png,69
464.png,80
464.png,91
465.png,70
465.png,84
465.png,64
465.png,100
465.png,50
465.png,83
465.png,61
465.png,84
465.png,100
465.png,100
466.png,69
466.png,76
466.png,85
466.png,50
466.png,36
466.png,38
466.png,94
466.png,55
466.png,23
466.png,2
467.png,74
467.png,96
467.png,100
467.png,86
467.png,100
467.png,92
467.png,100
467.png,49
467.png,76
467.png,100
468.png,14
468.png,82
468.png,73
468.png,11
468.png,0
468.png,22
468.png,79
468.png,87
468.png,7
468.png,60
469.png,26
469.png,100
469.png,67
469.png,64
469.png,100
469.png,66
469.png,74
469.png,9
469.png,66
469.png,42
470.png,86
470.png,41
470.png,18
470.png,9
470.png,20
470.png,31
470.png,40
470.png,50
470.png,50
470.png,36
471.png,75
471.png,75
471.png,100
471.png,75
471.png,100
471.png,64
471.png,17
471.png,82
471.png,46
471.png,90
472.png,100
472.png,73
472.png,62
472.png,87
472.png,60
472.png,76
472.png,78
472.png,89
472.png,89
472.png,89
473.png,36
473.png,72
473.png,75
473.png,79
473.png,100
473.png,66
473.png,50
473.png,100
473.png,98
473.png,76
474.png,76
474.png,73
474.png,98
474.png,71
474.png,100
474.png,25
474.png,4
474.png,63
474.png,100
474.png,75
475.png,100
475.png,82
475.png,84
475.png,84
475.png,73
475.png,75
475.png,49
475.png,55
475.png,100
475.png,90
476.png,50
476.png,83
476.png,2
476.png,27
476.png,100
476.png,76
476.png,12
476.png,100
476.png,40
476.png,56
477.png,59
477.png,58
477.png,100
477.png,13
477.png,87
477.png,90
477.png,25
477.png,100
477.png,11
477.png,0
478.png,37
478.png,50
478.png,36
478.png,100
478.png,94
478.png,75
478.png,69
478.png,100
478.png,64
478.png,75
479.png,24
479.png,84
479.png,35
479.png,100
479.png,87
479.png,100
479.png,61
479.png,34
479.png,36
479.png,50
480.png,2
480.png,12
480.png,2
480.png,0
480.png,25
480.png,6
480.png,62
480.png,41
480.png,100
480.png,32
481.png,50
481.png,100
481.png,100
481.png,100
481.png,95
481.png,89
481.png,82
481.png,93
481.png,100
481.png,89
482.png,75
482.png,100
482.png,90
482.png,52
482.png,37
482.png,0
482.png,66
482.png,37
482.png,87
482.png,79
483.png,22
483.png,0
483.png,0
483.png,40
483.png,51
483.png,72
483.png,12
483.png,9
483.png,0
483.png,10
484.png,24
484.png,0
484.png,50
484.png,57
484.png,100
484.png,24
484.png,25
484.png,75
484.png,17
484.png,39
485.png,68
485.png,30
485.png,100
485.png,0
485.png,60
485.png,94
485.png,69
485.png,25
485.png,36
485.png,53
486.png,36
486.png,17
486.png,31
486.png,51
486.png,31
486.png,90
486.png,8
486.png,59
486.png,86
486.png,25
487.png,100
487.png,36
487.png,18
487.png,40
487.png,49
487.png,20
487.png,39
487.png,75
487.png,100
487.png,3
488.png,69
488.png,49
488.png,74
488.png,100
488.png,100
488.png,100
488.png,87
488.png,100
488.png,88
488.png,50
489.png,75
489.png,36
489.png,90
489.png,25
489.png,75
489.png,77
489.png,43
489.png,78
489.png,31
489.png,75
490.png,50
490.png,46
490.png,76
490.png,65
490.png,75
490.png,75
490.png,62
490.png,50
490.png,83
490.png,19
491.png,34
491.png,100
491.png,66
491.png,75
491.png,75
491.png,94
491.png,50
491.png,86
491.png,94
491.png,87
492.png,50
492.png,88
492.png,7
492.png,11
492.png,96
492.png,99
492.png,35
492.png,32
492.png,100
492.png,18
493.png,74
493.png,75
493.png,91
493.png,75
493.png,35
493.png,83
493.png,50
493.png,50
493.png,100
493.png,67
494.png,39
494.png,14
494.png,50
494.png,50
494.png,14
494.png,37
494.png,78
494.png,81
494.png,77
494.png,13
495.png,100
495.png,84
495.png,86
495.png,60
495.png,75
495.png,68
495.png,93
495.png,67
495.png,75
495.png,74
496.png,16
496.png,17
496.png,9
496.png,11
496.png,50
496.png,7
496.png,79
496.png,24
496.png,0
496.png,16
497.png,23
497.png,11
497.png,15
497.png,0
497.png,48
497.png,37
497.png,50
497.png,50
497.png,38
497.png,33
498.png,25
498.png,36
498.png,37
498.png,14
498.png,19
498.png,77
498.png,13
498.png,0
498.png,0
498.png,20
499.png,76
499.png,100
499.png,26
499.png,74
499.png,100
499.png,50
499.png,88
499.png,50
499.png,89
499.png,78
500.png,86
500.png,77
500.png,89
500.png,82
500.png,100
500.png,82
500.png,76
500.png,95
500.png,100
500.png,100
501.png,37
501.png,73
501.png,37
501.png,30
501.png,12
501.png,24
501.png,10
501.png,50
501.png,61
501.png,62
502.png,80
502.png,13
502.png,34
502.png,3
502.png,16
502.png,12
502.png,50
502.png,9
502.png,0
502.png,12
503.png,71
503.png,50
503.png,84
503.png,100
503.png,93
503.png,50
503.png,87
503.png,64
503.png,74
503.png,94
504.png,39
504.png,7
504.png,75
504.png,10
504.png,4
504.png,15
504.png,50
504.png,76
504.png,86
504.png,44
505.png,72
505.png,25
505.png,20
505.png,0
505.png,13
505.png,10
505.png,40
505.png,8
505.png,50
505.png,29
506.png,50
506.png,80
506.png,7
506.png,10
506.png,36
506.png,50
506.png,65
506.png,1
506.png,4
506.png,35
507.png,0
507.png,4
507.png,39
507.png,56
507.png,39
507.png,77
507.png,9
507.png,0
507.png,5
507.png,5
508.png,50
508.png,100
508.png,50
508.png,75
508.png,90
508.png,100
508.png,25
508.png,65
508.png,31
508.png,75
509.png,25
509.png,63
509.png,22
509.png,25
509.png,56
509.png,22
509.png,62
509.png,0
509.png,27
509.png,25
510.png,26
510.png,17
510.png,14
510.png,20
510.png,50
510.png,25
510.png,100
510.png,25
510.png,72
510.png,38
511.png,86
511.png,50
511.png,63
511.png,100
511.png,71
511.png,50
511.png,37
511.png,64
511.png,100
511.png,100
512.png,0
512.png,14
512.png,9
512.png,10
512.png,13
512.png,13
512.png,12
512.png,13
512.png,11
512.png,0
513.png,15
513.png,50
513.png,0
513.png,50
513.png,25
513.png,7
513.png,0
513.png,0
513.png,32
513.png,0
514.png,8
514.png,5
514.png,27
514.png,34
514.png,2
514.png,66
514.png,100
514.png,47
514.png,64
514.png,83
515.png,15
515.png,0
515.png,24
515.png,8
515.png,24
515.png,10
515.png,4
515.png,20
515.png,70
515.png,50
516.png,50
516.png,35
516.png,29
516.png,15
516.png,86
516.png,17
516.png,5
516.png,76
516.png,50
516.png,9
517.png,100
517.png,49
517.png,46
517.png,88
517.png,91
517.png,75
517.png,100
517.png,100
517.png,96
517.png,77
518.png,51
518.png,75
518.png,6
518.png,0
518.png,50
518.png,0
518.png,2
518.png,4
518.png,83
518.png,50
519.png,27
519.png,100
519.png,76
519.png,100
519.png,77
519.png,51
519.png,84
519.png,74
519.png,71
519.png,100
520.png,13
520.png,36
520.png,49
520.png,51
520.png,0
520.png,12
520.png,50
520.png,37
520.png,85
520.png,33
521.png,50
521.png,36
521.png,80
521.png,69
521.png,50
521.png,27
521.png,88
521.png,75
521.png,84
521.png,100
522.png,50
522.png,85
522.png,8
522.png,50
522.png,68
522.png,75
522.png,36
522.png,21
522.png,28
522.png,8
523.png,23
523.png,70
523.png,16
523.png,15
523.png,29
523.png,76
523.png,50
523.png,100
523.png,6
523.png,24
524.png,0
524.png,12
524.png,3
524.png,9
524.png,52
524.png,16
524.png,42
524.png,1
524.png,75
524.png,92
525.png,50
525.png,43
525.png,46
525.png,59
525.png,100
525.png,29
525.png,50
525.png,87
525.png,79
525.png,82
526.png,23
526.png,21
526.png,50
526.png,78
526.png,20
526.png,100
526.png,24
526.png,82
526.png,45
526.png,32
527.png,50
527.png,37
527.png,8
527.png,100
527.png,25
527.png,63
527.png,12
527.png,100
527.png,30
527.png,7
528.png,0
528.png,12
528.png,7
528.png,71
528.png,7
528.png,12
528.png,2
528.png,50
528.png,12
528.png,5
529.png,50
529.png,37
529.png,73
529.png,0
529.png,41
529.png,49
529.png,65
529.png,67
529.png,83
529.png,100
530.png,78
530.png,73
530.png,75
530.png,85
530.png,49
530.png,75
530.png,62
530.png,29
530.png,35
530.png,84
531.png,20
531.png,100
531.png,75
531.png,38
531.png,38
531.png,7
531.png,34
531.png,92
531.png,32
531.png,100
532.png,55
532.png,37
532.png,100
532.png,63
532.png,26
532.png,100
532.png,35
532.png,59
532.png,59
532.png,25
533.png,37
533.png,100
533.png,67
533.png,50
533.png,73
533.png,63
533.png,100
533.png,100
533.png,94
533.png,83
534.png,100
534.png,51
534.png,100
534.png,100
534.png,100
534.png,66
534.png,100
534.png,95
534.png,27
534.png,83
535.png,38
535.png,19
535.png,32
535.png,39
535.png,84
535.png,23
535.png,26
535.png,0
535.png,16
535.png,24
536.png,100
536.png,66
536.png,76
536.png,67
536.png,85
536.png,96
536.png,50
536.png,100
536.png,75
536.png,100
537.png,14
537.png,64
537.png,33
537.png,0
537.png,0
537.png,0
537.png,25
537.png,84
537.png,9
537.png,50
538.png,3
538.png,20
538.png,50
538.png,66
538.png,10
538.png,40
538.png,17
538.png,40
538.png,36
538.png,25
539.png,74
539.png,28
539.png,25
539.png,0
539.png,15
539.png,10
539.png,24
539.png,7
539.png,4
539.png,5
540.png,50
540.png,100
540.png,25
540.png,38
540.png,71
540.png,82
540.png,100
540.png,100
540.png,23
540.png,93
541.png,50
541.png,10
541.png,2
541.png,14
541.png,86
541.png,31
541.png,25
541.png,50
541.png,41
541.png,38
542.png,13
542.png,50
542.png,49
542.png,62
542.png,0
542.png,50
542.png,65
542.png,82
542.png,93
542.png,50
543.png,50
543.png,49
543.png,30
543.png,87
543.png,70
543.png,31
543.png,22
543.png,92
543.png,4
543.png,49
544.png,75
544.png,96
544.png,92
544.png,51
544.png,100
544.png,88
544.png,88
544.png,72
544.png,76
544.png,75
545.png,35
545.png,25
545.png,24
545.png,22
545.png,75
545.png,50
545.png,0
545.png,38
545.png,77
545.png,51
546.png,25
546.png,0
546.png,2
546.png,3
546.png,13
546.png,25
546.png,15
546.png,5
546.png,9
546.png,82
547.png,87
547.png,39
547.png,75
547.png,80
547.png,79
547.png,94
547.png,50
547.png,80
547.png,100
547.png,100
548.png,86
548.png,34
548.png,100
548.png,85
548.png,99
548.png,100
548.png,29
548.png,97
548.png,100
548.png,50
549.png,85
549.png,84
549.png,38
549.png,97
549.png,64
549.png,70
549.png,76
549.png,79
549.png,31
549.png,100
550.png,100
550.png,24
550.png,11
550.png,31
550.png,49
550.png,21
550.png,66
550.png,70
550.png,73
550.png,4
551.png,25
551.png,50
551.png,79
551.png,93
551.png,67
551.png,100
551.png,50
551.png,96
551.png,100
551.png,100
552.png,100
552.png,50
552.png,88
552.png,44
552.png,50
552.png,68
552.png,26
552.png,75
552.png,75
552.png,50
553.png,50
553.png,72
553.png,22
553.png,11
553.png,41
553.png,27
553.png,84
553.png,4
553.png,0
553.png,6
554.png,26
554.png,6
554.png,10
554.png,30
554.png,24
554.png,0
554.png,74
554.png,100
554.png,50
554.png,50
555.png,24
555.png,63
555.png,56
555.png,50
555.png,50
555.png,4
555.png,100
555.png,36
555.png,69
555.png,61
556.png,95
556.png,64
556.png,95
556.png,100
556.png,83
556.png,84
556.png,86
556.png,49
556.png,19
556.png,68
557.png,76
557.png,89
557.png,75
557.png,82
557.png,50
557.png,88
557.png,100
557.png,100
557.png,82
557.png,76
558.png,12
558.png,95
558.png,0
558.png,50
558.png,17
558.png,49
558.png,95
558.png,0
558.png,44
558.png,13
559.png,81
559.png,100
559.png,81
559.png,49
559.png,100
559.png,100
559.png,72
559.png,100
559.png,88
559.png,71
560.png,100
560.png,50
560.png,56
560.png,0
560.png,12
560.png,15
560.png,3
560.png,91
560.png,50
560.png,25
561.png,86
561.png,50
561.png,35
561.png,93
561.png,50
561.png,74
561.png,59
561.png,27
561.png,100
561.png,80
562.png,97
562.png,66
562.png,34
562.png,50
562.png,37
562.png,29
562.png,100
562.png,19
562.png,75
562.png,100
563.png,26
563.png,6
563.png,36
563.png,34
563.png,50
563.png,78
563.png,6
563.png,6
563.png,86
563.png,41
564.png,49
564.png,17
564.png,23
564.png,37
564.png,71
564.png,23
564.png,75
564.png,55
564.png,100
564.png,0
565.png,16
565.png,44
565.png,7
565.png,19
565.png,80
565.png,88
565.png,22
565.png,18
565.png,50
565.png,75
566.png,64
566.png,86
566.png,100
566.png,100
566.png,50
566.png,87
566.png,88
566.png,5
566.png,50
566.png,75
567.png,36
567.png,95
567.png,88
567.png,73
567.png,50
567.png,100
567.png,90
567.png,86
567.png,100
567.png,82
568.png,0
568.png,4
568.png,66
568.png,25
568.png,14
568.png,12
568.png,28
568.png,0
568.png,50
568.png,15
569.png,78
569.png,96
569.png,89
569.png,89
569.png,60
569.png,100
569.png,100
569.png,98
569.png,71
569.png,87
570.png,50
570.png,42
570.png,0
570.png,76
570.png,0
570.png,26
570.png,49
570.png,88
570.png,100
570.png,50
571.png,8
571.png,24
571.png,80
571.png,0
571.png,16
571.png,0
571.png,17
571.png,7
571.png,9
571.png,0
572.png,35
572.png,84
572.png,75
572.png,50
572.png,63
572.png,100
572.png,86
572.png,80
572.png,83
572.png,66
573.png,7
573.png,0
573.png,9
573.png,32
573.png,4
573.png,68
573.png,50
573.png,13
573.png,9
573.png,15
574.png,64
574.png,100
574.png,100
574.png,100
574.png,98
574.png,92
574.png,31
574.png,49
574.png,50
574.png,50
575.png,20
575.png,17
575.png,79
575.png,30
575.png,14
575.png,39
575.png,77
575.png,0
575.png,39
575.png,14
576.png,100
576.png,5
576.png,28
576.png,54
576.png,8
576.png,25
576.png,19
576.png,3
576.png,75
576.png,75
577.png,87
577.png,25
577.png,0
577.png,50
577.png,11
577.png,71
577.png,24
577.png,1
577.png,37
577.png,31
578.png,11
578.png,0
578.png,89
578.png,16
578.png,48
578.png,27
578.png,50
578.png,25
578.png,14
578.png,25
579.png,8
579.png,13
579.png,25
579.png,32
579.png,18
579.png,86
579.png,0
579.png,18
579.png,23
579.png,0
580.png,25
580.png,69
580.png,80
580.png,54
580.png,93
580.png,31
580.png,82
580.png,76
580.png,0
580.png,96
581.png,10
581.png,10
581.png,41
581.png,29
581.png,7
581.png,35
581.png,56
581.png,2
581.png,4
581.png,4
582.png,85
582.png,57
582.png,89
582.png,79
582.png,67
582.png,100
582.png,91
582.png,57
582.png,96
582.png,100
583.png,90
583.png,54
583.png,60
583.png,42
583.png,32
583.png,65
583.png,55
583.png,93
583.png,78
583.png,32
584.png,74
584.png,60
584.png,100
584.png,84
584.png,54
584.png,36
584.png,76
584.png,30
584.png,54
584.png,76
585.png,19
585.png,13
585.png,17
585.png,21
585.png,33
585.png,44
585.png,0
585.png,45
585.png,17
585.png,0
586.png,29
586.png,9
586.png,35
586.png,8
586.png,29
586.png,61
586.png,7
586.png,46
586.png,25
586.png,44
587.png,16
587.png,83
587.png,67
587.png,41
587.png,72
587.png,70
587.png,95
587.png,65
587.png,32
587.png,67
588.png,5
588.png,53
588.png,22
588.png,36
588.png,50
588.png,11
588.png,17
588.png,33
588.png,19
588.png,25
589.png,3
589.png,3
589.png,0
589.png,0
589.png,0
589.png,1
589.png,7
589.png,21
589.png,3
589.png,0
590.png,4
590.png,45
590.png,25
590.png,55
590.png,19
590.png,38
590.png,39
590.png,18
590.png,56
590.png,17
591.png,89
591.png,75
591.png,62
591.png,3
591.png,57
591.png,76
591.png,66
591.png,0
591.png,66
591.png,25
592.png,19
592.png,32
592.png,19
592.png,59
592.png,22
592.png,70
592.png,35
592.png,76
592.png,2
592.png,34
593.png,87
593.png,25
593.png,54
593.png,65
593.png,69
593.png,15
593.png,58
593.png,8
593.png,78
593.png,63
594.png,68
594.png,61
594.png,11
594.png,98
594.png,61
594.png,63
594.png,33
594.png,56
594.png,80
594.png,42
595.png,9
595.png,0
595.png,13
595.png,23
595.png,60
595.png,3
595.png,18
595.png,5
595.png,65
595.png,30
596.png,53
596.png,63
596.png,79
596.png,63
596.png,80
596.png,43
596.png,82
596.png,59
596.png,33
596.png,44
597.png,2
597.png,20
597.png,14
597.png,27
597.png,24
597.png,36
597.png,20
597.png,0
597.png,0
597.png,10
598.png,13
598.png,18
598.png,63
598.png,33
598.png,22
598.png,38
598.png,33
598.png,43
598.png,50
598.png,56
599.png,80
599.png,41
599.png,13
599.png,69
599.png,59
599.png,71
599.png,70
599.png,13
599.png,92
599.png,60
600.png,100
600.png,92
600.png,23
600.png,83
600.png,70
600.png,70
600.png,26
600.png,30
600.png,63
600.png,90
601.png,36
601.png,81
601.png,64
601.png,62
601.png,66
601.png,28
601.png,74
601.png,31
601.png,44
601.png,61
602.png,42
602.png,54
602.png,41
602.png,59
602.png,73
602.png,68
602.png,18
602.png,13
602.png,30
602.png,81
603.png,64
603.png,22
603.png,24
603.png,43
603.png,4
603.png,60
603.png,13
603.png,50
603.png,35
603.png,22
604.png,57
604.png,37
604.png,27
604.png,75
604.png,37
604.png,56
604.png,39
604.png,24
604.png,15
604.png,18
605.png,51
605.png,77
605.png,82
605.png,32
605.png,33
605.png,10
605.png,16
605.png,87
605.png,86
605.png,43
606.png,84
606.png,61
606.png,15
606.png,7
606.png,86
606.png,59
606.png,64
606.png,57
606.png,42
606.png,79
607.png,29
607.png,18
607.png,16
607.png,45
607.png,18
607.png,32
607.png,39
607.png,19
607.png,20
607.png,49
608.png,30
608.png,85
608.png,66
608.png,61
608.png,85
608.png,56
608.png,56
608.png,100
608.png,58
608.png,93
609.png,11
609.png,54
609.png,80
609.png,12
609.png,60
609.png,7
609.png,34
609.png,77
609.png,32
609.png,59
610.png,10
610.png,33
610.png,27
610.png,11
610.png,22
610.png,7
610.png,59
610.png,29
610.png,0
610.png,25
611.png,56
611.png,74
611.png,82
611.png,66
611.png,100
611.png,66
611.png,100
611.png,80
611.png,90
611.png,89
612.png,39
612.png,26
612.png,34
612.png,8
612.png,42
612.png,47
612.png,12
612.png,0
612.png,0
612.png,8
613.png,77
613.png,35
613.png,83
613.png,56
613.png,81
613.png,61
613.png,99
613.png,41
613.png,88
613.png,87
614.png,27
614.png,62
614.png,16
614.png,77
614.png,56
614.png,74
614.png,38
614.png,61
614.png,68
614.png,21
615.png,67
615.png,93
615.png,51
615.png,99
615.png,69
615.png,82
615.png,69
615.png,64
615.png,90
615.png,65
616.png,32
616.png,41
616.png,38
616.png,86
616.png,14
616.png,43
616.png,30
616.png,77
616.png,38
616.png,38
617.png,99
617.png,100
617.png,100
617.png,100
617.png,78
617.png,81
617.png,97
617.png,100
617.png,85
617.png,75
618.png,28
618.png,18
618.png,17
618.png,31
618.png,0
618.png,56
618.png,19
618.png,14
618.png,8
618.png,60
619.png,39
619.png,0
619.png,30
619.png,7
619.png,21
619.png,4
619.png,18
619.png,4
619.png,0
619.png,11
620.png,6
620.png,24
620.png,17
620.png,0
620.png,31
620.png,3
620.png,11
620.png,35
620.png,0
620.png,0
621.png,17
621.png,0
621.png,10
621.png,13
621.png,8
621.png,24
621.png,19
621.png,42
621.png,11
621.png,17
622.png,39
622.png,53
622.png,58
622.png,75
622.png,77
622.png,42
622.png,44
622.png,97
622.png,49
622.png,44
623.png,56
623.png,89
623.png,59
623.png,56
623.png,40
623.png,100
623.png,62
623.png,43
623.png,34
623.png,26
624.png,16
624.png,31
624.png,38
624.png,23
624.png,18
624.png,0
624.png,19
624.png,33
624.png,14
624.png,25
625.png,9
625.png,85
625.png,29
625.png,9
625.png,68
625.png,16
625.png,36
625.png,53
625.png,5
625.png,58
626.png,4
626.png,64
626.png,58
626.png,0
626.png,24
626.png,54
626.png,17
626.png,36
626.png,54
626.png,13
627.png,75
627.png,21
627.png,31
627.png,87
627.png,56
627.png,67
627.png,53
627.png,56
627.png,40
627.png,72
628.png,29
628.png,40
628.png,21
628.png,8
628.png,10
628.png,20
628.png,50
628.png,75
628.png,41
628.png,60
629.png,61
629.png,61
629.png,66
629.png,78
629.png,30
629.png,67
629.png,85
629.png,82
629.png,63
629.png,55
630.png,78
630.png,66
630.png,61
630.png,76
630.png,34
630.png,61
630.png,91
630.png,57
630.png,79
630.png,97
631.png,37
631.png,21
631.png,24
631.png,37
631.png,18
631.png,38
631.png,8
631.png,87
631.png,60
631.png,42
632.png,68
632.png,39
632.png,64
632.png,68
632.png,68
632.png,81
632.png,91
632.png,85
632.png,96
632.png,92
633.png,26
633.png,1
633.png,58
633.png,34
633.png,26
633.png,8
633.png,13
633.png,1
633.png,6
633.png,0
634.png,100
634.png,71
634.png,89
634.png,72
634.png,76
634.png,87
634.png,82
634.png,53
634.png,56
634.png,66
635.png,38
635.png,60
635.png,86
635.png,82
635.png,25
635.png,7
635.png,59
635.png,80
635.png,66
635.png,68
636.png,56
636.png,48
636.png,54
636.png,15
636.png,15
636.png,70
636.png,21
636.png,94
636.png,80
636.png,61
637.png,54
637.png,59
637.png,64
637.png,8
637.png,70
637.png,48
637.png,78
637.png,75
637.png,80
637.png,84
638.png,67
638.png,63
638.png,63
638.png,77
638.png,97
638.png,68
638.png,87
638.png,100
638.png,100
638.png,99
639.png,55
639.png,63
639.png,18
639.png,7
639.png,82
639.png,35
639.png,80
639.png,79
639.png,79
639.png,66
640.png,75
640.png,70
640.png,59
640.png,65
640.png,49
640.png,97
640.png,85
640.png,58
640.png,91
640.png,16
641.png,15
641.png,0
641.png,5
641.png,15
641.png,18
641.png,19
641.png,26
641.png,0
641.png,17
641.png,4
642.png,71
642.png,60
642.png,57
642.png,80
642.png,3
642.png,43
642.png,11
642.png,60
642.png,37
642.png,35
643.png,72
643.png,62
643.png,86
643.png,78
643.png,87
643.png,98
643.png,93
643.png,99
643.png,63
643.png,67
644.png,68
644.png,53
644.png,25
644.png,75
644.png,44
644.png,66
644.png,51
644.png,77
644.png,53
644.png,23
645.png,67
645.png,77
645.png,99
645.png,77
645.png,75
645.png,44
645.png,54
645.png,74
645.png,100
645.png,91
646.png,31
646.png,100
646.png,50
646.png,61
646.png,10
646.png,61
646.png,2
646.png,59
646.png,99
646.png,100
647.png,52
647.png,23
647.png,3
647.png,53
647.png,72
647.png,52
647.png,56
647.png,9
647.png,56
647.png,45
648.png,5
648.png,14
648.png,62
648.png,3
648.png,8
648.png,22
648.png,0
648.png,13
648.png,7
648.png,0
649.png,54
649.png,39
649.png,79
649.png,96
649.png,42
649.png,75
649.png,93
649.png,36
649.png,72
649.png,63
650.png,7
650.png,16
650.png,1
650.png,9
650.png,15
650.png,14
650.png,0
650.png,12
650.png,0
650.png,0
651.png,88
651.png,88
651.png,66
651.png,63
651.png,70
651.png,88
651.png,100
651.png,95
651.png,100
651.png,14
652.png,36
652.png,40
652.png,32
652.png,23
652.png,40
652.png,66
652.png,22
652.png,13
652.png,20
652.png,67
653.png,76
653.png,69
653.png,79
653.png,44
653.png,57
653.png,93
653.png,58
653.png,90
653.png,87
653.png,50
654.png,71
654.png,12
654.png,76
654.png,84
654.png,72
654.png,50
654.png,70
654.png,57
654.png,86
654.png,25
655.png,9
655.png,72
655.png,85
655.png,65
655.png,31
655.png,88
655.png,43
655.png,55
655.png,55
655.png,50
656.png,13
656.png,14
656.png,1
656.png,2
656.png,6
656.png,0
656.png,0
656.png,3
656.png,13
656.png,24
657.png,76
657.png,7
657.png,11
657.png,74
657.png,21
657.png,59
657.png,60
657.png,37
657.png,80
657.png,22
658.png,92
658.png,76
658.png,100
658.png,95
658.png,100
658.png,95
658.png,65
658.png,72
658.png,25
658.png,100
659.png,36
659.png,22
659.png,18
659.png,14
659.png,37
659.png,25
659.png,9
659.png,2
659.png,20
659.png,42
660.png,56
660.png,43
660.png,24
660.png,40
660.png,25
660.png,22
660.png,63
660.png,57
660.png,79
660.png,32
661.png,66
661.png,67
661.png,9
661.png,85
661.png,42
661.png,93
661.png,75
661.png,58
661.png,63
661.png,83
662.png,36
662.png,21
662.png,25
662.png,9
662.png,4
662.png,24
662.png,3
662.png,9
662.png,40
662.png,20
663.png,57
663.png,9
663.png,69
663.png,74
663.png,14
663.png,67
663.png,64
663.png,64
663.png,21
663.png,80
664.png,0
664.png,9
664.png,60
664.png,14
664.png,58
664.png,0
664.png,58
664.png,34
664.png,4
664.png,65
665.png,75
665.png,56
665.png,82
665.png,41
665.png,36
665.png,28
665.png,84
665.png,30
665.png,25
665.png,44
666.png,39
666.png,28
666.png,46
666.png,32
666.png,44
666.png,12
666.png,22
666.png,18
666.png,24
666.png,35
667.png,62
667.png,62
667.png,100
667.png,92
667.png,89
667.png,73
667.png,59
667.png,81
667.png,88
667.png,58
668.png,76
668.png,10
668.png,100
668.png,78
668.png,68
668.png,58
668.png,69
668.png,88
668.png,93
668.png,61
669.png,100
669.png,65
669.png,94
669.png,62
669.png,80
669.png,57
669.png,62
669.png,86
669.png,84
669.png,57
670.png,46
670.png,60
670.png,65
670.png,59
670.png,77
670.png,98
670.png,100
670.png,70
670.png,11
670.png,94
671.png,88
671.png,74
671.png,42
671.png,94
671.png,54
671.png,59
671.png,61
671.png,31
671.png,32
671.png,25
672.png,59
672.png,34
672.png,79
672.png,8
672.png,61
672.png,77
672.png,80
672.png,34
672.png,79
672.png,60
673.png,27
673.png,22
673.png,11
673.png,25
673.png,58
673.png,0
673.png,20
673.png,0
673.png,0
673.png,12
674.png,78
674.png,63
674.png,78
674.png,82
674.png,85
674.png,4
674.png,69
674.png,69
674.png,26
674.png,50
675.png,5
675.png,5
675.png,0
675.png,26
675.png,7
675.png,14
675.png,4
675.png,6
675.png,0
675.png,15
676.png,76
676.png,41
676.png,61
676.png,61
676.png,54
676.png,31
676.png,76
676.png,46
676.png,75
676.png,30
677.png,55
677.png,36
677.png,49
677.png,41
677.png,66
677.png,63
677.png,63
677.png,31
677.png,65
677.png,37
678.png,33
678.png,45
678.png,70
678.png,56
678.png,32
678.png,22
678.png,38
678.png,54
678.png,50
678.png,62
679.png,40
679.png,74
679.png,23
679.png,38
679.png,85
679.png,19
679.png,38
679.png,64
679.png,21
679.png,43
680.png,100
680.png,55
680.png,47
680.png,62
680.png,79
680.png,90
680.png,100
680.png,77
680.png,54
680.png,64
681.png,31
681.png,13
681.png,11
681.png,38
681.png,40
681.png,25
681.png,12
681.png,72
681.png,17
681.png,13
682.png,61
682.png,35
682.png,47
682.png,48
682.png,56
682.png,32
682.png,49
682.png,37
682.png,18
682.png,79
683.png,6
683.png,39
683.png,11
683.png,40
683.png,45
683.png,55
683.png,60
683.png,0
683.png,0
683.png,20
684.png,60
684.png,42
684.png,43
684.png,38
684.png,21
684.png,54
684.png,11
684.png,30
684.png,6
684.png,6
685.png,22
685.png,45
685.png,33
685.png,69
685.png,50
685.png,41
685.png,16
685.png,5
685.png,14
685.png,61
686.png,11
686.png,19
686.png,0
686.png,8
686.png,38
686.png,16
686.png,15
686.png,10
686.png,41
686.png,56
687.png,62
687.png,100
687.png,72
687.png,64
687.png,85
687.png,33
687.png,87
687.png,42
687.png,80
687.png,78
688.png,43
688.png,9
688.png,80
688.png,56
688.png,84
688.png,86
688.png,70
688.png,31
688.png,63
688.png,30
689.png,25
689.png,1
689.png,39
689.png,1
689.png,20
689.png,11
689.png,2
689.png,10
689.png,20
689.png,10
690.png,18
690.png,72
690.png,79
690.png,11
690.png,50
690.png,63
690.png,42
690.png,9
690.png,0
690.png,21
691.png,14
691.png,69
691.png,61
691.png,14
691.png,41
691.png,82
691.png,24
691.png,75
691.png,63
691.png,68
692.png,32
692.png,74
692.png,2
692.png,35
692.png,58
692.png,90
692.png,58
692.png,92
692.png,59
692.png,97
693.png,41
693.png,94
693.png,16
693.png,29
693.png,50
693.png,75
693.png,36
693.png,7
693.png,54
693.png,24
694.png,44
694.png,23
694.png,26
694.png,12
694.png,38
694.png,30
694.png,0
694.png,13
694.png,2
694.png,0
695.png,9
695.png,44
695.png,10
695.png,11
695.png,36
695.png,10
695.png,40
695.png,12
695.png,15
695.png,17
696.png,18
696.png,73
696.png,35
696.png,36
696.png,43
696.png,54
696.png,41
696.png,26
696.png,74
696.png,62
697.png,98
697.png,84
697.png,77
697.png,69
697.png,73
697.png,66
697.png,77
697.png,100
697.png,89
697.png,87
698.png,61
698.png,88
698.png,87
698.png,68
698.png,53
698.png,100
698.png,65
698.png,100
698.png,82
698.png,100
699.png,59
699.png,36
699.png,13
699.png,31
699.png,43
699.png,54
699.png,40
699.png,20
699.png,17
699.png,27
700.png,4
700.png,6
700.png,6
700.png,46
700.png,9
700.png,20
700.png,50
700.png,30
700.png,34
700.png,13
701.png,56
701.png,75
701.png,89
701.png,70
701.png,27
701.png,56
701.png,83
701.png,38
701.png,84
701.png,40
702.png,78
702.png,72
702.png,81
702.png,84
702.png,67
702.png,99
702.png,40
702.png,79
702.png,95
702.png,85
703.png,37
703.png,42
703.png,36
703.png,22
703.png,50
703.png,19
703.png,35
703.png,21
703.png,11
703.png,32
704.png,66
704.png,29
704.png,77
704.png,9
704.png,100
704.png,75
704.png,63
704.png,100
704.png,66
704.png,64
705.png,3
705.png,20
705.png,0
705.png,0
705.png,16
705.png,38
705.png,18
705.png,12
705.png,4
705.png,30
706.png,59
706.png,69
706.png,57
706.png,13
706.png,35
706.png,75
706.png,53
706.png,6
706.png,56
706.png,7
707.png,26
707.png,65
707.png,75
707.png,55
707.png,62
707.png,54
707.png,38
707.png,13
707.png,87
707.png,34
708.png,98
708.png,4
708.png,57
708.png,14
708.png,60
708.png,77
708.png,67
708.png,58
708.png,73
708.png,49
709.png,70
709.png,96
709.png,93
709.png,19
709.png,89
709.png,76
709.png,63
709.png,91
709.png,43
709.png,85
710.png,89
710.png,91
710.png,84
710.png,70
710.png,62
710.png,70
710.png,54
710.png,100
710.png,67
710.png,86
711.png,0
711.png,5
711.png,0
711.png,37
711.png,15
711.png,0
711.png,30
711.png,2
711.png,3
711.png,0
712.png,25
712.png,31
712.png,2
712.png,15
712.png,12
712.png,32
712.png,38
712.png,43
712.png,28
712.png,44
713.png,3
713.png,0
713.png,14
713.png,21
713.png,3
713.png,36
713.png,10
713.png,12
713.png,37
713.png,18
714.png,70
714.png,95
714.png,38
714.png,66
714.png,24
714.png,84
714.png,85
714.png,39
714.png,78
714.png,74
715.png,28
715.png,56
715.png,52
715.png,11
715.png,5
715.png,44
715.png,25
715.png,50
715.png,45
715.png,37
716.png,56
716.png,100
716.png,13
716.png,8
716.png,57
716.png,50
716.png,43
716.png,38
716.png,66
716.png,41
717.png,79
717.png,18
717.png,75
717.png,88
717.png,12
717.png,78
717.png,73
717.png,100
717.png,74
717.png,75
718.png,91
718.png,67
718.png,94
718.png,79
718.png,86
718.png,94
718.png,81
718.png,95
718.png,100
718.png,77
719.png,81
719.png,43
719.png,38
719.png,92
719.png,41
719.png,69
719.png,58
719.png,93
719.png,76
719.png,88
720.png,67
720.png,100
720.png,92
720.png,100
720.png,40
720.png,100
720.png,42
720.png,76
720.png,92
720.png,70
721.png,58
721.png,24
721.png,34
721.png,22
721.png,16
721.png,73
721.png,39
721.png,14
721.png,46
721.png,61
722.png,63
722.png,25
722.png,61
722.png,18
722.png,50
722.png,74
722.png,90
722.png,74
722.png,31
722.png,85
723.png,72
723.png,63
723.png,42
723.png,21
723.png,33
723.png,38
723.png,37
723.png,37
723.png,70
723.png,76
724.png,51
724.png,35
724.png,39
724.png,8
724.png,1
724.png,18
724.png,34
724.png,14
724.png,4
724.png,24
725.png,68
725.png,25
725.png,61
725.png,72
725.png,38
725.png,41
725.png,27
725.png,5
725.png,34
725.png,50
726.png,67
726.png,66
726.png,85
726.png,75
726.png,50
726.png,38
726.png,78
726.png,72
726.png,61
726.png,79
727.png,91
727.png,88
727.png,92
727.png,24
727.png,59
727.png,61
727.png,49
727.png,85
727.png,75
727.png,58
728.png,65
728.png,80
728.png,25
728.png,100
728.png,81
728.png,92
728.png,88
728.png,18
728.png,94
728.png,91
729.png,100
729.png,57
729.png,100
729.png,99
729.png,39
729.png,100
729.png,100
729.png,75
729.png,65
729.png,76
730.png,36
730.png,87
730.png,61
730.png,86
730.png,73
730.png,100
730.png,55
730.png,79
730.png,59
730.png,21
731.png,86
731.png,67
731.png,51
731.png,37
731.png,30
731.png,11
731.png,61
731.png,91
731.png,77
731.png,25
732.png,72
732.png,63
732.png,41
732.png,60
732.png,63
732.png,40
732.png,65
732.png,45
732.png,63
732.png,30
733.png,45
733.png,15
733.png,44
733.png,42
733.png,64
733.png,12
733.png,54
733.png,57
733.png,39
733.png,24
734.png,30
734.png,36
734.png,82
734.png,41
734.png,66
734.png,71
734.png,41
734.png,58
734.png,77
734.png,50
735.png,67
735.png,23
735.png,25
735.png,30
735.png,44
735.png,31
735.png,23
735.png,16
735.png,0
735.png,4
736.png,76
736.png,6
736.png,75
736.png,58
736.png,72
736.png,8
736.png,24
736.png,69
736.png,66
736.png,59
737.png,82
737.png,75
737.png,87
737.png,100
737.png,91
737.png,73
737.png,100
737.png,79
737.png,97
737.png,24
738.png,13
738.png,12
738.png,70
738.png,84
738.png,75
738.png,76
738.png,57
738.png,18
738.png,56
738.png,9
739.png,16
739.png,36
739.png,89
739.png,7
739.png,57
739.png,42
739.png,77
739.png,56
739.png,47
739.png,39
740.png,69
740.png,95
740.png,88
740.png,53
740.png,35
740.png,85
740.png,80
740.png,92
740.png,59
740.png,12
741.png,36
741.png,33
741.png,13
741.png,15
741.png,26
741.png,4
741.png,2
741.png,25
741.png,51
741.png,22
742.png,77
742.png,94
742.png,96
742.png,68
742.png,78
742.png,61
742.png,94
742.png,25
742.png,93
742.png,27
743.png,90
743.png,67
743.png,38
743.png,66
743.png,64
743.png,100
743.png,66
743.png,99
743.png,100
743.png,80
744.png,15
744.png,12
744.png,41
744.png,22
744.png,24
744.png,35
744.png,10
744.png,4
744.png,14
744.png,44
745.png,59
745.png,93
745.png,56
745.png,64
745.png,88
745.png,74
745.png,65
745.png,15
745.png,36
745.png,65
746.png,82
746.png,93
746.png,100
746.png,66
746.png,100
746.png,68
746.png,85
746.png,89
746.png,75
746.png,75
747.png,70
747.png,64
747.png,70
747.png,38
747.png,85
747.png,91
747.png,89
747.png,72
747.png,62
747.png,73
748.png,78
748.png,61
748.png,99
748.png,67
748.png,100
748.png,86
748.png,41
748.png,88
748.png,76
748.png,72
749.png,16
749.png,2
749.png,27
749.png,40
749.png,14
749.png,68
749.png,8
749.png,74
749.png,25
749.png,43
750.png,99
750.png,67
750.png,97
750.png,70
750.png,99
750.png,84
750.png,91
750.png,73
750.png,100
750.png,100
751.png,96
751.png,98
751.png,100
751.png,97
751.png,75
751.png,100
751.png,82
751.png,83
751.png,100
751.png,94
752.png,56
752.png,63
752.png,60
752.png,87
752.png,76
752.png,9
752.png,82
752.png,84
752.png,45
752.png,49
753.png,22
753.png,42
753.png,26
753.png,36
753.png,40
753.png,61
753.png,84
753.png,47
753.png,21
753.png,31
754.png,41
754.png,9
754.png,75
754.png,35
754.png,38
754.png,26
754.png,18
754.png,42
754.png,64
754.png,1
755.png,23
755.png,3
755.png,25
755.png,28
755.png,24
755.png,17
755.png,74
755.png,53
755.png,17
755.png,25
756.png,99
756.png,91
756.png,58
756.png,74
756.png,100
756.png,63
756.png,81
756.png,17
756.png,94
756.png,99
757.png,95
757.png,78
757.png,57
757.png,89
757.png,94
757.png,66
757.png,89
757.png,60
757.png,100
757.png,100
758.png,90
758.png,64
758.png,85
758.png,100
758.png,71
758.png,74
758.png,94
758.png,76
758.png,73
758.png,92
759.png,100
759.png,64
759.png,58
759.png,56
759.png,76
759.png,99
759.png,83
759.png,91
759.png,67
759.png,17
760.png,54
760.png,20
760.png,50
760.png,55
760.png,54
760.png,20
760.png,24
760.png,20
760.png,26
760.png,20
761.png,55
761.png,65
761.png,14
761.png,23
761.png,81
761.png,11
761.png,52
761.png,18
761.png,70
761.png,66
762.png,71
762.png,74
762.png,81
762.png,92
762.png,41
762.png,74
762.png,83
762.png,60
762.png,78
762.png,91
763.png,82
763.png,75
763.png,94
763.png,40
763.png,75
763.png,87
763.png,74
763.png,100
763.png,63
763.png,94
764.png,3
764.png,13
764.png,41
764.png,42
764.png,55
764.png,24
764.png,42
764.png,15
764.png,77
764.png,9
765.png,54
765.png,15
765.png,11
765.png,0
765.png,0
765.png,17
765.png,4
765.png,0
765.png,0
765.png,1
766.png,0
766.png,33
766.png,23
766.png,27
766.png,22
766.png,5
766.png,15
766.png,0
766.png,59
766.png,25
767.png,23
767.png,73
767.png,88
767.png,84
767.png,85
767.png,28
767.png,63
767.png,20
767.png,38
767.png,49
768.png,86
768.png,52
768.png,73
768.png,33
768.png,64
768.png,50
768.png,66
768.png,31
768.png,1
768.png,36
769.png,28
769.png,74
769.png,86
769.png,98
769.png,80
769.png,100
769.png,83
769.png,56
769.png,62
769.png,55
770.png,83
770.png,100
770.png,65
770.png,62
770.png,58
770.png,100
770.png,81
770.png,80
770.png,100
770.png,21
771.png,37
771.png,64
771.png,48
771.png,97
771.png,64
771.png,40
771.png,32
771.png,84
771.png,67
771.png,48
772.png,78
772.png,46
772.png,75
772.png,91
772.png,100
772.png,74
772.png,50
772.png,75
772.png,92
772.png,100
773.png,100
773.png,66
773.png,72
773.png,100
773.png,100
773.png,82
773.png,100
773.png,98
773.png,80
773.png,100
774.png,58
774.png,88
774.png,31
774.png,50
774.png,83
774.png,44
774.png,60
774.png,60
774.png,100
774.png,55
775.png,11
775.png,25
775.png,19
775.png,17
775.png,50
775.png,4
775.png,34
775.png,5
775.png,16
775.png,53
776.png,94
776.png,75
776.png,84
776.png,85
776.png,55
776.png,40
776.png,26
776.png,67
776.png,63
776.png,37
777.png,43
777.png,44
777.png,50
777.png,47
777.png,80
777.png,50
777.png,41
777.png,8
777.png,59
777.png,7
778.png,38
778.png,62
778.png,53
778.png,23
778.png,92
778.png,72
778.png,58
778.png,80
778.png,87
778.png,78
779.png,39
779.png,34
779.png,5
779.png,62
779.png,39
779.png,0
779.png,25
779.png,67
779.png,12
779.png,2
780.png,0
780.png,2
780.png,76
780.png,85
780.png,38
780.png,25
780.png,28
780.png,35
780.png,23
780.png,13
781.png,92
781.png,66
781.png,95
781.png,81
781.png,71
781.png,78
781.png,94
781.png,96
781.png,82
781.png,100
782.png,84
782.png,64
782.png,100
782.png,97
782.png,77
782.png,100
782.png,100
782.png,100
782.png,20
782.png,100
783.png,50
783.png,22
783.png,100
783.png,69
783.png,62
783.png,66
783.png,92
783.png,24
783.png,62
783.png,36
784.png,44
784.png,74
784.png,88
784.png,93
784.png,63
784.png,76
784.png,71
784.png,58
784.png,75
784.png,73
785.png,35
785.png,63
785.png,35
785.png,56
785.png,13
785.png,2
785.png,70
785.png,68
785.png,22
785.png,27
786.png,62
786.png,57
786.png,83
786.png,74
786.png,82
786.png,75
786.png,69
786.png,67
786.png,63
786.png,68
787.png,58
787.png,28
787.png,58
787.png,12
787.png,28
787.png,38
787.png,57
787.png,56
787.png,78
787.png,36
788.png,41
788.png,45
788.png,57
788.png,22
788.png,64
788.png,5
788.png,44
788.png,53
788.png,12
788.png,37
789.png,30
789.png,19
789.png,61
789.png,36
789.png,25
789.png,35
789.png,100
789.png,79
789.png,16
789.png,67
790.png,39
790.png,63
790.png,56
790.png,23
790.png,42
790.png,57
790.png,75
790.png,91
790.png,59
790.png,62
791.png,27
791.png,8
791.png,50
791.png,30
791.png,77
791.png,29
791.png,27
791.png,36
791.png,25
791.png,57
792.png,79
792.png,69
792.png,80
792.png,64
792.png,57
792.png,82
792.png,53
792.png,87
792.png,54
792.png,71
793.png,64
793.png,100
793.png,97
793.png,68
793.png,100
793.png,73
793.png,100
793.png,100
793.png,100
793.png,72
794.png,21
794.png,18
794.png,23
794.png,17
794.png,16
794.png,32
794.png,1
794.png,12
794.png,65
794.png,44
795.png,4
795.png,4
795.png,33
795.png,29
795.png,41
795.png,25
795.png,15
795.png,8
795.png,54
795.png,23
796.png,11
796.png,35
796.png,19
796.png,38
796.png,38
796.png,65
796.png,5
796.png,12
796.png,1
796.png,37
797.png,24
797.png,33
797.png,20
797.png,24
797.png,15
797.png,40
797.png,36
797.png,4
797.png,56
797.png,38
798.png,91
798.png,100
798.png,99
798.png,79
798.png,58
798.png,63
798.png,64
798.png,95
798.png,100
798.png,71
799.png,82
799.png,65
799.png,86
799.png,78
799.png,94
799.png,100
799.png,39
799.png,70
799.png,100
799.png,87
800.png,72
800.png,88
800.png,63
800.png,63
800.png,43
800.png,74
800.png,75
800.png,20
800.png,54
800.png,11
801.png,57
801.png,25
801.png,9
801.png,10
801.png,3
801.png,40
801.png,24
801.png,15
801.png,12
801.png,0
802.png,100
802.png,100
802.png,64
802.png,82
802.png,40
802.png,100
802.png,83
802.png,41
802.png,60
802.png,57
803.png,36
803.png,20
803.png,56
803.png,50
803.png,55
803.png,2
803.png,18
803.png,50
803.png,19
803.png,17
804.png,72
804.png,100
804.png,71
804.png,82
804.png,67
804.png,8
804.png,64
804.png,79
804.png,45
804.png,73
805.png,65
805.png,65
805.png,66
805.png,62
805.png,35
805.png,87
805.png,100
805.png,76
805.png,52
805.png,69
806.png,22
806.png,42
806.png,83
806.png,22
806.png,5
806.png,49
806.png,82
806.png,82
806.png,37
806.png,66
807.png,73
807.png,44
807.png,69
807.png,12
807.png,42
807.png,77
807.png,35
807.png,66
807.png,59
807.png,83
808.png,92
808.png,66
808.png,65
808.png,100
808.png,76
808.png,96
808.png,90
808.png,92
808.png,67
808.png,76
809.png,14
809.png,63
809.png,46
809.png,20
809.png,20
809.png,68
809.png,74
809.png,63
809.png,29
809.png,94
810.png,88
810.png,77
810.png,100
810.png,20
810.png,80
810.png,64
810.png,96
810.png,90
810.png,85
810.png,58
811.png,100
811.png,57
811.png,88
811.png,100
811.png,100
811.png,81
811.png,96
811.png,37
811.png,70
811.png,69
812.png,66
812.png,100
812.png,93
812.png,71
812.png,100
812.png,66
812.png,95
812.png,100
812.png,100
812.png,87
813.png,33
813.png,47
813.png,5
813.png,23
813.png,9
813.png,38
813.png,9
813.png,15
813.png,50
813.png,16
814.png,84
814.png,78
814.png,55
814.png,63
814.png,23
814.png,13
814.png,77
814.png,63
814.png,25
814.png,34
815.png,65
815.png,45
815.png,3
815.png,35
815.png,25
815.png,83
815.png,25
815.png,89
815.png,66
815.png,26
816.png,89
816.png,24
816.png,5
816.png,62
816.png,33
816.png,14
816.png,15
816.png,27
816.png,11
816.png,4
817.png,0
817.png,49
817.png,56
817.png,37
817.png,7
817.png,28
817.png,35
817.png,66
817.png,23
817.png,40
818.png,47
818.png,6
818.png,26
818.png,60
818.png,62
818.png,26
818.png,17
818.png,68
818.png,24
818.png,21
819.png,100
819.png,100
819.png,99
819.png,76
819.png,74
819.png,86
819.png,98
819.png,55
819.png,83
819.png,65
820.png,30
820.png,45
820.png,65
820.png,71
820.png,50
820.png,56
820.png,22
820.png,31
820.png,36
820.png,3
821.png,5
821.png,80
821.png,11
821.png,75
821.png,58
821.png,5
821.png,37
821.png,23
821.png,37
821.png,38
822.png,91
822.png,100
822.png,92
822.png,86
822.png,85
822.png,66
822.png,65
822.png,100
822.png,87
822.png,94
823.png,41
823.png,21
823.png,87
823.png,65
823.png,72
823.png,78
823.png,43
823.png,33
823.png,19
823.png,57
824.png,42
824.png,63
824.png,31
824.png,90
824.png,40
824.png,64
824.png,18
824.png,87
824.png,58
824.png,40
825.png,63
825.png,37
825.png,100
825.png,79
825.png,78
825.png,95
825.png,40
825.png,63
825.png,87
825.png,100
826.png,34
826.png,19
826.png,55
826.png,10
826.png,62
826.png,53
826.png,74
826.png,81
826.png,56
826.png,57
827.png,32
827.png,84
827.png,46
827.png,12
827.png,81
827.png,70
827.png,34
827.png,47
827.png,26
827.png,76
828.png,94
828.png,63
828.png,23
828.png,40
828.png,80
828.png,56
828.png,14
828.png,45
828.png,100
828.png,56
829.png,72
829.png,78
829.png,86
829.png,56
829.png,75
829.png,70
829.png,26
829.png,54
829.png,63
829.png,65
830.png,27
830.png,11
830.png,75
830.png,50
830.png,26
830.png,37
830.png,63
830.png,32
830.png,61
830.png,34
831.png,62
831.png,87
831.png,100
831.png,28
831.png,75
831.png,89
831.png,60
831.png,32
831.png,84
831.png,78
832.png,33
832.png,0
832.png,65
832.png,36
832.png,34
832.png,26
832.png,59
832.png,0
832.png,12
832.png,40
833.png,100
833.png,54
833.png,75
833.png,85
833.png,80
833.png,78
833.png,67
833.png,69
833.png,70
833.png,65
834.png,56
834.png,76
834.png,44
834.png,2
834.png,41
834.png,25
834.png,80
834.png,43
834.png,4
834.png,46
835.png,34
835.png,100
835.png,65
835.png,100
835.png,100
835.png,99
835.png,68
835.png,100
835.png,91
835.png,83
836.png,30
836.png,15
836.png,28
836.png,20
836.png,29
836.png,41
836.png,33
836.png,36
836.png,16
836.png,67
837.png,70
837.png,30
837.png,12
837.png,33
837.png,71
837.png,62
837.png,66
837.png,72
837.png,67
837.png,37
838.png,89
838.png,82
838.png,91
838.png,67
838.png,49
838.png,66
838.png,13
838.png,26
838.png,75
838.png,38
839.png,76
839.png,100
839.png,89
839.png,100
839.png,87
839.png,88
839.png,53
839.png,94
839.png,73
839.png,76
840.png,89
840.png,32
840.png,76
840.png,100
840.png,61
840.png,93
840.png,69
840.png,89
840.png,61
840.png,66
841.png,56
841.png,74
841.png,29
841.png,61
841.png,62
841.png,55
841.png,56
841.png,5
841.png,38
841.png,45
842.png,54
842.png,72
842.png,7
842.png,33
842.png,63
842.png,36
842.png,53
842.png,61
842.png,62
842.png,29
843.png,44
843.png,38
843.png,27
843.png,96
843.png,25
843.png,6
843.png,37
843.png,59
843.png,35
843.png,33
844.png,69
844.png,22
844.png,79
844.png,11
844.png,61
844.png,15
844.png,5
844.png,53
844.png,77
844.png,46
845.png,10
845.png,66
845.png,69
845.png,30
845.png,64
845.png,45
845.png,92
845.png,50
845.png,22
845.png,81
846.png,100
846.png,54
846.png,66
846.png,75
846.png,51
846.png,88
846.png,58
846.png,100
846.png,15
846.png,96
847.png,32
847.png,9
847.png,1
847.png,67
847.png,22
847.png,70
847.png,30
847.png,37
847.png,40
847.png,58
848.png,9
848.png,25
848.png,53
848.png,70
848.png,62
848.png,84
848.png,70
848.png,35
848.png,73
848.png,67
849.png,79
849.png,61
849.png,73
849.png,100
849.png,77
849.png,82
849.png,74
849.png,92
849.png,30
849.png,81
850.png,86
850.png,31
850.png,61
850.png,82
850.png,59
850.png,100
850.png,97
850.png,67
850.png,65
850.png,87
851.png,63
851.png,56
851.png,75
851.png,75
851.png,58
851.png,84
851.png,82
851.png,55
851.png,56
851.png,87
852.png,57
852.png,83
852.png,68
852.png,89
852.png,45
852.png,85
852.png,82
852.png,19
852.png,81
852.png,85
853.png,72
853.png,29
853.png,72
853.png,87
853.png,97
853.png,86
853.png,53
853.png,52
853.png,93
853.png,81
854.png,76
854.png,60
854.png,35
854.png,12
854.png,22
854.png,20
854.png,20
854.png,17
854.png,41
854.png,9
855.png,33
855.png,60
855.png,75
855.png,57
855.png,100
855.png,90
855.png,60
855.png,96
855.png,79
855.png,84
856.png,6
856.png,58
856.png,0
856.png,14
856.png,51
856.png,55
856.png,40
856.png,67
856.png,27
856.png,10
857.png,72
857.png,87
857.png,22
857.png,96
857.png,84
857.png,66
857.png,91
857.png,23
857.png,63
857.png,69
858.png,87
858.png,90
858.png,68
858.png,88
858.png,79
858.png,69
858.png,64
858.png,52
858.png,100
858.png,35
859.png,79
859.png,76
859.png,74
859.png,97
859.png,66
859.png,77
859.png,82
859.png,59
859.png,100
859.png,66
860.png,88
860.png,39
860.png,83
860.png,2
860.png,50
860.png,36
860.png,61
860.png,29
860.png,64
860.png,65
861.png,100
861.png,58
861.png,86
861.png,93
861.png,100
861.png,88
861.png,78
861.png,81
861.png,100
861.png,100
862.png,39
862.png,83
862.png,67
862.png,92
862.png,59
862.png,55
862.png,82
862.png,73
862.png,73
862.png,72
863.png,61
863.png,43
863.png,29
863.png,92
863.png,80
863.png,79
863.png,46
863.png,62
863.png,76
863.png,75
864.png,79
864.png,91
864.png,35
864.png,69
864.png,100
864.png,27
864.png,41
864.png,84
864.png,78
864.png,79
865.png,60
865.png,82
865.png,100
865.png,59
865.png,81
865.png,12
865.png,96
865.png,74
865.png,100
865.png,55
866.png,47
866.png,100
866.png,57
866.png,93
866.png,69
866.png,100
866.png,93
866.png,69
866.png,11
866.png,100
867.png,45
867.png,28
867.png,24
867.png,21
867.png,4
867.png,25
867.png,50
867.png,27
867.png,7
867.png,3
868.png,76
868.png,46
868.png,59
868.png,58
868.png,34
868.png,90
868.png,57
868.png,60
868.png,25
868.png,23
869.png,5
869.png,14
869.png,70
869.png,60
869.png,48
869.png,20
869.png,15
869.png,50
869.png,1
869.png,62
870.png,84
870.png,67
870.png,81
870.png,46
870.png,28
870.png,89
870.png,89
870.png,76
870.png,85
870.png,32
871.png,47
871.png,35
871.png,58
871.png,30
871.png,72
871.png,35
871.png,58
871.png,35
871.png,10
871.png,10
872.png,64
872.png,66
872.png,52
872.png,57
872.png,58
872.png,50
872.png,36
872.png,56
872.png,61
872.png,74
873.png,70
873.png,11
873.png,9
873.png,22
873.png,0
873.png,11
873.png,13
873.png,47
873.png,67
873.png,19
874.png,30
874.png,15
874.png,34
874.png,33
874.png,7
874.png,26
874.png,33
874.png,41
874.png,21
874.png,4
875.png,64
875.png,100
875.png,90
875.png,83
875.png,34
875.png,82
875.png,95
875.png,63
875.png,74
875.png,98
876.png,74
876.png,56
876.png,36
876.png,26
876.png,68
876.png,70
876.png,57
876.png,68
876.png,65
876.png,59
877.png,92
877.png,61
877.png,87
877.png,53
877.png,60
877.png,37
877.png,86
877.png,100
877.png,70
877.png,86
878.png,74
878.png,35
878.png,85
878.png,66
878.png,73
878.png,91
878.png,100
878.png,58
878.png,75
878.png,67
879.png,36
879.png,22
879.png,78
879.png,90
879.png,24
879.png,64
879.png,22
879.png,63
879.png,8
879.png,62
880.png,23
880.png,17
880.png,55
880.png,14
880.png,17
880.png,20
880.png,15
880.png,65
880.png,29
880.png,10
881.png,43
881.png,37
881.png,81
881.png,21
881.png,47
881.png,43
881.png,21
881.png,37
881.png,12
881.png,60
882.png,36
882.png,35
882.png,45
882.png,21
882.png,35
882.png,38
882.png,69
882.png,63
882.png,47
882.png,14
883.png,60
883.png,85
883.png,45
883.png,53
883.png,73
883.png,66
883.png,63
883.png,40
883.png,56
883.png,60
884.png,59
884.png,35
884.png,83
884.png,36
884.png,35
884.png,84
884.png,63
884.png,62
884.png,57
884.png,35
885.png,57
885.png,41
885.png,21
885.png,35
885.png,58
885.png,25
885.png,42
885.png,12
885.png,34
885.png,45
886.png,45
886.png,33
886.png,33
886.png,95
886.png,53
886.png,64
886.png,19
886.png,28
886.png,50
886.png,63
887.png,51
887.png,24
887.png,64
887.png,0
887.png,59
887.png,22
887.png,14
887.png,6
887.png,20
887.png,15
888.png,21
888.png,82
888.png,64
888.png,44
888.png,78
888.png,28
888.png,34
888.png,63
888.png,35
888.png,36
889.png,36
889.png,32
889.png,9
889.png,38
889.png,12
889.png,34
889.png,0
889.png,20
889.png,45
889.png,17
890.png,34
890.png,95
890.png,54
890.png,63
890.png,59
890.png,19
890.png,43
890.png,36
890.png,35
890.png,60
891.png,98
891.png,28
891.png,31
891.png,31
891.png,33
891.png,54
891.png,57
891.png,41
891.png,27
891.png,36
892.png,71
892.png,11
892.png,74
892.png,71
892.png,96
892.png,92
892.png,85
892.png,82
892.png,65
892.png,60
893.png,94
893.png,63
893.png,87
893.png,0
893.png,54
893.png,63
893.png,65
893.png,69
893.png,72
893.png,75
894.png,9
894.png,65
894.png,20
894.png,7
894.png,53
894.png,21
894.png,5
894.png,17
894.png,14
894.png,25
895.png,1
895.png,54
895.png,71
895.png,14
895.png,46
895.png,7
895.png,21
895.png,53
895.png,71
895.png,19
896.png,11
896.png,13
896.png,21
896.png,5
896.png,22
896.png,41
896.png,44
896.png,10
896.png,64
896.png,4
897.png,6
897.png,30
897.png,33
897.png,37
897.png,59
897.png,12
897.png,34
897.png,66
897.png,62
897.png,63
898.png,73
898.png,53
898.png,59
898.png,12
898.png,11
898.png,13
898.png,37
898.png,80
898.png,40
898.png,50
899.png,62
899.png,21
899.png,12
899.png,58
899.png,23
899.png,35
899.png,28
899.png,10
899.png,74
899.png,28
900.png,85
900.png,90
900.png,29
900.png,39
900.png,64
900.png,77
900.png,74
900.png,97
900.png,64
900.png,73
901.png,50
901.png,44
901.png,40
901.png,78
901.png,33
901.png,33
901.png,69
901.png,25
901.png,44
901.png,62
902.png,72
902.png,75
902.png,33
902.png,99
902.png,53
902.png,36
902.png,8
902.png,70
902.png,86
902.png,93
903.png,24
903.png,18
903.png,59
903.png,50
903.png,32
903.png,16
903.png,31
903.png,13
903.png,39
903.png,29
904.png,11
904.png,8
904.png,34
904.png,16
904.png,0
904.png,10
904.png,0
904.png,5
904.png,56
904.png,25
905.png,19
905.png,79
905.png,15
905.png,19
905.png,14
905.png,11
905.png,51
905.png,12
905.png,14
905.png,32
906.png,46
906.png,74
906.png,26
906.png,50
906.png,27
906.png,18
906.png,44
906.png,40
906.png,63
906.png,64
907.png,69
907.png,84
907.png,82
907.png,65
907.png,33
907.png,88
907.png,87
907.png,70
907.png,65
907.png,67
908.png,69
908.png,81
908.png,90
908.png,74
908.png,11
908.png,32
908.png,44
908.png,59
908.png,100
908.png,70
909.png,33
909.png,95
909.png,80
909.png,69
909.png,73
909.png,61
909.png,67
909.png,75
909.png,66
909.png,93
910.png,73
910.png,73
910.png,100
910.png,35
910.png,91
910.png,67
910.png,60
910.png,77
910.png,79
910.png,72
911.png,74
911.png,36
911.png,69
911.png,75
911.png,97
911.png,62
911.png,90
911.png,97
911.png,85
911.png,88
912.png,39
912.png,39
912.png,12
912.png,49
912.png,21
912.png,54
912.png,93
912.png,74
912.png,19
912.png,57
913.png,100
913.png,19
913.png,28
913.png,8
913.png,38
913.png,29
913.png,84
913.png,38
913.png,60
913.png,57
914.png,0
914.png,49
914.png,61
914.png,64
914.png,94
914.png,85
914.png,34
914.png,75
914.png,27
914.png,34
915.png,2
915.png,11
915.png,46
915.png,14
915.png,27
915.png,18
915.png,22
915.png,66
915.png,71
915.png,14
916.png,47
916.png,0
916.png,36
916.png,15
916.png,46
916.png,21
916.png,14
916.png,34
916.png,38
916.png,15
917.png,28
917.png,86
917.png,79
917.png,23
917.png,78
917.png,30
917.png,44
917.png,100
917.png,86
917.png,67
918.png,94
918.png,83
918.png,19
918.png,80
918.png,78
918.png,30
918.png,89
918.png,86
918.png,36
918.png,64
919.png,13
919.png,37
919.png,0
919.png,25
919.png,6
919.png,25
919.png,69
919.png,29
919.png,0
919.png,13
920.png,3
920.png,42
920.png,10
920.png,34
920.png,25
920.png,20
920.png,13
920.png,67
920.png,30
920.png,52
921.png,0
921.png,66
921.png,27
921.png,31
921.png,70
921.png,35
921.png,68
921.png,50
921.png,28
921.png,54
922.png,42
922.png,55
922.png,4
922.png,14
922.png,25
922.png,59
922.png,50
922.png,6
922.png,28
922.png,42
923.png,22
923.png,45
923.png,41
923.png,67
923.png,15
923.png,41
923.png,16
923.png,28
923.png,87
923.png,31
924.png,18
924.png,31
924.png,0
924.png,0
924.png,64
924.png,12
924.png,36
924.png,11
924.png,11
924.png,0
925.png,72
925.png,51
925.png,44
925.png,73
925.png,53
925.png,88
925.png,69
925.png,64
925.png,65
925.png,18
926.png,0
926.png,58
926.png,69
926.png,18
926.png,21
926.png,18
926.png,32
926.png,23
926.png,7
926.png,26
927.png,39
927.png,28
927.png,25
927.png,71
927.png,12
927.png,87
927.png,22
927.png,92
927.png,45
927.png,15
928.png,45
928.png,68
928.png,49
928.png,26
928.png,28
928.png,60
928.png,44
928.png,74
928.png,31
928.png,22
929.png,28
929.png,37
929.png,30
929.png,60
929.png,40
929.png,14
929.png,25
929.png,80
929.png,88
929.png,22
930.png,45
930.png,36
930.png,46
930.png,13
930.png,35
930.png,27
930.png,19
930.png,25
930.png,35
930.png,41
931.png,82
931.png,86
931.png,97
931.png,87
931.png,73
931.png,73
931.png,71
931.png,66
931.png,98
931.png,94
932.png,15
932.png,34
932.png,65
932.png,61
932.png,39
932.png,31
932.png,4
932.png,14
932.png,23
932.png,72
933.png,36
933.png,49
933.png,33
933.png,78
933.png,30
933.png,16
933.png,45
933.png,21
933.png,30
933.png,34
934.png,79
934.png,81
934.png,85
934.png,75
934.png,80
934.png,83
934.png,33
934.png,86
934.png,89
934.png,100
935.png,14
935.png,37
935.png,46
935.png,65
935.png,51
935.png,81
935.png,53
935.png,86
935.png,90
935.png,54
936.png,20
936.png,46
936.png,44
936.png,62
936.png,66
936.png,36
936.png,37
936.png,19
936.png,88
936.png,49
937.png,14
937.png,15
937.png,96
937.png,26
937.png,33
937.png,9
937.png,33
937.png,28
937.png,46
937.png,16
938.png,69
938.png,61
938.png,68
938.png,30
938.png,64
938.png,34
938.png,76
938.png,43
938.png,46
938.png,46
939.png,68
939.png,82
939.png,38
939.png,64
939.png,85
939.png,93
939.png,77
939.png,57
939.png,100
939.png,72
940.png,85
940.png,7
940.png,37
940.png,35
940.png,62
940.png,37
940.png,31
940.png,32
940.png,19
940.png,14
941.png,86
941.png,82
941.png,73
941.png,82
941.png,89
941.png,65
941.png,69
941.png,80
941.png,62
941.png,71
942.png,64
942.png,31
942.png,55
942.png,18
942.png,35
942.png,31
942.png,41
942.png,19
942.png,16
942.png,17
943.png,62
943.png,39
943.png,30
943.png,64
943.png,27
943.png,67
943.png,34
943.png,57
943.png,67
943.png,63
944.png,28
944.png,45
944.png,71
944.png,39
944.png,64
944.png,90
944.png,72
944.png,57
944.png,89
944.png,41
945.png,50
945.png,23
945.png,5
945.png,2
945.png,28
945.png,27
945.png,63
945.png,18
945.png,0
945.png,24
946.png,66
946.png,88
946.png,76
946.png,30
946.png,97
946.png,81
946.png,81
946.png,82
946.png,59
946.png,83
947.png,0
947.png,50
947.png,33
947.png,56
947.png,16
947.png,41
947.png,34
947.png,31
947.png,59
947.png,24
948.png,76
948.png,82
948.png,95
948.png,39
948.png,77
948.png,63
948.png,100
948.png,19
948.png,38
948.png,78
949.png,83
949.png,66
949.png,60
949.png,34
949.png,52
949.png,87
949.png,93
949.png,64
949.png,96
949.png,57
950.png,35
950.png,80
950.png,63
950.png,100
950.png,67
950.png,71
950.png,62
950.png,97
950.png,98
950.png,82
951.png,36
951.png,76
951.png,18
951.png,61
951.png,76
951.png,19
951.png,16
951.png,31
951.png,33
951.png,37
952.png,47
952.png,60
952.png,49
952.png,64
952.png,35
952.png,99
952.png,28
952.png,58
952.png,41
952.png,45
953.png,30
953.png,61
953.png,20
953.png,1
953.png,41
953.png,16
953.png,0
953.png,94
953.png,25
953.png,0
954.png,65
954.png,75
954.png,67
954.png,69
954.png,83
954.png,81
954.png,31
954.png,73
954.png,67
954.png,74
955.png,37
955.png,38
955.png,22
955.png,14
955.png,13
955.png,0
955.png,32
955.png,34
955.png,10
955.png,43
956.png,64
956.png,31
956.png,39
956.png,4
956.png,25
956.png,19
956.png,21
956.png,32
956.png,5
956.png,46
957.png,67
957.png,67
957.png,46
957.png,92
957.png,27
957.png,94
957.png,30
957.png,81
957.png,80
957.png,19
958.png,53
958.png,20
958.png,44
958.png,12
958.png,12
958.png,24
958.png,49
958.png,14
958.png,10
958.png,35
959.png,75
959.png,81
959.png,98
959.png,93
959.png,63
959.png,88
959.png,79
959.png,79
959.png,99
959.png,4
960.png,42
960.png,56
960.png,38
960.png,32
960.png,65
960.png,72
960.png,26
960.png,0
960.png,77
960.png,36
961.png,15
961.png,23
961.png,27
961.png,30
961.png,15
961.png,64
961.png,14
961.png,11
961.png,42
961.png,14
962.png,60
962.png,66
962.png,45
962.png,0
962.png,78
962.png,65
962.png,66
962.png,8
962.png,71
962.png,28
963.png,16
963.png,85
963.png,58
963.png,58
963.png,6
963.png,20
963.png,33
963.png,2
963.png,34
963.png,63
964.png,11
964.png,21
964.png,36
964.png,19
964.png,41
964.png,23
964.png,23
964.png,64
964.png,28
964.png,21
965.png,9
965.png,36
965.png,35
965.png,9
965.png,53
965.png,15
965.png,29
965.png,31
965.png,24
965.png,13
966.png,9
966.png,37
966.png,14
966.png,0
966.png,22
966.png,11
966.png,36
966.png,18
966.png,0
966.png,1
967.png,17
967.png,9
967.png,26
967.png,6
967.png,32
967.png,17
967.png,30
967.png,5
967.png,5
967.png,0
968.png,13
968.png,79
968.png,6
968.png,24
968.png,66
968.png,33
968.png,29
968.png,36
968.png,62
968.png,62
969.png,83
969.png,33
969.png,64
969.png,66
969.png,14
969.png,0
969.png,56
969.png,37
969.png,89
969.png,67
970.png,75
970.png,41
970.png,37
970.png,7
970.png,92
970.png,57
970.png,11
970.png,21
970.png,29
970.png,52
971.png,66
971.png,54
971.png,39
971.png,66
971.png,17
971.png,60
971.png,59
971.png,83
971.png,35
971.png,32
972.png,40
972.png,19
972.png,16
972.png,82
972.png,56
972.png,38
972.png,29
972.png,76
972.png,75
972.png,40
973.png,17
973.png,98
973.png,27
973.png,55
973.png,40
973.png,31
973.png,41
973.png,31
973.png,69
973.png,61
974.png,52
974.png,23
974.png,59
974.png,3
974.png,15
974.png,53
974.png,16
974.png,35
974.png,27
974.png,22
975.png,64
975.png,65
975.png,62
975.png,61
975.png,78
975.png,74
975.png,64
975.png,60
975.png,53
975.png,88
976.png,92
976.png,91
976.png,40
976.png,60
976.png,19
976.png,9
976.png,72
976.png,38
976.png,64
976.png,66
977.png,19
977.png,58
977.png,18
977.png,50
977.png,31
977.png,37
977.png,71
977.png,17
977.png,14
977.png,58
978.png,9
978.png,62
978.png,34
978.png,48
978.png,42
978.png,66
978.png,72
978.png,79
978.png,14
978.png,57
979.png,21
979.png,58
979.png,38
979.png,30
979.png,81
979.png,33
979.png,37
979.png,31
979.png,58
979.png,38
980.png,78
980.png,100
980.png,85
980.png,80
980.png,66
980.png,98
980.png,70
980.png,0
980.png,78
980.png,74
981.png,36
981.png,54
981.png,36
981.png,65
981.png,81
981.png,66
981.png,69
981.png,81
981.png,77
981.png,60
982.png,78
982.png,63
982.png,64
982.png,92
982.png,62
982.png,56
982.png,77
982.png,18
982.png,35
982.png,63
983.png,47
983.png,38
983.png,34
983.png,12
983.png,42
983.png,25
983.png,25
983.png,21
983.png,31
983.png,64
984.png,2
984.png,44
984.png,13
984.png,8
984.png,23
984.png,35
984.png,33
984.png,45
984.png,28
984.png,14
985.png,66
985.png,32
985.png,0
985.png,19
985.png,27
985.png,9
985.png,39
985.png,34
985.png,33
985.png,12
986.png,5
986.png,14
986.png,27
986.png,36
986.png,67
986.png,26
986.png,32
986.png,19
986.png,0
986.png,25
987.png,32
987.png,71
987.png,26
987.png,36
987.png,82
987.png,63
987.png,73
987.png,66
987.png,35
987.png,58
988.png,11
988.png,10
988.png,34
988.png,13
988.png,63
988.png,3
988.png,33
988.png,13
988.png,9
988.png,22
989.png,96
989.png,84
989.png,93
989.png,55
989.png,75
989.png,86
989.png,0
989.png,77
989.png,85
989.png,32
990.png,32
990.png,14
990.png,76
990.png,76
990.png,11
990.png,34
990.png,28
990.png,33
990.png,76
990.png,33
991.png,66
991.png,72
991.png,86
991.png,39
991.png,47
991.png,98
991.png,67
991.png,39
991.png,30
991.png,75
992.png,74
992.png,71
992.png,97
992.png,66
992.png,100
992.png,77
992.png,82
992.png,75
992.png,94
992.png,64
993.png,0
993.png,31
993.png,75
993.png,38
993.png,46
993.png,29
993.png,61
993.png,32
993.png,34
993.png,39
994.png,69
994.png,96
994.png,69
994.png,78
994.png,95
994.png,85
994.png,84
994.png,66
994.png,71
994.png,84
995.png,24
995.png,29
995.png,25
995.png,4
995.png,24
995.png,19
995.png,18
995.png,12
995.png,37
995.png,47
996.png,0
996.png,36
996.png,63
996.png,0
996.png,36
996.png,14
996.png,21
996.png,28
996.png,20
996.png,75
997.png,46
997.png,25
997.png,25
997.png,62
997.png,89
997.png,12
997.png,69
997.png,59
997.png,89
997.png,69
998.png,20
998.png,24
998.png,79
998.png,34
998.png,32
998.png,45
998.png,68
998.png,3
998.png,64
998.png,60
999.png,0
999.png,95
999.png,68
999.png,24
999.png,25
999.png,26
999.png,75
999.png,58
999.png,66
999.png,17
1000.png,53
1000.png,79
1000.png,71
1000.png,27
1000.png,81
1000.png,19
1000.png,86
1000.png,24
1000.png,83
1000.png,38
1001.png,81
1001.png,89
1001.png,65
1001.png,59
1001.png,77
1001.png,54
1001.png,25
1001.png,92
1001.png,67
1001.png,44
1002.png,17
1002.png,35
1002.png,96
1002.png,34
1002.png,66
1002.png,70
1002.png,70
1002.png,72
1002.png,24
1002.png,41
1003.png,45
1003.png,82
1003.png,83
1003.png,27
1003.png,71
1003.png,63
1003.png,70
1003.png,57
1003.png,92
1003.png,62
1004.png,80
1004.png,87
1004.png,77
1004.png,67
1004.png,83
1004.png,93
1004.png,72
1004.png,62
1004.png,82
1004.png,35
1005.png,67
1005.png,43
1005.png,21
1005.png,64
1005.png,79
1005.png,70
1005.png,96
1005.png,34
1005.png,57
1005.png,58
1006.png,21
1006.png,66
1006.png,83
1006.png,96
1006.png,70
1006.png,80
1006.png,63
1006.png,64
1006.png,86
1006.png,64
1007.png,59
1007.png,64
1007.png,43
1007.png,79
1007.png,54
1007.png,67
1007.png,9
1007.png,39
1007.png,17
1007.png,46
1008.png,66
1008.png,81
1008.png,85
1008.png,65
1008.png,95
1008.png,32
1008.png,31
1008.png,86
1008.png,48
1008.png,28
1009.png,39
1009.png,29
1009.png,30
1009.png,59
1009.png,74
1009.png,13
1009.png,24
1009.png,83
1009.png,40
1009.png,13
1010.png,98
1010.png,27
1010.png,33
1010.png,33
1010.png,50
1010.png,59
1010.png,25
1010.png,83
1010.png,48
1010.png,11
1011.png,81
1011.png,95
1011.png,87
1011.png,94
1011.png,65
1011.png,6
1011.png,26
1011.png,78
1011.png,76
1011.png,93
1012.png,37
1012.png,42
1012.png,10
1012.png,64
1012.png,63
1012.png,89
1012.png,77
1012.png,42
1012.png,31
1012.png,64
1013.png,33
1013.png,85
1013.png,96
1013.png,69
1013.png,77
1013.png,80
1013.png,94
1013.png,98
1013.png,83
1013.png,76
1014.png,33
1014.png,38
1014.png,30
1014.png,25
1014.png,43
1014.png,62
1014.png,77
1014.png,75
1014.png,62
1014.png,6
1015.png,50
1015.png,76
1015.png,65
1015.png,88
1015.png,13
1015.png,37
1015.png,76
1015.png,88
1015.png,47
1015.png,3
1016.png,10
1016.png,3
1016.png,0
1016.png,0
1016.png,0
1016.png,5
1016.png,25
1016.png,0
1016.png,87
1016.png,14
1017.png,2
1017.png,0
1017.png,11
1017.png,25
1017.png,26
1017.png,10
1017.png,0
1017.png,25
1017.png,14
1017.png,0
1018.png,91
1018.png,86
1018.png,1
1018.png,58
1018.png,100
1018.png,91
1018.png,100
1018.png,100
1018.png,100
1018.png,100
1019.png,37
1019.png,68
1019.png,13
1019.png,66
1019.png,62
1019.png,71
1019.png,8
1019.png,64
1019.png,93
1019.png,63
1020.png,15
1020.png,23
1020.png,0
1020.png,0
1020.png,8
1020.png,5
1020.png,3
1020.png,21
1020.png,24
1020.png,11
1021.png,74
1021.png,12
1021.png,77
1021.png,84
1021.png,97
1021.png,44
1021.png,52
1021.png,72
1021.png,19
1021.png,25
1022.png,0
1022.png,25
1022.png,0
1022.png,0
1022.png,12
1022.png,0
1022.png,12
1022.png,20
1022.png,8
1022.png,0
1023.png,2
1023.png,31
1023.png,0
1023.png,0
1023.png,11
1023.png,6
1023.png,24
1023.png,24
1023.png,0
1023.png,0
1024.png,100
1024.png,98
1024.png,92
1024.png,100
1024.png,100
1024.png,76
1024.png,100
1024.png,100
1024.png,100
1024.png,58
1025.png,8
1025.png,5
1025.png,50
1025.png,14
1025.png,27
1025.png,40
1025.png,49
1025.png,24
1025.png,60
1025.png,26
1026.png,100
1026.png,25
1026.png,76
1026.png,100
1026.png,62
1026.png,72
1026.png,95
1026.png,75
1026.png,74
1026.png,66
1027.png,70
1027.png,89
1027.png,21
1027.png,37
1027.png,83
1027.png,50
1027.png,75
1027.png,50
1027.png,100
1027.png,13
1028.png,59
1028.png,88
1028.png,77
1028.png,74
1028.png,40
1028.png,26
1028.png,87
1028.png,29
1028.png,87
1028.png,68
1029.png,37
1029.png,64
1029.png,100
1029.png,94
1029.png,74
1029.png,100
1029.png,100
1029.png,100
1029.png,100
1029.png,100
1030.png,29
1030.png,1
1030.png,18
1030.png,36
1030.png,8
1030.png,0
1030.png,0
1030.png,5
1030.png,0
1030.png,8
1031.png,54
1031.png,86
1031.png,100
1031.png,100
1031.png,56
1031.png,75
1031.png,94
1031.png,91
1031.png,92
1031.png,79
1032.png,100
1032.png,84
1032.png,100
1032.png,100
1032.png,86
1032.png,100
1032.png,100
1032.png,93
1032.png,93
1032.png,54
1033.png,87
1033.png,19
1033.png,86
1033.png,83
1033.png,0
1033.png,23
1033.png,29
1033.png,24
1033.png,64
1033.png,40
1034.png,88
1034.png,75
1034.png,100
1034.png,63
1034.png,88
1034.png,58
1034.png,76
1034.png,88
1034.png,32
1034.png,76
1035.png,21
1035.png,26
1035.png,16
1035.png,24
1035.png,29
1035.png,25
1035.png,75
1035.png,27
1035.png,49
1035.png,35
1036.png,0
1036.png,75
1036.png,18
1036.png,45
1036.png,37
1036.png,46
1036.png,35
1036.png,40
1036.png,62
1036.png,64
1037.png,0
1037.png,10
1037.png,10
1037.png,10
1037.png,25
1037.png,5
1037.png,10
1037.png,0
1037.png,18
1037.png,26
1038.png,85
1038.png,100
1038.png,100
1038.png,96
1038.png,61
1038.png,87
1038.png,100
1038.png,76
1038.png,25
1038.png,56
1039.png,37
1039.png,100
1039.png,100
1039.png,100
1039.png,64
1039.png,100
1039.png,91
1039.png,88
1039.png,63
1039.png,93
1040.png,100
1040.png,72
1040.png,100
1040.png,98
1040.png,89
1040.png,69
1040.png,42
1040.png,100
1040.png,99
1040.png,81
1041.png,100
1041.png,73
1041.png,25
1041.png,74
1041.png,86
1041.png,95
1041.png,93
1041.png,68
1041.png,100
1041.png,77
1042.png,69
1042.png,46
1042.png,63
1042.png,54
1042.png,17
1042.png,75
1042.png,75
1042.png,46
1042.png,75
1042.png,61
1043.png,5
1043.png,35
1043.png,0
1043.png,42
1043.png,7
1043.png,12
1043.png,0
1043.png,46
1043.png,23
1043.png,49
1044.png,63
1044.png,100
1044.png,65
1044.png,44
1044.png,87
1044.png,87
1044.png,100
1044.png,93
1044.png,49
1044.png,69
1045.png,17
1045.png,74
1045.png,12
1045.png,94
1045.png,20
1045.png,81
1045.png,63
1045.png,36
1045.png,75
1045.png,76
1046.png,37
1046.png,4
1046.png,18
1046.png,0
1046.png,12
1046.png,0
1046.png,25
1046.png,0
1046.png,50
1046.png,13
1047.png,76
1047.png,15
1047.png,37
1047.png,57
1047.png,19
1047.png,25
1047.png,12
1047.png,35
1047.png,64
1047.png,25
1048.png,94
1048.png,51
1048.png,61
1048.png,90
1048.png,100
1048.png,76
1048.png,100
1048.png,100
1048.png,80
1048.png,100
1049.png,64
1049.png,31
1049.png,50
1049.png,75
1049.png,80
1049.png,50
1049.png,84
1049.png,100
1049.png,90
1049.png,100
1050.png,88
1050.png,100
1050.png,74
1050.png,100
1050.png,68
1050.png,100
1050.png,66
1050.png,85
1050.png,80
1050.png,100
1051.png,33
1051.png,50
1051.png,100
1051.png,41
1051.png,74
1051.png,5
1051.png,74
1051.png,45
1051.png,36
1051.png,40
1052.png,86
1052.png,64
1052.png,100
1052.png,63
1052.png,100
1052.png,74
1052.png,64
1052.png,0
1052.png,100
1052.png,26
1053.png,62
1053.png,78
1053.png,62
1053.png,36
1053.png,22
1053.png,37
1053.png,43
1053.png,25
1053.png,18
1053.png,57
1054.png,42
1054.png,30
1054.png,5
1054.png,25
1054.png,25
1054.png,88
1054.png,63
1054.png,60
1054.png,58
1054.png,25
1055.png,100
1055.png,82
1055.png,30
1055.png,39
1055.png,37
1055.png,41
1055.png,68
1055.png,53
1055.png,83
1055.png,88
1056.png,28
1056.png,20
1056.png,54
1056.png,20
1056.png,12
1056.png,0
1056.png,12
1056.png,22
1056.png,0
1056.png,0
1057.png,34
1057.png,75
1057.png,0
1057.png,90
1057.png,57
1057.png,81
1057.png,49
1057.png,36
1057.png,36
1057.png,56
1058.png,0
1058.png,91
1058.png,43
1058.png,2
1058.png,0
1058.png,33
1058.png,37
1058.png,49
1058.png,26
1058.png,0
1059.png,61
1059.png,53
1059.png,86
1059.png,64
1059.png,100
1059.png,89
1059.png,66
1059.png,100
1059.png,49
1059.png,98
1060.png,41
1060.png,6
1060.png,19
1060.png,24
1060.png,13
1060.png,15
1060.png,0
1060.png,23
1060.png,6
1060.png,0
1061.png,62
1061.png,86
1061.png,25
1061.png,32
1061.png,95
1061.png,29
1061.png,75
1061.png,81
1061.png,85
1061.png,58
1062.png,100
1062.png,98
1062.png,78
1062.png,35
1062.png,68
1062.png,55
1062.png,75
1062.png,93
1062.png,100
1062.png,41
1063.png,92
1063.png,96
1063.png,79
1063.png,68
1063.png,75
1063.png,100
1063.png,100
1063.png,44
1063.png,100
1063.png,66
1064.png,17
1064.png,0
1064.png,0
1064.png,13
1064.png,0
1064.png,59
1064.png,36
1064.png,10
1064.png,5
1064.png,25
1065.png,78
1065.png,75
1065.png,100
1065.png,72
1065.png,50
1065.png,95
1065.png,100
1065.png,100
1065.png,23
1065.png,34
1066.png,100
1066.png,65
1066.png,80
1066.png,88
1066.png,64
1066.png,100
1066.png,95
1066.png,100
1066.png,100
1066.png,100
1067.png,75
1067.png,94
1067.png,66
1067.png,100
1067.png,66
1067.png,93
1067.png,99
1067.png,90
1067.png,88
1067.png,41
1068.png,37
1068.png,45
1068.png,27
1068.png,31
1068.png,25
1068.png,34
1068.png,23
1068.png,26
1068.png,0
1068.png,42
1069.png,100
1069.png,41
1069.png,60
1069.png,87
1069.png,62
1069.png,81
1069.png,39
1069.png,74
1069.png,24
1069.png,60
1070.png,75
1070.png,100
1070.png,75
1070.png,76
1070.png,73
1070.png,96
1070.png,100
1070.png,100
1070.png,100
1070.png,14
1071.png,77
1071.png,100
1071.png,38
1071.png,100
1071.png,31
1071.png,50
1071.png,66
1071.png,42
1071.png,75
1071.png,61
1072.png,25
1072.png,0
1072.png,37
1072.png,50
1072.png,16
1072.png,37
1072.png,36
1072.png,1
1072.png,22
1072.png,25
1073.png,0
1073.png,8
1073.png,0
1073.png,0
1073.png,0
1073.png,4
1073.png,25
1073.png,0
1073.png,36
1073.png,9
1074.png,88
1074.png,49
1074.png,54
1074.png,100
1074.png,100
1074.png,78
1074.png,90
1074.png,87
1074.png,100
1074.png,85
1075.png,63
1075.png,46
1075.png,26
1075.png,14
1075.png,5
1075.png,32
1075.png,48
1075.png,50
1075.png,63
1075.png,75
1076.png,83
1076.png,100
1076.png,92
1076.png,100
1076.png,100
1076.png,100
1076.png,78
1076.png,88
1076.png,100
1076.png,100
1077.png,50
1077.png,63
1077.png,39
1077.png,72
1077.png,49
1077.png,69
1077.png,61
1077.png,17
1077.png,50
1077.png,32
1078.png,25
1078.png,62
1078.png,76
1078.png,58
1078.png,75
1078.png,90
1078.png,35
1078.png,100
1078.png,77
1078.png,75
1079.png,63
1079.png,100
1079.png,50
1079.png,100
1079.png,90
1079.png,73
1079.png,100
1079.png,58
1079.png,64
1079.png,89
1080.png,41
1080.png,36
1080.png,55
1080.png,50
1080.png,75
1080.png,49
1080.png,53
1080.png,50
1080.png,8
1080.png,28
1081.png,76
1081.png,23
1081.png,13
1081.png,41
1081.png,24
1081.png,0
1081.png,29
1081.png,9
1081.png,25
1081.png,55
1082.png,11
1082.png,16
1082.png,20
1082.png,0
1082.png,0
1082.png,38
1082.png,25
1082.png,26
1082.png,53
1082.png,77
1083.png,58
1083.png,77
1083.png,77
1083.png,68
1083.png,49
1083.png,100
1083.png,61
1083.png,73
1083.png,24
1083.png,50
1084.png,93
1084.png,100
1084.png,95
1084.png,75
1084.png,35
1084.png,75
1084.png,100
1084.png,16
1084.png,79
1084.png,56
1085.png,100
1085.png,76
1085.png,78
1085.png,49
1085.png,100
1085.png,85
1085.png,37
1085.png,85
1085.png,58
1085.png,51
1086.png,0
1086.png,63
1086.png,27
1086.png,4
1086.png,23
1086.png,56
1086.png,26
1086.png,25
1086.png,21
1086.png,75
1087.png,12
1087.png,30
1087.png,23
1087.png,0
1087.png,0
1087.png,63
1087.png,26
1087.png,0
1087.png,62
1087.png,23
1088.png,92
1088.png,76
1088.png,0
1088.png,25
1088.png,0
1088.png,14
1088.png,18
1088.png,55
1088.png,24
1088.png,23
1089.png,100
1089.png,100
1089.png,44
1089.png,71
1089.png,94
1089.png,100
1089.png,47
1089.png,77
1089.png,100
1089.png,86
1090.png,75
1090.png,25
1090.png,91
1090.png,67
1090.png,100
1090.png,81
1090.png,90
1090.png,75
1090.png,100
1090.png,86
1091.png,66
1091.png,38
1091.png,27
1091.png,13
1091.png,36
1091.png,10
1091.png,39
1091.png,5
1091.png,14
1091.png,0
1092.png,100
1092.png,89
1092.png,79
1092.png,62
1092.png,78
1092.png,39
1092.png,63
1092.png,40
1092.png,73
1092.png,38
1093.png,59
1093.png,15
1093.png,61
1093.png,0
1093.png,32
1093.png,37
1093.png,25
1093.png,17
1093.png,25
1093.png,21
1094.png,13
1094.png,18
1094.png,51
1094.png,0
1094.png,0
1094.png,39
1094.png,21
1094.png,10
1094.png,75
1094.png,6
1095.png,5
1095.png,27
1095.png,24
1095.png,75
1095.png,0
1095.png,18
1095.png,0
1095.png,7
1095.png,13
1095.png,26
1096.png,0
1096.png,100
1096.png,49
1096.png,100
1096.png,98
1096.png,88
1096.png,69
1096.png,92
1096.png,76
1096.png,68
1097.png,15
1097.png,25
1097.png,0
1097.png,60
1097.png,40
1097.png,0
1097.png,14
1097.png,50
1097.png,0
1097.png,39
1098.png,100
1098.png,63
1098.png,75
1098.png,58
1098.png,36
1098.png,24
1098.png,75
1098.png,75
1098.png,93
1098.png,76
1099.png,74
1099.png,97
1099.png,21
1099.png,74
1099.png,58
1099.png,64
1099.png,82
1099.png,64
1099.png,30
1099.png,100
1100.png,34
1100.png,24
1100.png,61
1100.png,50
1100.png,10
1100.png,9
1100.png,50
1100.png,25
1100.png,34
1100.png,60
1101.png,25
1101.png,3
1101.png,0
1101.png,4
1101.png,0
1101.png,25
1101.png,0
1101.png,0
1101.png,8
1101.png,0
1102.png,10
1102.png,6
1102.png,21
1102.png,0
1102.png,15
1102.png,39
1102.png,35
1102.png,6
1102.png,38
1102.png,5
1103.png,95
1103.png,57
1103.png,50
1103.png,86
1103.png,60
1103.png,51
1103.png,66
1103.png,58
1103.png,72
1103.png,75
1104.png,69
1104.png,100
1104.png,100
1104.png,50
1104.png,94
1104.png,100
1104.png,100
1104.png,61
1104.png,95
1104.png,67
1105.png,50
1105.png,0
1105.png,24
1105.png,50
1105.png,90
1105.png,24
1105.png,15
1105.png,78
1105.png,35
1105.png,63
1106.png,84
1106.png,100
1106.png,88
1106.png,81
1106.png,61
1106.png,89
1106.png,76
1106.png,100
1106.png,100
1106.png,77
1107.png,10
1107.png,67
1107.png,25
1107.png,0
1107.png,0
1107.png,42
1107.png,25
1107.png,24
1107.png,0
1107.png,8
1108.png,15
1108.png,26
1108.png,0
1108.png,30
1108.png,0
1108.png,16
1108.png,25
1108.png,15
1108.png,14
1108.png,0
1109.png,100
1109.png,100
1109.png,71
1109.png,63
1109.png,69
1109.png,98
1109.png,68
1109.png,92
1109.png,88
1109.png,50
1110.png,89
1110.png,86
1110.png,100
1110.png,86
1110.png,72
1110.png,100
1110.png,33
1110.png,90
1110.png,24
1110.png,100
1111.png,65
1111.png,62
1111.png,62
1111.png,100
1111.png,64
1111.png,37
1111.png,38
1111.png,54
1111.png,56
1111.png,45
1112.png,60
1112.png,84
1112.png,9
1112.png,100
1112.png,84
1112.png,100
1112.png,67
1112.png,100
1112.png,76
1112.png,73
1113.png,63
1113.png,92
1113.png,93
1113.png,100
1113.png,81
1113.png,99
1113.png,80
1113.png,100
1113.png,100
1113.png,77
1114.png,100
1114.png,72
1114.png,70
1114.png,100
1114.png,78
1114.png,56
1114.png,100
1114.png,58
1114.png,74
1114.png,76
1115.png,85
1115.png,75
1115.png,67
1115.png,1
1115.png,33
1115.png,40
1115.png,61
1115.png,50
1115.png,76
1115.png,74
1116.png,100
1116.png,85
1116.png,9
1116.png,61
1116.png,25
1116.png,52
1116.png,25
1116.png,75
1116.png,73
1116.png,65
1117.png,100
1117.png,100
1117.png,85
1117.png,100
1117.png,92
1117.png,83
1117.png,94
1117.png,50
1117.png,39
1117.png,98
1118.png,24
1118.png,36
1118.png,74
1118.png,73
1118.png,40
1118.png,82
1118.png,25
1118.png,90
1118.png,23
1118.png,40
1119.png,100
1119.png,84
1119.png,100
1119.png,100
1119.png,75
1119.png,100
1119.png,100
1119.png,76
1119.png,100
1119.png,66
1120.png,26
1120.png,60
1120.png,94
1120.png,60
1120.png,100
1120.png,91
1120.png,36
1120.png,71
1120.png,36
1120.png,87
1121.png,18
1121.png,67
1121.png,55
1121.png,82
1121.png,32
1121.png,65
1121.png,34
1121.png,25
1121.png,38
1121.png,50
1122.png,15
1122.png,36
1122.png,50
1122.png,100
1122.png,50
1122.png,75
1122.png,53
1122.png,37
1122.png,50
1122.png,78
1123.png,25
1123.png,32
1123.png,12
1123.png,7
1123.png,72
1123.png,3
1123.png,0
1123.png,24
1123.png,64
1123.png,37
1124.png,5
1124.png,31
1124.png,25
1124.png,0
1124.png,3
1124.png,21
1124.png,11
1124.png,17
1124.png,14
1124.png,11
1125.png,50
1125.png,100
1125.png,58
1125.png,26
1125.png,62
1125.png,14
1125.png,83
1125.png,54
1125.png,75
1125.png,54
1126.png,59
1126.png,67
1126.png,74
1126.png,79
1126.png,24
1126.png,61
1126.png,100
1126.png,56
1126.png,84
1126.png,13
1127.png,73
1127.png,41
1127.png,54
1127.png,89
1127.png,75
1127.png,12
1127.png,76
1127.png,39
1127.png,60
1127.png,23
1128.png,76
1128.png,100
1128.png,100
1128.png,100
1128.png,87
1128.png,100
1128.png,85
1128.png,76
1128.png,88
1128.png,100
1129.png,36
1129.png,40
1129.png,40
1129.png,13
1129.png,25
1129.png,50
1129.png,16
1129.png,1
1129.png,25
1129.png,59
1130.png,12
1130.png,8
1130.png,0
1130.png,51
1130.png,0
1130.png,0
1130.png,0
1130.png,1
1130.png,0
1130.png,36
1131.png,68
1131.png,63
1131.png,66
1131.png,37
1131.png,55
1131.png,44
1131.png,62
1131.png,44
1131.png,39
1131.png,0
1132.png,75
1132.png,90
1132.png,35
1132.png,75
1132.png,38
1132.png,39
1132.png,59
1132.png,12
1132.png,54
1132.png,32
1133.png,0
1133.png,46
1133.png,86
1133.png,26
1133.png,31
1133.png,0
1133.png,63
1133.png,27
1133.png,74
1133.png,100
1134.png,79
1134.png,93
1134.png,84
1134.png,68
1134.png,90
1134.png,58
1134.png,25
1134.png,85
1134.png,85
1134.png,84
1135.png,19
1135.png,0
1135.png,2
1135.png,75
1135.png,48
1135.png,0
1135.png,51
1135.png,23
1135.png,11
1135.png,29
1136.png,29
1136.png,88
1136.png,42
1136.png,78
1136.png,62
1136.png,95
1136.png,90
1136.png,53
1136.png,75
1136.png,100
1137.png,90
1137.png,100
1137.png,69
1137.png,72
1137.png,90
1137.png,100
1137.png,100
1137.png,75
1137.png,85
1137.png,94
1138.png,72
1138.png,61
1138.png,63
1138.png,76
1138.png,74
1138.png,86
1138.png,55
1138.png,30
1138.png,24
1138.png,74
1139.png,25
1139.png,72
1139.png,43
1139.png,96
1139.png,46
1139.png,50
1139.png,58
1139.png,50
1139.png,48
1139.png,72
1140.png,83
1140.png,16
1140.png,23
1140.png,77
1140.png,44
1140.png,57
1140.png,65
1140.png,75
1140.png,50
1140.png,31
1141.png,26
1141.png,0
1141.png,32
1141.png,0
1141.png,11
1141.png,14
1141.png,24
1141.png,2
1141.png,30
1141.png,13
1142.png,92
1142.png,90
1142.png,100
1142.png,84
1142.png,98
1142.png,93
1142.png,90
1142.png,63
1142.png,100
1142.png,93
1143.png,10
1143.png,7
1143.png,10
1143.png,0
1143.png,32
1143.png,0
1143.png,0
1143.png,1
1143.png,2
1143.png,18
1144.png,75
1144.png,90
1144.png,30
1144.png,72
1144.png,41
1144.png,75
1144.png,100
1144.png,80
1144.png,74
1144.png,25
1145.png,65
1145.png,87
1145.png,50
1145.png,100
1145.png,76
1145.png,27
1145.png,59
1145.png,75
1145.png,23
1145.png,80
1146.png,34
1146.png,0
1146.png,12
1146.png,0
1146.png,33
1146.png,76
1146.png,0
1146.png,12
1146.png,61
1146.png,24
1147.png,11
1147.png,33
1147.png,0
1147.png,0
1147.png,25
1147.png,23
1147.png,5
1147.png,2
1147.png,0
1147.png,17
1148.png,45
1148.png,42
1148.png,58
1148.png,91
1148.png,60
1148.png,13
1148.png,12
1148.png,10
1148.png,48
1148.png,76
1149.png,72
1149.png,37
1149.png,43
1149.png,35
1149.png,74
1149.png,6
1149.png,28
1149.png,25
1149.png,43
1149.png,14
1150.png,60
1150.png,100
1150.png,100
1150.png,32
1150.png,51
1150.png,100
1150.png,100
1150.png,80
1150.png,76
1150.png,98
1151.png,61
1151.png,25
1151.png,46
1151.png,18
1151.png,38
1151.png,9
1151.png,28
1151.png,11
1151.png,0
1151.png,27
1152.png,67
1152.png,58
1152.png,100
1152.png,37
1152.png,25
1152.png,76
1152.png,87
1152.png,78
1152.png,84
1152.png,75
1153.png,8
1153.png,24
1153.png,0
1153.png,21
1153.png,24
1153.png,24
1153.png,30
1153.png,15
1153.png,0
1153.png,15
1154.png,7
1154.png,46
1154.png,9
1154.png,25
1154.png,32
1154.png,34
1154.png,7
1154.png,19
1154.png,32
1154.png,36
1155.png,96
1155.png,94
1155.png,100
1155.png,100
1155.png,40
1155.png,0
1155.png,64
1155.png,67
1155.png,89
1155.png,93
1156.png,100
1156.png,100
1156.png,80
1156.png,61
1156.png,90
1156.png,100
1156.png,100
1156.png,86
1156.png,100
1156.png,86
1157.png,74
1157.png,75
1157.png,74
1157.png,88
1157.png,75
1157.png,50
1157.png,73
1157.png,43
1157.png,100
1157.png,66
1158.png,67
1158.png,94
1158.png,100
1158.png,100
1158.png,100
1158.png,100
1158.png,75
1158.png,77
1158.png,100
1158.png,74
1159.png,9
1159.png,7
1159.png,21
1159.png,14
1159.png,24
1159.png,0
1159.png,39
1159.png,11
1159.png,39
1159.png,12
1160.png,40
1160.png,74
1160.png,22
1160.png,33
1160.png,20
1160.png,0
1160.png,13
1160.png,22
1160.png,22
1160.png,16
1161.png,77
1161.png,91
1161.png,29
1161.png,0
1161.png,59
1161.png,64
1161.png,31
1161.png,61
1161.png,84
1161.png,74
1162.png,100
1162.png,90
1162.png,100
1162.png,76
1162.png,63
1162.png,81
1162.png,86
1162.png,82
1162.png,94
1162.png,80
1163.png,10
1163.png,24
1163.png,25
1163.png,40
1163.png,14
1163.png,8
1163.png,0
1163.png,36
1163.png,16
1163.png,11
1164.png,26
1164.png,64
1164.png,61
1164.png,32
1164.png,26
1164.png,0
1164.png,83
1164.png,0
1164.png,36
1164.png,18
1165.png,90
1165.png,100
1165.png,100
1165.png,85
1165.png,100
1165.png,100
1165.png,32
1165.png,84
1165.png,72
1165.png,75
1166.png,46
1166.png,47
1166.png,9
1166.png,14
1166.png,0
1166.png,24
1166.png,24
1166.png,74
1166.png,57
1166.png,76
1167.png,100
1167.png,52
1167.png,50
1167.png,76
1167.png,43
1167.png,82
1167.png,18
1167.png,90
1167.png,80
1167.png,35
1168.png,37
1168.png,0
1168.png,43
1168.png,1
1168.png,18
1168.png,7
1168.png,27
1168.png,29
1168.png,30
1168.png,0
1169.png,100
1169.png,56
1169.png,32
1169.png,50
1169.png,17
1169.png,57
1169.png,45
1169.png,12
1169.png,16
1169.png,31
1170.png,72
1170.png,100
1170.png,86
1170.png,84
1170.png,83
1170.png,84
1170.png,88
1170.png,95
1170.png,87
1170.png,100
1171.png,68
1171.png,62
1171.png,17
1171.png,50
1171.png,62
1171.png,78
1171.png,54
1171.png,43
1171.png,75
1171.png,74
1172.png,34
1172.png,0
1172.png,50
1172.png,30
1172.png,27
1172.png,24
1172.png,36
1172.png,35
1172.png,8
1172.png,7
1173.png,7
1173.png,26
1173.png,20
1173.png,0
1173.png,30
1173.png,48
1173.png,12
1173.png,100
1173.png,18
1173.png,0
1174.png,27
1174.png,27
1174.png,0
1174.png,32
1174.png,26
1174.png,18
1174.png,0
1174.png,15
1174.png,8
1174.png,46
1175.png,100
1175.png,100
1175.png,99
1175.png,82
1175.png,90
1175.png,88
1175.png,94
1175.png,99
1175.png,100
1175.png,94
1176.png,15
1176.png,68
1176.png,91
1176.png,45
1176.png,100
1176.png,77
1176.png,25
1176.png,90
1176.png,50
1176.png,80
1177.png,96
1177.png,76
1177.png,100
1177.png,100
1177.png,100
1177.png,31
1177.png,100
1177.png,77
1177.png,100
1177.png,88
1178.png,50
1178.png,41
1178.png,61
1178.png,68
1178.png,49
1178.png,82
1178.png,61
1178.png,42
1178.png,88
1178.png,59
1179.png,60
1179.png,58
1179.png,82
1179.png,0
1179.png,31
1179.png,12
1179.png,65
1179.png,39
1179.png,65
1179.png,71
1180.png,86
1180.png,78
1180.png,30
1180.png,100
1180.png,94
1180.png,44
1180.png,100
1180.png,100
1180.png,87
1180.png,98
1181.png,96
1181.png,92
1181.png,95
1181.png,98
1181.png,78
1181.png,25
1181.png,19
1181.png,69
1181.png,87
1181.png,100
1182.png,75
1182.png,85
1182.png,66
1182.png,83
1182.png,100
1182.png,94
1182.png,81
1182.png,80
1182.png,82
1182.png,98
1183.png,1
1183.png,0
1183.png,12
1183.png,0
1183.png,0
1183.png,23
1183.png,1
1183.png,27
1183.png,14
1183.png,10
1184.png,25
1184.png,0
1184.png,60
1184.png,25
1184.png,37
1184.png,0
1184.png,32
1184.png,28
1184.png,32
1184.png,25
1185.png,61
1185.png,24
1185.png,78
1185.png,61
1185.png,69
1185.png,100
1185.png,64
1185.png,100
1185.png,35
1185.png,73
1186.png,89
1186.png,90
1186.png,84
1186.png,32
1186.png,62
1186.png,86
1186.png,100
1186.png,70
1186.png,78
1186.png,100
1187.png,81
1187.png,20
1187.png,75
1187.png,27
1187.png,83
1187.png,24
1187.png,58
1187.png,83
1187.png,62
1187.png,66
1188.png,14
1188.png,26
1188.png,32
1188.png,73
1188.png,36
1188.png,39
1188.png,19
1188.png,26
1188.png,46
1188.png,24
1189.png,25
1189.png,61
1189.png,50
1189.png,9
1189.png,10
1189.png,39
1189.png,27
1189.png,63
1189.png,2
1189.png,29
1190.png,93
1190.png,100
1190.png,67
1190.png,100
1190.png,58
1190.png,5
1190.png,88
1190.png,84
1190.png,93
1190.png,99
1191.png,93
1191.png,50
1191.png,100
1191.png,100
1191.png,100
1191.png,98
1191.png,75
1191.png,100
1191.png,51
1191.png,79
1192.png,63
1192.png,91
1192.png,2
1192.png,25
1192.png,57
1192.png,79
1192.png,84
1192.png,36
1192.png,53
1192.png,69
1193.png,57
1193.png,28
1193.png,63
1193.png,55
1193.png,63
1193.png,64
1193.png,50
1193.png,64
1193.png,76
1193.png,75
1194.png,25
1194.png,0
1194.png,18
1194.png,44
1194.png,3
1194.png,39
1194.png,26
1194.png,18
1194.png,32
1194.png,24
1195.png,69
1195.png,39
1195.png,89
1195.png,49
1195.png,50
1195.png,41
1195.png,26
1195.png,61
1195.png,5
1195.png,0
1196.png,96
1196.png,100
1196.png,100
1196.png,85
1196.png,89
1196.png,86
1196.png,93
1196.png,100
1196.png,100
1196.png,100
1197.png,88
1197.png,99
1197.png,82
1197.png,70
1197.png,92
1197.png,100
1197.png,94
1197.png,100
1197.png,98
1197.png,100
1198.png,77
1198.png,79
1198.png,80
1198.png,44
1198.png,85
1198.png,87
1198.png,76
1198.png,37
1198.png,100
1198.png,100
1199.png,94
1199.png,50
1199.png,94
1199.png,100
1199.png,100
1199.png,83
1199.png,83
1199.png,79
1199.png,9
1199.png,99
1200.png,62
1200.png,67
1200.png,16
1200.png,100
1200.png,3
1200.png,58
1200.png,49
1200.png,34
1200.png,34
1200.png,56
1201.png,73
1201.png,76
1201.png,24
1201.png,60
1201.png,98
1201.png,74
1201.png,86
1201.png,57
1201.png,62
1201.png,100
1202.png,25
1202.png,12
1202.png,13
1202.png,25
1202.png,31
1202.png,90
1202.png,29
1202.png,10
1202.png,0
1202.png,4
1203.png,42
1203.png,59
1203.png,75
1203.png,64
1203.png,74
1203.png,98
1203.png,84
1203.png,82
1203.png,24
1203.png,29
1204.png,50
1204.png,33
1204.png,54
1204.png,23
1204.png,44
1204.png,0
1204.png,75
1204.png,24
1204.png,42
1204.png,10
1205.png,25
1205.png,0
1205.png,5
1205.png,75
1205.png,45
1205.png,75
1205.png,9
1205.png,0
1205.png,38
1205.png,26
1206.png,13
1206.png,27
1206.png,23
1206.png,33
1206.png,27
1206.png,76
1206.png,56
1206.png,33
1206.png,48
1206.png,50
1207.png,99
1207.png,72
1207.png,100
1207.png,87
1207.png,80
1207.png,80
1207.png,82
1207.png,74
1207.png,100
1207.png,92
1208.png,82
1208.png,30
1208.png,100
1208.png,100
1208.png,91
1208.png,60
1208.png,97
1208.png,92
1208.png,98
1208.png,84
1209.png,24
1209.png,25
1209.png,53
1209.png,28
1209.png,11
1209.png,52
1209.png,0
1209.png,57
1209.png,34
1209.png,59
1210.png,64
1210.png,91
1210.png,88
1210.png,56
1210.png,32
1210.png,100
1210.png,74
1210.png,100
1210.png,82
1210.png,74
1211.png,86
1211.png,100
1211.png,66
1211.png,100
1211.png,100
1211.png,100
1211.png,96
1211.png,71
1211.png,99
1211.png,100
1212.png,82
1212.png,70
1212.png,83
1212.png,82
1212.png,100
1212.png,0
1212.png,66
1212.png,23
1212.png,43
1212.png,61
1213.png,78
1213.png,23
1213.png,49
1213.png,12
1213.png,63
1213.png,56
1213.png,24
1213.png,77
1213.png,72
1213.png,25
1214.png,100
1214.png,83
1214.png,100
1214.png,100
1214.png,100
1214.png,99
1214.png,83
1214.png,89
1214.png,81
1214.png,86
1215.png,25
1215.png,49
1215.png,62
1215.png,31
1215.png,36
1215.png,24
1215.png,32
1215.png,100
1215.png,97
1215.png,62
1216.png,68
1216.png,100
1216.png,25
1216.png,87
1216.png,98
1216.png,72
1216.png,67
1216.png,91
1216.png,100
1216.png,67
1217.png,61
1217.png,14
1217.png,33
1217.png,1
1217.png,24
1217.png,63
1217.png,34
1217.png,0
1217.png,38
1217.png,96
1218.png,100
1218.png,100
1218.png,97
1218.png,85
1218.png,78
1218.png,70
1218.png,81
1218.png,100
1218.png,100
1218.png,96
1219.png,72
1219.png,59
1219.png,83
1219.png,85
1219.png,100
1219.png,1
1219.png,71
1219.png,100
1219.png,100
1219.png,83
1220.png,50
1220.png,91
1220.png,74
1220.png,82
1220.png,68
1220.png,62
1220.png,13
1220.png,92
1220.png,37
1220.png,71
1221.png,65
1221.png,76
1221.png,75
1221.png,25
1221.png,59
1221.png,42
1221.png,56
1221.png,18
1221.png,79
1221.png,77
1222.png,9
1222.png,0
1222.png,25
1222.png,25
1222.png,25
1222.png,21
1222.png,0
1222.png,13
1222.png,24
1222.png,46
1223.png,24
1223.png,89
1223.png,75
1223.png,87
1223.png,100
1223.png,100
1223.png,83
1223.png,100
1223.png,77
1223.png,100
1224.png,62
1224.png,90
1224.png,86
1224.png,86
1224.png,75
1224.png,95
1224.png,100
1224.png,100
1224.png,79
1224.png,100
1225.png,84
1225.png,51
1225.png,100
1225.png,70
1225.png,96
1225.png,81
1225.png,97
1225.png,76
1225.png,100
1225.png,100
1226.png,100
1226.png,85
1226.png,85
1226.png,66
1226.png,74
1226.png,76
1226.png,91
1226.png,91
1226.png,79
1226.png,80
1227.png,74
1227.png,63
1227.png,63
1227.png,67
1227.png,64
1227.png,53
1227.png,95
1227.png,65
1227.png,67
1227.png,75
1228.png,75
1228.png,93
1228.png,92
1228.png,75
1228.png,64
1228.png,87
1228.png,96
1228.png,4
1228.png,100
1228.png,98
1229.png,100
1229.png,20
1229.png,100
1229.png,13
1229.png,83
1229.png,20
1229.png,86
1229.png,74
1229.png,9
1229.png,100
1230.png,0
1230.png,21
1230.png,12
1230.png,0
1230.png,0
1230.png,2
1230.png,40
1230.png,0
1230.png,0
1230.png,0
1231.png,58
1231.png,0
1231.png,50
1231.png,14
1231.png,9
1231.png,59
1231.png,39
1231.png,24
1231.png,13
1231.png,36
1232.png,45
1232.png,14
1232.png,18
1232.png,22
1232.png,77
1232.png,59
1232.png,63
1232.png,54
1232.png,10
1232.png,23
1233.png,47
1233.png,75
1233.png,99
1233.png,79
1233.png,100
1233.png,60
1233.png,61
1233.png,85
1233.png,75
1233.png,69
1234.png,27
1234.png,91
1234.png,71
1234.png,100
1234.png,41
1234.png,72
1234.png,100
1234.png,30
1234.png,78
1234.png,65
1235.png,0
1235.png,25
1235.png,0
1235.png,0
1235.png,1
1235.png,0
1235.png,10
1235.png,7
1235.png,14
1235.png,0
1236.png,90
1236.png,82
1236.png,100
1236.png,100
1236.png,100
1236.png,100
1236.png,100
1236.png,81
1236.png,85
1236.png,85
1237.png,34
1237.png,1
1237.png,0
1237.png,0
1237.png,17
1237.png,19
1237.png,16
1237.png,0
1237.png,0
1237.png,32
1238.png,74
1238.png,100
1238.png,84
1238.png,85
1238.png,64
1238.png,92
1238.png,92
1238.png,86
1238.png,85
1238.png,96
1239.png,35
1239.png,26
1239.png,0
1239.png,0
1239.png,13
1239.png,5
1239.png,1
1239.png,6
1239.png,41
1239.png,27
1240.png,35
1240.png,17
1240.png,31
1240.png,0
1240.png,13
1240.png,36
1240.png,50
1240.png,14
1240.png,72
1240.png,52
1241.png,52
1241.png,25
1241.png,10
1241.png,0
1241.png,46
1241.png,54
1241.png,39
1241.png,14
1241.png,31
1241.png,16
1242.png,13
1242.png,98
1242.png,0
1242.png,76
1242.png,81
1242.png,76
1242.png,97
1242.png,15
1242.png,94
1242.png,69
1243.png,90
1243.png,76
1243.png,100
1243.png,56
1243.png,75
1243.png,59
1243.png,73
1243.png,61
1243.png,100
1243.png,100
1244.png,80
1244.png,25
1244.png,58
1244.png,59
1244.png,83
1244.png,75
1244.png,79
1244.png,11
1244.png,56
1244.png,100
1245.png,12
1245.png,0
1245.png,69
1245.png,14
1245.png,0
1245.png,0
1245.png,10
1245.png,13
1245.png,12
1245.png,10
1246.png,2
1246.png,21
1246.png,26
1246.png,13
1246.png,25
1246.png,23
1246.png,0
1246.png,75
1246.png,38
1246.png,8
1247.png,15
1247.png,10
1247.png,8
1247.png,47
1247.png,16
1247.png,17
1247.png,30
1247.png,0
1247.png,0
1247.png,77
1248.png,25
1248.png,64
1248.png,10
1248.png,0
1248.png,11
1248.png,0
1248.png,30
1248.png,41
1248.png,3
1248.png,65
1249.png,0
1249.png,60
1249.png,93
1249.png,12
1249.png,75
1249.png,40
1249.png,39
1249.png,25
1249.png,38
1249.png,39
1250.png,100
1250.png,17
1250.png,100
1250.png,86
1250.png,67
1250.png,99
1250.png,100
1250.png,74
1250.png,100
1250.png,82
1251.png,54
1251.png,63
1251.png,14
1251.png,54
1251.png,80
1251.png,39
1251.png,50
1251.png,34
1251.png,73
1251.png,89
1252.png,25
1252.png,36
1252.png,39
1252.png,9
1252.png,25
1252.png,36
1252.png,32
1252.png,50
1252.png,35
1252.png,64
1253.png,75
1253.png,100
1253.png,92
1253.png,100
1253.png,100
1253.png,100
1253.png,100
1253.png,50
1253.png,100
1253.png,90
1254.png,51
1254.png,58
1254.png,58
1254.png,100
1254.png,100
1254.png,22
1254.png,59
1254.png,50
1254.png,75
1254.png,30
1255.png,24
1255.png,14
1255.png,17
1255.png,31
1255.png,25
1255.png,26
1255.png,28
1255.png,3
1255.png,0
1255.png,41
1256.png,31
1256.png,41
1256.png,24
1256.png,73
1256.png,64
1256.png,35
1256.png,0
1256.png,37
1256.png,23
1256.png,31
1257.png,81
1257.png,91
1257.png,95
1257.png,69
1257.png,19
1257.png,100
1257.png,60
1257.png,64
1257.png,54
1257.png,100
1258.png,86
1258.png,100
1258.png,100
1258.png,98
1258.png,100
1258.png,100
1258.png,84
1258.png,99
1258.png,99
1258.png,76
1259.png,31
1259.png,11
1259.png,13
1259.png,12
1259.png,9
1259.png,28
1259.png,8
1259.png,6
1259.png,76
1259.png,25
1260.png,78
1260.png,100
1260.png,24
1260.png,68
1260.png,61
1260.png,35
1260.png,79
1260.png,93
1260.png,100
1260.png,76
1261.png,32
1261.png,59
1261.png,24
1261.png,36
1261.png,6
1261.png,0
1261.png,24
1261.png,36
1261.png,17
1261.png,21
1262.png,0
1262.png,0
1262.png,26
1262.png,3
1262.png,0
1262.png,22
1262.png,19
1262.png,61
1262.png,16
1262.png,8
1263.png,29
1263.png,12
1263.png,13
1263.png,13
1263.png,25
1263.png,24
1263.png,47
1263.png,25
1263.png,0
1263.png,23
1264.png,13
1264.png,0
1264.png,36
1264.png,40
1264.png,25
1264.png,18
1264.png,37
1264.png,68
1264.png,22
1264.png,59
1265.png,100
1265.png,27
1265.png,78
1265.png,100
1265.png,74
1265.png,75
1265.png,96
1265.png,87
1265.png,22
1265.png,89
1266.png,64
1266.png,100
1266.png,33
1266.png,67
1266.png,91
1266.png,56
1266.png,50
1266.png,67
1266.png,100
1266.png,12
1267.png,24
1267.png,75
1267.png,50
1267.png,60
1267.png,63
1267.png,71
1267.png,34
1267.png,40
1267.png,62
1267.png,85
1268.png,96
1268.png,100
1268.png,93
1268.png,50
1268.png,72
1268.png,77
1268.png,90
1268.png,83
1268.png,99
1268.png,83
1269.png,94
1269.png,90
1269.png,46
1269.png,91
1269.png,86
1269.png,100
1269.png,50
1269.png,64
1269.png,0
1269.png,100
1270.png,34
1270.png,11
1270.png,7
1270.png,9
1270.png,28
1270.png,0
1270.png,25
1270.png,0
1270.png,10
1270.png,0
1271.png,72
1271.png,74
1271.png,40
1271.png,63
1271.png,25
1271.png,23
1271.png,100
1271.png,100
1271.png,60
1271.png,59
1272.png,18
1272.png,100
1272.png,42
1272.png,0
1272.png,29
1272.png,62
1272.png,76
1272.png,72
1272.png,20
1272.png,39
1273.png,0
1273.png,0
1273.png,25
1273.png,21
1273.png,37
1273.png,24
1273.png,14
1273.png,30
1273.png,0
1273.png,0
1274.png,34
1274.png,100
1274.png,11
1274.png,44
1274.png,23
1274.png,56
1274.png,89
1274.png,40
1274.png,74
1274.png,25
1275.png,50
1275.png,64
1275.png,84
1275.png,100
1275.png,0
1275.png,76
1275.png,100
1275.png,76
1275.png,83
1275.png,23
1276.png,93
1276.png,17
1276.png,49
1276.png,7
1276.png,58
1276.png,12
1276.png,0
1276.png,99
1276.png,20
1276.png,64
1277.png,67
1277.png,37
1277.png,65
1277.png,15
1277.png,86
1277.png,73
1277.png,99
1277.png,75
1277.png,88
1277.png,44
1278.png,75
1278.png,71
1278.png,100
1278.png,77
1278.png,67
1278.png,75
1278.png,22
1278.png,24
1278.png,65
1278.png,74
1279.png,86
1279.png,99
1279.png,78
1279.png,96
1279.png,60
1279.png,100
1279.png,100
1279.png,100
1279.png,100
1279.png,79
1280.png,100
1280.png,94
1280.png,55
1280.png,89
1280.png,87
1280.png,77
1280.png,72
1280.png,100
1280.png,63
1280.png,77
1281.png,93
1281.png,24
1281.png,76
1281.png,73
1281.png,74
1281.png,75
1281.png,64
1281.png,68
1281.png,77
1281.png,88
1282.png,46
1282.png,25
1282.png,7
1282.png,31
1282.png,20
1282.png,12
1282.png,33
1282.png,13
1282.png,5
1282.png,0
1283.png,100
1283.png,98
1283.png,100
1283.png,0
1283.png,100
1283.png,69
1283.png,86
1283.png,100
1283.png,93
1283.png,72
1284.png,50
1284.png,100
1284.png,78
1284.png,85
1284.png,96
1284.png,96
1284.png,100
1284.png,64
1284.png,98
1284.png,95
1285.png,26
1285.png,71
1285.png,47
1285.png,92
1285.png,23
1285.png,18
1285.png,63
1285.png,35
1285.png,98
1285.png,62
1286.png,38
1286.png,60
1286.png,72
1286.png,0
1286.png,88
1286.png,98
1286.png,75
1286.png,0
1286.png,99
1286.png,69
1287.png,15
1287.png,37
1287.png,24
1287.png,75
1287.png,57
1287.png,38
1287.png,74
1287.png,83
1287.png,12
1287.png,74
1288.png,83
1288.png,56
1288.png,50
1288.png,36
1288.png,45
1288.png,42
1288.png,62
1288.png,75
1288.png,63
1288.png,7
1289.png,100
1289.png,88
1289.png,65
1289.png,100
1289.png,75
1289.png,93
1289.png,57
1289.png,32
1289.png,69
1289.png,87
1290.png,17
1290.png,23
1290.png,19
1290.png,24
1290.png,22
1290.png,12
1290.png,44
1290.png,25
1290.png,65
1290.png,14
1291.png,98
1291.png,100
1291.png,41
1291.png,100
1291.png,82
1291.png,100
1291.png,64
1291.png,24
1291.png,100
1291.png,90
1292.png,25
1292.png,34
1292.png,20
1292.png,45
1292.png,61
1292.png,25
1292.png,36
1292.png,0
1292.png,50
1292.png,21
1293.png,74
1293.png,100
1293.png,50
1293.png,95
1293.png,77
1293.png,25
1293.png,26
1293.png,75
1293.png,22
1293.png,62
1294.png,45
1294.png,50
1294.png,29
1294.png,38
1294.png,0
1294.png,23
1294.png,47
1294.png,54
1294.png,29
1294.png,0
1295.png,59
1295.png,48
1295.png,68
1295.png,100
1295.png,77
1295.png,74
1295.png,49
1295.png,50
1295.png,21
1295.png,72
1296.png,27
1296.png,0
1296.png,0
1296.png,0
1296.png,17
1296.png,10
1296.png,0
1296.png,5
1296.png,0
1296.png,94
1297.png,24
1297.png,21
1297.png,25
1297.png,0
1297.png,34
1297.png,30
1297.png,20
1297.png,76
1297.png,25
1297.png,18
1298.png,0
1298.png,28
1298.png,19
1298.png,0
1298.png,28
1298.png,0
1298.png,3
1298.png,25
1298.png,24
1298.png,24
1299.png,3
1299.png,24
1299.png,87
1299.png,61
1299.png,43
1299.png,0
1299.png,16
1299.png,53
1299.png,34
1299.png,24
1300.png,27
1300.png,37
1300.png,28
1300.png,35
1300.png,0
1300.png,14
1300.png,39
1300.png,11
1300.png,37
1300.png,15
1301.png,25
1301.png,0
1301.png,57
1301.png,23
1301.png,16
1301.png,15
1301.png,16
1301.png,12
1301.png,2
1301.png,25
1302.png,77
1302.png,90
1302.png,84
1302.png,100
1302.png,91
1302.png,93
1302.png,3
1302.png,81
1302.png,73
1302.png,80
1303.png,35
1303.png,57
1303.png,24
1303.png,13
1303.png,29
1303.png,10
1303.png,46
1303.png,57
1303.png,70
1303.png,84
1304.png,37
1304.png,92
1304.png,33
1304.png,90
1304.png,40
1304.png,39
1304.png,32
1304.png,36
1304.png,25
1304.png,31
1305.png,75
1305.png,36
1305.png,27
1305.png,11
1305.png,9
1305.png,38
1305.png,9
1305.png,31
1305.png,18
1305.png,1
1306.png,40
1306.png,51
1306.png,82
1306.png,59
1306.png,21
1306.png,52
1306.png,52
1306.png,62
1306.png,63
1306.png,71
1307.png,53
1307.png,45
1307.png,65
1307.png,76
1307.png,78
1307.png,85
1307.png,62
1307.png,15
1307.png,61
1307.png,33
1308.png,31
1308.png,75
1308.png,70
1308.png,43
1308.png,56
1308.png,9
1308.png,73
1308.png,38
1308.png,42
1308.png,62
1309.png,76
1309.png,70
1309.png,95
1309.png,84
1309.png,24
1309.png,79
1309.png,83
1309.png,82
1309.png,100
1309.png,27
1310.png,42
1310.png,26
1310.png,31
1310.png,21
1310.png,21
1310.png,35
1310.png,33
1310.png,28
1310.png,24
1310.png,38
1311.png,42
1311.png,55
1311.png,59
1311.png,24
1311.png,19
1311.png,24
1311.png,23
1311.png,35
1311.png,56
1311.png,36
1312.png,59
1312.png,100
1312.png,76
1312.png,60
1312.png,75
1312.png,24
1312.png,74
1312.png,71
1312.png,92
1312.png,68
1313.png,65
1313.png,63
1313.png,38
1313.png,59
1313.png,100
1313.png,51
1313.png,42
1313.png,65
1313.png,32
1313.png,68
1314.png,17
1314.png,34
1314.png,8
1314.png,11
1314.png,83
1314.png,16
1314.png,58
1314.png,36
1314.png,71
1314.png,29
1315.png,73
1315.png,56
1315.png,66
1315.png,72
1315.png,38
1315.png,69
1315.png,1
1315.png,77
1315.png,100
1315.png,70
1316.png,96
1316.png,53
1316.png,24
1316.png,21
1316.png,63
1316.png,6
1316.png,75
1316.png,59
1316.png,52
1316.png,52
1317.png,100
1317.png,72
1317.png,67
1317.png,100
1317.png,75
1317.png,94
1317.png,84
1317.png,78
1317.png,73
1317.png,100
1318.png,92
1318.png,23
1318.png,76
1318.png,76
1318.png,100
1318.png,45
1318.png,66
1318.png,70
1318.png,28
1318.png,100
1319.png,57
1319.png,69
1319.png,81
1319.png,1
1319.png,100
1319.png,70
1319.png,57
1319.png,74
1319.png,69
1319.png,82
1320.png,61
1320.png,70
1320.png,39
1320.png,43
1320.png,34
1320.png,62
1320.png,36
1320.png,56
1320.png,47
1320.png,61
1321.png,6
1321.png,24
1321.png,23
1321.png,25
1321.png,36
1321.png,3
1321.png,10
1321.png,1
1321.png,20
1321.png,36
1322.png,66
1322.png,78
1322.png,83
1322.png,85
1322.png,67
1322.png,76
1322.png,100
1322.png,83
1322.png,61
1322.png,36
1323.png,74
1323.png,23
1323.png,35
1323.png,100
1323.png,44
1323.png,82
1323.png,83
1323.png,76
1323.png,69
1323.png,56
1324.png,30
1324.png,65
1324.png,64
1324.png,46
1324.png,62
1324.png,56
1324.png,42
1324.png,60
1324.png,29
1324.png,87
1325.png,37
1325.png,25
1325.png,45
1325.png,35
1325.png,4
1325.png,9
1325.png,24
1325.png,6
1325.png,45
1325.png,21
1326.png,40
1326.png,22
1326.png,58
1326.png,30
1326.png,74
1326.png,29
1326.png,59
1326.png,73
1326.png,50
1326.png,68
1327.png,27
1327.png,38
1327.png,39
1327.png,50
1327.png,19
1327.png,63
1327.png,21
1327.png,28
1327.png,24
1327.png,50
1328.png,26
1328.png,34
1328.png,63
1328.png,69
1328.png,6
1328.png,51
1328.png,35
1328.png,38
1328.png,64
1328.png,33
1329.png,8
1329.png,57
1329.png,11
1329.png,32
1329.png,69
1329.png,0
1329.png,60
1329.png,32
1329.png,44
1329.png,66
1330.png,34
1330.png,24
1330.png,58
1330.png,40
1330.png,64
1330.png,13
1330.png,2
1330.png,21
1330.png,53
1330.png,66
1331.png,82
1331.png,74
1331.png,100
1331.png,100
1331.png,59
1331.png,84
1331.png,69
1331.png,91
1331.png,0
1331.png,75
1332.png,58
1332.png,55
1332.png,58
1332.png,75
1332.png,50
1332.png,78
1332.png,58
1332.png,66
1332.png,57
1332.png,35
1333.png,70
1333.png,24
1333.png,37
1333.png,90
1333.png,73
1333.png,98
1333.png,68
1333.png,79
1333.png,61
1333.png,100
1334.png,28
1334.png,60
1334.png,41
1334.png,7
1334.png,81
1334.png,49
1334.png,35
1334.png,12
1334.png,6
1334.png,22
1335.png,27
1335.png,50
1335.png,32
1335.png,18
1335.png,67
1335.png,64
1335.png,45
1335.png,60
1335.png,39
1335.png,49
1336.png,58
1336.png,28
1336.png,58
1336.png,38
1336.png,15
1336.png,64
1336.png,74
1336.png,50
1336.png,37
1336.png,45
1337.png,0
1337.png,4
1337.png,74
1337.png,10
1337.png,17
1337.png,24
1337.png,5
1337.png,13
1337.png,24
1337.png,9
1338.png,65
1338.png,87
1338.png,0
1338.png,83
1338.png,81
1338.png,68
1338.png,75
1338.png,72
1338.png,100
1338.png,94
1339.png,23
1339.png,43
1339.png,12
1339.png,59
1339.png,22
1339.png,1
1339.png,58
1339.png,9
1339.png,50
1339.png,56
1340.png,0
1340.png,63
1340.png,77
1340.png,56
1340.png,70
1340.png,65
1340.png,75
1340.png,60
1340.png,78
1340.png,68
1341.png,72
1341.png,72
1341.png,69
1341.png,87
1341.png,98
1341.png,82
1341.png,74
1341.png,100
1341.png,37
1341.png,61
1342.png,70
1342.png,77
1342.png,24
1342.png,81
1342.png,83
1342.png,60
1342.png,100
1342.png,87
1342.png,93
1342.png,76
1343.png,17
1343.png,54
1343.png,33
1343.png,46
1343.png,7
1343.png,45
1343.png,52
1343.png,61
1343.png,55
1343.png,26
1344.png,38
1344.png,41
1344.png,37
1344.png,35
1344.png,45
1344.png,33
1344.png,21
1344.png,5
1344.png,27
1344.png,26
1345.png,8
1345.png,17
1345.png,39
1345.png,15
1345.png,46
1345.png,25
1345.png,18
1345.png,43
1345.png,51
1345.png,39
1346.png,39
1346.png,60
1346.png,70
1346.png,54
1346.png,36
1346.png,65
1346.png,53
1346.png,18
1346.png,44
1346.png,63
1347.png,100
1347.png,72
1347.png,77
1347.png,47
1347.png,87
1347.png,63
1347.png,90
1347.png,75
1347.png,85
1347.png,78
1348.png,71
1348.png,37
1348.png,65
1348.png,69
1348.png,60
1348.png,57
1348.png,71
1348.png,81
1348.png,55
1348.png,24
1349.png,39
1349.png,75
1349.png,59
1349.png,51
1349.png,10
1349.png,31
1349.png,36
1349.png,28
1349.png,59
1349.png,61
1350.png,28
1350.png,3
1350.png,5
1350.png,94
1350.png,13
1350.png,6
1350.png,13
1350.png,7
1350.png,17
1350.png,19
1351.png,73
1351.png,95
1351.png,74
1351.png,72
1351.png,28
1351.png,42
1351.png,3
1351.png,95
1351.png,54
1351.png,69
1352.png,2
1352.png,30
1352.png,24
1352.png,36
1352.png,14
1352.png,25
1352.png,38
1352.png,7
1352.png,32
1352.png,1
1353.png,60
1353.png,92
1353.png,63
1353.png,71
1353.png,43
1353.png,33
1353.png,59
1353.png,56
1353.png,49
1353.png,40
1354.png,73
1354.png,37
1354.png,28
1354.png,21
1354.png,55
1354.png,62
1354.png,31
1354.png,6
1354.png,48
1354.png,21
1355.png,28
1355.png,32
1355.png,41
1355.png,40
1355.png,92
1355.png,19
1355.png,13
1355.png,23
1355.png,35
1355.png,27
1356.png,76
1356.png,91
1356.png,100
1356.png,100
1356.png,86
1356.png,80
1356.png,64
1356.png,100
1356.png,68
1356.png,73
1357.png,36
1357.png,62
1357.png,12
1357.png,40
1357.png,26
1357.png,75
1357.png,45
1357.png,1
1357.png,60
1357.png,36
1358.png,58
1358.png,35
1358.png,41
1358.png,63
1358.png,62
1358.png,43
1358.png,80
1358.png,53
1358.png,42
1358.png,24
1359.png,11
1359.png,37
1359.png,39
1359.png,12
1359.png,11
1359.png,27
1359.png,34
1359.png,40
1359.png,31
1359.png,16
1360.png,46
1360.png,76
1360.png,61
1360.png,35
1360.png,71
1360.png,73
1360.png,68
1360.png,60
1360.png,63
1360.png,75
1361.png,71
1361.png,28
1361.png,36
1361.png,57
1361.png,49
1361.png,51
1361.png,63
1361.png,43
1361.png,71
1361.png,33
1362.png,80
1362.png,93
1362.png,61
1362.png,100
1362.png,64
1362.png,69
1362.png,81
1362.png,100
1362.png,76
1362.png,50
1363.png,7
1363.png,9
1363.png,35
1363.png,67
1363.png,7
1363.png,33
1363.png,76
1363.png,0
1363.png,45
1363.png,34
1364.png,63
1364.png,68
1364.png,65
1364.png,54
1364.png,43
1364.png,40
1364.png,27
1364.png,74
1364.png,59
1364.png,36
1365.png,57
1365.png,22
1365.png,65
1365.png,58
1365.png,62
1365.png,81
1365.png,82
1365.png,7
1365.png,42
1365.png,59
1366.png,59
1366.png,65
1366.png,69
1366.png,67
1366.png,23
1366.png,81
1366.png,88
1366.png,56
1366.png,55
1366.png,52
1367.png,39
1367.png,51
1367.png,28
1367.png,44
1367.png,21
1367.png,68
1367.png,51
1367.png,28
1367.png,28
1367.png,40
1368.png,23
1368.png,41
1368.png,63
1368.png,65
1368.png,46
1368.png,63
1368.png,47
1368.png,60
1368.png,40
1368.png,61
1369.png,54
1369.png,100
1369.png,73
1369.png,50
1369.png,40
1369.png,73
1369.png,72
1369.png,71
1369.png,33
1369.png,3
1370.png,46
1370.png,33
1370.png,90
1370.png,25
1370.png,35
1370.png,26
1370.png,66
1370.png,50
1370.png,20
1370.png,25
1371.png,83
1371.png,0
1371.png,85
1371.png,68
1371.png,100
1371.png,88
1371.png,77
1371.png,100
1371.png,80
1371.png,85
1372.png,100
1372.png,98
1372.png,100
1372.png,87
1372.png,50
1372.png,78
1372.png,83
1372.png,90
1372.png,62
1372.png,87
1373.png,46
1373.png,21
1373.png,49
1373.png,57
1373.png,39
1373.png,50
1373.png,38
1373.png,55
1373.png,69
1373.png,61
1374.png,100
1374.png,85
1374.png,89
1374.png,76
1374.png,60
1374.png,82
1374.png,67
1374.png,81
1374.png,64
1374.png,99
1375.png,100
1375.png,34
1375.png,74
1375.png,51
1375.png,47
1375.png,73
1375.png,60
1375.png,60
1375.png,66
1375.png,46
1376.png,78
1376.png,56
1376.png,74
1376.png,69
1376.png,56
1376.png,78
1376.png,65
1376.png,67
1376.png,63
1376.png,65
1377.png,45
1377.png,67
1377.png,82
1377.png,68
1377.png,64
1377.png,66
1377.png,65
1377.png,67
1377.png,62
1377.png,72
1378.png,97
1378.png,72
1378.png,43
1378.png,74
1378.png,42
1378.png,67
1378.png,61
1378.png,79
1378.png,100
1378.png,60
1379.png,70
1379.png,76
1379.png,89
1379.png,88
1379.png,69
1379.png,100
1379.png,93
1379.png,30
1379.png,71
1379.png,100
1380.png,92
1380.png,76
1380.png,70
1380.png,72
1380.png,72
1380.png,56
1380.png,100
1380.png,75
1380.png,92
1380.png,78
1381.png,26
1381.png,27
1381.png,50
1381.png,8
1381.png,38
1381.png,39
1381.png,36
1381.png,27
1381.png,68
1381.png,13
1382.png,26
1382.png,44
1382.png,9
1382.png,12
1382.png,77
1382.png,61
1382.png,43
1382.png,34
1382.png,100
1382.png,40
1383.png,21
1383.png,16
1383.png,25
1383.png,23
1383.png,2
1383.png,47
1383.png,31
1383.png,25
1383.png,2
1383.png,22
1384.png,17
1384.png,52
1384.png,22
1384.png,6
1384.png,18
1384.png,26
1384.png,25
1384.png,42
1384.png,34
1384.png,34
1385.png,93
1385.png,92
1385.png,58
1385.png,26
1385.png,22
1385.png,67
1385.png,65
1385.png,87
1385.png,64
1385.png,59
1386.png,62
1386.png,81
1386.png,25
1386.png,62
1386.png,67
1386.png,80
1386.png,77
1386.png,68
1386.png,75
1386.png,64
1387.png,40
1387.png,72
1387.png,23
1387.png,20
1387.png,28
1387.png,32
1387.png,33
1387.png,33
1387.png,20
1387.png,42
1388.png,23
1388.png,29
1388.png,35
1388.png,25
1388.png,32
1388.png,20
1388.png,9
1388.png,3
1388.png,13
1388.png,28
1389.png,61
1389.png,100
1389.png,73
1389.png,100
1389.png,65
1389.png,38
1389.png,99
1389.png,70
1389.png,45
1389.png,58
1390.png,29
1390.png,16
1390.png,34
1390.png,16
1390.png,6
1390.png,21
1390.png,50
1390.png,43
1390.png,50
1390.png,71
1391.png,47
1391.png,2
1391.png,5
1391.png,33
1391.png,50
1391.png,34
1391.png,17
1391.png,18
1391.png,9
1391.png,15
1392.png,100
1392.png,87
1392.png,68
1392.png,79
1392.png,81
1392.png,100
1392.png,58
1392.png,82
1392.png,74
1392.png,55
1393.png,66
1393.png,30
1393.png,44
1393.png,100
1393.png,0
1393.png,16
1393.png,57
1393.png,77
1393.png,100
1393.png,76
1394.png,62
1394.png,54
1394.png,64
1394.png,35
1394.png,50
1394.png,60
1394.png,74
1394.png,59
1394.png,51
1394.png,38
1395.png,67
1395.png,79
1395.png,13
1395.png,73
1395.png,75
1395.png,58
1395.png,54
1395.png,90
1395.png,61
1395.png,68
1396.png,71
1396.png,100
1396.png,85
1396.png,100
1396.png,70
1396.png,100
1396.png,65
1396.png,42
1396.png,80
1396.png,75
1397.png,44
1397.png,66
1397.png,67
1397.png,94
1397.png,72
1397.png,83
1397.png,58
1397.png,59
1397.png,4
1397.png,67
1398.png,71
1398.png,100
1398.png,96
1398.png,88
1398.png,65
1398.png,100
1398.png,38
1398.png,60
1398.png,61
1398.png,61
1399.png,19
1399.png,21
1399.png,30
1399.png,50
1399.png,15
1399.png,25
1399.png,23
1399.png,33
1399.png,31
1399.png,37
1400.png,38
1400.png,1
1400.png,23
1400.png,29
1400.png,17
1400.png,8
1400.png,32
1400.png,30
1400.png,9
1400.png,75
1401.png,37
1401.png,62
1401.png,36
1401.png,57
1401.png,72
1401.png,39
1401.png,54
1401.png,56
1401.png,65
1401.png,37
1402.png,77
1402.png,80
1402.png,36
1402.png,44
1402.png,60
1402.png,72
1402.png,59
1402.png,41
1402.png,50
1402.png,38
1403.png,70
1403.png,73
1403.png,64
1403.png,83
1403.png,67
1403.png,57
1403.png,84
1403.png,66
1403.png,55
1403.png,71
1404.png,51
1404.png,60
1404.png,28
1404.png,71
1404.png,43
1404.png,54
1404.png,43
1404.png,59
1404.png,43
1404.png,66
1405.png,82
1405.png,25
1405.png,87
1405.png,94
1405.png,79
1405.png,18
1405.png,55
1405.png,58
1405.png,24
1405.png,56
1406.png,55
1406.png,74
1406.png,100
1406.png,75
1406.png,58
1406.png,69
1406.png,78
1406.png,62
1406.png,77
1406.png,65
1407.png,63
1407.png,68
1407.png,96
1407.png,74
1407.png,74
1407.png,63
1407.png,82
1407.png,66
1407.png,78
1407.png,61
1408.png,97
1408.png,16
1408.png,40
1408.png,32
1408.png,32
1408.png,33
1408.png,37
1408.png,12
1408.png,4
1408.png,23
1409.png,24
1409.png,36
1409.png,70
1409.png,57
1409.png,59
1409.png,59
1409.png,78
1409.png,39
1409.png,53
1409.png,67
1410.png,67
1410.png,79
1410.png,89
1410.png,60
1410.png,78
1410.png,53
1410.png,65
1410.png,100
1410.png,54
1410.png,64
1411.png,65
1411.png,45
1411.png,20
1411.png,22
1411.png,20
1411.png,6
1411.png,41
1411.png,26
1411.png,18
1411.png,24
1412.png,58
1412.png,76
1412.png,40
1412.png,67
1412.png,59
1412.png,61
1412.png,69
1412.png,65
1412.png,71
1412.png,58
1413.png,56
1413.png,52
1413.png,86
1413.png,11
1413.png,83
1413.png,19
1413.png,34
1413.png,69
1413.png,58
1413.png,56
1414.png,0
1414.png,17
1414.png,13
1414.png,3
1414.png,6
1414.png,20
1414.png,8
1414.png,75
1414.png,0
1414.png,8
1415.png,22
1415.png,25
1415.png,33
1415.png,29
1415.png,24
1415.png,56
1415.png,4
1415.png,8
1415.png,37
1415.png,31
1416.png,93
1416.png,77
1416.png,61
1416.png,73
1416.png,55
1416.png,64
1416.png,58
1416.png,86
1416.png,82
1416.png,100
1417.png,74
1417.png,62
1417.png,44
1417.png,59
1417.png,50
1417.png,70
1417.png,40
1417.png,66
1417.png,46
1417.png,38
1418.png,38
1418.png,53
1418.png,17
1418.png,65
1418.png,73
1418.png,35
1418.png,35
1418.png,53
1418.png,95
1418.png,26
1419.png,75
1419.png,28
1419.png,82
1419.png,60
1419.png,95
1419.png,25
1419.png,59
1419.png,100
1419.png,73
1419.png,79
1420.png,29
1420.png,1
1420.png,9
1420.png,42
1420.png,37
1420.png,26
1420.png,53
1420.png,34
1420.png,58
1420.png,35
1421.png,76
1421.png,69
1421.png,74
1421.png,53
1421.png,77
1421.png,35
1421.png,64
1421.png,94
1421.png,31
1421.png,63
1422.png,13
1422.png,24
1422.png,28
1422.png,30
1422.png,22
1422.png,10
1422.png,50
1422.png,25
1422.png,32
1422.png,7
1423.png,26
1423.png,40
1423.png,41
1423.png,6
1423.png,24
1423.png,62
1423.png,22
1423.png,32
1423.png,19
1423.png,7
1424.png,98
1424.png,45
1424.png,56
1424.png,25
1424.png,54
1424.png,83
1424.png,61
1424.png,48
1424.png,50
1424.png,63
1425.png,57
1425.png,18
1425.png,67
1425.png,70
1425.png,69
1425.png,16
1425.png,51
1425.png,20
1425.png,100
1425.png,37
1426.png,100
1426.png,56
1426.png,68
1426.png,36
1426.png,11
1426.png,94
1426.png,74
1426.png,83
1426.png,44
1426.png,100
1427.png,24
1427.png,61
1427.png,57
1427.png,44
1427.png,6
1427.png,41
1427.png,70
1427.png,0
1427.png,70
1427.png,60
1428.png,100
1428.png,88
1428.png,71
1428.png,67
1428.png,56
1428.png,75
1428.png,75
1428.png,75
1428.png,66
1428.png,82
1429.png,50
1429.png,50
1429.png,17
1429.png,39
1429.png,69
1429.png,38
1429.png,47
1429.png,58
1429.png,31
1429.png,70
1430.png,84
1430.png,68
1430.png,62
1430.png,100
1430.png,74
1430.png,79
1430.png,75
1430.png,81
1430.png,89
1430.png,75
1431.png,93
1431.png,81
1431.png,100
1431.png,100
1431.png,88
1431.png,75
1431.png,82
1431.png,60
1431.png,79
1431.png,90
1432.png,33
1432.png,40
1432.png,30
1432.png,12
1432.png,35
1432.png,33
1432.png,55
1432.png,28
1432.png,34
1432.png,28
1433.png,38
1433.png,4
1433.png,30
1433.png,4
1433.png,70
1433.png,41
1433.png,36
1433.png,7
1433.png,19
1433.png,44
1434.png,53
1434.png,40
1434.png,70
1434.png,66
1434.png,27
1434.png,86
1434.png,39
1434.png,34
1434.png,25
1434.png,35
1435.png,55
1435.png,82
1435.png,81
1435.png,75
1435.png,89
1435.png,77
1435.png,83
1435.png,79
1435.png,40
1435.png,82
1436.png,57
1436.png,51
1436.png,43
1436.png,70
1436.png,61
1436.png,56
1436.png,56
1436.png,100
1436.png,66
1436.png,60
1437.png,37
1437.png,8
1437.png,51
1437.png,54
1437.png,7
1437.png,30
1437.png,25
1437.png,9
1437.png,29
1437.png,39
1438.png,34
1438.png,39
1438.png,42
1438.png,38
1438.png,25
1438.png,10
1438.png,54
1438.png,67
1438.png,71
1438.png,13
1439.png,24
1439.png,96
1439.png,63
1439.png,74
1439.png,74
1439.png,83
1439.png,37
1439.png,68
1439.png,87
1439.png,76
1440.png,65
1440.png,31
1440.png,50
1440.png,37
1440.png,100
1440.png,76
1440.png,47
1440.png,70
1440.png,20
1440.png,65
1441.png,0
1441.png,37
1441.png,50
1441.png,30
1441.png,31
1441.png,39
1441.png,37
1441.png,36
1441.png,65
1441.png,19
1442.png,35
1442.png,2
1442.png,79
1442.png,65
1442.png,65
1442.png,41
1442.png,54
1442.png,63
1442.png,74
1442.png,27
1443.png,68
1443.png,64
1443.png,40
1443.png,64
1443.png,16
1443.png,100
1443.png,98
1443.png,80
1443.png,84
1443.png,59
1444.png,50
1444.png,36
1444.png,11
1444.png,33
1444.png,18
1444.png,28
1444.png,3
1444.png,39
1444.png,31
1444.png,3
1445.png,15
1445.png,74
1445.png,70
1445.png,33
1445.png,67
1445.png,28
1445.png,39
1445.png,46
1445.png,57
1445.png,33
1446.png,78
1446.png,60
1446.png,24
1446.png,69
1446.png,68
1446.png,100
1446.png,49
1446.png,61
1446.png,80
1446.png,66
1447.png,29
1447.png,50
1447.png,26
1447.png,13
1447.png,35
1447.png,43
1447.png,22
1447.png,35
1447.png,50
1447.png,0
1448.png,67
1448.png,57
1448.png,62
1448.png,60
1448.png,28
1448.png,63
1448.png,38
1448.png,43
1448.png,45
1448.png,34
1449.png,74
1449.png,58
1449.png,50
1449.png,38
1449.png,23
1449.png,55
1449.png,19
1449.png,100
1449.png,17
1449.png,49
1450.png,65
1450.png,29
1450.png,56
1450.png,40
1450.png,10
1450.png,53
1450.png,36
1450.png,35
1450.png,61
1450.png,75
1451.png,13
1451.png,75
1451.png,15
1451.png,75
1451.png,21
1451.png,49
1451.png,21
1451.png,8
1451.png,39
1451.png,42
1452.png,60
1452.png,10
1452.png,25
1452.png,51
1452.png,67
1452.png,81
1452.png,60
1452.png,61
1452.png,50
1452.png,56
1453.png,41
1453.png,69
1453.png,12
1453.png,62
1453.png,43
1453.png,22
1453.png,35
1453.png,91
1453.png,66
1453.png,45
1454.png,3
1454.png,44
1454.png,62
1454.png,43
1454.png,0
1454.png,11
1454.png,6
1454.png,40
1454.png,15
1454.png,25
1455.png,73
1455.png,58
1455.png,43
1455.png,56
1455.png,72
1455.png,33
1455.png,37
1455.png,0
1455.png,10
1455.png,75
1456.png,23
1456.png,35
1456.png,62
1456.png,64
1456.png,39
1456.png,62
1456.png,0
1456.png,44
1456.png,67
1456.png,31
1457.png,36
1457.png,17
1457.png,43
1457.png,41
1457.png,38
1457.png,76
1457.png,68
1457.png,41
1457.png,0
1457.png,36
1458.png,24
1458.png,42
1458.png,24
1458.png,57
1458.png,48
1458.png,37
1458.png,29
1458.png,35
1458.png,19
1458.png,50
1459.png,2
1459.png,24
1459.png,8
1459.png,35
1459.png,39
1459.png,26
1459.png,35
1459.png,27
1459.png,0
1459.png,0
1460.png,0
1460.png,38
1460.png,0
1460.png,32
1460.png,10
1460.png,18
1460.png,26
1460.png,0
1460.png,12
1460.png,15
1461.png,41
1461.png,41
1461.png,64
1461.png,62
1461.png,29
1461.png,29
1461.png,56
1461.png,39
1461.png,40
1461.png,32
1462.png,90
1462.png,79
1462.png,38
1462.png,41
1462.png,100
1462.png,97
1462.png,82
1462.png,84
1462.png,25
1462.png,60
1463.png,84
1463.png,47
1463.png,70
1463.png,64
1463.png,100
1463.png,51
1463.png,89
1463.png,57
1463.png,74
1463.png,81
1464.png,41
1464.png,72
1464.png,44
1464.png,29
1464.png,42
1464.png,39
1464.png,10
1464.png,42
1464.png,62
1464.png,21
1465.png,90
1465.png,77
1465.png,84
1465.png,87
1465.png,51
1465.png,59
1465.png,69
1465.png,64
1465.png,59
1465.png,71
1466.png,57
1466.png,60
1466.png,22
1466.png,0
1466.png,41
1466.png,61
1466.png,41
1466.png,43
1466.png,65
1466.png,16
1467.png,37
1467.png,25
1467.png,56
1467.png,0
1467.png,59
1467.png,34
1467.png,23
1467.png,38
1467.png,50
1467.png,13
1468.png,97
1468.png,86
1468.png,77
1468.png,63
1468.png,100
1468.png,45
1468.png,84
1468.png,35
1468.png,61
1468.png,50
1469.png,50
1469.png,59
1469.png,65
1469.png,50
1469.png,66
1469.png,54
1469.png,47
1469.png,62
1469.png,46
1469.png,63
1470.png,26
1470.png,65
1470.png,25
1470.png,59
1470.png,60
1470.png,68
1470.png,50
1470.png,21
1470.png,75
1470.png,30
1471.png,49
1471.png,24
1471.png,45
1471.png,62
1471.png,70
1471.png,15
1471.png,24
1471.png,37
1471.png,35
1471.png,22
1472.png,22
1472.png,50
1472.png,10
1472.png,73
1472.png,56
1472.png,22
1472.png,42
1472.png,28
1472.png,49
1472.png,62
1473.png,28
1473.png,54
1473.png,27
1473.png,56
1473.png,64
1473.png,65
1473.png,5
1473.png,71
1473.png,40
1473.png,30
1474.png,8
1474.png,43
1474.png,75
1474.png,24
1474.png,0
1474.png,25
1474.png,0
1474.png,29
1474.png,35
1474.png,47
1475.png,0
1475.png,0
1475.png,2
1475.png,22
1475.png,54
1475.png,0
1475.png,0
1475.png,0
1475.png,0
1475.png,31
1476.png,18
1476.png,9
1476.png,7
1476.png,28
1476.png,20
1476.png,50
1476.png,29
1476.png,43
1476.png,28
1476.png,62
1477.png,36
1477.png,17
1477.png,19
1477.png,0
1477.png,7
1477.png,31
1477.png,49
1477.png,23
1477.png,27
1477.png,0
1478.png,17
1478.png,19
1478.png,24
1478.png,4
1478.png,9
1478.png,0
1478.png,0
1478.png,13
1478.png,25
1478.png,0
1479.png,84
1479.png,100
1479.png,100
1479.png,100
1479.png,76
1479.png,72
1479.png,92
1479.png,21
1479.png,60
1479.png,78
1480.png,35
1480.png,20
1480.png,70
1480.png,42
1480.png,1
1480.png,35
1480.png,37
1480.png,36
1480.png,6
1480.png,25
1481.png,83
1481.png,8
1481.png,57
1481.png,62
1481.png,76
1481.png,36
1481.png,37
1481.png,76
1481.png,71
1481.png,72
1482.png,39
1482.png,7
1482.png,37
1482.png,5
1482.png,10
1482.png,11
1482.png,17
1482.png,36
1482.png,25
1482.png,25
1483.png,3
1483.png,18
1483.png,7
1483.png,8
1483.png,4
1483.png,0
1483.png,20
1483.png,10
1483.png,15
1483.png,4
1484.png,9
1484.png,29
1484.png,24
1484.png,0
1484.png,50
1484.png,14
1484.png,15
1484.png,12
1484.png,17
1484.png,7
1485.png,31
1485.png,34
1485.png,62
1485.png,59
1485.png,19
1485.png,18
1485.png,50
1485.png,42
1485.png,63
1485.png,16
1486.png,47
1486.png,67
1486.png,30
1486.png,15
1486.png,37
1486.png,38
1486.png,26
1486.png,36
1486.png,42
1486.png,41
1487.png,6
1487.png,37
1487.png,1
1487.png,11
1487.png,15
1487.png,33
1487.png,9
1487.png,7
1487.png,34
1487.png,0
1488.png,0
1488.png,36
1488.png,11
1488.png,29
1488.png,29
1488.png,20
1488.png,30
1488.png,0
1488.png,0
1488.png,15
1489.png,53
1489.png,8
1489.png,64
1489.png,60
1489.png,60
1489.png,23
1489.png,50
1489.png,28
1489.png,74
1489.png,39
1490.png,20
1490.png,42
1490.png,36
1490.png,25
1490.png,14
1490.png,31
1490.png,0
1490.png,0
1490.png,24
1490.png,6
1491.png,74
1491.png,67
1491.png,50
1491.png,21
1491.png,69
1491.png,16
1491.png,70
1491.png,80
1491.png,12
1491.png,42
1492.png,45
1492.png,54
1492.png,57
1492.png,34
1492.png,43
1492.png,25
1492.png,30
1492.png,13
1492.png,12
1492.png,62
1493.png,41
1493.png,58
1493.png,64
1493.png,46
1493.png,16
1493.png,34
1493.png,0
1493.png,30
1493.png,60
1493.png,58
1494.png,31
1494.png,67
1494.png,60
1494.png,40
1494.png,54
1494.png,77
1494.png,41
1494.png,72
1494.png,58
1494.png,64
1495.png,11
1495.png,35
1495.png,25
1495.png,16
1495.png,61
1495.png,17
1495.png,73
1495.png,27
1495.png,32
1495.png,24
1496.png,82
1496.png,97
1496.png,97
1496.png,78
1496.png,96
1496.png,81
1496.png,64
1496.png,78
1496.png,89
1496.png,61
1497.png,56
1497.png,42
1497.png,73
1497.png,63
1497.png,44
1497.png,18
1497.png,57
1497.png,76
1497.png,66
1497.png,37
1498.png,31
1498.png,6
1498.png,33
1498.png,76
1498.png,17
1498.png,0
1498.png,0
1498.png,28
1498.png,33
1498.png,21
1499.png,100
1499.png,72
1499.png,82
1499.png,95
1499.png,38
1499.png,100
1499.png,88
1499.png,52
1499.png,66
1499.png,76
1500.png,84
1500.png,95
1500.png,58
1500.png,75
1500.png,64
1500.png,80
1500.png,86
1500.png,38
1500.png,73
1500.png,29
1501.png,23
1501.png,13
1501.png,25
1501.png,11
1501.png,38
1501.png,26
1501.png,25
1501.png,14
1501.png,42
1501.png,56
1502.png,58
1502.png,68
1502.png,26
1502.png,23
1502.png,61
1502.png,39
1502.png,6
1502.png,61
1502.png,70
1502.png,70
1503.png,26
1503.png,23
1503.png,8
1503.png,67
1503.png,63
1503.png,63
1503.png,60
1503.png,65
1503.png,68
1503.png,66
1504.png,65
1504.png,41
1504.png,18
1504.png,26
1504.png,44
1504.png,40
1504.png,4
1504.png,23
1504.png,13
1504.png,61
1505.png,28
1505.png,16
1505.png,33
1505.png,0
1505.png,25
1505.png,0
1505.png,25
1505.png,14
1505.png,12
1505.png,29
1506.png,8
1506.png,11
1506.png,21
1506.png,22
1506.png,24
1506.png,8
1506.png,14
1506.png,43
1506.png,9
1506.png,5
1507.png,39
1507.png,72
1507.png,95
1507.png,50
1507.png,62
1507.png,44
1507.png,44
1507.png,78
1507.png,38
1507.png,64
1508.png,25
1508.png,0
1508.png,0
1508.png,27
1508.png,25
1508.png,10
1508.png,15
1508.png,10
1508.png,38
1508.png,18
1509.png,87
1509.png,56
1509.png,100
1509.png,83
1509.png,63
1509.png,100
1509.png,61
1509.png,91
1509.png,70
1509.png,48
1510.png,2
1510.png,0
1510.png,0
1510.png,4
1510.png,0
1510.png,41
1510.png,0
1510.png,14
1510.png,7
1510.png,1
1511.png,41
1511.png,45
1511.png,84
1511.png,75
1511.png,30
1511.png,75
1511.png,19
1511.png,5
1511.png,73
1511.png,71
1512.png,65
1512.png,75
1512.png,45
1512.png,46
1512.png,69
1512.png,68
1512.png,5
1512.png,51
1512.png,70
1512.png,43
1513.png,0
1513.png,52
1513.png,26
1513.png,50
1513.png,30
1513.png,16
1513.png,23
1513.png,24
1513.png,2
1513.png,58
1514.png,43
1514.png,38
1514.png,12
1514.png,84
1514.png,62
1514.png,31
1514.png,36
1514.png,61
1514.png,57
1514.png,21
1515.png,5
1515.png,34
1515.png,31
1515.png,50
1515.png,53
1515.png,84
1515.png,12
1515.png,66
1515.png,29
1515.png,65
1516.png,13
1516.png,33
1516.png,34
1516.png,8
1516.png,66
1516.png,15
1516.png,0
1516.png,37
1516.png,7
1516.png,40
1517.png,100
1517.png,26
1517.png,60
1517.png,81
1517.png,54
1517.png,71
1517.png,100
1517.png,51
1517.png,95
1517.png,99
1518.png,54
1518.png,62
1518.png,38
1518.png,44
1518.png,49
1518.png,53
1518.png,16
1518.png,62
1518.png,50
1518.png,60
1519.png,24
1519.png,13
1519.png,57
1519.png,0
1519.png,25
1519.png,29
1519.png,0
1519.png,31
1519.png,36
1519.png,13
1520.png,29
1520.png,62
1520.png,10
1520.png,42
1520.png,0
1520.png,59
1520.png,18
1520.png,41
1520.png,15
1520.png,64
1521.png,21
1521.png,43
1521.png,56
1521.png,85
1521.png,13
1521.png,19
1521.png,61
1521.png,4
1521.png,46
1521.png,31
1522.png,10
1522.png,38
1522.png,81
1522.png,66
1522.png,37
1522.png,27
1522.png,0
1522.png,30
1522.png,26
1522.png,13
1523.png,42
1523.png,36
1523.png,38
1523.png,25
1523.png,35
1523.png,0
1523.png,7
1523.png,17
1523.png,36
1523.png,35
1524.png,47
1524.png,71
1524.png,100
1524.png,78
1524.png,75
1524.png,38
1524.png,18
1524.png,55
1524.png,99
1524.png,33
1525.png,18
1525.png,43
1525.png,43
1525.png,7
1525.png,50
1525.png,0
1525.png,21
1525.png,59
1525.png,43
1525.png,38
1526.png,12
1526.png,40
1526.png,40
1526.png,0
1526.png,36
1526.png,10
1526.png,13
1526.png,16
1526.png,10
1526.png,95
1527.png,45
1527.png,45
1527.png,64
1527.png,52
1527.png,50
1527.png,27
1527.png,65
1527.png,26
1527.png,81
1527.png,49
1528.png,20
1528.png,60
1528.png,25
1528.png,17
1528.png,26
1528.png,18
1528.png,1
1528.png,37
1528.png,39
1528.png,28
1529.png,78
1529.png,98
1529.png,33
1529.png,57
1529.png,53
1529.png,96
1529.png,38
1529.png,8
1529.png,86
1529.png,84
1530.png,42
1530.png,61
1530.png,69
1530.png,75
1530.png,0
1530.png,53
1530.png,42
1530.png,31
1530.png,62
1530.png,58
1531.png,67
1531.png,79
1531.png,67
1531.png,59
1531.png,83
1531.png,73
1531.png,46
1531.png,15
1531.png,28
1531.png,71
1532.png,70
1532.png,11
1532.png,39
1532.png,72
1532.png,42
1532.png,65
1532.png,64
1532.png,46
1532.png,56
1532.png,27
1533.png,99
1533.png,64
1533.png,13
1533.png,60
1533.png,43
1533.png,70
1533.png,74
1533.png,17
1533.png,77
1533.png,74
1534.png,76
1534.png,8
1534.png,42
1534.png,66
1534.png,24
1534.png,28
1534.png,27
1534.png,30
1534.png,0
1534.png,33
1535.png,0
1535.png,17
1535.png,41
1535.png,11
1535.png,8
1535.png,28
1535.png,23
1535.png,0
1535.png,43
1535.png,58
1536.png,71
1536.png,65
1536.png,54
1536.png,78
1536.png,34
1536.png,85
1536.png,73
1536.png,38
1536.png,55
1536.png,52
1537.png,15
1537.png,8
1537.png,58
1537.png,58
1537.png,27
1537.png,80
1537.png,100
1537.png,34
1537.png,38
1537.png,92
1538.png,31
1538.png,100
1538.png,50
1538.png,53
1538.png,0
1538.png,57
1538.png,74
1538.png,100
1538.png,100
1538.png,50
1539.png,30
1539.png,27
1539.png,75
1539.png,71
1539.png,41
1539.png,50
1539.png,34
1539.png,34
1539.png,31
1539.png,5
1540.png,33
1540.png,100
1540.png,14
1540.png,72
1540.png,92
1540.png,68
1540.png,18
1540.png,50
1540.png,50
1540.png,39
1541.png,21
1541.png,17
1541.png,0
1541.png,2
1541.png,0
1541.png,1
1541.png,6
1541.png,38
1541.png,6
1541.png,0
1542.png,38
1542.png,0
1542.png,62
1542.png,0
1542.png,46
1542.png,75
1542.png,19
1542.png,46
1542.png,53
1542.png,8
1543.png,38
1543.png,55
1543.png,5
1543.png,61
1543.png,7
1543.png,20
1543.png,62
1543.png,13
1543.png,42
1543.png,25
1544.png,82
1544.png,100
1544.png,73
1544.png,84
1544.png,79
1544.png,100
1544.png,82
1544.png,38
1544.png,78
1544.png,60
1545.png,62
1545.png,22
1545.png,28
1545.png,16
1545.png,30
1545.png,57
1545.png,0
1545.png,57
1545.png,54
1545.png,58
1546.png,27
1546.png,99
1546.png,58
1546.png,42
1546.png,69
1546.png,71
1546.png,0
1546.png,72
1546.png,0
1546.png,19
1547.png,10
1547.png,11
1547.png,0
1547.png,29
1547.png,0
1547.png,72
1547.png,12
1547.png,7
1547.png,14
1547.png,8
1548.png,41
1548.png,58
1548.png,35
1548.png,34
1548.png,39
1548.png,10
1548.png,33
1548.png,0
1548.png,21
1548.png,43
1549.png,100
1549.png,66
1549.png,43
1549.png,67
1549.png,54
1549.png,81
1549.png,24
1549.png,87
1549.png,80
1549.png,54
1550.png,10
1550.png,62
1550.png,50
1550.png,41
1550.png,37
1550.png,43
1550.png,14
1550.png,67
1550.png,50
1550.png,58
1551.png,95
1551.png,82
1551.png,85
1551.png,58
1551.png,54
1551.png,87
1551.png,63
1551.png,80
1551.png,37
1551.png,21
1552.png,38
1552.png,13
1552.png,33
1552.png,67
1552.png,66
1552.png,43
1552.png,59
1552.png,36
1552.png,65
1552.png,84
1553.png,82
1553.png,36
1553.png,70
1553.png,32
1553.png,53
1553.png,15
1553.png,39
1553.png,57
1553.png,37
1553.png,22
1554.png,57
1554.png,5
1554.png,32
1554.png,21
1554.png,31
1554.png,27
1554.png,30
1554.png,11
1554.png,76
1554.png,27
1555.png,64
1555.png,77
1555.png,66
1555.png,65
1555.png,64
1555.png,39
1555.png,71
1555.png,65
1555.png,79
1555.png,74
1556.png,41
1556.png,26
1556.png,45
1556.png,59
1556.png,35
1556.png,59
1556.png,26
1556.png,44
1556.png,62
1556.png,0
1557.png,28
1557.png,97
1557.png,95
1557.png,77
1557.png,62
1557.png,97
1557.png,52
1557.png,88
1557.png,74
1557.png,86
1558.png,26
1558.png,31
1558.png,30
1558.png,37
1558.png,23
1558.png,1
1558.png,42
1558.png,3
1558.png,86
1558.png,42
1559.png,37
1559.png,49
1559.png,11
1559.png,41
1559.png,0
1559.png,57
1559.png,51
1559.png,35
1559.png,63
1559.png,57
1560.png,7
1560.png,63
1560.png,23
1560.png,19
1560.png,49
1560.png,8
1560.png,24
1560.png,21
1560.png,63
1560.png,55
1561.png,6
1561.png,26
1561.png,26
1561.png,35
1561.png,28
1561.png,63
1561.png,0
1561.png,37
1561.png,17
1561.png,37
1562.png,26
1562.png,75
1562.png,22
1562.png,39
1562.png,36
1562.png,0
1562.png,68
1562.png,75
1562.png,17
1562.png,35
1563.png,50
1563.png,12
1563.png,11
1563.png,66
1563.png,59
1563.png,63
1563.png,38
1563.png,73
1563.png,76
1563.png,59
1564.png,23
1564.png,50
1564.png,100
1564.png,63
1564.png,81
1564.png,75
1564.png,62
1564.png,42
1564.png,78
1564.png,67
1565.png,42
1565.png,27
1565.png,40
1565.png,21
1565.png,28
1565.png,38
1565.png,27
1565.png,23
1565.png,37
1565.png,96
1566.png,15
1566.png,0
1566.png,33
1566.png,12
1566.png,6
1566.png,67
1566.png,15
1566.png,59
1566.png,0
1566.png,11
1567.png,82
1567.png,100
1567.png,90
1567.png,59
1567.png,100
1567.png,88
1567.png,76
1567.png,66
1567.png,35
1567.png,74
1568.png,21
1568.png,54
1568.png,19
1568.png,76
1568.png,69
1568.png,82
1568.png,22
1568.png,77
1568.png,100
1568.png,99
1569.png,57
1569.png,22
1569.png,38
1569.png,21
1569.png,75
1569.png,64
1569.png,41
1569.png,61
1569.png,48
1569.png,40
1570.png,2
1570.png,1
1570.png,0
1570.png,0
1570.png,73
1570.png,0
1570.png,16
1570.png,2
1570.png,4
1570.png,26
1571.png,20
1571.png,63
1571.png,60
1571.png,32
1571.png,100
1571.png,48
1571.png,0
1571.png,71
1571.png,64
1571.png,0
1572.png,28
1572.png,5
1572.png,64
1572.png,43
1572.png,61
1572.png,41
1572.png,25
1572.png,28
1572.png,31
1572.png,63
1573.png,53
1573.png,67
1573.png,61
1573.png,55
1573.png,28
1573.png,75
1573.png,100
1573.png,75
1573.png,45
1573.png,51
1574.png,100
1574.png,27
1574.png,72
1574.png,69
1574.png,27
1574.png,20
1574.png,35
1574.png,68
1574.png,81
1574.png,5
1575.png,74
1575.png,66
1575.png,50
1575.png,37
1575.png,71
1575.png,60
1575.png,80
1575.png,11
1575.png,80
1575.png,69
1576.png,12
1576.png,65
1576.png,0
1576.png,21
1576.png,0
1576.png,14
1576.png,0
1576.png,37
1576.png,24
1576.png,4
1577.png,49
1577.png,86
1577.png,76
1577.png,100
1577.png,70
1577.png,24
1577.png,13
1577.png,81
1577.png,41
1577.png,71
1578.png,82
1578.png,51
1578.png,0
1578.png,67
1578.png,63
1578.png,34
1578.png,69
1578.png,81
1578.png,54
1578.png,63
1579.png,26
1579.png,76
1579.png,11
1579.png,7
1579.png,0
1579.png,0
1579.png,32
1579.png,49
1579.png,15
1579.png,21
1580.png,3
1580.png,30
1580.png,41
1580.png,36
1580.png,13
1580.png,0
1580.png,0
1580.png,39
1580.png,15
1580.png,26
1581.png,68
1581.png,5
1581.png,11
1581.png,37
1581.png,40
1581.png,37
1581.png,34
1581.png,26
1581.png,5
1581.png,34
1582.png,90
1582.png,37
1582.png,62
1582.png,85
1582.png,62
1582.png,75
1582.png,52
1582.png,58
1582.png,43
1582.png,75
1583.png,70
1583.png,31
1583.png,75
1583.png,65
1583.png,44
1583.png,54
1583.png,50
1583.png,37
1583.png,26
1583.png,69
1584.png,38
1584.png,55
1584.png,50
1584.png,34
1584.png,17
1584.png,19
1584.png,37
1584.png,33
1584.png,25
1584.png,27
1585.png,6
1585.png,76
1585.png,39
1585.png,44
1585.png,18
1585.png,7
1585.png,10
1585.png,43
1585.png,28
1585.png,27
1586.png,38
1586.png,37
1586.png,38
1586.png,70
1586.png,68
1586.png,34
1586.png,30
1586.png,45
1586.png,44
1586.png,58
1587.png,23
1587.png,49
1587.png,51
1587.png,64
1587.png,67
1587.png,54
1587.png,42
1587.png,41
1587.png,54
1587.png,43
1588.png,50
1588.png,36
1588.png,70
1588.png,22
1588.png,56
1588.png,25
1588.png,60
1588.png,55
1588.png,33
1588.png,18
1589.png,29
1589.png,5
1589.png,38
1589.png,34
1589.png,23
1589.png,23
1589.png,0
1589.png,3
1589.png,23
1589.png,22
1590.png,81
1590.png,48
1590.png,88
1590.png,80
1590.png,100
1590.png,87
1590.png,100
1590.png,86
1590.png,96
1590.png,65
1591.png,25
1591.png,8
1591.png,6
1591.png,0
1591.png,6
1591.png,26
1591.png,23
1591.png,0
1591.png,0
1591.png,0
1592.png,64
1592.png,9
1592.png,64
1592.png,75
1592.png,12
1592.png,63
1592.png,49
1592.png,81
1592.png,81
1592.png,74
1593.png,0
1593.png,0
1593.png,36
1593.png,57
1593.png,50
1593.png,0
1593.png,0
1593.png,78
1593.png,33
1593.png,36
1594.png,38
1594.png,49
1594.png,60
1594.png,66
1594.png,50
1594.png,45
1594.png,58
1594.png,71
1594.png,73
1594.png,90
1595.png,15
1595.png,43
1595.png,2
1595.png,0
1595.png,24
1595.png,24
1595.png,5
1595.png,26
1595.png,39
1595.png,16
1596.png,76
1596.png,75
1596.png,44
1596.png,92
1596.png,66
1596.png,100
1596.png,78
1596.png,89
1596.png,96
1596.png,77
1597.png,69
1597.png,100
1597.png,56
1597.png,75
1597.png,54
1597.png,95
1597.png,58
1597.png,85
1597.png,55
1597.png,77
1598.png,37
1598.png,25
1598.png,90
1598.png,58
1598.png,60
1598.png,73
1598.png,60
1598.png,100
1598.png,15
1598.png,35
1599.png,22
1599.png,55
1599.png,76
1599.png,2
1599.png,55
1599.png,89
1599.png,32
1599.png,42
1599.png,75
1599.png,46
1600.png,83
1600.png,61
1600.png,100
1600.png,39
1600.png,72
1600.png,62
1600.png,41
1600.png,100
1600.png,92
1600.png,65
1601.png,69
1601.png,32
1601.png,10
1601.png,25
1601.png,53
1601.png,40
1601.png,11
1601.png,62
1601.png,27
1601.png,9
1602.png,67
1602.png,28
1602.png,60
1602.png,58
1602.png,69
1602.png,73
1602.png,82
1602.png,83
1602.png,63
1602.png,59
1603.png,61
1603.png,71
1603.png,76
1603.png,69
1603.png,69
1603.png,79
1603.png,79
1603.png,70
1603.png,95
1603.png,100
1604.png,33
1604.png,58
1604.png,72
1604.png,60
1604.png,75
1604.png,28
1604.png,59
1604.png,83
1604.png,97
1604.png,32
1605.png,38
1605.png,7
1605.png,23
1605.png,36
1605.png,56
1605.png,61
1605.png,74
1605.png,40
1605.png,54
1605.png,31
1606.png,18
1606.png,5
1606.png,0
1606.png,0
1606.png,11
1606.png,33
1606.png,2
1606.png,4
1606.png,5
1606.png,0
1607.png,66
1607.png,42
1607.png,73
1607.png,70
1607.png,74
1607.png,80
1607.png,67
1607.png,69
1607.png,27
1607.png,50
1608.png,16
1608.png,0
1608.png,55
1608.png,38
1608.png,7
1608.png,8
1608.png,4
1608.png,5
1608.png,34
1608.png,33
1609.png,12
1609.png,0
1609.png,23
1609.png,3
1609.png,16
1609.png,12
1609.png,18
1609.png,3
1609.png,3
1609.png,41
1610.png,27
1610.png,26
1610.png,10
1610.png,29
1610.png,13
1610.png,58
1610.png,54
1610.png,8
1610.png,15
1610.png,59
1611.png,3
1611.png,62
1611.png,67
1611.png,18
1611.png,5
1611.png,41
1611.png,19
1611.png,45
1611.png,2
1611.png,33
1612.png,39
1612.png,23
1612.png,23
1612.png,25
1612.png,29
1612.png,25
1612.png,61
1612.png,20
1612.png,5
1612.png,14
1613.png,65
1613.png,56
1613.png,68
1613.png,65
1613.png,60
1613.png,43
1613.png,22
1613.png,38
1613.png,70
1613.png,57
1614.png,43
1614.png,99
1614.png,62
1614.png,49
1614.png,59
1614.png,85
1614.png,58
1614.png,66
1614.png,24
1614.png,71
1615.png,26
1615.png,29
1615.png,40
1615.png,100
1615.png,70
1615.png,40
1615.png,35
1615.png,28
1615.png,56
1615.png,70
1616.png,84
1616.png,66
1616.png,71
1616.png,38
1616.png,42
1616.png,74
1616.png,40
1616.png,28
1616.png,84
1616.png,51
1617.png,94
1617.png,71
1617.png,70
1617.png,73
1617.png,85
1617.png,100
1617.png,91
1617.png,100
1617.png,81
1617.png,83
1618.png,81
1618.png,52
1618.png,36
1618.png,67
1618.png,36
1618.png,62
1618.png,23
1618.png,44
1618.png,56
1618.png,29
1619.png,85
1619.png,72
1619.png,61
1619.png,93
1619.png,77
1619.png,60
1619.png,28
1619.png,84
1619.png,60
1619.png,54
1620.png,71
1620.png,82
1620.png,79
1620.png,81
1620.png,75
1620.png,69
1620.png,100
1620.png,57
1620.png,100
1620.png,62
1621.png,37
1621.png,65
1621.png,32
1621.png,55
1621.png,63
1621.png,24
1621.png,35
1621.png,82
1621.png,57
1621.png,67
1622.png,71
1622.png,75
1622.png,81
1622.png,65
1622.png,95
1622.png,61
1622.png,72
1622.png,82
1622.png,95
1622.png,67
1623.png,44
1623.png,49
1623.png,12
1623.png,37
1623.png,67
1623.png,10
1623.png,22
1623.png,24
1623.png,30
1623.png,22
1624.png,100
1624.png,92
1624.png,78
1624.png,58
1624.png,68
1624.png,88
1624.png,45
1624.png,68
1624.png,43
1624.png,65
1625.png,58
1625.png,66
1625.png,55
1625.png,91
1625.png,40
1625.png,34
1625.png,75
1625.png,43
1625.png,61
1625.png,55
1626.png,45
1626.png,25
1626.png,81
1626.png,65
1626.png,77
1626.png,57
1626.png,88
1626.png,49
1626.png,87
1626.png,56
1627.png,75
1627.png,87
1627.png,21
1627.png,63
1627.png,76
1627.png,74
1627.png,54
1627.png,79
1627.png,61
1627.png,86
1628.png,22
1628.png,88
1628.png,68
1628.png,31
1628.png,3
1628.png,9
1628.png,32
1628.png,39
1628.png,45
1628.png,3
1629.png,83
1629.png,78
1629.png,95
1629.png,55
1629.png,80
1629.png,75
1629.png,47
1629.png,57
1629.png,100
1629.png,59
1630.png,86
1630.png,19
1630.png,37
1630.png,71
1630.png,82
1630.png,58
1630.png,83
1630.png,75
1630.png,46
1630.png,87
1631.png,34
1631.png,37
1631.png,45
1631.png,34
1631.png,51
1631.png,13
1631.png,30
1631.png,41
1631.png,75
1631.png,8
1632.png,38
1632.png,57
1632.png,43
1632.png,40
1632.png,52
1632.png,60
1632.png,25
1632.png,24
1632.png,44
1632.png,75
1633.png,34
1633.png,29
1633.png,23
1633.png,10
1633.png,15
1633.png,34
1633.png,55
1633.png,13
1633.png,47
1633.png,40
1634.png,55
1634.png,32
1634.png,40
1634.png,75
1634.png,41
1634.png,43
1634.png,66
1634.png,65
1634.png,49
1634.png,72
1635.png,55
1635.png,38
1635.png,60
1635.png,41
1635.png,66
1635.png,53
1635.png,29
1635.png,56
1635.png,28
1635.png,65
1636.png,0
1636.png,3
1636.png,23
1636.png,0
1636.png,0
1636.png,0
1636.png,0
1636.png,0
1636.png,23
1636.png,1
1637.png,68
1637.png,67
1637.png,25
1637.png,72
1637.png,55
1637.png,90
1637.png,90
1637.png,62
1637.png,54
1637.png,98
1638.png,45
1638.png,27
1638.png,3
1638.png,41
1638.png,51
1638.png,26
1638.png,13
1638.png,25
1638.png,45
1638.png,14
1639.png,1
1639.png,12
1639.png,0
1639.png,7
1639.png,4
1639.png,16
1639.png,18
1639.png,41
1639.png,26
1639.png,0
1640.png,25
1640.png,22
1640.png,25
1640.png,38
1640.png,16
1640.png,20
1640.png,16
1640.png,54
1640.png,35
1640.png,59
1641.png,52
1641.png,98
1641.png,20
1641.png,75
1641.png,73
1641.png,76
1641.png,75
1641.png,45
1641.png,55
1641.png,46
1642.png,51
1642.png,85
1642.png,56
1642.png,86
1642.png,54
1642.png,40
1642.png,96
1642.png,88
1642.png,74
1642.png,76
1643.png,40
1643.png,67
1643.png,20
1643.png,78
1643.png,61
1643.png,61
1643.png,37
1643.png,54
1643.png,24
1643.png,16
1644.png,61
1644.png,55
1644.png,23
1644.png,10
1644.png,48
1644.png,41
1644.png,24
1644.png,25
1644.png,76
1644.png,47
1645.png,39
1645.png,57
1645.png,27
1645.png,22
1645.png,4
1645.png,43
1645.png,88
1645.png,15
1645.png,31
1645.png,24
1646.png,12
1646.png,17
1646.png,43
1646.png,22
1646.png,0
1646.png,20
1646.png,21
1646.png,6
1646.png,22
1646.png,5
1647.png,66
1647.png,97
1647.png,21
1647.png,78
1647.png,36
1647.png,61
1647.png,75
1647.png,58
1647.png,92
1647.png,100
1648.png,69
1648.png,60
1648.png,38
1648.png,68
1648.png,70
1648.png,93
1648.png,55
1648.png,70
1648.png,73
1648.png,41
1649.png,12
1649.png,40
1649.png,37
1649.png,38
1649.png,19
1649.png,21
1649.png,11
1649.png,17
1649.png,0
1649.png,33
1650.png,91
1650.png,72
1650.png,74
1650.png,88
1650.png,48
1650.png,69
1650.png,16
1650.png,91
1650.png,99
1650.png,56
1651.png,82
1651.png,61
1651.png,86
1651.png,75
1651.png,74
1651.png,90
1651.png,85
1651.png,96
1651.png,64
1651.png,72
1652.png,34
1652.png,34
1652.png,20
1652.png,32
1652.png,16
1652.png,20
1652.png,35
1652.png,42
1652.png,35
1652.png,26
1653.png,67
1653.png,69
1653.png,60
1653.png,94
1653.png,76
1653.png,83
1653.png,75
1653.png,58
1653.png,100
1653.png,100
1654.png,77
1654.png,33
1654.png,72
1654.png,92
1654.png,79
1654.png,48
1654.png,26
1654.png,98
1654.png,67
1654.png,67
1655.png,22
1655.png,8
1655.png,38
1655.png,43
1655.png,48
1655.png,4
1655.png,41
1655.png,43
1655.png,15
1655.png,0
1656.png,91
1656.png,75
1656.png,79
1656.png,71
1656.png,83
1656.png,57
1656.png,77
1656.png,88
1656.png,61
1656.png,25
1657.png,89
1657.png,74
1657.png,76
1657.png,98
1657.png,91
1657.png,100
1657.png,62
1657.png,60
1657.png,76
1657.png,70
1658.png,34
1658.png,57
1658.png,38
1658.png,58
1658.png,64
1658.png,11
1658.png,3
1658.png,47
1658.png,25
1658.png,58
1659.png,24
1659.png,10
1659.png,72
1659.png,23
1659.png,43
1659.png,25
1659.png,0
1659.png,22
1659.png,25
1659.png,25
1660.png,3
1660.png,34
1660.png,57
1660.png,6
1660.png,1
1660.png,18
1660.png,25
1660.png,15
1660.png,2
1660.png,0
1661.png,62
1661.png,66
1661.png,25
1661.png,36
1661.png,23
1661.png,62
1661.png,44
1661.png,51
1661.png,67
1661.png,30
1662.png,24
1662.png,3
1662.png,45
1662.png,6
1662.png,6
1662.png,14
1662.png,2
1662.png,20
1662.png,38
1662.png,23
1663.png,3
1663.png,12
1663.png,23
1663.png,14
1663.png,7
1663.png,69
1663.png,4
1663.png,20
1663.png,21
1663.png,5
1664.png,8
1664.png,51
1664.png,47
1664.png,18
1664.png,25
1664.png,20
1664.png,20
1664.png,36
1664.png,28
1664.png,39
1665.png,53
1665.png,62
1665.png,77
1665.png,20
1665.png,22
1665.png,36
1665.png,32
1665.png,28
1665.png,18
1665.png,28
1666.png,76
1666.png,72
1666.png,32
1666.png,4
1666.png,2
1666.png,36
1666.png,41
1666.png,76
1666.png,31
1666.png,54
1667.png,27
1667.png,16
1667.png,27
1667.png,41
1667.png,32
1667.png,12
1667.png,68
1667.png,33
1667.png,41
1667.png,24
1668.png,90
1668.png,98
1668.png,68
1668.png,99
1668.png,79
1668.png,61
1668.png,40
1668.png,95
1668.png,72
1668.png,96
1669.png,64
1669.png,20
1669.png,26
1669.png,31
1669.png,90
1669.png,74
1669.png,100
1669.png,56
1669.png,34
1669.png,55
1670.png,81
1670.png,42
1670.png,69
1670.png,53
1670.png,15
1670.png,79
1670.png,64
1670.png,52
1670.png,98
1670.png,66
1671.png,62
1671.png,100
1671.png,89
1671.png,100
1671.png,90
1671.png,91
1671.png,100
1671.png,80
1671.png,99
1671.png,70
1672.png,27
1672.png,97
1672.png,58
1672.png,28
1672.png,70
1672.png,34
1672.png,22
1672.png,61
1672.png,77
1672.png,7
1673.png,74
1673.png,100
1673.png,100
1673.png,57
1673.png,62
1673.png,55
1673.png,100
1673.png,23
1673.png,50
1673.png,93
1674.png,6
1674.png,31
1674.png,9
1674.png,1
1674.png,0
1674.png,17
1674.png,13
1674.png,1
1674.png,23
1674.png,1
1675.png,78
1675.png,74
1675.png,25
1675.png,65
1675.png,35
1675.png,35
1675.png,69
1675.png,56
1675.png,57
1675.png,50
1676.png,54
1676.png,69
1676.png,95
1676.png,82
1676.png,69
1676.png,42
1676.png,29
1676.png,82
1676.png,42
1676.png,68
1677.png,49
1677.png,81
1677.png,55
1677.png,40
1677.png,25
1677.png,44
1677.png,64
1677.png,40
1677.png,37
1677.png,57
1678.png,5
1678.png,44
1678.png,3
1678.png,8
1678.png,3
1678.png,9
1678.png,13
1678.png,0
1678.png,5
1678.png,3
1679.png,19
1679.png,31
1679.png,46
1679.png,54
1679.png,43
1679.png,16
1679.png,32
1679.png,24
1679.png,20
1679.png,74
1680.png,59
1680.png,95
1680.png,94
1680.png,35
1680.png,45
1680.png,80
1680.png,67
1680.png,72
1680.png,59
1680.png,56
1681.png,82
1681.png,51
1681.png,52
1681.png,57
1681.png,23
1681.png,12
1681.png,64
1681.png,11
1681.png,55
1681.png,70
1682.png,64
1682.png,63
1682.png,69
1682.png,63
1682.png,89
1682.png,55
1682.png,65
1682.png,57
1682.png,65
1682.png,90
1683.png,79
1683.png,75
1683.png,100
1683.png,70
1683.png,100
1683.png,58
1683.png,92
1683.png,70
1683.png,70
1683.png,56
1684.png,32
1684.png,69
1684.png,39
1684.png,66
1684.png,86
1684.png,36
1684.png,44
1684.png,65
1684.png,44
1684.png,22
1685.png,60
1685.png,65
1685.png,75
1685.png,72
1685.png,63
1685.png,79
1685.png,81
1685.png,66
1685.png,88
1685.png,74
1686.png,6
1686.png,46
1686.png,53
1686.png,5
1686.png,7
1686.png,38
1686.png,3
1686.png,0
1686.png,20
1686.png,6
1687.png,68
1687.png,80
1687.png,56
1687.png,80
1687.png,91
1687.png,66
1687.png,72
1687.png,75
1687.png,95
1687.png,65
1688.png,32
1688.png,32
1688.png,65
1688.png,68
1688.png,95
1688.png,66
1688.png,100
1688.png,25
1688.png,33
1688.png,50
1689.png,5
1689.png,8
1689.png,22
1689.png,37
1689.png,55
1689.png,18
1689.png,26
1689.png,7
1689.png,14
1689.png,38
1690.png,87
1690.png,43
1690.png,76
1690.png,66
1690.png,87
1690.png,94
1690.png,72
1690.png,65
1690.png,73
1690.png,91
1691.png,14
1691.png,63
1691.png,18
1691.png,25
1691.png,36
1691.png,14
1691.png,18
1691.png,48
1691.png,75
1691.png,43
1692.png,18
1692.png,63
1692.png,68
1692.png,55
1692.png,43
1692.png,24
1692.png,41
1692.png,31
1692.png,100
1692.png,34
1693.png,37
1693.png,61
1693.png,32
1693.png,10
1693.png,60
1693.png,40
1693.png,16
1693.png,0
1693.png,15
1693.png,32
1694.png,53
1694.png,19
1694.png,21
1694.png,42
1694.png,22
1694.png,20
1694.png,43
1694.png,25
1694.png,19
1694.png,35
1695.png,58
1695.png,80
1695.png,82
1695.png,57
1695.png,54
1695.png,51
1695.png,88
1695.png,35
1695.png,57
1695.png,87
1696.png,18
1696.png,0
1696.png,41
1696.png,57
1696.png,35
1696.png,7
1696.png,2
1696.png,29
1696.png,89
1696.png,28
1697.png,62
1697.png,37
1697.png,78
1697.png,73
1697.png,71
1697.png,63
1697.png,77
1697.png,63
1697.png,56
1697.png,62
1698.png,70
1698.png,59
1698.png,64
1698.png,70
1698.png,66
1698.png,16
1698.png,60
1698.png,67
1698.png,44
1698.png,65
1699.png,36
1699.png,98
1699.png,10
1699.png,58
1699.png,66
1699.png,17
1699.png,31
1699.png,99
1699.png,21
1699.png,42
1700.png,96
1700.png,95
1700.png,96
1700.png,79
1700.png,67
1700.png,68
1700.png,97
1700.png,61
1700.png,100
1700.png,90
1701.png,15
1701.png,15
1701.png,34
1701.png,16
1701.png,35
1701.png,30
1701.png,0
1701.png,0
1701.png,4
1701.png,4
1702.png,18
1702.png,2
1702.png,20
1702.png,0
1702.png,8
1702.png,2
1702.png,16
1702.png,8
1702.png,1
1702.png,0
1703.png,72
1703.png,67
1703.png,44
1703.png,11
1703.png,68
1703.png,42
1703.png,36
1703.png,24
1703.png,72
1703.png,53
1704.png,73
1704.png,81
1704.png,79
1704.png,61
1704.png,52
1704.png,62
1704.png,63
1704.png,71
1704.png,55
1704.png,64
1705.png,74
1705.png,92
1705.png,91
1705.png,100
1705.png,68
1705.png,75
1705.png,81
1705.png,74
1705.png,79
1705.png,100
1706.png,100
1706.png,57
1706.png,28
1706.png,58
1706.png,78
1706.png,52
1706.png,97
1706.png,72
1706.png,92
1706.png,58
1707.png,36
1707.png,75
1707.png,59
1707.png,0
1707.png,38
1707.png,13
1707.png,1
1707.png,68
1707.png,4
1707.png,53
1708.png,14
1708.png,22
1708.png,0
1708.png,4
1708.png,15
1708.png,5
1708.png,2
1708.png,12
1708.png,13
1708.png,39
1709.png,55
1709.png,84
1709.png,58
1709.png,52
1709.png,45
1709.png,41
1709.png,95
1709.png,67
1709.png,76
1709.png,40
1710.png,13
1710.png,0
1710.png,0
1710.png,41
1710.png,21
1710.png,19
1710.png,34
1710.png,13
1710.png,32
1710.png,5
1711.png,98
1711.png,62
1711.png,98
1711.png,64
1711.png,91
1711.png,74
1711.png,93
1711.png,100
1711.png,75
1711.png,91
1712.png,54
1712.png,29
1712.png,39
1712.png,51
1712.png,20
1712.png,16
1712.png,0
1712.png,94
1712.png,68
1712.png,59
1713.png,19
1713.png,19
1713.png,0
1713.png,7
1713.png,7
1713.png,15
1713.png,44
1713.png,12
1713.png,24
1713.png,8
1714.png,43
1714.png,22
1714.png,35
1714.png,3
1714.png,22
1714.png,28
1714.png,8
1714.png,8
1714.png,12
1714.png,9
1715.png,95
1715.png,82
1715.png,58
1715.png,83
1715.png,74
1715.png,100
1715.png,81
1715.png,81
1715.png,98
1715.png,94
1716.png,39
1716.png,21
1716.png,99
1716.png,19
1716.png,10
1716.png,36
1716.png,34
1716.png,48
1716.png,42
1716.png,63
1717.png,11
1717.png,42
1717.png,25
1717.png,0
1717.png,30
1717.png,68
1717.png,6
1717.png,37
1717.png,41
1717.png,42
1718.png,83
1718.png,23
1718.png,44
1718.png,17
1718.png,16
1718.png,3
1718.png,47
1718.png,1
1718.png,1
1718.png,57
1719.png,56
1719.png,23
1719.png,53
1719.png,8
1719.png,0
1719.png,25
1719.png,38
1719.png,29
1719.png,17
1719.png,25
1720.png,68
1720.png,93
1720.png,78
1720.png,68
1720.png,95
1720.png,78
1720.png,75
1720.png,67
1720.png,75
1720.png,86
1721.png,11
1721.png,44
1721.png,65
1721.png,34
1721.png,80
1721.png,33
1721.png,63
1721.png,79
1721.png,62
1721.png,57
1722.png,79
1722.png,72
1722.png,85
1722.png,100
1722.png,81
1722.png,76
1722.png,92
1722.png,94
1722.png,63
1722.png,67
1723.png,81
1723.png,28
1723.png,34
1723.png,100
1723.png,63
1723.png,72
1723.png,45
1723.png,19
1723.png,60
1723.png,55
1724.png,38
1724.png,31
1724.png,49
1724.png,59
1724.png,54
1724.png,36
1724.png,42
1724.png,68
1724.png,51
1724.png,25
1725.png,43
1725.png,52
1725.png,26
1725.png,35
1725.png,34
1725.png,58
1725.png,33
1725.png,68
1725.png,32
1725.png,42
1726.png,16
1726.png,24
1726.png,34
1726.png,9
1726.png,24
1726.png,61
1726.png,33
1726.png,44
1726.png,53
1726.png,26
1727.png,21
1727.png,69
1727.png,80
1727.png,2
1727.png,76
1727.png,41
1727.png,29
1727.png,36
1727.png,30
1727.png,55
1728.png,65
1728.png,44
1728.png,50
1728.png,24
1728.png,38
1728.png,15
1728.png,20
1728.png,100
1728.png,33
1728.png,24
1729.png,64
1729.png,66
1729.png,8
1729.png,60
1729.png,59
1729.png,38
1729.png,76
1729.png,74
1729.png,41
1729.png,24
1730.png,32
1730.png,18
1730.png,24
1730.png,23
1730.png,77
1730.png,56
1730.png,32
1730.png,68
1730.png,77
1730.png,89
1731.png,32
1731.png,24
1731.png,25
1731.png,35
1731.png,32
1731.png,46
1731.png,32
1731.png,20
1731.png,28
1731.png,21
1732.png,26
1732.png,42
1732.png,19
1732.png,47
1732.png,71
1732.png,23
1732.png,19
1732.png,43
1732.png,17
1732.png,38
1733.png,75
1733.png,62
1733.png,37
1733.png,37
1733.png,49
1733.png,39
1733.png,24
1733.png,30
1733.png,54
1733.png,72
1734.png,46
1734.png,31
1734.png,67
1734.png,23
1734.png,26
1734.png,24
1734.png,35
1734.png,39
1734.png,33
1734.png,36
1735.png,40
1735.png,48
1735.png,30
1735.png,43
1735.png,4
1735.png,53
1735.png,25
1735.png,0
1735.png,42
1735.png,34
1736.png,66
1736.png,59
1736.png,34
1736.png,95
1736.png,83
1736.png,24
1736.png,100
1736.png,43
1736.png,60
1736.png,71
1737.png,45
1737.png,19
1737.png,50
1737.png,77
1737.png,29
1737.png,54
1737.png,19
1737.png,66
1737.png,56
1737.png,36
1738.png,26
1738.png,44
1738.png,82
1738.png,15
1738.png,64
1738.png,53
1738.png,55
1738.png,61
1738.png,53
1738.png,59
1739.png,41
1739.png,60
1739.png,61
1739.png,60
1739.png,84
1739.png,63
1739.png,76
1739.png,65
1739.png,42
1739.png,100
1740.png,97
1740.png,100
1740.png,100
1740.png,80
1740.png,50
1740.png,11
1740.png,89
1740.png,99
1740.png,96
1740.png,87
1741.png,38
1741.png,100
1741.png,59
1741.png,100
1741.png,91
1741.png,61
1741.png,0
1741.png,83
1741.png,50
1741.png,56
1742.png,61
1742.png,50
1742.png,31
1742.png,49
1742.png,30
1742.png,43
1742.png,94
1742.png,46
1742.png,11
1742.png,38
1743.png,85
1743.png,43
1743.png,54
1743.png,55
1743.png,25
1743.png,93
1743.png,37
1743.png,75
1743.png,63
1743.png,99
1744.png,40
1744.png,32
1744.png,64
1744.png,54
1744.png,100
1744.png,96
1744.png,41
1744.png,91
1744.png,40
1744.png,30
1745.png,66
1745.png,100
1745.png,75
1745.png,71
1745.png,83
1745.png,55
1745.png,33
1745.png,27
1745.png,79
1745.png,76
1746.png,85
1746.png,28
1746.png,58
1746.png,72
1746.png,95
1746.png,52
1746.png,83
1746.png,100
1746.png,100
1746.png,100
1747.png,25
1747.png,100
1747.png,39
1747.png,38
1747.png,45
1747.png,63
1747.png,26
1747.png,100
1747.png,40
1747.png,45
1748.png,43
1748.png,59
1748.png,69
1748.png,86
1748.png,89
1748.png,63
1748.png,100
1748.png,80
1748.png,73
1748.png,100
1749.png,77
1749.png,66
1749.png,60
1749.png,98
1749.png,65
1749.png,61
1749.png,77
1749.png,14
1749.png,0
1749.png,53
1750.png,100
1750.png,74
1750.png,72
1750.png,44
1750.png,31
1750.png,9
1750.png,86
1750.png,33
1750.png,50
1750.png,58
1751.png,100
1751.png,42
1751.png,37
1751.png,77
1751.png,0
1751.png,47
1751.png,43
1751.png,28
1751.png,45
1751.png,75
1752.png,78
1752.png,74
1752.png,28
1752.png,3
1752.png,0
1752.png,29
1752.png,5
1752.png,0
1752.png,20
1752.png,8
1753.png,54
1753.png,79
1753.png,41
1753.png,55
1753.png,54
1753.png,47
1753.png,51
1753.png,32
1753.png,75
1753.png,96
1754.png,98
1754.png,50
1754.png,76
1754.png,83
1754.png,64
1754.png,100
1754.png,91
1754.png,100
1754.png,98
1754.png,83
1755.png,53
1755.png,28
1755.png,13
1755.png,16
1755.png,25
1755.png,48
1755.png,63
1755.png,100
1755.png,50
1755.png,67
1756.png,100
1756.png,79
1756.png,33
1756.png,35
1756.png,27
1756.png,27
1756.png,89
1756.png,58
1756.png,77
1756.png,14
1757.png,21
1757.png,31
1757.png,67
1757.png,54
1757.png,74
1757.png,68
1757.png,0
1757.png,46
1757.png,60
1757.png,50
1758.png,56
1758.png,67
1758.png,69
1758.png,87
1758.png,62
1758.png,32
1758.png,78
1758.png,22
1758.png,100
1758.png,0
1759.png,0
1759.png,17
1759.png,0
1759.png,46
1759.png,100
1759.png,69
1759.png,80
1759.png,18
1759.png,24
1759.png,64
1760.png,75
1760.png,76
1760.png,53
1760.png,66
1760.png,100
1760.png,79
1760.png,100
1760.png,50
1760.png,90
1760.png,20
1761.png,75
1761.png,44
1761.png,100
1761.png,59
1761.png,46
1761.png,61
1761.png,68
1761.png,60
1761.png,71
1761.png,75
1762.png,62
1762.png,87
1762.png,93
1762.png,95
1762.png,100
1762.png,74
1762.png,75
1762.png,85
1762.png,83
1762.png,100
1763.png,74
1763.png,33
1763.png,70
1763.png,12
1763.png,57
1763.png,67
1763.png,100
1763.png,28
1763.png,0
1763.png,75
1764.png,90
1764.png,53
1764.png,61
1764.png,55
1764.png,59
1764.png,31
1764.png,46
1764.png,64
1764.png,0
1764.png,63
1765.png,28
1765.png,55
1765.png,100
1765.png,1
1765.png,87
1765.png,57
1765.png,100
1765.png,59
1765.png,41
1765.png,74
1766.png,16
1766.png,69
1766.png,53
1766.png,35
1766.png,30
1766.png,100
1766.png,20
1766.png,37
1766.png,64
1766.png,88
1767.png,72
1767.png,16
1767.png,39
1767.png,63
1767.png,89
1767.png,59
1767.png,12
1767.png,100
1767.png,75
1767.png,31
1768.png,2
1768.png,100
1768.png,52
1768.png,17
1768.png,12
1768.png,41
1768.png,48
1768.png,7
1768.png,42
1768.png,29
1769.png,8
1769.png,50
1769.png,5
1769.png,15
1769.png,35
1769.png,15
1769.png,66
1769.png,9
1769.png,49
1769.png,100
1770.png,30
1770.png,54
1770.png,50
1770.png,56
1770.png,34
1770.png,72
1770.png,23
1770.png,100
1770.png,51
1770.png,17
1771.png,100
1771.png,99
1771.png,88
1771.png,74
1771.png,91
1771.png,96
1771.png,53
1771.png,28
1771.png,67
1771.png,77
1772.png,4
1772.png,15
1772.png,28
1772.png,100
1772.png,29
1772.png,38
1772.png,76
1772.png,38
1772.png,75
1772.png,5
1773.png,29
1773.png,80
1773.png,92
1773.png,73
1773.png,66
1773.png,97
1773.png,66
1773.png,73
1773.png,75
1773.png,82
1774.png,67
1774.png,68
1774.png,82
1774.png,50
1774.png,22
1774.png,0
1774.png,53
1774.png,31
1774.png,25
1774.png,47
1775.png,63
1775.png,33
1775.png,0
1775.png,54
1775.png,33
1775.png,56
1775.png,22
1775.png,71
1775.png,100
1775.png,77
1776.png,33
1776.png,43
1776.png,44
1776.png,3
1776.png,100
1776.png,4
1776.png,37
1776.png,79
1776.png,5
1776.png,50
1777.png,77
1777.png,100
1777.png,94
1777.png,50
1777.png,59
1777.png,62
1777.png,71
1777.png,16
1777.png,99
1777.png,61
1778.png,35
1778.png,66
1778.png,68
1778.png,100
1778.png,40
1778.png,0
1778.png,100
1778.png,49
1778.png,54
1778.png,64
1779.png,100
1779.png,46
1779.png,24
1779.png,75
1779.png,60
1779.png,67
1779.png,60
1779.png,16
1779.png,2
1779.png,47
1780.png,33
1780.png,74
1780.png,100
1780.png,26
1780.png,28
1780.png,64
1780.png,25
1780.png,35
1780.png,24
1780.png,46
1781.png,69
1781.png,35
1781.png,5
1781.png,22
1781.png,50
1781.png,29
1781.png,9
1781.png,1
1781.png,1
1781.png,6
1782.png,82
1782.png,72
1782.png,87
1782.png,4
1782.png,59
1782.png,91
1782.png,46
1782.png,100
1782.png,73
1782.png,90
1783.png,25
1783.png,82
1783.png,48
1783.png,74
1783.png,75
1783.png,20
1783.png,7
1783.png,53
1783.png,76
1783.png,36
1784.png,81
1784.png,0
1784.png,0
1784.png,11
1784.png,24
1784.png,2
1784.png,16
1784.png,23
1784.png,17
1784.png,6
1785.png,80
1785.png,59
1785.png,100
1785.png,74
1785.png,40
1785.png,65
1785.png,31
1785.png,51
1785.png,91
1785.png,14
1786.png,7
1786.png,3
1786.png,2
1786.png,8
1786.png,37
1786.png,9
1786.png,11
1786.png,100
1786.png,30
1786.png,25
1787.png,46
1787.png,67
1787.png,82
1787.png,89
1787.png,100
1787.png,80
1787.png,100
1787.png,92
1787.png,99
1787.png,89
1788.png,22
1788.png,36
1788.png,9
1788.png,21
1788.png,76
1788.png,32
1788.png,7
1788.png,12
1788.png,9
1788.png,50
1789.png,80
1789.png,36
1789.png,94
1789.png,62
1789.png,60
1789.png,63
1789.png,100
1789.png,58
1789.png,5
1789.png,41
1790.png,0
1790.png,65
1790.png,13
1790.png,3
1790.png,100
1790.png,14
1790.png,20
1790.png,48
1790.png,40
1790.png,8
1791.png,97
1791.png,72
1791.png,100
1791.png,99
1791.png,45
1791.png,84
1791.png,0
1791.png,100
1791.png,93
1791.png,94
1792.png,29
1792.png,83
1792.png,20
1792.png,43
1792.png,28
1792.png,94
1792.png,11
1792.png,24
1792.png,51
1792.png,68
1793.png,89
1793.png,72
1793.png,2
1793.png,61
1793.png,69
1793.png,85
1793.png,100
1793.png,58
1793.png,68
1793.png,84
1794.png,86
1794.png,72
1794.png,74
1794.png,62
1794.png,90
1794.png,81
1794.png,100
1794.png,100
1794.png,56
1794.png,24
1795.png,75
1795.png,5
1795.png,100
1795.png,71
1795.png,33
1795.png,54
1795.png,3
1795.png,9
1795.png,100
1795.png,75
1796.png,24
1796.png,26
1796.png,94
1796.png,26
1796.png,0
1796.png,21
1796.png,29
1796.png,18
1796.png,24
1796.png,76
1797.png,35
1797.png,47
1797.png,48
1797.png,75
1797.png,34
1797.png,65
1797.png,17
1797.png,73
1797.png,86
1797.png,23
1798.png,17
1798.png,19
1798.png,18
1798.png,3
1798.png,68
1798.png,0
1798.png,26
1798.png,28
1798.png,19
1798.png,52
1799.png,53
1799.png,36
1799.png,76
1799.png,51
1799.png,97
1799.png,40
1799.png,100
1799.png,66
1799.png,43
1799.png,96
1800.png,72
1800.png,88
1800.png,97
1800.png,100
1800.png,70
1800.png,99
1800.png,100
1800.png,85
1800.png,66
1800.png,80
1801.png,67
1801.png,61
1801.png,78
1801.png,79
1801.png,66
1801.png,53
1801.png,59
1801.png,79
1801.png,100
1801.png,79
1802.png,100
1802.png,86
1802.png,79
1802.png,15
1802.png,67
1802.png,77
1802.png,100
1802.png,68
1802.png,76
1802.png,49
1803.png,30
1803.png,80
1803.png,96
1803.png,94
1803.png,77
1803.png,100
1803.png,50
1803.png,79
1803.png,55
1803.png,83
1804.png,66
1804.png,100
1804.png,80
1804.png,73
1804.png,100
1804.png,50
1804.png,84
1804.png,83
1804.png,45
1804.png,85
1805.png,72
1805.png,81
1805.png,74
1805.png,70
1805.png,62
1805.png,82
1805.png,54
1805.png,56
1805.png,100
1805.png,15
1806.png,25
1806.png,27
1806.png,30
1806.png,95
1806.png,56
1806.png,26
1806.png,61
1806.png,45
1806.png,27
1806.png,59
1807.png,16
1807.png,84
1807.png,71
1807.png,88
1807.png,99
1807.png,90
1807.png,60
1807.png,67
1807.png,26
1807.png,71
1808.png,24
1808.png,95
1808.png,56
1808.png,100
1808.png,59
1808.png,39
1808.png,34
1808.png,79
1808.png,73
1808.png,33
1809.png,48
1809.png,24
1809.png,63
1809.png,77
1809.png,31
1809.png,69
1809.png,23
1809.png,55
1809.png,63
1809.png,37
1810.png,18
1810.png,77
1810.png,5
1810.png,24
1810.png,35
1810.png,64
1810.png,66
1810.png,0
1810.png,24
1810.png,29
1811.png,16
1811.png,19
1811.png,10
1811.png,75
1811.png,17
1811.png,43
1811.png,0
1811.png,53
1811.png,100
1811.png,25
1812.png,50
1812.png,39
1812.png,76
1812.png,75
1812.png,100
1812.png,68
1812.png,71
1812.png,60
1812.png,100
1812.png,55
1813.png,63
1813.png,37
1813.png,95
1813.png,66
1813.png,100
1813.png,82
1813.png,57
1813.png,84
1813.png,53
1813.png,75
1814.png,25
1814.png,23
1814.png,32
1814.png,0
1814.png,77
1814.png,20
1814.png,25
1814.png,35
1814.png,0
1814.png,10
1815.png,85
1815.png,38
1815.png,50
1815.png,48
1815.png,16
1815.png,20
1815.png,66
1815.png,5
1815.png,1
1815.png,34
1816.png,60
1816.png,37
1816.png,75
1816.png,15
1816.png,8
1816.png,53
1816.png,62
1816.png,48
1816.png,6
1816.png,69
1817.png,50
1817.png,84
1817.png,41
1817.png,41
1817.png,39
1817.png,79
1817.png,57
1817.png,100
1817.png,60
1817.png,23
1818.png,63
1818.png,71
1818.png,67
1818.png,32
1818.png,99
1818.png,13
1818.png,29
1818.png,63
1818.png,75
1818.png,0
1819.png,7
1819.png,50
1819.png,6
1819.png,12
1819.png,0
1819.png,12
1819.png,23
1819.png,0
1819.png,2
1819.png,75
1820.png,1
1820.png,21
1820.png,19
1820.png,10
1820.png,10
1820.png,21
1820.png,27
1820.png,11
1820.png,100
1820.png,0
1821.png,48
1821.png,82
1821.png,21
1821.png,50
1821.png,33
1821.png,15
1821.png,100
1821.png,25
1821.png,6
1821.png,34
1822.png,46
1822.png,32
1822.png,98
1822.png,45
1822.png,68
1822.png,25
1822.png,13
1822.png,50
1822.png,76
1822.png,28
1823.png,44
1823.png,52
1823.png,58
1823.png,31
1823.png,59
1823.png,77
1823.png,50
1823.png,82
1823.png,0
1823.png,77
1824.png,29
1824.png,18
1824.png,44
1824.png,47
1824.png,36
1824.png,20
1824.png,22
1824.png,1
1824.png,32
1824.png,100
1825.png,90
1825.png,96
1825.png,20
1825.png,25
1825.png,100
1825.png,55
1825.png,84
1825.png,58
1825.png,37
1825.png,0
1826.png,100
1826.png,54
1826.png,8
1826.png,63
1826.png,93
1826.png,100
1826.png,34
1826.png,66
1826.png,51
1826.png,56
1827.png,8
1827.png,12
1827.png,18
1827.png,61
1827.png,41
1827.png,1
1827.png,1
1827.png,23
1827.png,100
1827.png,31
1828.png,71
1828.png,100
1828.png,21
1828.png,46
1828.png,12
1828.png,72
1828.png,74
1828.png,50
1828.png,47
1828.png,78
1829.png,19
1829.png,25
1829.png,100
1829.png,6
1829.png,2
1829.png,87
1829.png,13
1829.png,1
1829.png,29
1829.png,18
1830.png,87
1830.png,58
1830.png,100
1830.png,48
1830.png,78
1830.png,87
1830.png,77
1830.png,32
1830.png,73
1830.png,45
1831.png,89
1831.png,60
1831.png,74
1831.png,48
1831.png,88
1831.png,69
1831.png,77
1831.png,70
1831.png,80
1831.png,54
1832.png,23
1832.png,15
1832.png,26
1832.png,50
1832.png,0
1832.png,13
1832.png,0
1832.png,68
1832.png,46
1832.png,2
1833.png,90
1833.png,86
1833.png,100
1833.png,57
1833.png,91
1833.png,96
1833.png,50
1833.png,85
1833.png,100
1833.png,67
1834.png,28
1834.png,64
1834.png,60
1834.png,38
1834.png,33
1834.png,2
1834.png,18
1834.png,11
1834.png,0
1834.png,100
1835.png,100
1835.png,34
1835.png,19
1835.png,19
1835.png,0
1835.png,2
1835.png,25
1835.png,15
1835.png,27
1835.png,42
1836.png,20
1836.png,100
1836.png,79
1836.png,90
1836.png,100
1836.png,90
1836.png,51
1836.png,87
1836.png,100
1836.png,95
1837.png,45
1837.png,4
1837.png,0
1837.png,100
1837.png,22
1837.png,17
1837.png,0
1837.png,19
1837.png,3
1837.png,32
1838.png,50
1838.png,21
1838.png,1
1838.png,50
1838.png,62
1838.png,5
1838.png,29
1838.png,73
1838.png,56
1838.png,29
1839.png,34
1839.png,45
1839.png,7
1839.png,100
1839.png,41
1839.png,50
1839.png,50
1839.png,49
1839.png,76
1839.png,0
1840.png,10
1840.png,6
1840.png,0
1840.png,100
1840.png,5
1840.png,0
1840.png,0
1840.png,11
1840.png,20
1840.png,40
1841.png,78
1841.png,70
1841.png,16
1841.png,54
1841.png,93
1841.png,38
1841.png,64
1841.png,100
1841.png,41
1841.png,100
1842.png,19
1842.png,50
1842.png,100
1842.png,27
1842.png,2
1842.png,17
1842.png,28
1842.png,0
1842.png,30
1842.png,11
1843.png,50
1843.png,19
1843.png,76
1843.png,29
1843.png,91
1843.png,55
1843.png,21
1843.png,26
1843.png,100
1843.png,37
1844.png,60
1844.png,29
1844.png,100
1844.png,41
1844.png,25
1844.png,31
1844.png,23
1844.png,67
1844.png,0
1844.png,52
1845.png,22
1845.png,50
1845.png,30
1845.png,53
1845.png,40
1845.png,74
1845.png,20
1845.png,56
1845.png,56
1845.png,81
1846.png,70
1846.png,81
1846.png,82
1846.png,55
1846.png,19
1846.png,33
1846.png,73
1846.png,88
1846.png,100
1846.png,27
1847.png,31
1847.png,58
1847.png,37
1847.png,89
1847.png,75
1847.png,98
1847.png,8
1847.png,79
1847.png,65
1847.png,80
1848.png,100
1848.png,100
1848.png,74
1848.png,47
1848.png,47
1848.png,61
1848.png,87
1848.png,36
1848.png,36
1848.png,56
1849.png,53
1849.png,29
1849.png,100
1849.png,33
1849.png,23
1849.png,50
1849.png,21
1849.png,33
1849.png,10
1849.png,0
1850.png,35
1850.png,100
1850.png,15
1850.png,3
1850.png,50
1850.png,10
1850.png,28
1850.png,24
1850.png,5
1850.png,18
1851.png,100
1851.png,21
1851.png,53
1851.png,46
1851.png,22
1851.png,73
1851.png,69
1851.png,12
1851.png,96
1851.png,34
1852.png,50
1852.png,79
1852.png,99
1852.png,100
1852.png,17
1852.png,100
1852.png,61
1852.png,82
1852.png,79
1852.png,56
1853.png,4
1853.png,33
1853.png,55
1853.png,25
1853.png,100
1853.png,50
1853.png,22
1853.png,100
1853.png,50
1853.png,31
1854.png,82
1854.png,64
1854.png,97
1854.png,50
1854.png,6
1854.png,85
1854.png,57
1854.png,75
1854.png,48
1854.png,83
1855.png,2
1855.png,4
1855.png,72
1855.png,25
1855.png,57
1855.png,65
1855.png,19
1855.png,10
1855.png,74
1855.png,32
1856.png,28
1856.png,31
1856.png,44
1856.png,38
1856.png,100
1856.png,82
1856.png,22
1856.png,54
1856.png,38
1856.png,69
1857.png,3
1857.png,43
1857.png,100
1857.png,23
1857.png,11
1857.png,46
1857.png,28
1857.png,36
1857.png,11
1857.png,21
1858.png,39
1858.png,68
1858.png,100
1858.png,3
1858.png,74
1858.png,93
1858.png,55
1858.png,72
1858.png,76
1858.png,100
1859.png,31
1859.png,100
1859.png,100
1859.png,47
1859.png,58
1859.png,45
1859.png,58
1859.png,70
1859.png,76
1859.png,51
1860.png,53
1860.png,27
1860.png,26
1860.png,29
1860.png,50
1860.png,60
1860.png,2
1860.png,45
1860.png,44
1860.png,34
1861.png,32
1861.png,30
1861.png,13
1861.png,59
1861.png,50
1861.png,41
1861.png,25
1861.png,84
1861.png,38
1861.png,100
1862.png,76
1862.png,58
1862.png,76
1862.png,61
1862.png,6
1862.png,13
1862.png,81
1862.png,7
1862.png,0
1862.png,61
1863.png,19
1863.png,14
1863.png,52
1863.png,21
1863.png,1
1863.png,100
1863.png,22
1863.png,23
1863.png,22
1863.png,0
1864.png,99
1864.png,98
1864.png,100
1864.png,100
1864.png,92
1864.png,97
1864.png,99
1864.png,83
1864.png,82
1864.png,100
1865.png,45
1865.png,74
1865.png,38
1865.png,45
1865.png,68
1865.png,89
1865.png,25
1865.png,50
1865.png,50
1865.png,87
1866.png,100
1866.png,45
1866.png,27
1866.png,71
1866.png,22
1866.png,18
1866.png,21
1866.png,0
1866.png,82
1866.png,55
1867.png,84
1867.png,70
1867.png,21
1867.png,100
1867.png,97
1867.png,77
1867.png,93
1867.png,59
1867.png,55
1867.png,75
1868.png,77
1868.png,90
1868.png,57
1868.png,20
1868.png,97
1868.png,29
1868.png,45
1868.png,59
1868.png,45
1868.png,33
1869.png,85
1869.png,100
1869.png,78
1869.png,85
1869.png,89
1869.png,51
1869.png,80
1869.png,72
1869.png,100
1869.png,54
1870.png,31
1870.png,0
1870.png,14
1870.png,57
1870.png,0
1870.png,65
1870.png,55
1870.png,76
1870.png,52
1870.png,5
1871.png,100
1871.png,57
1871.png,15
1871.png,17
1871.png,50
1871.png,3
1871.png,0
1871.png,63
1871.png,46
1871.png,28
1872.png,84
1872.png,45
1872.png,31
1872.png,32
1872.png,27
1872.png,75
1872.png,59
1872.png,65
1872.png,55
1872.png,63
1873.png,100
1873.png,61
1873.png,85
1873.png,100
1873.png,65
1873.png,56
1873.png,56
1873.png,34
1873.png,40
1873.png,56
1874.png,73
1874.png,10
1874.png,100
1874.png,100
1874.png,87
1874.png,58
1874.png,97
1874.png,97
1874.png,85
1874.png,88
1875.png,21
1875.png,23
1875.png,34
1875.png,19
1875.png,0
1875.png,5
1875.png,100
1875.png,18
1875.png,6
1875.png,1
1876.png,20
1876.png,11
1876.png,0
1876.png,0
1876.png,38
1876.png,27
1876.png,0
1876.png,17
1876.png,20
1876.png,33
1877.png,57
1877.png,60
1877.png,96
1877.png,50
1877.png,81
1877.png,80
1877.png,50
1877.png,22
1877.png,80
1877.png,30
1878.png,54
1878.png,63
1878.png,100
1878.png,71
1878.png,35
1878.png,79
1878.png,0
1878.png,22
1878.png,53
1878.png,74
1879.png,100
1879.png,71
1879.png,40
1879.png,75
1879.png,17
1879.png,64
1879.png,0
1879.png,86
1879.png,100
1879.png,80
1880.png,61
1880.png,50
1880.png,25
1880.png,100
1880.png,36
1880.png,64
1880.png,20
1880.png,93
1880.png,52
1880.png,38
1881.png,97
1881.png,100
1881.png,40
1881.png,17
1881.png,22
1881.png,20
1881.png,77
1881.png,70
1881.png,47
1881.png,94
1882.png,100
1882.png,48
1882.png,75
1882.png,92
1882.png,100
1882.png,80
1882.png,81
1882.png,82
1882.png,27
1882.png,60
1883.png,60
1883.png,0
1883.png,43
1883.png,65
1883.png,100
1883.png,25
1883.png,46
1883.png,34
1883.png,17
1883.png,23
1884.png,64
1884.png,24
1884.png,61
1884.png,100
1884.png,32
1884.png,94
1884.png,86
1884.png,89
1884.png,99
1884.png,76
1885.png,41
1885.png,62
1885.png,65
1885.png,80
1885.png,39
1885.png,26
1885.png,81
1885.png,95
1885.png,49
1885.png,84
1886.png,56
1886.png,70
1886.png,70
1886.png,74
1886.png,100
1886.png,94
1886.png,100
1886.png,72
1886.png,84
1886.png,77
1887.png,53
1887.png,84
1887.png,46
1887.png,47
1887.png,54
1887.png,30
1887.png,53
1887.png,63
1887.png,75
1887.png,64
1888.png,55
1888.png,69
1888.png,32
1888.png,64
1888.png,80
1888.png,38
1888.png,61
1888.png,25
1888.png,25
1888.png,51
1889.png,20
1889.png,60
1889.png,100
1889.png,100
1889.png,100
1889.png,94
1889.png,38
1889.png,100
1889.png,75
1889.png,100
1890.png,48
1890.png,100
1890.png,45
1890.png,39
1890.png,25
1890.png,66
1890.png,60
1890.png,27
1890.png,83
1890.png,59
1891.png,35
1891.png,12
1891.png,2
1891.png,0
1891.png,12
1891.png,0
1891.png,46
1891.png,22
1891.png,4
1891.png,0
1892.png,64
1892.png,43
1892.png,60
1892.png,74
1892.png,86
1892.png,99
1892.png,45
1892.png,66
1892.png,75
1892.png,95
1893.png,0
1893.png,13
1893.png,2
1893.png,0
1893.png,0
1893.png,14
1893.png,0
1893.png,46
1893.png,0
1893.png,20
1894.png,38
1894.png,86
1894.png,35
1894.png,45
1894.png,98
1894.png,36
1894.png,55
1894.png,25
1894.png,44
1894.png,57
1895.png,52
1895.png,44
1895.png,84
1895.png,83
1895.png,100
1895.png,66
1895.png,69
1895.png,35
1895.png,52
1895.png,84
1896.png,66
1896.png,93
1896.png,49
1896.png,45
1896.png,64
1896.png,42
1896.png,29
1896.png,100
1896.png,25
1896.png,44
1897.png,90
1897.png,100
1897.png,100
1897.png,63
1897.png,71
1897.png,89
1897.png,61
1897.png,78
1897.png,80
1897.png,65
1898.png,100
1898.png,81
1898.png,78
1898.png,100
1898.png,91
1898.png,68
1898.png,62
1898.png,75
1898.png,62
1898.png,75
1899.png,88
1899.png,70
1899.png,78
1899.png,64
1899.png,75
1899.png,8
1899.png,43
1899.png,16
1899.png,69
1899.png,56
1900.png,56
1900.png,63
1900.png,50
1900.png,55
1900.png,100
1900.png,86
1900.png,99
1900.png,74
1900.png,78
1900.png,59
1901.png,75
1901.png,50
1901.png,93
1901.png,41
1901.png,74
1901.png,78
1901.png,59
1901.png,54
1901.png,76
1901.png,72
1902.png,64
1902.png,28
1902.png,0
1902.png,31
1902.png,63
1902.png,8
1902.png,26
1902.png,0
1902.png,39
1902.png,36
1903.png,35
1903.png,74
1903.png,80
1903.png,28
1903.png,80
1903.png,29
1903.png,55
1903.png,1
1903.png,20
1903.png,40
1904.png,0
1904.png,15
1904.png,0
1904.png,0
1904.png,0
1904.png,0
1904.png,3
1904.png,3
1904.png,0
1904.png,16
1905.png,62
1905.png,22
1905.png,74
1905.png,29
1905.png,42
1905.png,87
1905.png,64
1905.png,99
1905.png,77
1905.png,86
1906.png,76
1906.png,83
1906.png,33
1906.png,58
1906.png,62
1906.png,75
1906.png,86
1906.png,36
1906.png,31
1906.png,55
1907.png,35
1907.png,17
1907.png,56
1907.png,41
1907.png,9
1907.png,68
1907.png,22
1907.png,48
1907.png,38
1907.png,13
1908.png,23
1908.png,47
1908.png,41
1908.png,64
1908.png,86
1908.png,56
1908.png,36
1908.png,80
1908.png,34
1908.png,25
1909.png,44
1909.png,52
1909.png,74
1909.png,37
1909.png,83
1909.png,45
1909.png,39
1909.png,46
1909.png,37
1909.png,36
1910.png,0
1910.png,12
1910.png,34
1910.png,34
1910.png,23
1910.png,19
1910.png,11
1910.png,2
1910.png,0
1910.png,3
1911.png,36
1911.png,72
1911.png,26
1911.png,68
1911.png,81
1911.png,43
1911.png,78
1911.png,57
1911.png,70
1911.png,35
1912.png,22
1912.png,25
1912.png,47
1912.png,27
1912.png,46
1912.png,45
1912.png,0
1912.png,99
1912.png,39
1912.png,76
1913.png,26
1913.png,39
1913.png,12
1913.png,22
1913.png,13
1913.png,13
1913.png,9
1913.png,18
1913.png,1
1913.png,0
1914.png,75
1914.png,24
1914.png,86
1914.png,43
1914.png,83
1914.png,56
1914.png,65
1914.png,100
1914.png,79
1914.png,87
1915.png,7
1915.png,0
1915.png,0
1915.png,0
1915.png,0
1915.png,0
1915.png,0
1915.png,77
1915.png,0
1915.png,0
1916.png,75
1916.png,39
1916.png,37
1916.png,29
1916.png,27
1916.png,58
1916.png,67
1916.png,8
1916.png,45
1916.png,36
1917.png,31
1917.png,33
1917.png,27
1917.png,39
1917.png,65
1917.png,70
1917.png,32
1917.png,22
1917.png,50
1917.png,41
1918.png,95
1918.png,89
1918.png,54
1918.png,100
1918.png,57
1918.png,84
1918.png,24
1918.png,83
1918.png,88
1918.png,59
1919.png,43
1919.png,6
1919.png,17
1919.png,8
1919.png,5
1919.png,7
1919.png,0
1919.png,59
1919.png,0
1919.png,0
1920.png,10
1920.png,47
1920.png,12
1920.png,30
1920.png,0
1920.png,0
1920.png,0
1920.png,0
1920.png,23
1920.png,18
1921.png,89
1921.png,78
1921.png,97
1921.png,31
1921.png,29
1921.png,79
1921.png,75
1921.png,77
1921.png,77
1921.png,68
1922.png,100
1922.png,54
1922.png,73
1922.png,60
1922.png,37
1922.png,27
1922.png,55
1922.png,38
1922.png,92
1922.png,64
1923.png,18
1923.png,61
1923.png,37
1923.png,94
1923.png,78
1923.png,35
1923.png,55
1923.png,25
1923.png,87
1923.png,80
1924.png,98
1924.png,53
1924.png,87
1924.png,55
1924.png,74
1924.png,75
1924.png,65
1924.png,97
1924.png,100
1924.png,14
1925.png,34
1925.png,30
1925.png,85
1925.png,33
1925.png,81
1925.png,81
1925.png,89
1925.png,62
1925.png,84
1925.png,65
1926.png,47
1926.png,62
1926.png,100
1926.png,80
1926.png,73
1926.png,88
1926.png,99
1926.png,97
1926.png,77
1926.png,100
1927.png,89
1927.png,37
1927.png,100
1927.png,96
1927.png,42
1927.png,62
1927.png,85
1927.png,65
1927.png,65
1927.png,78
1928.png,84
1928.png,56
1928.png,25
1928.png,64
1928.png,39
1928.png,25
1928.png,80
1928.png,51
1928.png,0
1928.png,28
1929.png,34
1929.png,56
1929.png,100
1929.png,75
1929.png,89
1929.png,37
1929.png,96
1929.png,40
1929.png,62
1929.png,55
1930.png,52
1930.png,63
1930.png,72
1930.png,42
1930.png,38
1930.png,8
1930.png,12
1930.png,0
1930.png,66
1930.png,18
1931.png,41
1931.png,36
1931.png,31
1931.png,35
1931.png,51
1931.png,32
1931.png,74
1931.png,0
1931.png,37
1931.png,4
1932.png,39
1932.png,39
1932.png,79
1932.png,85
1932.png,25
1932.png,100
1932.png,29
1932.png,80
1932.png,58
1932.png,99
1933.png,100
1933.png,46
1933.png,92
1933.png,86
1933.png,100
1933.png,100
1933.png,83
1933.png,75
1933.png,63
1933.png,82
1934.png,57
1934.png,37
1934.png,45
1934.png,45
1934.png,49
1934.png,17
1934.png,61
1934.png,74
1934.png,40
1934.png,51
1935.png,63
1935.png,97
1935.png,100
1935.png,100
1935.png,60
1935.png,92
1935.png,81
1935.png,99
1935.png,100
1935.png,75
1936.png,18
1936.png,33
1936.png,19
1936.png,15
1936.png,44
1936.png,56
1936.png,44
1936.png,0
1936.png,54
1936.png,43
1937.png,65
1937.png,100
1937.png,75
1937.png,41
1937.png,81
1937.png,100
1937.png,95
1937.png,25
1937.png,100
1937.png,79
1938.png,76
1938.png,62
1938.png,70
1938.png,68
1938.png,80
1938.png,33
1938.png,80
1938.png,25
1938.png,75
1938.png,21
1939.png,43
1939.png,69
1939.png,87
1939.png,83
1939.png,76
1939.png,66
1939.png,64
1939.png,83
1939.png,96
1939.png,81
1940.png,25
1940.png,93
1940.png,61
1940.png,74
1940.png,60
1940.png,51
1940.png,99
1940.png,94
1940.png,56
1940.png,33
1941.png,67
1941.png,63
1941.png,84
1941.png,66
1941.png,38
1941.png,49
1941.png,87
1941.png,74
1941.png,61
1941.png,57
1942.png,39
1942.png,100
1942.png,44
1942.png,93
1942.png,78
1942.png,58
1942.png,81
1942.png,33
1942.png,80
1942.png,13
1943.png,100
1943.png,65
1943.png,46
1943.png,65
1943.png,46
1943.png,67
1943.png,94
1943.png,79
1943.png,72
1943.png,61
1944.png,18
1944.png,45
1944.png,45
1944.png,75
1944.png,29
1944.png,33
1944.png,33
1944.png,23
1944.png,30
1944.png,43
1945.png,13
1945.png,0
1945.png,0
1945.png,0
1945.png,41
1945.png,9
1945.png,47
1945.png,14
1945.png,25
1945.png,0
1946.png,93
1946.png,100
1946.png,95
1946.png,40
1946.png,80
1946.png,77
1946.png,67
1946.png,85
1946.png,73
1946.png,87
1947.png,91
1947.png,62
1947.png,47
1947.png,65
1947.png,94
1947.png,100
1947.png,37
1947.png,74
1947.png,57
1947.png,79
1948.png,28
1948.png,66
1948.png,58
1948.png,56
1948.png,2
1948.png,0
1948.png,57
1948.png,45
1948.png,50
1948.png,65
1949.png,74
1949.png,100
1949.png,100
1949.png,36
1949.png,86
1949.png,94
1949.png,100
1949.png,88
1949.png,89
1949.png,37
1950.png,60
1950.png,61
1950.png,91
1950.png,88
1950.png,78
1950.png,100
1950.png,83
1950.png,74
1950.png,89
1950.png,70
1951.png,82
1951.png,98
1951.png,38
1951.png,77
1951.png,72
1951.png,66
1951.png,94
1951.png,100
1951.png,73
1951.png,61
1952.png,77
1952.png,91
1952.png,38
1952.png,66
1952.png,95
1952.png,86
1952.png,84
1952.png,88
1952.png,23
1952.png,100
1953.png,47
1953.png,57
1953.png,77
1953.png,75
1953.png,71
1953.png,87
1953.png,75
1953.png,66
1953.png,77
1953.png,85
1954.png,0
1954.png,7
1954.png,36
1954.png,33
1954.png,47
1954.png,0
1954.png,25
1954.png,0
1954.png,0
1954.png,24
1955.png,54
1955.png,61
1955.png,71
1955.png,72
1955.png,80
1955.png,64
1955.png,65
1955.png,75
1955.png,57
1955.png,82
1956.png,55
1956.png,23
1956.png,0
1956.png,33
1956.png,24
1956.png,4
1956.png,16
1956.png,0
1956.png,12
1956.png,25
1957.png,25
1957.png,43
1957.png,14
1957.png,56
1957.png,80
1957.png,50
1957.png,35
1957.png,48
1957.png,13
1957.png,41
1958.png,23
1958.png,67
1958.png,47
1958.png,99
1958.png,94
1958.png,74
1958.png,44
1958.png,78
1958.png,61
1958.png,26
1959.png,26
1959.png,0
1959.png,0
1959.png,43
1959.png,2
1959.png,0
1959.png,46
1959.png,45
1959.png,36
1959.png,39
1960.png,21
1960.png,39
1960.png,17
1960.png,15
1960.png,0
1960.png,0
1960.png,45
1960.png,0
1960.png,36
1960.png,63
1961.png,0
1961.png,25
1961.png,26
1961.png,65
1961.png,38
1961.png,21
1961.png,70
1961.png,4
1961.png,72
1961.png,23
1962.png,31
1962.png,46
1962.png,77
1962.png,87
1962.png,36
1962.png,13
1962.png,32
1962.png,53
1962.png,53
1962.png,44
1963.png,55
1963.png,60
1963.png,41
1963.png,58
1963.png,82
1963.png,65
1963.png,66
1963.png,31
1963.png,48
1963.png,55
1964.png,47
1964.png,50
1964.png,60
1964.png,33
1964.png,86
1964.png,31
1964.png,58
1964.png,87
1964.png,70
1964.png,100
1965.png,35
1965.png,36
1965.png,64
1965.png,37
1965.png,6
1965.png,2
1965.png,37
1965.png,25
1965.png,22
1965.png,0
1966.png,33
1966.png,45
1966.png,50
1966.png,37
1966.png,36
1966.png,38
1966.png,20
1966.png,24
1966.png,34
1966.png,25
1967.png,73
1967.png,24
1967.png,54
1967.png,92
1967.png,67
1967.png,96
1967.png,67
1967.png,56
1967.png,93
1967.png,65
1968.png,89
1968.png,45
1968.png,52
1968.png,70
1968.png,71
1968.png,73
1968.png,37
1968.png,74
1968.png,80
1968.png,38
1969.png,70
1969.png,100
1969.png,45
1969.png,95
1969.png,31
1969.png,100
1969.png,92
1969.png,73
1969.png,14
1969.png,89
1970.png,24
1970.png,32
1970.png,58
1970.png,58
1970.png,52
1970.png,2
1970.png,22
1970.png,26
1970.png,4
1970.png,18
1971.png,64
1971.png,61
1971.png,64
1971.png,68
1971.png,77
1971.png,25
1971.png,21
1971.png,12
1971.png,46
1971.png,85
1972.png,100
1972.png,93
1972.png,97
1972.png,50
1972.png,90
1972.png,71
1972.png,92
1972.png,42
1972.png,73
1972.png,100
1973.png,24
1973.png,47
1973.png,0
1973.png,21
1973.png,62
1973.png,40
1973.png,89
1973.png,41
1973.png,62
1973.png,39
1974.png,16
1974.png,53
1974.png,46
1974.png,40
1974.png,18
1974.png,21
1974.png,26
1974.png,54
1974.png,75
1974.png,15
1975.png,75
1975.png,91
1975.png,54
1975.png,60
1975.png,76
1975.png,100
1975.png,92
1975.png,78
1975.png,100
1975.png,75
1976.png,31
1976.png,100
1976.png,80
1976.png,63
1976.png,58
1976.png,87
1976.png,54
1976.png,79
1976.png,88
1976.png,76
1977.png,74
1977.png,86
1977.png,59
1977.png,50
1977.png,90
1977.png,61
1977.png,100
1977.png,74
1977.png,69
1977.png,100
1978.png,48
1978.png,65
1978.png,67
1978.png,82
1978.png,42
1978.png,65
1978.png,74
1978.png,100
1978.png,37
1978.png,98
1979.png,75
1979.png,86
1979.png,69
1979.png,61
1979.png,25
1979.png,64
1979.png,92
1979.png,86
1979.png,41
1979.png,62
1980.png,53
1980.png,100
1980.png,90
1980.png,85
1980.png,62
1980.png,95
1980.png,55
1980.png,75
1980.png,76
1980.png,59
1981.png,60
1981.png,14
1981.png,47
1981.png,38
1981.png,45
1981.png,50
1981.png,0
1981.png,51
1981.png,60
1981.png,37
1982.png,2
1982.png,25
1982.png,0
1982.png,59
1982.png,1
1982.png,23
1982.png,0
1982.png,37
1982.png,0
1982.png,0
1983.png,49
1983.png,52
1983.png,64
1983.png,79
1983.png,45
1983.png,58
1983.png,0
1983.png,63
1983.png,40
1983.png,64
1984.png,57
1984.png,56
1984.png,6
1984.png,62
1984.png,57
1984.png,78
1984.png,97
1984.png,75
1984.png,62
1984.png,8
1985.png,58
1985.png,66
1985.png,39
1985.png,46
1985.png,0
1985.png,9
1985.png,0
1985.png,1
1985.png,42
1985.png,12
1986.png,45
1986.png,10
1986.png,0
1986.png,0
1986.png,0
1986.png,34
1986.png,14
1986.png,0
1986.png,13
1986.png,0
1987.png,100
1987.png,100
1987.png,61
1987.png,100
1987.png,57
1987.png,84
1987.png,60
1987.png,22
1987.png,94
1987.png,36
1988.png,62
1988.png,42
1988.png,57
1988.png,70
1988.png,59
1988.png,46
1988.png,60
1988.png,54
1988.png,25
1988.png,50
1989.png,29
1989.png,38
1989.png,27
1989.png,0
1989.png,22
1989.png,37
1989.png,6
1989.png,47
1989.png,40
1989.png,11
1990.png,35
1990.png,69
1990.png,4
1990.png,29
1990.png,61
1990.png,65
1990.png,64
1990.png,39
1990.png,0
1990.png,50
1991.png,6
1991.png,4
1991.png,0
1991.png,0
1991.png,0
1991.png,9
1991.png,0
1991.png,25
1991.png,1
1991.png,12
1992.png,35
1992.png,64
1992.png,8
1992.png,61
1992.png,73
1992.png,66
1992.png,51
1992.png,100
1992.png,79
1992.png,61
1993.png,66
1993.png,26
1993.png,47
1993.png,57
1993.png,0
1993.png,65
1993.png,61
1993.png,62
1993.png,56
1993.png,24
1994.png,2
1994.png,64
1994.png,40
1994.png,34
1994.png,32
1994.png,4
1994.png,56
1994.png,38
1994.png,38
1994.png,19
1995.png,54
1995.png,11
1995.png,26
1995.png,59
1995.png,43
1995.png,15
1995.png,38
1995.png,0
1995.png,0
1995.png,24
1996.png,0
1996.png,42
1996.png,47
1996.png,61
1996.png,4
1996.png,55
1996.png,31
1996.png,36
1996.png,27
1996.png,62
1997.png,24
1997.png,16
1997.png,24
1997.png,34
1997.png,38
1997.png,44
1997.png,23
1997.png,63
1997.png,22
1997.png,63
1998.png,75
1998.png,86
1998.png,25
1998.png,36
1998.png,37
1998.png,60
1998.png,59
1998.png,30
1998.png,31
1998.png,77
1999.png,93
1999.png,97
1999.png,73
1999.png,61
1999.png,76
1999.png,84
1999.png,99
1999.png,76
1999.png,97
1999.png,34
2000.png,13
2000.png,61
2000.png,71
2000.png,0
2000.png,63
2000.png,64
2000.png,73
2000.png,58
2000.png,92
2000.png,82
2001.png,0
2001.png,0
2001.png,11
2001.png,24
2001.png,10
2001.png,25
2001.png,19
2001.png,0
2001.png,11
2001.png,20
2002.png,68
2002.png,24
2002.png,46
2002.png,51
2002.png,43
2002.png,41
2002.png,0
2002.png,66
2002.png,1
2002.png,4
2003.png,23
2003.png,56
2003.png,75
2003.png,78
2003.png,63
2003.png,46
2003.png,88
2003.png,82
2003.png,65
2003.png,92
2004.png,91
2004.png,80
2004.png,83
2004.png,89
2004.png,78
2004.png,73
2004.png,77
2004.png,64
2004.png,73
2004.png,62
2005.png,25
2005.png,10
2005.png,0
2005.png,22
2005.png,20
2005.png,51
2005.png,18
2005.png,27
2005.png,39
2005.png,42
2006.png,57
2006.png,50
2006.png,32
2006.png,86
2006.png,48
2006.png,59
2006.png,50
2006.png,75
2006.png,92
2006.png,40
2007.png,62
2007.png,46
2007.png,63
2007.png,88
2007.png,100
2007.png,23
2007.png,88
2007.png,69
2007.png,33
2007.png,86
2008.png,92
2008.png,63
2008.png,96
2008.png,74
2008.png,92
2008.png,100
2008.png,87
2008.png,24
2008.png,100
2008.png,100
2009.png,36
2009.png,30
2009.png,25
2009.png,38
2009.png,45
2009.png,12
2009.png,28
2009.png,42
2009.png,62
2009.png,0
2010.png,73
2010.png,44
2010.png,40
2010.png,75
2010.png,85
2010.png,62
2010.png,51
2010.png,73
2010.png,65
2010.png,45
2011.png,40
2011.png,44
2011.png,37
2011.png,19
2011.png,4
2011.png,18
2011.png,59
2011.png,74
2011.png,35
2011.png,31
2012.png,76
2012.png,61
2012.png,38
2012.png,54
2012.png,85
2012.png,100
2012.png,64
2012.png,78
2012.png,77
2012.png,36
2013.png,19
2013.png,23
2013.png,0
2013.png,25
2013.png,59
2013.png,45
2013.png,0
2013.png,25
2013.png,10
2013.png,37
2014.png,39
2014.png,15
2014.png,25
2014.png,30
2014.png,36
2014.png,11
2014.png,41
2014.png,45
2014.png,1
2014.png,20
2015.png,71
2015.png,77
2015.png,82
2015.png,33
2015.png,75
2015.png,38
2015.png,80
2015.png,60
2015.png,21
2015.png,96
2016.png,59
2016.png,61
2016.png,39
2016.png,26
2016.png,15
2016.png,2
2016.png,18
2016.png,0
2016.png,37
2016.png,41
2017.png,0
2017.png,11
2017.png,45
2017.png,0
2017.png,23
2017.png,31
2017.png,11
2017.png,0
2017.png,41
2017.png,17
2018.png,69
2018.png,91
2018.png,69
2018.png,10
2018.png,100
2018.png,100
2018.png,34
2018.png,75
2018.png,86
2018.png,95
2019.png,31
2019.png,23
2019.png,51
2019.png,39
2019.png,75
2019.png,44
2019.png,19
2019.png,0
2019.png,13
2019.png,35
2020.png,30
2020.png,0
2020.png,23
2020.png,27
2020.png,0
2020.png,28
2020.png,28
2020.png,12
2020.png,46
2020.png,29
2021.png,34
2021.png,25
2021.png,0
2021.png,2
2021.png,32
2021.png,0
2021.png,11
2021.png,1
2021.png,11
2021.png,68
2022.png,95
2022.png,41
2022.png,81
2022.png,89
2022.png,88
2022.png,100
2022.png,100
2022.png,82
2022.png,63
2022.png,24
2023.png,65
2023.png,12
2023.png,33
2023.png,46
2023.png,51
2023.png,49
2023.png,75
2023.png,57
2023.png,42
2023.png,37
2024.png,61
2024.png,81
2024.png,100
2024.png,100
2024.png,61
2024.png,63
2024.png,0
2024.png,93
2024.png,58
2024.png,68
2025.png,64
2025.png,100
2025.png,67
2025.png,8
2025.png,75
2025.png,91
2025.png,85
2025.png,79
2025.png,100
2025.png,45
2026.png,26
2026.png,33
2026.png,4
2026.png,19
2026.png,14
2026.png,59
2026.png,0
2026.png,5
2026.png,16
2026.png,33
2027.png,88
2027.png,60
2027.png,100
2027.png,77
2027.png,43
2027.png,86
2027.png,95
2027.png,79
2027.png,80
2027.png,95
2028.png,63
2028.png,85
2028.png,70
2028.png,90
2028.png,90
2028.png,50
2028.png,51
2028.png,36
2028.png,25
2028.png,62
2029.png,5
2029.png,9
2029.png,21
2029.png,25
2029.png,13
2029.png,11
2029.png,0
2029.png,28
2029.png,52
2029.png,5
2030.png,42
2030.png,28
2030.png,27
2030.png,42
2030.png,83
2030.png,75
2030.png,100
2030.png,65
2030.png,40
2030.png,50
2031.png,82
2031.png,24
2031.png,54
2031.png,59
2031.png,24
2031.png,98
2031.png,27
2031.png,55
2031.png,43
2031.png,10
2032.png,44
2032.png,100
2032.png,9
2032.png,58
2032.png,0
2032.png,78
2032.png,0
2032.png,83
2032.png,0
2032.png,0
2033.png,0
2033.png,44
2033.png,13
2033.png,100
2033.png,22
2033.png,2
2033.png,0
2033.png,17
2033.png,100
2033.png,89
2034.png,26
2034.png,25
2034.png,34
2034.png,74
2034.png,47
2034.png,6
2034.png,28
2034.png,8
2034.png,13
2034.png,100
2035.png,25
2035.png,82
2035.png,69
2035.png,34
2035.png,16
2035.png,18
2035.png,75
2035.png,54
2035.png,46
2035.png,63
2036.png,28
2036.png,66
2036.png,68
2036.png,61
2036.png,50
2036.png,73
2036.png,80
2036.png,55
2036.png,100
2036.png,75
2037.png,26
2037.png,0
2037.png,3
2037.png,25
2037.png,6
2037.png,33
2037.png,0
2037.png,20
2037.png,75
2037.png,14
2038.png,57
2038.png,19
2038.png,76
2038.png,65
2038.png,15
2038.png,68
2038.png,12
2038.png,37
2038.png,14
2038.png,84
2039.png,30
2039.png,73
2039.png,26
2039.png,35
2039.png,24
2039.png,75
2039.png,41
2039.png,37
2039.png,74
2039.png,9
2040.png,12
2040.png,75
2040.png,77
2040.png,24
2040.png,50
2040.png,29
2040.png,9
2040.png,39
2040.png,26
2040.png,35
2041.png,23
2041.png,38
2041.png,86
2041.png,63
2041.png,69
2041.png,25
2041.png,13
2041.png,20
2041.png,57
2041.png,97
2042.png,32
2042.png,87
2042.png,100
2042.png,45
2042.png,61
2042.png,74
2042.png,94
2042.png,100
2042.png,27
2042.png,82
2043.png,44
2043.png,84
2043.png,34
2043.png,25
2043.png,56
2043.png,36
2043.png,32
2043.png,52
2043.png,50
2043.png,64
2044.png,68
2044.png,14
2044.png,25
2044.png,0
2044.png,1
2044.png,6
2044.png,48
2044.png,33
2044.png,32
2044.png,18
2045.png,84
2045.png,100
2045.png,100
2045.png,95
2045.png,94
2045.png,74
2045.png,100
2045.png,65
2045.png,93
2045.png,100
2046.png,51
2046.png,81
2046.png,69
2046.png,20
2046.png,100
2046.png,100
2046.png,86
2046.png,36
2046.png,81
2046.png,53
2047.png,64
2047.png,82
2047.png,24
2047.png,38
2047.png,0
2047.png,39
2047.png,36
2047.png,81
2047.png,15
2047.png,36
2048.png,43
2048.png,17
2048.png,30
2048.png,25
2048.png,76
2048.png,37
2048.png,21
2048.png,24
2048.png,16
2048.png,21
2049.png,44
2049.png,33
2049.png,12
2049.png,80
2049.png,64
2049.png,66
2049.png,21
2049.png,1
2049.png,42
2049.png,74
2050.png,75
2050.png,27
2050.png,43
2050.png,54
2050.png,12
2050.png,70
2050.png,19
2050.png,11
2050.png,81
2050.png,60
2051.png,21
2051.png,100
2051.png,64
2051.png,100
2051.png,2
2051.png,12
2051.png,35
2051.png,42
2051.png,0
2051.png,59
2052.png,13
2052.png,0
2052.png,5
2052.png,0
2052.png,25
2052.png,4
2052.png,4
2052.png,75
2052.png,11
2052.png,22
2053.png,1
2053.png,28
2053.png,37
2053.png,79
2053.png,13
2053.png,75
2053.png,4
2053.png,74
2053.png,76
2053.png,0
2054.png,45
2054.png,11
2054.png,8
2054.png,6
2054.png,17
2054.png,0
2054.png,76
2054.png,26
2054.png,15
2054.png,0
2055.png,86
2055.png,86
2055.png,31
2055.png,13
2055.png,75
2055.png,34
2055.png,100
2055.png,79
2055.png,63
2055.png,75
2056.png,94
2056.png,75
2056.png,100
2056.png,100
2056.png,89
2056.png,68
2056.png,94
2056.png,100
2056.png,64
2056.png,91
2057.png,100
2057.png,76
2057.png,76
2057.png,64
2057.png,71
2057.png,88
2057.png,93
2057.png,78
2057.png,50
2057.png,86
2058.png,17
2058.png,9
2058.png,4
2058.png,10
2058.png,16
2058.png,23
2058.png,74
2058.png,12
2058.png,50
2058.png,5
2059.png,100
2059.png,100
2059.png,64
2059.png,93
2059.png,100
2059.png,89
2059.png,100
2059.png,100
2059.png,91
2059.png,76
2060.png,75
2060.png,74
2060.png,0
2060.png,74
2060.png,75
2060.png,75
2060.png,96
2060.png,37
2060.png,50
2060.png,13
2061.png,42
2061.png,91
2061.png,50
2061.png,85
2061.png,68
2061.png,97
2061.png,100
2061.png,100
2061.png,64
2061.png,98
2062.png,82
2062.png,45
2062.png,97
2062.png,75
2062.png,94
2062.png,30
2062.png,50
2062.png,100
2062.png,96
2062.png,100
2063.png,15
2063.png,51
2063.png,94
2063.png,29
2063.png,75
2063.png,77
2063.png,77
2063.png,64
2063.png,44
2063.png,54
2064.png,88
2064.png,57
2064.png,39
2064.png,41
2064.png,17
2064.png,60
2064.png,66
2064.png,23
2064.png,27
2064.png,11
2065.png,28
2065.png,32
2065.png,56
2065.png,24
2065.png,39
2065.png,84
2065.png,75
2065.png,84
2065.png,46
2065.png,80
2066.png,7
2066.png,32
2066.png,43
2066.png,100
2066.png,72
2066.png,49
2066.png,62
2066.png,37
2066.png,21
2066.png,46
2067.png,26
2067.png,24
2067.png,12
2067.png,25
2067.png,7
2067.png,0
2067.png,9
2067.png,35
2067.png,76
2067.png,0
2068.png,93
2068.png,46
2068.png,74
2068.png,75
2068.png,38
2068.png,26
2068.png,87
2068.png,32
2068.png,61
2068.png,63
2069.png,100
2069.png,72
2069.png,4
2069.png,37
2069.png,37
2069.png,9
2069.png,64
2069.png,94
2069.png,51
2069.png,45
2070.png,22
2070.png,74
2070.png,47
2070.png,45
2070.png,39
2070.png,78
2070.png,23
2070.png,70
2070.png,63
2070.png,50
2071.png,15
2071.png,0
2071.png,7
2071.png,13
2071.png,75
2071.png,0
2071.png,7
2071.png,6
2071.png,6
2071.png,9
2072.png,11
2072.png,19
2072.png,32
2072.png,15
2072.png,18
2072.png,18
2072.png,11
2072.png,10
2072.png,25
2072.png,84
2073.png,77
2073.png,97
2073.png,90
2073.png,74
2073.png,71
2073.png,100
2073.png,56
2073.png,50
2073.png,95
2073.png,54
2074.png,100
2074.png,100
2074.png,74
2074.png,67
2074.png,83
2074.png,70
2074.png,81
2074.png,76
2074.png,93
2074.png,54
2075.png,35
2075.png,37
2075.png,75
2075.png,10
2075.png,72
2075.png,42
2075.png,70
2075.png,90
2075.png,22
2075.png,91
2076.png,26
2076.png,8
2076.png,5
2076.png,66
2076.png,40
2076.png,0
2076.png,28
2076.png,4
2076.png,74
2076.png,1
2077.png,25
2077.png,34
2077.png,61
2077.png,44
2077.png,50
2077.png,68
2077.png,13
2077.png,62
2077.png,18
2077.png,74
2078.png,63
2078.png,5
2078.png,61
2078.png,96
2078.png,100
2078.png,44
2078.png,64
2078.png,32
2078.png,27
2078.png,56
2079.png,6
2079.png,61
2079.png,25
2079.png,86
2079.png,82
2079.png,76
2079.png,71
2079.png,53
2079.png,72
2079.png,25
2080.png,56
2080.png,6
2080.png,25
2080.png,29
2080.png,83
2080.png,64
2080.png,28
2080.png,88
2080.png,12
2080.png,25
2081.png,54
2081.png,85
2081.png,64
2081.png,100
2081.png,65
2081.png,59
2081.png,95
2081.png,78
2081.png,100
2081.png,79
2082.png,78
2082.png,77
2082.png,63
2082.png,100
2082.png,100
2082.png,74
2082.png,81
2082.png,95
2082.png,91
2082.png,96
2083.png,12
2083.png,74
2083.png,33
2083.png,17
2083.png,25
2083.png,46
2083.png,98
2083.png,23
2083.png,71
2083.png,61
2084.png,97
2084.png,100
2084.png,68
2084.png,71
2084.png,81
2084.png,69
2084.png,85
2084.png,99
2084.png,58
2084.png,100
2085.png,7
2085.png,56
2085.png,74
2085.png,67
2085.png,38
2085.png,70
2085.png,42
2085.png,15
2085.png,64
2085.png,45
2086.png,61
2086.png,47
2086.png,50
2086.png,74
2086.png,20
2086.png,79
2086.png,39
2086.png,36
2086.png,25
2086.png,30
2087.png,13
2087.png,47
2087.png,38
2087.png,59
2087.png,62
2087.png,45
2087.png,42
2087.png,61
2087.png,64
2087.png,45
2088.png,18
2088.png,5
2088.png,0
2088.png,17
2088.png,6
2088.png,21
2088.png,11
2088.png,11
2088.png,73
2088.png,2
2089.png,32
2089.png,20
2089.png,33
2089.png,24
2089.png,15
2089.png,21
2089.png,31
2089.png,76
2089.png,37
2089.png,53
2090.png,75
2090.png,10
2090.png,6
2090.png,36
2090.png,23
2090.png,3
2090.png,26
2090.png,47
2090.png,6
2090.png,3
2091.png,7
2091.png,75
2091.png,12
2091.png,35
2091.png,75
2091.png,24
2091.png,39
2091.png,36
2091.png,61
2091.png,42
2092.png,47
2092.png,26
2092.png,73
2092.png,75
2092.png,81
2092.png,100
2092.png,100
2092.png,100
2092.png,59
2092.png,87
2093.png,10
2093.png,10
2093.png,10
2093.png,0
2093.png,0
2093.png,12
2093.png,13
2093.png,6
2093.png,64
2093.png,2
2094.png,6
2094.png,89
2094.png,20
2094.png,24
2094.png,3
2094.png,75
2094.png,56
2094.png,15
2094.png,24
2094.png,35
2095.png,33
2095.png,79
2095.png,41
2095.png,54
2095.png,64
2095.png,76
2095.png,8
2095.png,35
2095.png,25
2095.png,75
2096.png,7
2096.png,0
2096.png,17
2096.png,9
2096.png,17
2096.png,3
2096.png,72
2096.png,5
2096.png,15
2096.png,0
2097.png,83
2097.png,80
2097.png,24
2097.png,52
2097.png,65
2097.png,17
2097.png,51
2097.png,23
2097.png,58
2097.png,57
2098.png,29
2098.png,53
2098.png,64
2098.png,39
2098.png,73
2098.png,80
2098.png,33
2098.png,31
2098.png,50
2098.png,2
2099.png,100
2099.png,100
2099.png,93
2099.png,90
2099.png,75
2099.png,42
2099.png,94
2099.png,100
2099.png,95
2099.png,83
2100.png,62
2100.png,62
2100.png,34
2100.png,76
2100.png,70
2100.png,45
2100.png,67
2100.png,92
2100.png,10
2100.png,46
2101.png,82
2101.png,9
2101.png,100
2101.png,57
2101.png,100
2101.png,56
2101.png,4
2101.png,26
2101.png,100
2101.png,70
2102.png,83
2102.png,46
2102.png,38
2102.png,64
2102.png,65
2102.png,8
2102.png,64
2102.png,28
2102.png,0
2102.png,62
2103.png,45
2103.png,42
2103.png,100
2103.png,60
2103.png,75
2103.png,20
2103.png,23
2103.png,64
2103.png,92
2103.png,73
2104.png,56
2104.png,82
2104.png,50
2104.png,69
2104.png,98
2104.png,83
2104.png,100
2104.png,87
2104.png,35
2104.png,86
2105.png,84
2105.png,63
2105.png,76
2105.png,63
2105.png,42
2105.png,37
2105.png,56
2105.png,100
2105.png,83
2105.png,100
2106.png,100
2106.png,59
2106.png,30
2106.png,82
2106.png,77
2106.png,36
2106.png,76
2106.png,65
2106.png,51
2106.png,76
2107.png,28
2107.png,74
2107.png,75
2107.png,37
2107.png,50
2107.png,51
2107.png,55
2107.png,77
2107.png,75
2107.png,64
2108.png,13
2108.png,25
2108.png,22
2108.png,87
2108.png,25
2108.png,13
2108.png,34
2108.png,7
2108.png,23
2108.png,21
2109.png,21
2109.png,74
2109.png,1
2109.png,23
2109.png,10
2109.png,17
2109.png,40
2109.png,43
2109.png,17
2109.png,18
2110.png,39
2110.png,54
2110.png,24
2110.png,42
2110.png,35
2110.png,73
2110.png,47
2110.png,56
2110.png,69
2110.png,14
2111.png,72
2111.png,100
2111.png,37
2111.png,62
2111.png,31
2111.png,7
2111.png,45
2111.png,74
2111.png,36
2111.png,9
2112.png,37
2112.png,21
2112.png,37
2112.png,65
2112.png,39
2112.png,66
2112.png,34
2112.png,41
2112.png,72
2112.png,100
2113.png,50
2113.png,100
2113.png,100
2113.png,85
2113.png,77
2113.png,89
2113.png,78
2113.png,59
2113.png,87
2113.png,56
2114.png,73
2114.png,75
2114.png,82
2114.png,97
2114.png,97
2114.png,94
2114.png,100
2114.png,100
2114.png,100
2114.png,58
2115.png,13
2115.png,18
2115.png,0
2115.png,11
2115.png,4
2115.png,17
2115.png,0
2115.png,24
2115.png,2
2115.png,73
2116.png,79
2116.png,14
2116.png,17
2116.png,33
2116.png,11
2116.png,64
2116.png,10
2116.png,25
2116.png,59
2116.png,19
2117.png,75
2117.png,62
2117.png,26
2117.png,68
2117.png,75
2117.png,73
2117.png,64
2117.png,30
2117.png,74
2117.png,58
2118.png,16
2118.png,5
2118.png,26
2118.png,38
2118.png,68
2118.png,8
2118.png,7
2118.png,38
2118.png,79
2118.png,25
2119.png,26
2119.png,80
2119.png,86
2119.png,63
2119.png,70
2119.png,60
2119.png,39
2119.png,72
2119.png,18
2119.png,44
2120.png,97
2120.png,100
2120.png,66
2120.png,65
2120.png,33
2120.png,70
2120.png,82
2120.png,91
2120.png,56
2120.png,24
2121.png,12
2121.png,0
2121.png,14
2121.png,40
2121.png,76
2121.png,1
2121.png,45
2121.png,4
2121.png,60
2121.png,74
2122.png,40
2122.png,24
2122.png,37
2122.png,9
2122.png,59
2122.png,61
2122.png,23
2122.png,63
2122.png,75
2122.png,31
2123.png,85
2123.png,63
2123.png,77
2123.png,70
2123.png,90
2123.png,100
2123.png,78
2123.png,66
2123.png,79
2123.png,75
2124.png,75
2124.png,72
2124.png,21
2124.png,16
2124.png,38
2124.png,68
2124.png,12
2124.png,53
2124.png,34
2124.png,71
2125.png,4
2125.png,1
2125.png,8
2125.png,5
2125.png,0
2125.png,0
2125.png,9
2125.png,0
2125.png,61
2125.png,0
2126.png,22
2126.png,93
2126.png,37
2126.png,100
2126.png,75
2126.png,86
2126.png,100
2126.png,83
2126.png,55
2126.png,65
2127.png,24
2127.png,16
2127.png,11
2127.png,23
2127.png,75
2127.png,23
2127.png,3
2127.png,15
2127.png,82
2127.png,24
2128.png,50
2128.png,16
2128.png,86
2128.png,13
2128.png,10
2128.png,24
2128.png,23
2128.png,37
2128.png,19
2128.png,44
2129.png,68
2129.png,95
2129.png,17
2129.png,74
2129.png,63
2129.png,75
2129.png,63
2129.png,100
2129.png,33
2129.png,75
2130.png,75
2130.png,15
2130.png,62
2130.png,43
2130.png,100
2130.png,26
2130.png,65
2130.png,60
2130.png,23
2130.png,70
2131.png,42
2131.png,54
2131.png,69
2131.png,31
2131.png,71
2131.png,23
2131.png,21
2131.png,19
2131.png,72
2131.png,26
2132.png,55
2132.png,41
2132.png,26
2132.png,74
2132.png,37
2132.png,23
2132.png,58
2132.png,64
2132.png,70
2132.png,55
2133.png,75
2133.png,94
2133.png,100
2133.png,100
2133.png,86
2133.png,100
2133.png,100
2133.png,52
2133.png,63
2133.png,72
2134.png,5
2134.png,12
2134.png,72
2134.png,0
2134.png,11
2134.png,75
2134.png,22
2134.png,4
2134.png,23
2134.png,15
2135.png,23
2135.png,75
2135.png,7
2135.png,36
2135.png,29
2135.png,34
2135.png,11
2135.png,9
2135.png,10
2135.png,24
2136.png,14
2136.png,61
2136.png,55
2136.png,16
2136.png,46
2136.png,58
2136.png,20
2136.png,49
2136.png,12
2136.png,66
2137.png,20
2137.png,16
2137.png,26
2137.png,51
2137.png,89
2137.png,19
2137.png,29
2137.png,29
2137.png,34
2137.png,10
2138.png,88
2138.png,100
2138.png,92
2138.png,100
2138.png,89
2138.png,91
2138.png,51
2138.png,97
2138.png,94
2138.png,92
2139.png,31
2139.png,74
2139.png,17
2139.png,76
2139.png,50
2139.png,16
2139.png,62
2139.png,26
2139.png,61
2139.png,10
2140.png,13
2140.png,60
2140.png,24
2140.png,0
2140.png,21
2140.png,36
2140.png,6
2140.png,0
2140.png,20
2140.png,2
2141.png,15
2141.png,27
2141.png,75
2141.png,25
2141.png,7
2141.png,21
2141.png,51
2141.png,10
2141.png,74
2141.png,54
2142.png,75
2142.png,34
2142.png,50
2142.png,62
2142.png,100
2142.png,7
2142.png,52
2142.png,94
2142.png,70
2142.png,86
2143.png,37
2143.png,100
2143.png,44
2143.png,34
2143.png,74
2143.png,100
2143.png,34
2143.png,100
2143.png,97
2143.png,76
2144.png,43
2144.png,9
2144.png,18
2144.png,50
2144.png,75
2144.png,36
2144.png,100
2144.png,19
2144.png,77
2144.png,100
2145.png,32
2145.png,3
2145.png,29
2145.png,23
2145.png,15
2145.png,58
2145.png,62
2145.png,10
2145.png,82
2145.png,70
2146.png,75
2146.png,37
2146.png,46
2146.png,23
2146.png,80
2146.png,24
2146.png,100
2146.png,52
2146.png,75
2146.png,33
2147.png,76
2147.png,35
2147.png,25
2147.png,10
2147.png,10
2147.png,53
2147.png,63
2147.png,70
2147.png,46
2147.png,40
2148.png,79
2148.png,92
2148.png,74
2148.png,57
2148.png,74
2148.png,75
2148.png,74
2148.png,7
2148.png,75
2148.png,66
2149.png,100
2149.png,100
2149.png,87
2149.png,91
2149.png,75
2149.png,74
2149.png,84
2149.png,36
2149.png,79
2149.png,37
2150.png,73
2150.png,54
2150.png,13
2150.png,20
2150.png,84
2150.png,40
2150.png,10
2150.png,8
2150.png,35
2150.png,82
2151.png,67
2151.png,100
2151.png,100
2151.png,89
2151.png,100
2151.png,87
2151.png,98
2151.png,87
2151.png,100
2151.png,88
2152.png,78
2152.png,24
2152.png,31
2152.png,29
2152.png,22
2152.png,25
2152.png,3
2152.png,43
2152.png,79
2152.png,56
2153.png,95
2153.png,73
2153.png,100
2153.png,63
2153.png,94
2153.png,76
2153.png,79
2153.png,74
2153.png,55
2153.png,34
2154.png,70
2154.png,23
2154.png,16
2154.png,57
2154.png,77
2154.png,60
2154.png,52
2154.png,49
2154.png,56
2154.png,81
2155.png,100
2155.png,65
2155.png,76
2155.png,99
2155.png,92
2155.png,100
2155.png,100
2155.png,84
2155.png,90
2155.png,99
2156.png,64
2156.png,22
2156.png,25
2156.png,20
2156.png,46
2156.png,25
2156.png,0
2156.png,23
2156.png,26
2156.png,25
2157.png,37
2157.png,50
2157.png,25
2157.png,77
2157.png,5
2157.png,100
2157.png,32
2157.png,24
2157.png,75
2157.png,86
2158.png,26
2158.png,40
2158.png,9
2158.png,3
2158.png,0
2158.png,25
2158.png,25
2158.png,38
2158.png,0
2158.png,77
2159.png,55
2159.png,3
2159.png,71
2159.png,29
2159.png,23
2159.png,17
2159.png,7
2159.png,33
2159.png,2
2159.png,86
2160.png,79
2160.png,100
2160.png,73
2160.png,100
2160.png,55
2160.png,74
2160.png,89
2160.png,80
2160.png,94
2160.png,73
2161.png,100
2161.png,23
2161.png,10
2161.png,1
2161.png,25
2161.png,75
2161.png,15
2161.png,54
2161.png,62
2161.png,4
2162.png,35
2162.png,75
2162.png,39
2162.png,62
2162.png,25
2162.png,32
2162.png,43
2162.png,75
2162.png,43
2162.png,50
2163.png,75
2163.png,46
2163.png,11
2163.png,6
2163.png,24
2163.png,15
2163.png,24
2163.png,19
2163.png,30
2163.png,51
2164.png,50
2164.png,40
2164.png,74
2164.png,31
2164.png,19
2164.png,23
2164.png,74
2164.png,100
2164.png,58
2164.png,76
2165.png,21
2165.png,62
2165.png,83
2165.png,88
2165.png,9
2165.png,77
2165.png,100
2165.png,51
2165.png,61
2165.png,100
2166.png,71
2166.png,26
2166.png,10
2166.png,0
2166.png,40
2166.png,41
2166.png,0
2166.png,69
2166.png,12
2166.png,5
2167.png,24
2167.png,0
2167.png,3
2167.png,15
2167.png,37
2167.png,12
2167.png,27
2167.png,38
2167.png,0
2167.png,76
2168.png,25
2168.png,47
2168.png,30
2168.png,95
2168.png,37
2168.png,72
2168.png,100
2168.png,100
2168.png,53
2168.png,69
2169.png,43
2169.png,68
2169.png,56
2169.png,2
2169.png,2
2169.png,71
2169.png,25
2169.png,12
2169.png,0
2169.png,36
2170.png,6
2170.png,0
2170.png,11
2170.png,12
2170.png,74
2170.png,23
2170.png,38
2170.png,75
2170.png,13
2170.png,21
2171.png,70
2171.png,15
2171.png,17
2171.png,59
2171.png,30
2171.png,78
2171.png,24
2171.png,79
2171.png,29
2171.png,44
2172.png,22
2172.png,50
2172.png,7
2172.png,23
2172.png,17
2172.png,21
2172.png,10
2172.png,81
2172.png,17
2172.png,0
2173.png,43
2173.png,87
2173.png,100
2173.png,54
2173.png,33
2173.png,35
2173.png,80
2173.png,25
2173.png,59
2173.png,76
2174.png,38
2174.png,25
2174.png,0
2174.png,0
2174.png,13
2174.png,62
2174.png,75
2174.png,32
2174.png,25
2174.png,31
2175.png,50
2175.png,55
2175.png,28
2175.png,39
2175.png,50
2175.png,66
2175.png,15
2175.png,23
2175.png,56
2175.png,17
2176.png,74
2176.png,46
2176.png,54
2176.png,44
2176.png,55
2176.png,58
2176.png,36
2176.png,77
2176.png,64
2176.png,47
2177.png,22
2177.png,24
2177.png,21
2177.png,27
2177.png,61
2177.png,5
2177.png,18
2177.png,49
2177.png,35
2177.png,37
2178.png,68
2178.png,71
2178.png,50
2178.png,86
2178.png,76
2178.png,31
2178.png,78
2178.png,17
2178.png,58
2178.png,45
2179.png,61
2179.png,66
2179.png,91
2179.png,56
2179.png,61
2179.png,50
2179.png,34
2179.png,100
2179.png,81
2179.png,72
2180.png,75
2180.png,1
2180.png,59
2180.png,50
2180.png,37
2180.png,30
2180.png,25
2180.png,75
2180.png,58
2180.png,43
2181.png,76
2181.png,66
2181.png,75
2181.png,30
2181.png,52
2181.png,69
2181.png,100
2181.png,45
2181.png,57
2181.png,24
2182.png,92
2182.png,73
2182.png,76
2182.png,71
2182.png,20
2182.png,56
2182.png,49
2182.png,64
2182.png,26
2182.png,41
2183.png,42
2183.png,5
2183.png,18
2183.png,76
2183.png,31
2183.png,30
2183.png,61
2183.png,30
2183.png,34
2183.png,21
2184.png,11
2184.png,61
2184.png,91
2184.png,89
2184.png,76
2184.png,77
2184.png,100
2184.png,65
2184.png,54
2184.png,85
2185.png,75
2185.png,59
2185.png,59
2185.png,75
2185.png,100
2185.png,65
2185.png,100
2185.png,64
2185.png,62
2185.png,65
2186.png,60
2186.png,67
2186.png,56
2186.png,49
2186.png,53
2186.png,78
2186.png,44
2186.png,24
2186.png,66
2186.png,43
2187.png,50
2187.png,66
2187.png,49
2187.png,67
2187.png,62
2187.png,0
2187.png,58
2187.png,17
2187.png,10
2187.png,0
2188.png,31
2188.png,10
2188.png,17
2188.png,0
2188.png,21
2188.png,25
2188.png,14
2188.png,37
2188.png,35
2188.png,42
2189.png,100
2189.png,53
2189.png,50
2189.png,30
2189.png,43
2189.png,61
2189.png,81
2189.png,38
2189.png,66
2189.png,71
2190.png,61
2190.png,67
2190.png,16
2190.png,78
2190.png,100
2190.png,76
2190.png,42
2190.png,31
2190.png,64
2190.png,66
2191.png,64
2191.png,57
2191.png,75
2191.png,82
2191.png,75
2191.png,67
2191.png,62
2191.png,74
2191.png,64
2191.png,57
2192.png,100
2192.png,64
2192.png,71
2192.png,64
2192.png,100
2192.png,80
2192.png,39
2192.png,100
2192.png,66
2192.png,67
2193.png,70
2193.png,80
2193.png,73
2193.png,74
2193.png,75
2193.png,71
2193.png,75
2193.png,24
2193.png,37
2193.png,67
2194.png,17
2194.png,75
2194.png,58
2194.png,54
2194.png,90
2194.png,32
2194.png,47
2194.png,86
2194.png,57
2194.png,22
2195.png,36
2195.png,50
2195.png,32
2195.png,21
2195.png,28
2195.png,7
2195.png,42
2195.png,54
2195.png,35
2195.png,39
2196.png,100
2196.png,73
2196.png,69
2196.png,73
2196.png,88
2196.png,57
2196.png,69
2196.png,34
2196.png,58
2196.png,85
2197.png,6
2197.png,50
2197.png,2
2197.png,25
2197.png,0
2197.png,0
2197.png,0
2197.png,2
2197.png,0
2197.png,8
2198.png,3
2198.png,3
2198.png,28
2198.png,45
2198.png,45
2198.png,17
2198.png,44
2198.png,23
2198.png,64
2198.png,56
2199.png,100
2199.png,50
2199.png,66
2199.png,56
2199.png,87
2199.png,100
2199.png,95
2199.png,65
2199.png,34
2199.png,54
2200.png,55
2200.png,77
2200.png,70
2200.png,37
2200.png,53
2200.png,50
2200.png,39
2200.png,17
2200.png,36
2200.png,78
2201.png,60
2201.png,25
2201.png,77
2201.png,36
2201.png,38
2201.png,4
2201.png,68
2201.png,36
2201.png,64
2201.png,25
2202.png,12
2202.png,26
2202.png,4
2202.png,6
2202.png,11
2202.png,14
2202.png,12
2202.png,36
2202.png,17
2202.png,19
2203.png,27
2203.png,30
2203.png,81
2203.png,6
2203.png,0
2203.png,14
2203.png,13
2203.png,13
2203.png,7
2203.png,1
2204.png,9
2204.png,7
2204.png,8
2204.png,25
2204.png,18
2204.png,26
2204.png,0
2204.png,5
2204.png,3
2204.png,24
2205.png,73
2205.png,75
2205.png,91
2205.png,84
2205.png,24
2205.png,64
2205.png,50
2205.png,94
2205.png,70
2205.png,92
2206.png,7
2206.png,38
2206.png,3
2206.png,0
2206.png,20
2206.png,15
2206.png,21
2206.png,42
2206.png,10
2206.png,19
2207.png,57
2207.png,75
2207.png,46
2207.png,85
2207.png,50
2207.png,31
2207.png,37
2207.png,62
2207.png,18
2207.png,81
2208.png,15
2208.png,34
2208.png,4
2208.png,12
2208.png,10
2208.png,35
2208.png,12
2208.png,6
2208.png,0
2208.png,4
2209.png,74
2209.png,31
2209.png,86
2209.png,65
2209.png,42
2209.png,4
2209.png,13
2209.png,67
2209.png,67
2209.png,35
2210.png,23
2210.png,4
2210.png,11
2210.png,48
2210.png,26
2210.png,24
2210.png,22
2210.png,33
2210.png,26
2210.png,34
2211.png,75
2211.png,16
2211.png,52
2211.png,76
2211.png,32
2211.png,58
2211.png,23
2211.png,25
2211.png,100
2211.png,43
2212.png,90
2212.png,74
2212.png,86
2212.png,81
2212.png,89
2212.png,86
2212.png,60
2212.png,62
2212.png,100
2212.png,62
2213.png,40
2213.png,100
2213.png,14
2213.png,81
2213.png,100
2213.png,35
2213.png,100
2213.png,65
2213.png,44
2213.png,77
2214.png,62
2214.png,60
2214.png,100
2214.png,39
2214.png,47
2214.png,89
2214.png,63
2214.png,27
2214.png,84
2214.png,76
2215.png,73
2215.png,77
2215.png,59
2215.png,87
2215.png,75
2215.png,63
2215.png,84
2215.png,92
2215.png,73
2215.png,100
2216.png,50
2216.png,59
2216.png,16
2216.png,45
2216.png,12
2216.png,17
2216.png,17
2216.png,62
2216.png,32
2216.png,6
2217.png,68
2217.png,46
2217.png,72
2217.png,76
2217.png,65
2217.png,62
2217.png,26
2217.png,31
2217.png,74
2217.png,100
2218.png,95
2218.png,100
2218.png,69
2218.png,64
2218.png,41
2218.png,91
2218.png,74
2218.png,57
2218.png,67
2218.png,40
2219.png,10
2219.png,66
2219.png,36
2219.png,32
2219.png,45
2219.png,18
2219.png,22
2219.png,34
2219.png,30
2219.png,47
2220.png,8
2220.png,52
2220.png,29
2220.png,37
2220.png,25
2220.png,25
2220.png,42
2220.png,8
2220.png,20
2220.png,33
2221.png,30
2221.png,25
2221.png,28
2221.png,31
2221.png,36
2221.png,24
2221.png,12
2221.png,11
2221.png,9
2221.png,28
2222.png,100
2222.png,100
2222.png,94
2222.png,82
2222.png,91
2222.png,82
2222.png,91
2222.png,77
2222.png,73
2222.png,36
2223.png,3
2223.png,8
2223.png,6
2223.png,36
2223.png,9
2223.png,25
2223.png,3
2223.png,7
2223.png,15
2223.png,6
2224.png,75
2224.png,57
2224.png,58
2224.png,61
2224.png,74
2224.png,38
2224.png,12
2224.png,67
2224.png,82
2224.png,50
2225.png,0
2225.png,22
2225.png,3
2225.png,17
2225.png,2
2225.png,0
2225.png,1
2225.png,2
2225.png,46
2225.png,5
2226.png,3
2226.png,55
2226.png,74
2226.png,76
2226.png,78
2226.png,60
2226.png,63
2226.png,77
2226.png,47
2226.png,35
2227.png,15
2227.png,50
2227.png,32
2227.png,48
2227.png,14
2227.png,58
2227.png,11
2227.png,47
2227.png,12
2227.png,25
2228.png,48
2228.png,43
2228.png,39
2228.png,4
2228.png,6
2228.png,5
2228.png,10
2228.png,20
2228.png,50
2228.png,8
2229.png,11
2229.png,38
2229.png,38
2229.png,65
2229.png,9
2229.png,7
2229.png,3
2229.png,15
2229.png,1
2229.png,24
2230.png,58
2230.png,76
2230.png,64
2230.png,31
2230.png,58
2230.png,42
2230.png,23
2230.png,65
2230.png,54
2230.png,22
2231.png,71
2231.png,17
2231.png,38
2231.png,29
2231.png,33
2231.png,9
2231.png,43
2231.png,37
2231.png,21
2231.png,22
2232.png,66
2232.png,85
2232.png,55
2232.png,24
2232.png,100
2232.png,35
2232.png,45
2232.png,77
2232.png,50
2232.png,70
2233.png,37
2233.png,59
2233.png,72
2233.png,19
2233.png,75
2233.png,77
2233.png,92
2233.png,5
2233.png,35
2233.png,75
2234.png,67
2234.png,14
2234.png,53
2234.png,25
2234.png,75
2234.png,38
2234.png,43
2234.png,49
2234.png,44
2234.png,37
2235.png,84
2235.png,68
2235.png,24
2235.png,91
2235.png,38
2235.png,12
2235.png,85
2235.png,21
2235.png,74
2235.png,57
2236.png,26
2236.png,76
2236.png,73
2236.png,68
2236.png,73
2236.png,100
2236.png,75
2236.png,100
2236.png,98
2236.png,75
2237.png,82
2237.png,61
2237.png,100
2237.png,67
2237.png,80
2237.png,100
2237.png,25
2237.png,82
2237.png,23
2237.png,69
2238.png,7
2238.png,68
2238.png,19
2238.png,29
2238.png,25
2238.png,27
2238.png,24
2238.png,13
2238.png,19
2238.png,9
2239.png,39
2239.png,95
2239.png,77
2239.png,68
2239.png,100
2239.png,50
2239.png,30
2239.png,60
2239.png,31
2239.png,76
2240.png,24
2240.png,26
2240.png,75
2240.png,41
2240.png,79
2240.png,1
2240.png,31
2240.png,29
2240.png,18
2240.png,9
2241.png,11
2241.png,21
2241.png,25
2241.png,28
2241.png,20
2241.png,11
2241.png,12
2241.png,25
2241.png,14
2241.png,20
2242.png,79
2242.png,83
2242.png,35
2242.png,65
2242.png,28
2242.png,29
2242.png,32
2242.png,49
2242.png,80
2242.png,40
2243.png,35
2243.png,16
2243.png,71
2243.png,62
2243.png,31
2243.png,43
2243.png,36
2243.png,65
2243.png,74
2243.png,76
2244.png,29
2244.png,25
2244.png,34
2244.png,10
2244.png,51
2244.png,26
2244.png,23
2244.png,42
2244.png,19
2244.png,6
2245.png,20
2245.png,35
2245.png,19
2245.png,22
2245.png,13
2245.png,15
2245.png,23
2245.png,46
2245.png,17
2245.png,71
2246.png,20
2246.png,38
2246.png,62
2246.png,15
2246.png,50
2246.png,38
2246.png,77
2246.png,14
2246.png,33
2246.png,5
2247.png,72
2247.png,15
2247.png,39
2247.png,41
2247.png,6
2247.png,2
2247.png,27
2247.png,75
2247.png,71
2247.png,50
2248.png,70
2248.png,61
2248.png,5
2248.png,22
2248.png,2
2248.png,74
2248.png,37
2248.png,66
2248.png,44
2248.png,31
2249.png,34
2249.png,49
2249.png,27
2249.png,76
2249.png,43
2249.png,63
2249.png,44
2249.png,64
2249.png,27
2249.png,67
2250.png,8
2250.png,20
2250.png,0
2250.png,67
2250.png,15
2250.png,0
2250.png,1
2250.png,2
2250.png,2
2250.png,25
2251.png,86
2251.png,84
2251.png,100
2251.png,77
2251.png,100
2251.png,74
2251.png,100
2251.png,100
2251.png,100
2251.png,100
2252.png,72
2252.png,100
2252.png,47
2252.png,55
2252.png,57
2252.png,40
2252.png,50
2252.png,21
2252.png,67
2252.png,50
2253.png,67
2253.png,46
2253.png,41
2253.png,63
2253.png,10
2253.png,15
2253.png,23
2253.png,18
2253.png,29
2253.png,43
2254.png,18
2254.png,45
2254.png,45
2254.png,37
2254.png,50
2254.png,16
2254.png,50
2254.png,33
2254.png,13
2254.png,20
2255.png,50
2255.png,9
2255.png,43
2255.png,50
2255.png,39
2255.png,26
2255.png,39
2255.png,82
2255.png,26
2255.png,77
2256.png,10
2256.png,13
2256.png,12
2256.png,25
2256.png,2
2256.png,24
2256.png,8
2256.png,26
2256.png,14
2256.png,2
2257.png,49
2257.png,74
2257.png,1
2257.png,35
2257.png,51
2257.png,59
2257.png,58
2257.png,37
2257.png,69
2257.png,39
2258.png,56
2258.png,36
2258.png,75
2258.png,53
2258.png,8
2258.png,50
2258.png,13
2258.png,0
2258.png,18
2258.png,19
2259.png,52
2259.png,72
2259.png,83
2259.png,69
2259.png,53
2259.png,70
2259.png,57
2259.png,41
2259.png,76
2259.png,30
2260.png,24
2260.png,4
2260.png,62
2260.png,38
2260.png,32
2260.png,37
2260.png,66
2260.png,70
2260.png,60
2260.png,1
2261.png,57
2261.png,57
2261.png,74
2261.png,75
2261.png,44
2261.png,28
2261.png,78
2261.png,69
2261.png,27
2261.png,15
2262.png,60
2262.png,9
2262.png,14
2262.png,39
2262.png,20
2262.png,22
2262.png,14
2262.png,0
2262.png,4
2262.png,75
2263.png,84
2263.png,65
2263.png,50
2263.png,36
2263.png,38
2263.png,62
2263.png,36
2263.png,64
2263.png,66
2263.png,61
2264.png,53
2264.png,20
2264.png,65
2264.png,15
2264.png,22
2264.png,51
2264.png,50
2264.png,61
2264.png,36
2264.png,15
2265.png,10
2265.png,38
2265.png,75
2265.png,27
2265.png,60
2265.png,63
2265.png,21
2265.png,12
2265.png,40
2265.png,40
2266.png,76
2266.png,60
2266.png,89
2266.png,77
2266.png,39
2266.png,50
2266.png,74
2266.png,45
2266.png,13
2266.png,58
2267.png,3
2267.png,50
2267.png,19
2267.png,35
2267.png,50
2267.png,49
2267.png,11
2267.png,8
2267.png,19
2267.png,42
2268.png,73
2268.png,50
2268.png,34
2268.png,64
2268.png,26
2268.png,0
2268.png,50
2268.png,75
2268.png,31
2268.png,86
2269.png,6
2269.png,32
2269.png,38
2269.png,16
2269.png,60
2269.png,0
2269.png,3
2269.png,56
2269.png,46
2269.png,13
2270.png,76
2270.png,75
2270.png,87
2270.png,76
2270.png,84
2270.png,88
2270.png,44
2270.png,84
2270.png,76
2270.png,76
2271.png,50
2271.png,51
2271.png,19
2271.png,32
2271.png,49
2271.png,65
2271.png,72
2271.png,48
2271.png,36
2271.png,15
2272.png,83
2272.png,63
2272.png,81
2272.png,84
2272.png,100
2272.png,69
2272.png,75
2272.png,100
2272.png,68
2272.png,77
2273.png,86
2273.png,16
2273.png,3
2273.png,48
2273.png,55
2273.png,39
2273.png,57
2273.png,24
2273.png,68
2273.png,32
2274.png,65
2274.png,46
2274.png,49
2274.png,17
2274.png,67
2274.png,22
2274.png,72
2274.png,43
2274.png,41
2274.png,38
2275.png,96
2275.png,47
2275.png,100
2275.png,74
2275.png,72
2275.png,69
2275.png,72
2275.png,72
2275.png,68
2275.png,22
2276.png,69
2276.png,39
2276.png,20
2276.png,31
2276.png,0
2276.png,18
2276.png,75
2276.png,8
2276.png,39
2276.png,54
2277.png,100
2277.png,77
2277.png,75
2277.png,47
2277.png,79
2277.png,70
2277.png,82
2277.png,50
2277.png,87
2277.png,54
2278.png,72
2278.png,59
2278.png,39
2278.png,38
2278.png,40
2278.png,81
2278.png,80
2278.png,50
2278.png,76
2278.png,44
2279.png,100
2279.png,79
2279.png,26
2279.png,76
2279.png,70
2279.png,92
2279.png,96
2279.png,100
2279.png,95
2279.png,83
2280.png,54
2280.png,74
2280.png,40
2280.png,74
2280.png,80
2280.png,82
2280.png,75
2280.png,83
2280.png,82
2280.png,55
2281.png,21
2281.png,81
2281.png,74
2281.png,69
2281.png,74
2281.png,15
2281.png,28
2281.png,74
2281.png,42
2281.png,39
2282.png,63
2282.png,95
2282.png,94
2282.png,65
2282.png,88
2282.png,85
2282.png,30
2282.png,74
2282.png,90
2282.png,61
2283.png,64
2283.png,55
2283.png,38
2283.png,68
2283.png,74
2283.png,75
2283.png,83
2283.png,51
2283.png,75
2283.png,81
2284.png,78
2284.png,13
2284.png,57
2284.png,69
2284.png,27
2284.png,69
2284.png,61
2284.png,54
2284.png,55
2284.png,38
2285.png,29
2285.png,8
2285.png,37
2285.png,56
2285.png,25
2285.png,76
2285.png,49
2285.png,13
2285.png,14
2285.png,19
2286.png,67
2286.png,82
2286.png,29
2286.png,76
2286.png,63
2286.png,45
2286.png,18
2286.png,79
2286.png,60
2286.png,62
2287.png,19
2287.png,79
2287.png,54
2287.png,74
2287.png,8
2287.png,54
2287.png,66
2287.png,58
2287.png,45
2287.png,91
2288.png,58
2288.png,47
2288.png,36
2288.png,71
2288.png,12
2288.png,16
2288.png,78
2288.png,65
2288.png,55
2288.png,66
2289.png,69
2289.png,81
2289.png,70
2289.png,7
2289.png,100
2289.png,26
2289.png,60
2289.png,16
2289.png,100
2289.png,65
2290.png,10
2290.png,25
2290.png,9
2290.png,51
2290.png,31
2290.png,1
2290.png,5
2290.png,21
2290.png,9
2290.png,20
2291.png,0
2291.png,4
2291.png,7
2291.png,11
2291.png,4
2291.png,31
2291.png,0
2291.png,31
2291.png,78
2291.png,16
2292.png,70
2292.png,56
2292.png,65
2292.png,28
2292.png,74
2292.png,24
2292.png,82
2292.png,44
2292.png,100
2292.png,18
2293.png,24
2293.png,55
2293.png,42
2293.png,50
2293.png,36
2293.png,100
2293.png,79
2293.png,73
2293.png,65
2293.png,42
2294.png,40
2294.png,92
2294.png,7
2294.png,91
2294.png,59
2294.png,76
2294.png,39
2294.png,58
2294.png,76
2294.png,24
2295.png,63
2295.png,53
2295.png,57
2295.png,85
2295.png,100
2295.png,61
2295.png,73
2295.png,79
2295.png,73
2295.png,63
2296.png,75
2296.png,69
2296.png,86
2296.png,50
2296.png,78
2296.png,57
2296.png,64
2296.png,53
2296.png,51
2296.png,67
2297.png,25
2297.png,27
2297.png,16
2297.png,15
2297.png,16
2297.png,51
2297.png,29
2297.png,25
2297.png,3
2297.png,16
2298.png,77
2298.png,59
2298.png,100
2298.png,94
2298.png,76
2298.png,64
2298.png,73
2298.png,82
2298.png,54
2298.png,70
2299.png,100
2299.png,86
2299.png,81
2299.png,83
2299.png,56
2299.png,79
2299.png,67
2299.png,43
2299.png,76
2299.png,40
2300.png,1
2300.png,5
2300.png,11
2300.png,22
2300.png,5
2300.png,50
2300.png,8
2300.png,10
2300.png,38
2300.png,7
2301.png,81
2301.png,74
2301.png,65
2301.png,39
2301.png,75
2301.png,65
2301.png,47
2301.png,59
2301.png,100
2301.png,41
2302.png,6
2302.png,55
2302.png,23
2302.png,9
2302.png,40
2302.png,25
2302.png,47
2302.png,67
2302.png,46
2302.png,34
2303.png,61
2303.png,34
2303.png,44
2303.png,57
2303.png,43
2303.png,62
2303.png,32
2303.png,25
2303.png,76
2303.png,62
2304.png,60
2304.png,84
2304.png,50
2304.png,100
2304.png,66
2304.png,75
2304.png,39
2304.png,71
2304.png,100
2304.png,70
2305.png,65
2305.png,90
2305.png,3
2305.png,75
2305.png,100
2305.png,92
2305.png,99
2305.png,24
2305.png,79
2305.png,55
2306.png,88
2306.png,63
2306.png,55
2306.png,25
2306.png,87
2306.png,53
2306.png,76
2306.png,63
2306.png,65
2306.png,65
2307.png,28
2307.png,15
2307.png,26
2307.png,15
2307.png,11
2307.png,3
2307.png,20
2307.png,25
2307.png,26
2307.png,13
2308.png,0
2308.png,28
2308.png,41
2308.png,26
2308.png,63
2308.png,68
2308.png,24
2308.png,51
2308.png,39
2308.png,100
2309.png,59
2309.png,63
2309.png,100
2309.png,19
2309.png,70
2309.png,69
2309.png,94
2309.png,83
2309.png,79
2309.png,73
2310.png,29
2310.png,86
2310.png,56
2310.png,92
2310.png,65
2310.png,68
2310.png,43
2310.png,67
2310.png,75
2310.png,23
2311.png,100
2311.png,71
2311.png,72
2311.png,89
2311.png,75
2311.png,74
2311.png,79
2311.png,63
2311.png,66
2311.png,62
2312.png,95
2312.png,75
2312.png,50
2312.png,100
2312.png,78
2312.png,71
2312.png,83
2312.png,75
2312.png,85
2312.png,100
2313.png,70
2313.png,75
2313.png,100
2313.png,64
2313.png,75
2313.png,63
2313.png,76
2313.png,69
2313.png,71
2313.png,69
2314.png,34
2314.png,32
2314.png,61
2314.png,38
2314.png,49
2314.png,69
2314.png,53
2314.png,66
2314.png,30
2314.png,25
2315.png,50
2315.png,60
2315.png,50
2315.png,40
2315.png,35
2315.png,72
2315.png,49
2315.png,47
2315.png,50
2315.png,63
2316.png,3
2316.png,26
2316.png,34
2316.png,45
2316.png,0
2316.png,12
2316.png,33
2316.png,31
2316.png,49
2316.png,28
2317.png,6
2317.png,35
2317.png,25
2317.png,22
2317.png,66
2317.png,36
2317.png,0
2317.png,16
2317.png,18
2317.png,28
2318.png,59
2318.png,38
2318.png,19
2318.png,63
2318.png,34
2318.png,20
2318.png,51
2318.png,43
2318.png,10
2318.png,24
2319.png,100
2319.png,3
2319.png,67
2319.png,78
2319.png,75
2319.png,100
2319.png,96
2319.png,99
2319.png,82
2319.png,100
2320.png,68
2320.png,75
2320.png,49
2320.png,65
2320.png,76
2320.png,55
2320.png,41
2320.png,70
2320.png,63
2320.png,74
2321.png,9
2321.png,78
2321.png,37
2321.png,39
2321.png,0
2321.png,24
2321.png,13
2321.png,42
2321.png,66
2321.png,38
2322.png,66
2322.png,70
2322.png,3
2322.png,61
2322.png,10
2322.png,65
2322.png,63
2322.png,62
2322.png,5
2322.png,24
2323.png,66
2323.png,66
2323.png,56
2323.png,71
2323.png,86
2323.png,100
2323.png,100
2323.png,66
2323.png,68
2323.png,37
2324.png,40
2324.png,87
2324.png,69
2324.png,78
2324.png,99
2324.png,78
2324.png,97
2324.png,100
2324.png,91
2324.png,64
2325.png,95
2325.png,20
2325.png,66
2325.png,42
2325.png,44
2325.png,41
2325.png,72
2325.png,58
2325.png,67
2325.png,59
2326.png,69
2326.png,84
2326.png,100
2326.png,61
2326.png,67
2326.png,83
2326.png,93
2326.png,74
2326.png,71
2326.png,80
2327.png,25
2327.png,62
2327.png,4
2327.png,42
2327.png,70
2327.png,18
2327.png,0
2327.png,58
2327.png,0
2327.png,1
2328.png,100
2328.png,92
2328.png,80
2328.png,63
2328.png,93
2328.png,69
2328.png,100
2328.png,100
2328.png,97
2328.png,77
2329.png,27
2329.png,25
2329.png,72
2329.png,52
2329.png,74
2329.png,76
2329.png,69
2329.png,6
2329.png,7
2329.png,63
2330.png,40
2330.png,75
2330.png,64
2330.png,22
2330.png,72
2330.png,5
2330.png,39
2330.png,38
2330.png,6
2330.png,11
2331.png,27
2331.png,0
2331.png,12
2331.png,66
2331.png,92
2331.png,36
2331.png,95
2331.png,79
2331.png,37
2331.png,62
2332.png,35
2332.png,37
2332.png,14
2332.png,7
2332.png,63
2332.png,30
2332.png,43
2332.png,33
2332.png,0
2332.png,76
2333.png,1
2333.png,41
2333.png,41
2333.png,23
2333.png,64
2333.png,2
2333.png,28
2333.png,4
2333.png,0
2333.png,0
2334.png,17
2334.png,44
2334.png,28
2334.png,30
2334.png,30
2334.png,1
2334.png,3
2334.png,3
2334.png,11
2334.png,1
2335.png,11
2335.png,42
2335.png,4
2335.png,7
2335.png,21
2335.png,41
2335.png,25
2335.png,20
2335.png,75
2335.png,38
2336.png,3
2336.png,17
2336.png,0
2336.png,22
2336.png,15
2336.png,11
2336.png,15
2336.png,37
2336.png,37
2336.png,2
2337.png,0
2337.png,34
2337.png,33
2337.png,10
2337.png,39
2337.png,5
2337.png,5
2337.png,62
2337.png,12
2337.png,14
2338.png,11
2338.png,34
2338.png,74
2338.png,0
2338.png,45
2338.png,61
2338.png,64
2338.png,10
2338.png,0
2338.png,43
2339.png,73
2339.png,99
2339.png,98
2339.png,16
2339.png,56
2339.png,72
2339.png,75
2339.png,60
2339.png,66
2339.png,88
2340.png,39
2340.png,32
2340.png,63
2340.png,100
2340.png,8
2340.png,94
2340.png,65
2340.png,96
2340.png,85
2340.png,58
2341.png,71
2341.png,53
2341.png,89
2341.png,89
2341.png,44
2341.png,70
2341.png,66
2341.png,100
2341.png,100
2341.png,25
2342.png,62
2342.png,75
2342.png,89
2342.png,65
2342.png,68
2342.png,92
2342.png,64
2342.png,78
2342.png,89
2342.png,60
2343.png,8
2343.png,24
2343.png,3
2343.png,14
2343.png,28
2343.png,0
2343.png,35
2343.png,7
2343.png,3
2343.png,31
2344.png,42
2344.png,85
2344.png,35
2344.png,71
2344.png,67
2344.png,87
2344.png,92
2344.png,25
2344.png,92
2344.png,35
2345.png,43
2345.png,79
2345.png,91
2345.png,86
2345.png,95
2345.png,72
2345.png,84
2345.png,70
2345.png,41
2345.png,72
2346.png,9
2346.png,75
2346.png,57
2346.png,73
2346.png,76
2346.png,71
2346.png,72
2346.png,55
2346.png,56
2346.png,75
2347.png,11
2347.png,74
2347.png,59
2347.png,29
2347.png,16
2347.png,69
2347.png,45
2347.png,4
2347.png,29
2347.png,63
2348.png,7
2348.png,32
2348.png,38
2348.png,5
2348.png,0
2348.png,40
2348.png,24
2348.png,61
2348.png,74
2348.png,31
2349.png,69
2349.png,23
2349.png,63
2349.png,96
2349.png,40
2349.png,65
2349.png,88
2349.png,44
2349.png,40
2349.png,99
2350.png,38
2350.png,26
2350.png,58
2350.png,16
2350.png,27
2350.png,40
2350.png,6
2350.png,63
2350.png,68
2350.png,29
2351.png,33
2351.png,14
2351.png,13
2351.png,14
2351.png,24
2351.png,26
2351.png,38
2351.png,36
2351.png,5
2351.png,12
2352.png,31
2352.png,74
2352.png,3
2352.png,8
2352.png,12
2352.png,64
2352.png,35
2352.png,43
2352.png,54
2352.png,15
2353.png,21
2353.png,22
2353.png,5
2353.png,59
2353.png,0
2353.png,17
2353.png,28
2353.png,66
2353.png,53
2353.png,0
2354.png,16
2354.png,6
2354.png,27
2354.png,19
2354.png,64
2354.png,37
2354.png,12
2354.png,28
2354.png,18
2354.png,0
2355.png,51
2355.png,36
2355.png,58
2355.png,46
2355.png,60
2355.png,0
2355.png,66
2355.png,27
2355.png,13
2355.png,17
2356.png,4
2356.png,24
2356.png,13
2356.png,39
2356.png,72
2356.png,13
2356.png,26
2356.png,34
2356.png,4
2356.png,56
2357.png,2
2357.png,31
2357.png,64
2357.png,5
2357.png,62
2357.png,0
2357.png,54
2357.png,66
2357.png,90
2357.png,41
2358.png,0
2358.png,45
2358.png,63
2358.png,9
2358.png,9
2358.png,0
2358.png,43
2358.png,18
2358.png,25
2358.png,3
2359.png,50
2359.png,2
2359.png,13
2359.png,4
2359.png,40
2359.png,0
2359.png,16
2359.png,63
2359.png,0
2359.png,23
2360.png,82
2360.png,65
2360.png,82
2360.png,64
2360.png,44
2360.png,100
2360.png,70
2360.png,100
2360.png,70
2360.png,96
2361.png,0
2361.png,38
2361.png,11
2361.png,4
2361.png,35
2361.png,13
2361.png,0
2361.png,0
2361.png,32
2361.png,21
2362.png,12
2362.png,6
2362.png,46
2362.png,50
2362.png,54
2362.png,75
2362.png,36
2362.png,34
2362.png,65
2362.png,70
2363.png,24
2363.png,50
2363.png,44
2363.png,30
2363.png,85
2363.png,68
2363.png,24
2363.png,99
2363.png,45
2363.png,79
2364.png,50
2364.png,77
2364.png,43
2364.png,75
2364.png,62
2364.png,63
2364.png,100
2364.png,15
2364.png,66
2364.png,2
2365.png,37
2365.png,64
2365.png,20
2365.png,34
2365.png,99
2365.png,58
2365.png,75
2365.png,37
2365.png,13
2365.png,56
2366.png,93
2366.png,72
2366.png,100
2366.png,63
2366.png,81
2366.png,75
2366.png,89
2366.png,100
2366.png,86
2366.png,84
2367.png,99
2367.png,81
2367.png,90
2367.png,73
2367.png,98
2367.png,21
2367.png,36
2367.png,100
2367.png,61
2367.png,18
2368.png,3
2368.png,41
2368.png,75
2368.png,22
2368.png,36
2368.png,37
2368.png,24
2368.png,80
2368.png,25
2368.png,63
2369.png,37
2369.png,38
2369.png,52
2369.png,62
2369.png,2
2369.png,3
2369.png,87
2369.png,21
2369.png,56
2369.png,99
2370.png,29
2370.png,27
2370.png,8
2370.png,14
2370.png,12
2370.png,45
2370.png,6
2370.png,15
2370.png,33
2370.png,12
2371.png,25
2371.png,57
2371.png,55
2371.png,10
2371.png,50
2371.png,44
2371.png,4
2371.png,42
2371.png,39
2371.png,8
2372.png,61
2372.png,75
2372.png,95
2372.png,56
2372.png,100
2372.png,89
2372.png,86
2372.png,25
2372.png,34
2372.png,70
2373.png,89
2373.png,62
2373.png,100
2373.png,95
2373.png,68
2373.png,76
2373.png,86
2373.png,50
2373.png,75
2373.png,57
2374.png,78
2374.png,100
2374.png,96
2374.png,100
2374.png,78
2374.png,96
2374.png,96
2374.png,9
2374.png,59
2374.png,100
2375.png,87
2375.png,43
2375.png,88
2375.png,79
2375.png,66
2375.png,28
2375.png,100
2375.png,63
2375.png,59
2375.png,87
2376.png,56
2376.png,75
2376.png,32
2376.png,84
2376.png,85
2376.png,89
2376.png,64
2376.png,94
2376.png,100
2376.png,87
2377.png,35
2377.png,0
2377.png,5
2377.png,18
2377.png,3
2377.png,38
2377.png,42
2377.png,18
2377.png,20
2377.png,33
2378.png,13
2378.png,17
2378.png,0
2378.png,50
2378.png,0
2378.png,36
2378.png,77
2378.png,56
2378.png,45
2378.png,24
2379.png,73
2379.png,65
2379.png,10
2379.png,100
2379.png,27
2379.png,58
2379.png,30
2379.png,96
2379.png,14
2379.png,57
2380.png,68
2380.png,39
2380.png,60
2380.png,57
2380.png,94
2380.png,100
2380.png,85
2380.png,100
2380.png,39
2380.png,58
2381.png,15
2381.png,31
2381.png,73
2381.png,29
2381.png,0
2381.png,5
2381.png,0
2381.png,67
2381.png,36
2381.png,0
2382.png,72
2382.png,84
2382.png,100
2382.png,69
2382.png,100
2382.png,24
2382.png,37
2382.png,71
2382.png,92
2382.png,72
2383.png,30
2383.png,42
2383.png,0
2383.png,0
2383.png,0
2383.png,5
2383.png,0
2383.png,10
2383.png,35
2383.png,39
2384.png,49
2384.png,31
2384.png,10
2384.png,34
2384.png,23
2384.png,34
2384.png,11
2384.png,31
2384.png,7
2384.png,24
2385.png,100
2385.png,58
2385.png,85
2385.png,98
2385.png,60
2385.png,39
2385.png,40
2385.png,62
2385.png,39
2385.png,100
2386.png,36
2386.png,30
2386.png,87
2386.png,39
2386.png,90
2386.png,10
2386.png,42
2386.png,36
2386.png,86
2386.png,63
2387.png,34
2387.png,70
2387.png,35
2387.png,62
2387.png,28
2387.png,35
2387.png,51
2387.png,73
2387.png,25
2387.png,0
2388.png,29
2388.png,24
2388.png,8
2388.png,13
2388.png,0
2388.png,11
2388.png,1
2388.png,5
2388.png,17
2388.png,2
2389.png,57
2389.png,41
2389.png,7
2389.png,19
2389.png,67
2389.png,17
2389.png,10
2389.png,57
2389.png,65
2389.png,50
2390.png,11
2390.png,40
2390.png,33
2390.png,62
2390.png,55
2390.png,69
2390.png,24
2390.png,37
2390.png,19
2390.png,68
2391.png,63
2391.png,76
2391.png,75
2391.png,87
2391.png,82
2391.png,64
2391.png,0
2391.png,28
2391.png,24
2391.png,25
2392.png,33
2392.png,18
2392.png,45
2392.png,0
2392.png,1
2392.png,24
2392.png,30
2392.png,0
2392.png,11
2392.png,17
2393.png,0
2393.png,2
2393.png,13
2393.png,36
2393.png,0
2393.png,34
2393.png,21
2393.png,30
2393.png,29
2393.png,0
2394.png,20
2394.png,20
2394.png,40
2394.png,0
2394.png,41
2394.png,15
2394.png,60
2394.png,12
2394.png,11
2394.png,11
2395.png,86
2395.png,60
2395.png,71
2395.png,88
2395.png,68
2395.png,75
2395.png,74
2395.png,87
2395.png,98
2395.png,38
2396.png,78
2396.png,5
2396.png,6
2396.png,24
2396.png,60
2396.png,18
2396.png,25
2396.png,51
2396.png,37
2396.png,66
2397.png,39
2397.png,100
2397.png,100
2397.png,72
2397.png,64
2397.png,82
2397.png,31
2397.png,85
2397.png,78
2397.png,35
2398.png,87
2398.png,75
2398.png,89
2398.png,61
2398.png,91
2398.png,63
2398.png,82
2398.png,38
2398.png,100
2398.png,25
2399.png,2
2399.png,41
2399.png,11
2399.png,68
2399.png,57
2399.png,25
2399.png,0
2399.png,59
2399.png,26
2399.png,10
2400.png,55
2400.png,4
2400.png,66
2400.png,2
2400.png,36
2400.png,34
2400.png,55
2400.png,15
2400.png,67
2400.png,59
2401.png,32
2401.png,13
2401.png,27
2401.png,42
2401.png,3
2401.png,0
2401.png,35
2401.png,24
2401.png,37
2401.png,0
2402.png,62
2402.png,38
2402.png,96
2402.png,75
2402.png,77
2402.png,100
2402.png,100
2402.png,81
2402.png,65
2402.png,70
2403.png,66
2403.png,97
2403.png,96
2403.png,89
2403.png,89
2403.png,97
2403.png,79
2403.png,77
2403.png,63
2403.png,74
2404.png,25
2404.png,24
2404.png,17
2404.png,0
2404.png,26
2404.png,37
2404.png,9
2404.png,3
2404.png,24
2404.png,35
2405.png,29
2405.png,12
2405.png,26
2405.png,58
2405.png,43
2405.png,27
2405.png,41
2405.png,62
2405.png,81
2405.png,10
2406.png,51
2406.png,3
2406.png,4
2406.png,24
2406.png,23
2406.png,24
2406.png,7
2406.png,34
2406.png,2
2406.png,4
2407.png,67
2407.png,86
2407.png,88
2407.png,83
2407.png,32
2407.png,74
2407.png,41
2407.png,62
2407.png,71
2407.png,40
2408.png,4
2408.png,25
2408.png,21
2408.png,51
2408.png,54
2408.png,93
2408.png,36
2408.png,71
2408.png,0
2408.png,65
2409.png,65
2409.png,100
2409.png,82
2409.png,67
2409.png,47
2409.png,14
2409.png,72
2409.png,75
2409.png,100
2409.png,72
2410.png,62
2410.png,30
2410.png,6
2410.png,21
2410.png,39
2410.png,20
2410.png,17
2410.png,35
2410.png,0
2410.png,34
2411.png,93
2411.png,97
2411.png,83
2411.png,62
2411.png,77
2411.png,67
2411.png,63
2411.png,56
2411.png,59
2411.png,100
2412.png,76
2412.png,93
2412.png,85
2412.png,40
2412.png,88
2412.png,94
2412.png,67
2412.png,78
2412.png,95
2412.png,36
2413.png,88
2413.png,74
2413.png,85
2413.png,74
2413.png,64
2413.png,85
2413.png,77
2413.png,73
2413.png,60
2413.png,64
2414.png,63
2414.png,54
2414.png,4
2414.png,12
2414.png,17
2414.png,43
2414.png,7
2414.png,15
2414.png,64
2414.png,5
2415.png,32
2415.png,0
2415.png,75
2415.png,6
2415.png,35
2415.png,1
2415.png,64
2415.png,39
2415.png,6
2415.png,68
2416.png,85
2416.png,42
2416.png,23
2416.png,38
2416.png,69
2416.png,29
2416.png,1
2416.png,4
2416.png,35
2416.png,57
2417.png,32
2417.png,33
2417.png,11
2417.png,60
2417.png,63
2417.png,36
2417.png,73
2417.png,36
2417.png,2
2417.png,75
2418.png,33
2418.png,7
2418.png,50
2418.png,59
2418.png,84
2418.png,57
2418.png,6
2418.png,87
2418.png,59
2418.png,64
2419.png,57
2419.png,2
2419.png,16
2419.png,48
2419.png,3
2419.png,7
2419.png,23
2419.png,19
2419.png,58
2419.png,6
2420.png,34
2420.png,39
2420.png,28
2420.png,29
2420.png,11
2420.png,9
2420.png,38
2420.png,24
2420.png,63
2420.png,20
2421.png,21
2421.png,1
2421.png,16
2421.png,70
2421.png,13
2421.png,63
2421.png,5
2421.png,13
2421.png,23
2421.png,37
2422.png,74
2422.png,25
2422.png,96
2422.png,71
2422.png,41
2422.png,76
2422.png,81
2422.png,91
2422.png,88
2422.png,66
2423.png,100
2423.png,100
2423.png,57
2423.png,71
2423.png,76
2423.png,69
2423.png,96
2423.png,57
2423.png,92
2423.png,84
2424.png,39
2424.png,24
2424.png,93
2424.png,11
2424.png,31
2424.png,1
2424.png,87
2424.png,21
2424.png,100
2424.png,80
2425.png,58
2425.png,30
2425.png,69
2425.png,100
2425.png,90
2425.png,78
2425.png,97
2425.png,89
2425.png,86
2425.png,31
2426.png,63
2426.png,50
2426.png,37
2426.png,12
2426.png,63
2426.png,55
2426.png,68
2426.png,39
2426.png,11
2426.png,67
2427.png,0
2427.png,97
2427.png,67
2427.png,24
2427.png,3
2427.png,72
2427.png,37
2427.png,66
2427.png,61
2427.png,63
2428.png,63
2428.png,89
2428.png,64
2428.png,43
2428.png,43
2428.png,5
2428.png,6
2428.png,100
2428.png,62
2428.png,24
2429.png,6
2429.png,39
2429.png,50
2429.png,42
2429.png,18
2429.png,46
2429.png,51
2429.png,7
2429.png,24
2429.png,25
2430.png,59
2430.png,38
2430.png,5
2430.png,22
2430.png,64
2430.png,55
2430.png,27
2430.png,38
2430.png,57
2430.png,38
2431.png,31
2431.png,9
2431.png,2
2431.png,37
2431.png,61
2431.png,0
2431.png,69
2431.png,60
2431.png,1
2431.png,24
2432.png,5
2432.png,14
2432.png,40
2432.png,20
2432.png,7
2432.png,13
2432.png,39
2432.png,30
2432.png,2
2432.png,62
2433.png,6
2433.png,29
2433.png,28
2433.png,17
2433.png,22
2433.png,10
2433.png,0
2433.png,56
2433.png,1
2433.png,31
2434.png,41
2434.png,65
2434.png,0
2434.png,41
2434.png,42
2434.png,75
2434.png,18
2434.png,71
2434.png,17
2434.png,38
2435.png,43
2435.png,64
2435.png,8
2435.png,17
2435.png,50
2435.png,21
2435.png,97
2435.png,0
2435.png,95
2435.png,68
2436.png,60
2436.png,73
2436.png,63
2436.png,29
2436.png,12
2436.png,24
2436.png,62
2436.png,45
2436.png,75
2436.png,36
2437.png,56
2437.png,62
2437.png,69
2437.png,67
2437.png,74
2437.png,63
2437.png,87
2437.png,87
2437.png,44
2437.png,76
2438.png,44
2438.png,74
2438.png,86
2438.png,59
2438.png,77
2438.png,63
2438.png,100
2438.png,72
2438.png,75
2438.png,100
2439.png,60
2439.png,40
2439.png,18
2439.png,66
2439.png,2
2439.png,12
2439.png,63
2439.png,2
2439.png,10
2439.png,19
2440.png,78
2440.png,97
2440.png,67
2440.png,55
2440.png,87
2440.png,81
2440.png,73
2440.png,71
2440.png,26
2440.png,74
2441.png,1
2441.png,0
2441.png,4
2441.png,24
2441.png,3
2441.png,17
2441.png,15
2441.png,66
2441.png,42
2441.png,6
2442.png,74
2442.png,70
2442.png,72
2442.png,100
2442.png,62
2442.png,72
2442.png,87
2442.png,62
2442.png,48
2442.png,77
2443.png,12
2443.png,2
2443.png,42
2443.png,33
2443.png,2
2443.png,0
2443.png,21
2443.png,4
2443.png,45
2443.png,0
2444.png,42
2444.png,64
2444.png,3
2444.png,22
2444.png,76
2444.png,3
2444.png,57
2444.png,55
2444.png,100
2444.png,9
2445.png,33
2445.png,10
2445.png,68
2445.png,25
2445.png,66
2445.png,45
2445.png,15
2445.png,25
2445.png,40
2445.png,51
2446.png,91
2446.png,84
2446.png,75
2446.png,88
2446.png,69
2446.png,78
2446.png,95
2446.png,83
2446.png,62
2446.png,64
2447.png,15
2447.png,10
2447.png,39
2447.png,43
2447.png,42
2447.png,61
2447.png,5
2447.png,22
2447.png,58
2447.png,63
2448.png,19
2448.png,9
2448.png,75
2448.png,1
2448.png,22
2448.png,26
2448.png,21
2448.png,0
2448.png,34
2448.png,49
2449.png,64
2449.png,38
2449.png,57
2449.png,31
2449.png,59
2449.png,74
2449.png,58
2449.png,35
2449.png,74
2449.png,75
2450.png,21
2450.png,71
2450.png,77
2450.png,60
2450.png,96
2450.png,78
2450.png,38
2450.png,28
2450.png,94
2450.png,61
2451.png,4
2451.png,78
2451.png,32
2451.png,35
2451.png,33
2451.png,9
2451.png,15
2451.png,32
2451.png,25
2451.png,33
2452.png,28
2452.png,68
2452.png,31
2452.png,53
2452.png,10
2452.png,11
2452.png,34
2452.png,37
2452.png,0
2452.png,24
2453.png,70
2453.png,77
2453.png,62
2453.png,100
2453.png,26
2453.png,67
2453.png,95
2453.png,100
2453.png,97
2453.png,77
2454.png,32
2454.png,72
2454.png,8
2454.png,70
2454.png,58
2454.png,67
2454.png,59
2454.png,33
2454.png,3
2454.png,19
2455.png,53
2455.png,73
2455.png,25
2455.png,66
2455.png,64
2455.png,4
2455.png,27
2455.png,75
2455.png,41
2455.png,35
2456.png,0
2456.png,14
2456.png,3
2456.png,0
2456.png,29
2456.png,0
2456.png,2
2456.png,13
2456.png,36
2456.png,0
2457.png,75
2457.png,58
2457.png,64
2457.png,100
2457.png,84
2457.png,20
2457.png,97
2457.png,62
2457.png,59
2457.png,15
2458.png,10
2458.png,58
2458.png,43
2458.png,21
2458.png,57
2458.png,25
2458.png,64
2458.png,93
2458.png,62
2458.png,26
2459.png,74
2459.png,70
2459.png,87
2459.png,41
2459.png,74
2459.png,66
2459.png,57
2459.png,97
2459.png,87
2459.png,63
2460.png,1
2460.png,81
2460.png,40
2460.png,9
2460.png,49
2460.png,50
2460.png,45
2460.png,60
2460.png,19
2460.png,57
2461.png,9
2461.png,0
2461.png,58
2461.png,1
2461.png,27
2461.png,1
2461.png,29
2461.png,0
2461.png,39
2461.png,57
2462.png,26
2462.png,0
2462.png,6
2462.png,0
2462.png,4
2462.png,0
2462.png,0
2462.png,22
2462.png,5
2462.png,25
2463.png,13
2463.png,97
2463.png,96
2463.png,74
2463.png,75
2463.png,47
2463.png,70
2463.png,71
2463.png,70
2463.png,99
2464.png,34
2464.png,5
2464.png,35
2464.png,34
2464.png,46
2464.png,24
2464.png,6
2464.png,37
2464.png,65
2464.png,40
2465.png,11
2465.png,69
2465.png,29
2465.png,75
2465.png,60
2465.png,58
2465.png,73
2465.png,89
2465.png,35
2465.png,7
2466.png,74
2466.png,60
2466.png,40
2466.png,46
2466.png,69
2466.png,73
2466.png,48
2466.png,24
2466.png,30
2466.png,55
2467.png,34
2467.png,0
2467.png,28
2467.png,74
2467.png,63
2467.png,9
2467.png,50
2467.png,97
2467.png,42
2467.png,45
2468.png,40
2468.png,47
2468.png,30
2468.png,69
2468.png,30
2468.png,1
2468.png,31
2468.png,33
2468.png,39
2468.png,34
2469.png,35
2469.png,52
2469.png,46
2469.png,66
2469.png,97
2469.png,11
2469.png,60
2469.png,91
2469.png,78
2469.png,32
2470.png,14
2470.png,24
2470.png,5
2470.png,48
2470.png,88
2470.png,74
2470.png,68
2470.png,7
2470.png,42
2470.png,86
2471.png,80
2471.png,66
2471.png,75
2471.png,48
2471.png,31
2471.png,82
2471.png,92
2471.png,100
2471.png,71
2471.png,100
2472.png,11
2472.png,43
2472.png,23
2472.png,64
2472.png,30
2472.png,50
2472.png,75
2472.png,18
2472.png,76
2472.png,21
2473.png,46
2473.png,38
2473.png,75
2473.png,38
2473.png,56
2473.png,36
2473.png,39
2473.png,71
2473.png,11
2473.png,57
2474.png,100
2474.png,39
2474.png,73
2474.png,61
2474.png,82
2474.png,95
2474.png,7
2474.png,100
2474.png,92
2474.png,34
2475.png,92
2475.png,44
2475.png,84
2475.png,39
2475.png,42
2475.png,73
2475.png,50
2475.png,54
2475.png,61
2475.png,32
2476.png,5
2476.png,54
2476.png,32
2476.png,44
2476.png,31
2476.png,0
2476.png,4
2476.png,3
2476.png,26
2476.png,36
2477.png,86
2477.png,25
2477.png,88
2477.png,68
2477.png,90
2477.png,54
2477.png,33
2477.png,88
2477.png,83
2477.png,87
2478.png,34
2478.png,4
2478.png,55
2478.png,7
2478.png,19
2478.png,13
2478.png,0
2478.png,28
2478.png,64
2478.png,0
2479.png,29
2479.png,13
2479.png,0
2479.png,25
2479.png,31
2479.png,23
2479.png,41
2479.png,20
2479.png,33
2479.png,24
2480.png,13
2480.png,33
2480.png,98
2480.png,0
2480.png,38
2480.png,28
2480.png,0
2480.png,22
2480.png,43
2480.png,29
2481.png,100
2481.png,71
2481.png,87
2481.png,100
2481.png,76
2481.png,90
2481.png,82
2481.png,94
2481.png,67
2481.png,76
2482.png,5
2482.png,43
2482.png,10
2482.png,66
2482.png,57
2482.png,41
2482.png,35
2482.png,39
2482.png,16
2482.png,59
2483.png,26
2483.png,37
2483.png,24
2483.png,47
2483.png,22
2483.png,59
2483.png,50
2483.png,35
2483.png,19
2483.png,0
2484.png,44
2484.png,85
2484.png,64
2484.png,43
2484.png,46
2484.png,59
2484.png,83
2484.png,62
2484.png,11
2484.png,15
2485.png,36
2485.png,41
2485.png,77
2485.png,61
2485.png,51
2485.png,50
2485.png,5
2485.png,69
2485.png,40
2485.png,86
2486.png,75
2486.png,24
2486.png,74
2486.png,61
2486.png,34
2486.png,7
2486.png,74
2486.png,78
2486.png,62
2486.png,65
2487.png,85
2487.png,28
2487.png,61
2487.png,64
2487.png,14
2487.png,81
2487.png,83
2487.png,86
2487.png,32
2487.png,77
2488.png,78
2488.png,45
2488.png,27
2488.png,66
2488.png,55
2488.png,74
2488.png,67
2488.png,65
2488.png,74
2488.png,70
2489.png,67
2489.png,60
2489.png,100
2489.png,85
2489.png,90
2489.png,100
2489.png,100
2489.png,100
2489.png,86
2489.png,85
2490.png,33
2490.png,63
2490.png,57
2490.png,13
2490.png,0
2490.png,27
2490.png,56
2490.png,44
2490.png,63
2490.png,32
2491.png,80
2491.png,66
2491.png,61
2491.png,66
2491.png,63
2491.png,53
2491.png,35
2491.png,89
2491.png,58
2491.png,76
2492.png,21
2492.png,75
2492.png,74
2492.png,26
2492.png,19
2492.png,75
2492.png,68
2492.png,53
2492.png,91
2492.png,60
2493.png,4
2493.png,0
2493.png,2
2493.png,33
2493.png,48
2493.png,89
2493.png,7
2493.png,31
2493.png,25
2493.png,66
2494.png,47
2494.png,60
2494.png,54
2494.png,26
2494.png,78
2494.png,56
2494.png,25
2494.png,80
2494.png,61
2494.png,82
2495.png,16
2495.png,17
2495.png,17
2495.png,80
2495.png,34
2495.png,48
2495.png,21
2495.png,54
2495.png,37
2495.png,68
2496.png,23
2496.png,41
2496.png,66
2496.png,37
2496.png,68
2496.png,22
2496.png,8
2496.png,27
2496.png,0
2496.png,62
2497.png,45
2497.png,69
2497.png,34
2497.png,42
2497.png,0
2497.png,34
2497.png,26
2497.png,7
2497.png,54
2497.png,5
2498.png,15
2498.png,45
2498.png,58
2498.png,52
2498.png,74
2498.png,63
2498.png,58
2498.png,10
2498.png,61
2498.png,68
2499.png,63
2499.png,13
2499.png,39
2499.png,17
2499.png,9
2499.png,4
2499.png,0
2499.png,13
2499.png,54
2499.png,40
2500.png,95
2500.png,35
2500.png,60
2500.png,97
2500.png,100
2500.png,83
2500.png,78
2500.png,75
2500.png,100
2500.png,74
2501.png,36
2501.png,66
2501.png,50
2501.png,18
2501.png,58
2501.png,72
2501.png,36
2501.png,64
2501.png,58
2501.png,77
2502.png,99
2502.png,96
2502.png,55
2502.png,58
2502.png,68
2502.png,76
2502.png,90
2502.png,89
2502.png,74
2502.png,57
2503.png,76
2503.png,91
2503.png,37
2503.png,94
2503.png,36
2503.png,67
2503.png,38
2503.png,61
2503.png,59
2503.png,37
2504.png,67
2504.png,87
2504.png,88
2504.png,64
2504.png,56
2504.png,71
2504.png,62
2504.png,86
2504.png,70
2504.png,50
2505.png,85
2505.png,64
2505.png,84
2505.png,78
2505.png,64
2505.png,71
2505.png,64
2505.png,57
2505.png,100
2505.png,57
2506.png,97
2506.png,89
2506.png,100
2506.png,57
2506.png,81
2506.png,83
2506.png,89
2506.png,84
2506.png,76
2506.png,95
2507.png,36
2507.png,47
2507.png,85
2507.png,70
2507.png,85
2507.png,42
2507.png,47
2507.png,65
2507.png,66
2507.png,54
2508.png,7
2508.png,62
2508.png,36
2508.png,75
2508.png,43
2508.png,9
2508.png,15
2508.png,21
2508.png,0
2508.png,28
2509.png,0
2509.png,65
2509.png,37
2509.png,12
2509.png,81
2509.png,42
2509.png,47
2509.png,50
2509.png,66
2509.png,60
2510.png,0
2510.png,34
2510.png,12
2510.png,0
2510.png,56
2510.png,6
2510.png,0
2510.png,12
2510.png,0
2510.png,21
2511.png,41
2511.png,66
2511.png,2
2511.png,42
2511.png,47
2511.png,62
2511.png,71
2511.png,35
2511.png,50
2511.png,54
2512.png,30
2512.png,75
2512.png,87
2512.png,54
2512.png,88
2512.png,52
2512.png,48
2512.png,77
2512.png,71
2512.png,40
2513.png,73
2513.png,48
2513.png,63
2513.png,74
2513.png,54
2513.png,73
2513.png,54
2513.png,73
2513.png,23
2513.png,75
2514.png,0
2514.png,8
2514.png,8
2514.png,7
2514.png,57
2514.png,7
2514.png,6
2514.png,24
2514.png,32
2514.png,0
2515.png,21
2515.png,59
2515.png,59
2515.png,19
2515.png,73
2515.png,35
2515.png,60
2515.png,6
2515.png,53
2515.png,4
2516.png,78
2516.png,61
2516.png,68
2516.png,82
2516.png,33
2516.png,57
2516.png,62
2516.png,100
2516.png,64
2516.png,46
2517.png,84
2517.png,60
2517.png,71
2517.png,80
2517.png,80
2517.png,78
2517.png,97
2517.png,91
2517.png,55
2517.png,78
2518.png,33
2518.png,24
2518.png,36
2518.png,0
2518.png,41
2518.png,6
2518.png,61
2518.png,3
2518.png,15
2518.png,44
2519.png,55
2519.png,69
2519.png,76
2519.png,25
2519.png,81
2519.png,97
2519.png,65
2519.png,50
2519.png,100
2519.png,77
2520.png,17
2520.png,0
2520.png,10
2520.png,34
2520.png,35
2520.png,16
2520.png,0
2520.png,12
2520.png,41
2520.png,14
2521.png,90
2521.png,70
2521.png,77
2521.png,100
2521.png,49
2521.png,76
2521.png,95
2521.png,76
2521.png,83
2521.png,82
2522.png,69
2522.png,9
2522.png,50
2522.png,85
2522.png,59
2522.png,50
2522.png,64
2522.png,89
2522.png,57
2522.png,93
2523.png,38
2523.png,44
2523.png,70
2523.png,67
2523.png,61
2523.png,11
2523.png,61
2523.png,25
2523.png,40
2523.png,65
2524.png,76
2524.png,100
2524.png,91
2524.png,80
2524.png,79
2524.png,85
2524.png,99
2524.png,81
2524.png,65
2524.png,52
2525.png,10
2525.png,32
2525.png,24
2525.png,37
2525.png,0
2525.png,28
2525.png,29
2525.png,57
2525.png,18
2525.png,51
2526.png,38
2526.png,2
2526.png,30
2526.png,6
2526.png,20
2526.png,26
2526.png,0
2526.png,26
2526.png,21
2526.png,1
2527.png,40
2527.png,69
2527.png,14
2527.png,63
2527.png,14
2527.png,27
2527.png,15
2527.png,25
2527.png,76
2527.png,24
2528.png,75
2528.png,53
2528.png,54
2528.png,72
2528.png,9
2528.png,92
2528.png,73
2528.png,38
2528.png,43
2528.png,49
2529.png,34
2529.png,63
2529.png,24
2529.png,45
2529.png,0
2529.png,59
2529.png,60
2529.png,86
2529.png,74
2529.png,74
2530.png,75
2530.png,100
2530.png,62
2530.png,78
2530.png,74
2530.png,80
2530.png,68
2530.png,79
2530.png,69
2530.png,86
2531.png,91
2531.png,100
2531.png,100
2531.png,81
2531.png,64
2531.png,100
2531.png,25
2531.png,83
2531.png,100
2531.png,69
2532.png,52
2532.png,27
2532.png,60
2532.png,82
2532.png,55
2532.png,31
2532.png,66
2532.png,70
2532.png,71
2532.png,99
2533.png,61
2533.png,64
2533.png,77
2533.png,80
2533.png,80
2533.png,89
2533.png,62
2533.png,81
2533.png,82
2533.png,56
2534.png,77
2534.png,35
2534.png,100
2534.png,62
2534.png,75
2534.png,68
2534.png,80
2534.png,78
2534.png,92
2534.png,73
2535.png,58
2535.png,6
2535.png,57
2535.png,56
2535.png,37
2535.png,27
2535.png,66
2535.png,60
2535.png,78
2535.png,79
2536.png,85
2536.png,73
2536.png,54
2536.png,91
2536.png,87
2536.png,100
2536.png,92
2536.png,77
2536.png,74
2536.png,73
2537.png,87
2537.png,100
2537.png,91
2537.png,61
2537.png,85
2537.png,77
2537.png,100
2537.png,77
2537.png,83
2537.png,75
2538.png,76
2538.png,32
2538.png,61
2538.png,86
2538.png,85
2538.png,88
2538.png,61
2538.png,59
2538.png,77
2538.png,75
2539.png,39
2539.png,0
2539.png,34
2539.png,20
2539.png,14
2539.png,71
2539.png,5
2539.png,48
2539.png,4
2539.png,33
2540.png,63
2540.png,94
2540.png,76
2540.png,79
2540.png,100
2540.png,80
2540.png,74
2540.png,91
2540.png,87
2540.png,81
2541.png,17
2541.png,24
2541.png,17
2541.png,13
2541.png,4
2541.png,16
2541.png,6
2541.png,24
2541.png,46
2541.png,63
2542.png,79
2542.png,83
2542.png,96
2542.png,33
2542.png,80
2542.png,92
2542.png,59
2542.png,87
2542.png,89
2542.png,93
2543.png,72
2543.png,60
2543.png,33
2543.png,11
2543.png,37
2543.png,5
2543.png,67
2543.png,75
2543.png,60
2543.png,35
2544.png,77
2544.png,95
2544.png,75
2544.png,96
2544.png,62
2544.png,84
2544.png,60
2544.png,55
2544.png,70
2544.png,90
2545.png,97
2545.png,54
2545.png,100
2545.png,79
2545.png,88
2545.png,69
2545.png,100
2545.png,92
2545.png,100
2545.png,93
2546.png,71
2546.png,55
2546.png,60
2546.png,10
2546.png,91
2546.png,74
2546.png,83
2546.png,64
2546.png,37
2546.png,78
2547.png,55
2547.png,44
2547.png,75
2547.png,68
2547.png,37
2547.png,95
2547.png,59
2547.png,78
2547.png,74
2547.png,74
2548.png,66
2548.png,77
2548.png,36
2548.png,35
2548.png,100
2548.png,100
2548.png,40
2548.png,80
2548.png,100
2548.png,100
2549.png,8
2549.png,57
2549.png,41
2549.png,39
2549.png,53
2549.png,23
2549.png,50
2549.png,37
2549.png,0
2549.png,33
2550.png,38
2550.png,30
2550.png,15
2550.png,42
2550.png,60
2550.png,63
2550.png,8
2550.png,22
2550.png,59
2550.png,47
2551.png,24
2551.png,58
2551.png,25
2551.png,58
2551.png,40
2551.png,92
2551.png,66
2551.png,67
2551.png,44
2551.png,15
2552.png,75
2552.png,70
2552.png,90
2552.png,68
2552.png,76
2552.png,87
2552.png,67
2552.png,94
2552.png,58
2552.png,64
2553.png,0
2553.png,27
2553.png,76
2553.png,40
2553.png,15
2553.png,8
2553.png,0
2553.png,50
2553.png,28
2553.png,22
2554.png,90
2554.png,100
2554.png,100
2554.png,100
2554.png,85
2554.png,88
2554.png,89
2554.png,87
2554.png,95
2554.png,45
2555.png,0
2555.png,0
2555.png,12
2555.png,1
2555.png,43
2555.png,27
2555.png,0
2555.png,16
2555.png,27
2555.png,0
2556.png,37
2556.png,68
2556.png,35
2556.png,50
2556.png,73
2556.png,64
2556.png,64
2556.png,45
2556.png,17
2556.png,40
2557.png,8
2557.png,15
2557.png,11
2557.png,0
2557.png,29
2557.png,45
2557.png,0
2557.png,5
2557.png,17
2557.png,1
2558.png,84
2558.png,66
2558.png,93
2558.png,57
2558.png,60
2558.png,56
2558.png,56
2558.png,83
2558.png,68
2558.png,85
2559.png,60
2559.png,70
2559.png,45
2559.png,77
2559.png,50
2559.png,68
2559.png,26
2559.png,55
2559.png,92
2559.png,6
2560.png,0
2560.png,0
2560.png,67
2560.png,26
2560.png,47
2560.png,35
2560.png,40
2560.png,54
2560.png,39
2560.png,4
2561.png,0
2561.png,40
2561.png,30
2561.png,14
2561.png,14
2561.png,60
2561.png,17
2561.png,6
2561.png,61
2561.png,57
2562.png,33
2562.png,35
2562.png,55
2562.png,42
2562.png,28
2562.png,26
2562.png,43
2562.png,15
2562.png,39
2562.png,48
2563.png,100
2563.png,100
2563.png,73
2563.png,90
2563.png,100
2563.png,94
2563.png,82
2563.png,100
2563.png,86
2563.png,85
2564.png,64
2564.png,60
2564.png,41
2564.png,43
2564.png,39
2564.png,50
2564.png,32
2564.png,60
2564.png,71
2564.png,50
2565.png,65
2565.png,58
2565.png,84
2565.png,100
2565.png,89
2565.png,100
2565.png,59
2565.png,95
2565.png,57
2565.png,72
2566.png,100
2566.png,87
2566.png,100
2566.png,76
2566.png,87
2566.png,100
2566.png,60
2566.png,76
2566.png,100
2566.png,84
2567.png,81
2567.png,100
2567.png,100
2567.png,100
2567.png,99
2567.png,90
2567.png,100
2567.png,100
2567.png,98
2567.png,99
2568.png,16
2568.png,37
2568.png,9
2568.png,1
2568.png,37
2568.png,9
2568.png,16
2568.png,23
2568.png,1
2568.png,35
2569.png,11
2569.png,56
2569.png,15
2569.png,11
2569.png,0
2569.png,19
2569.png,15
2569.png,38
2569.png,17
2569.png,3
2570.png,50
2570.png,29
2570.png,58
2570.png,44
2570.png,44
2570.png,4
2570.png,64
2570.png,88
2570.png,38
2570.png,60
2571.png,47
2571.png,22
2571.png,0
2571.png,34
2571.png,46
2571.png,25
2571.png,19
2571.png,15
2571.png,63
2571.png,25
2572.png,67
2572.png,2
2572.png,62
2572.png,36
2572.png,34
2572.png,67
2572.png,22
2572.png,21
2572.png,68
2572.png,22
2573.png,0
2573.png,29
2573.png,61
2573.png,45
2573.png,41
2573.png,71
2573.png,58
2573.png,50
2573.png,31
2573.png,72
2574.png,100
2574.png,75
2574.png,57
2574.png,77
2574.png,71
2574.png,76
2574.png,94
2574.png,67
2574.png,61
2574.png,61
2575.png,20
2575.png,80
2575.png,56
2575.png,34
2575.png,20
2575.png,0
2575.png,14
2575.png,77
2575.png,0
2575.png,8
2576.png,38
2576.png,70
2576.png,50
2576.png,47
2576.png,25
2576.png,57
2576.png,50
2576.png,18
2576.png,72
2576.png,88
2577.png,74
2577.png,67
2577.png,100
2577.png,65
2577.png,39
2577.png,73
2577.png,50
2577.png,76
2577.png,100
2577.png,49
2578.png,63
2578.png,24
2578.png,60
2578.png,86
2578.png,74
2578.png,22
2578.png,42
2578.png,62
2578.png,62
2578.png,83
2579.png,100
2579.png,100
2579.png,60
2579.png,88
2579.png,67
2579.png,100
2579.png,100
2579.png,99
2579.png,98
2579.png,89
2580.png,69
2580.png,74
2580.png,55
2580.png,55
2580.png,70
2580.png,20
2580.png,100
2580.png,75
2580.png,71
2580.png,64
2581.png,20
2581.png,11
2581.png,10
2581.png,13
2581.png,44
2581.png,12
2581.png,0
2581.png,31
2581.png,1
2581.png,33
2582.png,57
2582.png,14
2582.png,20
2582.png,23
2582.png,63
2582.png,24
2582.png,26
2582.png,38
2582.png,43
2582.png,58
2583.png,63
2583.png,77
2583.png,74
2583.png,100
2583.png,74
2583.png,85
2583.png,64
2583.png,88
2583.png,76
2583.png,47
2584.png,49
2584.png,48
2584.png,68
2584.png,26
2584.png,6
2584.png,22
2584.png,5
2584.png,37
2584.png,59
2584.png,55
2585.png,78
2585.png,70
2585.png,60
2585.png,94
2585.png,66
2585.png,56
2585.png,60
2585.png,100
2585.png,81
2585.png,75
2586.png,49
2586.png,91
2586.png,19
2586.png,3
2586.png,51
2586.png,70
2586.png,25
2586.png,38
2586.png,22
2586.png,72
2587.png,19
2587.png,70
2587.png,27
2587.png,29
2587.png,24
2587.png,66
2587.png,55
2587.png,0
2587.png,17
2587.png,8
2588.png,100
2588.png,87
2588.png,92
2588.png,59
2588.png,48
2588.png,86
2588.png,89
2588.png,83
2588.png,78
2588.png,36
2589.png,82
2589.png,100
2589.png,71
2589.png,75
2589.png,31
2589.png,85
2589.png,29
2589.png,68
2589.png,91
2589.png,100
2590.png,38
2590.png,41
2590.png,22
2590.png,91
2590.png,19
2590.png,46
2590.png,31
2590.png,45
2590.png,81
2590.png,9
2591.png,100
2591.png,30
2591.png,100
2591.png,15
2591.png,59
2591.png,58
2591.png,76
2591.png,70
2591.png,89
2591.png,59
2592.png,25
2592.png,13
2592.png,43
2592.png,46
2592.png,27
2592.png,58
2592.png,50
2592.png,40
2592.png,9
2592.png,67
2593.png,44
2593.png,40
2593.png,20
2593.png,56
2593.png,46
2593.png,44
2593.png,60
2593.png,95
2593.png,31
2593.png,62
2594.png,62
2594.png,84
2594.png,40
2594.png,86
2594.png,25
2594.png,57
2594.png,93
2594.png,62
2594.png,65
2594.png,86
2595.png,63
2595.png,35
2595.png,26
2595.png,16
2595.png,68
2595.png,41
2595.png,30
2595.png,32
2595.png,74
2595.png,55
2596.png,37
2596.png,28
2596.png,42
2596.png,64
2596.png,78
2596.png,36
2596.png,51
2596.png,81
2596.png,25
2596.png,37
2597.png,80
2597.png,62
2597.png,89
2597.png,57
2597.png,80
2597.png,12
2597.png,79
2597.png,54
2597.png,65
2597.png,74
2598.png,36
2598.png,12
2598.png,87
2598.png,6
2598.png,75
2598.png,16
2598.png,39
2598.png,44
2598.png,79
2598.png,61
2599.png,0
2599.png,37
2599.png,7
2599.png,36
2599.png,16
2599.png,79
2599.png,0
2599.png,4
2599.png,65
2599.png,0
2600.png,0
2600.png,57
2600.png,8
2600.png,53
2600.png,31
2600.png,4
2600.png,9
2600.png,2
2600.png,8
2600.png,31
2601.png,17
2601.png,60
2601.png,29
2601.png,16
2601.png,33
2601.png,18
2601.png,52
2601.png,0
2601.png,36
2601.png,43
2602.png,57
2602.png,75
2602.png,17
2602.png,50
2602.png,54
2602.png,49
2602.png,24
2602.png,44
2602.png,12
2602.png,63
2603.png,30
2603.png,36
2603.png,7
2603.png,63
2603.png,63
2603.png,65
2603.png,57
2603.png,57
2603.png,54
2603.png,24
2604.png,34
2604.png,23
2604.png,18
2604.png,59
2604.png,32
2604.png,4
2604.png,66
2604.png,41
2604.png,16
2604.png,13
2605.png,36
2605.png,10
2605.png,10
2605.png,25
2605.png,53
2605.png,57
2605.png,68
2605.png,70
2605.png,43
2605.png,38
2606.png,55
2606.png,50
2606.png,76
2606.png,63
2606.png,74
2606.png,73
2606.png,80
2606.png,69
2606.png,71
2606.png,63
2607.png,10
2607.png,32
2607.png,34
2607.png,77
2607.png,29
2607.png,30
2607.png,25
2607.png,49
2607.png,64
2607.png,30
2608.png,65
2608.png,64
2608.png,28
2608.png,77
2608.png,49
2608.png,92
2608.png,92
2608.png,72
2608.png,80
2608.png,65
2609.png,81
2609.png,86
2609.png,61
2609.png,76
2609.png,62
2609.png,92
2609.png,82
2609.png,92
2609.png,76
2609.png,84
2610.png,19
2610.png,33
2610.png,34
2610.png,24
2610.png,0
2610.png,9
2610.png,13
2610.png,60
2610.png,0
2610.png,63
2611.png,16
2611.png,0
2611.png,23
2611.png,0
2611.png,66
2611.png,25
2611.png,2
2611.png,8
2611.png,35
2611.png,28
2612.png,50
2612.png,60
2612.png,31
2612.png,38
2612.png,10
2612.png,35
2612.png,75
2612.png,27
2612.png,10
2612.png,69
2613.png,0
2613.png,100
2613.png,62
2613.png,50
2613.png,94
2613.png,90
2613.png,92
2613.png,76
2613.png,62
2613.png,75
2614.png,60
2614.png,54
2614.png,97
2614.png,69
2614.png,49
2614.png,19
2614.png,36
2614.png,39
2614.png,50
2614.png,18
2615.png,93
2615.png,68
2615.png,38
2615.png,67
2615.png,100
2615.png,84
2615.png,100
2615.png,69
2615.png,23
2615.png,90
2616.png,24
2616.png,36
2616.png,91
2616.png,55
2616.png,70
2616.png,62
2616.png,8
2616.png,38
2616.png,79
2616.png,63
2617.png,61
2617.png,55
2617.png,100
2617.png,61
2617.png,100
2617.png,100
2617.png,81
2617.png,100
2617.png,72
2617.png,80
2618.png,57
2618.png,50
2618.png,62
2618.png,75
2618.png,34
2618.png,66
2618.png,68
2618.png,71
2618.png,100
2618.png,70
2619.png,76
2619.png,97
2619.png,78
2619.png,50
2619.png,65
2619.png,87
2619.png,40
2619.png,48
2619.png,36
2619.png,11
2620.png,24
2620.png,7
2620.png,31
2620.png,17
2620.png,63
2620.png,0
2620.png,75
2620.png,38
2620.png,6
2620.png,75
2621.png,26
2621.png,25
2621.png,24
2621.png,30
2621.png,68
2621.png,45
2621.png,42
2621.png,62
2621.png,0
2621.png,34
2622.png,29
2622.png,30
2622.png,25
2622.png,8
2622.png,38
2622.png,36
2622.png,25
2622.png,0
2622.png,5
2622.png,38
2623.png,35
2623.png,62
2623.png,29
2623.png,60
2623.png,56
2623.png,26
2623.png,83
2623.png,100
2623.png,85
2623.png,72
2624.png,56
2624.png,50
2624.png,53
2624.png,84
2624.png,16
2624.png,25
2624.png,67
2624.png,41
2624.png,70
2624.png,88
2625.png,100
2625.png,24
2625.png,70
2625.png,100
2625.png,90
2625.png,100
2625.png,87
2625.png,59
2625.png,74
2625.png,100
2626.png,75
2626.png,43
2626.png,6
2626.png,7
2626.png,12
2626.png,19
2626.png,41
2626.png,0
2626.png,22
2626.png,16
2627.png,61
2627.png,61
2627.png,37
2627.png,70
2627.png,0
2627.png,44
2627.png,77
2627.png,20
2627.png,13
2627.png,31
2628.png,24
2628.png,100
2628.png,58
2628.png,76
2628.png,78
2628.png,83
2628.png,75
2628.png,50
2628.png,67
2628.png,100
2629.png,100
2629.png,100
2629.png,98
2629.png,76
2629.png,96
2629.png,82
2629.png,100
2629.png,100
2629.png,87
2629.png,39
2630.png,83
2630.png,0
2630.png,75
2630.png,49
2630.png,62
2630.png,80
2630.png,75
2630.png,76
2630.png,37
2630.png,45
2631.png,77
2631.png,75
2631.png,42
2631.png,66
2631.png,24
2631.png,64
2631.png,100
2631.png,0
2631.png,84
2631.png,70
2632.png,40
2632.png,50
2632.png,50
2632.png,45
2632.png,18
2632.png,42
2632.png,37
2632.png,38
2632.png,71
2632.png,55
2633.png,45
2633.png,87
2633.png,100
2633.png,100
2633.png,82
2633.png,65
2633.png,54
2633.png,100
2633.png,100
2633.png,84
2634.png,18
2634.png,40
2634.png,14
2634.png,33
2634.png,43
2634.png,0
2634.png,34
2634.png,50
2634.png,45
2634.png,21
2635.png,73
2635.png,59
2635.png,24
2635.png,50
2635.png,39
2635.png,75
2635.png,77
2635.png,49
2635.png,92
2635.png,15
2636.png,44
2636.png,59
2636.png,62
2636.png,0
2636.png,39
2636.png,28
2636.png,39
2636.png,6
2636.png,18
2636.png,31
2637.png,19
2637.png,43
2637.png,11
2637.png,32
2637.png,50
2637.png,43
2637.png,45
2637.png,27
2637.png,36
2637.png,0
2638.png,65
2638.png,50
2638.png,14
2638.png,39
2638.png,67
2638.png,55
2638.png,68
2638.png,0
2638.png,24
2638.png,22
2639.png,62
2639.png,89
2639.png,100
2639.png,100
2639.png,88
2639.png,80
2639.png,99
2639.png,100
2639.png,86
2639.png,100
2640.png,39
2640.png,50
2640.png,74
2640.png,78
2640.png,15
2640.png,76
2640.png,25
2640.png,57
2640.png,39
2640.png,46
2641.png,76
2641.png,43
2641.png,53
2641.png,12
2641.png,7
2641.png,100
2641.png,65
2641.png,42
2641.png,72
2641.png,54
2642.png,52
2642.png,13
2642.png,22
2642.png,58
2642.png,0
2642.png,35
2642.png,10
2642.png,75
2642.png,23
2642.png,27
2643.png,49
2643.png,79
2643.png,59
2643.png,86
2643.png,51
2643.png,70
2643.png,20
2643.png,87
2643.png,78
2643.png,25
2644.png,69
2644.png,83
2644.png,23
2644.png,25
2644.png,79
2644.png,58
2644.png,34
2644.png,11
2644.png,47
2644.png,34
2645.png,86
2645.png,80
2645.png,100
2645.png,81
2645.png,100
2645.png,17
2645.png,100
2645.png,100
2645.png,62
2645.png,91
2646.png,80
2646.png,77
2646.png,100
2646.png,100
2646.png,100
2646.png,75
2646.png,53
2646.png,100
2646.png,100
2646.png,33
2647.png,9
2647.png,31
2647.png,31
2647.png,32
2647.png,24
2647.png,48
2647.png,25
2647.png,0
2647.png,4
2647.png,14
2648.png,23
2648.png,79
2648.png,85
2648.png,96
2648.png,52
2648.png,38
2648.png,59
2648.png,35
2648.png,25
2648.png,49
2649.png,95
2649.png,16
2649.png,97
2649.png,50
2649.png,50
2649.png,58
2649.png,21
2649.png,93
2649.png,66
2649.png,47
2650.png,50
2650.png,20
2650.png,82
2650.png,22
2650.png,62
2650.png,11
2650.png,65
2650.png,0
2650.png,71
2650.png,71
2651.png,53
2651.png,64
2651.png,87
2651.png,59
2651.png,89
2651.png,0
2651.png,42
2651.png,34
2651.png,62
2651.png,68
2652.png,24
2652.png,30
2652.png,24
2652.png,27
2652.png,48
2652.png,67
2652.png,9
2652.png,0
2652.png,14
2652.png,75
2653.png,23
2653.png,2
2653.png,0
2653.png,75
2653.png,16
2653.png,27
2653.png,24
2653.png,27
2653.png,7
2653.png,0
2654.png,73
2654.png,62
2654.png,96
2654.png,17
2654.png,50
2654.png,38
2654.png,36
2654.png,50
2654.png,71
2654.png,63
2655.png,100
2655.png,75
2655.png,69
2655.png,83
2655.png,100
2655.png,95
2655.png,75
2655.png,0
2655.png,69
2655.png,100
2656.png,37
2656.png,31
2656.png,24
2656.png,64
2656.png,38
2656.png,39
2656.png,59
2656.png,36
2656.png,66
2656.png,63
2657.png,20
2657.png,55
2657.png,13
2657.png,40
2657.png,20
2657.png,53
2657.png,37
2657.png,51
2657.png,0
2657.png,45
2658.png,100
2658.png,41
2658.png,92
2658.png,0
2658.png,62
2658.png,86
2658.png,71
2658.png,74
2658.png,85
2658.png,28
2659.png,60
2659.png,30
2659.png,60
2659.png,62
2659.png,64
2659.png,0
2659.png,10
2659.png,13
2659.png,5
2659.png,19
2660.png,2
2660.png,3
2660.png,0
2660.png,36
2660.png,2
2660.png,0
2660.png,11
2660.png,8
2660.png,41
2660.png,16
2661.png,17
2661.png,97
2661.png,84
2661.png,49
2661.png,24
2661.png,100
2661.png,74
2661.png,30
2661.png,62
2661.png,50
2662.png,100
2662.png,81
2662.png,75
2662.png,0
2662.png,27
2662.png,66
2662.png,97
2662.png,23
2662.png,75
2662.png,75
2663.png,72
2663.png,75
2663.png,44
2663.png,47
2663.png,46
2663.png,46
2663.png,25
2663.png,88
2663.png,23
2663.png,52
2664.png,100
2664.png,100
2664.png,5
2664.png,57
2664.png,100
2664.png,100
2664.png,80
2664.png,76
2664.png,98
2664.png,1
2665.png,75
2665.png,55
2665.png,11
2665.png,88
2665.png,2
2665.png,34
2665.png,47
2665.png,100
2665.png,31
2665.png,34
2666.png,100
2666.png,100
2666.png,81
2666.png,0
2666.png,84
2666.png,100
2666.png,100
2666.png,94
2666.png,85
2666.png,79
2667.png,100
2667.png,47
2667.png,0
2667.png,97
2667.png,100
2667.png,75
2667.png,82
2667.png,82
2667.png,90
2667.png,39
2668.png,100
2668.png,85
2668.png,42
2668.png,75
2668.png,80
2668.png,91
2668.png,100
2668.png,100
2668.png,83
2668.png,100
2669.png,59
2669.png,100
2669.png,37
2669.png,53
2669.png,90
2669.png,52
2669.png,0
2669.png,7
2669.png,25
2669.png,45
2670.png,100
2670.png,8
2670.png,91
2670.png,71
2670.png,100
2670.png,100
2670.png,93
2670.png,100
2670.png,89
2670.png,90
2671.png,91
2671.png,100
2671.png,90
2671.png,76
2671.png,99
2671.png,25
2671.png,74
2671.png,100
2671.png,98
2671.png,78
2672.png,86
2672.png,64
2672.png,100
2672.png,6
2672.png,100
2672.png,100
2672.png,100
2672.png,100
2672.png,73
2672.png,35
2673.png,90
2673.png,24
2673.png,45
2673.png,23
2673.png,61
2673.png,24
2673.png,39
2673.png,67
2673.png,84
2673.png,0
2674.png,23
2674.png,71
2674.png,56
2674.png,69
2674.png,45
2674.png,71
2674.png,31
2674.png,75
2674.png,25
2674.png,0
2675.png,11
2675.png,0
2675.png,36
2675.png,8
2675.png,2
2675.png,15
2675.png,0
2675.png,2
2675.png,8
2675.png,36
2676.png,64
2676.png,59
2676.png,100
2676.png,65
2676.png,89
2676.png,69
2676.png,100
2676.png,67
2676.png,75
2676.png,100
2677.png,91
2677.png,59
2677.png,50
2677.png,66
2677.png,19
2677.png,61
2677.png,0
2677.png,39
2677.png,87
2677.png,71
2678.png,35
2678.png,32
2678.png,18
2678.png,5
2678.png,50
2678.png,0
2678.png,41
2678.png,50
2678.png,0
2678.png,3
2679.png,36
2679.png,3
2679.png,26
2679.png,23
2679.png,4
2679.png,14
2679.png,4
2679.png,1
2679.png,26
2679.png,0
2680.png,14
2680.png,13
2680.png,39
2680.png,36
2680.png,69
2680.png,6
2680.png,41
2680.png,76
2680.png,61
2680.png,0
2681.png,36
2681.png,37
2681.png,12
2681.png,44
2681.png,50
2681.png,62
2681.png,50
2681.png,22
2681.png,17
2681.png,39
2682.png,100
2682.png,82
2682.png,100
2682.png,71
2682.png,100
2682.png,80
2682.png,62
2682.png,76
2682.png,92
2682.png,100
2683.png,92
2683.png,0
2683.png,74
2683.png,38
2683.png,26
2683.png,40
2683.png,50
2683.png,57
2683.png,44
2683.png,93
2684.png,75
2684.png,100
2684.png,84
2684.png,100
2684.png,75
2684.png,80
2684.png,96
2684.png,100
2684.png,95
2684.png,100
2685.png,74
2685.png,90
2685.png,50
2685.png,62
2685.png,10
2685.png,0
2685.png,100
2685.png,25
2685.png,75
2685.png,58
2686.png,0
2686.png,26
2686.png,97
2686.png,50
2686.png,0
2686.png,50
2686.png,73
2686.png,50
2686.png,47
2686.png,91
2687.png,76
2687.png,63
2687.png,97
2687.png,82
2687.png,76
2687.png,79
2687.png,88
2687.png,100
2687.png,76
2687.png,73
2688.png,13
2688.png,0
2688.png,25
2688.png,43
2688.png,37
2688.png,56
2688.png,57
2688.png,69
2688.png,64
2688.png,41
2689.png,100
2689.png,100
2689.png,74
2689.png,93
2689.png,100
2689.png,69
2689.png,100
2689.png,67
2689.png,76
2689.png,75
2690.png,38
2690.png,50
2690.png,45
2690.png,60
2690.png,50
2690.png,71
2690.png,35
2690.png,38
2690.png,50
2690.png,75
2691.png,100
2691.png,62
2691.png,42
2691.png,37
2691.png,100
2691.png,78
2691.png,83
2691.png,69
2691.png,24
2691.png,76
2692.png,13
2692.png,37
2692.png,0
2692.png,27
2692.png,24
2692.png,0
2692.png,53
2692.png,67
2692.png,25
2692.png,65
2693.png,60
2693.png,50
2693.png,72
2693.png,37
2693.png,50
2693.png,7
2693.png,86
2693.png,31
2693.png,68
2693.png,8
2694.png,87
2694.png,100
2694.png,18
2694.png,75
2694.png,21
2694.png,59
2694.png,11
2694.png,87
2694.png,100
2694.png,71
2695.png,79
2695.png,41
2695.png,76
2695.png,41
2695.png,67
2695.png,72
2695.png,19
2695.png,50
2695.png,37
2695.png,25
2696.png,32
2696.png,36
2696.png,29
2696.png,11
2696.png,12
2696.png,0
2696.png,43
2696.png,48
2696.png,12
2696.png,15
2697.png,84
2697.png,28
2697.png,54
2697.png,100
2697.png,50
2697.png,67
2697.png,91
2697.png,100
2697.png,61
2697.png,100
2698.png,100
2698.png,100
2698.png,88
2698.png,83
2698.png,86
2698.png,100
2698.png,93
2698.png,100
2698.png,99
2698.png,26
2699.png,86
2699.png,75
2699.png,40
2699.png,0
2699.png,89
2699.png,57
2699.png,50
2699.png,32
2699.png,87
2699.png,72
2700.png,38
2700.png,56
2700.png,55
2700.png,26
2700.png,49
2700.png,24
2700.png,14
2700.png,23
2700.png,26
2700.png,0
2701.png,66
2701.png,100
2701.png,100
2701.png,76
2701.png,100
2701.png,77
2701.png,71
2701.png,75
2701.png,31
2701.png,84
2702.png,71
2702.png,100
2702.png,74
2702.png,100
2702.png,100
2702.png,85
2702.png,60
2702.png,85
2702.png,100
2702.png,87
2703.png,83
2703.png,70
2703.png,92
2703.png,100
2703.png,100
2703.png,77
2703.png,73
2703.png,97
2703.png,100
2703.png,88
2704.png,18
2704.png,28
2704.png,78
2704.png,62
2704.png,6
2704.png,32
2704.png,36
2704.png,30
2704.png,30
2704.png,25
2705.png,28
2705.png,14
2705.png,22
2705.png,35
2705.png,0
2705.png,22
2705.png,77
2705.png,38
2705.png,69
2705.png,11
2706.png,0
2706.png,57
2706.png,75
2706.png,25
2706.png,54
2706.png,50
2706.png,58
2706.png,93
2706.png,25
2706.png,47
2707.png,25
2707.png,42
2707.png,21
2707.png,23
2707.png,33
2707.png,14
2707.png,0
2707.png,16
2707.png,0
2707.png,13
2708.png,13
2708.png,26
2708.png,18
2708.png,25
2708.png,7
2708.png,32
2708.png,63
2708.png,3
2708.png,0
2708.png,10
2709.png,25
2709.png,25
2709.png,27
2709.png,0
2709.png,43
2709.png,0
2709.png,24
2709.png,62
2709.png,100
2709.png,13
2710.png,100
2710.png,100
2710.png,37
2710.png,25
2710.png,76
2710.png,70
2710.png,57
2710.png,100
2710.png,31
2710.png,100
2711.png,23
2711.png,84
2711.png,86
2711.png,28
2711.png,75
2711.png,0
2711.png,15
2711.png,78
2711.png,59
2711.png,85
2712.png,85
2712.png,100
2712.png,87
2712.png,100
2712.png,81
2712.png,97
2712.png,100
2712.png,88
2712.png,81
2712.png,100
2713.png,92
2713.png,85
2713.png,63
2713.png,36
2713.png,68
2713.png,39
2713.png,87
2713.png,55
2713.png,81
2713.png,38
2714.png,63
2714.png,41
2714.png,59
2714.png,88
2714.png,3
2714.png,88
2714.png,16
2714.png,33
2714.png,39
2714.png,37
2715.png,26
2715.png,25
2715.png,58
2715.png,0
2715.png,24
2715.png,14
2715.png,16
2715.png,7
2715.png,35
2715.png,9
2716.png,100
2716.png,64
2716.png,86
2716.png,94
2716.png,100
2716.png,87
2716.png,15
2716.png,76
2716.png,76
2716.png,100
2717.png,0
2717.png,53
2717.png,70
2717.png,66
2717.png,50
2717.png,73
2717.png,82
2717.png,16
2717.png,70
2717.png,25
2718.png,29
2718.png,24
2718.png,66
2718.png,13
2718.png,84
2718.png,70
2718.png,57
2718.png,41
2718.png,38
2718.png,100
2719.png,55
2719.png,28
2719.png,60
2719.png,62
2719.png,46
2719.png,62
2719.png,24
2719.png,26
2719.png,39
2719.png,80
2720.png,0
2720.png,41
2720.png,58
2720.png,28
2720.png,24
2720.png,43
2720.png,38
2720.png,6
2720.png,10
2720.png,20
2721.png,0
2721.png,18
2721.png,65
2721.png,36
2721.png,44
2721.png,50
2721.png,24
2721.png,37
2721.png,16
2721.png,72
2722.png,100
2722.png,50
2722.png,62
2722.png,1
2722.png,45
2722.png,58
2722.png,100
2722.png,36
2722.png,75
2722.png,41
2723.png,100
2723.png,78
2723.png,85
2723.png,100
2723.png,100
2723.png,96
2723.png,55
2723.png,100
2723.png,34
2723.png,100
2724.png,33
2724.png,21
2724.png,18
2724.png,15
2724.png,36
2724.png,71
2724.png,36
2724.png,39
2724.png,20
2724.png,12
2725.png,75
2725.png,100
2725.png,69
2725.png,100
2725.png,69
2725.png,66
2725.png,79
2725.png,80
2725.png,87
2725.png,77
2726.png,89
2726.png,95
2726.png,81
2726.png,24
2726.png,100
2726.png,67
2726.png,100
2726.png,100
2726.png,89
2726.png,72
2727.png,15
2727.png,14
2727.png,12
2727.png,0
2727.png,25
2727.png,12
2727.png,25
2727.png,36
2727.png,25
2727.png,25
2728.png,23
2728.png,11
2728.png,20
2728.png,0
2728.png,45
2728.png,0
2728.png,10
2728.png,36
2728.png,42
2728.png,60
2729.png,47
2729.png,78
2729.png,87
2729.png,54
2729.png,0
2729.png,12
2729.png,25
2729.png,80
2729.png,83
2729.png,5
2730.png,34
2730.png,43
2730.png,29
2730.png,43
2730.png,25
2730.png,46
2730.png,31
2730.png,0
2730.png,35
2730.png,28
2731.png,41
2731.png,9
2731.png,40
2731.png,14
2731.png,49
2731.png,25
2731.png,46
2731.png,17
2731.png,42
2731.png,0
2732.png,36
2732.png,13
2732.png,74
2732.png,50
2732.png,90
2732.png,38
2732.png,91
2732.png,38
2732.png,54
2732.png,48
2733.png,24
2733.png,0
2733.png,82
2733.png,50
2733.png,89
2733.png,70
2733.png,77
2733.png,74
2733.png,10
2733.png,66
2734.png,13
2734.png,19
2734.png,25
2734.png,42
2734.png,84
2734.png,11
2734.png,5
2734.png,23
2734.png,44
2734.png,12
2735.png,67
2735.png,89
2735.png,63
2735.png,100
2735.png,91
2735.png,100
2735.png,57
2735.png,33
2735.png,100
2735.png,100
2736.png,38
2736.png,100
2736.png,60
2736.png,70
2736.png,48
2736.png,8
2736.png,76
2736.png,57
2736.png,44
2736.png,0
2737.png,65
2737.png,27
2737.png,81
2737.png,60
2737.png,96
2737.png,100
2737.png,38
2737.png,76
2737.png,76
2737.png,90
2738.png,76
2738.png,75
2738.png,23
2738.png,58
2738.png,50
2738.png,25
2738.png,74
2738.png,50
2738.png,35
2738.png,61
2739.png,25
2739.png,44
2739.png,0
2739.png,62
2739.png,34
2739.png,56
2739.png,23
2739.png,73
2739.png,78
2739.png,57
2740.png,27
2740.png,62
2740.png,74
2740.png,17
2740.png,63
2740.png,50
2740.png,2
2740.png,50
2740.png,0
2740.png,64
2741.png,25
2741.png,1
2741.png,15
2741.png,19
2741.png,0
2741.png,50
2741.png,15
2741.png,0
2741.png,26
2741.png,29
2742.png,0
2742.png,56
2742.png,24
2742.png,37
2742.png,26
2742.png,58
2742.png,0
2742.png,25
2742.png,51
2742.png,70
2743.png,86
2743.png,16
2743.png,76
2743.png,25
2743.png,75
2743.png,52
2743.png,34
2743.png,27
2743.png,83
2743.png,18
2744.png,21
2744.png,0
2744.png,0
2744.png,7
2744.png,43
2744.png,45
2744.png,25
2744.png,0
2744.png,33
2744.png,0
2745.png,100
2745.png,100
2745.png,33
2745.png,54
2745.png,100
2745.png,31
2745.png,70
2745.png,37
2745.png,100
2745.png,75
2746.png,50
2746.png,50
2746.png,25
2746.png,57
2746.png,70
2746.png,79
2746.png,88
2746.png,57
2746.png,22
2746.png,80
2747.png,12
2747.png,0
2747.png,47
2747.png,39
2747.png,36
2747.png,61
2747.png,75
2747.png,12
2747.png,37
2747.png,39
2748.png,72
2748.png,100
2748.png,37
2748.png,86
2748.png,0
2748.png,67
2748.png,100
2748.png,50
2748.png,97
2748.png,100
2749.png,15
2749.png,29
2749.png,0
2749.png,0
2749.png,92
2749.png,22
2749.png,22
2749.png,26
2749.png,0
2749.png,57
2750.png,61
2750.png,35
2750.png,0
2750.png,24
2750.png,89
2750.png,50
2750.png,80
2750.png,67
2750.png,90
2750.png,26
2751.png,0
2751.png,75
2751.png,100
2751.png,86
2751.png,54
2751.png,75
2751.png,100
2751.png,31
2751.png,100
2751.png,90
2752.png,100
2752.png,74
2752.png,95
2752.png,90
2752.png,75
2752.png,76
2752.png,65
2752.png,96
2752.png,60
2752.png,71
2753.png,66
2753.png,88
2753.png,0
2753.png,100
2753.png,100
2753.png,62
2753.png,100
2753.png,100
2753.png,61
2753.png,84
2754.png,36
2754.png,23
2754.png,1
2754.png,43
2754.png,25
2754.png,70
2754.png,8
2754.png,31
2754.png,23
2754.png,42
2755.png,69
2755.png,95
2755.png,89
2755.png,89
2755.png,83
2755.png,79
2755.png,57
2755.png,0
2755.png,52
2755.png,100
2756.png,69
2756.png,3
2756.png,85
2756.png,45
2756.png,21
2756.png,16
2756.png,1
2756.png,17
2756.png,18
2756.png,13
2757.png,23
2757.png,100
2757.png,100
2757.png,92
2757.png,82
2757.png,58
2757.png,84
2757.png,81
2757.png,92
2757.png,58
2758.png,50
2758.png,100
2758.png,0
2758.png,26
2758.png,43
2758.png,69
2758.png,37
2758.png,5
2758.png,15
2758.png,56
2759.png,77
2759.png,45
2759.png,0
2759.png,74
2759.png,100
2759.png,28
2759.png,70
2759.png,59
2759.png,65
2759.png,8
2760.png,100
2760.png,51
2760.png,0
2760.png,26
2760.png,29
2760.png,38
2760.png,0
2760.png,46
2760.png,82
2760.png,9
2761.png,100
2761.png,20
2761.png,38
2761.png,43
2761.png,37
2761.png,30
2761.png,43
2761.png,10
2761.png,0
2761.png,15
2762.png,100
2762.png,75
2762.png,18
2762.png,0
2762.png,5
2762.png,14
2762.png,62
2762.png,8
2762.png,30
2762.png,21
2763.png,57
2763.png,100
2763.png,84
2763.png,78
2763.png,8
2763.png,59
2763.png,24
2763.png,8
2763.png,100
2763.png,41
2764.png,100
2764.png,38
2764.png,54
2764.png,79
2764.png,90
2764.png,76
2764.png,63
2764.png,67
2764.png,25
2764.png,100
2765.png,77
2765.png,15
2765.png,0
2765.png,35
2765.png,26
2765.png,20
2765.png,9
2765.png,18
2765.png,1
2765.png,5
2766.png,44
2766.png,63
2766.png,100
2766.png,19
2766.png,34
2766.png,35
2766.png,13
2766.png,1
2766.png,36
2766.png,76
2767.png,52
2767.png,30
2767.png,54
2767.png,100
2767.png,11
2767.png,41
2767.png,40
2767.png,27
2767.png,6
2767.png,10
2768.png,0
2768.png,1
2768.png,6
2768.png,32
2768.png,23
2768.png,17
2768.png,50
2768.png,27
2768.png,32
2768.png,9
2769.png,51
2769.png,82
2769.png,38
2769.png,63
2769.png,6
2769.png,7
2769.png,64
2769.png,51
2769.png,100
2769.png,73
2770.png,45
2770.png,61
2770.png,29
2770.png,9
2770.png,35
2770.png,100
2770.png,1
2770.png,21
2770.png,0
2770.png,41
2771.png,27
2771.png,66
2771.png,63
2771.png,32
2771.png,0
2771.png,55
2771.png,5
2771.png,42
2771.png,39
2771.png,13
2772.png,7
2772.png,18
2772.png,1
2772.png,77
2772.png,6
2772.png,26
2772.png,33
2772.png,16
2772.png,100
2772.png,0
2773.png,65
2773.png,87
2773.png,71
2773.png,86
2773.png,76
2773.png,87
2773.png,82
2773.png,100
2773.png,100
2773.png,100
2774.png,74
2774.png,39
2774.png,80
2774.png,68
2774.png,100
2774.png,37
2774.png,0
2774.png,80
2774.png,65
2774.png,61
2775.png,20
2775.png,37
2775.png,32
2775.png,13
2775.png,0
2775.png,38
2775.png,34
2775.png,57
2775.png,0
2775.png,66
2776.png,0
2776.png,30
2776.png,31
2776.png,35
2776.png,30
2776.png,64
2776.png,18
2776.png,64
2776.png,100
2776.png,50
2777.png,59
2777.png,21
2777.png,74
2777.png,31
2777.png,75
2777.png,36
2777.png,0
2777.png,63
2777.png,18
2777.png,54
2778.png,51
2778.png,100
2778.png,100
2778.png,32
2778.png,75
2778.png,81
2778.png,82
2778.png,73
2778.png,73
2778.png,85
2779.png,88
2779.png,84
2779.png,61
2779.png,90
2779.png,79
2779.png,88
2779.png,79
2779.png,100
2779.png,100
2779.png,82
2780.png,50
2780.png,85
2780.png,100
2780.png,85
2780.png,59
2780.png,60
2780.png,66
2780.png,75
2780.png,100
2780.png,78
2781.png,63
2781.png,15
2781.png,68
2781.png,34
2781.png,52
2781.png,57
2781.png,50
2781.png,47
2781.png,0
2781.png,0
2782.png,6
2782.png,75
2782.png,40
2782.png,62
2782.png,53
2782.png,0
2782.png,13
2782.png,74
2782.png,54
2782.png,37
2783.png,37
2783.png,81
2783.png,0
2783.png,100
2783.png,67
2783.png,87
2783.png,80
2783.png,87
2783.png,60
2783.png,75
2784.png,64
2784.png,0
2784.png,34
2784.png,37
2784.png,35
2784.png,66
2784.png,0
2784.png,42
2784.png,70
2784.png,9
2785.png,39
2785.png,19
2785.png,64
2785.png,51
2785.png,44
2785.png,50
2785.png,0
2785.png,44
2785.png,49
2785.png,60
2786.png,0
2786.png,64
2786.png,17
2786.png,75
2786.png,62
2786.png,26
2786.png,66
2786.png,76
2786.png,100
2786.png,0
2787.png,49
2787.png,36
2787.png,15
2787.png,2
2787.png,38
2787.png,43
2787.png,60
2787.png,52
2787.png,30
2787.png,100
2788.png,33
2788.png,57
2788.png,26
2788.png,21
2788.png,100
2788.png,14
2788.png,58
2788.png,11
2788.png,0
2788.png,44
2789.png,25
2789.png,41
2789.png,100
2789.png,8
2789.png,50
2789.png,61
2789.png,67
2789.png,40
2789.png,65
2789.png,100
2790.png,100
2790.png,60
2790.png,69
2790.png,73
2790.png,24
2790.png,66
2790.png,70
2790.png,78
2790.png,25
2790.png,73
2791.png,50
2791.png,0
2791.png,29
2791.png,20
2791.png,27
2791.png,38
2791.png,1
2791.png,7
2791.png,0
2791.png,0
2792.png,63
2792.png,0
2792.png,83
2792.png,36
2792.png,63
2792.png,0
2792.png,41
2792.png,13
2792.png,48
2792.png,64
2793.png,38
2793.png,42
2793.png,8
2793.png,57
2793.png,21
2793.png,0
2793.png,25
2793.png,33
2793.png,74
2793.png,0
2794.png,55
2794.png,24
2794.png,55
2794.png,20
2794.png,65
2794.png,10
2794.png,53
2794.png,53
2794.png,8
2794.png,6
2795.png,19
2795.png,7
2795.png,100
2795.png,12
2795.png,34
2795.png,50
2795.png,2
2795.png,75
2795.png,65
2795.png,52
2796.png,53
2796.png,60
2796.png,61
2796.png,36
2796.png,39
2796.png,44
2796.png,6
2796.png,18
2796.png,0
2796.png,16
2797.png,93
2797.png,54
2797.png,100
2797.png,75
2797.png,93
2797.png,98
2797.png,94
2797.png,0
2797.png,91
2797.png,56
2798.png,64
2798.png,24
2798.png,100
2798.png,37
2798.png,45
2798.png,83
2798.png,100
2798.png,28
2798.png,76
2798.png,69
2799.png,49
2799.png,44
2799.png,73
2799.png,42
2799.png,51
2799.png,63
2799.png,0
2799.png,39
2799.png,50
2799.png,32
2800.png,50
2800.png,72
2800.png,52
2800.png,59
2800.png,0
2800.png,39
2800.png,37
2800.png,22
2800.png,44
2800.png,0
2801.png,79
2801.png,75
2801.png,66
2801.png,58
2801.png,71
2801.png,57
2801.png,76
2801.png,66
2801.png,100
2801.png,100
2802.png,17
2802.png,100
2802.png,1
2802.png,4
2802.png,61
2802.png,30
2802.png,0
2802.png,35
2802.png,15
2802.png,67
2803.png,26
2803.png,6
2803.png,35
2803.png,26
2803.png,74
2803.png,29
2803.png,32
2803.png,9
2803.png,0
2803.png,2
2804.png,86
2804.png,31
2804.png,33
2804.png,0
2804.png,39
2804.png,44
2804.png,1
2804.png,24
2804.png,25
2804.png,50
2805.png,25
2805.png,8
2805.png,100
2805.png,29
2805.png,0
2805.png,25
2805.png,31
2805.png,1
2805.png,0
2805.png,4
2806.png,72
2806.png,25
2806.png,7
2806.png,0
2806.png,42
2806.png,23
2806.png,74
2806.png,89
2806.png,44
2806.png,50
2807.png,100
2807.png,35
2807.png,19
2807.png,79
2807.png,0
2807.png,43
2807.png,29
2807.png,10
2807.png,4
2807.png,3
2808.png,34
2808.png,100
2808.png,100
2808.png,5
2808.png,69
2808.png,71
2808.png,69
2808.png,55
2808.png,57
2808.png,52
2809.png,23
2809.png,5
2809.png,35
2809.png,62
2809.png,50
2809.png,3
2809.png,0
2809.png,100
2809.png,17
2809.png,48
2810.png,77
2810.png,100
2810.png,32
2810.png,60
2810.png,62
2810.png,74
2810.png,54
2810.png,65
2810.png,82
2810.png,93
2811.png,3
2811.png,76
2811.png,68
2811.png,41
2811.png,35
2811.png,4
2811.png,6
2811.png,34
2811.png,25
2811.png,100
2812.png,56
2812.png,61
2812.png,33
2812.png,0
2812.png,42
2812.png,0
2812.png,42
2812.png,44
2812.png,12
2812.png,29
2813.png,78
2813.png,45
2813.png,78
2813.png,47
2813.png,61
2813.png,63
2813.png,0
2813.png,0
2813.png,8
2813.png,61
2814.png,60
2814.png,77
2814.png,66
2814.png,43
2814.png,100
2814.png,100
2814.png,24
2814.png,40
2814.png,39
2814.png,27
2815.png,26
2815.png,33
2815.png,0
2815.png,45
2815.png,7
2815.png,100
2815.png,74
2815.png,20
2815.png,7
2815.png,31
2816.png,46
2816.png,62
2816.png,64
2816.png,78
2816.png,35
2816.png,31
2816.png,0
2816.png,100
2816.png,11
2816.png,37
2817.png,1
2817.png,4
2817.png,36
2817.png,35
2817.png,0
2817.png,35
2817.png,100
2817.png,11
2817.png,23
2817.png,23
2818.png,1
2818.png,28
2818.png,64
2818.png,2
2818.png,37
2818.png,38
2818.png,44
2818.png,49
2818.png,21
2818.png,41
2819.png,66
2819.png,82
2819.png,54
2819.png,60
2819.png,56
2819.png,86
2819.png,100
2819.png,100
2819.png,36
2819.png,75
2820.png,81
2820.png,72
2820.png,74
2820.png,67
2820.png,88
2820.png,99
2820.png,68
2820.png,100
2820.png,61
2820.png,100
2821.png,0
2821.png,37
2821.png,25
2821.png,15
2821.png,19
2821.png,27
2821.png,73
2821.png,1
2821.png,23
2821.png,0
2822.png,64
2822.png,57
2822.png,0
2822.png,10
2822.png,14
2822.png,62
2822.png,46
2822.png,74
2822.png,75
2822.png,54
2823.png,31
2823.png,9
2823.png,36
2823.png,29
2823.png,45
2823.png,32
2823.png,0
2823.png,14
2823.png,34
2823.png,0
2824.png,78
2824.png,100
2824.png,0
2824.png,95
2824.png,71
2824.png,78
2824.png,40
2824.png,54
2824.png,97
2824.png,97
2825.png,69
2825.png,0
2825.png,6
2825.png,2
2825.png,9
2825.png,23
2825.png,26
2825.png,38
2825.png,2
2825.png,28
2826.png,44
2826.png,28
2826.png,77
2826.png,16
2826.png,12
2826.png,37
2826.png,0
2826.png,100
2826.png,25
2826.png,50
2827.png,100
2827.png,74
2827.png,100
2827.png,35
2827.png,54
2827.png,19
2827.png,78
2827.png,10
2827.png,66
2827.png,80
2828.png,68
2828.png,100
2828.png,63
2828.png,65
2828.png,55
2828.png,17
2828.png,86
2828.png,37
2828.png,64
2828.png,100
2829.png,34
2829.png,29
2829.png,29
2829.png,42
2829.png,83
2829.png,46
2829.png,80
2829.png,30
2829.png,43
2829.png,26
2830.png,6
2830.png,34
2830.png,39
2830.png,0
2830.png,21
2830.png,0
2830.png,57
2830.png,32
2830.png,46
2830.png,23
2831.png,63
2831.png,0
2831.png,65
2831.png,74
2831.png,16
2831.png,0
2831.png,66
2831.png,46
2831.png,40
2831.png,88
2832.png,64
2832.png,3
2832.png,100
2832.png,50
2832.png,59
2832.png,96
2832.png,50
2832.png,0
2832.png,58
2832.png,84
2833.png,42
2833.png,0
2833.png,56
2833.png,50
2833.png,75
2833.png,0
2833.png,69
2833.png,29
2833.png,18
2833.png,57
2834.png,90
2834.png,100
2834.png,91
2834.png,0
2834.png,71
2834.png,51
2834.png,80
2834.png,56
2834.png,81
2834.png,75
2835.png,52
2835.png,20
2835.png,64
2835.png,59
2835.png,100
2835.png,60
2835.png,67
2835.png,15
2835.png,100
2835.png,29
2836.png,100
2836.png,19
2836.png,74
2836.png,94
2836.png,87
2836.png,57
2836.png,77
2836.png,72
2836.png,100
2836.png,65
2837.png,92
2837.png,36
2837.png,80
2837.png,42
2837.png,50
2837.png,58
2837.png,100
2837.png,8
2837.png,53
2837.png,66
2838.png,33
2838.png,12
2838.png,100
2838.png,34
2838.png,25
2838.png,31
2838.png,0
2838.png,43
2838.png,84
2838.png,64
2839.png,31
2839.png,0
2839.png,45
2839.png,44
2839.png,8
2839.png,20
2839.png,82
2839.png,55
2839.png,66
2839.png,68
2840.png,34
2840.png,37
2840.png,34
2840.png,41
2840.png,17
2840.png,0
2840.png,0
2840.png,60
2840.png,50
2840.png,81
2841.png,24
2841.png,7
2841.png,45
2841.png,0
2841.png,42
2841.png,21
2841.png,0
2841.png,42
2841.png,30
2841.png,0
2842.png,75
2842.png,100
2842.png,79
2842.png,59
2842.png,63
2842.png,100
2842.png,85
2842.png,83
2842.png,86
2842.png,70
2843.png,15
2843.png,18
2843.png,46
2843.png,85
2843.png,10
2843.png,59
2843.png,100
2843.png,34
2843.png,62
2843.png,21
2844.png,79
2844.png,100
2844.png,93
2844.png,100
2844.png,75
2844.png,88
2844.png,71
2844.png,82
2844.png,93
2844.png,61
2845.png,56
2845.png,50
2845.png,7
2845.png,0
2845.png,71
2845.png,16
2845.png,41
2845.png,75
2845.png,0
2845.png,0
2846.png,0
2846.png,54
2846.png,67
2846.png,43
2846.png,20
2846.png,37
2846.png,16
2846.png,25
2846.png,50
2846.png,38
2847.png,61
2847.png,83
2847.png,76
2847.png,82
2847.png,84
2847.png,79
2847.png,100
2847.png,100
2847.png,93
2847.png,44
2848.png,75
2848.png,31
2848.png,53
2848.png,0
2848.png,35
2848.png,0
2848.png,95
2848.png,45
2848.png,39
2848.png,68
2849.png,0
2849.png,20
2849.png,58
2849.png,0
2849.png,25
2849.png,23
2849.png,26
2849.png,38
2849.png,11
2849.png,17
2850.png,6
2850.png,74
2850.png,39
2850.png,34
2850.png,54
2850.png,100
2850.png,100
2850.png,13
2850.png,47
2850.png,51
2851.png,47
2851.png,100
2851.png,16
2851.png,20
2851.png,60
2851.png,23
2851.png,75
2851.png,62
2851.png,0
2851.png,36
2852.png,52
2852.png,20
2852.png,17
2852.png,79
2852.png,49
2852.png,53
2852.png,81
2852.png,59
2852.png,47
2852.png,57
2853.png,60
2853.png,54
2853.png,66
2853.png,92
2853.png,100
2853.png,100
2853.png,88
2853.png,82
2853.png,65
2853.png,65
2854.png,50
2854.png,54
2854.png,37
2854.png,29
2854.png,0
2854.png,67
2854.png,23
2854.png,33
2854.png,75
2854.png,0
2855.png,15
2855.png,82
2855.png,38
2855.png,40
2855.png,32
2855.png,13
2855.png,30
2855.png,7
2855.png,36
2855.png,100
2856.png,67
2856.png,43
2856.png,3
2856.png,42
2856.png,38
2856.png,7
2856.png,31
2856.png,100
2856.png,100
2856.png,8
2857.png,63
2857.png,59
2857.png,69
2857.png,56
2857.png,66
2857.png,100
2857.png,100
2857.png,72
2857.png,69
2857.png,77
2858.png,2
2858.png,67
2858.png,75
2858.png,100
2858.png,42
2858.png,61
2858.png,63
2858.png,49
2858.png,16
2858.png,12
2859.png,49
2859.png,67
2859.png,35
2859.png,16
2859.png,30
2859.png,50
2859.png,12
2859.png,0
2859.png,6
2859.png,100
2860.png,11
2860.png,6
2860.png,24
2860.png,32
2860.png,20
2860.png,25
2860.png,11
2860.png,11
2860.png,0
2860.png,0
2861.png,58
2861.png,43
2861.png,24
2861.png,21
2861.png,84
2861.png,42
2861.png,0
2861.png,9
2861.png,26
2861.png,37
2862.png,5
2862.png,62
2862.png,14
2862.png,51
2862.png,55
2862.png,74
2862.png,100
2862.png,78
2862.png,59
2862.png,100
2863.png,39
2863.png,0
2863.png,65
2863.png,67
2863.png,57
2863.png,59
2863.png,35
2863.png,12
2863.png,36
2863.png,50
2864.png,11
2864.png,65
2864.png,40
2864.png,60
2864.png,51
2864.png,23
2864.png,36
2864.png,0
2864.png,0
2864.png,30
2865.png,89
2865.png,100
2865.png,100
2865.png,73
2865.png,80
2865.png,96
2865.png,89
2865.png,90
2865.png,55
2865.png,96
2866.png,100
2866.png,54
2866.png,65
2866.png,84
2866.png,53
2866.png,79
2866.png,41
2866.png,54
2866.png,100
2866.png,71
2867.png,72
2867.png,77
2867.png,56
2867.png,7
2867.png,7
2867.png,82
2867.png,0
2867.png,35
2867.png,100
2867.png,25
2868.png,13
2868.png,13
2868.png,34
2868.png,53
2868.png,28
2868.png,0
2868.png,0
2868.png,54
2868.png,41
2868.png,9
2869.png,32
2869.png,0
2869.png,25
2869.png,33
2869.png,10
2869.png,22
2869.png,67
2869.png,100
2869.png,70
2869.png,17
2870.png,25
2870.png,1
2870.png,7
2870.png,12
2870.png,0
2870.png,33
2870.png,2
2870.png,33
2870.png,100
2870.png,48
2871.png,24
2871.png,19
2871.png,50
2871.png,46
2871.png,40
2871.png,48
2871.png,6
2871.png,16
2871.png,0
2871.png,34
2872.png,61
2872.png,30
2872.png,31
2872.png,17
2872.png,1
2872.png,80
2872.png,37
2872.png,32
2872.png,72
2872.png,51
2873.png,57
2873.png,75
2873.png,47
2873.png,43
2873.png,39
2873.png,43
2873.png,37
2873.png,55
2873.png,62
2873.png,60
2874.png,9
2874.png,8
2874.png,24
2874.png,4
2874.png,18
2874.png,0
2874.png,14
2874.png,1
2874.png,37
2874.png,34
2875.png,100
2875.png,63
2875.png,35
2875.png,96
2875.png,49
2875.png,19
2875.png,76
2875.png,22
2875.png,10
2875.png,57
2876.png,89
2876.png,76
2876.png,93
2876.png,100
2876.png,84
2876.png,82
2876.png,0
2876.png,86
2876.png,100
2876.png,82
2877.png,55
2877.png,13
2877.png,0
2877.png,95
2877.png,0
2877.png,50
2877.png,66
2877.png,33
2877.png,38
2877.png,47
2878.png,56
2878.png,84
2878.png,36
2878.png,68
2878.png,100
2878.png,68
2878.png,84
2878.png,100
2878.png,63
2878.png,81
2879.png,53
2879.png,9
2879.png,100
2879.png,9
2879.png,50
2879.png,81
2879.png,37
2879.png,0
2879.png,20
2879.png,16
2880.png,5
2880.png,0
2880.png,60
2880.png,24
2880.png,7
2880.png,32
2880.png,9
2880.png,50
2880.png,1
2880.png,25
2881.png,61
2881.png,100
2881.png,54
2881.png,68
2881.png,87
2881.png,100
2881.png,86
2881.png,35
2881.png,73
2881.png,59
2882.png,84
2882.png,99
2882.png,0
2882.png,78
2882.png,79
2882.png,83
2882.png,100
2882.png,71
2882.png,61
2882.png,75
2883.png,84
2883.png,30
2883.png,62
2883.png,0
2883.png,32
2883.png,50
2883.png,64
2883.png,71
2883.png,18
2883.png,0
2884.png,38
2884.png,11
2884.png,12
2884.png,44
2884.png,2
2884.png,100
2884.png,70
2884.png,31
2884.png,100
2884.png,0
2885.png,0
2885.png,69
2885.png,100
2885.png,61
2885.png,5
2885.png,5
2885.png,6
2885.png,44
2885.png,26
2885.png,25
2886.png,76
2886.png,68
2886.png,52
2886.png,12
2886.png,47
2886.png,62
2886.png,0
2886.png,0
2886.png,50
2886.png,57
2887.png,22
2887.png,0
2887.png,49
2887.png,32
2887.png,29
2887.png,23
2887.png,44
2887.png,1
2887.png,33
2887.png,53
2888.png,56
2888.png,0
2888.png,7
2888.png,29
2888.png,54
2888.png,100
2888.png,37
2888.png,32
2888.png,11
2888.png,7
2889.png,61
2889.png,88
2889.png,72
2889.png,0
2889.png,60
2889.png,49
2889.png,75
2889.png,84
2889.png,44
2889.png,67
2890.png,100
2890.png,2
2890.png,76
2890.png,5
2890.png,43
2890.png,52
2890.png,9
2890.png,54
2890.png,7
2890.png,33
2891.png,23
2891.png,50
2891.png,36
2891.png,4
2891.png,25
2891.png,34
2891.png,36
2891.png,1
2891.png,16
2891.png,66
2892.png,41
2892.png,85
2892.png,61
2892.png,87
2892.png,100
2892.png,51
2892.png,85
2892.png,96
2892.png,0
2892.png,64
2893.png,0
2893.png,3
2893.png,0
2893.png,51
2893.png,60
2893.png,72
2893.png,80
2893.png,1
2893.png,42
2893.png,26
2894.png,71
2894.png,79
2894.png,100
2894.png,74
2894.png,100
2894.png,68
2894.png,41
2894.png,48
2894.png,77
2894.png,71
2895.png,53
2895.png,50
2895.png,21
2895.png,100
2895.png,0
2895.png,61
2895.png,42
2895.png,1
2895.png,43
2895.png,42
2896.png,16
2896.png,0
2896.png,24
2896.png,81
2896.png,30
2896.png,20
2896.png,48
2896.png,41
2896.png,100
2896.png,53
2897.png,74
2897.png,73
2897.png,72
2897.png,100
2897.png,64
2897.png,74
2897.png,80
2897.png,57
2897.png,82
2897.png,89
2898.png,75
2898.png,54
2898.png,39
2898.png,0
2898.png,41
2898.png,69
2898.png,67
2898.png,16
2898.png,0
2898.png,34
2899.png,31
2899.png,53
2899.png,5
2899.png,16
2899.png,17
2899.png,49
2899.png,24
2899.png,5
2899.png,40
2899.png,72
2900.png,79
2900.png,5
2900.png,63
2900.png,16
2900.png,14
2900.png,88
2900.png,68
2900.png,75
2900.png,72
2900.png,77
2901.png,36
2901.png,50
2901.png,78
2901.png,57
2901.png,39
2901.png,3
2901.png,44
2901.png,8
2901.png,7
2901.png,25
2902.png,42
2902.png,24
2902.png,0
2902.png,21
2902.png,0
2902.png,20
2902.png,0
2902.png,7
2902.png,81
2902.png,15
2903.png,16
2903.png,77
2903.png,58
2903.png,75
2903.png,64
2903.png,42
2903.png,34
2903.png,37
2903.png,73
2903.png,100
2904.png,18
2904.png,25
2904.png,0
2904.png,46
2904.png,19
2904.png,20
2904.png,80
2904.png,6
2904.png,86
2904.png,17
2905.png,11
2905.png,71
2905.png,14
2905.png,49
2905.png,11
2905.png,70
2905.png,25
2905.png,56
2905.png,84
2905.png,91
2906.png,25
2906.png,24
2906.png,43
2906.png,38
2906.png,52
2906.png,86
2906.png,21
2906.png,10
2906.png,33
2906.png,0
2907.png,76
2907.png,79
2907.png,47
2907.png,56
2907.png,60
2907.png,45
2907.png,68
2907.png,73
2907.png,14
2907.png,75
2908.png,89
2908.png,78
2908.png,57
2908.png,86
2908.png,89
2908.png,92
2908.png,73
2908.png,54
2908.png,71
2908.png,67
2909.png,84
2909.png,87
2909.png,43
2909.png,100
2909.png,25
2909.png,100
2909.png,75
2909.png,95
2909.png,86
2909.png,99
2910.png,63
2910.png,13
2910.png,43
2910.png,75
2910.png,23
2910.png,88
2910.png,34
2910.png,44
2910.png,82
2910.png,33
2911.png,88
2911.png,38
2911.png,45
2911.png,56
2911.png,70
2911.png,81
2911.png,78
2911.png,25
2911.png,76
2911.png,25
2912.png,0
2912.png,27
2912.png,77
2912.png,3
2912.png,76
2912.png,37
2912.png,21
2912.png,6
2912.png,26
2912.png,15
2913.png,84
2913.png,0
2913.png,96
2913.png,31
2913.png,77
2913.png,88
2913.png,79
2913.png,43
2913.png,61
2913.png,100
2914.png,61
2914.png,53
2914.png,43
2914.png,75
2914.png,55
2914.png,30
2914.png,58
2914.png,55
2914.png,38
2914.png,80
2915.png,13
2915.png,57
2915.png,36
2915.png,35
2915.png,10
2915.png,78
2915.png,64
2915.png,92
2915.png,46
2915.png,70
2916.png,8
2916.png,50
2916.png,34
2916.png,41
2916.png,83
2916.png,50
2916.png,21
2916.png,61
2916.png,12
2916.png,12
2917.png,28
2917.png,35
2917.png,6
2917.png,75
2917.png,4
2917.png,59
2917.png,70
2917.png,44
2917.png,28
2917.png,81
2918.png,86
2918.png,53
2918.png,82
2918.png,70
2918.png,79
2918.png,83
2918.png,57
2918.png,90
2918.png,76
2918.png,0
2919.png,43
2919.png,63
2919.png,26
2919.png,5
2919.png,36
2919.png,58
2919.png,28
2919.png,77
2919.png,76
2919.png,72
2920.png,74
2920.png,66
2920.png,56
2920.png,89
2920.png,61
2920.png,79
2920.png,85
2920.png,100
2920.png,42
2920.png,80
2921.png,1
2921.png,43
2921.png,3
2921.png,12
2921.png,13
2921.png,22
2921.png,10
2921.png,4
2921.png,78
2921.png,9
2922.png,74
2922.png,71
2922.png,83
2922.png,33
2922.png,20
2922.png,33
2922.png,67
2922.png,73
2922.png,55
2922.png,18
2923.png,85
2923.png,7
2923.png,1
2923.png,13
2923.png,7
2923.png,10
2923.png,68
2923.png,0
2923.png,24
2923.png,0
2924.png,93
2924.png,89
2924.png,35
2924.png,70
2924.png,36
2924.png,72
2924.png,86
2924.png,61
2924.png,72
2924.png,14
2925.png,56
2925.png,63
2925.png,89
2925.png,91
2925.png,79
2925.png,99
2925.png,76
2925.png,59
2925.png,85
2925.png,60
2926.png,6
2926.png,6
2926.png,50
2926.png,0
2926.png,37
2926.png,41
2926.png,84
2926.png,19
2926.png,23
2926.png,36
2927.png,80
2927.png,43
2927.png,62
2927.png,41
2927.png,26
2927.png,56
2927.png,87
2927.png,85
2927.png,80
2927.png,44
2928.png,18
2928.png,80
2928.png,79
2928.png,68
2928.png,77
2928.png,87
2928.png,68
2928.png,74
2928.png,85
2928.png,89
2929.png,52
2929.png,44
2929.png,72
2929.png,93
2929.png,93
2929.png,93
2929.png,74
2929.png,96
2929.png,92
2929.png,69
2930.png,5
2930.png,46
2930.png,2
2930.png,25
2930.png,91
2930.png,31
2930.png,61
2930.png,64
2930.png,30
2930.png,25
2931.png,82
2931.png,62
2931.png,66
2931.png,74
2931.png,72
2931.png,76
2931.png,59
2931.png,87
2931.png,70
2931.png,60
2932.png,68
2932.png,10
2932.png,39
2932.png,88
2932.png,0
2932.png,86
2932.png,46
2932.png,2
2932.png,62
2932.png,34
2933.png,39
2933.png,35
2933.png,0
2933.png,19
2933.png,54
2933.png,31
2933.png,33
2933.png,63
2933.png,3
2933.png,21
2934.png,66
2934.png,100
2934.png,23
2934.png,24
2934.png,100
2934.png,83
2934.png,31
2934.png,29
2934.png,61
2934.png,100
2935.png,85
2935.png,81
2935.png,78
2935.png,70
2935.png,71
2935.png,74
2935.png,100
2935.png,89
2935.png,0
2935.png,23
2936.png,9
2936.png,45
2936.png,84
2936.png,43
2936.png,22
2936.png,47
2936.png,26
2936.png,78
2936.png,31
2936.png,16
2937.png,81
2937.png,42
2937.png,19
2937.png,90
2937.png,18
2937.png,3
2937.png,22
2937.png,12
2937.png,6
2937.png,0
2938.png,78
2938.png,10
2938.png,17
2938.png,36
2938.png,66
2938.png,9
2938.png,53
2938.png,24
2938.png,100
2938.png,29
2939.png,71
2939.png,63
2939.png,23
2939.png,60
2939.png,84
2939.png,20
2939.png,92
2939.png,39
2939.png,19
2939.png,64
2940.png,12
2940.png,92
2940.png,54
2940.png,85
2940.png,92
2940.png,63
2940.png,38
2940.png,26
2940.png,89
2940.png,87
2941.png,62
2941.png,56
2941.png,24
2941.png,90
2941.png,22
2941.png,0
2941.png,6
2941.png,61
2941.png,38
2941.png,82
2942.png,68
2942.png,96
2942.png,68
2942.png,61
2942.png,81
2942.png,69
2942.png,65
2942.png,85
2942.png,42
2942.png,66
2943.png,83
2943.png,54
2943.png,95
2943.png,67
2943.png,85
2943.png,62
2943.png,86
2943.png,87
2943.png,81
2943.png,75
2944.png,81
2944.png,59
2944.png,32
2944.png,100
2944.png,55
2944.png,82
2944.png,69
2944.png,73
2944.png,83
2944.png,65
2945.png,95
2945.png,84
2945.png,63
2945.png,58
2945.png,90
2945.png,43
2945.png,35
2945.png,89
2945.png,77
2945.png,94
2946.png,85
2946.png,100
2946.png,95
2946.png,90
2946.png,20
2946.png,73
2946.png,82
2946.png,19
2946.png,100
2946.png,89
2947.png,19
2947.png,45
2947.png,32
2947.png,25
2947.png,19
2947.png,0
2947.png,17
2947.png,4
2947.png,6
2947.png,28
2948.png,28
2948.png,90
2948.png,42
2948.png,36
2948.png,73
2948.png,29
2948.png,90
2948.png,59
2948.png,54
2948.png,55
2949.png,87
2949.png,89
2949.png,45
2949.png,69
2949.png,20
2949.png,65
2949.png,34
2949.png,46
2949.png,59
2949.png,83
2950.png,45
2950.png,80
2950.png,70
2950.png,83
2950.png,42
2950.png,62
2950.png,87
2950.png,81
2950.png,36
2950.png,71
2951.png,87
2951.png,93
2951.png,77
2951.png,87
2951.png,78
2951.png,79
2951.png,92
2951.png,74
2951.png,93
2951.png,73
2952.png,79
2952.png,93
2952.png,70
2952.png,57
2952.png,46
2952.png,36
2952.png,72
2952.png,78
2952.png,66
2952.png,65
2953.png,47
2953.png,64
2953.png,86
2953.png,100
2953.png,42
2953.png,48
2953.png,73
2953.png,57
2953.png,23
2953.png,40
2954.png,70
2954.png,65
2954.png,86
2954.png,87
2954.png,65
2954.png,25
2954.png,62
2954.png,48
2954.png,64
2954.png,80
2955.png,73
2955.png,41
2955.png,88
2955.png,69
2955.png,99
2955.png,0
2955.png,66
2955.png,50
2955.png,71
2955.png,54
2956.png,34
2956.png,88
2956.png,82
2956.png,81
2956.png,93
2956.png,100
2956.png,0
2956.png,77
2956.png,67
2956.png,68
2957.png,78
2957.png,85
2957.png,74
2957.png,53
2957.png,100
2957.png,85
2957.png,62
2957.png,57
2957.png,53
2957.png,74
2958.png,10
2958.png,87
2958.png,18
2958.png,28
2958.png,18
2958.png,69
2958.png,19
2958.png,38
2958.png,43
2958.png,4
2959.png,92
2959.png,86
2959.png,92
2959.png,76
2959.png,63
2959.png,92
2959.png,69
2959.png,24
2959.png,90
2959.png,55
2960.png,89
2960.png,37
2960.png,42
2960.png,30
2960.png,18
2960.png,83
2960.png,14
2960.png,65
2960.png,37
2960.png,90
2961.png,21
2961.png,61
2961.png,63
2961.png,70
2961.png,86
2961.png,87
2961.png,33
2961.png,55
2961.png,42
2961.png,34
2962.png,31
2962.png,78
2962.png,46
2962.png,39
2962.png,40
2962.png,73
2962.png,45
2962.png,70
2962.png,0
2962.png,88
2963.png,46
2963.png,0
2963.png,100
2963.png,32
2963.png,79
2963.png,100
2963.png,87
2963.png,62
2963.png,100
2963.png,83
2964.png,69
2964.png,60
2964.png,66
2964.png,82
2964.png,36
2964.png,89
2964.png,45
2964.png,28
2964.png,68
2964.png,0
2965.png,32
2965.png,84
2965.png,96
2965.png,45
2965.png,63
2965.png,31
2965.png,100
2965.png,100
2965.png,33
2965.png,86
2966.png,90
2966.png,8
2966.png,29
2966.png,58
2966.png,85
2966.png,61
2966.png,80
2966.png,36
2966.png,33
2966.png,24
2967.png,46
2967.png,47
2967.png,4
2967.png,9
2967.png,11
2967.png,35
2967.png,24
2967.png,20
2967.png,39
2967.png,81
2968.png,62
2968.png,71
2968.png,39
2968.png,30
2968.png,57
2968.png,90
2968.png,43
2968.png,70
2968.png,76
2968.png,75
2969.png,59
2969.png,69
2969.png,65
2969.png,68
2969.png,56
2969.png,89
2969.png,89
2969.png,93
2969.png,62
2969.png,100
2970.png,88
2970.png,0
2970.png,45
2970.png,5
2970.png,17
2970.png,4
2970.png,24
2970.png,0
2970.png,17
2970.png,40
2971.png,8
2971.png,36
2971.png,67
2971.png,62
2971.png,0
2971.png,0
2971.png,78
2971.png,15
2971.png,91
2971.png,55
2972.png,0
2972.png,18
2972.png,68
2972.png,25
2972.png,29
2972.png,67
2972.png,93
2972.png,0
2972.png,49
2972.png,70
2973.png,40
2973.png,37
2973.png,36
2973.png,92
2973.png,74
2973.png,81
2973.png,22
2973.png,88
2973.png,86
2973.png,67
2974.png,63
2974.png,74
2974.png,40
2974.png,75
2974.png,44
2974.png,46
2974.png,84
2974.png,21
2974.png,55
2974.png,87
2975.png,89
2975.png,84
2975.png,19
2975.png,43
2975.png,17
2975.png,66
2975.png,88
2975.png,39
2975.png,64
2975.png,65
2976.png,37
2976.png,32
2976.png,36
2976.png,76
2976.png,66
2976.png,83
2976.png,4
2976.png,34
2976.png,45
2976.png,70
2977.png,59
2977.png,79
2977.png,84
2977.png,60
2977.png,34
2977.png,100
2977.png,68
2977.png,65
2977.png,100
2977.png,95
2978.png,44
2978.png,68
2978.png,4
2978.png,65
2978.png,87
2978.png,43
2978.png,61
2978.png,27
2978.png,42
2978.png,37
2979.png,68
2979.png,64
2979.png,67
2979.png,86
2979.png,79
2979.png,89
2979.png,100
2979.png,83
2979.png,64
2979.png,78
2980.png,88
2980.png,33
2980.png,42
2980.png,17
2980.png,6
2980.png,69
2980.png,70
2980.png,62
2980.png,56
2980.png,81
2981.png,25
2981.png,5
2981.png,34
2981.png,56
2981.png,0
2981.png,54
2981.png,39
2981.png,77
2981.png,37
2981.png,15
2982.png,29
2982.png,82
2982.png,32
2982.png,21
2982.png,36
2982.png,49
2982.png,36
2982.png,37
2982.png,14
2982.png,8
2983.png,37
2983.png,100
2983.png,100
2983.png,90
2983.png,76
2983.png,84
2983.png,17
2983.png,82
2983.png,92
2983.png,5
2984.png,20
2984.png,8
2984.png,3
2984.png,8
2984.png,31
2984.png,70
2984.png,4
2984.png,12
2984.png,21
2984.png,77
2985.png,46
2985.png,41
2985.png,15
2985.png,62
2985.png,9
2985.png,41
2985.png,26
2985.png,8
2985.png,18
2985.png,86
2986.png,55
2986.png,32
2986.png,75
2986.png,63
2986.png,42
2986.png,81
2986.png,100
2986.png,73
2986.png,45
2986.png,100
2987.png,18
2987.png,59
2987.png,73
2987.png,86
2987.png,47
2987.png,31
2987.png,51
2987.png,44
2987.png,44
2987.png,0
2988.png,19
2988.png,24
2988.png,62
2988.png,14
2988.png,86
2988.png,58
2988.png,49
2988.png,55
2988.png,65
2988.png,11
2989.png,23
2989.png,65
2989.png,30
2989.png,0
2989.png,11
2989.png,74
2989.png,20
2989.png,57
2989.png,23
2989.png,81
2990.png,34
2990.png,25
2990.png,10
2990.png,13
2990.png,0
2990.png,0
2990.png,34
2990.png,4
2990.png,25
2990.png,72
2991.png,88
2991.png,67
2991.png,54
2991.png,26
2991.png,72
2991.png,69
2991.png,86
2991.png,91
2991.png,71
2991.png,100
2992.png,28
2992.png,26
2992.png,41
2992.png,67
2992.png,0
2992.png,61
2992.png,45
2992.png,88
2992.png,79
2992.png,65
2993.png,1
2993.png,12
2993.png,18
2993.png,16
2993.png,0
2993.png,18
2993.png,36
2993.png,81
2993.png,5
2993.png,17
2994.png,76
2994.png,50
2994.png,85
2994.png,75
2994.png,47
2994.png,58
2994.png,54
2994.png,73
2994.png,100
2994.png,89
2995.png,18
2995.png,71
2995.png,91
2995.png,10
2995.png,4
2995.png,17
2995.png,0
2995.png,11
2995.png,10
2995.png,21
2996.png,85
2996.png,69
2996.png,86
2996.png,76
2996.png,74
2996.png,91
2996.png,88
2996.png,80
2996.png,89
2996.png,81
2997.png,35
2997.png,27
2997.png,89
2997.png,15
2997.png,64
2997.png,1
2997.png,29
2997.png,31
2997.png,45
2997.png,72
2998.png,100
2998.png,62
2998.png,100
2998.png,33
2998.png,56
2998.png,64
2998.png,85
2998.png,77
2998.png,71
2998.png,76
2999.png,9
2999.png,34
2999.png,41
2999.png,90
2999.png,84
2999.png,69
2999.png,45
2999.png,43
2999.png,87
2999.png,88
3000.png,25
3000.png,0
3000.png,22
3000.png,77
3000.png,30
3000.png,54
3000.png,24
3000.png,38
3000.png,16
3000.png,2
3001.png,65
3001.png,45
3001.png,43
3001.png,84
3001.png,7
3001.png,28
3001.png,41
3001.png,47
3001.png,66
3001.png,75
3002.png,52
3002.png,85
3002.png,86
3002.png,99
3002.png,93
3002.png,100
3002.png,88
3002.png,87
3002.png,73
3002.png,35
3003.png,13
3003.png,12
3003.png,13
3003.png,37
3003.png,33
3003.png,91
3003.png,39
3003.png,78
3003.png,20
3003.png,8
3004.png,89
3004.png,61
3004.png,81
3004.png,43
3004.png,81
3004.png,77
3004.png,34
3004.png,82
3004.png,55
3004.png,46
3005.png,0
3005.png,77
3005.png,25
3005.png,20
3005.png,57
3005.png,22
3005.png,79
3005.png,29
3005.png,59
3005.png,13
3006.png,73
3006.png,25
3006.png,22
3006.png,56
3006.png,21
3006.png,53
3006.png,58
3006.png,91
3006.png,7
3006.png,0
3007.png,15
3007.png,69
3007.png,1
3007.png,15
3007.png,7
3007.png,0
3007.png,22
3007.png,10
3007.png,3
3007.png,68
3008.png,3
3008.png,60
3008.png,31
3008.png,46
3008.png,86
3008.png,32
3008.png,29
3008.png,68
3008.png,29
3008.png,25
3009.png,100
3009.png,0
3009.png,55
3009.png,64
3009.png,36
3009.png,49
3009.png,34
3009.png,25
3009.png,63
3009.png,89
3010.png,3
3010.png,17
3010.png,29
3010.png,75
3010.png,6
3010.png,67
3010.png,17
3010.png,20
3010.png,25
3010.png,33
3011.png,87
3011.png,37
3011.png,87
3011.png,68
3011.png,87
3011.png,20
3011.png,38
3011.png,26
3011.png,47
3011.png,64
3012.png,31
3012.png,84
3012.png,82
3012.png,87
3012.png,21
3012.png,28
3012.png,88
3012.png,68
3012.png,44
3012.png,20
3013.png,0
3013.png,39
3013.png,12
3013.png,21
3013.png,0
3013.png,60
3013.png,0
3013.png,31
3013.png,0
3013.png,8
3014.png,64
3014.png,64
3014.png,78
3014.png,88
3014.png,58
3014.png,61
3014.png,9
3014.png,70
3014.png,57
3014.png,33
3015.png,35
3015.png,27
3015.png,24
3015.png,52
3015.png,87
3015.png,88
3015.png,7
3015.png,26
3015.png,2
3015.png,27
3016.png,65
3016.png,95
3016.png,91
3016.png,100
3016.png,87
3016.png,86
3016.png,74
3016.png,57
3016.png,69
3016.png,69
3017.png,22
3017.png,40
3017.png,11
3017.png,0
3017.png,55
3017.png,0
3017.png,0
3017.png,24
3017.png,10
3017.png,84
3018.png,34
3018.png,71
3018.png,7
3018.png,19
3018.png,44
3018.png,34
3018.png,1
3018.png,25
3018.png,22
3018.png,67
3019.png,100
3019.png,92
3019.png,95
3019.png,25
3019.png,59
3019.png,85
3019.png,64
3019.png,18
3019.png,82
3019.png,33
3020.png,21
3020.png,0
3020.png,33
3020.png,33
3020.png,9
3020.png,46
3020.png,14
3020.png,72
3020.png,12
3020.png,33
3021.png,100
3021.png,57
3021.png,24
3021.png,30
3021.png,28
3021.png,74
3021.png,71
3021.png,61
3021.png,9
3021.png,30
3022.png,44
3022.png,35
3022.png,76
3022.png,24
3022.png,79
3022.png,56
3022.png,82
3022.png,81
3022.png,0
3022.png,55
3023.png,77
3023.png,89
3023.png,67
3023.png,18
3023.png,25
3023.png,57
3023.png,76
3023.png,18
3023.png,96
3023.png,66
3024.png,82
3024.png,44
3024.png,71
3024.png,0
3024.png,73
3024.png,21
3024.png,60
3024.png,84
3024.png,45
3024.png,34
3025.png,25
3025.png,28
3025.png,62
3025.png,29
3025.png,0
3025.png,68
3025.png,25
3025.png,0
3025.png,87
3025.png,27
3026.png,15
3026.png,29
3026.png,12
3026.png,57
3026.png,28
3026.png,98
3026.png,24
3026.png,26
3026.png,74
3026.png,65
3027.png,39
3027.png,74
3027.png,0
3027.png,67
3027.png,60
3027.png,32
3027.png,19
3027.png,46
3027.png,0
3027.png,35
3028.png,19
3028.png,18
3028.png,42
3028.png,39
3028.png,32
3028.png,32
3028.png,81
3028.png,9
3028.png,25
3028.png,57
3029.png,33
3029.png,94
3029.png,82
3029.png,37
3029.png,66
3029.png,73
3029.png,50
3029.png,58
3029.png,5
3029.png,89
3030.png,99
3030.png,39
3030.png,80
3030.png,67
3030.png,100
3030.png,57
3030.png,84
3030.png,66
3030.png,81
3030.png,75
3031.png,85
3031.png,54
3031.png,57
3031.png,87
3031.png,100
3031.png,94
3031.png,56
3031.png,60
3031.png,91
3031.png,85
3032.png,27
3032.png,54
3032.png,64
3032.png,11
3032.png,82
3032.png,77
3032.png,65
3032.png,31
3032.png,81
3032.png,26
3033.png,83
3033.png,76
3033.png,67
3033.png,79
3033.png,65
3033.png,56
3033.png,100
3033.png,57
3033.png,86
3033.png,82
3034.png,56
3034.png,2
3034.png,63
3034.png,10
3034.png,18
3034.png,81
3034.png,66
3034.png,14
3034.png,24
3034.png,1
3035.png,82
3035.png,41
3035.png,59
3035.png,66
3035.png,100
3035.png,70
3035.png,81
3035.png,84
3035.png,65
3035.png,92
3036.png,16
3036.png,85
3036.png,59
3036.png,55
3036.png,94
3036.png,69
3036.png,86
3036.png,39
3036.png,10
3036.png,31
3037.png,82
3037.png,71
3037.png,14
3037.png,42
3037.png,74
3037.png,41
3037.png,79
3037.png,76
3037.png,47
3037.png,88
3038.png,89
3038.png,37
3038.png,4
3038.png,19
3038.png,5
3038.png,17
3038.png,6
3038.png,4
3038.png,11
3038.png,70
3039.png,68
3039.png,40
3039.png,100
3039.png,0
3039.png,47
3039.png,46
3039.png,35
3039.png,78
3039.png,33
3039.png,63
3040.png,36
3040.png,83
3040.png,7
3040.png,77
3040.png,38
3040.png,44
3040.png,70
3040.png,60
3040.png,76
3040.png,31
3041.png,8
3041.png,17
3041.png,95
3041.png,27
3041.png,8
3041.png,7
3041.png,45
3041.png,0
3041.png,27
3041.png,10
3042.png,50
3042.png,22
3042.png,86
3042.png,11
3042.png,21
3042.png,38
3042.png,51
3042.png,7
3042.png,8
3042.png,55
3043.png,80
3043.png,66
3043.png,91
3043.png,60
3043.png,19
3043.png,89
3043.png,22
3043.png,83
3043.png,53
3043.png,40
3044.png,91
3044.png,88
3044.png,24
3044.png,23
3044.png,79
3044.png,83
3044.png,80
3044.png,42
3044.png,46
3044.png,86
3045.png,81
3045.png,68
3045.png,50
3045.png,27
3045.png,48
3045.png,96
3045.png,60
3045.png,93
3045.png,68
3045.png,86
3046.png,47
3046.png,50
3046.png,100
3046.png,44
3046.png,17
3046.png,73
3046.png,29
3046.png,19
3046.png,43
3046.png,24
3047.png,13
3047.png,75
3047.png,82
3047.png,31
3047.png,43
3047.png,82
3047.png,11
3047.png,57
3047.png,50
3047.png,85
3048.png,40
3048.png,53
3048.png,50
3048.png,69
3048.png,30
3048.png,20
3048.png,53
3048.png,50
3048.png,62
3048.png,12
3049.png,100
3049.png,69
3049.png,33
3049.png,23
3049.png,83
3049.png,91
3049.png,83
3049.png,53
3049.png,26
3049.png,57
3050.png,50
3050.png,76
3050.png,36
3050.png,17
3050.png,53
3050.png,37
3050.png,34
3050.png,50
3050.png,37
3050.png,22
3051.png,100
3051.png,38
3051.png,48
3051.png,83
3051.png,89
3051.png,75
3051.png,71
3051.png,90
3051.png,25
3051.png,3
3052.png,74
3052.png,57
3052.png,64
3052.png,67
3052.png,49
3052.png,41
3052.png,68
3052.png,11
3052.png,74
3052.png,50
3053.png,49
3053.png,100
3053.png,88
3053.png,0
3053.png,16
3053.png,0
3053.png,47
3053.png,100
3053.png,5
3053.png,44
3054.png,34
3054.png,32
3054.png,89
3054.png,34
3054.png,83
3054.png,92
3054.png,14
3054.png,46
3054.png,11
3054.png,80
3055.png,54
3055.png,33
3055.png,37
3055.png,46
3055.png,12
3055.png,45
3055.png,21
3055.png,67
3055.png,44
3055.png,75
3056.png,29
3056.png,0
3056.png,12
3056.png,25
3056.png,6
3056.png,18
3056.png,22
3056.png,14
3056.png,16
3056.png,4
3057.png,4
3057.png,12
3057.png,0
3057.png,1
3057.png,20
3057.png,0
3057.png,0
3057.png,0
3057.png,5
3057.png,0
3058.png,26
3058.png,74
3058.png,99
3058.png,100
3058.png,84
3058.png,54
3058.png,81
3058.png,64
3058.png,68
3058.png,50
3059.png,0
3059.png,1
3059.png,0
3059.png,37
3059.png,29
3059.png,25
3059.png,15
3059.png,23
3059.png,39
3059.png,30
3060.png,82
3060.png,26
3060.png,62
3060.png,44
3060.png,16
3060.png,45
3060.png,0
3060.png,8
3060.png,45
3060.png,15
3061.png,58
3061.png,28
3061.png,71
3061.png,70
3061.png,100
3061.png,6
3061.png,63
3061.png,50
3061.png,86
3061.png,100
3062.png,70
3062.png,73
3062.png,91
3062.png,38
3062.png,95
3062.png,59
3062.png,67
3062.png,76
3062.png,60
3062.png,50
3063.png,66
3063.png,59
3063.png,74
3063.png,31
3063.png,73
3063.png,100
3063.png,64
3063.png,57
3063.png,85
3063.png,15
3064.png,2
3064.png,33
3064.png,34
3064.png,75
3064.png,39
3064.png,6
3064.png,4
3064.png,32
3064.png,37
3064.png,0
3065.png,68
3065.png,0
3065.png,0
3065.png,0
3065.png,17
3065.png,17
3065.png,9
3065.png,71
3065.png,38
3065.png,12
3066.png,74
3066.png,25
3066.png,75
3066.png,38
3066.png,90
3066.png,63
3066.png,82
3066.png,49
3066.png,76
3066.png,100
3067.png,75
3067.png,19
3067.png,76
3067.png,37
3067.png,0
3067.png,52
3067.png,73
3067.png,38
3067.png,50
3067.png,12
3068.png,12
3068.png,20
3068.png,0
3068.png,66
3068.png,16
3068.png,17
3068.png,8
3068.png,100
3068.png,33
3068.png,15
3069.png,50
3069.png,25
3069.png,100
3069.png,31
3069.png,57
3069.png,42
3069.png,67
3069.png,24
3069.png,42
3069.png,94
3070.png,26
3070.png,37
3070.png,18
3070.png,20
3070.png,13
3070.png,8
3070.png,15
3070.png,29
3070.png,3
3070.png,3
3071.png,19
3071.png,54
3071.png,64
3071.png,56
3071.png,75
3071.png,53
3071.png,76
3071.png,38
3071.png,23
3071.png,14
3072.png,87
3072.png,58
3072.png,82
3072.png,100
3072.png,91
3072.png,85
3072.png,65
3072.png,100
3072.png,71
3072.png,91
3073.png,90
3073.png,45
3073.png,50
3073.png,62
3073.png,54
3073.png,67
3073.png,65
3073.png,4
3073.png,41
3073.png,67
3074.png,21
3074.png,33
3074.png,0
3074.png,0
3074.png,18
3074.png,19
3074.png,10
3074.png,0
3074.png,0
3074.png,7
3075.png,35
3075.png,38
3075.png,19
3075.png,79
3075.png,12
3075.png,67
3075.png,65
3075.png,68
3075.png,25
3075.png,17
3076.png,14
3076.png,67
3076.png,40
3076.png,0
3076.png,58
3076.png,100
3076.png,31
3076.png,16
3076.png,3
3076.png,25
3077.png,61
3077.png,74
3077.png,18
3077.png,74
3077.png,100
3077.png,78
3077.png,73
3077.png,90
3077.png,52
3077.png,100
3078.png,57
3078.png,47
3078.png,59
3078.png,89
3078.png,86
3078.png,24
3078.png,73
3078.png,27
3078.png,79
3078.png,32
3079.png,36
3079.png,16
3079.png,31
3079.png,50
3079.png,71
3079.png,17
3079.png,8
3079.png,49
3079.png,0
3079.png,17
3080.png,75
3080.png,70
3080.png,11
3080.png,72
3080.png,87
3080.png,74
3080.png,50
3080.png,100
3080.png,100
3080.png,82
3081.png,24
3081.png,42
3081.png,0
3081.png,22
3081.png,26
3081.png,13
3081.png,16
3081.png,43
3081.png,24
3081.png,0
3082.png,83
3082.png,74
3082.png,100
3082.png,82
3082.png,100
3082.png,78
3082.png,77
3082.png,83
3082.png,76
3082.png,75
3083.png,75
3083.png,100
3083.png,74
3083.png,83
3083.png,100
3083.png,88
3083.png,63
3083.png,84
3083.png,6
3083.png,81
3084.png,54
3084.png,16
3084.png,70
3084.png,14
3084.png,52
3084.png,56
3084.png,74
3084.png,26
3084.png,38
3084.png,9
3085.png,21
3085.png,45
3085.png,28
3085.png,33
3085.png,6
3085.png,15
3085.png,12
3085.png,0
3085.png,50
3085.png,25
3086.png,74
3086.png,78
3086.png,35
3086.png,25
3086.png,13
3086.png,26
3086.png,56
3086.png,11
3086.png,17
3086.png,62
3087.png,84
3087.png,100
3087.png,100
3087.png,100
3087.png,84
3087.png,79
3087.png,63
3087.png,0
3087.png,81
3087.png,99
3088.png,39
3088.png,25
3088.png,50
3088.png,30
3088.png,56
3088.png,96
3088.png,25
3088.png,6
3088.png,71
3088.png,52
3089.png,39
3089.png,43
3089.png,3
3089.png,12
3089.png,12
3089.png,0
3089.png,0
3089.png,38
3089.png,24
3089.png,69
3090.png,38
3090.png,37
3090.png,42
3090.png,6
3090.png,24
3090.png,89
3090.png,65
3090.png,12
3090.png,42
3090.png,56
3091.png,0
3091.png,16
3091.png,68
3091.png,0
3091.png,33
3091.png,0
3091.png,11
3091.png,30
3091.png,0
3091.png,13
3092.png,5
3092.png,60
3092.png,15
3092.png,40
3092.png,0
3092.png,31
3092.png,9
3092.png,35
3092.png,10
3092.png,9
3093.png,9
3093.png,18
3093.png,33
3093.png,37
3093.png,25
3093.png,31
3093.png,26
3093.png,10
3093.png,11
3093.png,24
3094.png,70
3094.png,82
3094.png,100
3094.png,100
3094.png,73
3094.png,100
3094.png,16
3094.png,66
3094.png,95
3094.png,84
3095.png,47
3095.png,12
3095.png,71
3095.png,17
3095.png,8
3095.png,7
3095.png,0
3095.png,0
3095.png,0
3095.png,0
3096.png,21
3096.png,17
3096.png,0
3096.png,0
3096.png,14
3096.png,24
3096.png,0
3096.png,0
3096.png,0
3096.png,71
3097.png,100
3097.png,96
3097.png,93
3097.png,98
3097.png,100
3097.png,100
3097.png,100
3097.png,73
3097.png,86
3097.png,86
3098.png,96
3098.png,100
3098.png,81
3098.png,61
3098.png,68
3098.png,18
3098.png,100
3098.png,92
3098.png,93
3098.png,34
3099.png,6
3099.png,0
3099.png,7
3099.png,41
3099.png,68
3099.png,47
3099.png,0
3099.png,2
3099.png,53
3099.png,14
3100.png,19
3100.png,98
3100.png,0
3100.png,57
3100.png,31
3100.png,0
3100.png,8
3100.png,16
3100.png,9
3100.png,7
3101.png,26
3101.png,24
3101.png,36
3101.png,65
3101.png,25
3101.png,41
3101.png,12
3101.png,45
3101.png,16
3101.png,78
3102.png,0
3102.png,1
3102.png,8
3102.png,32
3102.png,75
3102.png,25
3102.png,0
3102.png,7
3102.png,61
3102.png,61
3103.png,12
3103.png,75
3103.png,36
3103.png,24
3103.png,24
3103.png,16
3103.png,25
3103.png,39
3103.png,16
3103.png,31
3104.png,100
3104.png,100
3104.png,84
3104.png,84
3104.png,59
3104.png,22
3104.png,73
3104.png,81
3104.png,74
3104.png,65
3105.png,3
3105.png,14
3105.png,77
3105.png,19
3105.png,43
3105.png,28
3105.png,0
3105.png,0
3105.png,6
3105.png,7
3106.png,13
3106.png,30
3106.png,66
3106.png,31
3106.png,43
3106.png,50
3106.png,59
3106.png,0
3106.png,42
3106.png,64
3107.png,65
3107.png,50
3107.png,25
3107.png,32
3107.png,17
3107.png,60
3107.png,16
3107.png,0
3107.png,41
3107.png,100
3108.png,71
3108.png,18
3108.png,18
3108.png,58
3108.png,67
3108.png,47
3108.png,39
3108.png,42
3108.png,19
3108.png,0
3109.png,68
3109.png,50
3109.png,36
3109.png,34
3109.png,0
3109.png,24
3109.png,0
3109.png,33
3109.png,0
3109.png,30
3110.png,8
3110.png,68
3110.png,23
3110.png,14
3110.png,62
3110.png,56
3110.png,39
3110.png,36
3110.png,18
3110.png,24
3111.png,74
3111.png,50
3111.png,32
3111.png,41
3111.png,9
3111.png,30
3111.png,25
3111.png,60
3111.png,55
3111.png,9
3112.png,100
3112.png,100
3112.png,72
3112.png,84
3112.png,100
3112.png,63
3112.png,78
3112.png,99
3112.png,66
3112.png,68
3113.png,100
3113.png,90
3113.png,83
3113.png,57
3113.png,77
3113.png,100
3113.png,100
3113.png,100
3113.png,24
3113.png,58
3114.png,53
3114.png,67
3114.png,35
3114.png,100
3114.png,70
3114.png,100
3114.png,24
3114.png,14
3114.png,63
3114.png,32
3115.png,54
3115.png,0
3115.png,37
3115.png,23
3115.png,20
3115.png,12
3115.png,43
3115.png,10
3115.png,12
3115.png,0
3116.png,13
3116.png,36
3116.png,0
3116.png,27
3116.png,68
3116.png,75
3116.png,27
3116.png,0
3116.png,33
3116.png,10
3117.png,99
3117.png,84
3117.png,63
3117.png,91
3117.png,12
3117.png,62
3117.png,75
3117.png,93
3117.png,75
3117.png,100
3118.png,56
3118.png,33
3118.png,59
3118.png,64
3118.png,41
3118.png,10
3118.png,33
3118.png,6
3118.png,19
3118.png,75
3119.png,65
3119.png,21
3119.png,0
3119.png,2
3119.png,0
3119.png,8
3119.png,0
3119.png,0
3119.png,23
3119.png,32
3120.png,43
3120.png,23
3120.png,64
3120.png,25
3120.png,75
3120.png,68
3120.png,56
3120.png,25
3120.png,65
3120.png,73
3121.png,52
3121.png,89
3121.png,55
3121.png,90
3121.png,84
3121.png,84
3121.png,78
3121.png,71
3121.png,14
3121.png,95
3122.png,15
3122.png,64
3122.png,0
3122.png,7
3122.png,19
3122.png,0
3122.png,30
3122.png,82
3122.png,0
3122.png,24
3123.png,100
3123.png,38
3123.png,59
3123.png,100
3123.png,30
3123.png,69
3123.png,88
3123.png,36
3123.png,88
3123.png,65
3124.png,25
3124.png,12
3124.png,57
3124.png,8
3124.png,19
3124.png,20
3124.png,5
3124.png,50
3124.png,83
3124.png,31
3125.png,100
3125.png,81
3125.png,42
3125.png,87
3125.png,67
3125.png,24
3125.png,74
3125.png,100
3125.png,15
3125.png,40
3126.png,4
3126.png,0
3126.png,8
3126.png,0
3126.png,7
3126.png,19
3126.png,9
3126.png,0
3126.png,10
3126.png,0
3127.png,31
3127.png,69
3127.png,12
3127.png,91
3127.png,37
3127.png,50
3127.png,68
3127.png,23
3127.png,1
3127.png,25
3128.png,8
3128.png,18
3128.png,40
3128.png,11
3128.png,6
3128.png,4
3128.png,95
3128.png,27
3128.png,50
3128.png,79
3129.png,50
3129.png,93
3129.png,3
3129.png,29
3129.png,12
3129.png,10
3129.png,59
3129.png,43
3129.png,33
3129.png,58
3130.png,0
3130.png,64
3130.png,48
3130.png,73
3130.png,69
3130.png,50
3130.png,41
3130.png,0
3130.png,84
3130.png,41
3131.png,65
3131.png,11
3131.png,12
3131.png,35
3131.png,23
3131.png,75
3131.png,82
3131.png,17
3131.png,0
3131.png,46
3132.png,46
3132.png,65
3132.png,86
3132.png,39
3132.png,5
3132.png,35
3132.png,44
3132.png,55
3132.png,57
3132.png,61
3133.png,35
3133.png,31
3133.png,39
3133.png,0
3133.png,37
3133.png,22
3133.png,75
3133.png,55
3133.png,41
3133.png,72
3134.png,64
3134.png,12
3134.png,73
3134.png,50
3134.png,7
3134.png,33
3134.png,65
3134.png,37
3134.png,50
3134.png,8
3135.png,74
3135.png,69
3135.png,61
3135.png,32
3135.png,100
3135.png,71
3135.png,66
3135.png,76
3135.png,9
3135.png,72
3136.png,28
3136.png,80
3136.png,0
3136.png,68
3136.png,54
3136.png,77
3136.png,97
3136.png,29
3136.png,37
3136.png,46
3137.png,60
3137.png,44
3137.png,29
3137.png,31
3137.png,0
3137.png,24
3137.png,89
3137.png,56
3137.png,30
3137.png,31
3138.png,75
3138.png,75
3138.png,37
3138.png,76
3138.png,75
3138.png,83
3138.png,58
3138.png,100
3138.png,66
3138.png,24
3139.png,3
3139.png,50
3139.png,0
3139.png,22
3139.png,6
3139.png,0
3139.png,5
3139.png,9
3139.png,60
3139.png,0
3140.png,55
3140.png,65
3140.png,23
3140.png,58
3140.png,41
3140.png,65
3140.png,75
3140.png,24
3140.png,96
3140.png,55
3141.png,69
3141.png,18
3141.png,55
3141.png,79
3141.png,100
3141.png,25
3141.png,61
3141.png,60
3141.png,64
3141.png,100
3142.png,24
3142.png,50
3142.png,16
3142.png,24
3142.png,21
3142.png,32
3142.png,0
3142.png,24
3142.png,52
3142.png,25
3143.png,14
3143.png,23
3143.png,42
3143.png,11
3143.png,15
3143.png,37
3143.png,17
3143.png,33
3143.png,50
3143.png,78
3144.png,66
3144.png,75
3144.png,84
3144.png,65
3144.png,63
3144.png,100
3144.png,100
3144.png,74
3144.png,84
3144.png,17
3145.png,94
3145.png,34
3145.png,100
3145.png,96
3145.png,100
3145.png,100
3145.png,100
3145.png,92
3145.png,75
3145.png,70
3146.png,100
3146.png,100
3146.png,36
3146.png,12
3146.png,86
3146.png,21
3146.png,67
3146.png,50
3146.png,21
3146.png,37
3147.png,22
3147.png,25
3147.png,74
3147.png,59
3147.png,52
3147.png,23
3147.png,69
3147.png,0
3147.png,97
3147.png,62
3148.png,86
3148.png,56
3148.png,95
3148.png,15
3148.png,60
3148.png,10
3148.png,74
3148.png,73
3148.png,24
3148.png,83
3149.png,80
3149.png,73
3149.png,62
3149.png,64
3149.png,100
3149.png,29
3149.png,82
3149.png,81
3149.png,66
3149.png,100
3150.png,74
3150.png,64
3150.png,15
3150.png,28
3150.png,46
3150.png,60
3150.png,53
3150.png,67
3150.png,53
3150.png,3
3151.png,25
3151.png,4
3151.png,0
3151.png,60
3151.png,50
3151.png,44
3151.png,75
3151.png,12
3151.png,70
3151.png,40
3152.png,36
3152.png,75
3152.png,0
3152.png,60
3152.png,100
3152.png,24
3152.png,20
3152.png,88
3152.png,36
3152.png,26
3153.png,58
3153.png,85
3153.png,98
3153.png,68
3153.png,38
3153.png,24
3153.png,68
3153.png,63
3153.png,100
3153.png,65
3154.png,16
3154.png,0
3154.png,65
3154.png,0
3154.png,35
3154.png,40
3154.png,24
3154.png,16
3154.png,36
3154.png,37
3155.png,100
3155.png,66
3155.png,58
3155.png,100
3155.png,81
3155.png,75
3155.png,67
3155.png,94
3155.png,62
3155.png,87
3156.png,74
3156.png,62
3156.png,59
3156.png,32
3156.png,76
3156.png,86
3156.png,66
3156.png,50
3156.png,100
3156.png,35
3157.png,14
3157.png,3
3157.png,13
3157.png,26
3157.png,15
3157.png,15
3157.png,2
3157.png,31
3157.png,59
3157.png,30
3158.png,100
3158.png,76
3158.png,75
3158.png,73
3158.png,100
3158.png,70
3158.png,77
3158.png,89
3158.png,76
3158.png,68
3159.png,0
3159.png,33
3159.png,3
3159.png,0
3159.png,0
3159.png,2
3159.png,0
3159.png,65
3159.png,7
3159.png,16
3160.png,39
3160.png,100
3160.png,100
3160.png,59
3160.png,50
3160.png,68
3160.png,33
3160.png,59
3160.png,78
3160.png,75
3161.png,5
3161.png,21
3161.png,4
3161.png,55
3161.png,59
3161.png,11
3161.png,74
3161.png,58
3161.png,63
3161.png,57
3162.png,74
3162.png,91
3162.png,83
3162.png,92
3162.png,12
3162.png,53
3162.png,84
3162.png,77
3162.png,100
3162.png,75
3163.png,39
3163.png,21
3163.png,33
3163.png,49
3163.png,85
3163.png,8
3163.png,100
3163.png,75
3163.png,100
3163.png,60
3164.png,99
3164.png,84
3164.png,63
3164.png,79
3164.png,57
3164.png,73
3164.png,64
3164.png,30
3164.png,17
3164.png,0
3165.png,100
3165.png,78
3165.png,61
3165.png,77
3165.png,50
3165.png,62
3165.png,100
3165.png,90
3165.png,86
3165.png,40
3166.png,75
3166.png,63
3166.png,100
3166.png,62
3166.png,64
3166.png,97
3166.png,75
3166.png,61
3166.png,57
3166.png,88
3167.png,69
3167.png,17
3167.png,13
3167.png,32
3167.png,0
3167.png,29
3167.png,56
3167.png,44
3167.png,0
3167.png,25
3168.png,1
3168.png,89
3168.png,24
3168.png,75
3168.png,55
3168.png,55
3168.png,14
3168.png,83
3168.png,71
3168.png,21
3169.png,85
3169.png,14
3169.png,70
3169.png,9
3169.png,91
3169.png,9
3169.png,24
3169.png,100
3169.png,59
3169.png,16
3170.png,88
3170.png,25
3170.png,93
3170.png,26
3170.png,75
3170.png,59
3170.png,25
3170.png,42
3170.png,65
3170.png,84
3171.png,37
3171.png,0
3171.png,75
3171.png,74
3171.png,59
3171.png,85
3171.png,81
3171.png,76
3171.png,15
3171.png,25
3172.png,0
3172.png,0
3172.png,35
3172.png,11
3172.png,26
3172.png,9
3172.png,20
3172.png,33
3172.png,34
3172.png,22
3173.png,41
3173.png,19
3173.png,25
3173.png,74
3173.png,85
3173.png,54
3173.png,34
3173.png,29
3173.png,0
3173.png,54
3174.png,42
3174.png,75
3174.png,79
3174.png,89
3174.png,67
3174.png,100
3174.png,67
3174.png,75
3174.png,90
3174.png,100
3175.png,69
3175.png,18
3175.png,86
3175.png,75
3175.png,15
3175.png,67
3175.png,51
3175.png,100
3175.png,74
3175.png,79
3176.png,10
3176.png,77
3176.png,67
3176.png,10
3176.png,50
3176.png,75
3176.png,87
3176.png,63
3176.png,49
3176.png,51
3177.png,15
3177.png,67
3177.png,50
3177.png,44
3177.png,66
3177.png,59
3177.png,71
3177.png,57
3177.png,86
3177.png,95
3178.png,75
3178.png,86
3178.png,100
3178.png,56
3178.png,78
3178.png,68
3178.png,86
3178.png,66
3178.png,83
3178.png,74
3179.png,65
3179.png,63
3179.png,99
3179.png,53
3179.png,25
3179.png,75
3179.png,74
3179.png,69
3179.png,16
3179.png,70
3180.png,36
3180.png,0
3180.png,21
3180.png,59
3180.png,54
3180.png,72
3180.png,88
3180.png,17
3180.png,72
3180.png,72
3181.png,100
3181.png,83
3181.png,77
3181.png,66
3181.png,92
3181.png,99
3181.png,63
3181.png,84
3181.png,75
3181.png,75
3182.png,44
3182.png,70
3182.png,21
3182.png,0
3182.png,74
3182.png,11
3182.png,40
3182.png,31
3182.png,86
3182.png,47
3183.png,50
3183.png,24
3183.png,39
3183.png,100
3183.png,80
3183.png,73
3183.png,100
3183.png,22
3183.png,80
3183.png,65
3184.png,57
3184.png,74
3184.png,66
3184.png,61
3184.png,67
3184.png,3
3184.png,5
3184.png,62
3184.png,90
3184.png,53
3185.png,78
3185.png,18
3185.png,20
3185.png,62
3185.png,18
3185.png,55
3185.png,25
3185.png,67
3185.png,65
3185.png,100
3186.png,39
3186.png,14
3186.png,63
3186.png,40
3186.png,96
3186.png,75
3186.png,23
3186.png,76
3186.png,33
3186.png,55
3187.png,35
3187.png,10
3187.png,30
3187.png,19
3187.png,40
3187.png,9
3187.png,15
3187.png,25
3187.png,23
3187.png,12
3188.png,80
3188.png,14
3188.png,100
3188.png,100
3188.png,82
3188.png,57
3188.png,74
3188.png,65
3188.png,90
3188.png,100
3189.png,24
3189.png,32
3189.png,75
3189.png,53
3189.png,65
3189.png,54
3189.png,43
3189.png,87
3189.png,10
3189.png,20
3190.png,57
3190.png,69
3190.png,37
3190.png,43
3190.png,59
3190.png,17
3190.png,23
3190.png,56
3190.png,65
3190.png,46
3191.png,100
3191.png,72
3191.png,57
3191.png,74
3191.png,74
3191.png,40
3191.png,84
3191.png,38
3191.png,59
3191.png,85
3192.png,100
3192.png,69
3192.png,94
3192.png,88
3192.png,100
3192.png,95
3192.png,100
3192.png,95
3192.png,76
3192.png,76
3193.png,75
3193.png,100
3193.png,46
3193.png,60
3193.png,46
3193.png,86
3193.png,77
3193.png,62
3193.png,94
3193.png,65
3194.png,50
3194.png,49
3194.png,25
3194.png,62
3194.png,64
3194.png,59
3194.png,66
3194.png,39
3194.png,38
3194.png,32
3195.png,23
3195.png,18
3195.png,82
3195.png,15
3195.png,43
3195.png,52
3195.png,9
3195.png,28
3195.png,66
3195.png,60
3196.png,4
3196.png,0
3196.png,8
3196.png,14
3196.png,24
3196.png,0
3196.png,6
3196.png,23
3196.png,23
3196.png,8
3197.png,76
3197.png,100
3197.png,88
3197.png,17
3197.png,71
3197.png,79
3197.png,88
3197.png,100
3197.png,100
3197.png,85
3198.png,14
3198.png,95
3198.png,92
3198.png,74
3198.png,0
3198.png,27
3198.png,8
3198.png,42
3198.png,61
3198.png,51
3199.png,21
3199.png,35
3199.png,0
3199.png,36
3199.png,100
3199.png,11
3199.png,12
3199.png,50
3199.png,86
3199.png,28
3200.png,81
3200.png,99
3200.png,87
3200.png,62
3200.png,85
3200.png,84
3200.png,67
3200.png,100
3200.png,65
3200.png,86
3201.png,51
3201.png,5
3201.png,63
3201.png,57
3201.png,35
3201.png,19
3201.png,27
3201.png,8
3201.png,16
3201.png,40
3202.png,30
3202.png,25
3202.png,40
3202.png,72
3202.png,13
3202.png,24
3202.png,16
3202.png,57
3202.png,19
3202.png,13
3203.png,50
3203.png,32
3203.png,56
3203.png,24
3203.png,25
3203.png,55
3203.png,32
3203.png,45
3203.png,10
3203.png,49
3204.png,91
3204.png,100
3204.png,72
3204.png,85
3204.png,67
3204.png,75
3204.png,100
3204.png,100
3204.png,86
3204.png,54
3205.png,84
3205.png,100
3205.png,88
3205.png,44
3205.png,82
3205.png,55
3205.png,69
3205.png,84
3205.png,70
3205.png,77
3206.png,62
3206.png,43
3206.png,93
3206.png,46
3206.png,67
3206.png,84
3206.png,51
3206.png,70
3206.png,76
3206.png,70
3207.png,89
3207.png,99
3207.png,86
3207.png,86
3207.png,100
3207.png,59
3207.png,74
3207.png,85
3207.png,65
3207.png,76
3208.png,100
3208.png,74
3208.png,89
3208.png,97
3208.png,100
3208.png,92
3208.png,63
3208.png,82
3208.png,100
3208.png,75
3209.png,52
3209.png,0
3209.png,40
3209.png,27
3209.png,14
3209.png,36
3209.png,47
3209.png,86
3209.png,49
3209.png,99
3210.png,2
3210.png,54
3210.png,56
3210.png,42
3210.png,42
3210.png,84
3210.png,24
3210.png,36
3210.png,61
3210.png,60
3211.png,21
3211.png,37
3211.png,49
3211.png,32
3211.png,35
3211.png,51
3211.png,22
3211.png,42
3211.png,66
3211.png,86
3212.png,41
3212.png,63
3212.png,49
3212.png,94
3212.png,75
3212.png,30
3212.png,17
3212.png,38
3212.png,24
3212.png,54
3213.png,82
3213.png,97
3213.png,100
3213.png,73
3213.png,100
3213.png,97
3213.png,62
3213.png,53
3213.png,80
3213.png,93
3214.png,98
3214.png,63
3214.png,100
3214.png,100
3214.png,100
3214.png,100
3214.png,76
3214.png,97
3214.png,69
3214.png,100
3215.png,35
3215.png,17
3215.png,23
3215.png,46
3215.png,23
3215.png,8
3215.png,32
3215.png,23
3215.png,36
3215.png,34
3216.png,64
3216.png,36
3216.png,34
3216.png,50
3216.png,39
3216.png,57
3216.png,100
3216.png,24
3216.png,26
3216.png,26
3217.png,49
3217.png,24
3217.png,24
3217.png,32
3217.png,0
3217.png,28
3217.png,25
3217.png,26
3217.png,38
3217.png,31
3218.png,68
3218.png,26
3218.png,100
3218.png,85
3218.png,57
3218.png,72
3218.png,76
3218.png,68
3218.png,100
3218.png,86
3219.png,67
3219.png,67
3219.png,84
3219.png,77
3219.png,64
3219.png,94
3219.png,95
3219.png,92
3219.png,97
3219.png,65
3220.png,100
3220.png,18
3220.png,100
3220.png,91
3220.png,97
3220.png,64
3220.png,68
3220.png,71
3220.png,68
3220.png,84
3221.png,33
3221.png,19
3221.png,34
3221.png,24
3221.png,0
3221.png,42
3221.png,42
3221.png,25
3221.png,46
3221.png,25
3222.png,84
3222.png,60
3222.png,86
3222.png,100
3222.png,100
3222.png,100
3222.png,97
3222.png,67
3222.png,89
3222.png,75
3223.png,40
3223.png,23
3223.png,45
3223.png,27
3223.png,12
3223.png,35
3223.png,11
3223.png,0
3223.png,78
3223.png,41
3224.png,49
3224.png,14
3224.png,17
3224.png,0
3224.png,16
3224.png,17
3224.png,22
3224.png,42
3224.png,44
3224.png,36
3225.png,17
3225.png,59
3225.png,45
3225.png,32
3225.png,27
3225.png,64
3225.png,61
3225.png,74
3225.png,48
3225.png,43
3226.png,25
3226.png,80
3226.png,44
3226.png,52
3226.png,24
3226.png,12
3226.png,100
3226.png,32
3226.png,31
3226.png,21
3227.png,76
3227.png,70
3227.png,100
3227.png,87
3227.png,50
3227.png,72
3227.png,66
3227.png,87
3227.png,61
3227.png,37
3228.png,37
3228.png,50
3228.png,0
3228.png,20
3228.png,70
3228.png,42
3228.png,39
3228.png,78
3228.png,21
3228.png,47
3229.png,30
3229.png,94
3229.png,23
3229.png,63
3229.png,91
3229.png,24
3229.png,33
3229.png,10
3229.png,62
3229.png,57
3230.png,5
3230.png,35
3230.png,51
3230.png,23
3230.png,50
3230.png,30
3230.png,22
3230.png,37
3230.png,13
3230.png,27
3231.png,97
3231.png,90
3231.png,100
3231.png,73
3231.png,65
3231.png,100
3231.png,100
3231.png,55
3231.png,56
3231.png,84
3232.png,79
3232.png,94
3232.png,94
3232.png,77
3232.png,93
3232.png,70
3232.png,100
3232.png,91
3232.png,68
3232.png,73
3233.png,74
3233.png,100
3233.png,66
3233.png,84
3233.png,68
3233.png,94
3233.png,59
3233.png,88
3233.png,89
3233.png,48
3234.png,86
3234.png,74
3234.png,64
3234.png,56
3234.png,100
3234.png,29
3234.png,40
3234.png,49
3234.png,29
3234.png,17
3235.png,88
3235.png,60
3235.png,100
3235.png,64
3235.png,95
3235.png,29
3235.png,88
3235.png,100
3235.png,73
3235.png,85
3236.png,86
3236.png,35
3236.png,53
3236.png,22
3236.png,75
3236.png,57
3236.png,32
3236.png,68
3236.png,25
3236.png,16
3237.png,54
3237.png,85
3237.png,61
3237.png,24
3237.png,37
3237.png,83
3237.png,59
3237.png,85
3237.png,24
3237.png,53
3238.png,17
3238.png,50
3238.png,20
3238.png,41
3238.png,22
3238.png,25
3238.png,25
3238.png,12
3238.png,27
3238.png,26
3239.png,8
3239.png,50
3239.png,28
3239.png,29
3239.png,25
3239.png,14
3239.png,65
3239.png,5
3239.png,21
3239.png,0
3240.png,16
3240.png,24
3240.png,4
3240.png,23
3240.png,18
3240.png,0
3240.png,29
3240.png,29
3240.png,39
3240.png,39
3241.png,51
3241.png,50
3241.png,0
3241.png,50
3241.png,51
3241.png,8
3241.png,39
3241.png,36
3241.png,32
3241.png,25
3242.png,54
3242.png,64
3242.png,64
3242.png,100
3242.png,71
3242.png,60
3242.png,29
3242.png,76
3242.png,79
3242.png,24
3243.png,84
3243.png,24
3243.png,53
3243.png,24
3243.png,56
3243.png,24
3243.png,35
3243.png,74
3243.png,44
3243.png,25
3244.png,54
3244.png,100
3244.png,66
3244.png,92
3244.png,89
3244.png,100
3244.png,82
3244.png,51
3244.png,79
3244.png,41
3245.png,16
3245.png,35
3245.png,0
3245.png,38
3245.png,20
3245.png,39
3245.png,14
3245.png,30
3245.png,6
3245.png,0
3246.png,91
3246.png,78
3246.png,80
3246.png,67
3246.png,100
3246.png,100
3246.png,79
3246.png,100
3246.png,91
3246.png,58
3247.png,66
3247.png,67
3247.png,53
3247.png,58
3247.png,51
3247.png,75
3247.png,78
3247.png,37
3247.png,100
3247.png,50
3248.png,27
3248.png,79
3248.png,16
3248.png,28
3248.png,9
3248.png,32
3248.png,64
3248.png,54
3248.png,20
3248.png,59
3249.png,85
3249.png,75
3249.png,92
3249.png,86
3249.png,81
3249.png,53
3249.png,70
3249.png,100
3249.png,75
3249.png,90
3250.png,65
3250.png,87
3250.png,85
3250.png,88
3250.png,93
3250.png,100
3250.png,94
3250.png,82
3250.png,63
3250.png,85
3251.png,50
3251.png,39
3251.png,22
3251.png,64
3251.png,100
3251.png,61
3251.png,89
3251.png,71
3251.png,76
3251.png,62
3252.png,43
3252.png,24
3252.png,45
3252.png,50
3252.png,13
3252.png,50
3252.png,25
3252.png,36
3252.png,79
3252.png,30
3253.png,100
3253.png,53
3253.png,33
3253.png,77
3253.png,100
3253.png,66
3253.png,100
3253.png,56
3253.png,59
3253.png,34
3254.png,39
3254.png,100
3254.png,63
3254.png,74
3254.png,62
3254.png,88
3254.png,88
3254.png,100
3254.png,66
3254.png,70
3255.png,33
3255.png,15
3255.png,18
3255.png,40
3255.png,5
3255.png,16
3255.png,56
3255.png,22
3255.png,24
3255.png,50
3256.png,88
3256.png,75
3256.png,72
3256.png,51
3256.png,47
3256.png,31
3256.png,75
3256.png,59
3256.png,40
3256.png,56
3257.png,20
3257.png,50
3257.png,11
3257.png,67
3257.png,26
3257.png,100
3257.png,21
3257.png,49
3257.png,41
3257.png,74
3258.png,69
3258.png,81
3258.png,62
3258.png,100
3258.png,91
3258.png,96
3258.png,76
3258.png,76
3258.png,100
3258.png,89
3259.png,18
3259.png,25
3259.png,55
3259.png,46
3259.png,25
3259.png,28
3259.png,26
3259.png,54
3259.png,54
3259.png,78
3260.png,83
3260.png,100
3260.png,86
3260.png,100
3260.png,81
3260.png,100
3260.png,81
3260.png,61
3260.png,67
3260.png,89
3261.png,91
3261.png,36
3261.png,40
3261.png,100
3261.png,68
3261.png,28
3261.png,59
3261.png,65
3261.png,25
3261.png,20
3262.png,10
3262.png,1
3262.png,0
3262.png,16
3262.png,54
3262.png,0
3262.png,0
3262.png,20
3262.png,0
3262.png,10
3263.png,75
3263.png,95
3263.png,32
3263.png,57
3263.png,55
3263.png,64
3263.png,86
3263.png,83
3263.png,79
3263.png,100
3264.png,89
3264.png,87
3264.png,55
3264.png,84
3264.png,33
3264.png,74
3264.png,100
3264.png,38
3264.png,28
3264.png,100
3265.png,85
3265.png,75
3265.png,32
3265.png,93
3265.png,38
3265.png,24
3265.png,33
3265.png,47
3265.png,75
3265.png,50
3266.png,16
3266.png,2
3266.png,9
3266.png,27
3266.png,0
3266.png,1
3266.png,2
3266.png,46
3266.png,17
3266.png,12
3267.png,27
3267.png,38
3267.png,64
3267.png,77
3267.png,62
3267.png,56
3267.png,71
3267.png,50
3267.png,55
3267.png,72
3268.png,50
3268.png,9
3268.png,42
3268.png,5
3268.png,43
3268.png,20
3268.png,29
3268.png,37
3268.png,13
3268.png,33
3269.png,48
3269.png,60
3269.png,66
3269.png,50
3269.png,76
3269.png,63
3269.png,31
3269.png,76
3269.png,70
3269.png,25
3270.png,25
3270.png,11
3270.png,51
3270.png,17
3270.png,28
3270.png,29
3270.png,56
3270.png,14
3270.png,34
3270.png,15
3271.png,24
3271.png,25
3271.png,43
3271.png,52
3271.png,31
3271.png,21
3271.png,25
3271.png,87
3271.png,92
3271.png,34
3272.png,73
3272.png,76
3272.png,50
3272.png,17
3272.png,37
3272.png,24
3272.png,47
3272.png,19
3272.png,16
3272.png,10
3273.png,15
3273.png,69
3273.png,42
3273.png,47
3273.png,23
3273.png,76
3273.png,60
3273.png,86
3273.png,49
3273.png,90
3274.png,50
3274.png,4
3274.png,49
3274.png,61
3274.png,32
3274.png,18
3274.png,9
3274.png,38
3274.png,18
3274.png,16
3275.png,65
3275.png,25
3275.png,100
3275.png,76
3275.png,55
3275.png,53
3275.png,75
3275.png,75
3275.png,57
3275.png,79
3276.png,88
3276.png,40
3276.png,23
3276.png,43
3276.png,36
3276.png,81
3276.png,32
3276.png,51
3276.png,13
3276.png,25
3277.png,71
3277.png,60
3277.png,25
3277.png,88
3277.png,67
3277.png,23
3277.png,41
3277.png,100
3277.png,34
3277.png,24
3278.png,53
3278.png,38
3278.png,68
3278.png,88
3278.png,61
3278.png,24
3278.png,40
3278.png,11
3278.png,86
3278.png,56
3279.png,9
3279.png,20
3279.png,0
3279.png,30
3279.png,34
3279.png,30
3279.png,18
3279.png,16
3279.png,15
3279.png,0
3280.png,83
3280.png,16
3280.png,61
3280.png,85
3280.png,81
3280.png,88
3280.png,82
3280.png,67
3280.png,53
3280.png,100
3281.png,58
3281.png,41
3281.png,16
3281.png,25
3281.png,44
3281.png,21
3281.png,40
3281.png,0
3281.png,0
3281.png,23
3282.png,0
3282.png,0
3282.png,23
3282.png,0
3282.png,13
3282.png,14
3282.png,5
3282.png,11
3282.png,0
3282.png,5
3283.png,92
3283.png,87
3283.png,24
3283.png,84
3283.png,74
3283.png,90
3283.png,43
3283.png,92
3283.png,59
3283.png,100
3284.png,45
3284.png,25
3284.png,38
3284.png,44
3284.png,38
3284.png,75
3284.png,40
3284.png,24
3284.png,19
3284.png,50
3285.png,25
3285.png,66
3285.png,0
3285.png,13
3285.png,12
3285.png,50
3285.png,25
3285.png,24
3285.png,68
3285.png,1
3286.png,36
3286.png,16
3286.png,29
3286.png,48
3286.png,25
3286.png,56
3286.png,20
3286.png,36
3286.png,66
3286.png,67
3287.png,45
3287.png,31
3287.png,73
3287.png,78
3287.png,42
3287.png,58
3287.png,57
3287.png,27
3287.png,18
3287.png,80
3288.png,53
3288.png,78
3288.png,76
3288.png,100
3288.png,85
3288.png,22
3288.png,75
3288.png,53
3288.png,76
3288.png,76
3289.png,51
3289.png,90
3289.png,62
3289.png,44
3289.png,74
3289.png,30
3289.png,61
3289.png,74
3289.png,73
3289.png,90
3290.png,100
3290.png,76
3290.png,93
3290.png,100
3290.png,65
3290.png,88
3290.png,52
3290.png,39
3290.png,60
3290.png,78
3291.png,72
3291.png,79
3291.png,54
3291.png,28
3291.png,74
3291.png,79
3291.png,80
3291.png,13
3291.png,84
3291.png,75
3292.png,93
3292.png,65
3292.png,48
3292.png,76
3292.png,92
3292.png,100
3292.png,34
3292.png,81
3292.png,37
3292.png,56
3293.png,49
3293.png,61
3293.png,69
3293.png,0
3293.png,79
3293.png,41
3293.png,18
3293.png,50
3293.png,28
3293.png,56
3294.png,26
3294.png,12
3294.png,43
3294.png,0
3294.png,14
3294.png,7
3294.png,11
3294.png,21
3294.png,36
3294.png,22
3295.png,82
3295.png,84
3295.png,40
3295.png,94
3295.png,84
3295.png,87
3295.png,76
3295.png,100
3295.png,59
3295.png,92
3296.png,84
3296.png,95
3296.png,66
3296.png,89
3296.png,57
3296.png,69
3296.png,94
3296.png,72
3296.png,46
3296.png,24
3297.png,3
3297.png,14
3297.png,0
3297.png,0
3297.png,26
3297.png,10
3297.png,0
3297.png,30
3297.png,23
3297.png,12
3298.png,30
3298.png,19
3298.png,11
3298.png,50
3298.png,12
3298.png,32
3298.png,1
3298.png,41
3298.png,43
3298.png,33
3299.png,100
3299.png,88
3299.png,65
3299.png,81
3299.png,97
3299.png,74
3299.png,81
3299.png,100
3299.png,92
3299.png,68
3300.png,27
3300.png,19
3300.png,38
3300.png,5
3300.png,27
3300.png,37
3300.png,44
3300.png,50
3300.png,21
3300.png,63
3301.png,46
3301.png,9
3301.png,23
3301.png,40
3301.png,29
3301.png,24
3301.png,50
3301.png,33
3301.png,26
3301.png,100
3302.png,50
3302.png,72
3302.png,29
3302.png,51
3302.png,0
3302.png,34
3302.png,12
3302.png,26
3302.png,50
3302.png,18
3303.png,33
3303.png,83
3303.png,67
3303.png,25
3303.png,63
3303.png,54
3303.png,65
3303.png,38
3303.png,89
3303.png,100
3304.png,63
3304.png,60
3304.png,74
3304.png,100
3304.png,83
3304.png,100
3304.png,23
3304.png,76
3304.png,81
3304.png,90
3305.png,39
3305.png,95
3305.png,1
3305.png,87
3305.png,35
3305.png,36
3305.png,69
3305.png,52
3305.png,30
3305.png,52
3306.png,12
3306.png,10
3306.png,24
3306.png,6
3306.png,0
3306.png,17
3306.png,26
3306.png,4
3306.png,0
3306.png,0
3307.png,7
3307.png,28
3307.png,32
3307.png,10
3307.png,19
3307.png,0
3307.png,8
3307.png,40
3307.png,35
3307.png,6
3308.png,16
3308.png,11
3308.png,42
3308.png,0
3308.png,11
3308.png,30
3308.png,15
3308.png,25
3308.png,25
3308.png,40
3309.png,87
3309.png,57
3309.png,92
3309.png,78
3309.png,100
3309.png,66
3309.png,100
3309.png,81
3309.png,57
3309.png,0
3310.png,25
3310.png,39
3310.png,24
3310.png,33
3310.png,50
3310.png,34
3310.png,12
3310.png,91
3310.png,62
3310.png,40
3311.png,18
3311.png,23
3311.png,0
3311.png,25
3311.png,9
3311.png,6
3311.png,8
3311.png,36
3311.png,38
3311.png,17
3312.png,27
3312.png,6
3312.png,9
3312.png,30
3312.png,21
3312.png,0
3312.png,29
3312.png,31
3312.png,50
3312.png,23
3313.png,100
3313.png,100
3313.png,100
3313.png,99
3313.png,58
3313.png,63
3313.png,76
3313.png,83
3313.png,63
3313.png,98
3314.png,75
3314.png,82
3314.png,18
3314.png,89
3314.png,60
3314.png,60
3314.png,48
3314.png,59
3314.png,35
3314.png,63
3315.png,88
3315.png,62
3315.png,56
3315.png,67
3315.png,60
3315.png,91
3315.png,90
3315.png,95
3315.png,88
3315.png,86
3316.png,14
3316.png,24
3316.png,3
3316.png,51
3316.png,29
3316.png,40
3316.png,17
3316.png,76
3316.png,1
3316.png,42
3317.png,42
3317.png,38
3317.png,40
3317.png,76
3317.png,64
3317.png,10
3317.png,50
3317.png,14
3317.png,25
3317.png,61
3318.png,83
3318.png,58
3318.png,76
3318.png,57
3318.png,42
3318.png,100
3318.png,55
3318.png,77
3318.png,75
3318.png,66
3319.png,58
3319.png,100
3319.png,82
3319.png,62
3319.png,100
3319.png,38
3319.png,65
3319.png,100
3319.png,88
3319.png,86
3320.png,48
3320.png,96
3320.png,66
3320.png,100
3320.png,74
3320.png,100
3320.png,83
3320.png,81
3320.png,73
3320.png,100
3321.png,35
3321.png,62
3321.png,24
3321.png,40
3321.png,50
3321.png,25
3321.png,7
3321.png,22
3321.png,24
3321.png,24
3322.png,25
3322.png,37
3322.png,37
3322.png,74
3322.png,81
3322.png,31
3322.png,35
3322.png,59
3322.png,27
3322.png,46
3323.png,88
3323.png,43
3323.png,32
3323.png,50
3323.png,27
3323.png,36
3323.png,23
3323.png,98
3323.png,19
3323.png,39
3324.png,100
3324.png,78
3324.png,69
3324.png,29
3324.png,82
3324.png,34
3324.png,94
3324.png,53
3324.png,66
3324.png,95
3325.png,18
3325.png,25
3325.png,36
3325.png,0
3325.png,45
3325.png,38
3325.png,39
3325.png,43
3325.png,34
3325.png,76
3326.png,90
3326.png,66
3326.png,73
3326.png,85
3326.png,90
3326.png,75
3326.png,57
3326.png,59
3326.png,77
3326.png,100
3327.png,79
3327.png,76
3327.png,79
3327.png,77
3327.png,53
3327.png,100
3327.png,100
3327.png,81
3327.png,81
3327.png,74
3328.png,25
3328.png,0
3328.png,16
3328.png,36
3328.png,26
3328.png,2
3328.png,18
3328.png,9
3328.png,34
3328.png,19
3329.png,78
3329.png,63
3329.png,86
3329.png,35
3329.png,67
3329.png,100
3329.png,3
3329.png,16
3329.png,45
3329.png,44
3330.png,22
3330.png,14
3330.png,0
3330.png,24
3330.png,59
3330.png,29
3330.png,11
3330.png,12
3330.png,29
3330.png,1
3331.png,76
3331.png,48
3331.png,25
3331.png,87
3331.png,24
3331.png,52
3331.png,25
3331.png,42
3331.png,79
3331.png,42
3332.png,37
3332.png,37
3332.png,90
3332.png,75
3332.png,75
3332.png,44
3332.png,69
3332.png,76
3332.png,55
3332.png,36
3333.png,29
3333.png,9
3333.png,32
3333.png,34
3333.png,75
3333.png,94
3333.png,66
3333.png,54
3333.png,49
3333.png,59
3334.png,65
3334.png,45
3334.png,85
3334.png,26
3334.png,23
3334.png,59
3334.png,25
3334.png,50
3334.png,21
3334.png,40
3335.png,53
3335.png,75
3335.png,9
3335.png,93
3335.png,25
3335.png,28
3335.png,80
3335.png,42
3335.png,14
3335.png,38
3336.png,69
3336.png,75
3336.png,83
3336.png,100
3336.png,61
3336.png,89
3336.png,100
3336.png,100
3336.png,56
3336.png,100
3337.png,100
3337.png,100
3337.png,78
3337.png,96
3337.png,46
3337.png,100
3337.png,90
3337.png,63
3337.png,99
3337.png,100
3338.png,30
3338.png,19
3338.png,25
3338.png,8
3338.png,90
3338.png,35
3338.png,15
3338.png,25
3338.png,14
3338.png,28
3339.png,96
3339.png,100
3339.png,88
3339.png,79
3339.png,100
3339.png,100
3339.png,100
3339.png,83
3339.png,65
3339.png,20
3340.png,91
3340.png,0
3340.png,60
3340.png,81
3340.png,58
3340.png,31
3340.png,18
3340.png,73
3340.png,100
3340.png,56
3341.png,85
3341.png,100
3341.png,85
3341.png,35
3341.png,89
3341.png,66
3341.png,62
3341.png,61
3341.png,100
3341.png,75
3342.png,88
3342.png,37
3342.png,96
3342.png,85
3342.png,26
3342.png,67
3342.png,100
3342.png,62
3342.png,23
3342.png,56
3343.png,100
3343.png,42
3343.png,69
3343.png,100
3343.png,96
3343.png,99
3343.png,86
3343.png,54
3343.png,100
3343.png,100
3344.png,0
3344.png,23
3344.png,6
3344.png,22
3344.png,17
3344.png,12
3344.png,8
3344.png,13
3344.png,6
3344.png,15
3345.png,53
3345.png,100
3345.png,6
3345.png,44
3345.png,97
3345.png,16
3345.png,74
3345.png,81
3345.png,24
3345.png,76
3346.png,100
3346.png,49
3346.png,25
3346.png,42
3346.png,63
3346.png,89
3346.png,55
3346.png,6
3346.png,74
3346.png,98
3347.png,91
3347.png,78
3347.png,100
3347.png,80
3347.png,100
3347.png,100
3347.png,100
3347.png,73
3347.png,100
3347.png,62
3348.png,31
3348.png,95
3348.png,75
3348.png,55
3348.png,47
3348.png,35
3348.png,85
3348.png,89
3348.png,69
3348.png,10
3349.png,95
3349.png,99
3349.png,100
3349.png,78
3349.png,100
3349.png,96
3349.png,96
3349.png,100
3349.png,100
3349.png,100
3350.png,93
3350.png,100
3350.png,100
3350.png,98
3350.png,68
3350.png,75
3350.png,100
3350.png,100
3350.png,98
3350.png,58
3351.png,69
3351.png,7
3351.png,4
3351.png,9
3351.png,0
3351.png,25
3351.png,18
3351.png,21
3351.png,9
3351.png,20
3352.png,39
3352.png,27
3352.png,92
3352.png,8
3352.png,75
3352.png,91
3352.png,75
3352.png,95
3352.png,38
3352.png,10
3353.png,14
3353.png,25
3353.png,24
3353.png,0
3353.png,21
3353.png,16
3353.png,96
3353.png,33
3353.png,85
3353.png,36
3354.png,100
3354.png,45
3354.png,98
3354.png,100
3354.png,81
3354.png,79
3354.png,94
3354.png,60
3354.png,100
3354.png,75
3355.png,74
3355.png,42
3355.png,48
3355.png,79
3355.png,100
3355.png,60
3355.png,54
3355.png,96
3355.png,37
3355.png,30
3356.png,18
3356.png,25
3356.png,55
3356.png,49
3356.png,63
3356.png,7
3356.png,88
3356.png,24
3356.png,92
3356.png,71
3357.png,52
3357.png,43
3357.png,66
3357.png,100
3357.png,96
3357.png,63
3357.png,53
3357.png,55
3357.png,100
3357.png,64
3358.png,100
3358.png,74
3358.png,94
3358.png,90
3358.png,100
3358.png,100
3358.png,100
3358.png,100
3358.png,58
3358.png,100
3359.png,69
3359.png,100
3359.png,56
3359.png,85
3359.png,38
3359.png,98
3359.png,100
3359.png,64
3359.png,100
3359.png,63
3360.png,21
3360.png,4
3360.png,20
3360.png,0
3360.png,12
3360.png,0
3360.png,6
3360.png,3
3360.png,2
3360.png,76
3361.png,60
3361.png,100
3361.png,83
3361.png,79
3361.png,100
3361.png,100
3361.png,93
3361.png,28
3361.png,100
3361.png,67
3362.png,29
3362.png,90
3362.png,0
3362.png,60
3362.png,92
3362.png,27
3362.png,92
3362.png,59
3362.png,18
3362.png,82
3363.png,50
3363.png,96
3363.png,28
3363.png,10
3363.png,56
3363.png,12
3363.png,86
3363.png,11
3363.png,74
3363.png,33
3364.png,46
3364.png,70
3364.png,85
3364.png,95
3364.png,62
3364.png,100
3364.png,63
3364.png,40
3364.png,96
3364.png,61
3365.png,83
3365.png,100
3365.png,75
3365.png,100
3365.png,79
3365.png,96
3365.png,99
3365.png,100
3365.png,75
3365.png,100
3366.png,19
3366.png,99
3366.png,27
3366.png,29
3366.png,25
3366.png,13
3366.png,38
3366.png,87
3366.png,79
3366.png,96
3367.png,25
3367.png,75
3367.png,51
3367.png,14
3367.png,91
3367.png,75
3367.png,74
3367.png,100
3367.png,28
3367.png,37
3368.png,34
3368.png,73
3368.png,100
3368.png,65
3368.png,56
3368.png,34
3368.png,75
3368.png,92
3368.png,21
3368.png,47
3369.png,78
3369.png,87
3369.png,100
3369.png,89
3369.png,100
3369.png,100
3369.png,100
3369.png,100
3369.png,56
3369.png,98
3370.png,99
3370.png,41
3370.png,97
3370.png,74
3370.png,32
3370.png,74
3370.png,86
3370.png,25
3370.png,80
3370.png,74
3371.png,25
3371.png,10
3371.png,20
3371.png,5
3371.png,20
3371.png,0
3371.png,0
3371.png,32
3371.png,7
3371.png,38
3372.png,100
3372.png,74
3372.png,99
3372.png,58
3372.png,51
3372.png,29
3372.png,100
3372.png,74
3372.png,84
3372.png,100
3373.png,54
3373.png,63
3373.png,15
3373.png,23
3373.png,62
3373.png,85
3373.png,14
3373.png,4
3373.png,100
3373.png,98
3374.png,63
3374.png,4
3374.png,31
3374.png,36
3374.png,0
3374.png,73
3374.png,30
3374.png,60
3374.png,100
3374.png,6
3375.png,77
3375.png,61
3375.png,100
3375.png,89
3375.png,100
3375.png,96
3375.png,99
3375.png,100
3375.png,57
3375.png,74
3376.png,98
3376.png,48
3376.png,10
3376.png,100
3376.png,54
3376.png,59
3376.png,84
3376.png,42
3376.png,74
3376.png,30
3377.png,71
3377.png,100
3377.png,100
3377.png,100
3377.png,100
3377.png,55
3377.png,100
3377.png,99
3377.png,67
3377.png,100
3378.png,67
3378.png,63
3378.png,23
3378.png,0
3378.png,81
3378.png,75
3378.png,70
3378.png,96
3378.png,42
3378.png,13
3379.png,41
3379.png,97
3379.png,26
3379.png,60
3379.png,96
3379.png,48
3379.png,23
3379.png,65
3379.png,0
3379.png,7
3380.png,63
3380.png,70
3380.png,60
3380.png,8
3380.png,92
3380.png,26
3380.png,14
3380.png,60
3380.png,26
3380.png,25
3381.png,4
3381.png,46
3381.png,5
3381.png,0
3381.png,0
3381.png,14
3381.png,5
3381.png,12
3381.png,0
3381.png,0
3382.png,90
3382.png,61
3382.png,90
3382.png,96
3382.png,84
3382.png,86
3382.png,100
3382.png,56
3382.png,89
3382.png,67
3383.png,22
3383.png,24
3383.png,3
3383.png,18
3383.png,6
3383.png,14
3383.png,0
3383.png,36
3383.png,21
3383.png,17
3384.png,60
3384.png,83
3384.png,23
3384.png,23
3384.png,15
3384.png,0
3384.png,32
3384.png,27
3384.png,58
3384.png,14
3385.png,25
3385.png,31
3385.png,10
3385.png,4
3385.png,8
3385.png,8
3385.png,35
3385.png,5
3385.png,9
3385.png,17
3386.png,100
3386.png,56
3386.png,91
3386.png,19
3386.png,24
3386.png,7
3386.png,23
3386.png,25
3386.png,19
3386.png,21
3387.png,0
3387.png,41
3387.png,32
3387.png,12
3387.png,4
3387.png,37
3387.png,42
3387.png,0
3387.png,9
3387.png,5
3388.png,99
3388.png,54
3388.png,100
3388.png,100
3388.png,79
3388.png,100
3388.png,100
3388.png,100
3388.png,80
3388.png,99
3389.png,21
3389.png,25
3389.png,54
3389.png,80
3389.png,35
3389.png,88
3389.png,43
3389.png,96
3389.png,17
3389.png,22
3390.png,25
3390.png,13
3390.png,29
3390.png,59
3390.png,25
3390.png,82
3390.png,51
3390.png,8
3390.png,61
3390.png,84
3391.png,41
3391.png,98
3391.png,58
3391.png,37
3391.png,96
3391.png,84
3391.png,75
3391.png,60
3391.png,100
3391.png,31
3392.png,5
3392.png,0
3392.png,17
3392.png,97
3392.png,17
3392.png,89
3392.png,17
3392.png,17
3392.png,17
3392.png,37
3393.png,21
3393.png,63
3393.png,99
3393.png,82
3393.png,51
3393.png,66
3393.png,35
3393.png,100
3393.png,43
3393.png,64
3394.png,48
3394.png,100
3394.png,42
3394.png,66
3394.png,74
3394.png,60
3394.png,42
3394.png,40
3394.png,50
3394.png,50
3395.png,90
3395.png,100
3395.png,66
3395.png,91
3395.png,85
3395.png,13
3395.png,76
3395.png,66
3395.png,18
3395.png,25
3396.png,100
3396.png,45
3396.png,98
3396.png,98
3396.png,100
3396.png,100
3396.png,85
3396.png,65
3396.png,100
3396.png,93
3397.png,18
3397.png,21
3397.png,4
3397.png,30
3397.png,14
3397.png,32
3397.png,2
3397.png,7
3397.png,15
3397.png,21
3398.png,40
3398.png,36
3398.png,98
3398.png,87
3398.png,85
3398.png,83
3398.png,18
3398.png,17
3398.png,58
3398.png,100
3399.png,84
3399.png,88
3399.png,67
3399.png,90
3399.png,81
3399.png,95
3399.png,87
3399.png,28
3399.png,75
3399.png,90
3400.png,10
3400.png,36
3400.png,18
3400.png,8
3400.png,7
3400.png,33
3400.png,81
3400.png,63
3400.png,24
3400.png,13
3401.png,60
3401.png,68
3401.png,8
3401.png,100
3401.png,61
3401.png,74
3401.png,40
3401.png,0
3401.png,37
3401.png,0
3402.png,100
3402.png,54
3402.png,57
3402.png,76
3402.png,13
3402.png,63
3402.png,37
3402.png,41
3402.png,20
3402.png,75
3403.png,85
3403.png,100
3403.png,50
3403.png,94
3403.png,99
3403.png,75
3403.png,100
3403.png,100
3403.png,63
3403.png,54
3404.png,88
3404.png,38
3404.png,58
3404.png,64
3404.png,100
3404.png,100
3404.png,34
3404.png,95
3404.png,56
3404.png,69
3405.png,100
3405.png,100
3405.png,76
3405.png,64
3405.png,96
3405.png,69
3405.png,100
3405.png,59
3405.png,100
3405.png,59
3406.png,64
3406.png,100
3406.png,100
3406.png,62
3406.png,85
3406.png,54
3406.png,70
3406.png,20
3406.png,82
3406.png,100
3407.png,13
3407.png,41
3407.png,10
3407.png,88
3407.png,40
3407.png,0
3407.png,10
3407.png,5
3407.png,26
3407.png,50
3408.png,0
3408.png,100
3408.png,33
3408.png,81
3408.png,5
3408.png,2
3408.png,7
3408.png,41
3408.png,0
3408.png,0
3409.png,98
3409.png,83
3409.png,15
3409.png,80
3409.png,71
3409.png,42
3409.png,100
3409.png,65
3409.png,75
3409.png,93
3410.png,83
3410.png,75
3410.png,75
3410.png,64
3410.png,85
3410.png,43
3410.png,100
3410.png,100
3410.png,78
3410.png,69
3411.png,22
3411.png,6
3411.png,11
3411.png,25
3411.png,40
3411.png,95
3411.png,12
3411.png,50
3411.png,0
3411.png,71
3412.png,100
3412.png,97
3412.png,82
3412.png,75
3412.png,24
3412.png,100
3412.png,54
3412.png,46
3412.png,83
3412.png,42
3413.png,64
3413.png,41
3413.png,84
3413.png,0
3413.png,14
3413.png,18
3413.png,9
3413.png,28
3413.png,25
3413.png,39
3414.png,24
3414.png,100
3414.png,100
3414.png,92
3414.png,81
3414.png,44
3414.png,90
3414.png,99
3414.png,100
3414.png,30
3415.png,32
3415.png,100
3415.png,28
3415.png,100
3415.png,57
3415.png,74
3415.png,77
3415.png,93
3415.png,51
3415.png,24
3416.png,18
3416.png,90
3416.png,85
3416.png,95
3416.png,100
3416.png,100
3416.png,84
3416.png,100
3416.png,57
3416.png,36
3417.png,0
3417.png,21
3417.png,0
3417.png,40
3417.png,22
3417.png,31
3417.png,20
3417.png,28
3417.png,6
3417.png,6
3418.png,100
3418.png,24
3418.png,95
3418.png,88
3418.png,18
3418.png,55
3418.png,56
3418.png,28
3418.png,13
3418.png,63
3419.png,92
3419.png,99
3419.png,37
3419.png,85
3419.png,100
3419.png,41
3419.png,100
3419.png,61
3419.png,100
3419.png,100
3420.png,0
3420.png,99
3420.png,45
3420.png,37
3420.png,45
3420.png,12
3420.png,11
3420.png,10
3420.png,8
3420.png,36
3421.png,54
3421.png,99
3421.png,0
3421.png,13
3421.png,57
3421.png,8
3421.png,49
3421.png,23
3421.png,23
3421.png,81
3422.png,16
3422.png,0
3422.png,20
3422.png,6
3422.png,5
3422.png,50
3422.png,0
3422.png,6
3422.png,3
3422.png,14
3423.png,23
3423.png,4
3423.png,24
3423.png,50
3423.png,23
3423.png,0
3423.png,25
3423.png,23
3423.png,20
3423.png,30
3424.png,16
3424.png,38
3424.png,12
3424.png,75
3424.png,34
3424.png,38
3424.png,51
3424.png,25
3424.png,42
3424.png,25
3425.png,100
3425.png,84
3425.png,94
3425.png,93
3425.png,65
3425.png,100
3425.png,100
3425.png,92
3425.png,99
3425.png,63
3426.png,34
3426.png,79
3426.png,15
3426.png,58
3426.png,61
3426.png,8
3426.png,21
3426.png,6
3426.png,24
3426.png,61
3427.png,94
3427.png,0
3427.png,33
3427.png,0
3427.png,10
3427.png,8
3427.png,8
3427.png,23
3427.png,23
3427.png,12
3428.png,60
3428.png,92
3428.png,100
3428.png,100
3428.png,93
3428.png,100
3428.png,36
3428.png,100
3428.png,100
3428.png,98
3429.png,43
3429.png,21
3429.png,34
3429.png,24
3429.png,17
3429.png,47
3429.png,36
3429.png,81
3429.png,11
3429.png,32
3430.png,100
3430.png,100
3430.png,37
3430.png,36
3430.png,68
3430.png,60
3430.png,100
3430.png,74
3430.png,18
3430.png,100
3431.png,8
3431.png,20
3431.png,0
3431.png,8
3431.png,15
3431.png,31
3431.png,17
3431.png,1
3431.png,24
3431.png,0
3432.png,12
3432.png,22
3432.png,8
3432.png,13
3432.png,0
3432.png,67
3432.png,5
3432.png,23
3432.png,9
3432.png,0
3433.png,9
3433.png,52
3433.png,15
3433.png,96
3433.png,100
3433.png,43
3433.png,69
3433.png,97
3433.png,12
3433.png,35
3434.png,11
3434.png,27
3434.png,92
3434.png,15
3434.png,89
3434.png,63
3434.png,35
3434.png,30
3434.png,44
3434.png,16
3435.png,100
3435.png,67
3435.png,74
3435.png,100
3435.png,61
3435.png,83
3435.png,100
3435.png,58
3435.png,97
3435.png,62
3436.png,35
3436.png,11
3436.png,5
3436.png,62
3436.png,35
3436.png,0
3436.png,32
3436.png,26
3436.png,64
3436.png,81
3437.png,61
3437.png,38
3437.png,20
3437.png,4
3437.png,11
3437.png,10
3437.png,13
3437.png,25
3437.png,32
3437.png,10
3438.png,88
3438.png,15
3438.png,11
3438.png,21
3438.png,68
3438.png,25
3438.png,0
3438.png,6
3438.png,16
3438.png,13
3439.png,86
3439.png,20
3439.png,39
3439.png,70
3439.png,5
3439.png,41
3439.png,56
3439.png,8
3439.png,9
3439.png,0
3440.png,92
3440.png,25
3440.png,62
3440.png,12
3440.png,100
3440.png,99
3440.png,42
3440.png,85
3440.png,50
3440.png,86
3441.png,8
3441.png,21
3441.png,13
3441.png,5
3441.png,10
3441.png,26
3441.png,40
3441.png,23
3441.png,25
3441.png,32
3442.png,25
3442.png,45
3442.png,18
3442.png,5
3442.png,25
3442.png,18
3442.png,2
3442.png,29
3442.png,22
3442.png,75
3443.png,96
3443.png,41
3443.png,25
3443.png,23
3443.png,28
3443.png,20
3443.png,38
3443.png,8
3443.png,100
3443.png,50
3444.png,4
3444.png,16
3444.png,24
3444.png,9
3444.png,7
3444.png,0
3444.png,76
3444.png,0
3444.png,1
3444.png,11
3445.png,100
3445.png,22
3445.png,96
3445.png,100
3445.png,95
3445.png,26
3445.png,57
3445.png,88
3445.png,87
3445.png,76
3446.png,8
3446.png,10
3446.png,11
3446.png,36
3446.png,8
3446.png,95
3446.png,23
3446.png,8
3446.png,8
3446.png,81
3447.png,30
3447.png,92
3447.png,75
3447.png,60
3447.png,48
3447.png,58
3447.png,31
3447.png,84
3447.png,100
3447.png,63
3448.png,5
3448.png,29
3448.png,0
3448.png,29
3448.png,4
3448.png,0
3448.png,0
3448.png,6
3448.png,2
3448.png,0
3449.png,97
3449.png,21
3449.png,100
3449.png,75
3449.png,99
3449.png,100
3449.png,86
3449.png,84
3449.png,24
3449.png,44
3450.png,44
3450.png,100
3450.png,100
3450.png,64
3450.png,69
3450.png,95
3450.png,86
3450.png,95
3450.png,31
3450.png,73
3451.png,49
3451.png,4
3451.png,21
3451.png,21
3451.png,36
3451.png,4
3451.png,24
3451.png,24
3451.png,47
3451.png,41
3452.png,11
3452.png,0
3452.png,19
3452.png,6
3452.png,40
3452.png,25
3452.png,24
3452.png,3
3452.png,18
3452.png,18
3453.png,62
3453.png,91
3453.png,100
3453.png,84
3453.png,100
3453.png,88
3453.png,92
3453.png,100
3453.png,100
3453.png,53
3454.png,100
3454.png,100
3454.png,96
3454.png,100
3454.png,100
3454.png,54
3454.png,97
3454.png,99
3454.png,85
3454.png,79
3455.png,11
3455.png,0
3455.png,15
3455.png,26
3455.png,23
3455.png,29
3455.png,17
3455.png,0
3455.png,11
3455.png,30
3456.png,7
3456.png,30
3456.png,32
3456.png,14
3456.png,1
3456.png,4
3456.png,7
3456.png,0
3456.png,12
3456.png,13
3457.png,25
3457.png,39
3457.png,35
3457.png,86
3457.png,50
3457.png,53
3457.png,54
3457.png,35
3457.png,54
3457.png,16
3458.png,100
3458.png,28
3458.png,33
3458.png,17
3458.png,25
3458.png,15
3458.png,12
3458.png,20
3458.png,36
3458.png,22
3459.png,23
3459.png,32
3459.png,50
3459.png,85
3459.png,64
3459.png,18
3459.png,14
3459.png,63
3459.png,80
3459.png,93
3460.png,59
3460.png,100
3460.png,76
3460.png,100
3460.png,100
3460.png,64
3460.png,84
3460.png,59
3460.png,96
3460.png,55
3461.png,42
3461.png,76
3461.png,27
3461.png,30
3461.png,10
3461.png,28
3461.png,24
3461.png,34
3461.png,25
3461.png,100
3462.png,100
3462.png,66
3462.png,68
3462.png,100
3462.png,100
3462.png,75
3462.png,100
3462.png,99
3462.png,100
3462.png,27
3463.png,32
3463.png,9
3463.png,42
3463.png,81
3463.png,39
3463.png,73
3463.png,8
3463.png,0
3463.png,22
3463.png,35
3464.png,36
3464.png,61
3464.png,49
3464.png,50
3464.png,78
3464.png,62
3464.png,73
3464.png,35
3464.png,60
3464.png,9
3465.png,18
3465.png,10
3465.png,4
3465.png,10
3465.png,17
3465.png,9
3465.png,94
3465.png,0
3465.png,32
3465.png,13
3466.png,39
3466.png,40
3466.png,21
3466.png,64
3466.png,24
3466.png,38
3466.png,62
3466.png,35
3466.png,29
3466.png,7
3467.png,100
3467.png,91
3467.png,100
3467.png,100
3467.png,89
3467.png,100
3467.png,100
3467.png,84
3467.png,43
3467.png,79
3468.png,4
3468.png,65
3468.png,93
3468.png,68
3468.png,81
3468.png,23
3468.png,12
3468.png,0
3468.png,34
3468.png,91
3469.png,8
3469.png,57
3469.png,100
3469.png,54
3469.png,10
3469.png,49
3469.png,56
3469.png,46
3469.png,56
3469.png,26
3470.png,17
3470.png,1
3470.png,18
3470.png,2
3470.png,26
3470.png,14
3470.png,21
3470.png,0
3470.png,20
3470.png,7
3471.png,36
3471.png,93
3471.png,76
3471.png,25
3471.png,15
3471.png,12
3471.png,25
3471.png,60
3471.png,0
3471.png,89
3472.png,100
3472.png,80
3472.png,99
3472.png,70
3472.png,79
3472.png,75
3472.png,25
3472.png,52
3472.png,80
3472.png,72
3473.png,36
3473.png,42
3473.png,25
3473.png,24
3473.png,7
3473.png,96
3473.png,43
3473.png,0
3473.png,2
3473.png,90
3474.png,15
3474.png,0
3474.png,9
3474.png,0
3474.png,35
3474.png,4
3474.png,14
3474.png,13
3474.png,1
3474.png,14
3475.png,11
3475.png,75
3475.png,0
3475.png,20
3475.png,3
3475.png,32
3475.png,37
3475.png,16
3475.png,48
3475.png,42
3476.png,16
3476.png,51
3476.png,2
3476.png,3
3476.png,0
3476.png,23
3476.png,68
3476.png,76
3476.png,11
3476.png,31
3477.png,69
3477.png,100
3477.png,64
3477.png,100
3477.png,100
3477.png,100
3477.png,100
3477.png,100
3477.png,97
3477.png,76
3478.png,98
3478.png,63
3478.png,76
3478.png,42
3478.png,80
3478.png,91
3478.png,100
3478.png,15
3478.png,89
3478.png,26
3479.png,28
3479.png,6
3479.png,76
3479.png,22
3479.png,0
3479.png,51
3479.png,0
3479.png,0
3479.png,12
3479.png,83
3480.png,14
3480.png,2
3480.png,13
3480.png,19
3480.png,81
3480.png,56
3480.png,31
3480.png,42
3480.png,25
3480.png,35
3481.png,11
3481.png,28
3481.png,65
3481.png,1
3481.png,43
3481.png,75
3481.png,43
3481.png,38
3481.png,87
3481.png,55
3482.png,82
3482.png,86
3482.png,74
3482.png,99
3482.png,92
3482.png,63
3482.png,79
3482.png,70
3482.png,76
3482.png,86
3483.png,17
3483.png,31
3483.png,68
3483.png,57
3483.png,10
3483.png,58
3483.png,70
3483.png,17
3483.png,54
3483.png,85
3484.png,74
3484.png,81
3484.png,35
3484.png,70
3484.png,86
3484.png,38
3484.png,27
3484.png,42
3484.png,2
3484.png,85
3485.png,35
3485.png,4
3485.png,46
3485.png,0
3485.png,87
3485.png,63
3485.png,7
3485.png,33
3485.png,26
3485.png,10
3486.png,89
3486.png,82
3486.png,24
3486.png,18
3486.png,69
3486.png,22
3486.png,54
3486.png,54
3486.png,17
3486.png,90
3487.png,26
3487.png,77
3487.png,34
3487.png,44
3487.png,26
3487.png,61
3487.png,17
3487.png,79
3487.png,20
3487.png,3
3488.png,69
3488.png,72
3488.png,35
3488.png,93
3488.png,89
3488.png,25
3488.png,62
3488.png,95
3488.png,86
3488.png,34
3489.png,39
3489.png,43
3489.png,94
3489.png,92
3489.png,29
3489.png,21
3489.png,39
3489.png,16
3489.png,11
3489.png,79
3490.png,33
3490.png,70
3490.png,69
3490.png,30
3490.png,17
3490.png,5
3490.png,35
3490.png,12
3490.png,44
3490.png,74
3491.png,32
3491.png,46
3491.png,81
3491.png,25
3491.png,32
3491.png,69
3491.png,58
3491.png,65
3491.png,3
3491.png,94
3492.png,91
3492.png,86
3492.png,82
3492.png,60
3492.png,63
3492.png,28
3492.png,45
3492.png,59
3492.png,57
3492.png,79
3493.png,22
3493.png,0
3493.png,16
3493.png,69
3493.png,50
3493.png,92
3493.png,51
3493.png,3
3493.png,6
3493.png,18
3494.png,75
3494.png,88
3494.png,75
3494.png,90
3494.png,35
3494.png,74
3494.png,90
3494.png,69
3494.png,83
3494.png,70
3495.png,53
3495.png,38
3495.png,11
3495.png,62
3495.png,5
3495.png,83
3495.png,33
3495.png,62
3495.png,30
3495.png,28
3496.png,77
3496.png,25
3496.png,85
3496.png,30
3496.png,4
3496.png,44
3496.png,59
3496.png,17
3496.png,38
3496.png,1
3497.png,0
3497.png,16
3497.png,5
3497.png,0
3497.png,3
3497.png,12
3497.png,25
3497.png,74
3497.png,7
3497.png,17
3498.png,78
3498.png,85
3498.png,72
3498.png,72
3498.png,80
3498.png,43
3498.png,63
3498.png,88
3498.png,94
3498.png,71
3499.png,23
3499.png,44
3499.png,78
3499.png,11
3499.png,24
3499.png,62
3499.png,19
3499.png,21
3499.png,29
3499.png,46
3500.png,41
3500.png,72
3500.png,76
3500.png,85
3500.png,23
3500.png,76
3500.png,100
3500.png,91
3500.png,50
3500.png,22
3501.png,68
3501.png,77
3501.png,59
3501.png,69
3501.png,74
3501.png,98
3501.png,82
3501.png,15
3501.png,83
3501.png,81
3502.png,59
3502.png,14
3502.png,65
3502.png,78
3502.png,91
3502.png,72
3502.png,89
3502.png,82
3502.png,64
3502.png,63
3503.png,69
3503.png,85
3503.png,74
3503.png,79
3503.png,100
3503.png,62
3503.png,91
3503.png,94
3503.png,97
3503.png,100
3504.png,13
3504.png,1
3504.png,10
3504.png,20
3504.png,25
3504.png,39
3504.png,20
3504.png,0
3504.png,25
3504.png,28
3505.png,3
3505.png,96
3505.png,68
3505.png,27
3505.png,61
3505.png,43
3505.png,75
3505.png,79
3505.png,66
3505.png,57
3506.png,34
3506.png,18
3506.png,43
3506.png,52
3506.png,0
3506.png,88
3506.png,51
3506.png,50
3506.png,53
3506.png,72
3507.png,26
3507.png,39
3507.png,24
3507.png,57
3507.png,90
3507.png,16
3507.png,5
3507.png,56
3507.png,1
3507.png,99
3508.png,88
3508.png,86
3508.png,80
3508.png,73
3508.png,15
3508.png,82
3508.png,81
3508.png,83
3508.png,100
3508.png,75
3509.png,7
3509.png,36
3509.png,77
3509.png,35
3509.png,8
3509.png,27
3509.png,47
3509.png,10
3509.png,22
3509.png,0
3510.png,44
3510.png,41
3510.png,85
3510.png,26
3510.png,90
3510.png,84
3510.png,22
3510.png,87
3510.png,75
3510.png,60
3511.png,93
3511.png,73
3511.png,69
3511.png,100
3511.png,60
3511.png,98
3511.png,96
3511.png,78
3511.png,89
3511.png,95
3512.png,38
3512.png,31
3512.png,1
3512.png,12
3512.png,36
3512.png,78
3512.png,7
3512.png,6
3512.png,0
3512.png,7
3513.png,74
3513.png,63
3513.png,76
3513.png,30
3513.png,37
3513.png,33
3513.png,90
3513.png,57
3513.png,61
3513.png,93
3514.png,58
3514.png,82
3514.png,99
3514.png,74
3514.png,90
3514.png,80
3514.png,31
3514.png,63
3514.png,78
3514.png,70
3515.png,84
3515.png,29
3515.png,40
3515.png,70
3515.png,84
3515.png,62
3515.png,92
3515.png,77
3515.png,68
3515.png,90
3516.png,75
3516.png,86
3516.png,58
3516.png,70
3516.png,91
3516.png,1
3516.png,62
3516.png,26
3516.png,64
3516.png,41
3517.png,17
3517.png,39
3517.png,88
3517.png,70
3517.png,19
3517.png,70
3517.png,57
3517.png,66
3517.png,38
3517.png,45
3518.png,0
3518.png,10
3518.png,37
3518.png,46
3518.png,22
3518.png,12
3518.png,59
3518.png,79
3518.png,35
3518.png,66
3519.png,31
3519.png,0
3519.png,36
3519.png,38
3519.png,28
3519.png,12
3519.png,90
3519.png,65
3519.png,43
3519.png,7
3520.png,92
3520.png,92
3520.png,69
3520.png,81
3520.png,81
3520.png,68
3520.png,89
3520.png,93
3520.png,94
3520.png,93
3521.png,3
3521.png,86
3521.png,8
3521.png,32
3521.png,45
3521.png,67
3521.png,68
3521.png,44
3521.png,18
3521.png,77
3522.png,93
3522.png,68
3522.png,79
3522.png,96
3522.png,79
3522.png,97
3522.png,70
3522.png,93
3522.png,98
3522.png,93
3523.png,71
3523.png,45
3523.png,19
3523.png,6
3523.png,82
3523.png,40
3523.png,41
3523.png,89
3523.png,28
3523.png,14
3524.png,30
3524.png,93
3524.png,27
3524.png,39
3524.png,54
3524.png,3
3524.png,81
3524.png,34
3524.png,9
3524.png,30
3525.png,0
3525.png,0
3525.png,20
3525.png,74
3525.png,2
3525.png,60
3525.png,43
3525.png,5
3525.png,28
3525.png,71
3526.png,43
3526.png,36
3526.png,79
3526.png,11
3526.png,64
3526.png,57
3526.png,83
3526.png,68
3526.png,13
3526.png,20
3527.png,73
3527.png,60
3527.png,75
3527.png,70
3527.png,86
3527.png,84
3527.png,87
3527.png,71
3527.png,83
3527.png,33
3528.png,68
3528.png,24
3528.png,36
3528.png,34
3528.png,6
3528.png,46
3528.png,85
3528.png,58
3528.png,77
3528.png,77
3529.png,36
3529.png,79
3529.png,95
3529.png,73
3529.png,62
3529.png,95
3529.png,92
3529.png,88
3529.png,23
3529.png,87
3530.png,88
3530.png,13
3530.png,87
3530.png,17
3530.png,44
3530.png,91
3530.png,0
3530.png,22
3530.png,50
3530.png,23
3531.png,0
3531.png,1
3531.png,9
3531.png,7
3531.png,30
3531.png,80
3531.png,16
3531.png,8
3531.png,9
3531.png,81
3532.png,25
3532.png,25
3532.png,30
3532.png,17
3532.png,28
3532.png,20
3532.png,8
3532.png,16
3532.png,67
3532.png,43
3533.png,53
3533.png,34
3533.png,42
3533.png,4
3533.png,84
3533.png,87
3533.png,38
3533.png,88
3533.png,90
3533.png,90
3534.png,75
3534.png,11
3534.png,80
3534.png,59
3534.png,9
3534.png,36
3534.png,27
3534.png,50
3534.png,91
3534.png,40
3535.png,26
3535.png,45
3535.png,58
3535.png,40
3535.png,1
3535.png,11
3535.png,40
3535.png,87
3535.png,98
3535.png,28
3536.png,76
3536.png,87
3536.png,75
3536.png,46
3536.png,36
3536.png,6
3536.png,62
3536.png,65
3536.png,72
3536.png,40
3537.png,17
3537.png,88
3537.png,92
3537.png,84
3537.png,71
3537.png,75
3537.png,72
3537.png,87
3537.png,90
3537.png,13
3538.png,74
3538.png,60
3538.png,100
3538.png,72
3538.png,61
3538.png,20
3538.png,83
3538.png,95
3538.png,10
3538.png,100
3539.png,87
3539.png,79
3539.png,68
3539.png,77
3539.png,100
3539.png,58
3539.png,16
3539.png,95
3539.png,93
3539.png,97
3540.png,37
3540.png,67
3540.png,100
3540.png,42
3540.png,57
3540.png,59
3540.png,73
3540.png,57
3540.png,31
3540.png,10
3541.png,67
3541.png,60
3541.png,91
3541.png,59
3541.png,39
3541.png,94
3541.png,72
3541.png,24
3541.png,82
3541.png,14
3542.png,26
3542.png,0
3542.png,16
3542.png,57
3542.png,7
3542.png,25
3542.png,23
3542.png,17
3542.png,54
3542.png,86
3543.png,99
3543.png,100
3543.png,60
3543.png,58
3543.png,96
3543.png,51
3543.png,8
3543.png,69
3543.png,96
3543.png,40
3544.png,53
3544.png,86
3544.png,71
3544.png,80
3544.png,88
3544.png,84
3544.png,88
3544.png,79
3544.png,86
3544.png,75
3545.png,84
3545.png,39
3545.png,74
3545.png,21
3545.png,45
3545.png,57
3545.png,38
3545.png,89
3545.png,5
3545.png,24
3546.png,58
3546.png,49
3546.png,1
3546.png,96
3546.png,27
3546.png,5
3546.png,0
3546.png,82
3546.png,79
3546.png,60
3547.png,96
3547.png,85
3547.png,86
3547.png,89
3547.png,78
3547.png,67
3547.png,85
3547.png,93
3547.png,7
3547.png,100
3548.png,99
3548.png,70
3548.png,83
3548.png,32
3548.png,80
3548.png,39
3548.png,4
3548.png,91
3548.png,62
3548.png,30
3549.png,91
3549.png,100
3549.png,91
3549.png,99
3549.png,86
3549.png,81
3549.png,85
3549.png,78
3549.png,71
3549.png,87
3550.png,20
3550.png,91
3550.png,13
3550.png,13
3550.png,60
3550.png,10
3550.png,34
3550.png,0
3550.png,44
3550.png,21
3551.png,17
3551.png,98
3551.png,91
3551.png,39
3551.png,96
3551.png,99
3551.png,96
3551.png,75
3551.png,100
3551.png,88
3552.png,69
3552.png,97
3552.png,38
3552.png,96
3552.png,81
3552.png,80
3552.png,20
3552.png,80
3552.png,92
3552.png,87
3553.png,1
3553.png,16
3553.png,0
3553.png,95
3553.png,75
3553.png,78
3553.png,43
3553.png,82
3553.png,44
3553.png,54
3554.png,37
3554.png,73
3554.png,92
3554.png,75
3554.png,93
3554.png,67
3554.png,74
3554.png,61
3554.png,68
3554.png,46
3555.png,94
3555.png,99
3555.png,100
3555.png,94
3555.png,84
3555.png,64
3555.png,32
3555.png,95
3555.png,81
3555.png,95
3556.png,72
3556.png,66
3556.png,67
3556.png,39
3556.png,80
3556.png,75
3556.png,60
3556.png,75
3556.png,87
3556.png,74
3557.png,23
3557.png,17
3557.png,31
3557.png,56
3557.png,40
3557.png,0
3557.png,32
3557.png,3
3557.png,26
3557.png,24
3558.png,61
3558.png,57
3558.png,83
3558.png,70
3558.png,54
3558.png,100
3558.png,22
3558.png,100
3558.png,57
3558.png,69
3559.png,98
3559.png,91
3559.png,95
3559.png,99
3559.png,96
3559.png,86
3559.png,32
3559.png,89
3559.png,80
3559.png,83
3560.png,6
3560.png,83
3560.png,77
3560.png,43
3560.png,74
3560.png,87
3560.png,64
3560.png,36
3560.png,84
3560.png,27
3561.png,69
3561.png,16
3561.png,16
3561.png,24
3561.png,45
3561.png,20
3561.png,36
3561.png,0
3561.png,40
3561.png,83
3562.png,25
3562.png,82
3562.png,65
3562.png,33
3562.png,54
3562.png,23
3562.png,68
3562.png,99
3562.png,79
3562.png,42
3563.png,84
3563.png,7
3563.png,88
3563.png,84
3563.png,14
3563.png,62
3563.png,63
3563.png,100
3563.png,79
3563.png,57
3564.png,94
3564.png,13
3564.png,97
3564.png,69
3564.png,94
3564.png,29
3564.png,42
3564.png,85
3564.png,54
3564.png,59
3565.png,0
3565.png,61
3565.png,79
3565.png,25
3565.png,76
3565.png,4
3565.png,86
3565.png,8
3565.png,20
3565.png,75
3566.png,36
3566.png,54
3566.png,74
3566.png,81
3566.png,68
3566.png,9
3566.png,76
3566.png,83
3566.png,86
3566.png,89
3567.png,76
3567.png,29
3567.png,52
3567.png,57
3567.png,11
3567.png,3
3567.png,8
3567.png,28
3567.png,60
3567.png,39
3568.png,100
3568.png,97
3568.png,95
3568.png,27
3568.png,98
3568.png,100
3568.png,66
3568.png,91
3568.png,89
3568.png,91
3569.png,76
3569.png,82
3569.png,97
3569.png,92
3569.png,67
3569.png,94
3569.png,58
3569.png,80
3569.png,59
3569.png,22
3570.png,57
3570.png,59
3570.png,96
3570.png,61
3570.png,56
3570.png,80
3570.png,85
3570.png,81
3570.png,3
3570.png,68
3571.png,61
3571.png,32
3571.png,65
3571.png,89
3571.png,93
3571.png,72
3571.png,94
3571.png,94
3571.png,20
3571.png,82
3572.png,89
3572.png,88
3572.png,86
3572.png,92
3572.png,87
3572.png,84
3572.png,78
3572.png,100
3572.png,90
3572.png,73
3573.png,38
3573.png,48
3573.png,13
3573.png,83
3573.png,71
3573.png,58
3573.png,0
3573.png,66
3573.png,36
3573.png,71
3574.png,100
3574.png,79
3574.png,74
3574.png,61
3574.png,74
3574.png,16
3574.png,83
3574.png,69
3574.png,60
3574.png,17
3575.png,87
3575.png,85
3575.png,68
3575.png,73
3575.png,95
3575.png,82
3575.png,88
3575.png,71
3575.png,91
3575.png,73
3576.png,8
3576.png,89
3576.png,65
3576.png,22
3576.png,80
3576.png,22
3576.png,48
3576.png,69
3576.png,58
3576.png,39
3577.png,9
3577.png,9
3577.png,74
3577.png,22
3577.png,0
3577.png,17
3577.png,21
3577.png,30
3577.png,29
3577.png,16
3578.png,45
3578.png,77
3578.png,95
3578.png,72
3578.png,58
3578.png,57
3578.png,92
3578.png,100
3578.png,13
3578.png,75
3579.png,77
3579.png,31
3579.png,23
3579.png,18
3579.png,30
3579.png,6
3579.png,35
3579.png,0
3579.png,1
3579.png,16
3580.png,87
3580.png,78
3580.png,32
3580.png,81
3580.png,77
3580.png,86
3580.png,23
3580.png,76
3580.png,83
3580.png,100
3581.png,48
3581.png,59
3581.png,65
3581.png,79
3581.png,23
3581.png,6
3581.png,11
3581.png,42
3581.png,13
3581.png,3
3582.png,86
3582.png,58
3582.png,12
3582.png,38
3582.png,84
3582.png,93
3582.png,3
3582.png,58
3582.png,65
3582.png,84
3583.png,8
3583.png,51
3583.png,24
3583.png,90
3583.png,17
3583.png,84
3583.png,79
3583.png,87
3583.png,0
3583.png,23
3584.png,73
3584.png,88
3584.png,98
3584.png,82
3584.png,87
3584.png,93
3584.png,100
3584.png,91
3584.png,94
3584.png,89
3585.png,4
3585.png,34
3585.png,56
3585.png,0
3585.png,63
3585.png,61
3585.png,71
3585.png,25
3585.png,0
3585.png,8
3586.png,0
3586.png,25
3586.png,20
3586.png,18
3586.png,9
3586.png,8
3586.png,85
3586.png,17
3586.png,5
3586.png,16
3587.png,100
3587.png,92
3587.png,86
3587.png,96
3587.png,86
3587.png,12
3587.png,66
3587.png,94
3587.png,70
3587.png,68
3588.png,80
3588.png,78
3588.png,52
3588.png,29
3588.png,40
3588.png,2
3588.png,26
3588.png,55
3588.png,21
3588.png,56
3589.png,5
3589.png,73
3589.png,65
3589.png,14
3589.png,99
3589.png,65
3589.png,20
3589.png,47
3589.png,100
3589.png,87
3590.png,26
3590.png,42
3590.png,0
3590.png,53
3590.png,76
3590.png,82
3590.png,24
3590.png,39
3590.png,19
3590.png,11
3591.png,71
3591.png,0
3591.png,73
3591.png,78
3591.png,66
3591.png,65
3591.png,54
3591.png,80
3591.png,61
3591.png,32
3592.png,37
3592.png,19
3592.png,23
3592.png,28
3592.png,3
3592.png,75
3592.png,34
3592.png,23
3592.png,32
3592.png,8
3593.png,6
3593.png,73
3593.png,27
3593.png,30
3593.png,14
3593.png,7
3593.png,45
3593.png,7
3593.png,26
3593.png,13
3594.png,80
3594.png,66
3594.png,22
3594.png,42
3594.png,66
3594.png,80
3594.png,81
3594.png,88
3594.png,75
3594.png,80
3595.png,0
3595.png,58
3595.png,20
3595.png,88
3595.png,21
3595.png,55
3595.png,16
3595.png,46
3595.png,66
3595.png,57
3596.png,13
3596.png,28
3596.png,10
3596.png,59
3596.png,22
3596.png,25
3596.png,32
3596.png,58
3596.png,7
3596.png,30
3597.png,76
3597.png,19
3597.png,58
3597.png,52
3597.png,73
3597.png,62
3597.png,12
3597.png,90
3597.png,38
3597.png,30
3598.png,62
3598.png,78
3598.png,58
3598.png,46
3598.png,78
3598.png,25
3598.png,38
3598.png,85
3598.png,53
3598.png,62
3599.png,96
3599.png,72
3599.png,82
3599.png,76
3599.png,70
3599.png,75
3599.png,37
3599.png,30
3599.png,74
3599.png,86
3600.png,25
3600.png,85
3600.png,1
3600.png,52
3600.png,37
3600.png,64
3600.png,85
3600.png,41
3600.png,15
3600.png,89
3601.png,64
3601.png,79
3601.png,21
3601.png,58
3601.png,36
3601.png,74
3601.png,77
3601.png,40
3601.png,52
3601.png,49
3602.png,24
3602.png,79
3602.png,68
3602.png,22
3602.png,32
3602.png,8
3602.png,34
3602.png,64
3602.png,26
3602.png,68
3603.png,21
3603.png,32
3603.png,64
3603.png,11
3603.png,73
3603.png,97
3603.png,63
3603.png,93
3603.png,67
3603.png,70
3604.png,46
3604.png,6
3604.png,0
3604.png,25
3604.png,21
3604.png,2
3604.png,0
3604.png,18
3604.png,62
3604.png,21
3605.png,8
3605.png,2
3605.png,22
3605.png,0
3605.png,7
3605.png,14
3605.png,1
3605.png,79
3605.png,9
3605.png,6
3606.png,40
3606.png,80
3606.png,40
3606.png,34
3606.png,46
3606.png,37
3606.png,69
3606.png,18
3606.png,75
3606.png,29
3607.png,18
3607.png,40
3607.png,18
3607.png,41
3607.png,0
3607.png,42
3607.png,86
3607.png,82
3607.png,70
3607.png,23
3608.png,14
3608.png,93
3608.png,58
3608.png,80
3608.png,62
3608.png,59
3608.png,24
3608.png,85
3608.png,71
3608.png,40
3609.png,5
3609.png,14
3609.png,5
3609.png,11
3609.png,22
3609.png,2
3609.png,17
3609.png,28
3609.png,25
3609.png,0
3610.png,89
3610.png,37
3610.png,26
3610.png,10
3610.png,56
3610.png,76
3610.png,68
3610.png,87
3610.png,23
3610.png,57
3611.png,11
3611.png,31
3611.png,86
3611.png,15
3611.png,61
3611.png,38
3611.png,11
3611.png,66
3611.png,78
3611.png,84
3612.png,2
3612.png,99
3612.png,100
3612.png,41
3612.png,69
3612.png,41
3612.png,25
3612.png,81
3612.png,96
3612.png,41
3613.png,0
3613.png,68
3613.png,94
3613.png,27
3613.png,23
3613.png,7
3613.png,32
3613.png,43
3613.png,22
3613.png,18
3614.png,68
3614.png,22
3614.png,19
3614.png,29
3614.png,0
3614.png,56
3614.png,81
3614.png,72
3614.png,62
3614.png,13
3615.png,88
3615.png,87
3615.png,86
3615.png,91
3615.png,86
3615.png,80
3615.png,91
3615.png,79
3615.png,100
3615.png,91
3616.png,65
3616.png,62
3616.png,61
3616.png,19
3616.png,24
3616.png,18
3616.png,0
3616.png,25
3616.png,87
3616.png,53
3617.png,2
3617.png,10
3617.png,5
3617.png,79
3617.png,20
3617.png,68
3617.png,33
3617.png,26
3617.png,83
3617.png,20
3618.png,21
3618.png,41
3618.png,42
3618.png,19
3618.png,9
3618.png,35
3618.png,2
3618.png,78
3618.png,69
3618.png,21
3619.png,69
3619.png,12
3619.png,11
3619.png,79
3619.png,14
3619.png,34
3619.png,4
3619.png,74
3619.png,76
3619.png,79
3620.png,36
3620.png,86
3620.png,64
3620.png,26
3620.png,41
3620.png,20
3620.png,59
3620.png,21
3620.png,23
3620.png,28
3621.png,89
3621.png,82
3621.png,69
3621.png,88
3621.png,93
3621.png,46
3621.png,88
3621.png,27
3621.png,80
3621.png,68
3622.png,88
3622.png,2
3622.png,0
3622.png,42
3622.png,37
3622.png,59
3622.png,6
3622.png,20
3622.png,12
3622.png,42
3623.png,47
3623.png,76
3623.png,25
3623.png,47
3623.png,78
3623.png,59
3623.png,27
3623.png,78
3623.png,65
3623.png,46
3624.png,85
3624.png,83
3624.png,21
3624.png,83
3624.png,28
3624.png,62
3624.png,76
3624.png,89
3624.png,35
3624.png,15
3625.png,71
3625.png,69
3625.png,100
3625.png,88
3625.png,100
3625.png,72
3625.png,72
3625.png,80
3625.png,36
3625.png,75
3626.png,61
3626.png,60
3626.png,39
3626.png,58
3626.png,24
3626.png,91
3626.png,32
3626.png,11
3626.png,24
3626.png,65
3627.png,87
3627.png,98
3627.png,61
3627.png,34
3627.png,79
3627.png,66
3627.png,68
3627.png,40
3627.png,59
3627.png,66
3628.png,6
3628.png,27
3628.png,37
3628.png,59
3628.png,17
3628.png,21
3628.png,0
3628.png,12
3628.png,42
3628.png,22
3629.png,60
3629.png,83
3629.png,80
3629.png,85
3629.png,82
3629.png,34
3629.png,50
3629.png,78
3629.png,74
3629.png,100
3630.png,47
3630.png,79
3630.png,46
3630.png,34
3630.png,5
3630.png,32
3630.png,100
3630.png,57
3630.png,69
3630.png,42
3631.png,60
3631.png,10
3631.png,41
3631.png,12
3631.png,70
3631.png,75
3631.png,83
3631.png,0
3631.png,54
3631.png,21
3632.png,2
3632.png,3
3632.png,37
3632.png,6
3632.png,21
3632.png,42
3632.png,2
3632.png,44
3632.png,6
3632.png,10
3633.png,62
3633.png,21
3633.png,44
3633.png,40
3633.png,53
3633.png,25
3633.png,46
3633.png,68
3633.png,57
3633.png,61
3634.png,45
3634.png,25
3634.png,59
3634.png,40
3634.png,13
3634.png,29
3634.png,60
3634.png,67
3634.png,72
3634.png,15
3635.png,49
3635.png,98
3635.png,95
3635.png,79
3635.png,100
3635.png,64
3635.png,91
3635.png,76
3635.png,74
3635.png,100
3636.png,77
3636.png,61
3636.png,23
3636.png,89
3636.png,62
3636.png,18
3636.png,100
3636.png,81
3636.png,23
3636.png,64
3637.png,95
3637.png,97
3637.png,52
3637.png,57
3637.png,85
3637.png,100
3637.png,32
3637.png,60
3637.png,83
3637.png,50
3638.png,0
3638.png,25
3638.png,48
3638.png,66
3638.png,25
3638.png,9
3638.png,60
3638.png,10
3638.png,6
3638.png,15
3639.png,100
3639.png,42
3639.png,75
3639.png,37
3639.png,26
3639.png,46
3639.png,81
3639.png,100
3639.png,10
3639.png,68
3640.png,90
3640.png,80
3640.png,80
3640.png,96
3640.png,82
3640.png,66
3640.png,84
3640.png,100
3640.png,85
3640.png,65
3641.png,28
3641.png,72
3641.png,63
3641.png,48
3641.png,62
3641.png,32
3641.png,44
3641.png,73
3641.png,16
3641.png,80
3642.png,50
3642.png,84
3642.png,84
3642.png,93
3642.png,29
3642.png,69
3642.png,66
3642.png,38
3642.png,22
3642.png,77
3643.png,55
3643.png,35
3643.png,64
3643.png,60
3643.png,65
3643.png,68
3643.png,27
3643.png,58
3643.png,13
3643.png,76
3644.png,27
3644.png,25
3644.png,25
3644.png,0
3644.png,42
3644.png,29
3644.png,22
3644.png,37
3644.png,1
3644.png,5
3645.png,14
3645.png,43
3645.png,39
3645.png,18
3645.png,56
3645.png,38
3645.png,69
3645.png,39
3645.png,24
3645.png,61
3646.png,50
3646.png,80
3646.png,100
3646.png,81
3646.png,81
3646.png,56
3646.png,56
3646.png,83
3646.png,64
3646.png,57
3647.png,39
3647.png,61
3647.png,50
3647.png,5
3647.png,59
3647.png,5
3647.png,3
3647.png,57
3647.png,60
3647.png,12
3648.png,23
3648.png,54
3648.png,25
3648.png,28
3648.png,26
3648.png,33
3648.png,26
3648.png,35
3648.png,20
3648.png,13
3649.png,75
3649.png,43
3649.png,35
3649.png,87
3649.png,63
3649.png,100
3649.png,38
3649.png,16
3649.png,80
3649.png,66
3650.png,67
3650.png,40
3650.png,58
3650.png,76
3650.png,26
3650.png,55
3650.png,23
3650.png,19
3650.png,80
3650.png,62
3651.png,15
3651.png,50
3651.png,79
3651.png,64
3651.png,60
3651.png,21
3651.png,18
3651.png,61
3651.png,30
3651.png,67
3652.png,81
3652.png,61
3652.png,54
3652.png,75
3652.png,96
3652.png,70
3652.png,60
3652.png,99
3652.png,61
3652.png,58
3653.png,86
3653.png,98
3653.png,89
3653.png,96
3653.png,75
3653.png,100
3653.png,73
3653.png,60
3653.png,95
3653.png,92
3654.png,83
3654.png,81
3654.png,86
3654.png,57
3654.png,82
3654.png,42
3654.png,50
3654.png,100
3654.png,85
3654.png,61
3655.png,35
3655.png,13
3655.png,20
3655.png,17
3655.png,15
3655.png,0
3655.png,0
3655.png,75
3655.png,10
3655.png,31
3656.png,0
3656.png,75
3656.png,60
3656.png,41
3656.png,77
3656.png,21
3656.png,50
3656.png,14
3656.png,59
3656.png,10
3657.png,24
3657.png,36
3657.png,60
3657.png,41
3657.png,35
3657.png,93
3657.png,25
3657.png,55
3657.png,84
3657.png,47
3658.png,20
3658.png,4
3658.png,8
3658.png,0
3658.png,39
3658.png,3
3658.png,21
3658.png,6
3658.png,0
3658.png,3
3659.png,34
3659.png,1
3659.png,34
3659.png,35
3659.png,13
3659.png,10
3659.png,25
3659.png,38
3659.png,41
3659.png,34
3660.png,56
3660.png,42
3660.png,71
3660.png,90
3660.png,70
3660.png,70
3660.png,69
3660.png,100
3660.png,72
3660.png,67
3661.png,22
3661.png,11
3661.png,75
3661.png,25
3661.png,36
3661.png,9
3661.png,26
3661.png,70
3661.png,67
3661.png,56
3662.png,47
3662.png,100
3662.png,36
3662.png,65
3662.png,81
3662.png,90
3662.png,66
3662.png,72
3662.png,59
3662.png,88
3663.png,37
3663.png,28
3663.png,10
3663.png,61
3663.png,43
3663.png,38
3663.png,64
3663.png,25
3663.png,50
3663.png,6
3664.png,4
3664.png,0
3664.png,93
3664.png,62
3664.png,81
3664.png,25
3664.png,17
3664.png,38
3664.png,100
3664.png,65
3665.png,68
3665.png,35
3665.png,39
3665.png,13
3665.png,39
3665.png,73
3665.png,26
3665.png,39
3665.png,19
3665.png,40
3666.png,7
3666.png,65
3666.png,74
3666.png,50
3666.png,45
3666.png,42
3666.png,10
3666.png,43
3666.png,44
3666.png,42
3667.png,6
3667.png,0
3667.png,22
3667.png,45
3667.png,5
3667.png,20
3667.png,39
3667.png,11
3667.png,27
3667.png,41
3668.png,25
3668.png,65
3668.png,37
3668.png,66
3668.png,100
3668.png,71
3668.png,64
3668.png,37
3668.png,63
3668.png,81
3669.png,30
3669.png,0
3669.png,3
3669.png,7
3669.png,0
3669.png,1
3669.png,13
3669.png,12
3669.png,11
3669.png,0
3670.png,89
3670.png,21
3670.png,42
3670.png,82
3670.png,95
3670.png,62
3670.png,86
3670.png,89
3670.png,67
3670.png,35
3671.png,14
3671.png,0
3671.png,1
3671.png,0
3671.png,32
3671.png,50
3671.png,73
3671.png,0
3671.png,13
3671.png,28
3672.png,75
3672.png,53
3672.png,43
3672.png,65
3672.png,66
3672.png,80
3672.png,56
3672.png,43
3672.png,33
3672.png,92
3673.png,54
3673.png,47
3673.png,62
3673.png,96
3673.png,34
3673.png,64
3673.png,66
3673.png,58
3673.png,100
3673.png,64
3674.png,78
3674.png,100
3674.png,17
3674.png,69
3674.png,68
3674.png,56
3674.png,85
3674.png,76
3674.png,72
3674.png,37
3675.png,42
3675.png,42
3675.png,15
3675.png,56
3675.png,59
3675.png,16
3675.png,56
3675.png,61
3675.png,60
3675.png,32
3676.png,43
3676.png,64
3676.png,6
3676.png,39
3676.png,33
3676.png,54
3676.png,10
3676.png,17
3676.png,60
3676.png,39
3677.png,10
3677.png,0
3677.png,0
3677.png,1
3677.png,6
3677.png,11
3677.png,5
3677.png,10
3677.png,25
3677.png,31
3678.png,76
3678.png,57
3678.png,88
3678.png,59
3678.png,64
3678.png,19
3678.png,37
3678.png,68
3678.png,100
3678.png,69
3679.png,35
3679.png,22
3679.png,10
3679.png,57
3679.png,59
3679.png,30
3679.png,23
3679.png,25
3679.png,59
3679.png,18
3680.png,86
3680.png,84
3680.png,100
3680.png,86
3680.png,71
3680.png,17
3680.png,85
3680.png,94
3680.png,37
3680.png,93
3681.png,32
3681.png,9
3681.png,45
3681.png,16
3681.png,10
3681.png,41
3681.png,100
3681.png,37
3681.png,10
3681.png,82
3682.png,35
3682.png,23
3682.png,45
3682.png,7
3682.png,60
3682.png,91
3682.png,58
3682.png,39
3682.png,12
3682.png,58
3683.png,44
3683.png,43
3683.png,61
3683.png,67
3683.png,41
3683.png,9
3683.png,58
3683.png,77
3683.png,62
3683.png,16
3684.png,83
3684.png,79
3684.png,42
3684.png,25
3684.png,76
3684.png,59
3684.png,41
3684.png,54
3684.png,74
3684.png,54
3685.png,72
3685.png,57
3685.png,51
3685.png,0
3685.png,61
3685.png,63
3685.png,25
3685.png,1
3685.png,36
3685.png,6
3686.png,75
3686.png,95
3686.png,100
3686.png,61
3686.png,100
3686.png,73
3686.png,77
3686.png,89
3686.png,13
3686.png,67
3687.png,42
3687.png,58
3687.png,68
3687.png,13
3687.png,75
3687.png,68
3687.png,55
3687.png,20
3687.png,66
3687.png,50
3688.png,60
3688.png,62
3688.png,77
3688.png,100
3688.png,48
3688.png,85
3688.png,62
3688.png,62
3688.png,66
3688.png,84
3689.png,63
3689.png,0
3689.png,61
3689.png,1
3689.png,7
3689.png,8
3689.png,78
3689.png,50
3689.png,41
3689.png,54
3690.png,8
3690.png,25
3690.png,33
3690.png,35
3690.png,100
3690.png,16
3690.png,14
3690.png,40
3690.png,34
3690.png,24
3691.png,61
3691.png,84
3691.png,34
3691.png,72
3691.png,85
3691.png,57
3691.png,13
3691.png,18
3691.png,18
3691.png,25
3692.png,65
3692.png,30
3692.png,50
3692.png,62
3692.png,75
3692.png,50
3692.png,59
3692.png,76
3692.png,34
3692.png,37
3693.png,100
3693.png,67
3693.png,17
3693.png,61
3693.png,59
3693.png,68
3693.png,39
3693.png,82
3693.png,59
3693.png,70
3694.png,0
3694.png,0
3694.png,7
3694.png,14
3694.png,24
3694.png,0
3694.png,45
3694.png,7
3694.png,39
3694.png,8
3695.png,36
3695.png,8
3695.png,54
3695.png,37
3695.png,21
3695.png,5
3695.png,7
3695.png,4
3695.png,36
3695.png,62
3696.png,55
3696.png,85
3696.png,64
3696.png,39
3696.png,59
3696.png,5
3696.png,80
3696.png,44
3696.png,12
3696.png,19
3697.png,46
3697.png,80
3697.png,57
3697.png,64
3697.png,100
3697.png,43
3697.png,82
3697.png,70
3697.png,44
3697.png,39
3698.png,47
3698.png,8
3698.png,61
3698.png,68
3698.png,50
3698.png,43
3698.png,39
3698.png,44
3698.png,13
3698.png,43
3699.png,25
3699.png,4
3699.png,69
3699.png,18
3699.png,41
3699.png,63
3699.png,17
3699.png,11
3699.png,43
3699.png,42
3700.png,90
3700.png,75
3700.png,99
3700.png,86
3700.png,100
3700.png,65
3700.png,54
3700.png,58
3700.png,7
3700.png,38
3701.png,35
3701.png,10
3701.png,41
3701.png,7
3701.png,0
3701.png,2
3701.png,10
3701.png,38
3701.png,33
3701.png,6
3702.png,89
3702.png,54
3702.png,10
3702.png,61
3702.png,55
3702.png,45
3702.png,46
3702.png,38
3702.png,100
3702.png,66
3703.png,0
3703.png,8
3703.png,5
3703.png,10
3703.png,36
3703.png,4
3703.png,100
3703.png,41
3703.png,3
3703.png,11
3704.png,92
3704.png,85
3704.png,63
3704.png,100
3704.png,47
3704.png,66
3704.png,75
3704.png,31
3704.png,94
3704.png,66
3705.png,57
3705.png,36
3705.png,68
3705.png,0
3705.png,46
3705.png,43
3705.png,25
3705.png,27
3705.png,4
3705.png,23
3706.png,100
3706.png,100
3706.png,79
3706.png,60
3706.png,74
3706.png,59
3706.png,100
3706.png,58
3706.png,63
3706.png,91
3707.png,46
3707.png,58
3707.png,49
3707.png,24
3707.png,54
3707.png,59
3707.png,86
3707.png,10
3707.png,72
3707.png,81
3708.png,65
3708.png,66
3708.png,37
3708.png,77
3708.png,25
3708.png,76
3708.png,16
3708.png,12
3708.png,35
3708.png,76
3709.png,58
3709.png,39
3709.png,6
3709.png,63
3709.png,22
3709.png,76
3709.png,3
3709.png,60
3709.png,11
3709.png,72
3710.png,30
3710.png,30
3710.png,20
3710.png,38
3710.png,0
3710.png,4
3710.png,0
3710.png,13
3710.png,13
3710.png,5
3711.png,68
3711.png,78
3711.png,85
3711.png,94
3711.png,58
3711.png,82
3711.png,100
3711.png,68
3711.png,75
3711.png,50
3712.png,85
3712.png,42
3712.png,65
3712.png,63
3712.png,77
3712.png,83
3712.png,92
3712.png,90
3712.png,43
3712.png,75
3713.png,59
3713.png,76
3713.png,84
3713.png,75
3713.png,65
3713.png,74
3713.png,100
3713.png,82
3713.png,75
3713.png,89
3714.png,77
3714.png,70
3714.png,25
3714.png,37
3714.png,10
3714.png,76
3714.png,82
3714.png,17
3714.png,23
3714.png,73
3715.png,33
3715.png,18
3715.png,31
3715.png,0
3715.png,26
3715.png,39
3715.png,43
3715.png,25
3715.png,19
3715.png,2
3716.png,71
3716.png,65
3716.png,50
3716.png,60
3716.png,95
3716.png,58
3716.png,55
3716.png,10
3716.png,58
3716.png,63
3717.png,68
3717.png,38
3717.png,23
3717.png,14
3717.png,10
3717.png,65
3717.png,29
3717.png,57
3717.png,67
3717.png,23
3718.png,35
3718.png,65
3718.png,38
3718.png,13
3718.png,17
3718.png,80
3718.png,24
3718.png,12
3718.png,17
3718.png,62
3719.png,0
3719.png,0
3719.png,22
3719.png,0
3719.png,25
3719.png,2
3719.png,0
3719.png,50
3719.png,11
3719.png,0
3720.png,42
3720.png,6
3720.png,47
3720.png,0
3720.png,16
3720.png,16
3720.png,57
3720.png,7
3720.png,82
3720.png,47
3721.png,75
3721.png,24
3721.png,63
3721.png,32
3721.png,63
3721.png,34
3721.png,30
3721.png,18
3721.png,13
3721.png,20
3722.png,41
3722.png,16
3722.png,65
3722.png,18
3722.png,8
3722.png,75
3722.png,31
3722.png,33
3722.png,12
3722.png,15
3723.png,69
3723.png,38
3723.png,45
3723.png,66
3723.png,83
3723.png,60
3723.png,58
3723.png,37
3723.png,100
3723.png,44
3724.png,31
3724.png,40
3724.png,43
3724.png,23
3724.png,15
3724.png,9
3724.png,12
3724.png,8
3724.png,6
3724.png,2
3725.png,100
3725.png,39
3725.png,11
3725.png,39
3725.png,0
3725.png,13
3725.png,37
3725.png,23
3725.png,7
3725.png,12
3726.png,59
3726.png,60
3726.png,63
3726.png,13
3726.png,33
3726.png,81
3726.png,85
3726.png,59
3726.png,62
3726.png,63
3727.png,75
3727.png,83
3727.png,65
3727.png,100
3727.png,80
3727.png,65
3727.png,39
3727.png,74
3727.png,61
3727.png,61
3728.png,42
3728.png,89
3728.png,54
3728.png,47
3728.png,64
3728.png,75
3728.png,58
3728.png,76
3728.png,14
3728.png,91
3729.png,36
3729.png,8
3729.png,83
3729.png,100
3729.png,62
3729.png,43
3729.png,37
3729.png,57
3729.png,12
3729.png,41
3730.png,77
3730.png,43
3730.png,35
3730.png,82
3730.png,63
3730.png,71
3730.png,41
3730.png,75
3730.png,17
3730.png,11
3731.png,75
3731.png,74
3731.png,100
3731.png,72
3731.png,52
3731.png,13
3731.png,67
3731.png,73
3731.png,58
3731.png,86
3732.png,24
3732.png,29
3732.png,41
3732.png,24
3732.png,58
3732.png,56
3732.png,33
3732.png,13
3732.png,7
3732.png,19
3733.png,55
3733.png,96
3733.png,55
3733.png,26
3733.png,45
3733.png,38
3733.png,25
3733.png,23
3733.png,50
3733.png,21
3734.png,62
3734.png,19
3734.png,50
3734.png,60
3734.png,25
3734.png,65
3734.png,8
3734.png,63
3734.png,25
3734.png,60
3735.png,73
3735.png,81
3735.png,38
3735.png,9
3735.png,18
3735.png,65
3735.png,59
3735.png,67
3735.png,21
3735.png,24
3736.png,10
3736.png,23
3736.png,3
3736.png,13
3736.png,17
3736.png,0
3736.png,84
3736.png,80
3736.png,35
3736.png,6
3737.png,40
3737.png,40
3737.png,4
3737.png,33
3737.png,0
3737.png,56
3737.png,34
3737.png,10
3737.png,8
3737.png,68
3738.png,36
3738.png,17
3738.png,48
3738.png,29
3738.png,64
3738.png,0
3738.png,14
3738.png,12
3738.png,9
3738.png,58
3739.png,35
3739.png,5
3739.png,16
3739.png,57
3739.png,12
3739.png,100
3739.png,45
3739.png,41
3739.png,29
3739.png,10
3740.png,32
3740.png,36
3740.png,31
3740.png,0
3740.png,75
3740.png,54
3740.png,69
3740.png,59
3740.png,67
3740.png,72
3741.png,95
3741.png,100
3741.png,69
3741.png,25
3741.png,88
3741.png,64
3741.png,92
3741.png,58
3741.png,94
3741.png,66
3742.png,95
3742.png,61
3742.png,67
3742.png,31
3742.png,37
3742.png,72
3742.png,18
3742.png,100
3742.png,67
3742.png,37
3743.png,27
3743.png,1
3743.png,18
3743.png,6
3743.png,21
3743.png,17
3743.png,4
3743.png,0
3743.png,3
3743.png,0
3744.png,83
3744.png,65
3744.png,35
3744.png,31
3744.png,30
3744.png,17
3744.png,29
3744.png,35
3744.png,9
3744.png,29
3745.png,67
3745.png,66
3745.png,35
3745.png,59
3745.png,9
3745.png,38
3745.png,90
3745.png,66
3745.png,60
3745.png,26
3746.png,89
3746.png,56
3746.png,68
3746.png,61
3746.png,65
3746.png,100
3746.png,84
3746.png,72
3746.png,72
3746.png,96
3747.png,93
3747.png,80
3747.png,68
3747.png,100
3747.png,64
3747.png,64
3747.png,100
3747.png,91
3747.png,50
3747.png,78
3748.png,40
3748.png,34
3748.png,78
3748.png,8
3748.png,65
3748.png,67
3748.png,9
3748.png,86
3748.png,62
3748.png,61
3749.png,69
3749.png,63
3749.png,42
3749.png,82
3749.png,41
3749.png,55
3749.png,43
3749.png,61
3749.png,12
3749.png,56
3750.png,40
3750.png,50
3750.png,49
3750.png,84
3750.png,90
3750.png,90
3750.png,45
3750.png,24
3750.png,54
3750.png,33
3751.png,53
3751.png,37
3751.png,64
3751.png,9
3751.png,67
3751.png,36
3751.png,65
3751.png,62
3751.png,100
3751.png,46
3752.png,76
3752.png,74
3752.png,80
3752.png,24
3752.png,82
3752.png,67
3752.png,58
3752.png,62
3752.png,41
3752.png,56
3753.png,40
3753.png,45
3753.png,76
3753.png,13
3753.png,43
3753.png,37
3753.png,80
3753.png,33
3753.png,65
3753.png,28
3754.png,56
3754.png,82
3754.png,63
3754.png,87
3754.png,19
3754.png,91
3754.png,56
3754.png,74
3754.png,23
3754.png,29
3755.png,36
3755.png,77
3755.png,56
3755.png,11
3755.png,40
3755.png,41
3755.png,8
3755.png,10
3755.png,94
3755.png,27
3756.png,43
3756.png,24
3756.png,25
3756.png,73
3756.png,69
3756.png,50
3756.png,95
3756.png,100
3756.png,88
3756.png,73
3757.png,100
3757.png,100
3757.png,20
3757.png,40
3757.png,70
3757.png,28
3757.png,40
3757.png,83
3757.png,23
3757.png,55
3758.png,3
3758.png,14
3758.png,26
3758.png,41
3758.png,23
3758.png,8
3758.png,2
3758.png,16
3758.png,26
3758.png,43
3759.png,17
3759.png,75
3759.png,12
3759.png,44
3759.png,20
3759.png,71
3759.png,56
3759.png,18
3759.png,3
3759.png,38
3760.png,46
3760.png,44
3760.png,74
3760.png,75
3760.png,33
3760.png,62
3760.png,94
3760.png,85
3760.png,70
3760.png,85
3761.png,1
3761.png,36
3761.png,24
3761.png,36
3761.png,8
3761.png,0
3761.png,9
3761.png,5
3761.png,12
3761.png,4
3762.png,75
3762.png,26
3762.png,21
3762.png,92
3762.png,1
3762.png,65
3762.png,15
3762.png,31
3762.png,40
3762.png,55
3763.png,4
3763.png,0
3763.png,22
3763.png,14
3763.png,0
3763.png,25
3763.png,6
3763.png,5
3763.png,5
3763.png,11
3764.png,40
3764.png,26
3764.png,24
3764.png,85
3764.png,26
3764.png,12
3764.png,56
3764.png,36
3764.png,5
3764.png,7
3765.png,92
3765.png,40
3765.png,56
3765.png,94
3765.png,67
3765.png,87
3765.png,66
3765.png,100
3765.png,25
3765.png,60
3766.png,5
3766.png,17
3766.png,73
3766.png,74
3766.png,7
3766.png,10
3766.png,62
3766.png,55
3766.png,25
3766.png,46
3767.png,22
3767.png,37
3767.png,61
3767.png,70
3767.png,56
3767.png,53
3767.png,91
3767.png,63
3767.png,80
3767.png,70
3768.png,7
3768.png,8
3768.png,0
3768.png,6
3768.png,20
3768.png,8
3768.png,30
3768.png,27
3768.png,18
3768.png,11
3769.png,20
3769.png,18
3769.png,22
3769.png,7
3769.png,0
3769.png,44
3769.png,0
3769.png,38
3769.png,33
3769.png,25
3770.png,78
3770.png,71
3770.png,81
3770.png,84
3770.png,70
3770.png,100
3770.png,88
3770.png,57
3770.png,58
3770.png,100
3771.png,60
3771.png,71
3771.png,76
3771.png,72
3771.png,37
3771.png,59
3771.png,92
3771.png,55
3771.png,51
3771.png,87
3772.png,75
3772.png,36
3772.png,62
3772.png,54
3772.png,81
3772.png,65
3772.png,49
3772.png,68
3772.png,44
3772.png,84
3773.png,82
3773.png,76
3773.png,67
3773.png,33
3773.png,74
3773.png,34
3773.png,68
3773.png,50
3773.png,100
3773.png,57
3774.png,9
3774.png,45
3774.png,0
3774.png,54
3774.png,0
3774.png,15
3774.png,33
3774.png,54
3774.png,17
3774.png,31
3775.png,35
3775.png,73
3775.png,48
3775.png,37
3775.png,51
3775.png,41
3775.png,0
3775.png,65
3775.png,57
3775.png,92
3776.png,72
3776.png,60
3776.png,83
3776.png,96
3776.png,78
3776.png,84
3776.png,94
3776.png,89
3776.png,76
3776.png,96
3777.png,66
3777.png,23
3777.png,74
3777.png,84
3777.png,65
3777.png,84
3777.png,80
3777.png,76
3777.png,14
3777.png,58
3778.png,92
3778.png,100
3778.png,56
3778.png,86
3778.png,74
3778.png,79
3778.png,100
3778.png,21
3778.png,55
3778.png,63
3779.png,59
3779.png,74
3779.png,71
3779.png,72
3779.png,67
3779.png,71
3779.png,56
3779.png,64
3779.png,86
3779.png,34
3780.png,64
3780.png,83
3780.png,24
3780.png,4
3780.png,62
3780.png,57
3780.png,83
3780.png,21
3780.png,61
3780.png,32
3781.png,82
3781.png,35
3781.png,54
3781.png,19
3781.png,84
3781.png,43
3781.png,57
3781.png,57
3781.png,67
3781.png,65
3782.png,40
3782.png,51
3782.png,22
3782.png,15
3782.png,57
3782.png,72
3782.png,33
3782.png,33
3782.png,50
3782.png,34
3783.png,25
3783.png,76
3783.png,82
3783.png,86
3783.png,39
3783.png,67
3783.png,86
3783.png,38
3783.png,54
3783.png,56
3784.png,60
3784.png,64
3784.png,38
3784.png,31
3784.png,94
3784.png,39
3784.png,0
3784.png,16
3784.png,59
3784.png,59
3785.png,34
3785.png,24
3785.png,10
3785.png,29
3785.png,71
3785.png,64
3785.png,37
3785.png,25
3785.png,84
3785.png,63
3786.png,62
3786.png,84
3786.png,62
3786.png,12
3786.png,81
3786.png,20
3786.png,10
3786.png,29
3786.png,59
3786.png,66
3787.png,81
3787.png,78
3787.png,59
3787.png,38
3787.png,58
3787.png,61
3787.png,0
3787.png,33
3787.png,70
3787.png,76
3788.png,44
3788.png,61
3788.png,82
3788.png,54
3788.png,59
3788.png,41
3788.png,39
3788.png,12
3788.png,54
3788.png,11
3789.png,71
3789.png,63
3789.png,44
3789.png,79
3789.png,70
3789.png,50
3789.png,13
3789.png,83
3789.png,22
3789.png,56
3790.png,13
3790.png,0
3790.png,0
3790.png,26
3790.png,0
3790.png,12
3790.png,10
3790.png,0
3790.png,23
3790.png,0
3791.png,15
3791.png,39
3791.png,0
3791.png,0
3791.png,93
3791.png,5
3791.png,38
3791.png,29
3791.png,0
3791.png,25
3792.png,12
3792.png,39
3792.png,3
3792.png,40
3792.png,0
3792.png,26
3792.png,84
3792.png,7
3792.png,9
3792.png,29
3793.png,62
3793.png,12
3793.png,21
3793.png,84
3793.png,90
3793.png,67
3793.png,84
3793.png,93
3793.png,79
3793.png,70
3794.png,6
3794.png,32
3794.png,80
3794.png,54
3794.png,87
3794.png,63
3794.png,66
3794.png,31
3794.png,22
3794.png,56
3795.png,38
3795.png,53
3795.png,10
3795.png,13
3795.png,12
3795.png,48
3795.png,22
3795.png,14
3795.png,52
3795.png,31
3796.png,33
3796.png,0
3796.png,33
3796.png,0
3796.png,46
3796.png,25
3796.png,72
3796.png,27
3796.png,76
3796.png,5
3797.png,4
3797.png,83
3797.png,59
3797.png,6
3797.png,57
3797.png,88
3797.png,84
3797.png,39
3797.png,47
3797.png,30
3798.png,17
3798.png,32
3798.png,11
3798.png,26
3798.png,42
3798.png,0
3798.png,26
3798.png,24
3798.png,3
3798.png,15
3799.png,36
3799.png,15
3799.png,58
3799.png,73
3799.png,24
3799.png,61
3799.png,37
3799.png,92
3799.png,48
3799.png,55
3800.png,43
3800.png,36
3800.png,16
3800.png,82
3800.png,2
3800.png,46
3800.png,36
3800.png,83
3800.png,6
3800.png,28
3801.png,25
3801.png,3
3801.png,31
3801.png,82
3801.png,5
3801.png,51
3801.png,15
3801.png,43
3801.png,0
3801.png,39
3802.png,10
3802.png,8
3802.png,37
3802.png,0
3802.png,0
3802.png,32
3802.png,35
3802.png,28
3802.png,19
3802.png,18
3803.png,89
3803.png,100
3803.png,58
3803.png,97
3803.png,75
3803.png,85
3803.png,84
3803.png,80
3803.png,85
3803.png,88
3804.png,27
3804.png,28
3804.png,11
3804.png,21
3804.png,14
3804.png,31
3804.png,40
3804.png,29
3804.png,0
3804.png,16
3805.png,6
3805.png,57
3805.png,62
3805.png,64
3805.png,26
3805.png,74
3805.png,41
3805.png,25
3805.png,31
3805.png,42
3806.png,85
3806.png,100
3806.png,58
3806.png,93
3806.png,100
3806.png,36
3806.png,85
3806.png,78
3806.png,87
3806.png,91
3807.png,72
3807.png,6
3807.png,51
3807.png,65
3807.png,37
3807.png,31
3807.png,65
3807.png,89
3807.png,35
3807.png,85
3808.png,27
3808.png,88
3808.png,76
3808.png,75
3808.png,56
3808.png,87
3808.png,64
3808.png,0
3808.png,72
3808.png,57
3809.png,19
3809.png,15
3809.png,56
3809.png,17
3809.png,34
3809.png,80
3809.png,0
3809.png,56
3809.png,86
3809.png,65
3810.png,65
3810.png,91
3810.png,52
3810.png,89
3810.png,92
3810.png,100
3810.png,74
3810.png,92
3810.png,79
3810.png,70
3811.png,72
3811.png,62
3811.png,70
3811.png,72
3811.png,87
3811.png,100
3811.png,78
3811.png,48
3811.png,70
3811.png,33
3812.png,26
3812.png,53
3812.png,57
3812.png,64
3812.png,19
3812.png,18
3812.png,55
3812.png,61
3812.png,67
3812.png,39
3813.png,98
3813.png,87
3813.png,97
3813.png,72
3813.png,63
3813.png,100
3813.png,91
3813.png,100
3813.png,74
3813.png,92
3814.png,65
3814.png,65
3814.png,54
3814.png,81
3814.png,57
3814.png,65
3814.png,35
3814.png,51
3814.png,41
3814.png,33
3815.png,0
3815.png,8
3815.png,34
3815.png,29
3815.png,40
3815.png,0
3815.png,0
3815.png,6
3815.png,78
3815.png,5
3816.png,64
3816.png,63
3816.png,1
3816.png,29
3816.png,22
3816.png,32
3816.png,36
3816.png,18
3816.png,65
3816.png,100
3817.png,91
3817.png,58
3817.png,84
3817.png,38
3817.png,68
3817.png,25
3817.png,86
3817.png,53
3817.png,61
3817.png,100
3818.png,65
3818.png,83
3818.png,93
3818.png,70
3818.png,75
3818.png,80
3818.png,75
3818.png,80
3818.png,70
3818.png,67
3819.png,40
3819.png,24
3819.png,54
3819.png,81
3819.png,61
3819.png,54
3819.png,64
3819.png,3
3819.png,22
3819.png,64
3820.png,0
3820.png,34
3820.png,29
3820.png,0
3820.png,12
3820.png,33
3820.png,85
3820.png,3
3820.png,0
3820.png,26
3821.png,77
3821.png,64
3821.png,82
3821.png,12
3821.png,84
3821.png,59
3821.png,100
3821.png,67
3821.png,90
3821.png,81
3822.png,39
3822.png,55
3822.png,73
3822.png,8
3822.png,91
3822.png,50
3822.png,36
3822.png,36
3822.png,56
3822.png,14
3823.png,75
3823.png,74
3823.png,85
3823.png,100
3823.png,84
3823.png,82
3823.png,62
3823.png,60
3823.png,93
3823.png,84
3824.png,33
3824.png,73
3824.png,59
3824.png,59
3824.png,23
3824.png,79
3824.png,74
3824.png,68
3824.png,55
3824.png,79
3825.png,11
3825.png,34
3825.png,43
3825.png,42
3825.png,21
3825.png,34
3825.png,60
3825.png,34
3825.png,2
3825.png,21
3826.png,56
3826.png,79
3826.png,67
3826.png,53
3826.png,60
3826.png,74
3826.png,75
3826.png,59
3826.png,71
3826.png,30
3827.png,0
3827.png,45
3827.png,8
3827.png,8
3827.png,24
3827.png,25
3827.png,45
3827.png,15
3827.png,24
3827.png,77
3828.png,0
3828.png,27
3828.png,21
3828.png,37
3828.png,43
3828.png,21
3828.png,85
3828.png,7
3828.png,27
3828.png,7
3829.png,48
3829.png,16
3829.png,24
3829.png,1
3829.png,81
3829.png,32
3829.png,88
3829.png,25
3829.png,60
3829.png,43
3830.png,55
3830.png,23
3830.png,60
3830.png,78
3830.png,36
3830.png,65
3830.png,20
3830.png,72
3830.png,77
3830.png,40
3831.png,66
3831.png,81
3831.png,13
3831.png,78
3831.png,55
3831.png,91
3831.png,82
3831.png,82
3831.png,61
3831.png,100
3832.png,100
3832.png,89
3832.png,93
3832.png,97
3832.png,82
3832.png,80
3832.png,88
3832.png,84
3832.png,58
3832.png,59
3833.png,24
3833.png,1
3833.png,9
3833.png,0
3833.png,27
3833.png,19
3833.png,45
3833.png,27
3833.png,6
3833.png,31
3834.png,78
3834.png,24
3834.png,87
3834.png,78
3834.png,74
3834.png,78
3834.png,82
3834.png,100
3834.png,66
3834.png,83
3835.png,82
3835.png,11
3835.png,42
3835.png,35
3835.png,0
3835.png,0
3835.png,19
3835.png,25
3835.png,26
3835.png,0
3836.png,83
3836.png,34
3836.png,55
3836.png,31
3836.png,34
3836.png,14
3836.png,58
3836.png,29
3836.png,64
3836.png,59
3837.png,43
3837.png,28
3837.png,30
3837.png,87
3837.png,11
3837.png,41
3837.png,38
3837.png,44
3837.png,9
3837.png,39
3838.png,32
3838.png,19
3838.png,61
3838.png,62
3838.png,34
3838.png,38
3838.png,39
3838.png,10
3838.png,3
3838.png,76
3839.png,61
3839.png,73
3839.png,60
3839.png,60
3839.png,40
3839.png,93
3839.png,100
3839.png,87
3839.png,25
3839.png,64
3840.png,91
3840.png,68
3840.png,69
3840.png,75
3840.png,5
3840.png,67
3840.png,38
3840.png,62
3840.png,79
3840.png,85
3841.png,31
3841.png,37
3841.png,55
3841.png,10
3841.png,36
3841.png,27
3841.png,87
3841.png,55
3841.png,25
3841.png,66
3842.png,57
3842.png,40
3842.png,0
3842.png,84
3842.png,56
3842.png,29
3842.png,50
3842.png,75
3842.png,24
3842.png,61
3843.png,74
3843.png,19
3843.png,37
3843.png,61
3843.png,87
3843.png,57
3843.png,21
3843.png,81
3843.png,0
3843.png,63
3844.png,90
3844.png,0
3844.png,37
3844.png,59
3844.png,100
3844.png,81
3844.png,98
3844.png,61
3844.png,64
3844.png,8
3845.png,35
3845.png,45
3845.png,0
3845.png,36
3845.png,14
3845.png,32
3845.png,12
3845.png,48
3845.png,51
3845.png,52
3846.png,36
3846.png,36
3846.png,72
3846.png,96
3846.png,63
3846.png,52
3846.png,57
3846.png,29
3846.png,15
3846.png,11
3847.png,56
3847.png,7
3847.png,46
3847.png,90
3847.png,8
3847.png,57
3847.png,33
3847.png,83
3847.png,31
3847.png,31
3848.png,90
3848.png,58
3848.png,95
3848.png,75
3848.png,43
3848.png,88
3848.png,70
3848.png,91
3848.png,0
3848.png,74
3849.png,79
3849.png,0
3849.png,35
3849.png,0
3849.png,31
3849.png,19
3849.png,0
3849.png,24
3849.png,61
3849.png,0
3850.png,62
3850.png,11
3850.png,33
3850.png,70
3850.png,12
3850.png,40
3850.png,51
3850.png,60
3850.png,81
3850.png,72
3851.png,39
3851.png,18
3851.png,93
3851.png,63
3851.png,41
3851.png,72
3851.png,7
3851.png,67
3851.png,37
3851.png,15
3852.png,0
3852.png,43
3852.png,14
3852.png,21
3852.png,20
3852.png,21
3852.png,99
3852.png,0
3852.png,0
3852.png,35
3853.png,10
3853.png,47
3853.png,15
3853.png,50
3853.png,0
3853.png,45
3853.png,54
3853.png,54
3853.png,68
3853.png,34
3854.png,72
3854.png,91
3854.png,70
3854.png,73
3854.png,100
3854.png,86
3854.png,93
3854.png,70
3854.png,94
3854.png,64
3855.png,100
3855.png,90
3855.png,24
3855.png,1
3855.png,22
3855.png,41
3855.png,18
3855.png,15
3855.png,63
3855.png,26
3856.png,28
3856.png,54
3856.png,37
3856.png,57
3856.png,69
3856.png,88
3856.png,0
3856.png,93
3856.png,63
3856.png,86
3857.png,34
3857.png,63
3857.png,40
3857.png,52
3857.png,91
3857.png,62
3857.png,78
3857.png,75
3857.png,89
3857.png,83
3858.png,71
3858.png,100
3858.png,30
3858.png,91
3858.png,57
3858.png,83
3858.png,61
3858.png,100
3858.png,87
3858.png,97
3859.png,68
3859.png,75
3859.png,24
3859.png,42
3859.png,6
3859.png,36
3859.png,33
3859.png,78
3859.png,62
3859.png,63
3860.png,41
3860.png,86
3860.png,30
3860.png,41
3860.png,68
3860.png,12
3860.png,41
3860.png,9
3860.png,38
3860.png,27
3861.png,36
3861.png,21
3861.png,52
3861.png,76
3861.png,79
3861.png,0
3861.png,36
3861.png,11
3861.png,58
3861.png,22
3862.png,69
3862.png,63
3862.png,98
3862.png,78
3862.png,100
3862.png,69
3862.png,62
3862.png,78
3862.png,80
3862.png,100
3863.png,20
3863.png,0
3863.png,0
3863.png,43
3863.png,24
3863.png,0
3863.png,0
3863.png,17
3863.png,32
3863.png,27
3864.png,29
3864.png,24
3864.png,59
3864.png,68
3864.png,25
3864.png,64
3864.png,92
3864.png,55
3864.png,47
3864.png,59
3865.png,55
3865.png,28
3865.png,60
3865.png,9
3865.png,37
3865.png,28
3865.png,13
3865.png,82
3865.png,28
3865.png,74
3866.png,75
3866.png,70
3866.png,50
3866.png,85
3866.png,95
3866.png,100
3866.png,96
3866.png,100
3866.png,86
3866.png,42
3867.png,61
3867.png,76
3867.png,95
3867.png,86
3867.png,79
3867.png,63
3867.png,100
3867.png,87
3867.png,83
3867.png,82
3868.png,81
3868.png,40
3868.png,54
3868.png,27
3868.png,55
3868.png,64
3868.png,34
3868.png,58
3868.png,78
3868.png,72
3869.png,100
3869.png,93
3869.png,100
3869.png,74
3869.png,81
3869.png,83
3869.png,62
3869.png,78
3869.png,100
3869.png,90
3870.png,43
3870.png,33
3870.png,27
3870.png,28
3870.png,60
3870.png,0
3870.png,32
3870.png,33
3870.png,1
3870.png,20
3871.png,10
3871.png,3
3871.png,0
3871.png,42
3871.png,25
3871.png,30
3871.png,22
3871.png,27
3871.png,29
3871.png,18
3872.png,80
3872.png,100
3872.png,88
3872.png,100
3872.png,94
3872.png,63
3872.png,100
3872.png,87
3872.png,87
3872.png,75
3873.png,41
3873.png,45
3873.png,71
3873.png,25
3873.png,17
3873.png,53
3873.png,38
3873.png,62
3873.png,40
3873.png,25
3874.png,52
3874.png,58
3874.png,43
3874.png,0
3874.png,24
3874.png,26
3874.png,51
3874.png,5
3874.png,65
3874.png,83
3875.png,53
3875.png,38
3875.png,10
3875.png,33
3875.png,9
3875.png,22
3875.png,61
3875.png,25
3875.png,8
3875.png,0
3876.png,76
3876.png,66
3876.png,23
3876.png,33
3876.png,63
3876.png,74
3876.png,71
3876.png,73
3876.png,82
3876.png,54
3877.png,16
3877.png,28
3877.png,39
3877.png,17
3877.png,33
3877.png,0
3877.png,30
3877.png,16
3877.png,35
3877.png,36
3878.png,88
3878.png,7
3878.png,34
3878.png,0
3878.png,57
3878.png,43
3878.png,26
3878.png,63
3878.png,8
3878.png,44
3879.png,73
3879.png,36
3879.png,67
3879.png,29
3879.png,87
3879.png,84
3879.png,69
3879.png,85
3879.png,100
3879.png,80
3880.png,49
3880.png,32
3880.png,77
3880.png,41
3880.png,55
3880.png,36
3880.png,67
3880.png,66
3880.png,16
3880.png,57
3881.png,25
3881.png,32
3881.png,79
3881.png,18
3881.png,42
3881.png,0
3881.png,60
3881.png,45
3881.png,56
3881.png,30
3882.png,79
3882.png,87
3882.png,62
3882.png,7
3882.png,89
3882.png,43
3882.png,64
3882.png,82
3882.png,14
3882.png,34
3883.png,100
3883.png,92
3883.png,97
3883.png,81
3883.png,76
3883.png,100
3883.png,67
3883.png,75
3883.png,91
3883.png,88
3884.png,64
3884.png,81
3884.png,20
3884.png,91
3884.png,58
3884.png,55
3884.png,55
3884.png,67
3884.png,17
3884.png,49
3885.png,8
3885.png,41
3885.png,55
3885.png,63
3885.png,90
3885.png,81
3885.png,69
3885.png,29
3885.png,58
3885.png,24
3886.png,51
3886.png,39
3886.png,86
3886.png,24
3886.png,22
3886.png,50
3886.png,87
3886.png,49
3886.png,54
3886.png,39
3887.png,64
3887.png,61
3887.png,87
3887.png,71
3887.png,94
3887.png,96
3887.png,43
3887.png,94
3887.png,74
3887.png,63
3888.png,69
3888.png,61
3888.png,92
3888.png,46
3888.png,84
3888.png,11
3888.png,81
3888.png,40
3888.png,60
3888.png,97
3889.png,26
3889.png,56
3889.png,97
3889.png,75
3889.png,85
3889.png,76
3889.png,60
3889.png,62
3889.png,55
3889.png,36
3890.png,63
3890.png,38
3890.png,78
3890.png,58
3890.png,42
3890.png,89
3890.png,45
3890.png,70
3890.png,94
3890.png,56
3891.png,52
3891.png,0
3891.png,85
3891.png,58
3891.png,73
3891.png,94
3891.png,48
3891.png,100
3891.png,74
3891.png,63
3892.png,17
3892.png,37
3892.png,55
3892.png,90
3892.png,91
3892.png,80
3892.png,0
3892.png,36
3892.png,61
3892.png,75
3893.png,98
3893.png,62
3893.png,92
3893.png,65
3893.png,75
3893.png,85
3893.png,94
3893.png,9
3893.png,58
3893.png,66
3894.png,0
3894.png,41
3894.png,4
3894.png,40
3894.png,11
3894.png,20
3894.png,78
3894.png,7
3894.png,17
3894.png,26
3895.png,100
3895.png,31
3895.png,61
3895.png,87
3895.png,75
3895.png,100
3895.png,65
3895.png,18
3895.png,84
3895.png,92
3896.png,63
3896.png,70
3896.png,57
3896.png,79
3896.png,75
3896.png,80
3896.png,85
3896.png,80
3896.png,79
3896.png,51
3897.png,40
3897.png,56
3897.png,29
3897.png,54
3897.png,26
3897.png,24
3897.png,0
3897.png,12
3897.png,39
3897.png,35
3898.png,100
3898.png,73
3898.png,79
3898.png,84
3898.png,84
3898.png,72
3898.png,91
3898.png,37
3898.png,84
3898.png,100
3899.png,61
3899.png,85
3899.png,49
3899.png,79
3899.png,100
3899.png,81
3899.png,80
3899.png,81
3899.png,65
3899.png,73
3900.png,84
3900.png,97
3900.png,100
3900.png,100
3900.png,72
3900.png,74
3900.png,82
3900.png,93
3900.png,100
3900.png,97
3901.png,5
3901.png,83
3901.png,23
3901.png,60
3901.png,63
3901.png,58
3901.png,82
3901.png,32
3901.png,100
3901.png,82
3902.png,5
3902.png,50
3902.png,51
3902.png,82
3902.png,37
3902.png,54
3902.png,29
3902.png,60
3902.png,46
3902.png,36
3903.png,15
3903.png,60
3903.png,42
3903.png,0
3903.png,9
3903.png,29
3903.png,13
3903.png,49
3903.png,19
3903.png,57
3904.png,14
3904.png,35
3904.png,41
3904.png,37
3904.png,6
3904.png,35
3904.png,29
3904.png,60
3904.png,68
3904.png,89
3905.png,100
3905.png,67
3905.png,100
3905.png,75
3905.png,80
3905.png,87
3905.png,94
3905.png,82
3905.png,76
3905.png,100
3906.png,82
3906.png,36
3906.png,76
3906.png,79
3906.png,72
3906.png,83
3906.png,62
3906.png,100
3906.png,78
3906.png,95
3907.png,70
3907.png,74
3907.png,17
3907.png,60
3907.png,89
3907.png,76
3907.png,64
3907.png,81
3907.png,65
3907.png,69
3908.png,21
3908.png,33
3908.png,59
3908.png,64
3908.png,42
3908.png,22
3908.png,59
3908.png,24
3908.png,6
3908.png,61
3909.png,0
3909.png,10
3909.png,82
3909.png,0
3909.png,17
3909.png,25
3909.png,5
3909.png,7
3909.png,12
3909.png,39
3910.png,74
3910.png,86
3910.png,75
3910.png,58
3910.png,100
3910.png,94
3910.png,59
3910.png,89
3910.png,76
3910.png,62
3911.png,82
3911.png,54
3911.png,72
3911.png,100
3911.png,84
3911.png,88
3911.png,80
3911.png,71
3911.png,75
3911.png,62
3912.png,0
3912.png,21
3912.png,26
3912.png,11
3912.png,42
3912.png,27
3912.png,20
3912.png,29
3912.png,7
3912.png,12
3913.png,54
3913.png,69
3913.png,100
3913.png,39
3913.png,25
3913.png,76
3913.png,64
3913.png,82
3913.png,55
3913.png,32
3914.png,1
3914.png,35
3914.png,60
3914.png,28
3914.png,55
3914.png,60
3914.png,78
3914.png,43
3914.png,76
3914.png,24
3915.png,93
3915.png,30
3915.png,66
3915.png,70
3915.png,79
3915.png,36
3915.png,31
3915.png,75
3915.png,55
3915.png,25
3916.png,50
3916.png,61
3916.png,68
3916.png,47
3916.png,44
3916.png,64
3916.png,81
3916.png,100
3916.png,74
3916.png,54
3917.png,56
3917.png,72
3917.png,65
3917.png,23
3917.png,53
3917.png,40
3917.png,44
3917.png,65
3917.png,24
3917.png,55
3918.png,0
3918.png,31
3918.png,27
3918.png,2
3918.png,7
3918.png,48
3918.png,24
3918.png,21
3918.png,2
3918.png,0
3919.png,28
3919.png,36
3919.png,73
3919.png,79
3919.png,50
3919.png,91
3919.png,74
3919.png,31
3919.png,42
3919.png,73
3920.png,82
3920.png,75
3920.png,63
3920.png,43
3920.png,87
3920.png,81
3920.png,49
3920.png,81
3920.png,70
3920.png,87
3921.png,62
3921.png,61
3921.png,56
3921.png,30
3921.png,88
3921.png,83
3921.png,51
3921.png,51
3921.png,60
3921.png,54
3922.png,6
3922.png,34
3922.png,8
3922.png,8
3922.png,40
3922.png,5
3922.png,76
3922.png,0
3922.png,13
3922.png,0
3923.png,64
3923.png,66
3923.png,85
3923.png,48
3923.png,83
3923.png,33
3923.png,55
3923.png,68
3923.png,72
3923.png,100
3924.png,67
3924.png,65
3924.png,83
3924.png,59
3924.png,71
3924.png,71
3924.png,42
3924.png,67
3924.png,84
3924.png,89
3925.png,51
3925.png,56
3925.png,60
3925.png,70
3925.png,11
3925.png,34
3925.png,20
3925.png,30
3925.png,52
3925.png,30
3926.png,81
3926.png,58
3926.png,33
3926.png,56
3926.png,40
3926.png,46
3926.png,73
3926.png,84
3926.png,0
3926.png,88
3927.png,97
3927.png,59
3927.png,49
3927.png,69
3927.png,68
3927.png,37
3927.png,64
3927.png,37
3927.png,55
3927.png,12
3928.png,95
3928.png,70
3928.png,59
3928.png,32
3928.png,34
3928.png,45
3928.png,44
3928.png,4
3928.png,95
3928.png,27
3929.png,87
3929.png,67
3929.png,73
3929.png,88
3929.png,27
3929.png,87
3929.png,88
3929.png,34
3929.png,76
3929.png,65
3930.png,33
3930.png,36
3930.png,50
3930.png,57
3930.png,25
3930.png,100
3930.png,50
3930.png,39
3930.png,66
3930.png,90
3931.png,66
3931.png,82
3931.png,81
3931.png,50
3931.png,50
3931.png,26
3931.png,26
3931.png,57
3931.png,60
3931.png,5
3932.png,50
3932.png,79
3932.png,27
3932.png,53
3932.png,15
3932.png,46
3932.png,2
3932.png,68
3932.png,37
3932.png,79
3933.png,65
3933.png,44
3933.png,15
3933.png,38
3933.png,78
3933.png,83
3933.png,0
3933.png,56
3933.png,53
3933.png,49
3934.png,82
3934.png,79
3934.png,100
3934.png,83
3934.png,56
3934.png,83
3934.png,59
3934.png,96
3934.png,84
3934.png,69
3935.png,0
3935.png,22
3935.png,14
3935.png,8
3935.png,33
3935.png,1
3935.png,0
3935.png,27
3935.png,1
3935.png,75
3936.png,100
3936.png,67
3936.png,92
3936.png,62
3936.png,40
3936.png,96
3936.png,57
3936.png,93
3936.png,81
3936.png,79
3937.png,68
3937.png,18
3937.png,44
3937.png,65
3937.png,77
3937.png,0
3937.png,55
3937.png,43
3937.png,51
3937.png,28
3938.png,100
3938.png,84
3938.png,64
3938.png,76
3938.png,50
3938.png,74
3938.png,92
3938.png,56
3938.png,78
3938.png,70
3939.png,85
3939.png,81
3939.png,77
3939.png,83
3939.png,86
3939.png,65
3939.png,69
3939.png,58
3939.png,72
3939.png,65
3940.png,36
3940.png,66
3940.png,7
3940.png,29
3940.png,42
3940.png,47
3940.png,78
3940.png,33
3940.png,48
3940.png,81
3941.png,81
3941.png,60
3941.png,82
3941.png,76
3941.png,58
3941.png,86
3941.png,100
3941.png,99
3941.png,72
3941.png,71
3942.png,54
3942.png,64
3942.png,79
3942.png,100
3942.png,38
3942.png,73
3942.png,94
3942.png,95
3942.png,84
3942.png,75
3943.png,55
3943.png,34
3943.png,0
3943.png,15
3943.png,64
3943.png,43
3943.png,68
3943.png,22
3943.png,7
3943.png,69
3944.png,55
3944.png,58
3944.png,50
3944.png,63
3944.png,63
3944.png,90
3944.png,70
3944.png,61
3944.png,69
3944.png,66
3945.png,48
3945.png,61
3945.png,76
3945.png,51
3945.png,51
3945.png,61
3945.png,69
3945.png,83
3945.png,58
3945.png,48
3946.png,10
3946.png,42
3946.png,9
3946.png,31
3946.png,38
3946.png,30
3946.png,23
3946.png,27
3946.png,12
3946.png,0
3947.png,21
3947.png,22
3947.png,6
3947.png,0
3947.png,33
3947.png,14
3947.png,45
3947.png,0
3947.png,25
3947.png,7
3948.png,41
3948.png,16
3948.png,68
3948.png,75
3948.png,50
3948.png,61
3948.png,53
3948.png,21
3948.png,62
3948.png,61
3949.png,71
3949.png,83
3949.png,35
3949.png,26
3949.png,69
3949.png,71
3949.png,67
3949.png,28
3949.png,50
3949.png,56
3950.png,61
3950.png,62
3950.png,78
3950.png,58
3950.png,69
3950.png,89
3950.png,91
3950.png,82
3950.png,73
3950.png,88
3951.png,49
3951.png,24
3951.png,33
3951.png,78
3951.png,62
3951.png,46
3951.png,28
3951.png,67
3951.png,70
3951.png,71
3952.png,14
3952.png,0
3952.png,5
3952.png,0
3952.png,67
3952.png,65
3952.png,9
3952.png,11
3952.png,34
3952.png,0
3953.png,31
3953.png,75
3953.png,20
3953.png,12
3953.png,0
3953.png,12
3953.png,10
3953.png,24
3953.png,30
3953.png,24
3954.png,6
3954.png,9
3954.png,29
3954.png,20
3954.png,0
3954.png,42
3954.png,33
3954.png,54
3954.png,7
3954.png,32
3955.png,55
3955.png,19
3955.png,0
3955.png,6
3955.png,31
3955.png,40
3955.png,26
3955.png,61
3955.png,43
3955.png,9
3956.png,70
3956.png,57
3956.png,54
3956.png,96
3956.png,79
3956.png,77
3956.png,52
3956.png,68
3956.png,51
3956.png,95
3957.png,100
3957.png,70
3957.png,74
3957.png,78
3957.png,60
3957.png,65
3957.png,69
3957.png,53
3957.png,59
3957.png,65
3958.png,12
3958.png,45
3958.png,43
3958.png,100
3958.png,85
3958.png,65
3958.png,69
3958.png,50
3958.png,77
3958.png,74
3959.png,89
3959.png,100
3959.png,77
3959.png,64
3959.png,76
3959.png,76
3959.png,63
3959.png,81
3959.png,60
3959.png,89
3960.png,55
3960.png,70
3960.png,92
3960.png,61
3960.png,86
3960.png,62
3960.png,61
3960.png,76
3960.png,79
3960.png,76
3961.png,0
3961.png,0
3961.png,5
3961.png,5
3961.png,1
3961.png,0
3961.png,30
3961.png,24
3961.png,8
3961.png,25
3962.png,35
3962.png,3
3962.png,15
3962.png,63
3962.png,34
3962.png,70
3962.png,46
3962.png,36
3962.png,61
3962.png,45
3963.png,24
3963.png,100
3963.png,84
3963.png,84
3963.png,72
3963.png,75
3963.png,100
3963.png,67
3963.png,100
3963.png,83
3964.png,38
3964.png,81
3964.png,23
3964.png,9
3964.png,80
3964.png,40
3964.png,5
3964.png,50
3964.png,50
3964.png,59
3965.png,100
3965.png,85
3965.png,94
3965.png,69
3965.png,100
3965.png,69
3965.png,84
3965.png,58
3965.png,61
3965.png,69
3966.png,78
3966.png,87
3966.png,78
3966.png,57
3966.png,30
3966.png,64
3966.png,100
3966.png,60
3966.png,78
3966.png,76
3967.png,14
3967.png,0
3967.png,29
3967.png,3
3967.png,34
3967.png,24
3967.png,0
3967.png,17
3967.png,27
3967.png,14
3968.png,0
3968.png,32
3968.png,17
3968.png,22
3968.png,0
3968.png,0
3968.png,42
3968.png,4
3968.png,38
3968.png,29
3969.png,29
3969.png,73
3969.png,77
3969.png,0
3969.png,17
3969.png,68
3969.png,36
3969.png,71
3969.png,84
3969.png,39
3970.png,60
3970.png,39
3970.png,48
3970.png,70
3970.png,70
3970.png,50
3970.png,72
3970.png,79
3970.png,40
3970.png,55
3971.png,66
3971.png,68
3971.png,97
3971.png,38
3971.png,52
3971.png,93
3971.png,65
3971.png,55
3971.png,64
3971.png,42
3972.png,27
3972.png,42
3972.png,24
3972.png,49
3972.png,23
3972.png,24
3972.png,22
3972.png,27
3972.png,34
3972.png,28
3973.png,68
3973.png,84
3973.png,44
3973.png,42
3973.png,50
3973.png,98
3973.png,70
3973.png,73
3973.png,70
3973.png,61
3974.png,53
3974.png,23
3974.png,9
3974.png,27
3974.png,43
3974.png,14
3974.png,6
3974.png,34
3974.png,72
3974.png,0
3975.png,0
3975.png,60
3975.png,35
3975.png,8
3975.png,35
3975.png,26
3975.png,7
3975.png,23
3975.png,33
3975.png,9
3976.png,50
3976.png,53
3976.png,66
3976.png,23
3976.png,56
3976.png,78
3976.png,62
3976.png,48
3976.png,100
3976.png,59
3977.png,66
3977.png,91
3977.png,51
3977.png,85
3977.png,65
3977.png,31
3977.png,84
3977.png,64
3977.png,88
3977.png,60
3978.png,84
3978.png,89
3978.png,97
3978.png,65
3978.png,38
3978.png,55
3978.png,75
3978.png,60
3978.png,32
3978.png,24
3979.png,81
3979.png,88
3979.png,60
3979.png,100
3979.png,78
3979.png,87
3979.png,88
3979.png,53
3979.png,92
3979.png,100
3980.png,0
3980.png,29
3980.png,45
3980.png,0
3980.png,35
3980.png,19
3980.png,0
3980.png,1
3980.png,35
3980.png,0
3981.png,37
3981.png,66
3981.png,26
3981.png,65
3981.png,75
3981.png,66
3981.png,10
3981.png,36
3981.png,19
3981.png,37
3982.png,91
3982.png,61
3982.png,63
3982.png,14
3982.png,99
3982.png,64
3982.png,31
3982.png,33
3982.png,71
3982.png,100
3983.png,56
3983.png,46
3983.png,59
3983.png,78
3983.png,56
3983.png,45
3983.png,61
3983.png,61
3983.png,71
3983.png,100
3984.png,65
3984.png,77
3984.png,62
3984.png,68
3984.png,16
3984.png,35
3984.png,83
3984.png,70
3984.png,30
3984.png,38
3985.png,29
3985.png,74
3985.png,41
3985.png,76
3985.png,75
3985.png,38
3985.png,62
3985.png,84
3985.png,55
3985.png,54
3986.png,70
3986.png,76
3986.png,72
3986.png,100
3986.png,91
3986.png,20
3986.png,100
3986.png,100
3986.png,69
3986.png,50
3987.png,2
3987.png,0
3987.png,73
3987.png,1
3987.png,75
3987.png,61
3987.png,29
3987.png,15
3987.png,9
3987.png,11
3988.png,3
3988.png,45
3988.png,25
3988.png,29
3988.png,24
3988.png,14
3988.png,35
3988.png,4
3988.png,22
3988.png,0
3989.png,94
3989.png,79
3989.png,56
3989.png,83
3989.png,100
3989.png,88
3989.png,84
3989.png,72
3989.png,100
3989.png,54
3990.png,50
3990.png,89
3990.png,55
3990.png,31
3990.png,46
3990.png,26
3990.png,36
3990.png,5
3990.png,76
3990.png,84
3991.png,81
3991.png,49
3991.png,61
3991.png,32
3991.png,50
3991.png,76
3991.png,40
3991.png,69
3991.png,77
3991.png,71
3992.png,43
3992.png,69
3992.png,63
3992.png,50
3992.png,54
3992.png,81
3992.png,87
3992.png,83
3992.png,71
3992.png,43
3993.png,48
3993.png,23
3993.png,77
3993.png,72
3993.png,78
3993.png,49
3993.png,50
3993.png,83
3993.png,66
3993.png,92
3994.png,43
3994.png,90
3994.png,67
3994.png,90
3994.png,40
3994.png,70
3994.png,26
3994.png,95
3994.png,62
3994.png,91
3995.png,40
3995.png,59
3995.png,29
3995.png,41
3995.png,28
3995.png,44
3995.png,16
3995.png,58
3995.png,0
3995.png,27
3996.png,81
3996.png,63
3996.png,83
3996.png,50
3996.png,84
3996.png,48
3996.png,38
3996.png,26
3996.png,33
3996.png,27
3997.png,61
3997.png,69
3997.png,62
3997.png,82
3997.png,66
3997.png,71
3997.png,56
3997.png,63
3997.png,47
3997.png,61
3998.png,71
3998.png,42
3998.png,38
3998.png,42
3998.png,0
3998.png,31
3998.png,45
3998.png,45
3998.png,39
3998.png,56
3999.png,30
3999.png,30
3999.png,17
3999.png,0
3999.png,34
3999.png,0
3999.png,16
3999.png,17
3999.png,60
3999.png,55
4000.png,36
4000.png,55
4000.png,68
4000.png,91
4000.png,100
4000.png,84
4000.png,77
4000.png,83
4000.png,100
4000.png,89
4001.png,4
4001.png,33
4001.png,60
4001.png,9
4001.png,66
4001.png,74
4001.png,37
4001.png,1
4001.png,22
4001.png,5
4002.png,93
4002.png,55
4002.png,0
4002.png,25
4002.png,25
4002.png,63
4002.png,32
4002.png,55
4002.png,41
4002.png,55
4003.png,27
4003.png,73
4003.png,56
4003.png,31
4003.png,30
4003.png,23
4003.png,50
4003.png,57
4003.png,75
4003.png,35
4004.png,34
4004.png,56
4004.png,27
4004.png,14
4004.png,51
4004.png,50
4004.png,64
4004.png,25
4004.png,25
4004.png,70
4005.png,27
4005.png,59
4005.png,41
4005.png,0
4005.png,70
4005.png,40
4005.png,29
4005.png,33
4005.png,67
4005.png,14
4006.png,32
4006.png,77
4006.png,33
4006.png,56
4006.png,72
4006.png,44
4006.png,100
4006.png,88
4006.png,64
4006.png,41
4007.png,35
4007.png,75
4007.png,25
4007.png,13
4007.png,23
4007.png,34
4007.png,60
4007.png,50
4007.png,32
4007.png,31
4008.png,55
4008.png,84
4008.png,77
4008.png,87
4008.png,28
4008.png,99
4008.png,89
4008.png,72
4008.png,50
4008.png,64
4009.png,0
4009.png,4
4009.png,22
4009.png,0
4009.png,28
4009.png,20
4009.png,39
4009.png,11
4009.png,0
4009.png,6
4010.png,62
4010.png,58
4010.png,50
4010.png,49
4010.png,71
4010.png,61
4010.png,75
4010.png,86
4010.png,44
4010.png,51
4011.png,99
4011.png,86
4011.png,29
4011.png,100
4011.png,94
4011.png,100
4011.png,86
4011.png,60
4011.png,89
4011.png,75
4012.png,60
4012.png,99
4012.png,76
4012.png,57
4012.png,75
4012.png,94
4012.png,100
4012.png,100
4012.png,66
4012.png,70
4013.png,38
4013.png,34
4013.png,17
4013.png,38
4013.png,64
4013.png,31
4013.png,12
4013.png,68
4013.png,50
4013.png,62
4014.png,29
4014.png,72
4014.png,42
4014.png,5
4014.png,0
4014.png,1
4014.png,0
4014.png,0
4014.png,17
4014.png,0
4015.png,58
4015.png,66
4015.png,74
4015.png,52
4015.png,55
4015.png,60
4015.png,38
4015.png,64
4015.png,33
4015.png,59
4016.png,67
4016.png,62
4016.png,89
4016.png,87
4016.png,27
4016.png,65
4016.png,71
4016.png,69
4016.png,24
4016.png,36
4017.png,33
4017.png,61
4017.png,60
4017.png,66
4017.png,55
4017.png,58
4017.png,46
4017.png,97
4017.png,74
4017.png,50
4018.png,20
4018.png,30
4018.png,49
4018.png,100
4018.png,91
4018.png,100
4018.png,35
4018.png,34
4018.png,42
4018.png,45
4019.png,72
4019.png,35
4019.png,81
4019.png,73
4019.png,58
4019.png,74
4019.png,79
4019.png,43
4019.png,76
4019.png,96
4020.png,60
4020.png,50
4020.png,54
4020.png,67
4020.png,59
4020.png,47
4020.png,16
4020.png,21
4020.png,49
4020.png,75
4021.png,91
4021.png,67
4021.png,58
4021.png,66
4021.png,74
4021.png,85
4021.png,54
4021.png,62
4021.png,91
4021.png,56
4022.png,61
4022.png,0
4022.png,0
4022.png,0
4022.png,12
4022.png,0
4022.png,25
4022.png,3
4022.png,69
4022.png,0
4023.png,40
4023.png,72
4023.png,29
4023.png,61
4023.png,73
4023.png,81
4023.png,70
4023.png,57
4023.png,39
4023.png,48
4024.png,68
4024.png,11
4024.png,59
4024.png,20
4024.png,92
4024.png,70
4024.png,76
4024.png,52
4024.png,50
4024.png,32
4025.png,31
4025.png,14
4025.png,17
4025.png,14
4025.png,61
4025.png,58
4025.png,27
4025.png,12
4025.png,74
4025.png,33
4026.png,50
4026.png,52
4026.png,56
4026.png,36
4026.png,55
4026.png,50
4026.png,38
4026.png,58
4026.png,30
4026.png,0
4027.png,62
4027.png,45
4027.png,53
4027.png,90
4027.png,72
4027.png,96
4027.png,61
4027.png,100
4027.png,70
4027.png,74
4028.png,68
4028.png,85
4028.png,29
4028.png,85
4028.png,63
4028.png,92
4028.png,72
4028.png,74
4028.png,100
4028.png,54
4029.png,34
4029.png,51
4029.png,73
4029.png,84
4029.png,100
4029.png,79
4029.png,79
4029.png,20
4029.png,58
4029.png,78
4030.png,41
4030.png,9
4030.png,34
4030.png,10
4030.png,33
4030.png,10
4030.png,12
4030.png,7
4030.png,42
4030.png,0
4031.png,73
4031.png,24
4031.png,74
4031.png,89
4031.png,75
4031.png,75
4031.png,29
4031.png,69
4031.png,54
4031.png,44
4032.png,29
4032.png,83
4032.png,31
4032.png,84
4032.png,90
4032.png,35
4032.png,51
4032.png,66
4032.png,85
4032.png,21
4033.png,80
4033.png,100
4033.png,88
4033.png,75
4033.png,100
4033.png,6
4033.png,71
4033.png,67
4033.png,87
4033.png,58
4034.png,92
4034.png,93
4034.png,94
4034.png,80
4034.png,100
4034.png,98
4034.png,79
4034.png,43
4034.png,69
4034.png,68
4035.png,73
4035.png,73
4035.png,43
4035.png,69
4035.png,73
4035.png,50
4035.png,85
4035.png,35
4035.png,75
4035.png,68
4036.png,37
4036.png,35
4036.png,79
4036.png,31
4036.png,64
4036.png,38
4036.png,40
4036.png,78
4036.png,45
4036.png,38
4037.png,89
4037.png,100
4037.png,45
4037.png,72
4037.png,96
4037.png,100
4037.png,69
4037.png,78
4037.png,64
4037.png,78
4038.png,67
4038.png,50
4038.png,31
4038.png,41
4038.png,73
4038.png,84
4038.png,94
4038.png,5
4038.png,45
4038.png,76
4039.png,51
4039.png,14
4039.png,0
4039.png,23
4039.png,0
4039.png,7
4039.png,2
4039.png,34
4039.png,40
4039.png,35
4040.png,33
4040.png,20
4040.png,8
4040.png,7
4040.png,0
4040.png,10
4040.png,39
4040.png,7
4040.png,33
4040.png,24
4041.png,40
4041.png,33
4041.png,30
4041.png,56
4041.png,80
4041.png,48
4041.png,32
4041.png,45
4041.png,49
4041.png,76
4042.png,29
4042.png,74
4042.png,59
4042.png,27
4042.png,24
4042.png,62
4042.png,1
4042.png,59
4042.png,0
4042.png,43
4043.png,28
4043.png,61
4043.png,89
4043.png,81
4043.png,62
4043.png,100
4043.png,84
4043.png,58
4043.png,68
4043.png,97
4044.png,18
4044.png,85
4044.png,32
4044.png,47
4044.png,40
4044.png,26
4044.png,43
4044.png,54
4044.png,61
4044.png,0
4045.png,18
4045.png,0
4045.png,66
4045.png,37
4045.png,68
4045.png,15
4045.png,13
4045.png,70
4045.png,67
4045.png,38
4046.png,48
4046.png,42
4046.png,37
4046.png,56
4046.png,0
4046.png,50
4046.png,53
4046.png,74
4046.png,50
4046.png,65
4047.png,51
4047.png,61
4047.png,73
4047.png,88
4047.png,34
4047.png,49
4047.png,68
4047.png,88
4047.png,63
4047.png,49
4048.png,45
4048.png,37
4048.png,68
4048.png,34
4048.png,28
4048.png,79
4048.png,37
4048.png,61
4048.png,67
4048.png,45
4049.png,29
4049.png,95
4049.png,75
4049.png,50
4049.png,75
4049.png,100
4049.png,100
4049.png,80
4049.png,92
4049.png,84
4050.png,12
4050.png,0
4050.png,27
4050.png,2
4050.png,69
4050.png,36
4050.png,24
4050.png,6
4050.png,42
4050.png,10
4051.png,19
4051.png,38
4051.png,68
4051.png,70
4051.png,55
4051.png,73
4051.png,63
4051.png,24
4051.png,60
4051.png,36
4052.png,12
4052.png,4
4052.png,1
4052.png,0
4052.png,0
4052.png,36
4052.png,36
4052.png,8
4052.png,0
4052.png,2
4053.png,50
4053.png,57
4053.png,36
4053.png,31
4053.png,80
4053.png,62
4053.png,75
4053.png,62
4053.png,70
4053.png,74
4054.png,72
4054.png,32
4054.png,68
4054.png,3
4054.png,54
4054.png,68
4054.png,42
4054.png,35
4054.png,55
4054.png,36
4055.png,63
4055.png,72
4055.png,78
4055.png,17
4055.png,79
4055.png,75
4055.png,25
4055.png,36
4055.png,55
4055.png,48
4056.png,5
4056.png,0
4056.png,0
4056.png,24
4056.png,12
4056.png,19
4056.png,11
4056.png,0
4056.png,16
4056.png,1
4057.png,64
4057.png,96
4057.png,81
4057.png,87
4057.png,99
4057.png,78
4057.png,70
4057.png,59
4057.png,68
4057.png,74
4058.png,6
4058.png,76
4058.png,26
4058.png,20
4058.png,30
4058.png,50
4058.png,50
4058.png,75
4058.png,65
4058.png,34
4059.png,18
4059.png,36
4059.png,18
4059.png,32
4059.png,17
4059.png,0
4059.png,30
4059.png,19
4059.png,35
4059.png,0
4060.png,84
4060.png,29
4060.png,20
4060.png,32
4060.png,88
4060.png,44
4060.png,33
4060.png,82
4060.png,97
4060.png,78
4061.png,17
4061.png,55
4061.png,12
4061.png,42
4061.png,42
4061.png,7
4061.png,50
4061.png,65
4061.png,24
4061.png,0
4062.png,2
4062.png,63
4062.png,34
4062.png,43
4062.png,0
4062.png,26
4062.png,28
4062.png,62
4062.png,100
4062.png,36
4063.png,100
4063.png,6
4063.png,62
4063.png,67
4063.png,47
4063.png,22
4063.png,41
4063.png,26
4063.png,85
4063.png,20
4064.png,0
4064.png,78
4064.png,43
4064.png,24
4064.png,0
4064.png,57
4064.png,100
4064.png,25
4064.png,100
4064.png,50
4065.png,85
4065.png,20
4065.png,100
4065.png,43
4065.png,75
4065.png,51
4065.png,100
4065.png,44
4065.png,74
4065.png,51
4066.png,28
4066.png,24
4066.png,47
4066.png,4
4066.png,93
4066.png,28
4066.png,50
4066.png,24
4066.png,25
4066.png,11
4067.png,89
4067.png,63
4067.png,100
4067.png,100
4067.png,78
4067.png,100
4067.png,65
4067.png,100
4067.png,100
4067.png,80
4068.png,55
4068.png,98
4068.png,38
4068.png,43
4068.png,15
4068.png,6
4068.png,42
4068.png,18
4068.png,5
4068.png,94
4069.png,94
4069.png,100
4069.png,82
4069.png,76
4069.png,54
4069.png,100
4069.png,100
4069.png,81
4069.png,94
4069.png,100
4070.png,28
4070.png,15
4070.png,35
4070.png,32
4070.png,43
4070.png,30
4070.png,16
4070.png,12
4070.png,24
4070.png,24
4071.png,100
4071.png,88
4071.png,100
4071.png,76
4071.png,73
4071.png,100
4071.png,77
4071.png,90
4071.png,100
4071.png,75
4072.png,80
4072.png,31
4072.png,41
4072.png,39
4072.png,41
4072.png,34
4072.png,99
4072.png,99
4072.png,88
4072.png,50
4073.png,4
4073.png,100
4073.png,50
4073.png,0
4073.png,56
4073.png,76
4073.png,18
4073.png,24
4073.png,7
4073.png,56
4074.png,19
4074.png,1
4074.png,0
4074.png,0
4074.png,25
4074.png,18
4074.png,23
4074.png,15
4074.png,11
4074.png,11
4075.png,77
4075.png,69
4075.png,83
4075.png,81
4075.png,46
4075.png,92
4075.png,94
4075.png,100
4075.png,83
4075.png,33
4076.png,37
4076.png,59
4076.png,35
4076.png,0
4076.png,0
4076.png,7
4076.png,0
4076.png,0
4076.png,76
4076.png,47
4077.png,92
4077.png,51
4077.png,73
4077.png,0
4077.png,34
4077.png,43
4077.png,36
4077.png,94
4077.png,61
4077.png,69
4078.png,51
4078.png,100
4078.png,100
4078.png,37
4078.png,79
4078.png,61
4078.png,46
4078.png,14
4078.png,34
4078.png,63
4079.png,55
4079.png,43
4079.png,60
4079.png,24
4079.png,45
4079.png,55
4079.png,67
4079.png,100
4079.png,84
4079.png,67
4080.png,37
4080.png,43
4080.png,66
4080.png,31
4080.png,57
4080.png,75
4080.png,93
4080.png,39
4080.png,37
4080.png,70
4081.png,0
4081.png,52
4081.png,67
4081.png,16
4081.png,6
4081.png,9
4081.png,64
4081.png,0
4081.png,28
4081.png,24
4082.png,13
4082.png,0
4082.png,37
4082.png,16
4082.png,18
4082.png,12
4082.png,42
4082.png,17
4082.png,49
4082.png,14
4083.png,16
4083.png,44
4083.png,37
4083.png,35
4083.png,47
4083.png,63
4083.png,65
4083.png,50
4083.png,38
4083.png,25
4084.png,0
4084.png,17
4084.png,87
4084.png,55
4084.png,54
4084.png,47
4084.png,0
4084.png,13
4084.png,63
4084.png,13
4085.png,100
4085.png,42
4085.png,83
4085.png,76
4085.png,30
4085.png,100
4085.png,100
4085.png,99
4085.png,59
4085.png,58
4086.png,100
4086.png,78
4086.png,76
4086.png,93
4086.png,73
4086.png,76
4086.png,75
4086.png,58
4086.png,91
4086.png,87
4087.png,43
4087.png,73
4087.png,100
4087.png,85
4087.png,68
4087.png,100
4087.png,78
4087.png,69
4087.png,88
4087.png,38
4088.png,35
4088.png,24
4088.png,41
4088.png,0
4088.png,100
4088.png,24
4088.png,9
4088.png,26
4088.png,46
4088.png,19
4089.png,100
4089.png,100
4089.png,100
4089.png,79
4089.png,77
4089.png,100
4089.png,100
4089.png,100
4089.png,77
4089.png,90
4090.png,79
4090.png,49
4090.png,100
4090.png,100
4090.png,100
4090.png,54
4090.png,74
4090.png,100
4090.png,100
4090.png,100
4091.png,1
4091.png,0
4091.png,0
4091.png,0
4091.png,0
4091.png,4
4091.png,3
4091.png,46
4091.png,25
4091.png,40
4092.png,92
4092.png,59
4092.png,66
4092.png,65
4092.png,62
4092.png,57
4092.png,64
4092.png,100
4092.png,51
4092.png,67
4093.png,32
4093.png,47
4093.png,21
4093.png,86
4093.png,49
4093.png,61
4093.png,43
4093.png,41
4093.png,42
4093.png,76
4094.png,81
4094.png,68
4094.png,100
4094.png,78
4094.png,95
4094.png,94
4094.png,100
4094.png,100
4094.png,100
4094.png,100
4095.png,52
4095.png,82
4095.png,81
4095.png,36
4095.png,69
4095.png,46
4095.png,50
4095.png,70
4095.png,100
4095.png,55
4096.png,1
4096.png,32
4096.png,22
4096.png,19
4096.png,8
4096.png,0
4096.png,0
4096.png,4
4096.png,11
4096.png,16
4097.png,93
4097.png,16
4097.png,6
4097.png,12
4097.png,37
4097.png,52
4097.png,22
4097.png,24
4097.png,25
4097.png,31
4098.png,78
4098.png,71
4098.png,100
4098.png,94
4098.png,100
4098.png,94
4098.png,85
4098.png,71
4098.png,83
4098.png,63
4099.png,35
4099.png,3
4099.png,31
4099.png,24
4099.png,54
4099.png,42
4099.png,35
4099.png,23
4099.png,50
4099.png,0
4100.png,31
4100.png,30
4100.png,16
4100.png,32
4100.png,18
4100.png,12
4100.png,33
4100.png,45
4100.png,86
4100.png,41
4101.png,62
4101.png,100
4101.png,84
4101.png,100
4101.png,100
4101.png,100
4101.png,100
4101.png,100
4101.png,63
4101.png,99
4102.png,76
4102.png,72
4102.png,100
4102.png,66
4102.png,52
4102.png,81
4102.png,68
4102.png,78
4102.png,100
4102.png,83
4103.png,0
4103.png,33
4103.png,0
4103.png,12
4103.png,48
4103.png,20
4103.png,0
4103.png,9
4103.png,85
4103.png,0
4104.png,71
4104.png,8
4104.png,36
4104.png,51
4104.png,50
4104.png,67
4104.png,36
4104.png,23
4104.png,73
4104.png,74
4105.png,100
4105.png,99
4105.png,100
4105.png,37
4105.png,56
4105.png,19
4105.png,90
4105.png,100
4105.png,92
4105.png,89
4106.png,97
4106.png,83
4106.png,65
4106.png,75
4106.png,97
4106.png,80
4106.png,100
4106.png,82
4106.png,100
4106.png,87
4107.png,39
4107.png,43
4107.png,38
4107.png,75
4107.png,11
4107.png,41
4107.png,24
4107.png,32
4107.png,39
4107.png,18
4108.png,65
4108.png,37
4108.png,55
4108.png,0
4108.png,22
4108.png,70
4108.png,12
4108.png,19
4108.png,31
4108.png,15
4109.png,13
4109.png,32
4109.png,37
4109.png,98
4109.png,19
4109.png,43
4109.png,70
4109.png,19
4109.png,75
4109.png,81
4110.png,11
4110.png,75
4110.png,45
4110.png,40
4110.png,75
4110.png,8
4110.png,25
4110.png,24
4110.png,56
4110.png,39
4111.png,53
4111.png,100
4111.png,63
4111.png,85
4111.png,71
4111.png,50
4111.png,77
4111.png,87
4111.png,82
4111.png,37
4112.png,100
4112.png,38
4112.png,76
4112.png,69
4112.png,57
4112.png,75
4112.png,100
4112.png,100
4112.png,14
4112.png,66
4113.png,37
4113.png,45
4113.png,43
4113.png,52
4113.png,86
4113.png,70
4113.png,36
4113.png,88
4113.png,100
4113.png,68
4114.png,0
4114.png,6
4114.png,12
4114.png,0
4114.png,21
4114.png,0
4114.png,5
4114.png,17
4114.png,0
4114.png,70
4115.png,100
4115.png,82
4115.png,76
4115.png,64
4115.png,100
4115.png,100
4115.png,94
4115.png,100
4115.png,61
4115.png,87
4116.png,64
4116.png,34
4116.png,79
4116.png,19
4116.png,100
4116.png,75
4116.png,74
4116.png,77
4116.png,84
4116.png,89
4117.png,99
4117.png,100
4117.png,19
4117.png,100
4117.png,71
4117.png,100
4117.png,90
4117.png,75
4117.png,100
4117.png,100
4118.png,0
4118.png,1
4118.png,32
4118.png,0
4118.png,2
4118.png,0
4118.png,5
4118.png,0
4118.png,0
4118.png,55
4119.png,73
4119.png,28
4119.png,33
4119.png,24
4119.png,32
4119.png,20
4119.png,73
4119.png,79
4119.png,77
4119.png,37
4120.png,7
4120.png,82
4120.png,97
4120.png,50
4120.png,41
4120.png,71
4120.png,92
4120.png,62
4120.png,65
4120.png,25
4121.png,24
4121.png,73
4121.png,64
4121.png,92
4121.png,57
4121.png,70
4121.png,35
4121.png,43
4121.png,67
4121.png,14
4122.png,0
4122.png,76
4122.png,90
4122.png,100
4122.png,100
4122.png,20
4122.png,58
4122.png,47
4122.png,39
4122.png,76
4123.png,81
4123.png,93
4123.png,100
4123.png,100
4123.png,95
4123.png,100
4123.png,42
4123.png,87
4123.png,98
4123.png,100
4124.png,74
4124.png,93
4124.png,100
4124.png,100
4124.png,75
4124.png,84
4124.png,69
4124.png,82
4124.png,88
4124.png,41
4125.png,77
4125.png,100
4125.png,61
4125.png,100
4125.png,89
4125.png,86
4125.png,65
4125.png,55
4125.png,65
4125.png,34
4126.png,75
4126.png,50
4126.png,41
4126.png,75
4126.png,78
4126.png,79
4126.png,65
4126.png,50
4126.png,36
4126.png,96
4127.png,15
4127.png,0
4127.png,11
4127.png,66
4127.png,43
4127.png,18
4127.png,5
4127.png,0
4127.png,0
4127.png,7
4128.png,40
4128.png,86
4128.png,65
4128.png,31
4128.png,22
4128.png,68
4128.png,41
4128.png,81
4128.png,24
4128.png,50
4129.png,6
4129.png,34
4129.png,0
4129.png,26
4129.png,3
4129.png,24
4129.png,0
4129.png,74
4129.png,0
4129.png,0
4130.png,100
4130.png,62
4130.png,68
4130.png,85
4130.png,60
4130.png,61
4130.png,100
4130.png,100
4130.png,98
4130.png,100
4131.png,79
4131.png,61
4131.png,100
4131.png,74
4131.png,30
4131.png,16
4131.png,38
4131.png,31
4131.png,79
4131.png,41
4132.png,100
4132.png,75
4132.png,100
4132.png,100
4132.png,73
4132.png,100
4132.png,93
4132.png,42
4132.png,94
4132.png,75
4133.png,99
4133.png,86
4133.png,14
4133.png,3
4133.png,55
4133.png,11
4133.png,50
4133.png,70
4133.png,54
4133.png,71
4134.png,23
4134.png,37
4134.png,37
4134.png,3
4134.png,33
4134.png,0
4134.png,100
4134.png,25
4134.png,15
4134.png,50
4135.png,75
4135.png,25
4135.png,20
4135.png,80
4135.png,41
4135.png,56
4135.png,25
4135.png,51
4135.png,6
4135.png,58
4136.png,45
4136.png,43
4136.png,44
4136.png,27
4136.png,75
4136.png,70
4136.png,50
4136.png,47
4136.png,41
4136.png,50
4137.png,75
4137.png,31
4137.png,54
4137.png,71
4137.png,54
4137.png,14
4137.png,75
4137.png,96
4137.png,100
4137.png,82
4138.png,10
4138.png,78
4138.png,26
4138.png,4
4138.png,17
4138.png,44
4138.png,42
4138.png,24
4138.png,45
4138.png,0
4139.png,21
4139.png,0
4139.png,0
4139.png,0
4139.png,2
4139.png,0
4139.png,0
4139.png,0
4139.png,0
4139.png,17
4140.png,24
4140.png,23
4140.png,37
4140.png,9
4140.png,46
4140.png,66
4140.png,82
4140.png,38
4140.png,77
4140.png,23
4141.png,50
4141.png,79
4141.png,41
4141.png,83
4141.png,83
4141.png,79
4141.png,82
4141.png,76
4141.png,75
4141.png,61
4142.png,50
4142.png,78
4142.png,78
4142.png,19
4142.png,25
4142.png,65
4142.png,56
4142.png,100
4142.png,27
4142.png,36
4143.png,50
4143.png,20
4143.png,0
4143.png,0
4143.png,21
4143.png,55
4143.png,58
4143.png,6
4143.png,38
4143.png,9
4144.png,85
4144.png,77
4144.png,57
4144.png,79
4144.png,36
4144.png,45
4144.png,85
4144.png,100
4144.png,74
4144.png,75
4145.png,0
4145.png,24
4145.png,10
4145.png,0
4145.png,0
4145.png,8
4145.png,8
4145.png,1
4145.png,16
4145.png,9
4146.png,0
4146.png,11
4146.png,5
4146.png,0
4146.png,9
4146.png,36
4146.png,29
4146.png,0
4146.png,0
4146.png,46
4147.png,100
4147.png,45
4147.png,100
4147.png,74
4147.png,100
4147.png,92
4147.png,55
4147.png,98
4147.png,100
4147.png,52
4148.png,33
4148.png,45
4148.png,91
4148.png,92
4148.png,40
4148.png,46
4148.png,38
4148.png,43
4148.png,93
4148.png,7
4149.png,0
4149.png,18
4149.png,0
4149.png,0
4149.png,7
4149.png,1
4149.png,11
4149.png,13
4149.png,4
4149.png,0
4150.png,23
4150.png,11
4150.png,81
4150.png,34
4150.png,84
4150.png,33
4150.png,21
4150.png,25
4150.png,16
4150.png,23
4151.png,21
4151.png,26
4151.png,87
4151.png,45
4151.png,31
4151.png,74
4151.png,14
4151.png,45
4151.png,8
4151.png,25
4152.png,96
4152.png,82
4152.png,99
4152.png,90
4152.png,61
4152.png,68
4152.png,63
4152.png,100
4152.png,58
4152.png,39
4153.png,51
4153.png,44
4153.png,94
4153.png,16
4153.png,58
4153.png,79
4153.png,37
4153.png,33
4153.png,31
4153.png,74
4154.png,72
4154.png,56
4154.png,100
4154.png,36
4154.png,68
4154.png,49
4154.png,77
4154.png,91
4154.png,24
4154.png,56
4155.png,29
4155.png,62
4155.png,38
4155.png,15
4155.png,29
4155.png,82
4155.png,59
4155.png,25
4155.png,42
4155.png,73
4156.png,24
4156.png,76
4156.png,37
4156.png,85
4156.png,51
4156.png,31
4156.png,24
4156.png,8
4156.png,28
4156.png,33
4157.png,100
4157.png,91
4157.png,68
4157.png,55
4157.png,64
4157.png,83
4157.png,68
4157.png,83
4157.png,97
4157.png,100
4158.png,0
4158.png,35
4158.png,20
4158.png,22
4158.png,42
4158.png,12
4158.png,0
4158.png,18
4158.png,0
4158.png,31
4159.png,8
4159.png,28
4159.png,25
4159.png,33
4159.png,32
4159.png,50
4159.png,31
4159.png,17
4159.png,23
4159.png,26
4160.png,0
4160.png,32
4160.png,42
4160.png,6
4160.png,44
4160.png,24
4160.png,0
4160.png,24
4160.png,16
4160.png,93
4161.png,67
4161.png,42
4161.png,59
4161.png,49
4161.png,35
4161.png,24
4161.png,26
4161.png,22
4161.png,23
4161.png,82
4162.png,74
4162.png,74
4162.png,24
4162.png,32
4162.png,43
4162.png,45
4162.png,29
4162.png,30
4162.png,46
4162.png,50
4163.png,100
4163.png,97
4163.png,57
4163.png,19
4163.png,46
4163.png,72
4163.png,100
4163.png,50
4163.png,54
4163.png,73
4164.png,31
4164.png,75
4164.png,58
4164.png,57
4164.png,100
4164.png,58
4164.png,49
4164.png,88
4164.png,50
4164.png,77
4165.png,51
4165.png,79
4165.png,34
4165.png,40
4165.png,37
4165.png,27
4165.png,61
4165.png,13
4165.png,6
4165.png,45
4166.png,66
4166.png,97
4166.png,54
4166.png,100
4166.png,70
4166.png,100
4166.png,84
4166.png,58
4166.png,99
4166.png,64
4167.png,100
4167.png,100
4167.png,85
4167.png,69
4167.png,95
4167.png,90
4167.png,100
4167.png,100
4167.png,100
4167.png,25
4168.png,69
4168.png,25
4168.png,76
4168.png,54
4168.png,0
4168.png,63
4168.png,36
4168.png,66
4168.png,68
4168.png,37
4169.png,17
4169.png,37
4169.png,12
4169.png,1
4169.png,0
4169.png,9
4169.png,5
4169.png,4
4169.png,14
4169.png,49
4170.png,93
4170.png,96
4170.png,69
4170.png,64
4170.png,99
4170.png,91
4170.png,13
4170.png,78
4170.png,46
4170.png,81
4171.png,100
4171.png,64
4171.png,76
4171.png,28
4171.png,94
4171.png,100
4171.png,45
4171.png,99
4171.png,100
4171.png,100
4172.png,0
4172.png,26
4172.png,35
4172.png,0
4172.png,10
4172.png,4
4172.png,14
4172.png,1
4172.png,0
4172.png,12
4173.png,97
4173.png,42
4173.png,70
4173.png,76
4173.png,98
4173.png,50
4173.png,78
4173.png,57
4173.png,100
4173.png,100
4174.png,71
4174.png,89
4174.png,56
4174.png,98
4174.png,100
4174.png,84
4174.png,91
4174.png,75
4174.png,100
4174.png,42
4175.png,0
4175.png,3
4175.png,85
4175.png,39
4175.png,29
4175.png,4
4175.png,10
4175.png,0
4175.png,7
4175.png,0
4176.png,0
4176.png,28
4176.png,0
4176.png,67
4176.png,25
4176.png,38
4176.png,50
4176.png,46
4176.png,6
4176.png,3
4177.png,4
4177.png,14
4177.png,37
4177.png,41
4177.png,12
4177.png,50
4177.png,30
4177.png,13
4177.png,54
4177.png,23
4178.png,68
4178.png,90
4178.png,78
4178.png,100
4178.png,68
4178.png,71
4178.png,100
4178.png,100
4178.png,69
4178.png,100
4179.png,50
4179.png,9
4179.png,24
4179.png,11
4179.png,63
4179.png,64
4179.png,83
4179.png,11
4179.png,37
4179.png,25
4180.png,0
4180.png,0
4180.png,0
4180.png,8
4180.png,6
4180.png,0
4180.png,7
4180.png,0
4180.png,3
4180.png,17
4181.png,90
4181.png,51
4181.png,77
4181.png,63
4181.png,58
4181.png,94
4181.png,75
4181.png,53
4181.png,35
4181.png,41
4182.png,26
4182.png,35
4182.png,34
4182.png,55
4182.png,4
4182.png,35
4182.png,22
4182.png,39
4182.png,51
4182.png,32
4183.png,80
4183.png,78
4183.png,73
4183.png,100
4183.png,76
4183.png,87
4183.png,46
4183.png,67
4183.png,36
4183.png,20
4184.png,74
4184.png,81
4184.png,64
4184.png,76
4184.png,74
4184.png,28
4184.png,100
4184.png,45
4184.png,73
4184.png,49
4185.png,34
4185.png,12
4185.png,35
4185.png,88
4185.png,32
4185.png,62
4185.png,100
4185.png,68
4185.png,67
4185.png,42
4186.png,14
4186.png,80
4186.png,58
4186.png,25
4186.png,30
4186.png,57
4186.png,36
4186.png,28
4186.png,82
4186.png,66
4187.png,15
4187.png,23
4187.png,35
4187.png,10
4187.png,22
4187.png,0
4187.png,4
4187.png,10
4187.png,14
4187.png,64
4188.png,100
4188.png,67
4188.png,42
4188.png,41
4188.png,71
4188.png,64
4188.png,50
4188.png,33
4188.png,74
4188.png,20
4189.png,32
4189.png,10
4189.png,19
4189.png,75
4189.png,13
4189.png,56
4189.png,0
4189.png,61
4189.png,40
4189.png,34
4190.png,67
4190.png,55
4190.png,27
4190.png,8
4190.png,56
4190.png,39
4190.png,38
4190.png,81
4190.png,99
4190.png,65
4191.png,14
4191.png,8
4191.png,0
4191.png,18
4191.png,18
4191.png,71
4191.png,0
4191.png,11
4191.png,0
4191.png,12
4192.png,8
4192.png,7
4192.png,17
4192.png,0
4192.png,19
4192.png,16
4192.png,43
4192.png,39
4192.png,31
4192.png,11
4193.png,75
4193.png,10
4193.png,15
4193.png,34
4193.png,73
4193.png,35
4193.png,24
4193.png,73
4193.png,54
4193.png,33
4194.png,17
4194.png,50
4194.png,3
4194.png,6
4194.png,46
4194.png,72
4194.png,13
4194.png,30
4194.png,25
4194.png,12
4195.png,50
4195.png,76
4195.png,84
4195.png,12
4195.png,25
4195.png,0
4195.png,0
4195.png,34
4195.png,21
4195.png,20
4196.png,80
4196.png,84
4196.png,100
4196.png,72
4196.png,88
4196.png,28
4196.png,100
4196.png,33
4196.png,41
4196.png,100
4197.png,15
4197.png,50
4197.png,5
4197.png,21
4197.png,17
4197.png,2
4197.png,24
4197.png,12
4197.png,55
4197.png,39
4198.png,25
4198.png,0
4198.png,7
4198.png,32
4198.png,20
4198.png,25
4198.png,0
4198.png,25
4198.png,13
4198.png,0
4199.png,82
4199.png,91
4199.png,100
4199.png,63
4199.png,100
4199.png,84
4199.png,100
4199.png,86
4199.png,7
4199.png,84
4200.png,42
4200.png,31
4200.png,56
4200.png,68
4200.png,46
4200.png,54
4200.png,83
4200.png,44
4200.png,87
4200.png,58
4201.png,41
4201.png,37
4201.png,0
4201.png,21
4201.png,7
4201.png,1
4201.png,29
4201.png,0
4201.png,0
4201.png,4
4202.png,59
4202.png,55
4202.png,84
4202.png,26
4202.png,29
4202.png,64
4202.png,12
4202.png,36
4202.png,53
4202.png,62
4203.png,19
4203.png,4
4203.png,0
4203.png,1
4203.png,0
4203.png,29
4203.png,14
4203.png,27
4203.png,12
4203.png,0
4204.png,78
4204.png,60
4204.png,90
4204.png,91
4204.png,100
4204.png,100
4204.png,36
4204.png,60
4204.png,54
4204.png,57
4205.png,10
4205.png,41
4205.png,11
4205.png,34
4205.png,27
4205.png,37
4205.png,0
4205.png,21
4205.png,40
4205.png,11
4206.png,56
4206.png,64
4206.png,55
4206.png,71
4206.png,58
4206.png,54
4206.png,64
4206.png,0
4206.png,39
4206.png,56
4207.png,61
4207.png,52
4207.png,100
4207.png,89
4207.png,64
4207.png,100
4207.png,57
4207.png,83
4207.png,30
4207.png,23
4208.png,62
4208.png,54
4208.png,70
4208.png,42
4208.png,30
4208.png,21
4208.png,63
4208.png,50
4208.png,55
4208.png,37
4209.png,59
4209.png,74
4209.png,68
4209.png,45
4209.png,58
4209.png,40
4209.png,58
4209.png,69
4209.png,98
4209.png,81
4210.png,47
4210.png,54
4210.png,50
4210.png,55
4210.png,76
4210.png,59
4210.png,58
4210.png,55
4210.png,68
4210.png,38
4211.png,40
4211.png,29
4211.png,39
4211.png,44
4211.png,2
4211.png,46
4211.png,43
4211.png,6
4211.png,36
4211.png,59
4212.png,100
4212.png,94
4212.png,56
4212.png,74
4212.png,38
4212.png,56
4212.png,99
4212.png,16
4212.png,39
4212.png,68
4213.png,24
4213.png,22
4213.png,14
4213.png,0
4213.png,75
4213.png,6
4213.png,25
4213.png,2
4213.png,3
4213.png,64
4214.png,66
4214.png,56
4214.png,69
4214.png,59
4214.png,55
4214.png,99
4214.png,46
4214.png,74
4214.png,56
4214.png,55
4215.png,35
4215.png,54
4215.png,38
4215.png,46
4215.png,57
4215.png,42
4215.png,82
4215.png,12
4215.png,48
4215.png,0
4216.png,74
4216.png,67
4216.png,82
4216.png,69
4216.png,64
4216.png,62
4216.png,91
4216.png,61
4216.png,44
4216.png,83
4217.png,100
4217.png,61
4217.png,77
4217.png,97
4217.png,45
4217.png,64
4217.png,65
4217.png,73
4217.png,54
4217.png,74
4218.png,80
4218.png,38
4218.png,35
4218.png,39
4218.png,24
4218.png,72
4218.png,80
4218.png,29
4218.png,17
4218.png,9
4219.png,96
4219.png,58
4219.png,37
4219.png,61
4219.png,32
4219.png,12
4219.png,43
4219.png,57
4219.png,11
4219.png,10
4220.png,37
4220.png,33
4220.png,86
4220.png,37
4220.png,55
4220.png,41
4220.png,46
4220.png,33
4220.png,61
4220.png,77
4221.png,65
4221.png,37
4221.png,0
4221.png,31
4221.png,36
4221.png,42
4221.png,60
4221.png,42
4221.png,23
4221.png,15
4222.png,2
4222.png,31
4222.png,55
4222.png,11
4222.png,32
4222.png,57
4222.png,35
4222.png,29
4222.png,45
4222.png,49
4223.png,82
4223.png,59
4223.png,63
4223.png,60
4223.png,61
4223.png,65
4223.png,44
4223.png,89
4223.png,35
4223.png,37
4224.png,36
4224.png,57
4224.png,62
4224.png,64
4224.png,48
4224.png,79
4224.png,14
4224.png,74
4224.png,43
4224.png,83
4225.png,72
4225.png,61
4225.png,75
4225.png,67
4225.png,69
4225.png,16
4225.png,61
4225.png,55
4225.png,23
4225.png,68
4226.png,28
4226.png,82
4226.png,21
4226.png,57
4226.png,58
4226.png,61
4226.png,37
4226.png,90
4226.png,52
4226.png,75
4227.png,36
4227.png,58
4227.png,97
4227.png,52
4227.png,79
4227.png,45
4227.png,82
4227.png,70
4227.png,57
4227.png,82
4228.png,67
4228.png,100
4228.png,71
4228.png,64
4228.png,64
4228.png,86
4228.png,72
4228.png,70
4228.png,57
4228.png,65
4229.png,30
4229.png,63
4229.png,62
4229.png,56
4229.png,34
4229.png,40
4229.png,79
4229.png,83
4229.png,85
4229.png,81
4230.png,65
4230.png,58
4230.png,35
4230.png,88
4230.png,40
4230.png,40
4230.png,74
4230.png,57
4230.png,42
4230.png,41
4231.png,35
4231.png,27
4231.png,6
4231.png,8
4231.png,14
4231.png,38
4231.png,34
4231.png,24
4231.png,24
4231.png,30
4232.png,65
4232.png,74
4232.png,57
4232.png,63
4232.png,71
4232.png,70
4232.png,61
4232.png,62
4232.png,100
4232.png,55
4233.png,61
4233.png,55
4233.png,32
4233.png,83
4233.png,96
4233.png,55
4233.png,75
4233.png,85
4233.png,55
4233.png,80
4234.png,80
4234.png,34
4234.png,64
4234.png,62
4234.png,64
4234.png,54
4234.png,77
4234.png,22
4234.png,65
4234.png,0
4235.png,26
4235.png,66
4235.png,37
4235.png,44
4235.png,55
4235.png,1
4235.png,59
4235.png,23
4235.png,37
4235.png,62
4236.png,70
4236.png,86
4236.png,80
4236.png,68
4236.png,81
4236.png,97
4236.png,69
4236.png,72
4236.png,56
4236.png,29
4237.png,37
4237.png,20
4237.png,9
4237.png,2
4237.png,6
4237.png,41
4237.png,25
4237.png,27
4237.png,24
4237.png,11
4238.png,40
4238.png,70
4238.png,100
4238.png,49
4238.png,97
4238.png,80
4238.png,81
4238.png,50
4238.png,75
4238.png,57
4239.png,50
4239.png,44
4239.png,60
4239.png,72
4239.png,80
4239.png,77
4239.png,21
4239.png,50
4239.png,46
4239.png,68
4240.png,33
4240.png,76
4240.png,75
4240.png,12
4240.png,65
4240.png,0
4240.png,74
4240.png,33
4240.png,67
4240.png,5
4241.png,78
4241.png,14
4241.png,27
4241.png,16
4241.png,7
4241.png,23
4241.png,94
4241.png,30
4241.png,44
4241.png,79
4242.png,56
4242.png,62
4242.png,43
4242.png,34
4242.png,69
4242.png,57
4242.png,54
4242.png,42
4242.png,57
4242.png,30
4243.png,35
4243.png,88
4243.png,82
4243.png,76
4243.png,81
4243.png,80
4243.png,34
4243.png,50
4243.png,58
4243.png,1
4244.png,28
4244.png,28
4244.png,0
4244.png,74
4244.png,13
4244.png,3
4244.png,18
4244.png,43
4244.png,19
4244.png,45
4245.png,2
4245.png,0
4245.png,12
4245.png,24
4245.png,24
4245.png,66
4245.png,10
4245.png,12
4245.png,6
4245.png,24
4246.png,67
4246.png,44
4246.png,33
4246.png,43
4246.png,14
4246.png,12
4246.png,2
4246.png,6
4246.png,0
4246.png,22
4247.png,59
4247.png,83
4247.png,48
4247.png,93
4247.png,84
4247.png,58
4247.png,100
4247.png,74
4247.png,78
4247.png,83
4248.png,29
4248.png,54
4248.png,24
4248.png,25
4248.png,43
4248.png,35
4248.png,83
4248.png,89
4248.png,12
4248.png,66
4249.png,37
4249.png,3
4249.png,31
4249.png,41
4249.png,32
4249.png,24
4249.png,0
4249.png,15
4249.png,23
4249.png,7
4250.png,9
4250.png,0
4250.png,3
4250.png,39
4250.png,0
4250.png,28
4250.png,17
4250.png,14
4250.png,6
4250.png,21
4251.png,65
4251.png,45
4251.png,40
4251.png,58
4251.png,35
4251.png,64
4251.png,44
4251.png,26
4251.png,77
4251.png,59
4252.png,80
4252.png,97
4252.png,76
4252.png,66
4252.png,70
4252.png,80
4252.png,54
4252.png,69
4252.png,78
4252.png,75
4253.png,65
4253.png,56
4253.png,51
4253.png,14
4253.png,36
4253.png,29
4253.png,55
4253.png,0
4253.png,41
4253.png,56
4254.png,80
4254.png,43
4254.png,62
4254.png,61
4254.png,44
4254.png,76
4254.png,33
4254.png,59
4254.png,92
4254.png,46
4255.png,57
4255.png,44
4255.png,57
4255.png,78
4255.png,87
4255.png,62
4255.png,28
4255.png,77
4255.png,55
4255.png,34
4256.png,100
4256.png,71
4256.png,79
4256.png,32
4256.png,64
4256.png,34
4256.png,61
4256.png,90
4256.png,40
4256.png,85
4257.png,62
4257.png,68
4257.png,26
4257.png,53
4257.png,63
4257.png,2
4257.png,46
4257.png,62
4257.png,30
4257.png,70
4258.png,79
4258.png,55
4258.png,35
4258.png,61
4258.png,11
4258.png,83
4258.png,36
4258.png,49
4258.png,30
4258.png,57
4259.png,39
4259.png,47
4259.png,59
4259.png,53
4259.png,59
4259.png,88
4259.png,66
4259.png,23
4259.png,69
4259.png,53
4260.png,42
4260.png,37
4260.png,57
4260.png,0
4260.png,41
4260.png,59
4260.png,40
4260.png,31
4260.png,14
4260.png,46
4261.png,28
4261.png,47
4261.png,60
4261.png,98
4261.png,54
4261.png,39
4261.png,31
4261.png,58
4261.png,87
4261.png,68
4262.png,86
4262.png,63
4262.png,63
4262.png,60
4262.png,38
4262.png,75
4262.png,78
4262.png,66
4262.png,67
4262.png,58
4263.png,92
4263.png,84
4263.png,33
4263.png,54
4263.png,59
4263.png,30
4263.png,33
4263.png,69
4263.png,86
4263.png,89
4264.png,56
4264.png,72
4264.png,56
4264.png,22
4264.png,57
4264.png,33
4264.png,62
4264.png,56
4264.png,62
4264.png,63
4265.png,39
4265.png,37
4265.png,31
4265.png,60
4265.png,42
4265.png,17
4265.png,63
4265.png,60
4265.png,38
4265.png,39
4266.png,62
4266.png,63
4266.png,65
4266.png,55
4266.png,17
4266.png,98
4266.png,83
4266.png,78
4266.png,70
4266.png,60
4267.png,89
4267.png,86
4267.png,75
4267.png,84
4267.png,35
4267.png,64
4267.png,35
4267.png,80
4267.png,44
4267.png,64
4268.png,68
4268.png,79
4268.png,74
4268.png,100
4268.png,82
4268.png,52
4268.png,79
4268.png,69
4268.png,23
4268.png,61
4269.png,44
4269.png,57
4269.png,75
4269.png,73
4269.png,76
4269.png,58
4269.png,47
4269.png,54
4269.png,75
4269.png,76
4270.png,37
4270.png,30
4270.png,61
4270.png,19
4270.png,8
4270.png,72
4270.png,35
4270.png,54
4270.png,67
4270.png,65
4271.png,25
4271.png,0
4271.png,7
4271.png,25
4271.png,31
4271.png,9
4271.png,6
4271.png,15
4271.png,7
4271.png,10
4272.png,63
4272.png,36
4272.png,55
4272.png,38
4272.png,80
4272.png,68
4272.png,57
4272.png,99
4272.png,70
4272.png,65
4273.png,44
4273.png,56
4273.png,55
4273.png,62
4273.png,9
4273.png,64
4273.png,35
4273.png,62
4273.png,69
4273.png,64
4274.png,60
4274.png,74
4274.png,33
4274.png,73
4274.png,77
4274.png,73
4274.png,76
4274.png,85
4274.png,78
4274.png,95
4275.png,98
4275.png,87
4275.png,68
4275.png,97
4275.png,72
4275.png,76
4275.png,87
4275.png,96
4275.png,70
4275.png,95
4276.png,29
4276.png,16
4276.png,45
4276.png,55
4276.png,44
4276.png,37
4276.png,30
4276.png,34
4276.png,49
4276.png,29
4277.png,56
4277.png,84
4277.png,19
4277.png,5
4277.png,35
4277.png,36
4277.png,53
4277.png,40
4277.png,70
4277.png,25
4278.png,0
4278.png,69
4278.png,21
4278.png,28
4278.png,37
4278.png,40
4278.png,15
4278.png,23
4278.png,21
4278.png,16
4279.png,13
4279.png,17
4279.png,10
4279.png,45
4279.png,7
4279.png,20
4279.png,35
4279.png,0
4279.png,25
4279.png,5
4280.png,73
4280.png,74
4280.png,95
4280.png,57
4280.png,62
4280.png,91
4280.png,66
4280.png,75
4280.png,59
4280.png,25
4281.png,63
4281.png,34
4281.png,72
4281.png,74
4281.png,84
4281.png,76
4281.png,87
4281.png,35
4281.png,82
4281.png,44
4282.png,41
4282.png,65
4282.png,67
4282.png,79
4282.png,86
4282.png,55
4282.png,80
4282.png,89
4282.png,45
4282.png,92
4283.png,64
4283.png,27
4283.png,22
4283.png,23
4283.png,11
4283.png,60
4283.png,22
4283.png,27
4283.png,29
4283.png,48
4284.png,69
4284.png,41
4284.png,57
4284.png,100
4284.png,63
4284.png,87
4284.png,73
4284.png,78
4284.png,70
4284.png,64
4285.png,82
4285.png,36
4285.png,34
4285.png,25
4285.png,29
4285.png,44
4285.png,27
4285.png,73
4285.png,17
4285.png,58
4286.png,6
4286.png,30
4286.png,97
4286.png,0
4286.png,98
4286.png,83
4286.png,35
4286.png,63
4286.png,0
4286.png,100
4287.png,58
4287.png,4
4287.png,54
4287.png,38
4287.png,38
4287.png,24
4287.png,38
4287.png,43
4287.png,62
4287.png,30
4288.png,86
4288.png,37
4288.png,23
4288.png,65
4288.png,49
4288.png,68
4288.png,38
4288.png,62
4288.png,56
4288.png,72
4289.png,76
4289.png,97
4289.png,87
4289.png,67
4289.png,69
4289.png,60
4289.png,29
4289.png,71
4289.png,34
4289.png,59
4290.png,29
4290.png,5
4290.png,6
4290.png,2
4290.png,26
4290.png,16
4290.png,0
4290.png,12
4290.png,25
4290.png,0
4291.png,37
4291.png,57
4291.png,97
4291.png,56
4291.png,50
4291.png,50
4291.png,24
4291.png,73
4291.png,100
4291.png,31
4292.png,18
4292.png,9
4292.png,21
4292.png,0
4292.png,6
4292.png,33
4292.png,4
4292.png,39
4292.png,1
4292.png,21
4293.png,72
4293.png,83
4293.png,72
4293.png,37
4293.png,69
4293.png,59
4293.png,77
4293.png,68
4293.png,72
4293.png,81
4294.png,92
4294.png,88
4294.png,91
4294.png,90
4294.png,34
4294.png,60
4294.png,80
4294.png,90
4294.png,92
4294.png,72
4295.png,3
4295.png,61
4295.png,53
4295.png,66
4295.png,74
4295.png,43
4295.png,60
4295.png,31
4295.png,22
4295.png,61
4296.png,40
4296.png,57
4296.png,41
4296.png,88
4296.png,54
4296.png,43
4296.png,37
4296.png,40
4296.png,68
4296.png,48
4297.png,82
4297.png,64
4297.png,78
4297.png,61
4297.png,69
4297.png,95
4297.png,81
4297.png,87
4297.png,61
4297.png,42
4298.png,9
4298.png,15
4298.png,84
4298.png,9
4298.png,9
4298.png,71
4298.png,30
4298.png,19
4298.png,15
4298.png,98
4299.png,82
4299.png,32
4299.png,100
4299.png,41
4299.png,59
4299.png,67
4299.png,71
4299.png,62
4299.png,67
4299.png,75
4300.png,57
4300.png,43
4300.png,100
4300.png,39
4300.png,63
4300.png,65
4300.png,86
4300.png,54
4300.png,100
4300.png,37
4301.png,80
4301.png,76
4301.png,100
4301.png,42
4301.png,54
4301.png,41
4301.png,58
4301.png,38
4301.png,49
4301.png,78
4302.png,67
4302.png,41
4302.png,29
4302.png,80
4302.png,58
4302.png,67
4302.png,35
4302.png,64
4302.png,32
4302.png,58
4303.png,24
4303.png,43
4303.png,39
4303.png,62
4303.png,61
4303.png,57
4303.png,44
4303.png,89
4303.png,56
4303.png,98
4304.png,85
4304.png,94
4304.png,83
4304.png,35
4304.png,95
4304.png,60
4304.png,71
4304.png,94
4304.png,84
4304.png,95
4305.png,60
4305.png,61
4305.png,64
4305.png,58
4305.png,71
4305.png,33
4305.png,43
4305.png,62
4305.png,63
4305.png,15
4306.png,61
4306.png,58
4306.png,58
4306.png,69
4306.png,57
4306.png,45
4306.png,54
4306.png,65
4306.png,61
4306.png,79
4307.png,41
4307.png,63
4307.png,50
4307.png,67
4307.png,68
4307.png,58
4307.png,25
4307.png,24
4307.png,67
4307.png,31
4308.png,61
4308.png,64
4308.png,100
4308.png,73
4308.png,68
4308.png,70
4308.png,64
4308.png,92
4308.png,55
4308.png,77
4309.png,58
4309.png,70
4309.png,28
4309.png,44
4309.png,43
4309.png,49
4309.png,39
4309.png,42
4309.png,23
4309.png,54
4310.png,20
4310.png,70
4310.png,57
4310.png,37
4310.png,60
4310.png,13
4310.png,0
4310.png,34
4310.png,47
4310.png,40
4311.png,70
4311.png,39
4311.png,67
4311.png,77
4311.png,84
4311.png,73
4311.png,67
4311.png,78
4311.png,69
4311.png,89
4312.png,59
4312.png,63
4312.png,74
4312.png,86
4312.png,73
4312.png,71
4312.png,82
4312.png,83
4312.png,83
4312.png,63
4313.png,65
4313.png,92
4313.png,82
4313.png,64
4313.png,100
4313.png,42
4313.png,34
4313.png,29
4313.png,69
4313.png,67
4314.png,87
4314.png,72
4314.png,86
4314.png,91
4314.png,74
4314.png,90
4314.png,54
4314.png,84
4314.png,91
4314.png,73
4315.png,58
4315.png,75
4315.png,91
4315.png,23
4315.png,36
4315.png,56
4315.png,85
4315.png,36
4315.png,66
4315.png,56
4316.png,19
4316.png,13
4316.png,77
4316.png,25
4316.png,23
4316.png,35
4316.png,44
4316.png,14
4316.png,14
4316.png,0
4317.png,40
4317.png,60
4317.png,59
4317.png,16
4317.png,57
4317.png,15
4317.png,74
4317.png,25
4317.png,32
4317.png,66
4318.png,66
4318.png,57
4318.png,85
4318.png,90
4318.png,90
4318.png,65
4318.png,81
4318.png,90
4318.png,80
4318.png,100
4319.png,33
4319.png,38
4319.png,57
4319.png,89
4319.png,46
4319.png,45
4319.png,17
4319.png,44
4319.png,68
4319.png,50
4320.png,94
4320.png,81
4320.png,68
4320.png,63
4320.png,71
4320.png,100
4320.png,45
4320.png,70
4320.png,100
4320.png,63
4321.png,41
4321.png,0
4321.png,43
4321.png,23
4321.png,58
4321.png,24
4321.png,11
4321.png,31
4321.png,31
4321.png,21
4322.png,41
4322.png,7
4322.png,37
4322.png,21
4322.png,23
4322.png,32
4322.png,20
4322.png,39
4322.png,32
4322.png,22
4323.png,22
4323.png,29
4323.png,54
4323.png,5
4323.png,3
4323.png,57
4323.png,11
4323.png,60
4323.png,15
4323.png,24
4324.png,81
4324.png,74
4324.png,83
4324.png,67
4324.png,41
4324.png,56
4324.png,38
4324.png,64
4324.png,56
4324.png,42
4325.png,79
4325.png,73
4325.png,42
4325.png,92
4325.png,70
4325.png,83
4325.png,97
4325.png,75
4325.png,63
4325.png,100
4326.png,43
4326.png,45
4326.png,16
4326.png,38
4326.png,29
4326.png,35
4326.png,52
4326.png,71
4326.png,44
4326.png,45
4327.png,3
4327.png,8
4327.png,18
4327.png,15
4327.png,6
4327.png,18
4327.png,16
4327.png,5
4327.png,83
4327.png,0
4328.png,29
4328.png,79
4328.png,60
4328.png,64
4328.png,90
4328.png,96
4328.png,70
4328.png,61
4328.png,95
4328.png,95
4329.png,86
4329.png,65
4329.png,71
4329.png,87
4329.png,40
4329.png,88
4329.png,97
4329.png,65
4329.png,100
4329.png,27
4330.png,43
4330.png,80
4330.png,45
4330.png,60
4330.png,36
4330.png,27
4330.png,71
4330.png,68
4330.png,55
4330.png,73
4331.png,84
4331.png,61
4331.png,66
4331.png,79
4331.png,67
4331.png,66
4331.png,75
4331.png,82
4331.png,76
4331.png,58
4332.png,0
4332.png,38
4332.png,14
4332.png,36
4332.png,0
4332.png,0
4332.png,26
4332.png,1
4332.png,9
4332.png,68
4333.png,43
4333.png,96
4333.png,71
4333.png,79
4333.png,55
4333.png,35
4333.png,50
4333.png,49
4333.png,42
4333.png,59
4334.png,30
4334.png,44
4334.png,6
4334.png,0
4334.png,26
4334.png,55
4334.png,23
4334.png,3
4334.png,39
4334.png,14
4335.png,73
4335.png,16
4335.png,71
4335.png,45
4335.png,52
4335.png,26
4335.png,77
4335.png,57
4335.png,37
4335.png,20
4336.png,58
4336.png,39
4336.png,100
4336.png,73
4336.png,76
4336.png,57
4336.png,86
4336.png,100
4336.png,71
4336.png,55
4337.png,43
4337.png,94
4337.png,36
4337.png,62
4337.png,23
4337.png,38
4337.png,55
4337.png,64
4337.png,44
4337.png,72
4338.png,87
4338.png,100
4338.png,89
4338.png,74
4338.png,64
4338.png,72
4338.png,31
4338.png,82
4338.png,42
4338.png,72
4339.png,37
4339.png,0
4339.png,0
4339.png,3
4339.png,7
4339.png,4
4339.png,10
4339.png,13
4339.png,29
4339.png,11
4340.png,30
4340.png,74
4340.png,53
4340.png,53
4340.png,19
4340.png,2
4340.png,40
4340.png,25
4340.png,37
4340.png,46
4341.png,53
4341.png,56
4341.png,35
4341.png,0
4341.png,54
4341.png,19
4341.png,61
4341.png,13
4341.png,40
4341.png,4
4342.png,55
4342.png,62
4342.png,57
4342.png,63
4342.png,40
4342.png,75
4342.png,74
4342.png,57
4342.png,59
4342.png,65
4343.png,54
4343.png,54
4343.png,32
4343.png,49
4343.png,0
4343.png,42
4343.png,42
4343.png,80
4343.png,33
4343.png,0
4344.png,33
4344.png,39
4344.png,31
4344.png,7
4344.png,43
4344.png,38
4344.png,37
4344.png,0
4344.png,61
4344.png,41
4345.png,53
4345.png,75
4345.png,57
4345.png,73
4345.png,70
4345.png,37
4345.png,69
4345.png,19
4345.png,52
4345.png,2
4346.png,10
4346.png,18
4346.png,6
4346.png,12
4346.png,0
4346.png,25
4346.png,24
4346.png,55
4346.png,3
4346.png,25
4347.png,14
4347.png,32
4347.png,13
4347.png,70
4347.png,26
4347.png,12
4347.png,24
4347.png,6
4347.png,17
4347.png,0
4348.png,42
4348.png,58
4348.png,67
4348.png,75
4348.png,68
4348.png,27
4348.png,53
4348.png,25
4348.png,87
4348.png,50
4349.png,30
4349.png,32
4349.png,33
4349.png,26
4349.png,38
4349.png,25
4349.png,20
4349.png,0
4349.png,21
4349.png,66
4350.png,67
4350.png,73
4350.png,51
4350.png,95
4350.png,68
4350.png,71
4350.png,76
4350.png,23
4350.png,57
4350.png,73
4351.png,31
4351.png,35
4351.png,62
4351.png,59
4351.png,33
4351.png,73
4351.png,33
4351.png,73
4351.png,47
4351.png,59
4352.png,42
4352.png,41
4352.png,60
4352.png,45
4352.png,18
4352.png,29
4352.png,48
4352.png,0
4352.png,36
4352.png,18
4353.png,65
4353.png,45
4353.png,28
4353.png,94
4353.png,91
4353.png,50
4353.png,37
4353.png,74
4353.png,58
4353.png,0
4354.png,34
4354.png,16
4354.png,66
4354.png,40
4354.png,41
4354.png,26
4354.png,41
4354.png,5
4354.png,35
4354.png,58
4355.png,84
4355.png,10
4355.png,67
4355.png,33
4355.png,13
4355.png,41
4355.png,56
4355.png,68
4355.png,20
4355.png,94
4356.png,44
4356.png,72
4356.png,66
4356.png,94
4356.png,76
4356.png,63
4356.png,45
4356.png,33
4356.png,12
4356.png,52
4357.png,42
4357.png,39
4357.png,39
4357.png,72
4357.png,75
4357.png,1
4357.png,55
4357.png,8
4357.png,23
4357.png,32
4358.png,23
4358.png,62
4358.png,24
4358.png,92
4358.png,54
4358.png,41
4358.png,78
4358.png,46
4358.png,39
4358.png,35
4359.png,52
4359.png,56
4359.png,61
4359.png,0
4359.png,23
4359.png,100
4359.png,33
4359.png,74
4359.png,39
4359.png,58
4360.png,23
4360.png,43
4360.png,34
4360.png,46
4360.png,14
4360.png,21
4360.png,50
4360.png,25
4360.png,21
4360.png,35
4361.png,19
4361.png,1
4361.png,0
4361.png,1
4361.png,2
4361.png,0
4361.png,20
4361.png,0
4361.png,2
4361.png,7
4362.png,97
4362.png,100
4362.png,77
4362.png,86
4362.png,83
4362.png,90
4362.png,100
4362.png,82
4362.png,96
4362.png,94
4363.png,55
4363.png,43
4363.png,36
4363.png,25
4363.png,1
4363.png,39
4363.png,84
4363.png,61
4363.png,58
4363.png,81
4364.png,58
4364.png,79
4364.png,100
4364.png,83
4364.png,100
4364.png,96
4364.png,61
4364.png,74
4364.png,100
4364.png,78
4365.png,20
4365.png,61
4365.png,30
4365.png,20
4365.png,43
4365.png,58
4365.png,5
4365.png,39
4365.png,23
4365.png,36
4366.png,100
4366.png,88
4366.png,100
4366.png,84
4366.png,34
4366.png,91
4366.png,81
4366.png,84
4366.png,84
4366.png,80
4367.png,83
4367.png,81
4367.png,53
4367.png,73
4367.png,49
4367.png,20
4367.png,46
4367.png,77
4367.png,67
4367.png,51
4368.png,57
4368.png,57
4368.png,33
4368.png,71
4368.png,47
4368.png,60
4368.png,25
4368.png,36
4368.png,45
4368.png,6
4369.png,53
4369.png,43
4369.png,43
4369.png,57
4369.png,100
4369.png,0
4369.png,69
4369.png,70
4369.png,49
4369.png,54
4370.png,42
4370.png,24
4370.png,67
4370.png,77
4370.png,53
4370.png,63
4370.png,100
4370.png,37
4370.png,98
4370.png,73
4371.png,8
4371.png,38
4371.png,31
4371.png,57
4371.png,30
4371.png,25
4371.png,48
4371.png,45
4371.png,65
4371.png,24
4372.png,69
4372.png,41
4372.png,44
4372.png,75
4372.png,45
4372.png,13
4372.png,25
4372.png,34
4372.png,34
4372.png,45
4373.png,67
4373.png,57
4373.png,70
4373.png,100
4373.png,99
4373.png,55
4373.png,82
4373.png,57
4373.png,100
4373.png,76
4374.png,42
4374.png,59
4374.png,75
4374.png,46
4374.png,63
4374.png,44
4374.png,60
4374.png,0
4374.png,60
4374.png,17
4375.png,58
4375.png,52
4375.png,73
4375.png,85
4375.png,15
4375.png,74
4375.png,69
4375.png,40
4375.png,64
4375.png,28
4376.png,39
4376.png,14
4376.png,56
4376.png,40
4376.png,37
4376.png,42
4376.png,71
4376.png,72
4376.png,54
4376.png,89
4377.png,39
4377.png,1
4377.png,78
4377.png,28
4377.png,36
4377.png,60
4377.png,28
4377.png,32
4377.png,62
4377.png,52
4378.png,9
4378.png,46
4378.png,65
4378.png,45
4378.png,0
4378.png,31
4378.png,11
4378.png,61
4378.png,32
4378.png,20
4379.png,60
4379.png,34
4379.png,15
4379.png,41
4379.png,36
4379.png,57
4379.png,1
4379.png,25
4379.png,46
4379.png,10
4380.png,97
4380.png,53
4380.png,100
4380.png,62
4380.png,62
4380.png,71
4380.png,100
4380.png,77
4380.png,94
4380.png,93
4381.png,100
4381.png,46
4381.png,0
4381.png,70
4381.png,70
4381.png,14
4381.png,57
4381.png,56
4381.png,61
4381.png,96
4382.png,54
4382.png,43
4382.png,35
4382.png,45
4382.png,77
4382.png,65
4382.png,52
4382.png,33
4382.png,5
4382.png,10
4383.png,63
4383.png,48
4383.png,53
4383.png,65
4383.png,60
4383.png,64
4383.png,34
4383.png,0
4383.png,44
4383.png,55
4384.png,59
4384.png,81
4384.png,69
4384.png,59
4384.png,100
4384.png,85
4384.png,85
4384.png,50
4384.png,80
4384.png,95
4385.png,37
4385.png,14
4385.png,53
4385.png,66
4385.png,33
4385.png,36
4385.png,78
4385.png,40
4385.png,36
4385.png,61
4386.png,34
4386.png,38
4386.png,22
4386.png,47
4386.png,29
4386.png,15
4386.png,33
4386.png,23
4386.png,21
4386.png,56
4387.png,54
4387.png,44
4387.png,52
4387.png,60
4387.png,0
4387.png,33
4387.png,38
4387.png,50
4387.png,37
4387.png,48
4388.png,65
4388.png,100
4388.png,100
4388.png,59
4388.png,100
4388.png,63
4388.png,30
4388.png,85
4388.png,80
4388.png,75
4389.png,90
4389.png,100
4389.png,96
4389.png,92
4389.png,76
4389.png,82
4389.png,100
4389.png,81
4389.png,100
4389.png,79
4390.png,74
4390.png,44
4390.png,50
4390.png,68
4390.png,38
4390.png,25
4390.png,51
4390.png,57
4390.png,66
4390.png,73
4391.png,53
4391.png,32
4391.png,65
4391.png,69
4391.png,20
4391.png,43
4391.png,15
4391.png,46
4391.png,76
4391.png,64
4392.png,0
4392.png,9
4392.png,31
4392.png,37
4392.png,0
4392.png,0
4392.png,16
4392.png,6
4392.png,10
4392.png,0
4393.png,20
4393.png,5
4393.png,23
4393.png,64
4393.png,0
4393.png,8
4393.png,33
4393.png,24
4393.png,73
4393.png,15
4394.png,0
4394.png,9
4394.png,14
4394.png,7
4394.png,7
4394.png,19
4394.png,15
4394.png,27
4394.png,38
4394.png,32
4395.png,75
4395.png,100
4395.png,30
4395.png,43
4395.png,78
4395.png,91
4395.png,96
4395.png,65
4395.png,100
4395.png,100
4396.png,44
4396.png,72
4396.png,72
4396.png,24
4396.png,0
4396.png,26
4396.png,69
4396.png,52
4396.png,75
4396.png,57
4397.png,43
4397.png,76
4397.png,68
4397.png,22
4397.png,61
4397.png,23
4397.png,92
4397.png,57
4397.png,74
4397.png,73
4398.png,14
4398.png,11
4398.png,3
4398.png,0
4398.png,30
4398.png,4
4398.png,24
4398.png,0
4398.png,17
4398.png,26
4399.png,53
4399.png,61
4399.png,61
4399.png,0
4399.png,38
4399.png,42
4399.png,43
4399.png,55
4399.png,36
4399.png,71
4400.png,79
4400.png,74
4400.png,62
4400.png,94
4400.png,96
4400.png,19
4400.png,95
4400.png,56
4400.png,59
4400.png,100
4401.png,85
4401.png,1
4401.png,13
4401.png,18
4401.png,15
4401.png,33
4401.png,9
4401.png,20
4401.png,2
4401.png,19
4402.png,74
4402.png,56
4402.png,63
4402.png,58
4402.png,57
4402.png,81
4402.png,62
4402.png,75
4402.png,70
4402.png,26
4403.png,46
4403.png,77
4403.png,75
4403.png,69
4403.png,87
4403.png,84
4403.png,87
4403.png,59
4403.png,96
4403.png,100
4404.png,97
4404.png,96
4404.png,69
4404.png,66
4404.png,82
4404.png,92
4404.png,85
4404.png,100
4404.png,43
4404.png,73
4405.png,34
4405.png,74
4405.png,60
4405.png,41
4405.png,73
4405.png,63
4405.png,100
4405.png,47
4405.png,55
4405.png,79
4406.png,74
4406.png,76
4406.png,73
4406.png,75
4406.png,83
4406.png,57
4406.png,57
4406.png,82
4406.png,29
4406.png,44
4407.png,77
4407.png,18
4407.png,24
4407.png,20
4407.png,21
4407.png,25
4407.png,57
4407.png,27
4407.png,69
4407.png,37
4408.png,43
4408.png,31
4408.png,100
4408.png,23
4408.png,64
4408.png,61
4408.png,43
4408.png,11
4408.png,27
4408.png,68
4409.png,70
4409.png,43
4409.png,46
4409.png,43
4409.png,51
4409.png,26
4409.png,0
4409.png,38
4409.png,37
4409.png,56
4410.png,43
4410.png,15
4410.png,31
4410.png,15
4410.png,23
4410.png,7
4410.png,0
4410.png,19
4410.png,0
4410.png,63
4411.png,45
4411.png,75
4411.png,58
4411.png,69
4411.png,50
4411.png,56
4411.png,24
4411.png,75
4411.png,63
4411.png,39
4412.png,15
4412.png,5
4412.png,35
4412.png,22
4412.png,22
4412.png,2
4412.png,24
4412.png,5
4412.png,23
4412.png,0
4413.png,100
4413.png,88
4413.png,75
4413.png,92
4413.png,57
4413.png,60
4413.png,72
4413.png,38
4413.png,44
4413.png,58
4414.png,84
4414.png,63
4414.png,55
4414.png,17
4414.png,28
4414.png,82
4414.png,32
4414.png,70
4414.png,72
4414.png,94
4415.png,75
4415.png,75
4415.png,26
4415.png,43
4415.png,75
4415.png,7
4415.png,94
4415.png,28
4415.png,87
4415.png,58
4416.png,47
4416.png,0
4416.png,3
4416.png,37
4416.png,18
4416.png,23
4416.png,37
4416.png,12
4416.png,32
4416.png,79
4417.png,44
4417.png,36
4417.png,85
4417.png,60
4417.png,39
4417.png,56
4417.png,75
4417.png,64
4417.png,32
4417.png,66
4418.png,53
4418.png,56
4418.png,66
4418.png,42
4418.png,52
4418.png,62
4418.png,5
4418.png,31
4418.png,54
4418.png,17
4419.png,75
4419.png,14
4419.png,29
4419.png,0
4419.png,18
4419.png,17
4419.png,1
4419.png,10
4419.png,22
4419.png,44
4420.png,97
4420.png,41
4420.png,76
4420.png,69
4420.png,59
4420.png,90
4420.png,50
4420.png,16
4420.png,52
4420.png,94
4421.png,59
4421.png,79
4421.png,25
4421.png,43
4421.png,48
4421.png,29
4421.png,56
4421.png,38
4421.png,30
4421.png,59
4422.png,32
4422.png,17
4422.png,1
4422.png,45
4422.png,36
4422.png,65
4422.png,0
4422.png,26
4422.png,62
4422.png,56
4423.png,24
4423.png,53
4423.png,24
4423.png,35
4423.png,26
4423.png,43
4423.png,6
4423.png,62
4423.png,42
4423.png,63
4424.png,54
4424.png,62
4424.png,26
4424.png,57
4424.png,25
4424.png,34
4424.png,28
4424.png,67
4424.png,15
4424.png,45
4425.png,23
4425.png,79
4425.png,70
4425.png,63
4425.png,84
4425.png,100
4425.png,81
4425.png,87
4425.png,63
4425.png,100
4426.png,66
4426.png,80
4426.png,65
4426.png,34
4426.png,10
4426.png,61
4426.png,40
4426.png,46
4426.png,17
4426.png,60
4427.png,100
4427.png,32
4427.png,46
4427.png,62
4427.png,93
4427.png,78
4427.png,58
4427.png,74
4427.png,71
4427.png,52
4428.png,47
4428.png,75
4428.png,63
4428.png,42
4428.png,67
4428.png,59
4428.png,68
4428.png,60
4428.png,64
4428.png,12
4429.png,55
4429.png,66
4429.png,30
4429.png,77
4429.png,94
4429.png,38
4429.png,54
4429.png,74
4429.png,89
4429.png,37
4430.png,84
4430.png,56
4430.png,100
4430.png,65
4430.png,79
4430.png,0
4430.png,96
4430.png,100
4430.png,36
4430.png,99
4431.png,56
4431.png,50
4431.png,27
4431.png,16
4431.png,77
4431.png,24
4431.png,58
4431.png,19
4431.png,46
4431.png,67
4432.png,27
4432.png,53
4432.png,34
4432.png,25
4432.png,55
4432.png,66
4432.png,49
4432.png,33
4432.png,31
4432.png,8
4433.png,25
4433.png,36
4433.png,76
4433.png,44
4433.png,19
4433.png,37
4433.png,0
4433.png,73
4433.png,25
4433.png,4
4434.png,32
4434.png,4
4434.png,14
4434.png,17
4434.png,58
4434.png,10
4434.png,0
4434.png,1
4434.png,30
4434.png,18
4435.png,69
4435.png,80
4435.png,100
4435.png,0
4435.png,80
4435.png,84
4435.png,73
4435.png,32
4435.png,87
4435.png,67
4436.png,35
4436.png,86
4436.png,84
4436.png,36
4436.png,92
4436.png,40
4436.png,47
4436.png,57
4436.png,76
4436.png,83
4437.png,39
4437.png,65
4437.png,75
4437.png,39
4437.png,73
4437.png,72
4437.png,28
4437.png,57
4437.png,39
4437.png,92
4438.png,76
4438.png,78
4438.png,65
4438.png,67
4438.png,80
4438.png,100
4438.png,100
4438.png,85
4438.png,65
4438.png,91
4439.png,46
4439.png,54
4439.png,73
4439.png,15
4439.png,58
4439.png,61
4439.png,100
4439.png,49
4439.png,2
4439.png,74
4440.png,64
4440.png,60
4440.png,89
4440.png,46
4440.png,28
4440.png,54
4440.png,53
4440.png,97
4440.png,71
4440.png,67
4441.png,54
4441.png,84
4441.png,36
4441.png,75
4441.png,77
4441.png,63
4441.png,100
4441.png,82
4441.png,53
4441.png,26
4442.png,70
4442.png,46
4442.png,43
4442.png,1
4442.png,12
4442.png,74
4442.png,56
4442.png,57
4442.png,37
4442.png,59
4443.png,94
4443.png,29
4443.png,38
4443.png,77
4443.png,69
4443.png,39
4443.png,18
4443.png,44
4443.png,61
4443.png,78
4444.png,28
4444.png,47
4444.png,55
4444.png,87
4444.png,16
4444.png,3
4444.png,65
4444.png,8
4444.png,0
4444.png,35
4445.png,30
4445.png,18
4445.png,44
4445.png,100
4445.png,36
4445.png,34
4445.png,24
4445.png,76
4445.png,39
4445.png,40
4446.png,55
4446.png,82
4446.png,57
4446.png,35
4446.png,64
4446.png,67
4446.png,76
4446.png,71
4446.png,58
4446.png,73
4447.png,100
4447.png,90
4447.png,74
4447.png,31
4447.png,80
4447.png,91
4447.png,58
4447.png,94
4447.png,79
4447.png,67
4448.png,73
4448.png,100
4448.png,100
4448.png,100
4448.png,78
4448.png,72
4448.png,54
4448.png,81
4448.png,86
4448.png,90
4449.png,71
4449.png,42
4449.png,93
4449.png,77
4449.png,45
4449.png,68
4449.png,25
4449.png,67
4449.png,78
4449.png,46
4450.png,70
4450.png,17
4450.png,58
4450.png,100
4450.png,85
4450.png,63
4450.png,44
4450.png,100
4450.png,46
4450.png,76
4451.png,66
4451.png,61
4451.png,70
4451.png,70
4451.png,70
4451.png,65
4451.png,34
4451.png,59
4451.png,57
4451.png,84
4452.png,64
4452.png,69
4452.png,65
4452.png,73
4452.png,29
4452.png,68
4452.png,72
4452.png,27
4452.png,10
4452.png,70
4453.png,60
4453.png,88
4453.png,75
4453.png,52
4453.png,24
4453.png,100
4453.png,96
4453.png,92
4453.png,89
4453.png,91
4454.png,75
4454.png,47
4454.png,38
4454.png,40
4454.png,35
4454.png,58
4454.png,31
4454.png,43
4454.png,16
4454.png,79
4455.png,38
4455.png,17
4455.png,12
4455.png,57
4455.png,79
4455.png,29
4455.png,23
4455.png,29
4455.png,75
4455.png,41
4456.png,99
4456.png,65
4456.png,37
4456.png,67
4456.png,58
4456.png,74
4456.png,60
4456.png,44
4456.png,73
4456.png,77
4457.png,97
4457.png,100
4457.png,97
4457.png,77
4457.png,87
4457.png,98
4457.png,92
4457.png,63
4457.png,61
4457.png,63
4458.png,24
4458.png,46
4458.png,11
4458.png,4
4458.png,31
4458.png,27
4458.png,18
4458.png,18
4458.png,28
4458.png,19
4459.png,69
4459.png,59
4459.png,23
4459.png,75
4459.png,55
4459.png,70
4459.png,23
4459.png,64
4459.png,64
4459.png,69
4460.png,74
4460.png,93
4460.png,42
4460.png,58
4460.png,0
4460.png,48
4460.png,54
4460.png,68
4460.png,49
4460.png,62
4461.png,39
4461.png,24
4461.png,34
4461.png,47
4461.png,69
4461.png,50
4461.png,37
4461.png,44
4461.png,54
4461.png,0
4462.png,1
4462.png,11
4462.png,0
4462.png,60
4462.png,25
4462.png,21
4462.png,68
4462.png,15
4462.png,40
4462.png,80
4463.png,15
4463.png,23
4463.png,0
4463.png,0
4463.png,23
4463.png,28
4463.png,2
4463.png,19
4463.png,12
4463.png,23
4464.png,100
4464.png,56
4464.png,75
4464.png,70
4464.png,69
4464.png,100
4464.png,88
4464.png,100
4464.png,89
4464.png,100
4465.png,0
4465.png,77
4465.png,57
4465.png,78
4465.png,87
4465.png,48
4465.png,70
4465.png,55
4465.png,50
4465.png,68
4466.png,86
4466.png,20
4466.png,20
4466.png,41
4466.png,68
4466.png,58
4466.png,29
4466.png,50
4466.png,45
4466.png,46
4467.png,3
4467.png,7
4467.png,7
4467.png,0
4467.png,74
4467.png,6
4467.png,3
4467.png,15
4467.png,8
4467.png,11
4468.png,0
4468.png,25
4468.png,66
4468.png,39
4468.png,22
4468.png,41
4468.png,56
4468.png,57
4468.png,44
4468.png,33
4469.png,23
4469.png,7
4469.png,2
4469.png,18
4469.png,35
4469.png,6
4469.png,50
4469.png,9
4469.png,18
4469.png,1
4470.png,100
4470.png,48
4470.png,74
4470.png,62
4470.png,82
4470.png,90
4470.png,87
4470.png,87
4470.png,80
4470.png,97
4471.png,46
4471.png,40
4471.png,5
4471.png,79
4471.png,26
4471.png,16
4471.png,54
4471.png,54
4471.png,73
4471.png,17
4472.png,75
4472.png,14
4472.png,56
4472.png,43
4472.png,65
4472.png,56
4472.png,60
4472.png,45
4472.png,23
4472.png,67
4473.png,25
4473.png,36
4473.png,17
4473.png,47
4473.png,29
4473.png,39
4473.png,60
4473.png,39
4473.png,25
4473.png,20
4474.png,67
4474.png,74
4474.png,76
4474.png,36
4474.png,84
4474.png,82
4474.png,46
4474.png,95
4474.png,95
4474.png,46
4475.png,46
4475.png,81
4475.png,84
4475.png,42
4475.png,43
4475.png,67
4475.png,40
4475.png,9
4475.png,24
4475.png,14
4476.png,96
4476.png,60
4476.png,62
4476.png,48
4476.png,100
4476.png,56
4476.png,86
4476.png,89
4476.png,27
4476.png,61
4477.png,59
4477.png,51
4477.png,24
4477.png,78
4477.png,23
4477.png,62
4477.png,38
4477.png,24
4477.png,37
4477.png,15
4478.png,25
4478.png,85
4478.png,47
4478.png,57
4478.png,58
4478.png,73
4478.png,43
4478.png,18
4478.png,56
4478.png,27
4479.png,100
4479.png,100
4479.png,62
4479.png,100
4479.png,100
4479.png,58
4479.png,77
4479.png,55
4479.png,86
4479.png,68
4480.png,80
4480.png,0
4480.png,89
4480.png,72
4480.png,100
4480.png,42
4480.png,63
4480.png,61
4480.png,100
4480.png,71
4481.png,28
4481.png,41
4481.png,26
4481.png,33
4481.png,55
4481.png,42
4481.png,22
4481.png,64
4481.png,22
4481.png,56
4482.png,40
4482.png,66
4482.png,60
4482.png,41
4482.png,69
4482.png,42
4482.png,100
4482.png,22
4482.png,39
4482.png,56
4483.png,84
4483.png,88
4483.png,61
4483.png,100
4483.png,75
4483.png,80
4483.png,62
4483.png,99
4483.png,100
4483.png,89
4484.png,30
4484.png,78
4484.png,32
4484.png,66
4484.png,75
4484.png,48
4484.png,44
4484.png,2
4484.png,9
4484.png,43
4485.png,70
4485.png,72
4485.png,17
4485.png,70
4485.png,79
4485.png,67
4485.png,33
4485.png,64
4485.png,62
4485.png,75
4486.png,30
4486.png,32
4486.png,58
4486.png,7
4486.png,33
4486.png,37
4486.png,21
4486.png,74
4486.png,74
4486.png,43
4487.png,23
4487.png,31
4487.png,26
4487.png,24
4487.png,54
4487.png,46
4487.png,23
4487.png,39
4487.png,42
4487.png,45
4488.png,42
4488.png,82
4488.png,82
4488.png,87
4488.png,24
4488.png,85
4488.png,14
4488.png,35
4488.png,64
4488.png,26
4489.png,37
4489.png,74
4489.png,73
4489.png,85
4489.png,85
4489.png,78
4489.png,61
4489.png,24
4489.png,82
4489.png,61
4490.png,42
4490.png,24
4490.png,0
4490.png,13
4490.png,26
4490.png,34
4490.png,0
4490.png,22
4490.png,4
4490.png,39
4491.png,66
4491.png,100
4491.png,75
4491.png,6
4491.png,53
4491.png,94
4491.png,77
4491.png,34
4491.png,33
4491.png,60
4492.png,56
4492.png,73
4492.png,62
4492.png,76
4492.png,100
4492.png,75
4492.png,67
4492.png,61
4492.png,100
4492.png,65
4493.png,93
4493.png,64
4493.png,36
4493.png,94
4493.png,74
4493.png,65
4493.png,69
4493.png,60
4493.png,74
4493.png,97
4494.png,73
4494.png,41
4494.png,70
4494.png,78
4494.png,70
4494.png,87
4494.png,76
4494.png,20
4494.png,79
4494.png,54
4495.png,60
4495.png,40
4495.png,74
4495.png,59
4495.png,97
4495.png,61
4495.png,73
4495.png,75
4495.png,81
4495.png,97
4496.png,21
4496.png,40
4496.png,30
4496.png,79
4496.png,82
4496.png,64
4496.png,49
4496.png,85
4496.png,33
4496.png,74
4497.png,19
4497.png,35
4497.png,10
4497.png,7
4497.png,5
4497.png,73
4497.png,25
4497.png,20
4497.png,0
4497.png,26
4498.png,0
4498.png,21
4498.png,41
4498.png,77
4498.png,27
4498.png,17
4498.png,50
4498.png,8
4498.png,19
4498.png,50
4499.png,55
4499.png,93
4499.png,89
4499.png,85
4499.png,97
4499.png,79
4499.png,95
4499.png,88
4499.png,67
4499.png,90
4500.png,75
4500.png,74
4500.png,73
4500.png,85
4500.png,89
4500.png,87
4500.png,58
4500.png,99
4500.png,27
4500.png,59
4501.png,8
4501.png,0
4501.png,0
4501.png,19
4501.png,43
4501.png,19
4501.png,14
4501.png,35
4501.png,3
4501.png,42
4502.png,62
4502.png,22
4502.png,25
4502.png,92
4502.png,91
4502.png,61
4502.png,60
4502.png,50
4502.png,64
4502.png,74
4503.png,44
4503.png,67
4503.png,88
4503.png,87
4503.png,21
4503.png,54
4503.png,61
4503.png,56
4503.png,75
4503.png,98
4504.png,7
4504.png,0
4504.png,72
4504.png,41
4504.png,25
4504.png,21
4504.png,22
4504.png,16
4504.png,25
4504.png,41
4505.png,57
4505.png,28
4505.png,94
4505.png,32
4505.png,58
4505.png,100
4505.png,16
4505.png,97
4505.png,17
4505.png,24
4506.png,44
4506.png,63
4506.png,78
4506.png,85
4506.png,66
4506.png,63
4506.png,60
4506.png,62
4506.png,75
4506.png,29
4507.png,61
4507.png,100
4507.png,26
4507.png,91
4507.png,0
4507.png,40
4507.png,93
4507.png,64
4507.png,59
4507.png,58
4508.png,26
4508.png,24
4508.png,0
4508.png,50
4508.png,1
4508.png,31
4508.png,24
4508.png,17
4508.png,20
4508.png,0
4509.png,50
4509.png,30
4509.png,14
4509.png,55
4509.png,15
4509.png,67
4509.png,61
4509.png,57
4509.png,67
4509.png,42
4510.png,5
4510.png,5
4510.png,5
4510.png,37
4510.png,64
4510.png,1
4510.png,0
4510.png,43
4510.png,38
4510.png,0
4511.png,43
4511.png,20
4511.png,46
4511.png,59
4511.png,38
4511.png,75
4511.png,2
4511.png,59
4511.png,84
4511.png,52
4512.png,55
4512.png,30
4512.png,12
4512.png,32
4512.png,10
4512.png,55
4512.png,6
4512.png,62
4512.png,26
4512.png,44
4513.png,46
4513.png,54
4513.png,95
4513.png,44
4513.png,75
4513.png,83
4513.png,68
4513.png,46
4513.png,42
4513.png,98
4514.png,54
4514.png,40
4514.png,18
4514.png,11
4514.png,36
4514.png,50
4514.png,75
4514.png,67
4514.png,77
4514.png,23
4515.png,58
4515.png,50
4515.png,36
4515.png,8
4515.png,5
4515.png,39
4515.png,11
4515.png,21
4515.png,29
4515.png,17
4516.png,100
4516.png,38
4516.png,100
4516.png,86
4516.png,97
4516.png,100
4516.png,66
4516.png,11
4516.png,62
4516.png,100
4517.png,59
4517.png,5
4517.png,29
4517.png,6
4517.png,74
4517.png,5
4517.png,0
4517.png,32
4517.png,37
4517.png,2
4518.png,53
4518.png,56
4518.png,73
4518.png,94
4518.png,74
4518.png,84
4518.png,41
4518.png,86
4518.png,38
4518.png,63
4519.png,94
4519.png,100
4519.png,81
4519.png,100
4519.png,98
4519.png,97
4519.png,96
4519.png,74
4519.png,99
4519.png,79
4520.png,65
4520.png,59
4520.png,100
4520.png,54
4520.png,84
4520.png,86
4520.png,2
4520.png,33
4520.png,72
4520.png,74
4521.png,100
4521.png,62
4521.png,100
4521.png,74
4521.png,80
4521.png,77
4521.png,100
4521.png,100
4521.png,99
4521.png,100
4522.png,39
4522.png,25
4522.png,17
4522.png,42
4522.png,18
4522.png,39
4522.png,7
4522.png,0
4522.png,0
4522.png,16
4523.png,19
4523.png,44
4523.png,57
4523.png,12
4523.png,28
4523.png,15
4523.png,4
4523.png,58
4523.png,57
4523.png,50
4524.png,7
4524.png,33
4524.png,50
4524.png,7
4524.png,7
4524.png,50
4524.png,30
4524.png,55
4524.png,59
4524.png,40
4525.png,23
4525.png,5
4525.png,6
4525.png,5
4525.png,12
4525.png,0
4525.png,38
4525.png,0
4525.png,5
4525.png,37
4526.png,58
4526.png,69
4526.png,50
4526.png,40
4526.png,49
4526.png,75
4526.png,58
4526.png,5
4526.png,90
4526.png,58
4527.png,75
4527.png,80
4527.png,61
4527.png,66
4527.png,50
4527.png,98
4527.png,100
4527.png,91
4527.png,63
4527.png,79
4528.png,100
4528.png,56
4528.png,99
4528.png,98
4528.png,61
4528.png,60
4528.png,71
4528.png,55
4528.png,64
4528.png,75
4529.png,85
4529.png,89
4529.png,84
4529.png,88
4529.png,75
4529.png,75
4529.png,65
4529.png,75
4529.png,98
4529.png,78
4530.png,9
4530.png,18
4530.png,20
4530.png,50
4530.png,38
4530.png,53
4530.png,50
4530.png,34
4530.png,0
4530.png,35
4531.png,15
4531.png,22
4531.png,17
4531.png,65
4531.png,41
4531.png,54
4531.png,37
4531.png,49
4531.png,76
4531.png,50
4532.png,94
4532.png,51
4532.png,51
4532.png,100
4532.png,35
4532.png,40
4532.png,97
4532.png,97
4532.png,92
4532.png,42
4533.png,23
4533.png,63
4533.png,8
4533.png,50
4533.png,32
4533.png,7
4533.png,18
4533.png,15
4533.png,15
4533.png,12
4534.png,100
4534.png,64
4534.png,25
4534.png,31
4534.png,98
4534.png,62
4534.png,65
4534.png,41
4534.png,52
4534.png,14
4535.png,27
4535.png,50
4535.png,25
4535.png,2
4535.png,0
4535.png,6
4535.png,21
4535.png,55
4535.png,0
4535.png,21
4536.png,98
4536.png,100
4536.png,74
4536.png,97
4536.png,75
4536.png,98
4536.png,89
4536.png,60
4536.png,100
4536.png,98
4537.png,50
4537.png,60
4537.png,36
4537.png,21
4537.png,46
4537.png,16
4537.png,25
4537.png,8
4537.png,50
4537.png,41
4538.png,90
4538.png,36
4538.png,57
4538.png,4
4538.png,41
4538.png,35
4538.png,50
4538.png,18
4538.png,59
4538.png,69
4539.png,97
4539.png,70
4539.png,84
4539.png,62
4539.png,85
4539.png,96
4539.png,98
4539.png,95
4539.png,96
4539.png,82
4540.png,60
4540.png,79
4540.png,86
4540.png,70
4540.png,87
4540.png,70
4540.png,54
4540.png,100
4540.png,75
4540.png,73
4541.png,45
4541.png,41
4541.png,37
4541.png,42
4541.png,20
4541.png,5
4541.png,0
4541.png,64
4541.png,4
4541.png,25
4542.png,7
4542.png,97
4542.png,47
4542.png,62
4542.png,46
4542.png,73
4542.png,70
4542.png,37
4542.png,52
4542.png,0
4543.png,92
4543.png,50
4543.png,93
4543.png,99
4543.png,95
4543.png,100
4543.png,65
4543.png,94
4543.png,81
4543.png,95
4544.png,33
4544.png,6
4544.png,38
4544.png,11
4544.png,25
4544.png,5
4544.png,1
4544.png,10
4544.png,42
4544.png,0
4545.png,100
4545.png,100
4545.png,95
4545.png,94
4545.png,69
4545.png,83
4545.png,61
4545.png,92
4545.png,94
4545.png,95
4546.png,6
4546.png,15
4546.png,12
4546.png,20
4546.png,3
4546.png,65
4546.png,25
4546.png,18
4546.png,34
4546.png,30
4547.png,0
4547.png,18
4547.png,5
4547.png,20
4547.png,23
4547.png,30
4547.png,27
4547.png,25
4547.png,40
4547.png,20
4548.png,96
4548.png,100
4548.png,88
4548.png,80
4548.png,100
4548.png,100
4548.png,100
4548.png,81
4548.png,90
4548.png,99
4549.png,75
4549.png,55
4549.png,99
4549.png,39
4549.png,42
4549.png,81
4549.png,68
4549.png,25
4549.png,26
4549.png,34
4550.png,58
4550.png,75
4550.png,53
4550.png,79
4550.png,62
4550.png,62
4550.png,43
4550.png,42
4550.png,46
4550.png,21
4551.png,92
4551.png,94
4551.png,98
4551.png,61
4551.png,82
4551.png,76
4551.png,96
4551.png,100
4551.png,81
4551.png,77
4552.png,62
4552.png,32
4552.png,14
4552.png,60
4552.png,24
4552.png,13
4552.png,39
4552.png,37
4552.png,40
4552.png,2
4553.png,51
4553.png,62
4553.png,93
4553.png,100
4553.png,100
4553.png,67
4553.png,76
4553.png,100
4553.png,62
4553.png,89
4554.png,65
4554.png,38
4554.png,36
4554.png,75
4554.png,97
4554.png,65
4554.png,33
4554.png,53
4554.png,54
4554.png,65
4555.png,97
4555.png,39
4555.png,100
4555.png,100
4555.png,80
4555.png,99
4555.png,71
4555.png,54
4555.png,96
4555.png,99
4556.png,27
4556.png,65
4556.png,53
4556.png,63
4556.png,28
4556.png,42
4556.png,60
4556.png,75
4556.png,33
4556.png,44
4557.png,22
4557.png,18
4557.png,3
4557.png,15
4557.png,29
4557.png,57
4557.png,6
4557.png,38
4557.png,50
4557.png,26
4558.png,10
4558.png,50
4558.png,10
4558.png,63
4558.png,37
4558.png,46
4558.png,33
4558.png,60
4558.png,0
4558.png,2
4559.png,89
4559.png,40
4559.png,99
4559.png,82
4559.png,58
4559.png,72
4559.png,68
4559.png,99
4559.png,50
4559.png,98
4560.png,36
4560.png,50
4560.png,42
4560.png,6
4560.png,37
4560.png,25
4560.png,16
4560.png,27
4560.png,42
4560.png,0
4561.png,75
4561.png,55
4561.png,69
4561.png,75
4561.png,76
4561.png,68
4561.png,65
4561.png,53
4561.png,85
4561.png,61
4562.png,97
4562.png,98
4562.png,97
4562.png,90
4562.png,96
4562.png,87
4562.png,84
4562.png,99
4562.png,100
4562.png,55
4563.png,99
4563.png,98
4563.png,100
4563.png,78
4563.png,97
4563.png,73
4563.png,100
4563.png,68
4563.png,81
4563.png,91
4564.png,33
4564.png,8
4564.png,4
4564.png,41
4564.png,38
4564.png,20
4564.png,19
4564.png,43
4564.png,50
4564.png,4
4565.png,85
4565.png,74
4565.png,69
4565.png,56
4565.png,39
4565.png,63
4565.png,74
4565.png,63
4565.png,97
4565.png,87
4566.png,92
4566.png,100
4566.png,99
4566.png,94
4566.png,93
4566.png,71
4566.png,93
4566.png,75
4566.png,97
4566.png,99
4567.png,38
4567.png,0
4567.png,1
4567.png,24
4567.png,18
4567.png,61
4567.png,68
4567.png,47
4567.png,25
4567.png,0
4568.png,9
4568.png,5
4568.png,0
4568.png,0
4568.png,27
4568.png,0
4568.png,11
4568.png,15
4568.png,45
4568.png,0
4569.png,10
4569.png,50
4569.png,46
4569.png,29
4569.png,63
4569.png,5
4569.png,24
4569.png,50
4569.png,63
4569.png,16
4570.png,75
4570.png,96
4570.png,99
4570.png,82
4570.png,85
4570.png,58
4570.png,42
4570.png,76
4570.png,100
4570.png,100
4571.png,83
4571.png,50
4571.png,4
4571.png,22
4571.png,25
4571.png,0
4571.png,1
4571.png,17
4571.png,59
4571.png,31
4572.png,56
4572.png,59
4572.png,40
4572.png,100
4572.png,63
4572.png,92
4572.png,40
4572.png,55
4572.png,28
4572.png,56
4573.png,28
4573.png,50
4573.png,50
4573.png,74
4573.png,21
4573.png,45
4573.png,53
4573.png,61
4573.png,40
4573.png,83
4574.png,7
4574.png,6
4574.png,9
4574.png,50
4574.png,46
4574.png,21
4574.png,8
4574.png,42
4574.png,34
4574.png,33
4575.png,97
4575.png,91
4575.png,61
4575.png,59
4575.png,88
4575.png,75
4575.png,46
4575.png,71
4575.png,51
4575.png,20
4576.png,71
4576.png,94
4576.png,96
4576.png,64
4576.png,91
4576.png,53
4576.png,56
4576.png,79
4576.png,57
4576.png,100
4577.png,41
4577.png,0
4577.png,57
4577.png,24
4577.png,22
4577.png,20
4577.png,33
4577.png,15
4577.png,25
4577.png,10
4578.png,81
4578.png,66
4578.png,85
4578.png,80
4578.png,71
4578.png,77
4578.png,64
4578.png,51
4578.png,68
4578.png,75
4579.png,26
4579.png,37
4579.png,18
4579.png,24
4579.png,46
4579.png,47
4579.png,30
4579.png,18
4579.png,19
4579.png,50
4580.png,37
4580.png,27
4580.png,3
4580.png,31
4580.png,42
4580.png,0
4580.png,17
4580.png,33
4580.png,63
4580.png,3
4581.png,2
4581.png,14
4581.png,67
4581.png,0
4581.png,5
4581.png,24
4581.png,17
4581.png,0
4581.png,3
4581.png,49
4582.png,48
4582.png,26
4582.png,16
4582.png,23
4582.png,0
4582.png,39
4582.png,10
4582.png,2
4582.png,63
4582.png,11
4583.png,98
4583.png,97
4583.png,86
4583.png,72
4583.png,57
4583.png,57
4583.png,75
4583.png,62
4583.png,69
4583.png,67
4584.png,100
4584.png,95
4584.png,91
4584.png,74
4584.png,98
4584.png,94
4584.png,100
4584.png,89
4584.png,68
4584.png,76
4585.png,6
4585.png,38
4585.png,50
4585.png,32
4585.png,55
4585.png,48
4585.png,4
4585.png,14
4585.png,54
4585.png,66
4586.png,38
4586.png,61
4586.png,50
4586.png,45
4586.png,2
4586.png,57
4586.png,14
4586.png,27
4586.png,75
4586.png,39
4587.png,23
4587.png,0
4587.png,41
4587.png,19
4587.png,0
4587.png,21
4587.png,38
4587.png,4
4587.png,11
4587.png,0
4588.png,100
4588.png,100
4588.png,58
4588.png,100
4588.png,99
4588.png,78
4588.png,99
4588.png,63
4588.png,92
4588.png,85
4589.png,18
4589.png,38
4589.png,8
4589.png,60
4589.png,52
4589.png,25
4589.png,17
4589.png,57
4589.png,28
4589.png,67
4590.png,80
4590.png,86
4590.png,55
4590.png,75
4590.png,98
4590.png,75
4590.png,99
4590.png,100
4590.png,93
4590.png,77
4591.png,59
4591.png,75
4591.png,69
4591.png,100
4591.png,95
4591.png,62
4591.png,68
4591.png,70
4591.png,94
4591.png,27
4592.png,50
4592.png,39
4592.png,38
4592.png,25
4592.png,55
4592.png,33
4592.png,60
4592.png,15
4592.png,42
4592.png,61
4593.png,71
4593.png,80
4593.png,88
4593.png,60
4593.png,36
4593.png,100
4593.png,87
4593.png,39
4593.png,52
4593.png,51
4594.png,63
4594.png,12
4594.png,37
4594.png,79
4594.png,39
4594.png,81
4594.png,73
4594.png,41
4594.png,89
4594.png,86
4595.png,63
4595.png,75
4595.png,63
4595.png,25
4595.png,33
4595.png,24
4595.png,37
4595.png,31
4595.png,64
4595.png,59
4596.png,87
4596.png,87
4596.png,55
4596.png,34
4596.png,45
4596.png,10
4596.png,21
4596.png,33
4596.png,63
4596.png,42
4597.png,67
4597.png,70
4597.png,100
4597.png,94
4597.png,75
4597.png,85
4597.png,83
4597.png,70
4597.png,97
4597.png,57
4598.png,64
4598.png,6
4598.png,28
4598.png,50
4598.png,4
4598.png,41
4598.png,16
4598.png,38
4598.png,40
4598.png,29
4599.png,23
4599.png,37
4599.png,55
4599.png,58
4599.png,24
4599.png,50
4599.png,42
4599.png,0
4599.png,22
4599.png,18
4600.png,59
4600.png,0
4600.png,41
4600.png,9
4600.png,75
4600.png,72
4600.png,93
4600.png,63
4600.png,54
4600.png,41
4601.png,23
4601.png,59
4601.png,25
4601.png,56
4601.png,38
4601.png,63
4601.png,0
4601.png,15
4601.png,37
4601.png,10
4602.png,31
4602.png,54
4602.png,9
4602.png,63
4602.png,88
4602.png,50
4602.png,4
4602.png,33
4602.png,34
4602.png,59
4603.png,11
4603.png,24
4603.png,75
4603.png,24
4603.png,29
4603.png,68
4603.png,43
4603.png,60
4603.png,50
4603.png,62
4604.png,100
4604.png,93
4604.png,69
4604.png,75
4604.png,28
4604.png,96
4604.png,60
4604.png,63
4604.png,64
4604.png,40
4605.png,37
4605.png,63
4605.png,35
4605.png,55
4605.png,0
4605.png,25
4605.png,62
4605.png,95
4605.png,8
4605.png,0
4606.png,4
4606.png,7
4606.png,0
4606.png,12
4606.png,24
4606.png,44
4606.png,1
4606.png,30
4606.png,0
4606.png,29
4607.png,35
4607.png,20
4607.png,43
4607.png,5
4607.png,60
4607.png,23
4607.png,12
4607.png,1
4607.png,24
4607.png,25
4608.png,59
4608.png,5
4608.png,23
4608.png,25
4608.png,29
4608.png,36
4608.png,20
4608.png,31
4608.png,0
4608.png,16
4609.png,59
4609.png,14
4609.png,54
4609.png,20
4609.png,75
4609.png,50
4609.png,22
4609.png,44
4609.png,17
4609.png,75
4610.png,90
4610.png,97
4610.png,85
4610.png,59
4610.png,42
4610.png,87
4610.png,75
4610.png,84
4610.png,97
4610.png,74
4611.png,53
4611.png,69
4611.png,75
4611.png,84
4611.png,60
4611.png,73
4611.png,33
4611.png,54
4611.png,82
4611.png,38
4612.png,66
4612.png,45
4612.png,18
4612.png,50
4612.png,0
4612.png,46
4612.png,89
4612.png,76
4612.png,60
4612.png,60
4613.png,61
4613.png,39
4613.png,75
4613.png,74
4613.png,99
4613.png,48
4613.png,75
4613.png,91
4613.png,65
4613.png,67
4614.png,25
4614.png,1
4614.png,3
4614.png,26
4614.png,22
4614.png,20
4614.png,26
4614.png,59
4614.png,4
4614.png,24
4615.png,80
4615.png,82
4615.png,61
4615.png,59
4615.png,84
4615.png,81
4615.png,46
4615.png,15
4615.png,78
4615.png,100
4616.png,10
4616.png,50
4616.png,64
4616.png,26
4616.png,12
4616.png,13
4616.png,18
4616.png,41
4616.png,34
4616.png,34
4617.png,74
4617.png,54
4617.png,78
4617.png,75
4617.png,100
4617.png,63
4617.png,95
4617.png,78
4617.png,39
4617.png,84
4618.png,58
4618.png,51
4618.png,0
4618.png,59
4618.png,100
4618.png,98
4618.png,75
4618.png,88
4618.png,50
4618.png,47
4619.png,89
4619.png,79
4619.png,68
4619.png,98
4619.png,72
4619.png,100
4619.png,79
4619.png,72
4619.png,96
4619.png,82
4620.png,66
4620.png,75
4620.png,39
4620.png,34
4620.png,75
4620.png,25
4620.png,91
4620.png,82
4620.png,56
4620.png,54
4621.png,63
4621.png,96
4621.png,81
4621.png,96
4621.png,44
4621.png,70
4621.png,86
4621.png,38
4621.png,62
4621.png,71
4622.png,3
4622.png,40
4622.png,0
4622.png,3
4622.png,13
4622.png,24
4622.png,0
4622.png,44
4622.png,39
4622.png,16
4623.png,75
4623.png,67
4623.png,96
4623.png,50
4623.png,82
4623.png,78
4623.png,99
4623.png,84
4623.png,63
4623.png,94
4624.png,100
4624.png,79
4624.png,94
4624.png,100
4624.png,100
4624.png,86
4624.png,100
4624.png,62
4624.png,72
4624.png,57
4625.png,100
4625.png,99
4625.png,83
4625.png,95
4625.png,98
4625.png,89
4625.png,46
4625.png,84
4625.png,92
4625.png,100
4626.png,43
4626.png,25
4626.png,0
4626.png,62
4626.png,12
4626.png,9
4626.png,25
4626.png,94
4626.png,0
4626.png,22
4627.png,61
4627.png,63
4627.png,62
4627.png,67
4627.png,13
4627.png,33
4627.png,44
4627.png,63
4627.png,64
4627.png,37
4628.png,59
4628.png,39
4628.png,62
4628.png,40
4628.png,80
4628.png,6
4628.png,75
4628.png,59
4628.png,74
4628.png,29
4629.png,81
4629.png,50
4629.png,93
4629.png,74
4629.png,0
4629.png,36
4629.png,62
4629.png,67
4629.png,18
4629.png,70
4630.png,93
4630.png,37
4630.png,71
4630.png,75
4630.png,86
4630.png,59
4630.png,67
4630.png,59
4630.png,75
4630.png,93
4631.png,63
4631.png,91
4631.png,100
4631.png,73
4631.png,59
4631.png,94
4631.png,93
4631.png,75
4631.png,75
4631.png,81
4632.png,100
4632.png,92
4632.png,93
4632.png,80
4632.png,62
4632.png,100
4632.png,88
4632.png,69
4632.png,100
4632.png,100
4633.png,77
4633.png,59
4633.png,38
4633.png,25
4633.png,0
4633.png,11
4633.png,65
4633.png,75
4633.png,68
4633.png,67
4634.png,17
4634.png,20
4634.png,50
4634.png,50
4634.png,64
4634.png,56
4634.png,24
4634.png,65
4634.png,41
4634.png,42
4635.png,2
4635.png,0
4635.png,0
4635.png,36
4635.png,37
4635.png,23
4635.png,21
4635.png,24
4635.png,6
4635.png,11
4636.png,33
4636.png,34
4636.png,39
4636.png,7
4636.png,28
4636.png,25
4636.png,12
4636.png,38
4636.png,2
4636.png,31
4637.png,54
4637.png,17
4637.png,74
4637.png,99
4637.png,56
4637.png,94
4637.png,100
4637.png,43
4637.png,59
4637.png,90
4638.png,98
4638.png,66
4638.png,33
4638.png,72
4638.png,64
4638.png,75
4638.png,97
4638.png,22
4638.png,66
4638.png,57
4639.png,4
4639.png,74
4639.png,41
4639.png,38
4639.png,62
4639.png,48
4639.png,61
4639.png,13
4639.png,60
4639.png,21
4640.png,63
4640.png,64
4640.png,14
4640.png,57
4640.png,18
4640.png,70
4640.png,67
4640.png,29
4640.png,74
4640.png,57
4641.png,0
4641.png,8
4641.png,59
4641.png,0
4641.png,8
4641.png,18
4641.png,14
4641.png,38
4641.png,9
4641.png,0
4642.png,84
4642.png,68
4642.png,100
4642.png,74
4642.png,100
4642.png,28
4642.png,86
4642.png,93
4642.png,42
4642.png,66
4643.png,15
4643.png,38
4643.png,44
4643.png,12
4643.png,0
4643.png,9
4643.png,34
4643.png,3
4643.png,29
4643.png,27
4644.png,33
4644.png,31
4644.png,0
4644.png,63
4644.png,76
4644.png,38
4644.png,34
4644.png,90
4644.png,25
4644.png,43
4645.png,11
4645.png,92
4645.png,100
4645.png,94
4645.png,73
4645.png,81
4645.png,40
4645.png,87
4645.png,92
4645.png,55
4646.png,62
4646.png,69
4646.png,69
4646.png,46
4646.png,76
4646.png,13
4646.png,56
4646.png,89
4646.png,61
4646.png,22
4647.png,41
4647.png,0
4647.png,0
4647.png,14
4647.png,10
4647.png,19
4647.png,7
4647.png,22
4647.png,16
4647.png,53
4648.png,39
4648.png,20
4648.png,68
4648.png,62
4648.png,100
4648.png,8
4648.png,78
4648.png,69
4648.png,78
4648.png,90
4649.png,100
4649.png,42
4649.png,67
4649.png,76
4649.png,67
4649.png,74
4649.png,90
4649.png,50
4649.png,86
4649.png,94
4650.png,83
4650.png,100
4650.png,87
4650.png,59
4650.png,41
4650.png,59
4650.png,39
4650.png,59
4650.png,31
4650.png,97
4651.png,50
4651.png,59
4651.png,76
4651.png,40
4651.png,21
4651.png,67
4651.png,1
4651.png,8
4651.png,73
4651.png,72
4652.png,22
4652.png,31
4652.png,0
4652.png,0
4652.png,18
4652.png,25
4652.png,8
4652.png,9
4652.png,19
4652.png,38
4653.png,46
4653.png,24
4653.png,66
4653.png,55
4653.png,14
4653.png,15
4653.png,80
4653.png,57
4653.png,19
4653.png,53
4654.png,66
4654.png,13
4654.png,30
4654.png,30
4654.png,36
4654.png,0
4654.png,0
4654.png,36
4654.png,31
4654.png,5
4655.png,28
4655.png,25
4655.png,30
4655.png,1
4655.png,49
4655.png,34
4655.png,60
4655.png,31
4655.png,26
4655.png,5
4656.png,74
4656.png,48
4656.png,37
4656.png,24
4656.png,29
4656.png,10
4656.png,69
4656.png,78
4656.png,31
4656.png,34
4657.png,29
4657.png,81
4657.png,74
4657.png,75
4657.png,61
4657.png,100
4657.png,38
4657.png,82
4657.png,33
4657.png,47
4658.png,68
4658.png,70
4658.png,54
4658.png,41
4658.png,55
4658.png,50
4658.png,35
4658.png,2
4658.png,24
4658.png,40
4659.png,100
4659.png,38
4659.png,76
4659.png,42
4659.png,9
4659.png,75
4659.png,80
4659.png,63
4659.png,100
4659.png,47
4660.png,44
4660.png,67
4660.png,85
4660.png,100
4660.png,94
4660.png,100
4660.png,100
4660.png,100
4660.png,83
4660.png,69
4661.png,4
4661.png,41
4661.png,8
4661.png,19
4661.png,17
4661.png,28
4661.png,14
4661.png,4
4661.png,24
4661.png,5
4662.png,56
4662.png,14
4662.png,44
4662.png,69
4662.png,53
4662.png,3
4662.png,24
4662.png,49
4662.png,40
4662.png,7
4663.png,24
4663.png,70
4663.png,84
4663.png,96
4663.png,76
4663.png,77
4663.png,86
4663.png,100
4663.png,71
4663.png,58
4664.png,9
4664.png,3
4664.png,39
4664.png,52
4664.png,51
4664.png,39
4664.png,50
4664.png,42
4664.png,33
4664.png,13
4665.png,4
4665.png,41
4665.png,62
4665.png,14
4665.png,67
4665.png,25
4665.png,57
4665.png,34
4665.png,42
4665.png,38
4666.png,63
4666.png,9
4666.png,49
4666.png,36
4666.png,84
4666.png,63
4666.png,66
4666.png,28
4666.png,64
4666.png,49
4667.png,63
4667.png,86
4667.png,100
4667.png,79
4667.png,66
4667.png,87
4667.png,100
4667.png,77
4667.png,87
4667.png,55
4668.png,68
4668.png,20
4668.png,15
4668.png,68
4668.png,14
4668.png,22
4668.png,54
4668.png,3
4668.png,44
4668.png,11
4669.png,9
4669.png,11
4669.png,32
4669.png,30
4669.png,0
4669.png,75
4669.png,33
4669.png,54
4669.png,38
4669.png,59
4670.png,34
4670.png,52
4670.png,7
4670.png,7
4670.png,34
4670.png,59
4670.png,25
4670.png,71
4670.png,20
4670.png,5
4671.png,35
4671.png,24
4671.png,32
4671.png,25
4671.png,15
4671.png,10
4671.png,16
4671.png,0
4671.png,24
4671.png,9
4672.png,14
4672.png,62
4672.png,7
4672.png,38
4672.png,39
4672.png,67
4672.png,24
4672.png,11
4672.png,3
4672.png,6
4673.png,64
4673.png,44
4673.png,81
4673.png,86
4673.png,100
4673.png,95
4673.png,79
4673.png,63
4673.png,63
4673.png,59
4674.png,83
4674.png,72
4674.png,18
4674.png,97
4674.png,100
4674.png,54
4674.png,100
4674.png,66
4674.png,70
4674.png,76
4675.png,45
4675.png,14
4675.png,76
4675.png,50
4675.png,50
4675.png,65
4675.png,37
4675.png,12
4675.png,24
4675.png,2
4676.png,14
4676.png,65
4676.png,37
4676.png,23
4676.png,71
4676.png,67
4676.png,42
4676.png,67
4676.png,35
4676.png,35
4677.png,90
4677.png,67
4677.png,100
4677.png,60
4677.png,74
4677.png,70
4677.png,90
4677.png,44
4677.png,71
4677.png,86
4678.png,93
4678.png,100
4678.png,100
4678.png,100
4678.png,100
4678.png,67
4678.png,69
4678.png,100
4678.png,44
4678.png,72
4679.png,16
4679.png,27
4679.png,13
4679.png,18
4679.png,0
4679.png,6
4679.png,49
4679.png,24
4679.png,37
4679.png,0
4680.png,38
4680.png,22
4680.png,50
4680.png,43
4680.png,80
4680.png,45
4680.png,85
4680.png,81
4680.png,23
4680.png,62
4681.png,0
4681.png,64
4681.png,62
4681.png,6
4681.png,0
4681.png,19
4681.png,2
4681.png,23
4681.png,25
4681.png,13
4682.png,79
4682.png,30
4682.png,91
4682.png,60
4682.png,64
4682.png,97
4682.png,55
4682.png,87
4682.png,77
4682.png,68
4683.png,70
4683.png,88
4683.png,79
4683.png,68
4683.png,82
4683.png,18
4683.png,44
4683.png,85
4683.png,84
4683.png,17
4684.png,88
4684.png,75
4684.png,31
4684.png,100
4684.png,86
4684.png,99
4684.png,79
4684.png,52
4684.png,35
4684.png,100
4685.png,35
4685.png,12
4685.png,0
4685.png,0
4685.png,34
4685.png,9
4685.png,9
4685.png,0
4685.png,0
4685.png,27
4686.png,100
4686.png,88
4686.png,94
4686.png,88
4686.png,75
4686.png,100
4686.png,100
4686.png,95
4686.png,88
4686.png,73
4687.png,50
4687.png,76
4687.png,85
4687.png,72
4687.png,15
4687.png,43
4687.png,36
4687.png,59
4687.png,23
4687.png,98
4688.png,8
4688.png,25
4688.png,17
4688.png,27
4688.png,28
4688.png,0
4688.png,2
4688.png,31
4688.png,37
4688.png,12
4689.png,7
4689.png,37
4689.png,28
4689.png,29
4689.png,21
4689.png,11
4689.png,69
4689.png,75
4689.png,20
4689.png,90
4690.png,37
4690.png,58
4690.png,46
4690.png,61
4690.png,1
4690.png,89
4690.png,33
4690.png,4
4690.png,77
4690.png,50
4691.png,17
4691.png,75
4691.png,9
4691.png,35
4691.png,11
4691.png,63
4691.png,50
4691.png,6
4691.png,7
4691.png,58
4692.png,7
4692.png,5
4692.png,31
4692.png,0
4692.png,29
4692.png,14
4692.png,36
4692.png,6
4692.png,20
4692.png,24
4693.png,40
4693.png,35
4693.png,56
4693.png,25
4693.png,2
4693.png,72
4693.png,24
4693.png,60
4693.png,51
4693.png,20
4694.png,50
4694.png,91
4694.png,35
4694.png,57
4694.png,48
4694.png,26
4694.png,24
4694.png,49
4694.png,98
4694.png,18
4695.png,85
4695.png,75
4695.png,65
4695.png,72
4695.png,93
4695.png,40
4695.png,100
4695.png,64
4695.png,70
4695.png,65
4696.png,63
4696.png,57
4696.png,2
4696.png,37
4696.png,27
4696.png,41
4696.png,32
4696.png,50
4696.png,72
4696.png,25
4697.png,12
4697.png,0
4697.png,7
4697.png,1
4697.png,25
4697.png,0
4697.png,0
4697.png,0
4697.png,1
4697.png,0
4698.png,2
4698.png,6
4698.png,0
4698.png,14
4698.png,1
4698.png,46
4698.png,57
4698.png,16
4698.png,51
4698.png,17
4699.png,77
4699.png,34
4699.png,49
4699.png,57
4699.png,28
4699.png,29
4699.png,68
4699.png,50
4699.png,14
4699.png,52
4700.png,32
4700.png,13
4700.png,0
4700.png,17
4700.png,4
4700.png,29
4700.png,2
4700.png,19
4700.png,10
4700.png,4
4701.png,86
4701.png,40
4701.png,31
4701.png,62
4701.png,81
4701.png,89
4701.png,64
4701.png,24
4701.png,44
4701.png,14
4702.png,0
4702.png,0
4702.png,0
4702.png,6
4702.png,15
4702.png,0
4702.png,17
4702.png,8
4702.png,6
4702.png,0
4703.png,93
4703.png,43
4703.png,44
4703.png,98
4703.png,94
4703.png,93
4703.png,100
4703.png,92
4703.png,59
4703.png,86
4704.png,54
4704.png,27
4704.png,69
4704.png,16
4704.png,7
4704.png,67
4704.png,34
4704.png,43
4704.png,42
4704.png,60
4705.png,88
4705.png,47
4705.png,39
4705.png,83
4705.png,28
4705.png,77
4705.png,26
4705.png,50
4705.png,40
4705.png,100
4706.png,93
4706.png,86
4706.png,100
4706.png,100
4706.png,66
4706.png,94
4706.png,92
4706.png,100
4706.png,83
4706.png,100
4707.png,86
4707.png,86
4707.png,89
4707.png,82
4707.png,100
4707.png,79
4707.png,95
4707.png,80
4707.png,55
4707.png,72
4708.png,46
4708.png,53
4708.png,37
4708.png,52
4708.png,82
4708.png,68
4708.png,63
4708.png,82
4708.png,44
4708.png,17
4709.png,60
4709.png,86
4709.png,100
4709.png,97
4709.png,100
4709.png,77
4709.png,95
4709.png,61
4709.png,100
4709.png,82
4710.png,5
4710.png,0
4710.png,18
4710.png,0
4710.png,0
4710.png,0
4710.png,0
4710.png,0
4710.png,2
4710.png,11
4711.png,60
4711.png,6
4711.png,34
4711.png,42
4711.png,0
4711.png,8
4711.png,20
4711.png,0
4711.png,31
4711.png,37
4712.png,39
4712.png,19
4712.png,63
4712.png,18
4712.png,73
4712.png,46
4712.png,30
4712.png,25
4712.png,2
4712.png,75
4713.png,47
4713.png,31
4713.png,16
4713.png,15
4713.png,13
4713.png,23
4713.png,10
4713.png,32
4713.png,0
4713.png,49
4714.png,100
4714.png,86
4714.png,66
4714.png,78
4714.png,100
4714.png,100
4714.png,90
4714.png,100
4714.png,99
4714.png,83
4715.png,25
4715.png,82
4715.png,81
4715.png,64
4715.png,18
4715.png,58
4715.png,27
4715.png,76
4715.png,37
4715.png,2
4716.png,88
4716.png,37
4716.png,59
4716.png,49
4716.png,11
4716.png,41
4716.png,19
4716.png,40
4716.png,56
4716.png,24
4717.png,14
4717.png,59
4717.png,13
4717.png,10
4717.png,24
4717.png,73
4717.png,3
4717.png,43
4717.png,27
4717.png,53
4718.png,21
4718.png,23
4718.png,31
4718.png,5
4718.png,61
4718.png,10
4718.png,25
4718.png,4
4718.png,36
4718.png,4
4719.png,100
4719.png,31
4719.png,100
4719.png,100
4719.png,100
4719.png,80
4719.png,94
4719.png,61
4719.png,100
4719.png,82
4720.png,35
4720.png,57
4720.png,6
4720.png,40
4720.png,50
4720.png,45
4720.png,16
4720.png,14
4720.png,24
4720.png,95
4721.png,67
4721.png,36
4721.png,63
4721.png,56
4721.png,82
4721.png,63
4721.png,16
4721.png,55
4721.png,25
4721.png,75
4722.png,29
4722.png,54
4722.png,1
4722.png,54
4722.png,78
4722.png,17
4722.png,59
4722.png,50
4722.png,13
4722.png,37
4723.png,27
4723.png,100
4723.png,64
4723.png,12
4723.png,97
4723.png,100
4723.png,87
4723.png,100
4723.png,100
4723.png,96
4724.png,5
4724.png,11
4724.png,36
4724.png,74
4724.png,86
4724.png,59
4724.png,42
4724.png,35
4724.png,40
4724.png,79
4725.png,17
4725.png,7
4725.png,50
4725.png,38
4725.png,76
4725.png,36
4725.png,65
4725.png,45
4725.png,40
4725.png,56
4726.png,96
4726.png,86
4726.png,95
4726.png,32
4726.png,97
4726.png,50
4726.png,66
4726.png,82
4726.png,67
4726.png,57
4727.png,21
4727.png,4
4727.png,35
4727.png,33
4727.png,20
4727.png,35
4727.png,32
4727.png,20
4727.png,37
4727.png,18
4728.png,64
4728.png,50
4728.png,68
4728.png,25
4728.png,55
4728.png,42
4728.png,76
4728.png,6
4728.png,81
4728.png,23
4729.png,24
4729.png,74
4729.png,35
4729.png,2
4729.png,34
4729.png,9
4729.png,64
4729.png,26
4729.png,42
4729.png,81
4730.png,9
4730.png,26
4730.png,83
4730.png,37
4730.png,10
4730.png,57
4730.png,37
4730.png,55
4730.png,53
4730.png,100
4731.png,9
4731.png,70
4731.png,77
4731.png,24
4731.png,45
4731.png,37
4731.png,60
4731.png,64
4731.png,52
4731.png,53
4732.png,62
4732.png,55
4732.png,9
4732.png,44
4732.png,79
4732.png,84
4732.png,65
4732.png,40
4732.png,76
4732.png,57
4733.png,34
4733.png,56
4733.png,75
4733.png,63
4733.png,87
4733.png,64
4733.png,72
4733.png,54
4733.png,74
4733.png,75
4734.png,11
4734.png,21
4734.png,4
4734.png,60
4734.png,51
4734.png,25
4734.png,1
4734.png,5
4734.png,42
4734.png,23
4735.png,65
4735.png,7
4735.png,69
4735.png,91
4735.png,60
4735.png,21
4735.png,61
4735.png,40
4735.png,41
4735.png,60
4736.png,75
4736.png,100
4736.png,90
4736.png,95
4736.png,83
4736.png,100
4736.png,100
4736.png,100
4736.png,65
4736.png,62
4737.png,28
4737.png,0
4737.png,31
4737.png,50
4737.png,51
4737.png,56
4737.png,13
4737.png,56
4737.png,50
4737.png,26
4738.png,32
4738.png,45
4738.png,58
4738.png,26
4738.png,18
4738.png,31
4738.png,8
4738.png,44
4738.png,15
4738.png,86
4739.png,69
4739.png,50
4739.png,24
4739.png,0
4739.png,13
4739.png,0
4739.png,50
4739.png,79
4739.png,24
4739.png,35
4740.png,65
4740.png,60
4740.png,69
4740.png,24
4740.png,39
4740.png,34
4740.png,50
4740.png,7
4740.png,43
4740.png,30
4741.png,61
4741.png,67
4741.png,45
4741.png,82
4741.png,63
4741.png,96
4741.png,39
4741.png,50
4741.png,84
4741.png,66
4742.png,66
4742.png,20
4742.png,33
4742.png,26
4742.png,22
4742.png,13
4742.png,0
4742.png,22
4742.png,3
4742.png,16
4743.png,12
4743.png,24
4743.png,70
4743.png,16
4743.png,34
4743.png,0
4743.png,24
4743.png,33
4743.png,25
4743.png,35
4744.png,37
4744.png,44
4744.png,24
4744.png,33
4744.png,50
4744.png,22
4744.png,76
4744.png,3
4744.png,25
4744.png,56
4745.png,15
4745.png,65
4745.png,59
4745.png,59
4745.png,50
4745.png,84
4745.png,69
4745.png,43
4745.png,28
4745.png,57
4746.png,12
4746.png,10
4746.png,42
4746.png,25
4746.png,58
4746.png,66
4746.png,8
4746.png,2
4746.png,0
4746.png,1
4747.png,29
4747.png,100
4747.png,85
4747.png,58
4747.png,61
4747.png,62
4747.png,75
4747.png,100
4747.png,93
4747.png,67
4748.png,80
4748.png,100
4748.png,73
4748.png,100
4748.png,80
4748.png,85
4748.png,100
4748.png,86
4748.png,97
4748.png,85
4749.png,62
4749.png,28
4749.png,59
4749.png,24
4749.png,26
4749.png,57
4749.png,5
4749.png,50
4749.png,32
4749.png,45
4750.png,81
4750.png,65
4750.png,86
4750.png,55
4750.png,26
4750.png,61
4750.png,54
4750.png,47
4750.png,74
4750.png,28
4751.png,11
4751.png,0
4751.png,0
4751.png,19
4751.png,0
4751.png,27
4751.png,24
4751.png,19
4751.png,29
4751.png,0
4752.png,7
4752.png,0
4752.png,6
4752.png,4
4752.png,10
4752.png,13
4752.png,21
4752.png,16
4752.png,0
4752.png,4
4753.png,25
4753.png,100
4753.png,58
4753.png,82
4753.png,99
4753.png,64
4753.png,81
4753.png,32
4753.png,100
4753.png,89
4754.png,63
4754.png,5
4754.png,100
4754.png,28
4754.png,82
4754.png,31
4754.png,84
4754.png,77
4754.png,0
4754.png,81
4755.png,66
4755.png,13
4755.png,76
4755.png,73
4755.png,70
4755.png,8
4755.png,62
4755.png,25
4755.png,33
4755.png,27
4756.png,65
4756.png,37
4756.png,5
4756.png,49
4756.png,5
4756.png,13
4756.png,88
4756.png,60
4756.png,62
4756.png,38
4757.png,45
4757.png,58
4757.png,75
4757.png,55
4757.png,41
4757.png,64
4757.png,82
4757.png,62
4757.png,56
4757.png,59
4758.png,75
4758.png,100
4758.png,60
4758.png,45
4758.png,70
4758.png,90
4758.png,16
4758.png,29
4758.png,16
4758.png,59
4759.png,100
4759.png,68
4759.png,60
4759.png,79
4759.png,100
4759.png,94
4759.png,80
4759.png,80
4759.png,100
4759.png,74
4760.png,21
4760.png,36
4760.png,1
4760.png,46
4760.png,60
4760.png,28
4760.png,4
4760.png,20
4760.png,27
4760.png,37
4761.png,44
4761.png,42
4761.png,6
4761.png,23
4761.png,29
4761.png,13
4761.png,37
4761.png,51
4761.png,16
4761.png,0
4762.png,56
4762.png,20
4762.png,63
4762.png,5
4762.png,7
4762.png,33
4762.png,63
4762.png,33
4762.png,84
4762.png,19
4763.png,6
4763.png,4
4763.png,18
4763.png,34
4763.png,17
4763.png,13
4763.png,32
4763.png,40
4763.png,71
4763.png,10
4764.png,10
4764.png,4
4764.png,17
4764.png,3
4764.png,31
4764.png,2
4764.png,40
4764.png,0
4764.png,50
4764.png,51
4765.png,4
4765.png,24
4765.png,13
4765.png,13
4765.png,40
4765.png,0
4765.png,20
4765.png,12
4765.png,8
4765.png,25
4766.png,13
4766.png,8
4766.png,0
4766.png,0
4766.png,13
4766.png,12
4766.png,23
4766.png,20
4766.png,23
4766.png,0
4767.png,100
4767.png,67
4767.png,91
4767.png,100
4767.png,97
4767.png,85
4767.png,40
4767.png,100
4767.png,68
4767.png,92
4768.png,13
4768.png,3
4768.png,61
4768.png,0
4768.png,46
4768.png,21
4768.png,35
4768.png,29
4768.png,33
4768.png,43
4769.png,59
4769.png,21
4769.png,87
4769.png,51
4769.png,38
4769.png,61
4769.png,48
4769.png,33
4769.png,25
4769.png,32
4770.png,100
4770.png,81
4770.png,100
4770.png,61
4770.png,89
4770.png,90
4770.png,84
4770.png,87
4770.png,98
4770.png,57
4771.png,0
4771.png,17
4771.png,14
4771.png,34
4771.png,26
4771.png,24
4771.png,14
4771.png,39
4771.png,44
4771.png,7
4772.png,0
4772.png,44
4772.png,38
4772.png,19
4772.png,4
4772.png,65
4772.png,39
4772.png,41
4772.png,35
4772.png,51
4773.png,0
4773.png,35
4773.png,15
4773.png,24
4773.png,17
4773.png,5
4773.png,27
4773.png,19
4773.png,67
4773.png,25
4774.png,85
4774.png,59
4774.png,12
4774.png,75
4774.png,100
4774.png,30
4774.png,97
4774.png,90
4774.png,90
4774.png,14
4775.png,100
4775.png,60
4775.png,100
4775.png,90
4775.png,67
4775.png,4
4775.png,83
4775.png,90
4775.png,100
4775.png,96
4776.png,89
4776.png,36
4776.png,87
4776.png,55
4776.png,91
4776.png,98
4776.png,60
4776.png,30
4776.png,73
4776.png,92
4777.png,0
4777.png,18
4777.png,0
4777.png,8
4777.png,25
4777.png,36
4777.png,21
4777.png,15
4777.png,9
4777.png,36
4778.png,52
4778.png,11
4778.png,19
4778.png,40
4778.png,66
4778.png,52
4778.png,64
4778.png,23
4778.png,77
4778.png,82
4779.png,16
4779.png,31
4779.png,56
4779.png,2
4779.png,35
4779.png,36
4779.png,16
4779.png,1
4779.png,15
4779.png,10
4780.png,56
4780.png,3
4780.png,4
4780.png,38
4780.png,25
4780.png,42
4780.png,24
4780.png,15
4780.png,0
4780.png,43
4781.png,25
4781.png,63
4781.png,54
4781.png,72
4781.png,60
4781.png,48
4781.png,17
4781.png,17
4781.png,56
4781.png,64
4782.png,82
4782.png,23
4782.png,50
4782.png,70
4782.png,64
4782.png,61
4782.png,79
4782.png,40
4782.png,40
4782.png,75
4783.png,38
4783.png,73
4783.png,25
4783.png,44
4783.png,50
4783.png,44
4783.png,39
4783.png,15
4783.png,63
4783.png,25
4784.png,0
4784.png,16
4784.png,0
4784.png,0
4784.png,20
4784.png,7
4784.png,24
4784.png,18
4784.png,30
4784.png,0
4785.png,62
4785.png,12
4785.png,70
4785.png,99
4785.png,41
4785.png,2
4785.png,66
4785.png,74
4785.png,0
4785.png,34
4786.png,65
4786.png,97
4786.png,67
4786.png,28
4786.png,84
4786.png,60
4786.png,99
4786.png,80
4786.png,34
4786.png,27
4787.png,33
4787.png,100
4787.png,0
4787.png,45
4787.png,0
4787.png,96
4787.png,72
4787.png,26
4787.png,15
4787.png,75
4788.png,56
4788.png,76
4788.png,14
4788.png,25
4788.png,6
4788.png,16
4788.png,45
4788.png,81
4788.png,70
4788.png,50
4789.png,4
4789.png,75
4789.png,72
4789.png,25
4789.png,50
4789.png,57
4789.png,83
4789.png,5
4789.png,14
4789.png,43
4790.png,25
4790.png,0
4790.png,88
4790.png,71
4790.png,0
4790.png,0
4790.png,0
4790.png,9
4790.png,0
4790.png,3
4791.png,44
4791.png,29
4791.png,100
4791.png,39
4791.png,60
4791.png,97
4791.png,65
4791.png,32
4791.png,93
4791.png,16
4792.png,41
4792.png,22
4792.png,77
4792.png,59
4792.png,0
4792.png,38
4792.png,53
4792.png,23
4792.png,4
4792.png,62
4793.png,54
4793.png,51
4793.png,14
4793.png,46
4793.png,27
4793.png,97
4793.png,12
4793.png,24
4793.png,80
4793.png,67
4794.png,30
4794.png,10
4794.png,60
4794.png,88
4794.png,16
4794.png,46
4794.png,62
4794.png,50
4794.png,99
4794.png,30
4795.png,55
4795.png,84
4795.png,73
4795.png,20
4795.png,67
4795.png,66
4795.png,82
4795.png,100
4795.png,100
4795.png,89
4796.png,66
4796.png,76
4796.png,62
4796.png,75
4796.png,84
4796.png,88
4796.png,83
4796.png,99
4796.png,85
4796.png,100
4797.png,63
4797.png,51
4797.png,65
4797.png,23
4797.png,73
4797.png,50
4797.png,100
4797.png,39
4797.png,39
4797.png,32
4798.png,76
4798.png,39
4798.png,21
4798.png,70
4798.png,15
4798.png,64
4798.png,38
4798.png,38
4798.png,66
4798.png,68
4799.png,7
4799.png,4
4799.png,35
4799.png,13
4799.png,8
4799.png,0
4799.png,1
4799.png,21
4799.png,0
4799.png,1
4800.png,100
4800.png,79
4800.png,69
4800.png,82
4800.png,84
4800.png,100
4800.png,75
4800.png,75
4800.png,88
4800.png,64
4801.png,75
4801.png,37
4801.png,50
4801.png,1
4801.png,73
4801.png,62
4801.png,97
4801.png,92
4801.png,53
4801.png,65
4802.png,85
4802.png,100
4802.png,62
4802.png,82
4802.png,100
4802.png,96
4802.png,39
4802.png,79
4802.png,100
4802.png,63
4803.png,18
4803.png,15
4803.png,14
4803.png,11
4803.png,23
4803.png,26
4803.png,36
4803.png,0
4803.png,0
4803.png,31
4804.png,74
4804.png,76
4804.png,21
4804.png,96
4804.png,33
4804.png,28
4804.png,93
4804.png,83
4804.png,79
4804.png,76
4805.png,29
4805.png,0
4805.png,41
4805.png,20
4805.png,5
4805.png,16
4805.png,35
4805.png,26
4805.png,0
4805.png,17
4806.png,41
4806.png,5
4806.png,17
4806.png,48
4806.png,18
4806.png,39
4806.png,63
4806.png,9
4806.png,27
4806.png,3
4807.png,27
4807.png,76
4807.png,40
4807.png,58
4807.png,80
4807.png,66
4807.png,17
4807.png,87
4807.png,89
4807.png,70
4808.png,5
4808.png,0
4808.png,0
4808.png,39
4808.png,6
4808.png,15
4808.png,33
4808.png,19
4808.png,3
4808.png,69
4809.png,93
4809.png,68
4809.png,79
4809.png,82
4809.png,100
4809.png,62
4809.png,93
4809.png,89
4809.png,99
4809.png,99
4810.png,90
4810.png,92
4810.png,100
4810.png,99
4810.png,83
4810.png,100
4810.png,75
4810.png,99
4810.png,82
4810.png,13
4811.png,100
4811.png,79
4811.png,84
4811.png,85
4811.png,95
4811.png,71
4811.png,73
4811.png,80
4811.png,69
4811.png,54
4812.png,4
4812.png,1
4812.png,59
4812.png,0
4812.png,65
4812.png,77
4812.png,10
4812.png,46
4812.png,41
4812.png,93
4813.png,6
4813.png,51
4813.png,8
4813.png,7
4813.png,1
4813.png,7
4813.png,0
4813.png,27
4813.png,0
4813.png,1
4814.png,68
4814.png,66
4814.png,57
4814.png,89
4814.png,27
4814.png,65
4814.png,74
4814.png,80
4814.png,38
4814.png,83
4815.png,77
4815.png,84
4815.png,74
4815.png,69
4815.png,64
4815.png,100
4815.png,93
4815.png,81
4815.png,100
4815.png,71
4816.png,76
4816.png,65
4816.png,24
4816.png,11
4816.png,24
4816.png,86
4816.png,34
4816.png,50
4816.png,100
4816.png,38
4817.png,16
4817.png,80
4817.png,4
4817.png,5
4817.png,3
4817.png,35
4817.png,1
4817.png,13
4817.png,83
4817.png,28
4818.png,15
4818.png,97
4818.png,15
4818.png,69
4818.png,82
4818.png,77
4818.png,67
4818.png,8
4818.png,84
4818.png,77
4819.png,0
4819.png,37
4819.png,35
4819.png,0
4819.png,0
4819.png,3
4819.png,22
4819.png,0
4819.png,11
4819.png,51
4820.png,7
4820.png,74
4820.png,37
4820.png,33
4820.png,64
4820.png,78
4820.png,24
4820.png,36
4820.png,27
4820.png,12
4821.png,34
4821.png,98
4821.png,79
4821.png,74
4821.png,59
4821.png,81
4821.png,90
4821.png,86
4821.png,78
4821.png,99
4822.png,4
4822.png,14
4822.png,84
4822.png,50
4822.png,100
4822.png,37
4822.png,49
4822.png,60
4822.png,19
4822.png,64
4823.png,99
4823.png,87
4823.png,81
4823.png,81
4823.png,56
4823.png,100
4823.png,42
4823.png,97
4823.png,3
4823.png,100
4824.png,59
4824.png,100
4824.png,68
4824.png,75
4824.png,66
4824.png,81
4824.png,20
4824.png,61
4824.png,100
4824.png,86
4825.png,25
4825.png,25
4825.png,44
4825.png,0
4825.png,0
4825.png,0
4825.png,22
4825.png,23
4825.png,55
4825.png,1
4826.png,73
4826.png,0
4826.png,69
4826.png,42
4826.png,70
4826.png,12
4826.png,2
4826.png,77
4826.png,81
4826.png,40
4827.png,95
4827.png,80
4827.png,65
4827.png,59
4827.png,85
4827.png,100
4827.png,79
4827.png,96
4827.png,64
4827.png,36
4828.png,25
4828.png,8
4828.png,36
4828.png,24
4828.png,34
4828.png,0
4828.png,2
4828.png,38
4828.png,0
4828.png,58
4829.png,65
4829.png,7
4829.png,0
4829.png,8
4829.png,62
4829.png,11
4829.png,39
4829.png,0
4829.png,37
4829.png,64
4830.png,10
4830.png,28
4830.png,15
4830.png,11
4830.png,37
4830.png,10
4830.png,6
4830.png,74
4830.png,14
4830.png,17
4831.png,11
4831.png,46
4831.png,73
4831.png,39
4831.png,75
4831.png,27
4831.png,70
4831.png,83
4831.png,66
4831.png,73
4832.png,13
4832.png,67
4832.png,83
4832.png,23
4832.png,6
4832.png,57
4832.png,58
4832.png,37
4832.png,52
4832.png,0
4833.png,10
4833.png,74
4833.png,91
4833.png,62
4833.png,78
4833.png,95
4833.png,14
4833.png,55
4833.png,100
4833.png,68
4834.png,22
4834.png,0
4834.png,0
4834.png,19
4834.png,28
4834.png,6
4834.png,14
4834.png,0
4834.png,2
4834.png,26
4835.png,33
4835.png,9
4835.png,76
4835.png,11
4835.png,0
4835.png,85
4835.png,72
4835.png,57
4835.png,49
4835.png,0
4836.png,74
4836.png,94
4836.png,37
4836.png,38
4836.png,93
4836.png,88
4836.png,66
4836.png,92
4836.png,100
4836.png,100
4837.png,43
4837.png,28
4837.png,17
4837.png,31
4837.png,24
4837.png,21
4837.png,12
4837.png,33
4837.png,16
4837.png,81
4838.png,32
4838.png,60
4838.png,87
4838.png,59
4838.png,35
4838.png,56
4838.png,70
4838.png,13
4838.png,14
4838.png,35
4839.png,90
4839.png,100
4839.png,96
4839.png,64
4839.png,29
4839.png,64
4839.png,95
4839.png,100
4839.png,82
4839.png,99
4840.png,60
4840.png,25
4840.png,54
4840.png,72
4840.png,84
4840.png,41
4840.png,37
4840.png,3
4840.png,19
4840.png,43
4841.png,80
4841.png,9
4841.png,100
4841.png,67
4841.png,70
4841.png,92
4841.png,97
4841.png,50
4841.png,95
4841.png,94
4842.png,2
4842.png,74
4842.png,66
4842.png,16
4842.png,64
4842.png,97
4842.png,100
4842.png,69
4842.png,61
4842.png,75
4843.png,0
4843.png,99
4843.png,60
4843.png,10
4843.png,25
4843.png,3
4843.png,72
4843.png,74
4843.png,43
4843.png,0
4844.png,62
4844.png,75
4844.png,36
4844.png,71
4844.png,56
4844.png,99
4844.png,95
4844.png,79
4844.png,100
4844.png,75
4845.png,32
4845.png,8
4845.png,0
4845.png,63
4845.png,36
4845.png,89
4845.png,25
4845.png,55
4845.png,41
4845.png,56
4846.png,1
4846.png,9
4846.png,3
4846.png,0
4846.png,12
4846.png,3
4846.png,0
4846.png,0
4846.png,9
4846.png,7
4847.png,1
4847.png,24
4847.png,24
4847.png,57
4847.png,0
4847.png,24
4847.png,83
4847.png,44
4847.png,29
4847.png,0
4848.png,45
4848.png,5
4848.png,55
4848.png,38
4848.png,97
4848.png,15
4848.png,69
4848.png,32
4848.png,100
4848.png,100
4849.png,5
4849.png,0
4849.png,5
4849.png,0
4849.png,0
4849.png,0
4849.png,8
4849.png,1
4849.png,0
4849.png,0
4850.png,0
4850.png,54
4850.png,11
4850.png,26
4850.png,0
4850.png,21
4850.png,39
4850.png,21
4850.png,16
4850.png,0
4851.png,85
4851.png,60
4851.png,93
4851.png,35
4851.png,73
4851.png,100
4851.png,72
4851.png,83
4851.png,93
4851.png,60
4852.png,37
4852.png,96
4852.png,87
4852.png,80
4852.png,91
4852.png,72
4852.png,100
4852.png,56
4852.png,100
4852.png,66
4853.png,11
4853.png,50
4853.png,80
4853.png,49
4853.png,0
4853.png,5
4853.png,22
4853.png,0
4853.png,40
4853.png,50
4854.png,0
4854.png,29
4854.png,3
4854.png,0
4854.png,32
4854.png,11
4854.png,60
4854.png,0
4854.png,23
4854.png,1
4855.png,100
4855.png,51
4855.png,78
4855.png,48
4855.png,84
4855.png,65
4855.png,39
4855.png,84
4855.png,93
4855.png,23
4856.png,9
4856.png,0
4856.png,5
4856.png,15
4856.png,15
4856.png,0
4856.png,30
4856.png,33
4856.png,59
4856.png,29
4857.png,0
4857.png,17
4857.png,0
4857.png,5
4857.png,4
4857.png,1
4857.png,16
4857.png,0
4857.png,42
4857.png,21
4858.png,59
4858.png,79
4858.png,60
4858.png,96
4858.png,37
4858.png,35
4858.png,45
4858.png,34
4858.png,47
4858.png,69
4859.png,35
4859.png,10
4859.png,21
4859.png,76
4859.png,42
4859.png,2
4859.png,3
4859.png,55
4859.png,0
4859.png,20
4860.png,40
4860.png,26
4860.png,0
4860.png,0
4860.png,0
4860.png,12
4860.png,0
4860.png,34
4860.png,50
4860.png,26
4861.png,52
4861.png,100
4861.png,21
4861.png,55
4861.png,10
4861.png,61
4861.png,24
4861.png,47
4861.png,25
4861.png,100
4862.png,15
4862.png,11
4862.png,25
4862.png,10
4862.png,72
4862.png,32
4862.png,97
4862.png,42
4862.png,60
4862.png,75
4863.png,26
4863.png,43
4863.png,62
4863.png,4
4863.png,0
4863.png,24
4863.png,0
4863.png,10
4863.png,63
4863.png,99
4864.png,39
4864.png,31
4864.png,4
4864.png,52
4864.png,6
4864.png,25
4864.png,0
4864.png,8
4864.png,11
4864.png,0
4865.png,53
4865.png,75
4865.png,86
4865.png,75
4865.png,91
4865.png,83
4865.png,35
4865.png,66
4865.png,73
4865.png,32
4866.png,68
4866.png,24
4866.png,10
4866.png,33
4866.png,63
4866.png,0
4866.png,11
4866.png,100
4866.png,85
4866.png,44
4867.png,2
4867.png,75
4867.png,41
4867.png,80
4867.png,100
4867.png,41
4867.png,4
4867.png,56
4867.png,98
4867.png,1
4868.png,64
4868.png,45
4868.png,23
4868.png,8
4868.png,27
4868.png,29
4868.png,22
4868.png,98
4868.png,79
4868.png,74
4869.png,23
4869.png,34
4869.png,21
4869.png,12
4869.png,47
4869.png,34
4869.png,10
4869.png,30
4869.png,8
4869.png,3
4870.png,26
4870.png,0
4870.png,18
4870.png,9
4870.png,11
4870.png,24
4870.png,50
4870.png,16
4870.png,2
4870.png,0
4871.png,99
4871.png,33
4871.png,81
4871.png,57
4871.png,77
4871.png,100
4871.png,63
4871.png,78
4871.png,100
4871.png,46
4872.png,99
4872.png,100
4872.png,87
4872.png,90
4872.png,94
4872.png,62
4872.png,80
4872.png,79
4872.png,99
4872.png,100
4873.png,73
4873.png,50
4873.png,76
4873.png,74
4873.png,98
4873.png,13
4873.png,100
4873.png,80
4873.png,87
4873.png,74
4874.png,7
4874.png,12
4874.png,18
4874.png,5
4874.png,9
4874.png,15
4874.png,4
4874.png,1
4874.png,25
4874.png,0
4875.png,0
4875.png,24
4875.png,40
4875.png,1
4875.png,48
4875.png,0
4875.png,1
4875.png,42
4875.png,76
4875.png,59
4876.png,50
4876.png,78
4876.png,12
4876.png,87
4876.png,51
4876.png,56
4876.png,13
4876.png,11
4876.png,35
4876.png,38
4877.png,77
4877.png,59
4877.png,39
4877.png,67
4877.png,39
4877.png,85
4877.png,74
4877.png,15
4877.png,61
4877.png,72
4878.png,17
4878.png,30
4878.png,3
4878.png,75
4878.png,94
4878.png,56
4878.png,97
4878.png,61
4878.png,46
4878.png,78
4879.png,2
4879.png,22
4879.png,29
4879.png,41
4879.png,22
4879.png,15
4879.png,30
4879.png,39
4879.png,16
4879.png,36
4880.png,76
4880.png,100
4880.png,81
4880.png,100
4880.png,80
4880.png,82
4880.png,97
4880.png,99
4880.png,82
4880.png,100
4881.png,43
4881.png,72
4881.png,50
4881.png,43
4881.png,49
4881.png,38
4881.png,98
4881.png,38
4881.png,54
4881.png,22
4882.png,69
4882.png,98
4882.png,37
4882.png,74
4882.png,66
4882.png,57
4882.png,86
4882.png,99
4882.png,98
4882.png,60
4883.png,0
4883.png,1
4883.png,0
4883.png,44
4883.png,74
4883.png,81
4883.png,40
4883.png,24
4883.png,100
4883.png,10
4884.png,9
4884.png,6
4884.png,0
4884.png,24
4884.png,2
4884.png,0
4884.png,7
4884.png,2
4884.png,38
4884.png,0
4885.png,20
4885.png,0
4885.png,26
4885.png,0
4885.png,18
4885.png,3
4885.png,10
4885.png,18
4885.png,0
4885.png,24
4886.png,99
4886.png,98
4886.png,42
4886.png,21
4886.png,43
4886.png,66
4886.png,9
4886.png,56
4886.png,40
4886.png,36
4887.png,100
4887.png,60
4887.png,65
4887.png,64
4887.png,75
4887.png,100
4887.png,60
4887.png,100
4887.png,32
4887.png,67
4888.png,0
4888.png,35
4888.png,33
4888.png,9
4888.png,0
4888.png,5
4888.png,31
4888.png,23
4888.png,17
4888.png,7
4889.png,22
4889.png,12
4889.png,8
4889.png,1
4889.png,0
4889.png,24
4889.png,2
4889.png,2
4889.png,21
4889.png,0
4890.png,12
4890.png,85
4890.png,97
4890.png,26
4890.png,28
4890.png,86
4890.png,100
4890.png,91
4890.png,19
4890.png,23
4891.png,100
4891.png,13
4891.png,77
4891.png,58
4891.png,74
4891.png,86
4891.png,74
4891.png,92
4891.png,79
4891.png,98
4892.png,34
4892.png,91
4892.png,48
4892.png,46
4892.png,12
4892.png,25
4892.png,39
4892.png,14
4892.png,9
4892.png,24
4893.png,50
4893.png,76
4893.png,75
4893.png,16
4893.png,15
4893.png,0
4893.png,33
4893.png,0
4893.png,84
4893.png,57
4894.png,60
4894.png,2
4894.png,13
4894.png,47
4894.png,34
4894.png,60
4894.png,74
4894.png,74
4894.png,51
4894.png,22
4895.png,99
4895.png,91
4895.png,100
4895.png,89
4895.png,97
4895.png,89
4895.png,100
4895.png,100
4895.png,88
4895.png,78
4896.png,42
4896.png,35
4896.png,80
4896.png,85
4896.png,100
4896.png,81
4896.png,100
4896.png,100
4896.png,67
4896.png,99
4897.png,12
4897.png,77
4897.png,35
4897.png,44
4897.png,51
4897.png,21
4897.png,71
4897.png,75
4897.png,69
4897.png,100
4898.png,95
4898.png,81
4898.png,76
4898.png,100
4898.png,100
4898.png,62
4898.png,36
4898.png,63
4898.png,56
4898.png,81
4899.png,40
4899.png,10
4899.png,9
4899.png,2
4899.png,0
4899.png,0
4899.png,12
4899.png,5
4899.png,15
4899.png,0
4900.png,26
4900.png,15
4900.png,22
4900.png,53
4900.png,52
4900.png,56
4900.png,66
4900.png,50
4900.png,44
4900.png,7
4901.png,24
4901.png,24
4901.png,32
4901.png,32
4901.png,8
4901.png,11
4901.png,0
4901.png,61
4901.png,0
4901.png,14
4902.png,63
4902.png,77
4902.png,80
4902.png,99
4902.png,76
4902.png,58
4902.png,30
4902.png,74
4902.png,25
4902.png,58
4903.png,0
4903.png,62
4903.png,62
4903.png,89
4903.png,5
4903.png,65
4903.png,45
4903.png,13
4903.png,32
4903.png,9
4904.png,16
4904.png,36
4904.png,18
4904.png,28
4904.png,0
4904.png,100
4904.png,55
4904.png,7
4904.png,53
4904.png,0
4905.png,73
4905.png,100
4905.png,74
4905.png,85
4905.png,100
4905.png,77
4905.png,94
4905.png,95
4905.png,75
4905.png,100
4906.png,100
4906.png,85
4906.png,88
4906.png,84
4906.png,79
4906.png,61
4906.png,83
4906.png,74
4906.png,84
4906.png,74
4907.png,80
4907.png,64
4907.png,93
4907.png,41
4907.png,75
4907.png,41
4907.png,100
4907.png,97
4907.png,67
4907.png,90
4908.png,9
4908.png,22
4908.png,26
4908.png,36
4908.png,0
4908.png,7
4908.png,37
4908.png,19
4908.png,9
4908.png,4
4909.png,11
4909.png,36
4909.png,27
4909.png,0
4909.png,0
4909.png,17
4909.png,14
4909.png,0
4909.png,0
4909.png,37
4910.png,84
4910.png,87
4910.png,76
4910.png,100
4910.png,75
4910.png,66
4910.png,84
4910.png,75
4910.png,31
4910.png,100
4911.png,30
4911.png,27
4911.png,5
4911.png,3
4911.png,24
4911.png,0
4911.png,1
4911.png,25
4911.png,14
4911.png,7
4912.png,16
4912.png,0
4912.png,32
4912.png,43
4912.png,84
4912.png,63
4912.png,0
4912.png,74
4912.png,9
4912.png,35
4913.png,79
4913.png,93
4913.png,93
4913.png,81
4913.png,39
4913.png,95
4913.png,65
4913.png,94
4913.png,39
4913.png,75
4914.png,79
4914.png,97
4914.png,98
4914.png,87
4914.png,57
4914.png,37
4914.png,54
4914.png,88
4914.png,100
4914.png,75
4915.png,100
4915.png,73
4915.png,100
4915.png,76
4915.png,97
4915.png,96
4915.png,90
4915.png,76
4915.png,76
4915.png,81
4916.png,86
4916.png,49
4916.png,75
4916.png,16
4916.png,65
4916.png,62
4916.png,46
4916.png,68
4916.png,65
4916.png,14
4917.png,11
4917.png,41
4917.png,25
4917.png,14
4917.png,3
4917.png,9
4917.png,23
4917.png,0
4917.png,0
4917.png,0
4918.png,36
4918.png,100
4918.png,100
4918.png,95
4918.png,98
4918.png,100
4918.png,84
4918.png,91
4918.png,88
4918.png,100
4919.png,96
4919.png,87
4919.png,38
4919.png,65
4919.png,98
4919.png,0
4919.png,50
4919.png,57
4919.png,59
4919.png,50
4920.png,8
4920.png,66
4920.png,55
4920.png,5
4920.png,5
4920.png,62
4920.png,25
4920.png,41
4920.png,0
4920.png,75
4921.png,5
4921.png,20
4921.png,98
4921.png,19
4921.png,0
4921.png,0
4921.png,11
4921.png,30
4921.png,3
4921.png,0
4922.png,33
4922.png,99
4922.png,84
4922.png,49
4922.png,100
4922.png,96
4922.png,78
4922.png,9
4922.png,50
4922.png,100
4923.png,51
4923.png,100
4923.png,86
4923.png,60
4923.png,0
4923.png,100
4923.png,99
4923.png,84
4923.png,25
4923.png,61
4924.png,0
4924.png,4
4924.png,28
4924.png,0
4924.png,0
4924.png,0
4924.png,9
4924.png,12
4924.png,19
4924.png,40
4925.png,26
4925.png,24
4925.png,0
4925.png,16
4925.png,24
4925.png,57
4925.png,31
4925.png,42
4925.png,38
4925.png,0
4926.png,86
4926.png,64
4926.png,6
4926.png,84
4926.png,100
4926.png,75
4926.png,7
4926.png,78
4926.png,53
4926.png,61
4927.png,75
4927.png,85
4927.png,0
4927.png,1
4927.png,11
4927.png,86
4927.png,57
4927.png,62
4927.png,42
4927.png,64
4928.png,79
4928.png,87
4928.png,65
4928.png,71
4928.png,35
4928.png,81
4928.png,62
4928.png,88
4928.png,84
4928.png,97
4929.png,1
4929.png,9
4929.png,20
4929.png,0
4929.png,0
4929.png,40
4929.png,16
4929.png,22
4929.png,22
4929.png,14
4930.png,12
4930.png,7
4930.png,62
4930.png,15
4930.png,23
4930.png,64
4930.png,29
4930.png,63
4930.png,77
4930.png,40
4931.png,34
4931.png,60
4931.png,39
4931.png,25
4931.png,50
4931.png,42
4931.png,25
4931.png,10
4931.png,62
4931.png,20
4932.png,37
4932.png,87
4932.png,30
4932.png,27
4932.png,75
4932.png,100
4932.png,64
4932.png,77
4932.png,63
4932.png,81
4933.png,1
4933.png,59
4933.png,65
4933.png,36
4933.png,90
4933.png,70
4933.png,58
4933.png,48
4933.png,50
4933.png,100
4934.png,44
4934.png,89
4934.png,78
4934.png,83
4934.png,80
4934.png,70
4934.png,82
4934.png,74
4934.png,82
4934.png,100
4935.png,9
4935.png,13
4935.png,82
4935.png,10
4935.png,12
4935.png,4
4935.png,24
4935.png,34
4935.png,14
4935.png,24
4936.png,74
4936.png,84
4936.png,81
4936.png,59
4936.png,79
4936.png,22
4936.png,79
4936.png,67
4936.png,21
4936.png,12
4937.png,33
4937.png,3
4937.png,0
4937.png,32
4937.png,91
4937.png,36
4937.png,16
4937.png,21
4937.png,22
4937.png,0
4938.png,76
4938.png,89
4938.png,11
4938.png,55
4938.png,44
4938.png,25
4938.png,59
4938.png,67
4938.png,78
4938.png,19
4939.png,62
4939.png,12
4939.png,92
4939.png,65
4939.png,40
4939.png,30
4939.png,26
4939.png,58
4939.png,25
4939.png,76
4940.png,31
4940.png,50
4940.png,17
4940.png,62
4940.png,65
4940.png,36
4940.png,84
4940.png,23
4940.png,38
4940.png,82
4941.png,26
4941.png,50
4941.png,50
4941.png,31
4941.png,0
4941.png,23
4941.png,63
4941.png,75
4941.png,5
4941.png,82
4942.png,74
4942.png,63
4942.png,31
4942.png,44
4942.png,61
4942.png,9
4942.png,37
4942.png,48
4942.png,55
4942.png,86
4943.png,20
4943.png,20
4943.png,12
4943.png,35
4943.png,0
4943.png,63
4943.png,13
4943.png,91
4943.png,59
4943.png,39
4944.png,45
4944.png,79
4944.png,33
4944.png,80
4944.png,63
4944.png,57
4944.png,100
4944.png,23
4944.png,31
4944.png,41
4945.png,72
4945.png,24
4945.png,82
4945.png,80
4945.png,50
4945.png,5
4945.png,61
4945.png,50
4945.png,61
4945.png,65
4946.png,100
4946.png,84
4946.png,76
4946.png,50
4946.png,23
4946.png,35
4946.png,71
4946.png,97
4946.png,36
4946.png,34
4947.png,4
4947.png,0
4947.png,0
4947.png,58
4947.png,14
4947.png,3
4947.png,11
4947.png,50
4947.png,63
4947.png,21
4948.png,76
4948.png,84
4948.png,50
4948.png,16
4948.png,13
4948.png,50
4948.png,7
4948.png,24
4948.png,66
4948.png,15
4949.png,92
4949.png,61
4949.png,28
4949.png,69
4949.png,60
4949.png,56
4949.png,63
4949.png,59
4949.png,68
4949.png,97
4950.png,36
4950.png,77
4950.png,68
4950.png,27
4950.png,41
4950.png,73
4950.png,57
4950.png,38
4950.png,84
4950.png,99
4951.png,50
4951.png,6
4951.png,63
4951.png,35
4951.png,9
4951.png,18
4951.png,10
4951.png,74
4951.png,88
4951.png,56
4952.png,34
4952.png,77
4952.png,41
4952.png,65
4952.png,27
4952.png,30
4952.png,61
4952.png,50
4952.png,72
4952.png,66
4953.png,71
4953.png,100
4953.png,83
4953.png,100
4953.png,100
4953.png,39
4953.png,64
4953.png,65
4953.png,18
4953.png,10
4954.png,37
4954.png,77
4954.png,61
4954.png,89
4954.png,37
4954.png,15
4954.png,64
4954.png,16
4954.png,8
4954.png,50
4955.png,50
4955.png,71
4955.png,15
4955.png,58
4955.png,84
4955.png,0
4955.png,24
4955.png,7
4955.png,92
4955.png,9
4956.png,100
4956.png,22
4956.png,20
4956.png,61
4956.png,73
4956.png,30
4956.png,63
4956.png,81
4956.png,100
4956.png,9
4957.png,36
4957.png,69
4957.png,87
4957.png,57
4957.png,77
4957.png,51
4957.png,73
4957.png,75
4957.png,93
4957.png,62
4958.png,33
4958.png,83
4958.png,24
4958.png,68
4958.png,1
4958.png,1
4958.png,6
4958.png,50
4958.png,50
4958.png,25
4959.png,36
4959.png,25
4959.png,25
4959.png,56
4959.png,98
4959.png,32
4959.png,85
4959.png,81
4959.png,83
4959.png,81
4960.png,27
4960.png,11
4960.png,4
4960.png,6
4960.png,81
4960.png,7
4960.png,2
4960.png,11
4960.png,24
4960.png,0
4961.png,84
4961.png,62
4961.png,32
4961.png,73
4961.png,23
4961.png,72
4961.png,81
4961.png,66
4961.png,76
4961.png,67
4962.png,32
4962.png,17
4962.png,0
4962.png,2
4962.png,47
4962.png,50
4962.png,69
4962.png,19
4962.png,30
4962.png,9
4963.png,4
4963.png,20
4963.png,4
4963.png,0
4963.png,0
4963.png,14
4963.png,33
4963.png,34
4963.png,68
4963.png,7
4964.png,85
4964.png,93
4964.png,69
4964.png,51
4964.png,81
4964.png,71
4964.png,42
4964.png,27
4964.png,86
4964.png,87
4965.png,33
4965.png,25
4965.png,13
4965.png,0
4965.png,11
4965.png,81
4965.png,62
4965.png,30
4965.png,1
4965.png,38
4966.png,15
4966.png,0
4966.png,18
4966.png,72
4966.png,11
4966.png,15
4966.png,3
4966.png,20
4966.png,0
4966.png,6
4967.png,67
4967.png,26
4967.png,6
4967.png,93
4967.png,12
4967.png,21
4967.png,75
4967.png,62
4967.png,87
4967.png,100
4968.png,43
4968.png,47
4968.png,11
4968.png,62
4968.png,50
4968.png,27
4968.png,18
4968.png,35
4968.png,68
4968.png,4
4969.png,78
4969.png,65
4969.png,72
4969.png,0
4969.png,62
4969.png,14
4969.png,55
4969.png,85
4969.png,9
4969.png,65
4970.png,31
4970.png,1
4970.png,14
4970.png,74
4970.png,86
4970.png,17
4970.png,84
4970.png,50
4970.png,80
4970.png,4
4971.png,5
4971.png,74
4971.png,58
4971.png,60
4971.png,42
4971.png,35
4971.png,43
4971.png,81
4971.png,43
4971.png,27
4972.png,50
4972.png,42
4972.png,56
4972.png,62
4972.png,36
4972.png,100
4972.png,61
4972.png,44
4972.png,60
4972.png,36
4973.png,64
4973.png,18
4973.png,57
4973.png,40
4973.png,31
4973.png,25
4973.png,30
4973.png,50
4973.png,64
4973.png,36
4974.png,26
4974.png,100
4974.png,86
4974.png,21
4974.png,69
4974.png,41
4974.png,86
4974.png,68
4974.png,33
4974.png,79
4975.png,2
4975.png,80
4975.png,5
4975.png,8
4975.png,3
4975.png,24
4975.png,6
4975.png,0
4975.png,5
4975.png,0
4976.png,93
4976.png,16
4976.png,50
4976.png,15
4976.png,32
4976.png,78
4976.png,73
4976.png,24
4976.png,35
4976.png,70
4977.png,90
4977.png,99
4977.png,68
4977.png,76
4977.png,22
4977.png,90
4977.png,42
4977.png,50
4977.png,67
4977.png,57
4978.png,87
4978.png,36
4978.png,81
4978.png,85
4978.png,82
4978.png,65
4978.png,57
4978.png,94
4978.png,50
4978.png,100
4979.png,19
4979.png,97
4979.png,33
4979.png,87
4979.png,100
4979.png,24
4979.png,76
4979.png,63
4979.png,50
4979.png,12
4980.png,8
4980.png,16
4980.png,69
4980.png,5
4980.png,50
4980.png,32
4980.png,12
4980.png,6
4980.png,0
4980.png,50
4981.png,66
4981.png,86
4981.png,32
4981.png,15
4981.png,60
4981.png,66
4981.png,11
4981.png,15
4981.png,62
4981.png,84
4982.png,77
4982.png,67
4982.png,67
4982.png,67
4982.png,50
4982.png,38
4982.png,68
4982.png,81
4982.png,50
4982.png,11
4983.png,86
4983.png,85
4983.png,82
4983.png,38
4983.png,23
4983.png,83
4983.png,68
4983.png,65
4983.png,75
4983.png,83
4984.png,23
4984.png,26
4984.png,50
4984.png,50
4984.png,61
4984.png,89
4984.png,79
4984.png,25
4984.png,69
4984.png,26
4985.png,34
4985.png,88
4985.png,60
4985.png,75
4985.png,93
4985.png,25
4985.png,50
4985.png,68
4985.png,50
4985.png,100
4986.png,77
4986.png,85
4986.png,50
4986.png,80
4986.png,73
4986.png,25
4986.png,83
4986.png,66
4986.png,35
4986.png,24
4987.png,68
4987.png,79
4987.png,18
4987.png,77
4987.png,65
4987.png,87
4987.png,100
4987.png,93
4987.png,77
4987.png,74
4988.png,88
4988.png,37
4988.png,32
4988.png,50
4988.png,100
4988.png,50
4988.png,82
4988.png,100
4988.png,69
4988.png,88
4989.png,18
4989.png,73
4989.png,50
4989.png,3
4989.png,97
4989.png,25
4989.png,80
4989.png,63
4989.png,76
4989.png,16
4990.png,26
4990.png,25
4990.png,32
4990.png,100
4990.png,69
4990.png,69
4990.png,81
4990.png,82
4990.png,63
4990.png,70
4991.png,58
4991.png,38
4991.png,82
4991.png,50
4991.png,64
4991.png,71
4991.png,48
4991.png,0
4991.png,64
4991.png,100
4992.png,88
4992.png,21
4992.png,10
4992.png,31
4992.png,50
4992.png,62
4992.png,77
4992.png,65
4992.png,64
4992.png,24
4993.png,6
4993.png,0
4993.png,6
4993.png,6
4993.png,0
4993.png,25
4993.png,0
4993.png,2
4993.png,82
4993.png,4
4994.png,58
4994.png,100
4994.png,75
4994.png,67
4994.png,100
4994.png,82
4994.png,72
4994.png,67
4994.png,91
4994.png,67
4995.png,28
4995.png,9
4995.png,64
4995.png,23
4995.png,20
4995.png,50
4995.png,19
4995.png,75
4995.png,81
4995.png,12
4996.png,80
4996.png,60
4996.png,2
4996.png,78
4996.png,12
4996.png,91
4996.png,80
4996.png,19
4996.png,64
4996.png,65
4997.png,18
4997.png,3
4997.png,33
4997.png,77
4997.png,8
4997.png,64
4997.png,25
4997.png,27
4997.png,0
4997.png,0
4998.png,38
4998.png,76
4998.png,9
4998.png,11
4998.png,34
4998.png,20
4998.png,25
4998.png,41
4998.png,18
4998.png,76
4999.png,77
4999.png,50
4999.png,78
4999.png,75
4999.png,32
4999.png,56
4999.png,14
4999.png,48
4999.png,60
4999.png,4
5000.png,40
5000.png,0
5000.png,10
5000.png,9
5000.png,24
5000.png,1
5000.png,32
5000.png,26
5000.png,7
5000.png,88
5001.png,87
5001.png,76
5001.png,66
5001.png,86
5001.png,74
5001.png,92
5001.png,97
5001.png,49
5001.png,92
5001.png,63
5002.png,21
5002.png,31
5002.png,18
5002.png,50
5002.png,68
5002.png,59
5002.png,65
5002.png,69
5002.png,25
5002.png,67
5003.png,5
5003.png,13
5003.png,4
5003.png,38
5003.png,0
5003.png,10
5003.png,21
5003.png,0
5003.png,66
5003.png,7
5004.png,50
5004.png,81
5004.png,90
5004.png,100
5004.png,59
5004.png,86
5004.png,74
5004.png,75
5004.png,98
5004.png,34
5005.png,74
5005.png,65
5005.png,73
5005.png,34
5005.png,59
5005.png,50
5005.png,67
5005.png,94
5005.png,50
5005.png,85
5006.png,12
5006.png,15
5006.png,29
5006.png,0
5006.png,46
5006.png,9
5006.png,7
5006.png,4
5006.png,32
5006.png,0
5007.png,100
5007.png,99
5007.png,85
5007.png,68
5007.png,99
5007.png,72
5007.png,82
5007.png,100
5007.png,64
5007.png,89
5008.png,72
5008.png,10
5008.png,3
5008.png,1
5008.png,5
5008.png,21
5008.png,0
5008.png,35
5008.png,1
5008.png,0
5009.png,0
5009.png,32
5009.png,0
5009.png,1
5009.png,0
5009.png,0
5009.png,0
5009.png,0
5009.png,66
5009.png,0
5010.png,57
5010.png,52
5010.png,85
5010.png,71
5010.png,33
5010.png,73
5010.png,55
5010.png,39
5010.png,16
5010.png,95
5011.png,24
5011.png,24
5011.png,41
5011.png,31
5011.png,64
5011.png,79
5011.png,16
5011.png,8
5011.png,72
5011.png,64
5012.png,24
5012.png,62
5012.png,60
5012.png,26
5012.png,73
5012.png,37
5012.png,30
5012.png,8
5012.png,23
5012.png,78
5013.png,82
5013.png,99
5013.png,83
5013.png,86
5013.png,40
5013.png,77
5013.png,98
5013.png,100
5013.png,29
5013.png,71
5014.png,97
5014.png,72
5014.png,34
5014.png,63
5014.png,73
5014.png,81
5014.png,75
5014.png,100
5014.png,50
5014.png,80
5015.png,15
5015.png,40
5015.png,59
5015.png,15
5015.png,64
5015.png,29
5015.png,15
5015.png,55
5015.png,25
5015.png,50
5016.png,80
5016.png,63
5016.png,0
5016.png,75
5016.png,19
5016.png,86
5016.png,7
5016.png,33
5016.png,31
5016.png,70
5017.png,5
5017.png,25
5017.png,35
5017.png,8
5017.png,42
5017.png,42
5017.png,19
5017.png,41
5017.png,8
5017.png,62
5018.png,100
5018.png,57
5018.png,85
5018.png,35
5018.png,24
5018.png,57
5018.png,50
5018.png,73
5018.png,79
5018.png,65
5019.png,79
5019.png,10
5019.png,31
5019.png,12
5019.png,38
5019.png,37
5019.png,15
5019.png,22
5019.png,71
5019.png,9
5020.png,91
5020.png,10
5020.png,45
5020.png,84
5020.png,75
5020.png,64
5020.png,100
5020.png,71
5020.png,68
5020.png,87
5021.png,100
5021.png,100
5021.png,80
5021.png,59
5021.png,100
5021.png,73
5021.png,19
5021.png,37
5021.png,87
5021.png,89
5022.png,40
5022.png,65
5022.png,42
5022.png,32
5022.png,70
5022.png,67
5022.png,79
5022.png,95
5022.png,50
5022.png,76
5023.png,24
5023.png,27
5023.png,4
5023.png,9
5023.png,17
5023.png,17
5023.png,90
5023.png,65
5023.png,41
5023.png,16
5024.png,62
5024.png,50
5024.png,24
5024.png,13
5024.png,26
5024.png,86
5024.png,10
5024.png,25
5024.png,35
5024.png,48
5025.png,24
5025.png,41
5025.png,43
5025.png,41
5025.png,63
5025.png,74
5025.png,57
5025.png,15
5025.png,50
5025.png,14
5026.png,50
5026.png,81
5026.png,85
5026.png,15
5026.png,61
5026.png,13
5026.png,41
5026.png,74
5026.png,61
5026.png,10
5027.png,41
5027.png,15
5027.png,36
5027.png,35
5027.png,73
5027.png,9
5027.png,24
5027.png,25
5027.png,10
5027.png,8
5028.png,99
5028.png,32
5028.png,100
5028.png,86
5028.png,62
5028.png,63
5028.png,86
5028.png,66
5028.png,66
5028.png,84
5029.png,29
5029.png,81
5029.png,66
5029.png,67
5029.png,67
5029.png,14
5029.png,55
5029.png,42
5029.png,50
5029.png,76
5030.png,1
5030.png,18
5030.png,7
5030.png,6
5030.png,17
5030.png,0
5030.png,22
5030.png,21
5030.png,45
5030.png,0
5031.png,58
5031.png,23
5031.png,84
5031.png,21
5031.png,36
5031.png,77
5031.png,63
5031.png,30
5031.png,87
5031.png,100
5032.png,85
5032.png,71
5032.png,61
5032.png,61
5032.png,79
5032.png,92
5032.png,64
5032.png,35
5032.png,100
5032.png,99
5033.png,15
5033.png,75
5033.png,88
5033.png,88
5033.png,58
5033.png,75
5033.png,61
5033.png,85
5033.png,31
5033.png,31
5034.png,67
5034.png,26
5034.png,23
5034.png,14
5034.png,68
5034.png,50
5034.png,50
5034.png,8
5034.png,60
5034.png,75
5035.png,77
5035.png,57
5035.png,82
5035.png,75
5035.png,87
5035.png,82
5035.png,49
5035.png,50
5035.png,65
5035.png,14
5036.png,31
5036.png,64
5036.png,2
5036.png,35
5036.png,8
5036.png,36
5036.png,26
5036.png,4
5036.png,47
5036.png,29
5037.png,78
5037.png,63
5037.png,77
5037.png,50
5037.png,24
5037.png,74
5037.png,70
5037.png,50
5037.png,9
5037.png,76
5038.png,0
5038.png,14
5038.png,10
5038.png,2
5038.png,67
5038.png,3
5038.png,11
5038.png,8
5038.png,0
5038.png,4
5039.png,63
5039.png,50
5039.png,9
5039.png,14
5039.png,82
5039.png,37
5039.png,23
5039.png,60
5039.png,14
5039.png,49
5040.png,0
5040.png,6
5040.png,13
5040.png,41
5040.png,12
5040.png,66
5040.png,50
5040.png,8
5040.png,58
5040.png,22
5041.png,13
5041.png,13
5041.png,71
5041.png,84
5041.png,58
5041.png,50
5041.png,42
5041.png,18
5041.png,50
5041.png,64
5042.png,76
5042.png,88
5042.png,77
5042.png,82
5042.png,35
5042.png,77
5042.png,72
5042.png,78
5042.png,37
5042.png,63
5043.png,23
5043.png,0
5043.png,31
5043.png,1
5043.png,0
5043.png,7
5043.png,15
5043.png,0
5043.png,29
5043.png,3
5044.png,35
5044.png,66
5044.png,84
5044.png,20
5044.png,57
5044.png,80
5044.png,68
5044.png,99
5044.png,67
5044.png,81
5045.png,92
5045.png,62
5045.png,79
5045.png,95
5045.png,67
5045.png,65
5045.png,73
5045.png,100
5045.png,74
5045.png,75
5046.png,13
5046.png,65
5046.png,3
5046.png,0
5046.png,6
5046.png,48
5046.png,6
5046.png,0
5046.png,87
5046.png,0
5047.png,33
5047.png,74
5047.png,37
5047.png,82
5047.png,62
5047.png,50
5047.png,25
5047.png,80
5047.png,42
5047.png,42
5048.png,24
5048.png,68
5048.png,32
5048.png,37
5048.png,83
5048.png,57
5048.png,76
5048.png,62
5048.png,14
5048.png,50
5049.png,12
5049.png,33
5049.png,40
5049.png,32
5049.png,0
5049.png,25
5049.png,36
5049.png,5
5049.png,6
5049.png,50
5050.png,84
5050.png,67
5050.png,100
5050.png,50
5050.png,90
5050.png,74
5050.png,88
5050.png,63
5050.png,95
5050.png,75
5051.png,73
5051.png,62
5051.png,88
5051.png,76
5051.png,59
5051.png,78
5051.png,72
5051.png,50
5051.png,21
5051.png,40
5052.png,75
5052.png,12
5052.png,90
5052.png,37
5052.png,78
5052.png,33
5052.png,43
5052.png,56
5052.png,58
5052.png,78
5053.png,71
5053.png,63
5053.png,24
5053.png,13
5053.png,10
5053.png,43
5053.png,87
5053.png,90
5053.png,41
5053.png,13
5054.png,50
5054.png,36
5054.png,23
5054.png,50
5054.png,11
5054.png,56
5054.png,36
5054.png,50
5054.png,41
5054.png,74
5055.png,27
5055.png,4
5055.png,6
5055.png,44
5055.png,44
5055.png,0
5055.png,25
5055.png,19
5055.png,50
5055.png,24
5056.png,23
5056.png,0
5056.png,40
5056.png,0
5056.png,39
5056.png,8
5056.png,2
5056.png,23
5056.png,24
5056.png,16
5057.png,39
5057.png,26
5057.png,2
5057.png,50
5057.png,50
5057.png,9
5057.png,5
5057.png,1
5057.png,81
5057.png,14
5058.png,55
5058.png,67
5058.png,86
5058.png,18
5058.png,59
5058.png,74
5058.png,27
5058.png,73
5058.png,95
5058.png,32
5059.png,77
5059.png,75
5059.png,50
5059.png,63
5059.png,65
5059.png,83
5059.png,95
5059.png,100
5059.png,78
5059.png,88
5060.png,1
5060.png,2
5060.png,0
5060.png,78
5060.png,0
5060.png,0
5060.png,36
5060.png,22
5060.png,13
5060.png,2
5061.png,58
5061.png,59
5061.png,100
5061.png,100
5061.png,69
5061.png,99
5061.png,73
5061.png,74
5061.png,100
5061.png,90
5062.png,8
5062.png,56
5062.png,76
5062.png,74
5062.png,63
5062.png,75
5062.png,100
5062.png,87
5062.png,100
5062.png,30
5063.png,50
5063.png,62
5063.png,68
5063.png,80
5063.png,100
5063.png,79
5063.png,100
5063.png,61
5063.png,8
5063.png,100
5064.png,2
5064.png,82
5064.png,8
5064.png,26
5064.png,4
5064.png,11
5064.png,0
5064.png,9
5064.png,13
5064.png,0
5065.png,75
5065.png,50
5065.png,65
5065.png,16
5065.png,50
5065.png,22
5065.png,26
5065.png,71
5065.png,32
5065.png,82
5066.png,100
5066.png,82
5066.png,24
5066.png,77
5066.png,82
5066.png,70
5066.png,88
5066.png,63
5066.png,75
5066.png,87
5067.png,78
5067.png,76
5067.png,65
5067.png,87
5067.png,85
5067.png,71
5067.png,36
5067.png,63
5067.png,80
5067.png,50
5068.png,0
5068.png,36
5068.png,18
5068.png,80
5068.png,0
5068.png,18
5068.png,8
5068.png,13
5068.png,28
5068.png,1
5069.png,37
5069.png,39
5069.png,24
5069.png,86
5069.png,19
5069.png,35
5069.png,11
5069.png,0
5069.png,33
5069.png,22
5070.png,8
5070.png,29
5070.png,45
5070.png,84
5070.png,32
5070.png,0
5070.png,75
5070.png,34
5070.png,50
5070.png,32
5071.png,90
5071.png,71
5071.png,75
5071.png,99
5071.png,72
5071.png,72
5071.png,38
5071.png,76
5071.png,32
5071.png,62
5072.png,0
5072.png,0
5072.png,31
5072.png,25
5072.png,14
5072.png,7
5072.png,10
5072.png,0
5072.png,70
5072.png,9
5073.png,69
5073.png,16
5073.png,35
5073.png,0
5073.png,77
5073.png,13
5073.png,5
5073.png,2
5073.png,0
5073.png,0
5074.png,69
5074.png,74
5074.png,39
5074.png,38
5074.png,20
5074.png,88
5074.png,84
5074.png,38
5074.png,80
5074.png,77
5075.png,25
5075.png,39
5075.png,0
5075.png,73
5075.png,46
5075.png,56
5075.png,22
5075.png,84
5075.png,37
5075.png,28
5076.png,100
5076.png,78
5076.png,82
5076.png,49
5076.png,93
5076.png,72
5076.png,90
5076.png,94
5076.png,69
5076.png,63
5077.png,0
5077.png,34
5077.png,24
5077.png,81
5077.png,19
5077.png,35
5077.png,36
5077.png,38
5077.png,22
5077.png,8
5078.png,33
5078.png,16
5078.png,45
5078.png,0
5078.png,67
5078.png,0
5078.png,8
5078.png,24
5078.png,30
5078.png,17
5079.png,79
5079.png,52
5079.png,11
5079.png,0
5079.png,41
5079.png,24
5079.png,50
5079.png,20
5079.png,15
5079.png,3
5080.png,47
5080.png,42
5080.png,67
5080.png,85
5080.png,0
5080.png,78
5080.png,84
5080.png,37
5080.png,100
5080.png,88
5081.png,0
5081.png,68
5081.png,45
5081.png,50
5081.png,84
5081.png,53
5081.png,58
5081.png,74
5081.png,72
5081.png,12
5082.png,42
5082.png,47
5082.png,10
5082.png,44
5082.png,45
5082.png,82
5082.png,57
5082.png,17
5082.png,67
5082.png,97
5083.png,53
5083.png,0
5083.png,75
5083.png,27
5083.png,32
5083.png,24
5083.png,37
5083.png,94
5083.png,74
5083.png,56
5084.png,61
5084.png,100
5084.png,86
5084.png,92
5084.png,62
5084.png,100
5084.png,70
5084.png,63
5084.png,23
5084.png,90
5085.png,24
5085.png,71
5085.png,0
5085.png,54
5085.png,33
5085.png,69
5085.png,41
5085.png,46
5085.png,61
5085.png,34
5086.png,66
5086.png,75
5086.png,96
5086.png,0
5086.png,56
5086.png,68
5086.png,47
5086.png,68
5086.png,40
5086.png,88
5087.png,100
5087.png,97
5087.png,95
5087.png,79
5087.png,83
5087.png,95
5087.png,100
5087.png,100
5087.png,67
5087.png,100
5088.png,21
5088.png,22
5088.png,39
5088.png,8
5088.png,85
5088.png,14
5088.png,0
5088.png,13
5088.png,8
5088.png,31
5089.png,22
5089.png,37
5089.png,25
5089.png,11
5089.png,1
5089.png,55
5089.png,32
5089.png,11
5089.png,31
5089.png,88
5090.png,39
5090.png,0
5090.png,38
5090.png,75
5090.png,38
5090.png,29
5090.png,57
5090.png,10
5090.png,43
5090.png,89
5091.png,100
5091.png,13
5091.png,53
5091.png,89
5091.png,44
5091.png,38
5091.png,75
5091.png,70
5091.png,64
5091.png,54
5092.png,18
5092.png,14
5092.png,0
5092.png,23
5092.png,12
5092.png,0
5092.png,27
5092.png,38
5092.png,28
5092.png,22
5093.png,90
5093.png,100
5093.png,55
5093.png,84
5093.png,100
5093.png,96
5093.png,82
5093.png,68
5093.png,96
5093.png,77
5094.png,67
5094.png,5
5094.png,100
5094.png,95
5094.png,88
5094.png,61
5094.png,60
5094.png,76
5094.png,93
5094.png,92
5095.png,49
5095.png,46
5095.png,97
5095.png,74
5095.png,23
5095.png,0
5095.png,90
5095.png,52
5095.png,51
5095.png,38
5096.png,81
5096.png,100
5096.png,100
5096.png,77
5096.png,88
5096.png,96
5096.png,74
5096.png,100
5096.png,90
5096.png,64
5097.png,85
5097.png,90
5097.png,66
5097.png,42
5097.png,75
5097.png,69
5097.png,62
5097.png,85
5097.png,83
5097.png,84
5098.png,22
5098.png,31
5098.png,19
5098.png,45
5098.png,31
5098.png,25
5098.png,37
5098.png,19
5098.png,25
5098.png,0
5099.png,37
5099.png,37
5099.png,30
5099.png,49
5099.png,0
5099.png,10
5099.png,63
5099.png,40
5099.png,45
5099.png,30
5100.png,11
5100.png,23
5100.png,25
5100.png,34
5100.png,54
5100.png,24
5100.png,24
5100.png,83
5100.png,96
5100.png,84
5101.png,75
5101.png,35
5101.png,41
5101.png,79
5101.png,45
5101.png,62
5101.png,28
5101.png,21
5101.png,84
5101.png,0
5102.png,26
5102.png,37
5102.png,15
5102.png,70
5102.png,38
5102.png,24
5102.png,4
5102.png,25
5102.png,0
5102.png,30
5103.png,14
5103.png,89
5103.png,23
5103.png,0
5103.png,21
5103.png,27
5103.png,20
5103.png,23
5103.png,27
5103.png,23
5104.png,30
5104.png,54
5104.png,68
5104.png,32
5104.png,39
5104.png,10
5104.png,12
5104.png,31
5104.png,24
5104.png,8
5105.png,37
5105.png,86
5105.png,86
5105.png,54
5105.png,80
5105.png,55
5105.png,48
5105.png,61
5105.png,64
5105.png,53
5106.png,19
5106.png,0
5106.png,2
5106.png,18
5106.png,20
5106.png,4
5106.png,4
5106.png,16
5106.png,0
5106.png,0
5107.png,15
5107.png,11
5107.png,38
5107.png,83
5107.png,29
5107.png,52
5107.png,43
5107.png,31
5107.png,0
5107.png,33
5108.png,0
5108.png,49
5108.png,21
5108.png,8
5108.png,50
5108.png,6
5108.png,24
5108.png,31
5108.png,38
5108.png,50
5109.png,40
5109.png,37
5109.png,22
5109.png,35
5109.png,24
5109.png,62
5109.png,0
5109.png,63
5109.png,32
5109.png,38
5110.png,18
5110.png,100
5110.png,78
5110.png,75
5110.png,63
5110.png,54
5110.png,99
5110.png,78
5110.png,91
5110.png,62
5111.png,64
5111.png,37
5111.png,11
5111.png,40
5111.png,21
5111.png,38
5111.png,39
5111.png,70
5111.png,64
5111.png,28
5112.png,45
5112.png,54
5112.png,56
5112.png,36
5112.png,62
5112.png,79
5112.png,31
5112.png,47
5112.png,24
5112.png,13
5113.png,45
5113.png,31
5113.png,44
5113.png,13
5113.png,5
5113.png,32
5113.png,49
5113.png,41
5113.png,24
5113.png,35
5114.png,89
5114.png,100
5114.png,99
5114.png,85
5114.png,100
5114.png,100
5114.png,100
5114.png,61
5114.png,100
5114.png,79
5115.png,0
5115.png,63
5115.png,59
5115.png,85
5115.png,31
5115.png,33
5115.png,34
5115.png,33
5115.png,35
5115.png,25
5116.png,69
5116.png,77
5116.png,13
5116.png,27
5116.png,0
5116.png,65
5116.png,40
5116.png,43
5116.png,11
5116.png,0
5117.png,23
5117.png,30
5117.png,70
5117.png,0
5117.png,33
5117.png,44
5117.png,36
5117.png,33
5117.png,40
5117.png,23
5118.png,71
5118.png,53
5118.png,61
5118.png,5
5118.png,42
5118.png,65
5118.png,100
5118.png,69
5118.png,67
5118.png,25
5119.png,97
5119.png,6
5119.png,90
5119.png,56
5119.png,81
5119.png,63
5119.png,76
5119.png,95
5119.png,100
5119.png,100
5120.png,39
5120.png,66
5120.png,71
5120.png,12
5120.png,57
5120.png,87
5120.png,16
5120.png,36
5120.png,88
5120.png,44
5121.png,75
5121.png,75
5121.png,53
5121.png,40
5121.png,25
5121.png,37
5121.png,89
5121.png,79
5121.png,56
5121.png,75
5122.png,33
5122.png,18
5122.png,34
5122.png,30
5122.png,22
5122.png,17
5122.png,50
5122.png,7
5122.png,17
5122.png,0
5123.png,59
5123.png,83
5123.png,11
5123.png,36
5123.png,64
5123.png,100
5123.png,55
5123.png,66
5123.png,46
5123.png,60
5124.png,60
5124.png,77
5124.png,61
5124.png,69
5124.png,46
5124.png,80
5124.png,63
5124.png,61
5124.png,17
5124.png,71
5125.png,78
5125.png,25
5125.png,65
5125.png,100
5125.png,67
5125.png,88
5125.png,89
5125.png,100
5125.png,62
5125.png,65
5126.png,36
5126.png,15
5126.png,53
5126.png,75
5126.png,39
5126.png,25
5126.png,36
5126.png,73
5126.png,25
5126.png,41
5127.png,78
5127.png,78
5127.png,88
5127.png,62
5127.png,86
5127.png,100
5127.png,86
5127.png,100
5127.png,82
5127.png,100
5128.png,70
5128.png,0
5128.png,0
5128.png,41
5128.png,14
5128.png,11
5128.png,10
5128.png,25
5128.png,12
5128.png,26
5129.png,0
5129.png,10
5129.png,30
5129.png,27
5129.png,31
5129.png,23
5129.png,76
5129.png,20
5129.png,2
5129.png,13
5130.png,60
5130.png,100
5130.png,44
5130.png,84
5130.png,100
5130.png,78
5130.png,99
5130.png,43
5130.png,24
5130.png,77
5131.png,68
5131.png,34
5131.png,77
5131.png,57
5131.png,20
5131.png,12
5131.png,59
5131.png,14
5131.png,20
5131.png,37
5132.png,0
5132.png,85
5132.png,78
5132.png,55
5132.png,62
5132.png,46
5132.png,42
5132.png,55
5132.png,23
5132.png,65
5133.png,41
5133.png,25
5133.png,61
5133.png,38
5133.png,37
5133.png,25
5133.png,17
5133.png,61
5133.png,16
5133.png,79
5134.png,55
5134.png,68
5134.png,72
5134.png,84
5134.png,100
5134.png,100
5134.png,100
5134.png,97
5134.png,7
5134.png,82
5135.png,36
5135.png,30
5135.png,19
5135.png,0
5135.png,15
5135.png,2
5135.png,5
5135.png,25
5135.png,35
5135.png,31
5136.png,0
5136.png,16
5136.png,43
5136.png,9
5136.png,31
5136.png,23
5136.png,21
5136.png,7
5136.png,9
5136.png,25
5137.png,66
5137.png,40
5137.png,85
5137.png,93
5137.png,97
5137.png,50
5137.png,80
5137.png,100
5137.png,96
5137.png,75
5138.png,36
5138.png,7
5138.png,35
5138.png,10
5138.png,23
5138.png,44
5138.png,39
5138.png,86
5138.png,0
5138.png,24
5139.png,25
5139.png,29
5139.png,15
5139.png,0
5139.png,38
5139.png,84
5139.png,36
5139.png,0
5139.png,23
5139.png,45
5140.png,100
5140.png,67
5140.png,94
5140.png,59
5140.png,80
5140.png,97
5140.png,100
5140.png,100
5140.png,77
5140.png,89
5141.png,67
5141.png,42
5141.png,25
5141.png,24
5141.png,3
5141.png,19
5141.png,0
5141.png,50
5141.png,27
5141.png,22
5142.png,26
5142.png,9
5142.png,16
5142.png,27
5142.png,0
5142.png,39
5142.png,81
5142.png,0
5142.png,0
5142.png,1
5143.png,60
5143.png,80
5143.png,50
5143.png,86
5143.png,92
5143.png,45
5143.png,91
5143.png,34
5143.png,50
5143.png,55
5144.png,67
5144.png,64
5144.png,75
5144.png,47
5144.png,57
5144.png,39
5144.png,50
5144.png,22
5144.png,37
5144.png,0
5145.png,58
5145.png,66
5145.png,36
5145.png,25
5145.png,36
5145.png,41
5145.png,38
5145.png,31
5145.png,14
5145.png,44
5146.png,66
5146.png,58
5146.png,49
5146.png,56
5146.png,10
5146.png,64
5146.png,75
5146.png,40
5146.png,70
5146.png,89
5147.png,100
5147.png,91
5147.png,92
5147.png,100
5147.png,100
5147.png,93
5147.png,24
5147.png,100
5147.png,88
5147.png,68
5148.png,33
5148.png,53
5148.png,75
5148.png,96
5148.png,0
5148.png,36
5148.png,36
5148.png,36
5148.png,35
5148.png,0
5149.png,100
5149.png,68
5149.png,100
5149.png,35
5149.png,56
5149.png,61
5149.png,69
5149.png,79
5149.png,20
5149.png,60
5150.png,74
5150.png,9
5150.png,6
5150.png,0
5150.png,6
5150.png,0
5150.png,25
5150.png,22
5150.png,33
5150.png,13
5151.png,78
5151.png,75
5151.png,100
5151.png,100
5151.png,85
5151.png,100
5151.png,100
5151.png,97
5151.png,83
5151.png,56
5152.png,89
5152.png,87
5152.png,44
5152.png,62
5152.png,0
5152.png,100
5152.png,21
5152.png,81
5152.png,61
5152.png,37
5153.png,34
5153.png,48
5153.png,83
5153.png,75
5153.png,13
5153.png,74
5153.png,41
5153.png,62
5153.png,46
5153.png,60
5154.png,64
5154.png,89
5154.png,34
5154.png,46
5154.png,60
5154.png,39
5154.png,81
5154.png,22
5154.png,85
5154.png,11
5155.png,57
5155.png,40
5155.png,68
5155.png,68
5155.png,28
5155.png,53
5155.png,0
5155.png,42
5155.png,34
5155.png,50
5156.png,40
5156.png,78
5156.png,35
5156.png,15
5156.png,10
5156.png,23
5156.png,23
5156.png,31
5156.png,8
5156.png,25
5157.png,95
5157.png,62
5157.png,80
5157.png,60
5157.png,100
5157.png,39
5157.png,59
5157.png,71
5157.png,63
5157.png,72
5158.png,100
5158.png,87
5158.png,75
5158.png,81
5158.png,67
5158.png,76
5158.png,100
5158.png,82
5158.png,68
5158.png,85
5159.png,64
5159.png,65
5159.png,69
5159.png,50
5159.png,36
5159.png,25
5159.png,50
5159.png,91
5159.png,83
5159.png,56
5160.png,65
5160.png,54
5160.png,34
5160.png,37
5160.png,25
5160.png,38
5160.png,55
5160.png,35
5160.png,0
5160.png,0
5161.png,84
5161.png,67
5161.png,73
5161.png,68
5161.png,45
5161.png,100
5161.png,32
5161.png,75
5161.png,100
5161.png,58
5162.png,57
5162.png,34
5162.png,11
5162.png,38
5162.png,85
5162.png,75
5162.png,45
5162.png,54
5162.png,28
5162.png,25
5163.png,55
5163.png,64
5163.png,33
5163.png,25
5163.png,67
5163.png,65
5163.png,39
5163.png,99
5163.png,90
5163.png,39
5164.png,25
5164.png,84
5164.png,57
5164.png,89
5164.png,80
5164.png,42
5164.png,88
5164.png,56
5164.png,78
5164.png,33
5165.png,64
5165.png,92
5165.png,0
5165.png,54
5165.png,36
5165.png,72
5165.png,73
5165.png,55
5165.png,84
5165.png,56
5166.png,91
5166.png,79
5166.png,84
5166.png,67
5166.png,50
5166.png,60
5166.png,90
5166.png,75
5166.png,77
5166.png,98
5167.png,75
5167.png,42
5167.png,71
5167.png,64
5167.png,59
5167.png,54
5167.png,75
5167.png,14
5167.png,100
5167.png,39
5168.png,89
5168.png,100
5168.png,84
5168.png,100
5168.png,64
5168.png,36
5168.png,87
5168.png,100
5168.png,100
5168.png,100
5169.png,100
5169.png,100
5169.png,66
5169.png,38
5169.png,98
5169.png,87
5169.png,100
5169.png,75
5169.png,81
5169.png,78
5170.png,96
5170.png,50
5170.png,63
5170.png,37
5170.png,14
5170.png,75
5170.png,65
5170.png,53
5170.png,69
5170.png,100
5171.png,58
5171.png,95
5171.png,100
5171.png,100
5171.png,79
5171.png,100
5171.png,35
5171.png,96
5171.png,83
5171.png,74
5172.png,34
5172.png,40
5172.png,36
5172.png,32
5172.png,12
5172.png,60
5172.png,11
5172.png,23
5172.png,38
5172.png,55
5173.png,27
5173.png,58
5173.png,40
5173.png,57
5173.png,34
5173.png,10
5173.png,12
5173.png,34
5173.png,54
5173.png,47
5174.png,63
5174.png,89
5174.png,75
5174.png,98
5174.png,82
5174.png,90
5174.png,67
5174.png,76
5174.png,100
5174.png,87
5175.png,37
5175.png,73
5175.png,89
5175.png,68
5175.png,79
5175.png,80
5175.png,78
5175.png,100
5175.png,81
5175.png,89
5176.png,98
5176.png,99
5176.png,85
5176.png,63
5176.png,75
5176.png,79
5176.png,67
5176.png,94
5176.png,65
5176.png,75
5177.png,100
5177.png,66
5177.png,60
5177.png,58
5177.png,75
5177.png,71
5177.png,13
5177.png,84
5177.png,85
5177.png,92
5178.png,88
5178.png,71
5178.png,85
5178.png,77
5178.png,69
5178.png,92
5178.png,85
5178.png,14
5178.png,100
5178.png,75
5179.png,24
5179.png,100
5179.png,64
5179.png,73
5179.png,73
5179.png,59
5179.png,75
5179.png,85
5179.png,38
5179.png,67
5180.png,25
5180.png,36
5180.png,38
5180.png,35
5180.png,10
5180.png,88
5180.png,45
5180.png,34
5180.png,53
5180.png,26
5181.png,81
5181.png,54
5181.png,90
5181.png,83
5181.png,97
5181.png,56
5181.png,100
5181.png,87
5181.png,66
5181.png,99
5182.png,100
5182.png,60
5182.png,84
5182.png,88
5182.png,50
5182.png,50
5182.png,15
5182.png,74
5182.png,71
5182.png,77
5183.png,26
5183.png,56
5183.png,49
5183.png,65
5183.png,44
5183.png,13
5183.png,100
5183.png,46
5183.png,16
5183.png,50
5184.png,100
5184.png,100
5184.png,91
5184.png,12
5184.png,87
5184.png,87
5184.png,100
5184.png,84
5184.png,81
5184.png,79
5185.png,36
5185.png,50
5185.png,52
5185.png,0
5185.png,40
5185.png,30
5185.png,94
5185.png,28
5185.png,46
5185.png,55
5186.png,100
5186.png,93
5186.png,67
5186.png,75
5186.png,100
5186.png,93
5186.png,80
5186.png,84
5186.png,91
5186.png,78
5187.png,92
5187.png,64
5187.png,69
5187.png,44
5187.png,66
5187.png,100
5187.png,50
5187.png,63
5187.png,64
5187.png,75
5188.png,100
5188.png,40
5188.png,38
5188.png,39
5188.png,52
5188.png,12
5188.png,10
5188.png,57
5188.png,38
5188.png,44
5189.png,58
5189.png,26
5189.png,63
5189.png,58
5189.png,44
5189.png,57
5189.png,100
5189.png,3
5189.png,50
5189.png,57
5190.png,23
5190.png,0
5190.png,33
5190.png,0
5190.png,32
5190.png,72
5190.png,12
5190.png,8
5190.png,15
5190.png,4
5191.png,56
5191.png,33
5191.png,40
5191.png,64
5191.png,27
5191.png,0
5191.png,15
5191.png,43
5191.png,34
5191.png,59
5192.png,100
5192.png,76
5192.png,79
5192.png,84
5192.png,96
5192.png,100
5192.png,61
5192.png,79
5192.png,75
5192.png,100
5193.png,81
5193.png,50
5193.png,68
5193.png,75
5193.png,89
5193.png,70
5193.png,63
5193.png,100
5193.png,14
5193.png,59
5194.png,60
5194.png,32
5194.png,33
5194.png,0
5194.png,42
5194.png,36
5194.png,66
5194.png,20
5194.png,66
5194.png,52
5195.png,22
5195.png,42
5195.png,29
5195.png,43
5195.png,42
5195.png,44
5195.png,0
5195.png,64
5195.png,14
5195.png,56
5196.png,34
5196.png,39
5196.png,12
5196.png,33
5196.png,54
5196.png,2
5196.png,75
5196.png,78
5196.png,40
5196.png,25
5197.png,76
5197.png,100
5197.png,20
5197.png,37
5197.png,67
5197.png,75
5197.png,70
5197.png,100
5197.png,88
5197.png,69
5198.png,59
5198.png,3
5198.png,37
5198.png,9
5198.png,49
5198.png,37
5198.png,57
5198.png,76
5198.png,54
5198.png,12
5199.png,86
5199.png,89
5199.png,57
5199.png,66
5199.png,76
5199.png,84
5199.png,100
5199.png,100
5199.png,59
5199.png,82
5200.png,24
5200.png,13
5200.png,24
5200.png,6
5200.png,31
5200.png,0
5200.png,6
5200.png,17
5200.png,25
5200.png,0
5201.png,100
5201.png,95
5201.png,100
5201.png,15
5201.png,68
5201.png,61
5201.png,85
5201.png,75
5201.png,70
5201.png,37
5202.png,20
5202.png,29
5202.png,38
5202.png,62
5202.png,50
5202.png,44
5202.png,15
5202.png,70
5202.png,63
5202.png,0
5203.png,46
5203.png,66
5203.png,100
5203.png,86
5203.png,84
5203.png,76
5203.png,59
5203.png,78
5203.png,76
5203.png,56
5204.png,65
5204.png,88
5204.png,24
5204.png,35
5204.png,10
5204.png,37
5204.png,68
5204.png,44
5204.png,50
5204.png,65
5205.png,100
5205.png,83
5205.png,58
5205.png,69
5205.png,66
5205.png,20
5205.png,87
5205.png,56
5205.png,40
5205.png,50
5206.png,65
5206.png,30
5206.png,71
5206.png,46
5206.png,43
5206.png,25
5206.png,48
5206.png,49
5206.png,16
5206.png,79
5207.png,70
5207.png,30
5207.png,78
5207.png,64
5207.png,65
5207.png,75
5207.png,86
5207.png,73
5207.png,76
5207.png,39
5208.png,13
5208.png,0
5208.png,35
5208.png,41
5208.png,24
5208.png,23
5208.png,11
5208.png,0
5208.png,74
5208.png,50
5209.png,60
5209.png,63
5209.png,90
5209.png,35
5209.png,53
5209.png,24
5209.png,0
5209.png,60
5209.png,32
5209.png,30
5210.png,50
5210.png,84
5210.png,87
5210.png,100
5210.png,67
5210.png,100
5210.png,84
5210.png,81
5210.png,71
5210.png,62
5211.png,32
5211.png,24
5211.png,33
5211.png,17
5211.png,25
5211.png,13
5211.png,43
5211.png,28
5211.png,14
5211.png,31
5212.png,61
5212.png,44
5212.png,57
5212.png,0
5212.png,41
5212.png,81
5212.png,47
5212.png,44
5212.png,21
5212.png,69
5213.png,0
5213.png,24
5213.png,69
5213.png,28
5213.png,0
5213.png,2
5213.png,9
5213.png,16
5213.png,29
5213.png,7
5214.png,100
5214.png,70
5214.png,100
5214.png,89
5214.png,80
5214.png,84
5214.png,100
5214.png,69
5214.png,50
5214.png,82
5215.png,84
5215.png,90
5215.png,64
5215.png,100
5215.png,78
5215.png,85
5215.png,100
5215.png,72
5215.png,86
5215.png,75
5216.png,68
5216.png,100
5216.png,62
5216.png,34
5216.png,76
5216.png,62
5216.png,100
5216.png,64
5216.png,100
5216.png,68
5217.png,72
5217.png,34
5217.png,81
5217.png,39
5217.png,84
5217.png,40
5217.png,100
5217.png,100
5217.png,71
5217.png,71
5218.png,46
5218.png,0
5218.png,60
5218.png,50
5218.png,0
5218.png,12
5218.png,24
5218.png,21
5218.png,72
5218.png,18
5219.png,77
5219.png,100
5219.png,78
5219.png,84
5219.png,89
5219.png,100
5219.png,95
5219.png,75
5219.png,91
5219.png,100
5220.png,54
5220.png,77
5220.png,15
5220.png,55
5220.png,58
5220.png,11
5220.png,18
5220.png,3
5220.png,12
5220.png,26
5221.png,44
5221.png,31
5221.png,24
5221.png,43
5221.png,31
5221.png,81
5221.png,37
5221.png,39
5221.png,21
5221.png,23
5222.png,22
5222.png,32
5222.png,32
5222.png,26
5222.png,80
5222.png,32
5222.png,4
5222.png,58
5222.png,20
5222.png,4
5223.png,100
5223.png,88
5223.png,35
5223.png,93
5223.png,74
5223.png,58
5223.png,76
5223.png,73
5223.png,78
5223.png,67
5224.png,23
5224.png,58
5224.png,27
5224.png,46
5224.png,43
5224.png,61
5224.png,26
5224.png,61
5224.png,34
5224.png,80
5225.png,86
5225.png,63
5225.png,41
5225.png,68
5225.png,84
5225.png,100
5225.png,39
5225.png,45
5225.png,61
5225.png,63
5226.png,37
5226.png,80
5226.png,43
5226.png,38
5226.png,25
5226.png,13
5226.png,42
5226.png,35
5226.png,40
5226.png,72
5227.png,17
5227.png,11
5227.png,55
5227.png,36
5227.png,10
5227.png,25
5227.png,85
5227.png,22
5227.png,23
5227.png,78
5228.png,59
5228.png,73
5228.png,43
5228.png,17
5228.png,55
5228.png,53
5228.png,55
5228.png,30
5228.png,81
5228.png,36
5229.png,12
5229.png,42
5229.png,64
5229.png,10
5229.png,18
5229.png,10
5229.png,83
5229.png,0
5229.png,0
5229.png,4
5230.png,18
5230.png,27
5230.png,24
5230.png,2
5230.png,1
5230.png,0
5230.png,11
5230.png,77
5230.png,50
5230.png,22
5231.png,48
5231.png,50
5231.png,25
5231.png,25
5231.png,18
5231.png,62
5231.png,35
5231.png,75
5231.png,25
5231.png,60
5232.png,16
5232.png,29
5232.png,79
5232.png,9
5232.png,36
5232.png,1
5232.png,80
5232.png,4
5232.png,7
5232.png,35
5233.png,46
5233.png,71
5233.png,60
5233.png,48
5233.png,92
5233.png,67
5233.png,78
5233.png,75
5233.png,96
5233.png,59
5234.png,29
5234.png,64
5234.png,26
5234.png,35
5234.png,13
5234.png,85
5234.png,50
5234.png,12
5234.png,21
5234.png,64
5235.png,55
5235.png,15
5235.png,74
5235.png,48
5235.png,69
5235.png,57
5235.png,99
5235.png,29
5235.png,61
5235.png,61
5236.png,4
5236.png,24
5236.png,30
5236.png,29
5236.png,75
5236.png,76
5236.png,38
5236.png,99
5236.png,36
5236.png,58
5237.png,25
5237.png,45
5237.png,48
5237.png,30
5237.png,2
5237.png,52
5237.png,45
5237.png,25
5237.png,59
5237.png,61
5238.png,78
5238.png,63
5238.png,65
5238.png,27
5238.png,74
5238.png,67
5238.png,75
5238.png,62
5238.png,100
5238.png,82
5239.png,10
5239.png,32
5239.png,24
5239.png,65
5239.png,0
5239.png,20
5239.png,17
5239.png,11
5239.png,50
5239.png,0
5240.png,51
5240.png,82
5240.png,96
5240.png,81
5240.png,72
5240.png,69
5240.png,48
5240.png,87
5240.png,77
5240.png,65
5241.png,5
5241.png,68
5241.png,25
5241.png,86
5241.png,52
5241.png,45
5241.png,2
5241.png,8
5241.png,50
5241.png,77
5242.png,76
5242.png,77
5242.png,96
5242.png,99
5242.png,87
5242.png,68
5242.png,100
5242.png,87
5242.png,96
5242.png,91
5243.png,68
5243.png,99
5243.png,94
5243.png,66
5243.png,89
5243.png,75
5243.png,81
5243.png,66
5243.png,100
5243.png,82
5244.png,1
5244.png,0
5244.png,10
5244.png,22
5244.png,28
5244.png,26
5244.png,24
5244.png,6
5244.png,0
5244.png,14
5245.png,98
5245.png,100
5245.png,98
5245.png,43
5245.png,94
5245.png,93
5245.png,88
5245.png,95
5245.png,75
5245.png,100
5246.png,30
5246.png,6
5246.png,12
5246.png,18
5246.png,33
5246.png,30
5246.png,79
5246.png,31
5246.png,20
5246.png,62
5247.png,40
5247.png,2
5247.png,66
5247.png,16
5247.png,28
5247.png,36
5247.png,0
5247.png,55
5247.png,9
5247.png,24
5248.png,26
5248.png,12
5248.png,6
5248.png,33
5248.png,14
5248.png,31
5248.png,44
5248.png,1
5248.png,12
5248.png,6
5249.png,20
5249.png,28
5249.png,7
5249.png,15
5249.png,23
5249.png,5
5249.png,0
5249.png,51
5249.png,1
5249.png,41
5250.png,30
5250.png,62
5250.png,80
5250.png,35
5250.png,34
5250.png,1
5250.png,42
5250.png,25
5250.png,25
5250.png,14
5251.png,9
5251.png,35
5251.png,18
5251.png,74
5251.png,67
5251.png,16
5251.png,45
5251.png,2
5251.png,0
5251.png,6
5252.png,64
5252.png,15
5252.png,37
5252.png,24
5252.png,5
5252.png,20
5252.png,20
5252.png,31
5252.png,34
5252.png,38
5253.png,0
5253.png,12
5253.png,0
5253.png,19
5253.png,40
5253.png,0
5253.png,0
5253.png,58
5253.png,14
5253.png,0
5254.png,58
5254.png,45
5254.png,82
5254.png,31
5254.png,59
5254.png,66
5254.png,75
5254.png,50
5254.png,63
5254.png,63
5255.png,81
5255.png,71
5255.png,99
5255.png,81
5255.png,75
5255.png,100
5255.png,99
5255.png,90
5255.png,94
5255.png,63
5256.png,50
5256.png,98
5256.png,69
5256.png,78
5256.png,76
5256.png,100
5256.png,63
5256.png,66
5256.png,97
5256.png,93
5257.png,18
5257.png,52
5257.png,78
5257.png,4
5257.png,16
5257.png,3
5257.png,35
5257.png,2
5257.png,7
5257.png,40
5258.png,51
5258.png,32
5258.png,18
5258.png,35
5258.png,0
5258.png,24
5258.png,30
5258.png,10
5258.png,27
5258.png,22
5259.png,75
5259.png,24
5259.png,31
5259.png,36
5259.png,50
5259.png,38
5259.png,12
5259.png,75
5259.png,45
5259.png,41
5260.png,82
5260.png,73
5260.png,75
5260.png,100
5260.png,94
5260.png,66
5260.png,96
5260.png,85
5260.png,80
5260.png,85
5261.png,20
5261.png,36
5261.png,34
5261.png,40
5261.png,45
5261.png,35
5261.png,6
5261.png,7
5261.png,22
5261.png,80
5262.png,50
5262.png,81
5262.png,38
5262.png,15
5262.png,8
5262.png,21
5262.png,35
5262.png,1
5262.png,52
5262.png,1
5263.png,77
5263.png,37
5263.png,91
5263.png,79
5263.png,85
5263.png,97
5263.png,34
5263.png,62
5263.png,50
5263.png,74
5264.png,64
5264.png,35
5264.png,6
5264.png,49
5264.png,35
5264.png,70
5264.png,37
5264.png,65
5264.png,50
5264.png,78
5265.png,0
5265.png,68
5265.png,4
5265.png,0
5265.png,15
5265.png,44
5265.png,28
5265.png,75
5265.png,81
5265.png,27
5266.png,99
5266.png,73
5266.png,82
5266.png,89
5266.png,75
5266.png,92
5266.png,77
5266.png,69
5266.png,76
5266.png,96
5267.png,81
5267.png,0
5267.png,65
5267.png,1
5267.png,0
5267.png,9
5267.png,30
5267.png,21
5267.png,13
5267.png,0
5268.png,8
5268.png,16
5268.png,62
5268.png,55
5268.png,16
5268.png,50
5268.png,62
5268.png,78
5268.png,37
5268.png,74
5269.png,75
5269.png,60
5269.png,43
5269.png,50
5269.png,64
5269.png,24
5269.png,32
5269.png,20
5269.png,67
5269.png,80
5270.png,14
5270.png,41
5270.png,12
5270.png,1
5270.png,37
5270.png,50
5270.png,74
5270.png,80
5270.png,14
5270.png,11
5271.png,67
5271.png,15
5271.png,24
5271.png,89
5271.png,55
5271.png,11
5271.png,50
5271.png,68
5271.png,83
5271.png,23
5272.png,99
5272.png,87
5272.png,100
5272.png,100
5272.png,90
5272.png,100
5272.png,100
5272.png,100
5272.png,93
5272.png,65
5273.png,0
5273.png,50
5273.png,100
5273.png,93
5273.png,100
5273.png,19
5273.png,62
5273.png,36
5273.png,12
5273.png,46
5274.png,86
5274.png,33
5274.png,50
5274.png,44
5274.png,13
5274.png,54
5274.png,58
5274.png,62
5274.png,59
5274.png,37
5275.png,50
5275.png,27
5275.png,7
5275.png,59
5275.png,25
5275.png,52
5275.png,16
5275.png,50
5275.png,43
5275.png,85
5276.png,94
5276.png,87
5276.png,66
5276.png,97
5276.png,50
5276.png,69
5276.png,82
5276.png,61
5276.png,26
5276.png,75
5277.png,63
5277.png,92
5277.png,58
5277.png,76
5277.png,97
5277.png,69
5277.png,95
5277.png,100
5277.png,90
5277.png,98
5278.png,41
5278.png,50
5278.png,84
5278.png,57
5278.png,66
5278.png,32
5278.png,63
5278.png,94
5278.png,52
5278.png,69
5279.png,36
5279.png,5
5279.png,29
5279.png,56
5279.png,87
5279.png,79
5279.png,30
5279.png,68
5279.png,50
5279.png,42
5280.png,24
5280.png,33
5280.png,65
5280.png,81
5280.png,53
5280.png,50
5280.png,2
5280.png,33
5280.png,15
5280.png,35
5281.png,68
5281.png,92
5281.png,23
5281.png,83
5281.png,62
5281.png,78
5281.png,69
5281.png,25
5281.png,24
5281.png,63
5282.png,0
5282.png,65
5282.png,2
5282.png,6
5282.png,26
5282.png,31
5282.png,2
5282.png,10
5282.png,37
5282.png,0
5283.png,61
5283.png,100
5283.png,99
5283.png,100
5283.png,87
5283.png,74
5283.png,96
5283.png,78
5283.png,100
5283.png,62
5284.png,85
5284.png,35
5284.png,2
5284.png,1
5284.png,15
5284.png,13
5284.png,12
5284.png,50
5284.png,34
5284.png,17
5285.png,46
5285.png,49
5285.png,61
5285.png,86
5285.png,83
5285.png,69
5285.png,90
5285.png,97
5285.png,0
5285.png,91
5286.png,53
5286.png,66
5286.png,70
5286.png,35
5286.png,93
5286.png,97
5286.png,66
5286.png,29
5286.png,59
5286.png,78
5287.png,2
5287.png,60
5287.png,16
5287.png,8
5287.png,37
5287.png,0
5287.png,49
5287.png,32
5287.png,44
5287.png,20
5288.png,2
5288.png,25
5288.png,50
5288.png,27
5288.png,13
5288.png,50
5288.png,31
5288.png,12
5288.png,77
5288.png,33
5289.png,88
5289.png,12
5289.png,10
5289.png,51
5289.png,7
5289.png,4
5289.png,10
5289.png,18
5289.png,66
5289.png,0
5290.png,62
5290.png,53
5290.png,9
5290.png,25
5290.png,14
5290.png,50
5290.png,15
5290.png,84
5290.png,33
5290.png,28
5291.png,62
5291.png,56
5291.png,70
5291.png,74
5291.png,84
5291.png,74
5291.png,82
5291.png,83
5291.png,52
5291.png,88
5292.png,73
5292.png,11
5292.png,10
5292.png,78
5292.png,88
5292.png,16
5292.png,74
5292.png,59
5292.png,66
5292.png,42
5293.png,37
5293.png,43
5293.png,31
5293.png,76
5293.png,22
5293.png,74
5293.png,48
5293.png,57
5293.png,7
5293.png,60
5294.png,41
5294.png,25
5294.png,10
5294.png,4
5294.png,10
5294.png,27
5294.png,22
5294.png,35
5294.png,23
5294.png,44
5295.png,80
5295.png,40
5295.png,76
5295.png,66
5295.png,24
5295.png,39
5295.png,63
5295.png,39
5295.png,57
5295.png,64
5296.png,35
5296.png,25
5296.png,51
5296.png,38
5296.png,27
5296.png,43
5296.png,18
5296.png,48
5296.png,82
5296.png,54
5297.png,27
5297.png,81
5297.png,42
5297.png,40
5297.png,57
5297.png,37
5297.png,22
5297.png,50
5297.png,27
5297.png,84
5298.png,18
5298.png,20
5298.png,66
5298.png,76
5298.png,33
5298.png,54
5298.png,25
5298.png,38
5298.png,77
5298.png,60
5299.png,79
5299.png,75
5299.png,86
5299.png,77
5299.png,74
5299.png,35
5299.png,84
5299.png,75
5299.png,79
5299.png,93
5300.png,41
5300.png,50
5300.png,38
5300.png,62
5300.png,24
5300.png,72
5300.png,38
5300.png,25
5300.png,53
5300.png,18
5301.png,5
5301.png,11
5301.png,13
5301.png,67
5301.png,26
5301.png,3
5301.png,19
5301.png,7
5301.png,0
5301.png,46
5302.png,84
5302.png,30
5302.png,44
5302.png,61
5302.png,63
5302.png,62
5302.png,77
5302.png,50
5302.png,39
5302.png,67
5303.png,19
5303.png,1
5303.png,6
5303.png,34
5303.png,66
5303.png,19
5303.png,35
5303.png,18
5303.png,35
5303.png,61
5304.png,50
5304.png,39
5304.png,27
5304.png,84
5304.png,11
5304.png,40
5304.png,80
5304.png,22
5304.png,40
5304.png,88
5305.png,56
5305.png,0
5305.png,18
5305.png,88
5305.png,13
5305.png,6
5305.png,70
5305.png,71
5305.png,17
5305.png,59
5306.png,89
5306.png,55
5306.png,75
5306.png,76
5306.png,99
5306.png,86
5306.png,100
5306.png,85
5306.png,91
5306.png,100
5307.png,0
5307.png,37
5307.png,49
5307.png,2
5307.png,57
5307.png,2
5307.png,11
5307.png,26
5307.png,2
5307.png,3
5308.png,48
5308.png,75
5308.png,77
5308.png,75
5308.png,38
5308.png,39
5308.png,67
5308.png,73
5308.png,42
5308.png,68
5309.png,89
5309.png,62
5309.png,51
5309.png,24
5309.png,62
5309.png,56
5309.png,94
5309.png,79
5309.png,2
5309.png,76
5310.png,15
5310.png,45
5310.png,25
5310.png,50
5310.png,32
5310.png,26
5310.png,78
5310.png,46
5310.png,44
5310.png,0
5311.png,29
5311.png,17
5311.png,1
5311.png,15
5311.png,25
5311.png,23
5311.png,11
5311.png,27
5311.png,75
5311.png,23
5312.png,50
5312.png,89
5312.png,48
5312.png,43
5312.png,30
5312.png,77
5312.png,26
5312.png,72
5312.png,78
5312.png,76
5313.png,77
5313.png,80
5313.png,83
5313.png,77
5313.png,85
5313.png,83
5313.png,97
5313.png,75
5313.png,65
5313.png,58
5314.png,60
5314.png,67
5314.png,42
5314.png,67
5314.png,85
5314.png,88
5314.png,15
5314.png,54
5314.png,65
5314.png,66
5315.png,16
5315.png,11
5315.png,64
5315.png,0
5315.png,0
5315.png,80
5315.png,12
5315.png,33
5315.png,34
5315.png,29
5316.png,84
5316.png,67
5316.png,50
5316.png,76
5316.png,71
5316.png,77
5316.png,92
5316.png,70
5316.png,86
5316.png,57
5317.png,21
5317.png,38
5317.png,75
5317.png,29
5317.png,37
5317.png,33
5317.png,18
5317.png,71
5317.png,15
5317.png,71
5318.png,73
5318.png,41
5318.png,79
5318.png,81
5318.png,26
5318.png,45
5318.png,33
5318.png,95
5318.png,15
5318.png,35
5319.png,34
5319.png,26
5319.png,83
5319.png,90
5319.png,49
5319.png,85
5319.png,53
5319.png,74
5319.png,69
5319.png,69
5320.png,66
5320.png,74
5320.png,87
5320.png,26
5320.png,53
5320.png,0
5320.png,65
5320.png,65
5320.png,25
5320.png,4
5321.png,70
5321.png,96
5321.png,68
5321.png,88
5321.png,81
5321.png,100
5321.png,100
5321.png,82
5321.png,64
5321.png,83
5322.png,97
5322.png,53
5322.png,51
5322.png,70
5322.png,75
5322.png,10
5322.png,61
5322.png,58
5322.png,83
5322.png,68
5323.png,45
5323.png,63
5323.png,14
5323.png,36
5323.png,46
5323.png,78
5323.png,84
5323.png,44
5323.png,38
5323.png,76
5324.png,64
5324.png,93
5324.png,55
5324.png,37
5324.png,79
5324.png,50
5324.png,24
5324.png,58
5324.png,63
5324.png,50
5325.png,3
5325.png,32
5325.png,0
5325.png,62
5325.png,46
5325.png,38
5325.png,42
5325.png,9
5325.png,47
5325.png,0
5326.png,34
5326.png,98
5326.png,40
5326.png,82
5326.png,74
5326.png,76
5326.png,84
5326.png,57
5326.png,84
5326.png,66
5327.png,86
5327.png,30
5327.png,11
5327.png,32
5327.png,20
5327.png,31
5327.png,53
5327.png,69
5327.png,57
5327.png,50
5328.png,1
5328.png,44
5328.png,9
5328.png,53
5328.png,10
5328.png,36
5328.png,73
5328.png,12
5328.png,79
5328.png,9
5329.png,9
5329.png,2
5329.png,13
5329.png,20
5329.png,2
5329.png,41
5329.png,19
5329.png,25
5329.png,1
5329.png,61
5330.png,75
5330.png,100
5330.png,100
5330.png,83
5330.png,46
5330.png,83
5330.png,32
5330.png,82
5330.png,100
5330.png,85
5331.png,26
5331.png,83
5331.png,96
5331.png,78
5331.png,81
5331.png,62
5331.png,74
5331.png,61
5331.png,34
5331.png,74
5332.png,69
5332.png,33
5332.png,45
5332.png,2
5332.png,48
5332.png,65
5332.png,29
5332.png,80
5332.png,50
5332.png,65
5333.png,82
5333.png,65
5333.png,63
5333.png,76
5333.png,85
5333.png,76
5333.png,90
5333.png,27
5333.png,58
5333.png,67
5334.png,47
5334.png,36
5334.png,63
5334.png,75
5334.png,65
5334.png,54
5334.png,25
5334.png,39
5334.png,28
5334.png,24
5335.png,53
5335.png,50
5335.png,24
5335.png,38
5335.png,50
5335.png,32
5335.png,66
5335.png,52
5335.png,23
5335.png,78
5336.png,35
5336.png,61
5336.png,25
5336.png,80
5336.png,42
5336.png,27
5336.png,59
5336.png,24
5336.png,8
5336.png,33
5337.png,90
5337.png,89
5337.png,63
5337.png,83
5337.png,0
5337.png,80
5337.png,80
5337.png,74
5337.png,96
5337.png,76
5338.png,71
5338.png,62
5338.png,100
5338.png,85
5338.png,97
5338.png,60
5338.png,83
5338.png,90
5338.png,94
5338.png,84
5339.png,41
5339.png,49
5339.png,34
5339.png,68
5339.png,50
5339.png,50
5339.png,22
5339.png,63
5339.png,50
5339.png,33
5340.png,61
5340.png,49
5340.png,86
5340.png,37
5340.png,55
5340.png,83
5340.png,78
5340.png,53
5340.png,59
5340.png,80
5341.png,62
5341.png,69
5341.png,74
5341.png,53
5341.png,66
5341.png,64
5341.png,53
5341.png,53
5341.png,35
5341.png,64
5342.png,36
5342.png,40
5342.png,16
5342.png,35
5342.png,35
5342.png,50
5342.png,64
5342.png,44
5342.png,68
5342.png,53
5343.png,6
5343.png,33
5343.png,0
5343.png,13
5343.png,67
5343.png,1
5343.png,0
5343.png,1
5343.png,61
5343.png,22
5344.png,39
5344.png,75
5344.png,58
5344.png,66
5344.png,83
5344.png,80
5344.png,57
5344.png,26
5344.png,24
5344.png,41
5345.png,80
5345.png,64
5345.png,41
5345.png,74
5345.png,68
5345.png,49
5345.png,72
5345.png,74
5345.png,64
5345.png,92
5346.png,22
5346.png,0
5346.png,54
5346.png,37
5346.png,42
5346.png,0
5346.png,40
5346.png,7
5346.png,15
5346.png,79
5347.png,30
5347.png,41
5347.png,77
5347.png,57
5347.png,57
5347.png,50
5347.png,26
5347.png,56
5347.png,39
5347.png,0
5348.png,80
5348.png,96
5348.png,82
5348.png,81
5348.png,75
5348.png,77
5348.png,100
5348.png,79
5348.png,60
5348.png,74
5349.png,66
5349.png,23
5349.png,21
5349.png,0
5349.png,24
5349.png,75
5349.png,81
5349.png,56
5349.png,63
5349.png,63
5350.png,0
5350.png,50
5350.png,64
5350.png,22
5350.png,38
5350.png,19
5350.png,59
5350.png,38
5350.png,39
5350.png,54
5351.png,99
5351.png,100
5351.png,28
5351.png,97
5351.png,52
5351.png,77
5351.png,75
5351.png,95
5351.png,83
5351.png,72
5352.png,84
5352.png,79
5352.png,85
5352.png,100
5352.png,74
5352.png,40
5352.png,90
5352.png,100
5352.png,100
5352.png,78
5353.png,74
5353.png,86
5353.png,67
5353.png,84
5353.png,62
5353.png,89
5353.png,89
5353.png,95
5353.png,98
5353.png,85
5354.png,12
5354.png,0
5354.png,31
5354.png,0
5354.png,81
5354.png,6
5354.png,53
5354.png,22
5354.png,0
5354.png,51
5355.png,72
5355.png,59
5355.png,63
5355.png,26
5355.png,57
5355.png,11
5355.png,88
5355.png,42
5355.png,62
5355.png,67
5356.png,4
5356.png,17
5356.png,33
5356.png,34
5356.png,8
5356.png,59
5356.png,15
5356.png,40
5356.png,3
5356.png,41
5357.png,65
5357.png,75
5357.png,55
5357.png,65
5357.png,69
5357.png,72
5357.png,87
5357.png,80
5357.png,97
5357.png,62
5358.png,77
5358.png,70
5358.png,64
5358.png,64
5358.png,62
5358.png,69
5358.png,57
5358.png,50
5358.png,94
5358.png,57
5359.png,82
5359.png,86
5359.png,90
5359.png,50
5359.png,94
5359.png,75
5359.png,78
5359.png,79
5359.png,56
5359.png,70
5360.png,10
5360.png,17
5360.png,63
5360.png,8
5360.png,45
5360.png,62
5360.png,66
5360.png,35
5360.png,54
5360.png,0
5361.png,12
5361.png,42
5361.png,16
5361.png,37
5361.png,1
5361.png,37
5361.png,69
5361.png,0
5361.png,0
5361.png,0
5362.png,81
5362.png,74
5362.png,95
5362.png,82
5362.png,100
5362.png,28
5362.png,99
5362.png,96
5362.png,79
5362.png,87
5363.png,86
5363.png,94
5363.png,26
5363.png,55
5363.png,75
5363.png,87
5363.png,42
5363.png,38
5363.png,66
5363.png,68
5364.png,31
5364.png,13
5364.png,24
5364.png,50
5364.png,22
5364.png,16
5364.png,9
5364.png,2
5364.png,27
5364.png,26
5365.png,63
5365.png,22
5365.png,3
5365.png,100
5365.png,63
5365.png,69
5365.png,75
5365.png,1
5365.png,56
5365.png,32
5366.png,54
5366.png,74
5366.png,100
5366.png,48
5366.png,50
5366.png,26
5366.png,69
5366.png,31
5366.png,100
5366.png,35
5367.png,2
5367.png,35
5367.png,35
5367.png,39
5367.png,37
5367.png,13
5367.png,59
5367.png,58
5367.png,14
5367.png,30
5368.png,15
5368.png,0
5368.png,91
5368.png,86
5368.png,77
5368.png,35
5368.png,73
5368.png,64
5368.png,79
5368.png,74
5369.png,64
5369.png,43
5369.png,0
5369.png,0
5369.png,36
5369.png,21
5369.png,31
5369.png,11
5369.png,9
5369.png,9
5370.png,69
5370.png,47
5370.png,26
5370.png,55
5370.png,40
5370.png,14
5370.png,74
5370.png,64
5370.png,72
5370.png,19
5371.png,50
5371.png,39
5371.png,77
5371.png,25
5371.png,80
5371.png,63
5371.png,81
5371.png,80
5371.png,88
5371.png,75
5372.png,17
5372.png,41
5372.png,9
5372.png,29
5372.png,0
5372.png,1
5372.png,0
5372.png,51
5372.png,16
5372.png,15
5373.png,75
5373.png,56
5373.png,60
5373.png,42
5373.png,30
5373.png,62
5373.png,100
5373.png,75
5373.png,38
5373.png,94
5374.png,34
5374.png,75
5374.png,13
5374.png,30
5374.png,76
5374.png,39
5374.png,42
5374.png,26
5374.png,50
5374.png,6
5375.png,36
5375.png,85
5375.png,0
5375.png,0
5375.png,34
5375.png,37
5375.png,16
5375.png,58
5375.png,32
5375.png,23
5376.png,79
5376.png,83
5376.png,73
5376.png,57
5376.png,42
5376.png,57
5376.png,64
5376.png,83
5376.png,61
5376.png,32
5377.png,50
5377.png,34
5377.png,21
5377.png,54
5377.png,71
5377.png,24
5377.png,44
5377.png,10
5377.png,6
5377.png,43
5378.png,0
5378.png,34
5378.png,36
5378.png,1
5378.png,50
5378.png,28
5378.png,66
5378.png,56
5378.png,38
5378.png,75
5379.png,61
5379.png,70
5379.png,42
5379.png,100
5379.png,89
5379.png,93
5379.png,96
5379.png,100
5379.png,43
5379.png,100
5380.png,77
5380.png,74
5380.png,99
5380.png,76
5380.png,100
5380.png,84
5380.png,36
5380.png,98
5380.png,37
5380.png,93
5381.png,16
5381.png,64
5381.png,23
5381.png,40
5381.png,100
5381.png,9
5381.png,37
5381.png,19
5381.png,39
5381.png,74
5382.png,70
5382.png,1
5382.png,8
5382.png,45
5382.png,74
5382.png,5
5382.png,39
5382.png,6
5382.png,41
5382.png,0
5383.png,37
5383.png,91
5383.png,79
5383.png,96
5383.png,58
5383.png,61
5383.png,66
5383.png,82
5383.png,67
5383.png,77
5384.png,74
5384.png,91
5384.png,80
5384.png,83
5384.png,57
5384.png,93
5384.png,33
5384.png,84
5384.png,46
5384.png,91
5385.png,61
5385.png,74
5385.png,71
5385.png,58
5385.png,75
5385.png,75
5385.png,58
5385.png,58
5385.png,97
5385.png,68
5386.png,0
5386.png,36
5386.png,20
5386.png,14
5386.png,4
5386.png,0
5386.png,0
5386.png,13
5386.png,50
5386.png,46
5387.png,60
5387.png,24
5387.png,85
5387.png,62
5387.png,65
5387.png,81
5387.png,65
5387.png,35
5387.png,57
5387.png,91
5388.png,65
5388.png,38
5388.png,61
5388.png,38
5388.png,77
5388.png,74
5388.png,57
5388.png,74
5388.png,78
5388.png,86
5389.png,74
5389.png,30
5389.png,25
5389.png,60
5389.png,75
5389.png,93
5389.png,23
5389.png,0
5389.png,64
5389.png,21
5390.png,20
5390.png,33
5390.png,43
5390.png,11
5390.png,58
5390.png,1
5390.png,50
5390.png,0
5390.png,18
5390.png,0
5391.png,77
5391.png,14
5391.png,40
5391.png,16
5391.png,14
5391.png,55
5391.png,31
5391.png,56
5391.png,63
5391.png,2
5392.png,9
5392.png,22
5392.png,32
5392.png,0
5392.png,0
5392.png,15
5392.png,0
5392.png,8
5392.png,3
5392.png,35
5393.png,2
5393.png,43
5393.png,7
5393.png,25
5393.png,53
5393.png,50
5393.png,19
5393.png,20
5393.png,1
5393.png,0
5394.png,39
5394.png,50
5394.png,88
5394.png,38
5394.png,0
5394.png,41
5394.png,83
5394.png,21
5394.png,87
5394.png,36
5395.png,7
5395.png,44
5395.png,50
5395.png,37
5395.png,0
5395.png,31
5395.png,19
5395.png,37
5395.png,8
5395.png,40
5396.png,59
5396.png,58
5396.png,74
5396.png,50
5396.png,79
5396.png,14
5396.png,9
5396.png,70
5396.png,26
5396.png,82
5397.png,72
5397.png,25
5397.png,57
5397.png,40
5397.png,63
5397.png,71
5397.png,94
5397.png,67
5397.png,60
5397.png,82
5398.png,50
5398.png,35
5398.png,59
5398.png,16
5398.png,84
5398.png,77
5398.png,38
5398.png,61
5398.png,8
5398.png,0
5399.png,70
5399.png,55
5399.png,41
5399.png,38
5399.png,10
5399.png,64
5399.png,72
5399.png,45
5399.png,64
5399.png,64
5400.png,0
5400.png,35
5400.png,0
5400.png,40
5400.png,67
5400.png,8
5400.png,3
5400.png,31
5400.png,38
5400.png,18
5401.png,83
5401.png,0
5401.png,100
5401.png,80
5401.png,64
5401.png,63
5401.png,14
5401.png,64
5401.png,69
5401.png,79
5402.png,1
5402.png,60
5402.png,10
5402.png,28
5402.png,66
5402.png,0
5402.png,3
5402.png,7
5402.png,18
5402.png,15
5403.png,69
5403.png,90
5403.png,0
5403.png,80
5403.png,54
5403.png,42
5403.png,75
5403.png,72
5403.png,89
5403.png,50
5404.png,40
5404.png,37
5404.png,87
5404.png,100
5404.png,77
5404.png,26
5404.png,21
5404.png,50
5404.png,1
5404.png,77
5405.png,70
5405.png,42
5405.png,60
5405.png,50
5405.png,16
5405.png,50
5405.png,7
5405.png,12
5405.png,24
5405.png,29
5406.png,24
5406.png,62
5406.png,70
5406.png,67
5406.png,97
5406.png,100
5406.png,81
5406.png,61
5406.png,87
5406.png,47
5407.png,0
5407.png,18
5407.png,0
5407.png,62
5407.png,1
5407.png,70
5407.png,32
5407.png,20
5407.png,31
5407.png,26
5408.png,75
5408.png,64
5408.png,49
5408.png,53
5408.png,55
5408.png,46
5408.png,41
5408.png,44
5408.png,89
5408.png,43
5409.png,55
5409.png,0
5409.png,39
5409.png,28
5409.png,0
5409.png,0
5409.png,2
5409.png,65
5409.png,21
5409.png,86
5410.png,38
5410.png,33
5410.png,40
5410.png,51
5410.png,16
5410.png,11
5410.png,2
5410.png,6
5410.png,32
5410.png,0
5411.png,59
5411.png,6
5411.png,71
5411.png,100
5411.png,100
5411.png,67
5411.png,100
5411.png,90
5411.png,71
5411.png,100
5412.png,90
5412.png,36
5412.png,82
5412.png,22
5412.png,25
5412.png,83
5412.png,20
5412.png,61
5412.png,22
5412.png,60
5413.png,28
5413.png,40
5413.png,47
5413.png,0
5413.png,47
5413.png,24
5413.png,0
5413.png,9
5413.png,29
5413.png,18
5414.png,91
5414.png,50
5414.png,57
5414.png,76
5414.png,50
5414.png,70
5414.png,87
5414.png,20
5414.png,66
5414.png,57
5415.png,84
5415.png,69
5415.png,80
5415.png,44
5415.png,36
5415.png,63
5415.png,67
5415.png,36
5415.png,57
5415.png,57
5416.png,94
5416.png,24
5416.png,62
5416.png,59
5416.png,14
5416.png,15
5416.png,4
5416.png,42
5416.png,65
5416.png,6
5417.png,60
5417.png,29
5417.png,78
5417.png,16
5417.png,48
5417.png,52
5417.png,74
5417.png,65
5417.png,100
5417.png,100
5418.png,24
5418.png,80
5418.png,81
5418.png,50
5418.png,90
5418.png,75
5418.png,66
5418.png,94
5418.png,55
5418.png,85
5419.png,32
5419.png,95
5419.png,73
5419.png,96
5419.png,100
5419.png,86
5419.png,92
5419.png,100
5419.png,42
5419.png,91
5420.png,72
5420.png,22
5420.png,32
5420.png,5
5420.png,75
5420.png,69
5420.png,3
5420.png,26
5420.png,56
5420.png,54
5421.png,9
5421.png,25
5421.png,32
5421.png,0
5421.png,22
5421.png,2
5421.png,3
5421.png,9
5421.png,15
5421.png,34
5422.png,44
5422.png,68
5422.png,55
5422.png,42
5422.png,50
5422.png,49
5422.png,43
5422.png,0
5422.png,75
5422.png,100
5423.png,55
5423.png,46
5423.png,68
5423.png,36
5423.png,75
5423.png,0
5423.png,62
5423.png,50
5423.png,69
5423.png,68
5424.png,0
5424.png,62
5424.png,30
5424.png,33
5424.png,8
5424.png,48
5424.png,41
5424.png,25
5424.png,61
5424.png,49
5425.png,25
5425.png,50
5425.png,69
5425.png,25
5425.png,61
5425.png,60
5425.png,40
5425.png,22
5425.png,43
5425.png,62
5426.png,96
5426.png,38
5426.png,44
5426.png,75
5426.png,100
5426.png,86
5426.png,0
5426.png,95
5426.png,24
5426.png,42
5427.png,71
5427.png,66
5427.png,95
5427.png,70
5427.png,67
5427.png,71
5427.png,100
5427.png,93
5427.png,61
5427.png,0
5428.png,100
5428.png,64
5428.png,68
5428.png,38
5428.png,12
5428.png,75
5428.png,28
5428.png,15
5428.png,73
5428.png,31
5429.png,39
5429.png,85
5429.png,76
5429.png,11
5429.png,24
5429.png,81
5429.png,82
5429.png,91
5429.png,92
5429.png,72
5430.png,43
5430.png,55
5430.png,17
5430.png,40
5430.png,75
5430.png,13
5430.png,55
5430.png,63
5430.png,46
5430.png,67
5431.png,27
5431.png,73
5431.png,30
5431.png,51
5431.png,78
5431.png,59
5431.png,77
5431.png,4
5431.png,76
5431.png,50
5432.png,85
5432.png,0
5432.png,99
5432.png,35
5432.png,97
5432.png,55
5432.png,61
5432.png,83
5432.png,95
5432.png,70
5433.png,39
5433.png,52
5433.png,0
5433.png,4
5433.png,20
5433.png,67
5433.png,14
5433.png,58
5433.png,1
5433.png,5
5434.png,24
5434.png,28
5434.png,45
5434.png,6
5434.png,83
5434.png,50
5434.png,0
5434.png,43
5434.png,20
5434.png,43
5435.png,0
5435.png,5
5435.png,0
5435.png,50
5435.png,17
5435.png,11
5435.png,42
5435.png,35
5435.png,1
5435.png,19
5436.png,100
5436.png,100
5436.png,79
5436.png,100
5436.png,14
5436.png,77
5436.png,86
5436.png,80
5436.png,100
5436.png,64
5437.png,42
5437.png,37
5437.png,52
5437.png,100
5437.png,77
5437.png,87
5437.png,100
5437.png,90
5437.png,100
5437.png,91
5438.png,54
5438.png,98
5438.png,26
5438.png,62
5438.png,26
5438.png,39
5438.png,47
5438.png,59
5438.png,84
5438.png,27
5439.png,42
5439.png,50
5439.png,67
5439.png,84
5439.png,100
5439.png,39
5439.png,42
5439.png,18
5439.png,64
5439.png,18
5440.png,34
5440.png,0
5440.png,5
5440.png,36
5440.png,25
5440.png,71
5440.png,41
5440.png,14
5440.png,10
5440.png,58
5441.png,29
5441.png,12
5441.png,0
5441.png,60
5441.png,19
5441.png,0
5441.png,32
5441.png,19
5441.png,1
5441.png,19
5442.png,33
5442.png,8
5442.png,41
5442.png,50
5442.png,15
5442.png,12
5442.png,34
5442.png,55
5442.png,4
5442.png,2
5443.png,89
5443.png,73
5443.png,70
5443.png,96
5443.png,91
5443.png,50
5443.png,56
5443.png,97
5443.png,64
5443.png,69
5444.png,40
5444.png,61
5444.png,64
5444.png,25
5444.png,51
5444.png,58
5444.png,56
5444.png,56
5444.png,75
5444.png,88
5445.png,37
5445.png,20
5445.png,9
5445.png,21
5445.png,36
5445.png,52
5445.png,17
5445.png,61
5445.png,0
5445.png,0
5446.png,53
5446.png,69
5446.png,29
5446.png,54
5446.png,34
5446.png,91
5446.png,62
5446.png,50
5446.png,69
5446.png,42
5447.png,17
5447.png,96
5447.png,73
5447.png,56
5447.png,20
5447.png,89
5447.png,50
5447.png,35
5447.png,75
5447.png,89
5448.png,64
5448.png,64
5448.png,0
5448.png,50
5448.png,3
5448.png,82
5448.png,40
5448.png,46
5448.png,25
5448.png,0
5449.png,58
5449.png,65
5449.png,59
5449.png,100
5449.png,18
5449.png,87
5449.png,100
5449.png,58
5449.png,23
5449.png,50
5450.png,36
5450.png,64
5450.png,55
5450.png,55
5450.png,50
5450.png,19
5450.png,14
5450.png,87
5450.png,62
5450.png,61
5451.png,81
5451.png,52
5451.png,94
5451.png,59
5451.png,76
5451.png,83
5451.png,72
5451.png,44
5451.png,0
5451.png,90
5452.png,63
5452.png,100
5452.png,65
5452.png,61
5452.png,33
5452.png,0
5452.png,56
5452.png,11
5452.png,36
5452.png,78
5453.png,11
5453.png,64
5453.png,76
5453.png,36
5453.png,69
5453.png,44
5453.png,66
5453.png,0
5453.png,66
5453.png,60
5454.png,35
5454.png,95
5454.png,75
5454.png,0
5454.png,40
5454.png,66
5454.png,76
5454.png,24
5454.png,79
5454.png,54
5455.png,6
5455.png,43
5455.png,13
5455.png,75
5455.png,29
5455.png,71
5455.png,36
5455.png,38
5455.png,67
5455.png,27
5456.png,44
5456.png,2
5456.png,86
5456.png,59
5456.png,70
5456.png,76
5456.png,25
5456.png,79
5456.png,57
5456.png,0
5457.png,59
5457.png,3
5457.png,53
5457.png,60
5457.png,0
5457.png,35
5457.png,87
5457.png,37
5457.png,29
5457.png,16
5458.png,73
5458.png,21
5458.png,60
5458.png,0
5458.png,11
5458.png,4
5458.png,41
5458.png,24
5458.png,53
5458.png,42
5459.png,98
5459.png,88
5459.png,80
5459.png,100
5459.png,46
5459.png,85
5459.png,76
5459.png,98
5459.png,82
5459.png,93
5460.png,100
5460.png,50
5460.png,94
5460.png,15
5460.png,72
5460.png,79
5460.png,63
5460.png,100
5460.png,65
5460.png,100
5461.png,32
5461.png,19
5461.png,13
5461.png,0
5461.png,11
5461.png,40
5461.png,15
5461.png,50
5461.png,44
5461.png,3
5462.png,12
5462.png,39
5462.png,52
5462.png,15
5462.png,28
5462.png,58
5462.png,3
5462.png,8
5462.png,4
5462.png,47
5463.png,57
5463.png,5
5463.png,32
5463.png,61
5463.png,65
5463.png,68
5463.png,36
5463.png,0
5463.png,85
5463.png,81
5464.png,40
5464.png,11
5464.png,18
5464.png,16
5464.png,55
5464.png,37
5464.png,0
5464.png,4
5464.png,51
5464.png,42
5465.png,50
5465.png,41
5465.png,55
5465.png,23
5465.png,86
5465.png,58
5465.png,30
5465.png,37
5465.png,10
5465.png,27
5466.png,64
5466.png,80
5466.png,74
5466.png,21
5466.png,21
5466.png,1
5466.png,50
5466.png,98
5466.png,100
5466.png,64
5467.png,71
5467.png,73
5467.png,78
5467.png,69
5467.png,63
5467.png,89
5467.png,57
5467.png,76
5467.png,84
5467.png,41
5468.png,12
5468.png,88
5468.png,70
5468.png,59
5468.png,68
5468.png,64
5468.png,100
5468.png,66
5468.png,35
5468.png,61
5469.png,5
5469.png,13
5469.png,87
5469.png,32
5469.png,38
5469.png,40
5469.png,73
5469.png,35
5469.png,61
5469.png,21
5470.png,67
5470.png,0
5470.png,0
5470.png,31
5470.png,54
5470.png,18
5470.png,0
5470.png,23
5470.png,39
5470.png,40
5471.png,25
5471.png,25
5471.png,86
5471.png,33
5471.png,29
5471.png,35
5471.png,55
5471.png,30
5471.png,34
5471.png,41
5472.png,45
5472.png,0
5472.png,12
5472.png,63
5472.png,40
5472.png,16
5472.png,16
5472.png,12
5472.png,21
5472.png,9
5473.png,36
5473.png,61
5473.png,39
5473.png,51
5473.png,38
5473.png,36
5473.png,61
5473.png,32
5473.png,36
5473.png,31
5474.png,3
5474.png,47
5474.png,38
5474.png,43
5474.png,23
5474.png,25
5474.png,57
5474.png,45
5474.png,14
5474.png,12
5475.png,60
5475.png,48
5475.png,33
5475.png,29
5475.png,50
5475.png,43
5475.png,0
5475.png,0
5475.png,63
5475.png,13
5476.png,70
5476.png,26
5476.png,99
5476.png,0
5476.png,39
5476.png,88
5476.png,74
5476.png,100
5476.png,56
5476.png,100
5477.png,27
5477.png,50
5477.png,77
5477.png,57
5477.png,25
5477.png,64
5477.png,40
5477.png,78
5477.png,29
5477.png,23
5478.png,7
5478.png,39
5478.png,60
5478.png,23
5478.png,33
5478.png,30
5478.png,17
5478.png,59
5478.png,76
5478.png,11
5479.png,86
5479.png,63
5479.png,0
5479.png,29
5479.png,36
5479.png,79
5479.png,45
5479.png,65
5479.png,43
5479.png,68
5480.png,16
5480.png,73
5480.png,30
5480.png,98
5480.png,94
5480.png,82
5480.png,100
5480.png,93
5480.png,81
5480.png,81
5481.png,22
5481.png,0
5481.png,25
5481.png,28
5481.png,50
5481.png,55
5481.png,28
5481.png,26
5481.png,54
5481.png,11
5482.png,96
5482.png,100
5482.png,33
5482.png,74
5482.png,69
5482.png,97
5482.png,100
5482.png,61
5482.png,86
5482.png,78
5483.png,60
5483.png,68
5483.png,24
5483.png,64
5483.png,44
5483.png,36
5483.png,58
5483.png,57
5483.png,63
5483.png,94
5484.png,6
5484.png,0
5484.png,0
5484.png,66
5484.png,41
5484.png,20
5484.png,5
5484.png,17
5484.png,44
5484.png,12
5485.png,28
5485.png,12
5485.png,74
5485.png,57
5485.png,40
5485.png,0
5485.png,0
5485.png,13
5485.png,37
5485.png,40
5486.png,16
5486.png,25
5486.png,23
5486.png,23
5486.png,9
5486.png,23
5486.png,52
5486.png,9
5486.png,16
5486.png,18
5487.png,85
5487.png,77
5487.png,80
5487.png,86
5487.png,56
5487.png,67
5487.png,100
5487.png,99
5487.png,85
5487.png,84
5488.png,32
5488.png,64
5488.png,46
5488.png,72
5488.png,4
5488.png,15
5488.png,9
5488.png,93
5488.png,29
5488.png,30
5489.png,0
5489.png,4
5489.png,22
5489.png,20
5489.png,31
5489.png,42
5489.png,62
5489.png,17
5489.png,50
5489.png,0
5490.png,26
5490.png,17
5490.png,39
5490.png,43
5490.png,68
5490.png,31
5490.png,20
5490.png,100
5490.png,68
5490.png,53
5491.png,0
5491.png,1
5491.png,28
5491.png,13
5491.png,17
5491.png,50
5491.png,0
5491.png,38
5491.png,55
5491.png,37
5492.png,70
5492.png,93
5492.png,39
5492.png,100
5492.png,77
5492.png,57
5492.png,95
5492.png,81
5492.png,91
5492.png,39
5493.png,66
5493.png,0
5493.png,22
5493.png,4
5493.png,6
5493.png,0
5493.png,43
5493.png,0
5493.png,56
5493.png,27
5494.png,17
5494.png,7
5494.png,60
5494.png,0
5494.png,37
5494.png,96
5494.png,18
5494.png,12
5494.png,0
5494.png,46
5495.png,26
5495.png,63
5495.png,45
5495.png,9
5495.png,55
5495.png,100
5495.png,9
5495.png,33
5495.png,18
5495.png,55
5496.png,24
5496.png,62
5496.png,81
5496.png,73
5496.png,61
5496.png,25
5496.png,38
5496.png,56
5496.png,67
5496.png,64
5497.png,65
5497.png,0
5497.png,78
5497.png,44
5497.png,71
5497.png,30
5497.png,17
5497.png,42
5497.png,9
5497.png,40
5498.png,91
5498.png,88
5498.png,100
5498.png,95
5498.png,8
5498.png,96
5498.png,85
5498.png,96
5498.png,91
5498.png,75
5499.png,48
5499.png,7
5499.png,22
5499.png,20
5499.png,21
5499.png,41
5499.png,30
5499.png,0
5499.png,40
5499.png,46
5500.png,22
5500.png,46
5500.png,2
5500.png,42
5500.png,0
5500.png,12
5500.png,0
5500.png,11
5500.png,5
5500.png,0
5501.png,50
5501.png,32
5501.png,12
5501.png,11
5501.png,55
5501.png,50
5501.png,0
5501.png,25
5501.png,0
5501.png,0
5502.png,56
5502.png,41
5502.png,21
5502.png,63
5502.png,85
5502.png,30
5502.png,25
5502.png,25
5502.png,67
5502.png,91
5503.png,0
5503.png,36
5503.png,21
5503.png,9
5503.png,16
5503.png,6
5503.png,39
5503.png,17
5503.png,92
5503.png,18
5504.png,70
5504.png,100
5504.png,37
5504.png,93
5504.png,80
5504.png,100
5504.png,85
5504.png,100
5504.png,66
5504.png,90
5505.png,100
5505.png,74
5505.png,57
5505.png,21
5505.png,67
5505.png,53
5505.png,88
5505.png,13
5505.png,15
5505.png,35
5506.png,100
5506.png,84
5506.png,42
5506.png,100
5506.png,28
5506.png,43
5506.png,21
5506.png,90
5506.png,50
5506.png,65
5507.png,18
5507.png,0
5507.png,76
5507.png,35
5507.png,17
5507.png,61
5507.png,17
5507.png,64
5507.png,12
5507.png,0
5508.png,71
5508.png,93
5508.png,14
5508.png,82
5508.png,100
5508.png,59
5508.png,93
5508.png,87
5508.png,79
5508.png,76
5509.png,93
5509.png,80
5509.png,49
5509.png,76
5509.png,6
5509.png,91
5509.png,96
5509.png,64
5509.png,44
5509.png,58
5510.png,56
5510.png,26
5510.png,22
5510.png,70
5510.png,37
5510.png,46
5510.png,72
5510.png,43
5510.png,56
5510.png,43
5511.png,37
5511.png,78
5511.png,25
5511.png,13
5511.png,41
5511.png,61
5511.png,57
5511.png,17
5511.png,74
5511.png,90
5512.png,99
5512.png,85
5512.png,64
5512.png,100
5512.png,12
5512.png,96
5512.png,79
5512.png,100
5512.png,83
5512.png,100
5513.png,66
5513.png,85
5513.png,73
5513.png,22
5513.png,99
5513.png,68
5513.png,100
5513.png,97
5513.png,68
5513.png,82
5514.png,17
5514.png,35
5514.png,0
5514.png,29
5514.png,41
5514.png,9
5514.png,11
5514.png,52
5514.png,28
5514.png,0
5515.png,40
5515.png,58
5515.png,79
5515.png,58
5515.png,25
5515.png,80
5515.png,100
5515.png,31
5515.png,11
5515.png,96
5516.png,20
5516.png,82
5516.png,78
5516.png,26
5516.png,94
5516.png,63
5516.png,37
5516.png,20
5516.png,34
5516.png,81
5517.png,10
5517.png,85
5517.png,88
5517.png,39
5517.png,68
5517.png,88
5517.png,25
5517.png,57
5517.png,55
5517.png,70
5518.png,25
5518.png,89
5518.png,27
5518.png,41
5518.png,78
5518.png,0
5518.png,66
5518.png,1
5518.png,7
5518.png,44
5519.png,50
5519.png,8
5519.png,86
5519.png,68
5519.png,33
5519.png,77
5519.png,0
5519.png,17
5519.png,6
5519.png,0
5520.png,50
5520.png,25
5520.png,74
5520.png,28
5520.png,19
5520.png,60
5520.png,93
5520.png,42
5520.png,44
5520.png,82
5521.png,41
5521.png,21
5521.png,23
5521.png,38
5521.png,0
5521.png,23
5521.png,39
5521.png,18
5521.png,8
5521.png,36
5522.png,29
5522.png,27
5522.png,53
5522.png,63
5522.png,46
5522.png,72
5522.png,74
5522.png,66
5522.png,26
5522.png,84
5523.png,100
5523.png,100
5523.png,87
5523.png,100
5523.png,65
5523.png,78
5523.png,64
5523.png,100
5523.png,100
5523.png,83
5524.png,31
5524.png,100
5524.png,85
5524.png,66
5524.png,83
5524.png,41
5524.png,100
5524.png,77
5524.png,100
5524.png,24
5525.png,45
5525.png,14
5525.png,75
5525.png,3
5525.png,23
5525.png,48
5525.png,25
5525.png,75
5525.png,61
5525.png,42
5526.png,82
5526.png,78
5526.png,72
5526.png,42
5526.png,30
5526.png,85
5526.png,38
5526.png,10
5526.png,41
5526.png,86
5527.png,63
5527.png,33
5527.png,15
5527.png,57
5527.png,26
5527.png,23
5527.png,6
5527.png,47
5527.png,87
5527.png,23
5528.png,65
5528.png,100
5528.png,91
5528.png,82
5528.png,98
5528.png,67
5528.png,100
5528.png,25
5528.png,92
5528.png,91
5529.png,81
5529.png,38
5529.png,36
5529.png,17
5529.png,20
5529.png,19
5529.png,8
5529.png,24
5529.png,38
5529.png,24
5530.png,75
5530.png,97
5530.png,17
5530.png,70
5530.png,41
5530.png,9
5530.png,63
5530.png,60
5530.png,63
5530.png,68
5531.png,62
5531.png,65
5531.png,98
5531.png,67
5531.png,93
5531.png,43
5531.png,73
5531.png,99
5531.png,82
5531.png,84
5532.png,18
5532.png,63
5532.png,22
5532.png,47
5532.png,100
5532.png,66
5532.png,58
5532.png,54
5532.png,0
5532.png,0
5533.png,18
5533.png,34
5533.png,23
5533.png,71
5533.png,23
5533.png,80
5533.png,30
5533.png,9
5533.png,34
5533.png,19
5534.png,84
5534.png,36
5534.png,84
5534.png,100
5534.png,56
5534.png,73
5534.png,67
5534.png,93
5534.png,30
5534.png,68
5535.png,100
5535.png,45
5535.png,87
5535.png,100
5535.png,100
5535.png,91
5535.png,22
5535.png,35
5535.png,80
5535.png,39
5536.png,16
5536.png,66
5536.png,76
5536.png,58
5536.png,77
5536.png,100
5536.png,9
5536.png,71
5536.png,76
5536.png,37
5537.png,69
5537.png,50
5537.png,12
5537.png,0
5537.png,27
5537.png,27
5537.png,73
5537.png,50
5537.png,73
5537.png,12
5538.png,84
5538.png,39
5538.png,48
5538.png,12
5538.png,41
5538.png,60
5538.png,50
5538.png,39
5538.png,61
5538.png,60
5539.png,100
5539.png,58
5539.png,100
5539.png,78
5539.png,100
5539.png,79
5539.png,70
5539.png,67
5539.png,87
5539.png,68
5540.png,80
5540.png,60
5540.png,75
5540.png,76
5540.png,76
5540.png,24
5540.png,62
5540.png,100
5540.png,100
5540.png,78
5541.png,21
5541.png,69
5541.png,0
5541.png,18
5541.png,19
5541.png,43
5541.png,13
5541.png,13
5541.png,71
5541.png,18
5542.png,79
5542.png,100
5542.png,89
5542.png,100
5542.png,79
5542.png,99
5542.png,85
5542.png,73
5542.png,89
5542.png,100
5543.png,68
5543.png,69
5543.png,17
5543.png,63
5543.png,25
5543.png,82
5543.png,38
5543.png,61
5543.png,64
5543.png,28
5544.png,68
5544.png,99
5544.png,100
5544.png,67
5544.png,49
5544.png,69
5544.png,57
5544.png,43
5544.png,100
5544.png,64
5545.png,72
5545.png,27
5545.png,100
5545.png,57
5545.png,75
5545.png,83
5545.png,0
5545.png,33
5545.png,83
5545.png,24
5546.png,9
5546.png,100
5546.png,19
5546.png,9
5546.png,22
5546.png,18
5546.png,46
5546.png,12
5546.png,6
5546.png,24
5547.png,77
5547.png,32
5547.png,71
5547.png,85
5547.png,100
5547.png,100
5547.png,76
5547.png,100
5547.png,60
5547.png,98
5548.png,71
5548.png,26
5548.png,99
5548.png,26
5548.png,61
5548.png,44
5548.png,100
5548.png,99
5548.png,83
5548.png,96
5549.png,83
5549.png,67
5549.png,76
5549.png,96
5549.png,100
5549.png,100
5549.png,100
5549.png,72
5549.png,100
5549.png,62
5550.png,60
5550.png,75
5550.png,41
5550.png,27
5550.png,23
5550.png,28
5550.png,62
5550.png,65
5550.png,65
5550.png,50
5551.png,67
5551.png,32
5551.png,37
5551.png,25
5551.png,14
5551.png,16
5551.png,0
5551.png,0
5551.png,5
5551.png,2
5552.png,56
5552.png,9
5552.png,31
5552.png,16
5552.png,62
5552.png,23
5552.png,76
5552.png,35
5552.png,33
5552.png,35
5553.png,51
5553.png,36
5553.png,34
5553.png,38
5553.png,29
5553.png,24
5553.png,61
5553.png,68
5553.png,32
5553.png,10
5554.png,36
5554.png,24
5554.png,70
5554.png,23
5554.png,84
5554.png,99
5554.png,73
5554.png,76
5554.png,89
5554.png,45
5555.png,81
5555.png,81
5555.png,78
5555.png,79
5555.png,66
5555.png,26
5555.png,99
5555.png,100
5555.png,100
5555.png,100
5556.png,100
5556.png,19
5556.png,92
5556.png,81
5556.png,86
5556.png,98
5556.png,17
5556.png,100
5556.png,100
5556.png,100
5557.png,100
5557.png,19
5557.png,68
5557.png,62
5557.png,68
5557.png,86
5557.png,96
5557.png,86
5557.png,88
5557.png,46
5558.png,26
5558.png,17
5558.png,50
5558.png,32
5558.png,86
5558.png,42
5558.png,82
5558.png,81
5558.png,43
5558.png,24
5559.png,47
5559.png,0
5559.png,45
5559.png,22
5559.png,0
5559.png,20
5559.png,44
5559.png,27
5559.png,0
5559.png,21
5560.png,40
5560.png,63
5560.png,48
5560.png,50
5560.png,66
5560.png,57
5560.png,41
5560.png,26
5560.png,12
5560.png,20
5561.png,63
5561.png,73
5561.png,40
5561.png,36
5561.png,75
5561.png,67
5561.png,28
5561.png,90
5561.png,100
5561.png,56
5562.png,100
5562.png,100
5562.png,67
5562.png,61
5562.png,83
5562.png,80
5562.png,59
5562.png,91
5562.png,81
5562.png,86
5563.png,80
5563.png,64
5563.png,100
5563.png,99
5563.png,77
5563.png,100
5563.png,98
5563.png,68
5563.png,100
5563.png,100
5564.png,100
5564.png,100
5564.png,93
5564.png,100
5564.png,86
5564.png,88
5564.png,100
5564.png,58
5564.png,75
5564.png,66
5565.png,82
5565.png,100
5565.png,9
5565.png,21
5565.png,66
5565.png,45
5565.png,71
5565.png,81
5565.png,80
5565.png,98
5566.png,30
5566.png,26
5566.png,38
5566.png,13
5566.png,45
5566.png,75
5566.png,32
5566.png,61
5566.png,90
5566.png,50
5567.png,74
5567.png,98
5567.png,56
5567.png,95
5567.png,78
5567.png,81
5567.png,81
5567.png,70
5567.png,64
5567.png,63
5568.png,82
5568.png,84
5568.png,35
5568.png,67
5568.png,81
5568.png,100
5568.png,79
5568.png,77
5568.png,40
5568.png,20
5569.png,75
5569.png,32
5569.png,69
5569.png,75
5569.png,51
5569.png,22
5569.png,100
5569.png,97
5569.png,51
5569.png,39
5570.png,0
5570.png,14
5570.png,24
5570.png,28
5570.png,5
5570.png,66
5570.png,33
5570.png,20
5570.png,40
5570.png,40
5571.png,16
5571.png,37
5571.png,10
5571.png,2
5571.png,0
5571.png,34
5571.png,17
5571.png,36
5571.png,75
5571.png,17
5572.png,0
5572.png,19
5572.png,37
5572.png,23
5572.png,0
5572.png,33
5572.png,0
5572.png,21
5572.png,18
5572.png,15
5573.png,100
5573.png,61
5573.png,23
5573.png,87
5573.png,34
5573.png,21
5573.png,44
5573.png,44
5573.png,28
5573.png,55
5574.png,77
5574.png,74
5574.png,72
5574.png,86
5574.png,76
5574.png,82
5574.png,100
5574.png,12
5574.png,27
5574.png,72
5575.png,25
5575.png,52
5575.png,73
5575.png,86
5575.png,18
5575.png,40
5575.png,11
5575.png,87
5575.png,39
5575.png,30
5576.png,71
5576.png,72
5576.png,80
5576.png,65
5576.png,96
5576.png,100
5576.png,56
5576.png,100
5576.png,100
5576.png,70
5577.png,40
5577.png,0
5577.png,21
5577.png,38
5577.png,33
5577.png,17
5577.png,31
5577.png,12
5577.png,13
5577.png,19
5578.png,78
5578.png,83
5578.png,62
5578.png,44
5578.png,69
5578.png,88
5578.png,27
5578.png,58
5578.png,72
5578.png,100
5579.png,46
5579.png,38
5579.png,37
5579.png,0
5579.png,45
5579.png,22
5579.png,27
5579.png,100
5579.png,14
5579.png,63
5580.png,81
5580.png,67
5580.png,67
5580.png,76
5580.png,60
5580.png,88
5580.png,37
5580.png,100
5580.png,57
5580.png,84
5581.png,32
5581.png,34
5581.png,89
5581.png,10
5581.png,41
5581.png,24
5581.png,16
5581.png,22
5581.png,0
5581.png,44
5582.png,44
5582.png,58
5582.png,31
5582.png,52
5582.png,79
5582.png,27
5582.png,10
5582.png,50
5582.png,31
5582.png,35
5583.png,17
5583.png,27
5583.png,3
5583.png,48
5583.png,17
5583.png,39
5583.png,36
5583.png,24
5583.png,17
5583.png,8
5584.png,23
5584.png,0
5584.png,13
5584.png,49
5584.png,39
5584.png,20
5584.png,16
5584.png,42
5584.png,61
5584.png,28
5585.png,18
5585.png,34
5585.png,4
5585.png,0
5585.png,20
5585.png,39
5585.png,0
5585.png,33
5585.png,72
5585.png,28
5586.png,97
5586.png,100
5586.png,61
5586.png,31
5586.png,0
5586.png,2
5586.png,53
5586.png,57
5586.png,59
5586.png,0
5587.png,100
5587.png,76
5587.png,26
5587.png,72
5587.png,68
5587.png,100
5587.png,36
5587.png,100
5587.png,89
5587.png,65
5588.png,65
5588.png,59
5588.png,31
5588.png,26
5588.png,79
5588.png,26
5588.png,23
5588.png,51
5588.png,44
5588.png,51
5589.png,15
5589.png,65
5589.png,69
5589.png,78
5589.png,68
5589.png,79
5589.png,63
5589.png,24
5589.png,72
5589.png,89
5590.png,36
5590.png,58
5590.png,100
5590.png,93
5590.png,87
5590.png,65
5590.png,84
5590.png,81
5590.png,36
5590.png,100
5591.png,66
5591.png,98
5591.png,32
5591.png,15
5591.png,8
5591.png,67
5591.png,52
5591.png,30
5591.png,10
5591.png,42
5592.png,93
5592.png,90
5592.png,63
5592.png,81
5592.png,25
5592.png,100
5592.png,82
5592.png,91
5592.png,79
5592.png,66
5593.png,69
5593.png,100
5593.png,97
5593.png,52
5593.png,83
5593.png,100
5593.png,59
5593.png,54
5593.png,18
5593.png,86
5594.png,28
5594.png,14
5594.png,18
5594.png,33
5594.png,54
5594.png,37
5594.png,0
5594.png,43
5594.png,20
5594.png,27
5595.png,40
5595.png,88
5595.png,54
5595.png,57
5595.png,10
5595.png,14
5595.png,82
5595.png,26
5595.png,25
5595.png,38
5596.png,78
5596.png,88
5596.png,59
5596.png,81
5596.png,100
5596.png,39
5596.png,74
5596.png,88
5596.png,31
5596.png,59
5597.png,25
5597.png,61
5597.png,100
5597.png,90
5597.png,59
5597.png,25
5597.png,34
5597.png,76
5597.png,63
5597.png,62
5598.png,34
5598.png,0
5598.png,20
5598.png,33
5598.png,0
5598.png,30
5598.png,0
5598.png,32
5598.png,23
5598.png,13
5599.png,33
5599.png,97
5599.png,75
5599.png,23
5599.png,27
5599.png,50
5599.png,57
5599.png,73
5599.png,61
5599.png,23
5600.png,16
5600.png,100
5600.png,65
5600.png,50
5600.png,100
5600.png,83
5600.png,100
5600.png,68
5600.png,72
5600.png,39
5601.png,48
5601.png,61
5601.png,68
5601.png,50
5601.png,26
5601.png,58
5601.png,64
5601.png,65
5601.png,67
5601.png,59
5602.png,30
5602.png,100
5602.png,34
5602.png,56
5602.png,9
5602.png,0
5602.png,40
5602.png,55
5602.png,41
5602.png,62
5603.png,79
5603.png,92
5603.png,91
5603.png,100
5603.png,86
5603.png,44
5603.png,100
5603.png,65
5603.png,71
5603.png,73
5604.png,56
5604.png,0
5604.png,52
5604.png,32
5604.png,55
5604.png,84
5604.png,9
5604.png,23
5604.png,45
5604.png,33
5605.png,36
5605.png,26
5605.png,64
5605.png,60
5605.png,53
5605.png,27
5605.png,61
5605.png,11
5605.png,38
5605.png,33
5606.png,16
5606.png,0
5606.png,18
5606.png,5
5606.png,63
5606.png,4
5606.png,22
5606.png,26
5606.png,1
5606.png,21
5607.png,27
5607.png,1
5607.png,0
5607.png,56
5607.png,35
5607.png,0
5607.png,76
5607.png,27
5607.png,27
5607.png,0
5608.png,10
5608.png,0
5608.png,42
5608.png,32
5608.png,42
5608.png,77
5608.png,76
5608.png,71
5608.png,15
5608.png,37
5609.png,22
5609.png,14
5609.png,10
5609.png,60
5609.png,39
5609.png,0
5609.png,63
5609.png,24
5609.png,3
5609.png,5
5610.png,85
5610.png,44
5610.png,76
5610.png,21
5610.png,90
5610.png,25
5610.png,82
5610.png,82
5610.png,60
5610.png,81
5611.png,41
5611.png,27
5611.png,8
5611.png,44
5611.png,27
5611.png,23
5611.png,17
5611.png,25
5611.png,22
5611.png,37
5612.png,50
5612.png,39
5612.png,63
5612.png,22
5612.png,31
5612.png,9
5612.png,39
5612.png,0
5612.png,55
5612.png,23
5613.png,86
5613.png,38
5613.png,100
5613.png,63
5613.png,87
5613.png,87
5613.png,99
5613.png,100
5613.png,85
5613.png,60
5614.png,11
5614.png,72
5614.png,28
5614.png,15
5614.png,45
5614.png,48
5614.png,35
5614.png,37
5614.png,0
5614.png,67
5615.png,82
5615.png,100
5615.png,82
5615.png,63
5615.png,85
5615.png,100
5615.png,96
5615.png,100
5615.png,100
5615.png,62
5616.png,83
5616.png,33
5616.png,95
5616.png,100
5616.png,58
5616.png,84
5616.png,24
5616.png,55
5616.png,55
5616.png,96
5617.png,75
5617.png,81
5617.png,57
5617.png,100
5617.png,63
5617.png,95
5617.png,87
5617.png,43
5617.png,92
5617.png,95
5618.png,34
5618.png,23
5618.png,13
5618.png,65
5618.png,8
5618.png,45
5618.png,74
5618.png,43
5618.png,87
5618.png,41
5619.png,90
5619.png,100
5619.png,30
5619.png,100
5619.png,56
5619.png,81
5619.png,100
5619.png,93
5619.png,41
5619.png,70
5620.png,63
5620.png,9
5620.png,11
5620.png,4
5620.png,35
5620.png,8
5620.png,38
5620.png,17
5620.png,34
5620.png,29
5621.png,100
5621.png,87
5621.png,100
5621.png,85
5621.png,76
5621.png,100
5621.png,100
5621.png,100
5621.png,90
5621.png,82
5622.png,0
5622.png,48
5622.png,0
5622.png,30
5622.png,0
5622.png,4
5622.png,0
5622.png,7
5622.png,0
5622.png,0
5623.png,0
5623.png,21
5623.png,16
5623.png,39
5623.png,12
5623.png,38
5623.png,12
5623.png,15
5623.png,3
5623.png,25
5624.png,27
5624.png,34
5624.png,68
5624.png,57
5624.png,20
5624.png,60
5624.png,33
5624.png,75
5624.png,20
5624.png,21
5625.png,11
5625.png,2
5625.png,2
5625.png,58
5625.png,17
5625.png,9
5625.png,34
5625.png,11
5625.png,5
5625.png,0
5626.png,11
5626.png,60
5626.png,12
5626.png,62
5626.png,13
5626.png,17
5626.png,58
5626.png,63
5626.png,90
5626.png,63
5627.png,60
5627.png,38
5627.png,99
5627.png,59
5627.png,84
5627.png,100
5627.png,59
5627.png,27
5627.png,99
5627.png,42
5628.png,55
5628.png,22
5628.png,100
5628.png,39
5628.png,43
5628.png,16
5628.png,54
5628.png,54
5628.png,42
5628.png,100
5629.png,37
5629.png,0
5629.png,21
5629.png,47
5629.png,7
5629.png,58
5629.png,62
5629.png,27
5629.png,37
5629.png,10
5630.png,38
5630.png,15
5630.png,0
5630.png,17
5630.png,41
5630.png,52
5630.png,47
5630.png,57
5630.png,28
5630.png,33
5631.png,37
5631.png,31
5631.png,69
5631.png,37
5631.png,25
5631.png,20
5631.png,79
5631.png,38
5631.png,43
5631.png,38
5632.png,32
5632.png,25
5632.png,41
5632.png,41
5632.png,0
5632.png,9
5632.png,15
5632.png,16
5632.png,48
5632.png,60
5633.png,30
5633.png,42
5633.png,22
5633.png,37
5633.png,22
5633.png,61
5633.png,78
5633.png,20
5633.png,46
5633.png,81
5634.png,62
5634.png,51
5634.png,93
5634.png,63
5634.png,100
5634.png,84
5634.png,85
5634.png,99
5634.png,100
5634.png,78
5635.png,15
5635.png,30
5635.png,76
5635.png,99
5635.png,71
5635.png,75
5635.png,98
5635.png,70
5635.png,84
5635.png,65
5636.png,42
5636.png,44
5636.png,76
5636.png,39
5636.png,32
5636.png,20
5636.png,15
5636.png,63
5636.png,38
5636.png,50
5637.png,21
5637.png,21
5637.png,53
5637.png,16
5637.png,55
5637.png,69
5637.png,67
5637.png,38
5637.png,55
5637.png,33
5638.png,25
5638.png,38
5638.png,0
5638.png,28
5638.png,60
5638.png,13
5638.png,17
5638.png,13
5638.png,12
5638.png,27
5639.png,0
5639.png,5
5639.png,38
5639.png,23
5639.png,19
5639.png,40
5639.png,28
5639.png,24
5639.png,25
5639.png,0
5640.png,38
5640.png,28
5640.png,20
5640.png,57
5640.png,63
5640.png,84
5640.png,21
5640.png,63
5640.png,47
5640.png,21
5641.png,13
5641.png,86
5641.png,14
5641.png,22
5641.png,27
5641.png,67
5641.png,65
5641.png,26
5641.png,66
5641.png,29
5642.png,22
5642.png,44
5642.png,81
5642.png,31
5642.png,42
5642.png,4
5642.png,30
5642.png,23
5642.png,30
5642.png,69
5643.png,19
5643.png,32
5643.png,24
5643.png,18
5643.png,82
5643.png,39
5643.png,27
5643.png,67
5643.png,21
5643.png,78
5644.png,23
5644.png,6
5644.png,18
5644.png,22
5644.png,9
5644.png,55
5644.png,68
5644.png,0
5644.png,44
5644.png,19
5645.png,86
5645.png,100
5645.png,69
5645.png,39
5645.png,78
5645.png,75
5645.png,100
5645.png,83
5645.png,71
5645.png,67
5646.png,47
5646.png,66
5646.png,37
5646.png,64
5646.png,86
5646.png,58
5646.png,99
5646.png,81
5646.png,49
5646.png,80
5647.png,3
5647.png,0
5647.png,34
5647.png,16
5647.png,21
5647.png,0
5647.png,24
5647.png,0
5647.png,16
5647.png,10
5648.png,41
5648.png,72
5648.png,31
5648.png,53
5648.png,68
5648.png,0
5648.png,60
5648.png,56
5648.png,73
5648.png,15
5649.png,38
5649.png,13
5649.png,0
5649.png,16
5649.png,23
5649.png,1
5649.png,9
5649.png,45
5649.png,0
5649.png,0
5650.png,79
5650.png,85
5650.png,69
5650.png,85
5650.png,85
5650.png,100
5650.png,57
5650.png,67
5650.png,71
5650.png,31
5651.png,36
5651.png,7
5651.png,78
5651.png,2
5651.png,14
5651.png,38
5651.png,0
5651.png,1
5651.png,20
5651.png,0
5652.png,79
5652.png,62
5652.png,87
5652.png,50
5652.png,0
5652.png,87
5652.png,0
5652.png,100
5652.png,3
5652.png,80
5653.png,100
5653.png,60
5653.png,79
5653.png,11
5653.png,48
5653.png,32
5653.png,83
5653.png,84
5653.png,90
5653.png,71
5654.png,21
5654.png,58
5654.png,85
5654.png,12
5654.png,15
5654.png,37
5654.png,67
5654.png,32
5654.png,0
5654.png,19
5655.png,41
5655.png,88
5655.png,52
5655.png,25
5655.png,52
5655.png,0
5655.png,61
5655.png,10
5655.png,28
5655.png,68
5656.png,54
5656.png,1
5656.png,4
5656.png,19
5656.png,63
5656.png,8
5656.png,32
5656.png,8
5656.png,20
5656.png,45
5657.png,96
5657.png,0
5657.png,25
5657.png,67
5657.png,84
5657.png,75
5657.png,100
5657.png,90
5657.png,98
5657.png,83
5658.png,0
5658.png,0
5658.png,14
5658.png,0
5658.png,6
5658.png,6
5658.png,0
5658.png,3
5658.png,14
5658.png,0
5659.png,100
5659.png,95
5659.png,92
5659.png,100
5659.png,93
5659.png,100
5659.png,92
5659.png,89
5659.png,99
5659.png,61
5660.png,33
5660.png,48
5660.png,100
5660.png,84
5660.png,54
5660.png,76
5660.png,69
5660.png,85
5660.png,100
5660.png,65
5661.png,2
5661.png,100
5661.png,3
5661.png,70
5661.png,14
5661.png,43
5661.png,27
5661.png,32
5661.png,43
5661.png,55
5662.png,100
5662.png,100
5662.png,0
5662.png,70
5662.png,63
5662.png,100
5662.png,96
5662.png,100
5662.png,100
5662.png,70
5663.png,0
5663.png,4
5663.png,0
5663.png,0
5663.png,0
5663.png,0
5663.png,44
5663.png,2
5663.png,0
5663.png,11
5664.png,10
5664.png,47
5664.png,8
5664.png,9
5664.png,2
5664.png,23
5664.png,0
5664.png,0
5664.png,24
5664.png,4
5665.png,98
5665.png,100
5665.png,77
5665.png,56
5665.png,86
5665.png,98
5665.png,88
5665.png,75
5665.png,74
5665.png,64
5666.png,89
5666.png,86
5666.png,43
5666.png,100
5666.png,21
5666.png,45
5666.png,61
5666.png,2
5666.png,79
5666.png,54
5667.png,49
5667.png,48
5667.png,43
5667.png,100
5667.png,53
5667.png,39
5667.png,59
5667.png,0
5667.png,26
5667.png,1
5668.png,14
5668.png,4
5668.png,40
5668.png,8
5668.png,0
5668.png,1
5668.png,0
5668.png,30
5668.png,0
5668.png,7
5669.png,89
5669.png,4
5669.png,59
5669.png,70
5669.png,55
5669.png,86
5669.png,82
5669.png,50
5669.png,65
5669.png,96
5670.png,7
5670.png,49
5670.png,63
5670.png,89
5670.png,2
5670.png,79
5670.png,84
5670.png,70
5670.png,63
5670.png,98
5671.png,76
5671.png,59
5671.png,89
5671.png,59
5671.png,56
5671.png,98
5671.png,63
5671.png,11
5671.png,64
5671.png,60
5672.png,29
5672.png,40
5672.png,6
5672.png,58
5672.png,26
5672.png,25
5672.png,13
5672.png,0
5672.png,0
5672.png,22
5673.png,75
5673.png,99
5673.png,100
5673.png,0
5673.png,27
5673.png,33
5673.png,40
5673.png,75
5673.png,41
5673.png,52
5674.png,53
5674.png,61
5674.png,100
5674.png,78
5674.png,44
5674.png,29
5674.png,42
5674.png,42
5674.png,69
5674.png,4
5675.png,45
5675.png,18
5675.png,50
5675.png,37
5675.png,20
5675.png,92
5675.png,48
5675.png,0
5675.png,74
5675.png,14
5676.png,100
5676.png,44
5676.png,62
5676.png,87
5676.png,88
5676.png,96
5676.png,100
5676.png,75
5676.png,94
5676.png,29
5677.png,93
5677.png,91
5677.png,97
5677.png,75
5677.png,88
5677.png,53
5677.png,64
5677.png,100
5677.png,63
5677.png,100
5678.png,37
5678.png,65
5678.png,63
5678.png,38
5678.png,65
5678.png,35
5678.png,3
5678.png,61
5678.png,65
5678.png,39
5679.png,37
5679.png,2
5679.png,85
5679.png,43
5679.png,36
5679.png,3
5679.png,50
5679.png,42
5679.png,43
5679.png,58
5680.png,0
5680.png,60
5680.png,66
5680.png,79
5680.png,56
5680.png,38
5680.png,49
5680.png,77
5680.png,60
5680.png,55
5681.png,0
5681.png,0
5681.png,0
5681.png,2
5681.png,24
5681.png,0
5681.png,100
5681.png,55
5681.png,42
5681.png,0
5682.png,0
5682.png,17
5682.png,0
5682.png,25
5682.png,8
5682.png,53
5682.png,45
5682.png,14
5682.png,0
5682.png,15
5683.png,0
5683.png,34
5683.png,41
5683.png,50
5683.png,50
5683.png,80
5683.png,56
5683.png,75
5683.png,62
5683.png,6
5684.png,54
5684.png,44
5684.png,35
5684.png,48
5684.png,12
5684.png,35
5684.png,52
5684.png,17
5684.png,0
5684.png,45
5685.png,1
5685.png,86
5685.png,31
5685.png,34
5685.png,46
5685.png,4
5685.png,18
5685.png,29
5685.png,34
5685.png,70
5686.png,16
5686.png,89
5686.png,68
5686.png,65
5686.png,79
5686.png,86
5686.png,99
5686.png,36
5686.png,100
5686.png,69
5687.png,33
5687.png,11
5687.png,21
5687.png,0
5687.png,0
5687.png,11
5687.png,1
5687.png,25
5687.png,57
5687.png,66
5688.png,99
5688.png,41
5688.png,100
5688.png,96
5688.png,59
5688.png,61
5688.png,95
5688.png,100
5688.png,38
5688.png,69
5689.png,26
5689.png,35
5689.png,21
5689.png,44
5689.png,0
5689.png,24
5689.png,5
5689.png,14
5689.png,0
5689.png,14
5690.png,2
5690.png,3
5690.png,0
5690.png,8
5690.png,14
5690.png,25
5690.png,68
5690.png,0
5690.png,4
5690.png,0
5691.png,72
5691.png,100
5691.png,11
5691.png,45
5691.png,30
5691.png,94
5691.png,58
5691.png,38
5691.png,90
5691.png,0
5692.png,96
5692.png,34
5692.png,100
5692.png,23
5692.png,73
5692.png,76
5692.png,62
5692.png,95
5692.png,60
5692.png,60
5693.png,3
5693.png,38
5693.png,36
5693.png,16
5693.png,0
5693.png,33
5693.png,58
5693.png,50
5693.png,0
5693.png,11
5694.png,32
5694.png,51
5694.png,56
5694.png,0
5694.png,40
5694.png,39
5694.png,34
5694.png,0
5694.png,25
5694.png,14
5695.png,0
5695.png,42
5695.png,9
5695.png,23
5695.png,0
5695.png,7
5695.png,5
5695.png,14
5695.png,24
5695.png,0
5696.png,84
5696.png,100
5696.png,35
5696.png,59
5696.png,88
5696.png,64
5696.png,100
5696.png,67
5696.png,0
5696.png,95
5697.png,0
5697.png,0
5697.png,8
5697.png,0
5697.png,53
5697.png,0
5697.png,0
5697.png,10
5697.png,8
5697.png,0
5698.png,56
5698.png,8
5698.png,40
5698.png,51
5698.png,64
5698.png,1
5698.png,0
5698.png,12
5698.png,20
5698.png,21
5699.png,53
5699.png,22
5699.png,0
5699.png,30
5699.png,43
5699.png,14
5699.png,7
5699.png,16
5699.png,0
5699.png,1
5700.png,42
5700.png,16
5700.png,86
5700.png,0
5700.png,31
5700.png,0
5700.png,44
5700.png,40
5700.png,52
5700.png,58
5701.png,59
5701.png,59
5701.png,90
5701.png,5
5701.png,92
5701.png,100
5701.png,67
5701.png,87
5701.png,86
5701.png,40
5702.png,25
5702.png,33
5702.png,0
5702.png,0
5702.png,12
5702.png,0
5702.png,2
5702.png,5
5702.png,59
5702.png,0
5703.png,96
5703.png,100
5703.png,69
5703.png,75
5703.png,76
5703.png,61
5703.png,61
5703.png,80
5703.png,83
5703.png,100
5704.png,95
5704.png,82
5704.png,56
5704.png,100
5704.png,100
5704.png,100
5704.png,56
5704.png,59
5704.png,100
5704.png,59
5705.png,31
5705.png,71
5705.png,100
5705.png,100
5705.png,92
5705.png,74
5705.png,83
5705.png,75
5705.png,100
5705.png,100
5706.png,58
5706.png,100
5706.png,17
5706.png,39
5706.png,57
5706.png,56
5706.png,100
5706.png,39
5706.png,71
5706.png,54
5707.png,51
5707.png,56
5707.png,81
5707.png,3
5707.png,54
5707.png,40
5707.png,98
5707.png,44
5707.png,96
5707.png,86
5708.png,41
5708.png,44
5708.png,39
5708.png,66
5708.png,92
5708.png,56
5708.png,12
5708.png,88
5708.png,66
5708.png,23
5709.png,0
5709.png,61
5709.png,10
5709.png,7
5709.png,22
5709.png,3
5709.png,0
5709.png,16
5709.png,0
5709.png,0
5710.png,34
5710.png,63
5710.png,32
5710.png,88
5710.png,57
5710.png,50
5710.png,100
5710.png,46
5710.png,96
5710.png,100
5711.png,0
5711.png,0
5711.png,36
5711.png,0
5711.png,0
5711.png,2
5711.png,12
5711.png,19
5711.png,9
5711.png,0
5712.png,0
5712.png,0
5712.png,8
5712.png,15
5712.png,22
5712.png,7
5712.png,0
5712.png,32
5712.png,0
5712.png,37
5713.png,75
5713.png,31
5713.png,53
5713.png,52
5713.png,0
5713.png,60
5713.png,58
5713.png,84
5713.png,45
5713.png,15
5714.png,61
5714.png,66
5714.png,76
5714.png,87
5714.png,95
5714.png,100
5714.png,75
5714.png,98
5714.png,58
5714.png,43
5715.png,100
5715.png,50
5715.png,12
5715.png,53
5715.png,62
5715.png,77
5715.png,62
5715.png,42
5715.png,71
5715.png,46
5716.png,83
5716.png,78
5716.png,100
5716.png,97
5716.png,74
5716.png,99
5716.png,100
5716.png,100
5716.png,59
5716.png,67
5717.png,91
5717.png,42
5717.png,90
5717.png,100
5717.png,75
5717.png,100
5717.png,100
5717.png,74
5717.png,25
5717.png,44
5718.png,60
5718.png,56
5718.png,49
5718.png,32
5718.png,25
5718.png,0
5718.png,15
5718.png,0
5718.png,22
5718.png,44
5719.png,78
5719.png,0
5719.png,44
5719.png,91
5719.png,33
5719.png,100
5719.png,81
5719.png,85
5719.png,94
5719.png,98
5720.png,66
5720.png,56
5720.png,100
5720.png,57
5720.png,44
5720.png,0
5720.png,96
5720.png,11
5720.png,76
5720.png,0
5721.png,28
5721.png,25
5721.png,43
5721.png,51
5721.png,58
5721.png,99
5721.png,100
5721.png,65
5721.png,75
5721.png,85
5722.png,1
5722.png,64
5722.png,25
5722.png,10
5722.png,0
5722.png,1
5722.png,0
5722.png,21
5722.png,0
5722.png,2
5723.png,84
5723.png,25
5723.png,63
5723.png,90
5723.png,75
5723.png,91
5723.png,100
5723.png,96
5723.png,97
5723.png,57
5724.png,85
5724.png,99
5724.png,82
5724.png,66
5724.png,91
5724.png,94
5724.png,68
5724.png,88
5724.png,80
5724.png,75
5725.png,0
5725.png,25
5725.png,17
5725.png,76
5725.png,11
5725.png,0
5725.png,27
5725.png,35
5725.png,22
5725.png,34
5726.png,9
5726.png,34
5726.png,14
5726.png,31
5726.png,0
5726.png,3
5726.png,62
5726.png,27
5726.png,36
5726.png,0
5727.png,97
5727.png,88
5727.png,52
5727.png,98
5727.png,73
5727.png,63
5727.png,93
5727.png,100
5727.png,100
5727.png,60
5728.png,76
5728.png,87
5728.png,81
5728.png,63
5728.png,82
5728.png,68
5728.png,57
5728.png,25
5728.png,57
5728.png,96
5729.png,37
5729.png,74
5729.png,6
5729.png,7
5729.png,33
5729.png,43
5729.png,65
5729.png,28
5729.png,63
5729.png,0
5730.png,73
5730.png,0
5730.png,54
5730.png,88
5730.png,53
5730.png,47
5730.png,74
5730.png,95
5730.png,95
5730.png,63
5731.png,16
5731.png,26
5731.png,0
5731.png,0
5731.png,9
5731.png,0
5731.png,2
5731.png,10
5731.png,0
5731.png,14
5732.png,45
5732.png,66
5732.png,63
5732.png,85
5732.png,0
5732.png,0
5732.png,15
5732.png,29
5732.png,36
5732.png,64
5733.png,0
5733.png,2
5733.png,26
5733.png,44
5733.png,25
5733.png,41
5733.png,0
5733.png,15
5733.png,0
5733.png,22
5734.png,24
5734.png,42
5734.png,0
5734.png,25
5734.png,37
5734.png,44
5734.png,0
5734.png,77
5734.png,10
5734.png,25
5735.png,34
5735.png,0
5735.png,60
5735.png,51
5735.png,56
5735.png,38
5735.png,92
5735.png,14
5735.png,61
5735.png,0
5736.png,13
5736.png,37
5736.png,0
5736.png,30
5736.png,11
5736.png,38
5736.png,0
5736.png,15
5736.png,62
5736.png,12
5737.png,76
5737.png,87
5737.png,75
5737.png,86
5737.png,100
5737.png,43
5737.png,59
5737.png,75
5737.png,100
5737.png,89
5738.png,6
5738.png,0
5738.png,4
5738.png,32
5738.png,0
5738.png,0
5738.png,0
5738.png,13
5738.png,2
5738.png,6
5739.png,51
5739.png,46
5739.png,0
5739.png,69
5739.png,80
5739.png,1
5739.png,100
5739.png,88
5739.png,58
5739.png,90
5740.png,60
5740.png,26
5740.png,3
5740.png,38
5740.png,58
5740.png,49
5740.png,0
5740.png,74
5740.png,54
5740.png,58
5741.png,40
5741.png,13
5741.png,0
5741.png,11
5741.png,40
5741.png,13
5741.png,32
5741.png,40
5741.png,21
5741.png,0
5742.png,0
5742.png,44
5742.png,9
5742.png,2
5742.png,15
5742.png,2
5742.png,44
5742.png,14
5742.png,44
5742.png,0
5743.png,3
5743.png,1
5743.png,0
5743.png,8
5743.png,66
5743.png,0
5743.png,5
5743.png,13
5743.png,0
5743.png,0
5744.png,57
5744.png,99
5744.png,100
5744.png,100
5744.png,55
5744.png,65
5744.png,81
5744.png,85
5744.png,99
5744.png,84
5745.png,38
5745.png,25
5745.png,24
5745.png,73
5745.png,39
5745.png,69
5745.png,100
5745.png,74
5745.png,56
5745.png,44
5746.png,55
5746.png,63
5746.png,83
5746.png,81
5746.png,37
5746.png,66
5746.png,64
5746.png,53
5746.png,33
5746.png,68
5747.png,52
5747.png,64
5747.png,32
5747.png,49
5747.png,100
5747.png,64
5747.png,96
5747.png,0
5747.png,80
5747.png,42
5748.png,84
5748.png,43
5748.png,90
5748.png,88
5748.png,97
5748.png,76
5748.png,44
5748.png,52
5748.png,90
5748.png,100
5749.png,0
5749.png,21
5749.png,9
5749.png,0
5749.png,9
5749.png,75
5749.png,16
5749.png,0
5749.png,0
5749.png,5
5750.png,98
5750.png,54
5750.png,88
5750.png,77
5750.png,97
5750.png,76
5750.png,36
5750.png,50
5750.png,31
5750.png,100
5751.png,0
5751.png,19
5751.png,66
5751.png,53
5751.png,0
5751.png,36
5751.png,6
5751.png,3
5751.png,26
5751.png,17
5752.png,100
5752.png,24
5752.png,0
5752.png,44
5752.png,7
5752.png,85
5752.png,68
5752.png,38
5752.png,81
5752.png,97
5753.png,48
5753.png,25
5753.png,41
5753.png,86
5753.png,51
5753.png,41
5753.png,89
5753.png,59
5753.png,0
5753.png,37
5754.png,67
5754.png,100
5754.png,42
5754.png,75
5754.png,75
5754.png,100
5754.png,86
5754.png,38
5754.png,100
5754.png,92
5755.png,5
5755.png,44
5755.png,0
5755.png,25
5755.png,0
5755.png,55
5755.png,22
5755.png,41
5755.png,9
5755.png,66
5756.png,84
5756.png,39
5756.png,42
5756.png,61
5756.png,57
5756.png,32
5756.png,53
5756.png,61
5756.png,39
5756.png,0
5757.png,26
5757.png,83
5757.png,32
5757.png,0
5757.png,96
5757.png,76
5757.png,25
5757.png,21
5757.png,63
5757.png,33
5758.png,74
5758.png,45
5758.png,29
5758.png,100
5758.png,5
5758.png,62
5758.png,29
5758.png,87
5758.png,78
5758.png,15
5759.png,2
5759.png,79
5759.png,94
5759.png,100
5759.png,52
5759.png,63
5759.png,9
5759.png,89
5759.png,14
5759.png,79
5760.png,7
5760.png,0
5760.png,8
5760.png,68
5760.png,0
5760.png,37
5760.png,20
5760.png,0
5760.png,19
5760.png,20
5761.png,15
5761.png,39
5761.png,0
5761.png,29
5761.png,0
5761.png,3
5761.png,3
5761.png,0
5761.png,6
5761.png,54
5762.png,13
5762.png,49
5762.png,46
5762.png,75
5762.png,65
5762.png,21
5762.png,77
5762.png,18
5762.png,65
5762.png,66
5763.png,20
5763.png,89
5763.png,90
5763.png,30
5763.png,100
5763.png,100
5763.png,100
5763.png,100
5763.png,0
5763.png,42
5764.png,15
5764.png,40
5764.png,0
5764.png,100
5764.png,1
5764.png,8
5764.png,0
5764.png,0
5764.png,70
5764.png,15
5765.png,32
5765.png,56
5765.png,76
5765.png,100
5765.png,3
5765.png,41
5765.png,13
5765.png,71
5765.png,14
5765.png,35
5766.png,23
5766.png,0
5766.png,10
5766.png,0
5766.png,2
5766.png,95
5766.png,24
5766.png,0
5766.png,0
5766.png,0
5767.png,100
5767.png,0
5767.png,84
5767.png,71
5767.png,100
5767.png,100
5767.png,81
5767.png,76
5767.png,100
5767.png,60
5768.png,100
5768.png,44
5768.png,95
5768.png,87
5768.png,93
5768.png,0
5768.png,6
5768.png,100
5768.png,40
5768.png,70
5769.png,27
5769.png,86
5769.png,26
5769.png,17
5769.png,4
5769.png,0
5769.png,23
5769.png,0
5769.png,0
5769.png,43
5770.png,9
5770.png,0
5770.png,5
5770.png,0
5770.png,0
5770.png,2
5770.png,36
5770.png,6
5770.png,6
5770.png,20
5771.png,20
5771.png,46
5771.png,3
5771.png,24
5771.png,0
5771.png,14
5771.png,25
5771.png,26
5771.png,3
5771.png,20
5772.png,24
5772.png,91
5772.png,52
5772.png,17
5772.png,43
5772.png,75
5772.png,62
5772.png,83
5772.png,5
5772.png,25
5773.png,41
5773.png,55
5773.png,86
5773.png,91
5773.png,60
5773.png,87
5773.png,37
5773.png,82
5773.png,39
5773.png,96
5774.png,87
5774.png,100
5774.png,94
5774.png,63
5774.png,83
5774.png,86
5774.png,97
5774.png,42
5774.png,100
5774.png,45
5775.png,56
5775.png,100
5775.png,100
5775.png,95
5775.png,0
5775.png,81
5775.png,100
5775.png,96
5775.png,62
5775.png,100
5776.png,100
5776.png,76
5776.png,100
5776.png,86
5776.png,58
5776.png,98
5776.png,46
5776.png,63
5776.png,92
5776.png,83
5777.png,97
5777.png,75
5777.png,75
5777.png,100
5777.png,100
5777.png,96
5777.png,50
5777.png,9
5777.png,61
5777.png,32
5778.png,23
5778.png,37
5778.png,12
5778.png,9
5778.png,36
5778.png,20
5778.png,0
5778.png,36
5778.png,28
5778.png,0
5779.png,17
5779.png,17
5779.png,41
5779.png,59
5779.png,63
5779.png,16
5779.png,43
5779.png,98
5779.png,62
5779.png,1
5780.png,61
5780.png,75
5780.png,67
5780.png,0
5780.png,34
5780.png,73
5780.png,61
5780.png,25
5780.png,17
5780.png,79
5781.png,100
5781.png,82
5781.png,59
5781.png,99
5781.png,52
5781.png,46
5781.png,100
5781.png,74
5781.png,100
5781.png,63
5782.png,73
5782.png,38
5782.png,0
5782.png,54
5782.png,100
5782.png,58
5782.png,56
5782.png,30
5782.png,100
5782.png,41
5783.png,54
5783.png,63
5783.png,35
5783.png,24
5783.png,44
5783.png,1
5783.png,100
5783.png,85
5783.png,74
5783.png,100
5784.png,13
5784.png,96
5784.png,42
5784.png,59
5784.png,25
5784.png,56
5784.png,27
5784.png,51
5784.png,56
5784.png,56
5785.png,0
5785.png,35
5785.png,13
5785.png,22
5785.png,15
5785.png,5
5785.png,0
5785.png,42
5785.png,0
5785.png,65
5786.png,70
5786.png,100
5786.png,56
5786.png,40
5786.png,100
5786.png,57
5786.png,64
5786.png,47
5786.png,61
5786.png,100
5787.png,0
5787.png,60
5787.png,82
5787.png,68
5787.png,27
5787.png,100
5787.png,49
5787.png,60
5787.png,95
5787.png,56
5788.png,78
5788.png,64
5788.png,24
5788.png,1
5788.png,77
5788.png,61
5788.png,45
5788.png,73
5788.png,95
5788.png,18
5789.png,42
5789.png,99
5789.png,41
5789.png,69
5789.png,44
5789.png,50
5789.png,54
5789.png,43
5789.png,59
5789.png,75
5790.png,5
5790.png,0
5790.png,1
5790.png,0
5790.png,6
5790.png,32
5790.png,21
5790.png,0
5790.png,10
5790.png,65
5791.png,94
5791.png,100
5791.png,75
5791.png,100
5791.png,84
5791.png,100
5791.png,56
5791.png,68
5791.png,100
5791.png,61
5792.png,4
5792.png,67
5792.png,27
5792.png,0
5792.png,35
5792.png,24
5792.png,24
5792.png,44
5792.png,0
5792.png,32
5793.png,42
5793.png,100
5793.png,99
5793.png,68
5793.png,0
5793.png,63
5793.png,35
5793.png,55
5793.png,9
5793.png,65
5794.png,86
5794.png,0
5794.png,82
5794.png,73
5794.png,43
5794.png,63
5794.png,75
5794.png,55
5794.png,57
5794.png,81
5795.png,6
5795.png,11
5795.png,100
5795.png,18
5795.png,62
5795.png,0
5795.png,57
5795.png,4
5795.png,35
5795.png,0
5796.png,51
5796.png,32
5796.png,69
5796.png,17
5796.png,8
5796.png,33
5796.png,36
5796.png,0
5796.png,9
5796.png,41
5797.png,98
5797.png,100
5797.png,100
5797.png,100
5797.png,93
5797.png,0
5797.png,58
5797.png,84
5797.png,40
5797.png,45
5798.png,58
5798.png,39
5798.png,100
5798.png,15
5798.png,17
5798.png,70
5798.png,100
5798.png,84
5798.png,48
5798.png,58
5799.png,87
5799.png,68
5799.png,86
5799.png,86
5799.png,50
5799.png,75
5799.png,39
5799.png,84
5799.png,100
5799.png,63
